bez;ujahr;umonat;ustunde;uwochentag;ukategorie;uart;utyp1;ulichtverh;istrad;istpkw;istfuss;istkrad;istgkfz;istsonstige;ustrzustand;geometry
10;2018;5;13;6;2;5;3;0;1;1;0;0;0;0;0;POINT (13.61782019 52.5046521)
11;2018;10;12;5;3;2;6;0;0;1;0;0;0;0;0;POINT (13.47580872 52.51366573)
3;2018;2;22;1;3;0;7;2;1;0;0;0;0;0;0;POINT (13.4314043 52.53660564)
7;2018;11;9;6;3;5;2;0;0;1;0;0;0;0;0;POINT (13.38574108 52.4694917)
2;2018;9;15;2;3;3;6;0;1;1;0;0;0;0;0;POINT (13.44188733 52.5169553)
4;2018;8;10;7;3;2;6;0;0;1;0;0;0;0;0;POINT (13.28616786 52.49455505)
2;2018;3;10;5;3;3;6;0;0;1;0;0;0;0;0;POINT (13.42818093 52.51893504)
3;2018;6;12;3;3;0;7;0;1;0;0;0;0;0;0;POINT (13.41393337 52.5497652)
2;2018;10;11;3;3;2;2;0;0;1;0;1;0;0;0;POINT (13.46746609 52.51436513)
3;2018;6;19;4;3;0;1;0;1;0;0;0;0;0;0;POINT (13.39912622 52.57336752)
2;2018;8;14;5;3;6;4;0;0;1;1;0;0;0;0;POINT (13.47019148 52.51409592)
12;2018;4;11;1;3;5;3;0;1;1;0;0;0;0;0;POINT (13.31210183 52.62502577)
1;2018;4;15;7;3;5;2;0;1;1;0;0;0;0;0;POINT (13.41982397 52.5253891)
10;2018;12;18;7;3;2;6;2;0;1;0;0;0;0;1;POINT (13.55772659 52.50874673)
12;2018;9;14;1;2;0;6;0;0;1;0;1;0;0;1;POINT (13.30324767 52.55110984)
1;2018;9;14;2;3;6;4;0;0;0;1;0;0;1;0;POINT (13.41093668 52.52311105)
9;2018;6;18;3;2;4;6;0;1;0;0;0;0;0;0;POINT (13.49379851 52.46756683)
9;2018;7;13;1;3;2;6;0;0;1;0;0;1;0;0;POINT (13.46322273 52.49168049)
2;2018;5;8;1;3;2;6;0;0;1;0;1;0;0;0;POINT (13.42752899 52.51867776)
7;2018;2;7;1;2;3;6;0;0;1;0;0;0;1;1;POINT (13.35034224 52.47477719)
12;2018;11;11;7;3;5;3;0;0;1;0;0;0;0;1;POINT (13.34765051 52.57442717)
3;2018;10;17;4;3;2;6;0;0;1;0;0;0;0;0;POINT (13.43048191 52.62270491)
3;2018;10;13;6;3;2;6;0;0;1;0;0;0;0;0;POINT (13.42487186 52.53911703)
7;2018;2;20;1;3;1;5;2;0;1;0;0;0;1;1;POINT (13.36228717 52.49841676)
1;2018;11;12;7;3;2;6;0;0;1;0;0;0;0;0;POINT (13.36857898 52.50669833)
7;2018;9;15;3;3;5;2;0;0;1;0;0;0;0;0;POINT (13.38457384 52.45269889)
7;2018;8;18;1;3;3;6;0;1;0;0;0;0;0;0;POINT (13.37768456 52.43354877)
1;2018;3;10;5;3;0;1;0;0;0;0;0;0;1;1;POINT (13.37663104 52.51626149)
2;2018;6;17;4;2;0;4;0;0;0;1;1;0;0;0;POINT (13.47483884 52.51361635)
4;2018;6;15;5;3;2;6;0;0;1;0;0;0;0;0;POINT (13.29316818 52.49261103)
4;2018;8;14;6;3;0;1;0;0;0;0;1;0;0;0;POINT (13.33435609 52.51334643)
4;2018;5;15;3;2;0;1;0;0;0;0;1;0;0;0;POINT (13.31801841 52.47825387)
4;2018;4;13;1;3;3;6;0;0;1;0;0;0;0;0;POINT (13.28121851 52.49879573)
4;2018;12;17;2;3;2;6;2;0;1;0;0;0;1;1;POINT (13.29366958 52.51066061)
1;2018;9;9;2;3;5;2;0;1;1;0;0;0;0;0;POINT (13.37023606 52.53992904)
10;2018;9;17;3;2;2;6;0;0;1;0;1;1;0;0;POINT (13.5914792 52.50508279)
7;2018;6;16;3;3;5;2;0;0;1;0;0;0;0;0;POINT (13.39603827 52.42329549)
3;2018;7;16;1;3;3;6;0;1;1;0;0;0;0;0;POINT (13.39841432 52.57775913)
1;2018;7;16;2;3;3;6;0;1;1;0;0;0;0;0;POINT (13.39377253 52.51725649)
7;2018;5;15;2;3;3;6;0;1;1;0;0;0;0;0;POINT (13.38467947 52.46054448)
12;2018;2;19;7;2;1;5;2;0;1;0;0;0;0;1;POINT (13.31646695 52.61407475)
12;2018;11;12;1;3;2;2;0;0;1;0;0;1;0;1;POINT (13.34371847 52.58312518)
12;2018;8;16;4;3;2;6;0;0;1;0;0;0;0;0;POINT (13.36495947 52.5608198)
12;2018;10;16;5;3;2;6;0;0;1;0;0;0;0;0;POINT (13.32243687 52.60867317)
7;2018;8;14;2;3;0;2;0;0;1;0;0;0;1;0;POINT (13.35708848 52.48678912)
2;2018;4;14;1;3;0;2;0;1;1;0;0;0;0;0;POINT (13.38925968 52.49750714)
2;2018;4;15;3;3;5;3;0;0;1;0;1;0;0;0;POINT (13.46750369 52.5145142)
7;2018;5;18;2;3;5;5;0;1;1;0;0;0;0;0;POINT (13.35716811 52.48714405)
4;2018;11;13;5;3;4;6;0;1;0;0;0;0;0;0;POINT (13.2955867 52.5107713)
7;2018;12;19;1;2;0;7;2;1;1;0;0;0;0;0;POINT (13.35463265 52.48541985)
3;2018;9;13;4;2;2;7;0;0;1;0;1;0;0;0;POINT (13.44083041 52.59178373)
1;2018;8;8;5;3;8;1;0;1;0;0;0;0;0;0;POINT (13.3718612 52.51583864)
3;2018;6;10;5;3;5;3;0;1;1;0;0;0;0;0;POINT (13.40294449 52.56931643)
10;2018;7;18;3;3;2;6;0;0;1;0;0;0;1;0;POINT (13.61611372 52.50477398)
2;2018;5;7;3;2;6;4;0;0;1;1;0;0;0;0;POINT (13.38800169 52.49359535)
9;2018;2;13;7;2;8;1;0;0;1;0;0;0;0;1;POINT (13.4762891 52.48773948)
8;2018;11;13;2;3;3;6;0;0;1;0;0;0;0;0;POINT (13.45603904 52.46461239)
10;2018;6;14;7;2;1;7;0;0;0;0;0;1;1;0;POINT (13.53696937 52.52960122)
5;2018;12;15;4;3;2;2;2;0;1;0;0;0;0;0;POINT (13.17893024 52.51654416)
7;2018;10;13;6;3;5;3;0;1;1;0;0;0;0;0;POINT (13.35695946 52.48691088)
3;2018;8;17;4;3;0;1;0;0;1;0;1;0;0;0;POINT (13.41369303 52.54087572)
3;2018;4;7;3;3;2;6;0;0;0;0;1;0;1;0;POINT (13.42465281 52.53919113)
2;2018;3;12;6;3;2;6;0;0;1;0;0;0;0;0;POINT (13.46407292 52.51471337)
1;2018;5;17;4;3;3;6;0;1;1;0;0;1;0;0;POINT (13.36702095 52.50446752)
3;2018;10;6;4;3;5;3;2;1;0;0;1;0;0;1;POINT (13.43707408 52.5398397)
4;2018;2;5;7;3;9;1;0;0;1;0;0;0;0;0;POINT (13.28997776 52.49395607)
11;2018;11;10;2;3;5;2;0;1;0;0;0;0;1;0;POINT (13.47667409 52.51344195)
7;2018;9;11;6;3;2;6;0;0;1;0;0;0;1;0;POINT (13.37817273 52.43457017)
2;2018;8;14;5;2;6;4;0;0;1;1;0;0;0;0;POINT (13.4751894 52.51371951)
12;2018;6;7;1;3;3;6;0;0;1;0;0;1;0;0;POINT (13.28646571 52.59334835)
11;2018;3;10;5;3;2;2;0;0;1;0;0;0;0;0;POINT (13.47645565 52.51346248)
4;2018;7;7;1;3;6;4;0;0;1;1;0;0;0;0;POINT (13.25835423 52.50852583)
9;2018;6;9;2;3;2;6;0;0;1;0;0;0;0;0;POINT (13.46439515 52.45046786)
4;2018;8;10;3;3;6;4;0;1;0;1;0;0;0;0;POINT (13.31408954 52.51198105)
7;2018;5;17;4;3;2;6;0;0;1;0;0;0;1;0;POINT (13.38733956 52.43895218)
7;2018;4;6;4;3;5;2;0;1;0;0;0;0;1;0;POINT (13.39627217 52.42349374)
3;2018;12;5;2;3;8;1;2;0;1;0;0;0;0;1;POINT (13.3991192 52.58015562)
4;2018;9;12;6;3;2;6;0;0;1;0;0;0;0;0;POINT (13.28341327 52.51824162)
6;2018;9;15;7;3;2;1;0;0;1;0;0;0;0;0;POINT (13.31021387 52.45167645)
4;2018;7;20;5;3;3;6;0;0;1;0;0;0;0;0;POINT (13.25807698 52.50850658)
12;2018;7;13;5;3;2;6;0;0;1;0;0;1;0;0;POINT (13.36541839 52.55843462)
3;2018;3;17;3;3;2;6;2;1;1;0;0;0;0;0;POINT (13.45135107 52.54848092)
10;2018;5;15;5;3;2;2;0;0;1;0;0;0;0;0;POINT (13.58128683 52.50508525)
7;2018;10;12;4;3;3;6;0;0;1;0;0;1;0;0;POINT (13.37666564 52.43137905)
2;2018;2;10;6;3;6;7;0;0;1;1;0;0;0;0;POINT (13.45021279 52.51611453)
7;2018;11;11;5;3;2;6;0;0;1;0;0;0;0;0;POINT (13.38573726 52.46932024)
1;2018;9;12;1;3;5;3;0;0;1;0;0;1;0;0;POINT (13.37741124 52.50956337)
1;2018;8;14;6;3;2;1;0;0;1;0;0;0;0;0;POINT (13.36375056 52.53610433)
9;2018;3;17;5;2;9;7;0;0;1;0;0;0;1;0;POINT (13.4702178 52.48321256)
4;2018;10;6;2;3;2;6;1;0;1;0;0;0;1;0;POINT (13.28069417 52.49977194)
12;2018;6;12;4;3;5;2;0;0;1;0;0;1;0;0;POINT (13.34774154 52.57441318)
2;2018;8;15;5;3;5;2;0;1;1;0;0;0;0;0;POINT (13.45248341 52.51842504)
3;2018;3;20;1;3;5;2;2;1;1;0;0;0;0;1;POINT (13.39055181 52.61860197)
4;2018;4;19;6;3;2;6;0;0;1;0;1;0;0;0;POINT (13.29731517 52.54341089)
7;2018;4;12;6;3;2;6;0;0;1;0;0;0;0;0;POINT (13.38582687 52.4835464)
3;2018;6;12;5;3;0;1;0;0;0;0;1;0;0;1;POINT (13.4628871 52.55088165)
3;2018;12;17;5;3;6;2;2;0;1;1;0;0;0;1;POINT (13.41618894 52.54053884)
7;2018;9;12;1;2;5;3;0;1;0;0;0;1;0;0;POINT (13.37568487 52.42929731)
3;2018;9;18;2;3;3;6;0;0;0;0;1;0;0;0;POINT (13.43331883 52.53622067)
2;2018;6;16;2;3;0;4;0;1;0;1;0;0;0;0;POINT (13.44860083 52.50503086)
2;2018;7;17;6;3;3;6;0;0;1;0;0;0;0;0;POINT (13.45344051 52.5149117)
7;2018;5;13;7;3;2;6;0;0;1;0;0;0;0;0;POINT (13.36083545 52.49178351)
4;2018;2;18;5;2;6;4;2;1;0;1;0;0;0;0;POINT (13.29794872 52.51092621)
11;2018;11;6;6;1;6;4;2;0;1;1;0;0;0;0;POINT (13.52402307 52.50971524)
6;2018;10;11;3;3;5;7;0;1;1;0;0;0;0;0;POINT (13.09943991 52.41380524)
7;2018;8;15;1;3;5;2;0;1;1;0;0;0;0;0;POINT (13.37458501 52.42716492)
6;2018;4;12;7;3;2;2;0;0;1;0;0;0;0;0;POINT (13.19653525 52.41997219)
5;2018;4;11;1;3;0;7;0;1;0;0;0;0;0;0;POINT (13.20609457 52.51119531)
9;2018;5;16;1;3;2;6;0;0;1;0;0;0;0;0;POINT (13.45785549 52.49196082)
4;2018;10;18;2;3;6;4;1;0;1;1;0;0;0;1;POINT (13.25833967 52.50852483)
7;2018;2;11;5;3;3;6;0;0;1;0;0;0;1;0;POINT (13.37743615 52.47011861)
4;2018;12;17;7;3;2;6;2;0;1;0;0;0;0;1;POINT (13.28391539 52.4963352)
10;2018;9;9;3;3;2;6;0;0;1;0;0;0;0;0;POINT (13.5484555 52.55110538)
3;2018;8;16;4;3;5;2;0;1;1;0;0;0;0;1;POINT (13.39898412 52.57341787)
2;2018;6;19;4;3;0;7;0;1;0;0;0;0;0;0;POINT (13.44817901 52.52531706)
1;2018;7;14;2;3;3;6;0;0;0;0;1;1;0;0;POINT (13.36732994 52.53147758)
7;2018;2;9;4;3;5;3;0;1;1;0;0;0;0;0;POINT (13.3854967 52.46937288)
7;2018;11;11;6;3;0;6;0;0;1;0;0;0;1;0;POINT (13.38550284 52.46650724)
2;2018;6;16;4;3;1;7;0;0;1;0;0;0;0;0;POINT (13.44869605 52.52455526)
5;2018;5;14;2;3;3;6;0;0;1;0;1;0;0;0;POINT (13.19078214 52.51428961)
4;2018;12;17;7;3;8;1;2;0;1;0;0;0;0;1;POINT (13.28908879 52.49417644)
7;2018;10;9;4;3;2;6;0;0;1;0;0;0;0;0;POINT (13.427156 52.46158978)
4;2018;2;15;4;3;5;2;0;1;1;0;0;0;0;0;POINT (13.30778402 52.51175975)
6;2018;7;14;1;2;5;2;0;1;1;0;0;0;0;0;POINT (13.30362948 52.44922338)
9;2018;4;10;2;3;5;2;0;0;1;0;0;0;0;0;POINT (13.45919873 52.49287349)
10;2018;7;10;6;2;5;3;0;1;1;0;0;0;0;0;POINT (13.57433961 52.50519724)
4;2018;3;19;3;3;5;3;2;1;1;0;0;0;0;0;POINT (13.27776324 52.50983095)
6;2018;5;16;2;3;0;6;0;0;1;0;0;0;1;0;POINT (13.19160238 52.42637167)
1;2018;10;15;1;3;3;6;0;0;1;0;1;0;0;1;POINT (13.40788914 52.51567381)
4;2018;2;13;3;3;6;4;0;0;1;1;0;0;0;0;POINT (13.28176859 52.51008993)
7;2018;11;10;6;3;5;2;0;0;1;0;0;0;1;0;POINT (13.38574086 52.46946416)
1;2018;9;16;5;3;5;7;0;1;1;0;0;0;0;0;POINT (13.40172536 52.51133829)
4;2018;8;12;3;2;2;6;0;0;1;0;0;0;0;0;POINT (13.26244956 52.50876012)
4;2018;3;7;5;3;3;6;0;0;1;0;0;1;0;1;POINT (13.28301568 52.52905362)
6;2018;8;22;1;2;5;3;2;0;1;0;0;0;0;0;POINT (13.27143284 52.43825647)
2;2018;4;11;1;3;0;7;0;1;0;0;0;0;0;0;POINT (13.45119342 52.50891077)
6;2018;4;15;2;2;5;2;0;0;1;0;1;0;0;0;POINT (13.27137411 52.43842716)
4;2018;5;7;2;3;5;3;0;1;0;0;0;0;0;0;POINT (13.33215173 52.51319348)
4;2018;10;14;3;3;2;6;0;0;1;0;1;0;0;0;POINT (13.2937259 52.53723591)
1;2018;2;21;3;2;5;7;2;0;0;0;1;0;1;0;POINT (13.37906991 52.50967487)
11;2018;12;18;1;3;2;6;2;0;1;0;0;0;1;0;POINT (13.53143107 52.51026344)
1;2018;9;18;3;3;5;2;0;1;1;0;0;0;0;0;POINT (13.41623389 52.52206804)
10;2018;8;13;4;3;5;7;0;0;1;0;1;0;0;1;POINT (13.53764263 52.53661428)
2;2018;6;19;4;2;5;7;0;0;1;0;1;0;0;0;POINT (13.38586423 52.4869791)
2;2018;7;7;3;3;3;6;0;1;0;0;0;0;0;0;POINT (13.427812 52.51891181)
1;2018;2;18;3;2;5;3;2;0;1;0;1;0;0;0;POINT (13.36887843 52.50731791)
7;2018;11;2;1;3;2;1;2;0;1;0;0;0;1;0;POINT (13.40703225 52.46180001)
4;2018;6;18;5;3;2;6;0;0;1;0;0;0;1;0;POINT (13.24996546 52.50800717)
2;2018;5;20;2;2;5;2;0;0;1;0;1;0;0;0;POINT (13.46749897 52.51451467)
4;2018;12;15;4;3;2;6;0;0;1;0;0;0;0;1;POINT (13.27989674 52.50037996)
11;2018;10;16;4;3;5;3;0;1;0;0;0;0;0;0;POINT (13.4827291 52.51283967)
12;2018;2;17;3;3;3;6;2;0;1;0;0;1;0;0;POINT (13.31015002 52.56416026)
8;2018;7;12;2;3;2;6;0;0;1;0;0;0;0;0;POINT (13.44747166 52.4633196)
4;2018;4;14;3;2;2;6;0;0;1;0;0;0;1;0;POINT (13.28329112 52.49708839)
1;2018;7;17;1;2;5;2;0;0;1;0;0;1;0;0;POINT (13.41972575 52.52529668)
12;2018;3;14;4;3;2;6;0;0;1;0;0;0;0;1;POINT (13.32497243 52.60661161)
2;2018;5;15;3;3;3;6;0;1;1;0;0;0;0;0;POINT (13.45113287 52.50975254)
1;2018;10;7;2;3;2;6;0;0;1;0;1;0;0;1;POINT (13.36843418 52.50645515)
9;2018;2;1;3;2;3;6;2;0;1;0;0;0;0;0;POINT (13.4931627 52.4362931)
4;2018;11;16;1;3;2;6;1;0;1;0;0;0;0;0;POINT (13.28118585 52.49883796)
12;2018;9;12;5;3;5;2;0;0;1;0;0;0;0;0;POINT (13.36440229 52.5638015)
6;2018;8;18;4;2;2;6;0;0;1;0;1;0;0;0;POINT (13.32057223 52.45485248)
3;2018;6;10;6;3;5;2;0;1;1;0;0;0;0;0;POINT (13.39879199 52.57236616)
4;2018;3;14;5;3;2;6;0;0;1;0;0;0;1;0;POINT (13.32703464 52.47781703)
7;2018;6;18;6;2;1;5;0;0;0;0;0;1;1;0;POINT (13.35071766 52.48315545)
1;2018;6;16;1;3;3;6;0;0;1;0;0;0;0;0;POINT (13.41106415 52.51867176)
7;2018;8;15;3;3;2;6;0;0;1;0;0;0;0;0;POINT (13.38065059 52.4381193)
4;2018;5;9;4;3;2;6;0;0;1;0;0;0;0;0;POINT (13.31123822 52.48108158)
10;2018;4;5;3;3;2;6;1;0;1;0;0;0;0;0;POINT (13.55387619 52.50932562)
1;2018;12;21;5;3;6;4;2;1;0;1;0;0;0;0;POINT (13.42067757 52.52087057)
2;2018;9;8;5;3;3;6;0;0;1;0;0;0;0;0;POINT (13.42806266 52.51893147)
7;2018;9;20;5;3;5;3;2;0;1;0;0;0;0;0;POINT (13.36387476 52.4141522)
3;2018;7;18;4;3;0;2;0;0;1;0;0;0;1;0;POINT (13.43717474 52.53407654)
3;2018;7;8;5;2;5;2;0;1;1;0;0;0;0;0;POINT (13.44498472 52.54552449)
6;2018;3;6;2;2;6;4;0;1;0;1;0;0;0;0;POINT (13.21566853 52.42754936)
9;2018;5;14;4;3;2;6;0;0;1;0;1;0;0;0;POINT (13.45828496 52.49228952)
7;2018;2;7;3;3;2;2;0;0;1;0;0;0;1;0;POINT (13.38168206 52.47006132)
1;2018;11;19;4;3;2;6;2;0;1;0;0;0;0;0;POINT (13.40380932 52.51258561)
4;2018;9;11;7;2;5;2;0;0;1;0;0;0;0;0;POINT (13.28192443 52.50993469)
12;2018;8;8;6;3;5;2;0;0;1;0;0;0;1;0;POINT (13.35905323 52.57338485)
3;2018;3;17;4;3;0;6;0;0;0;0;0;0;1;0;POINT (13.39838197 52.57917007)
4;2018;10;11;2;3;2;6;0;0;1;0;0;0;1;0;POINT (13.31440298 52.51200163)
1;2018;8;13;4;3;5;3;0;0;1;0;1;0;0;0;POINT (13.36550127 52.55797233)
9;2018;4;11;5;3;0;7;0;1;1;0;0;0;0;0;POINT (13.46855214 52.48433685)
6;2018;4;16;5;2;2;2;0;1;1;0;0;0;0;0;POINT (13.28289492 52.44182185)
4;2018;5;19;4;3;2;6;0;0;1;0;0;0;0;0;POINT (13.29517614 52.53952072)
8;2018;12;8;5;3;2;1;0;0;1;0;0;0;0;1;POINT (13.43852626 52.46271358)
6;2018;9;15;7;3;5;2;0;0;1;0;0;0;0;1;POINT (13.28263625 52.44174293)
3;2018;9;7;2;3;5;2;0;1;1;0;0;0;0;0;POINT (13.41375777 52.55076091)
7;2018;6;0;1;3;1;1;2;0;1;0;0;0;0;0;POINT (13.39189908 52.43120905)
7;2018;7;5;5;2;5;2;0;0;1;0;1;0;0;0;POINT (13.40690173 52.39265849)
1;2018;5;17;6;3;5;3;0;0;1;0;0;0;0;0;POINT (13.36549788 52.55798897)
7;2018;2;14;3;3;1;5;0;1;1;0;0;0;0;0;POINT (13.35805123 52.488142)
7;2018;11;9;5;3;6;4;0;0;1;1;0;0;0;0;POINT (13.36692664 52.41794517)
4;2018;10;16;2;3;2;6;0;0;1;0;0;0;0;0;POINT (13.34653056 52.4770402)
7;2018;3;14;1;3;6;4;0;1;0;1;0;0;0;1;POINT (13.35227201 52.48004062)
10;2018;8;19;7;2;0;1;0;1;0;0;0;0;0;0;POINT (13.53765147 52.52686869)
4;2018;4;10;6;2;3;6;0;1;0;0;0;0;0;0;POINT (13.23922414 52.50734184)
3;2018;4;9;7;3;5;3;0;0;1;0;0;0;0;1;POINT (13.42416824 52.53930118)
1;2018;5;8;7;2;5;2;0;0;1;0;0;0;1;0;POINT (13.41633651 52.52202407)
7;2018;10;13;2;3;5;3;0;0;1;0;1;0;0;0;POINT (13.40188288 52.46500384)
7;2018;2;13;3;3;2;6;0;0;1;0;0;1;0;0;POINT (13.38553605 52.47106224)
10;2018;11;21;5;3;2;6;2;0;1;0;0;0;0;1;POINT (13.61300926 52.50476805)
3;2018;9;17;2;3;5;2;0;1;1;0;0;0;0;0;POINT (13.41463711 52.55607464)
3;2018;8;10;3;3;1;5;0;1;1;0;0;0;1;0;POINT (13.41246775 52.54287393)
12;2018;6;15;3;2;5;3;0;1;1;0;0;0;0;0;POINT (13.32430861 52.60742051)
7;2018;7;17;2;2;3;6;0;0;1;0;1;0;0;0;POINT (13.35401485 52.47704041)
11;2018;6;7;4;3;2;6;0;0;1;0;0;0;0;0;POINT (13.48159177 52.51295333)
9;2018;5;21;1;2;6;4;2;0;0;1;1;0;0;0;POINT (13.4671477 52.48528433)
7;2018;4;1;7;3;1;6;2;0;1;0;0;0;0;0;POINT (13.36093379 52.49286504)
7;2018;12;18;6;2;5;7;2;0;1;0;0;0;1;1;POINT (13.34830826 52.48176424)
7;2018;10;20;2;3;2;6;2;0;1;0;0;0;1;1;POINT (13.38391412 52.45733612)
2;2018;2;12;3;3;5;2;0;0;1;0;0;0;0;0;POINT (13.45377833 52.51578712)
7;2018;7;10;1;3;5;2;0;1;0;0;0;0;1;0;POINT (13.34855935 52.48185951)
4;2018;4;14;2;3;2;6;0;0;1;0;0;0;0;0;POINT (13.30530028 52.51159866)
12;2018;7;6;4;3;5;2;0;1;1;0;0;0;0;0;POINT (13.34655482 52.57944848)
7;2018;3;8;2;3;5;2;0;0;1;0;0;0;1;1;POINT (13.38761144 52.43899811)
7;2018;5;5;2;3;5;2;0;0;1;0;0;0;0;0;POINT (13.38437562 52.4526529)
7;2018;10;14;1;3;2;6;0;0;1;0;0;0;1;0;POINT (13.41779145 52.46081062)
4;2018;2;11;3;3;2;6;0;0;0;0;0;1;0;0;POINT (13.28392307 52.49632504)
7;2018;11;11;4;3;1;5;0;1;0;0;0;0;1;0;POINT (13.38401832 52.45670867)
7;2018;9;19;4;3;0;1;2;0;0;0;1;0;0;1;POINT (13.35351463 52.4792748)
4;2018;8;17;2;3;2;6;0;0;1;0;0;0;0;0;POINT (13.29302893 52.53555379)
1;2018;3;9;4;3;6;2;0;0;1;1;0;0;0;0;POINT (13.3683715 52.50583784)
4;2018;6;16;5;3;2;6;0;0;1;0;0;0;0;0;POINT (13.28179436 52.50583289)
2;2018;6;2;6;2;2;6;2;0;1;0;0;0;0;0;POINT (13.45995827 52.51527311)
3;2018;8;15;1;3;1;6;0;0;1;0;0;0;1;0;POINT (13.41275718 52.54461364)
12;2018;5;12;3;3;5;3;0;1;1;0;0;0;0;0;POINT (13.33206386 52.59974058)
3;2018;4;16;2;3;0;4;0;0;0;1;0;0;1;0;POINT (13.45703899 52.54970476)
6;2018;12;20;2;3;0;1;2;1;0;0;0;0;0;1;POINT (13.16657505 52.42036089)
12;2018;9;15;3;2;0;1;0;0;0;0;1;0;0;0;POINT (13.30232971 52.55005181)
10;2018;9;15;4;3;3;6;0;0;1;0;0;1;0;0;POINT (13.5625496 52.50827454)
12;2018;7;17;2;3;5;2;0;1;1;0;0;0;0;0;POINT (13.31876359 52.61088884)
2;2018;7;23;3;3;6;7;2;1;0;1;0;0;0;1;POINT (13.438776 52.51726522)
1;2018;5;13;3;3;2;6;0;0;1;0;0;0;0;0;POINT (13.37010734 52.53974491)
12;2018;2;18;2;3;2;6;2;0;1;0;0;0;0;0;POINT (13.32381694 52.60785512)
2;2018;11;7;2;3;2;6;0;0;1;0;0;0;0;1;POINT (13.44806321 52.52614928)
10;2018;8;18;4;3;5;2;0;1;1;0;0;0;0;0;POINT (13.5530033 52.50905961)
3;2018;3;12;4;2;6;4;0;0;1;1;0;0;0;1;POINT (13.43888463 52.54099459)
2;2018;10;15;6;3;3;6;0;1;1;0;0;0;0;0;POINT (13.46003007 52.51512094)
8;2018;8;15;3;3;2;6;0;0;1;0;0;0;0;0;POINT (13.45695237 52.45997531)
12;2018;4;10;4;3;2;6;0;0;1;0;1;0;0;0;POINT (13.31138368 52.62741457)
12;2018;4;15;4;3;3;6;0;0;1;0;0;1;0;0;POINT (13.30529386 52.57262022)
7;2018;5;7;3;3;3;6;0;0;1;0;0;1;0;0;POINT (13.40348816 52.46363996)
7;2018;6;11;6;3;6;7;0;0;0;1;0;0;1;0;POINT (13.38619955 52.44311107)
3;2018;6;11;1;3;2;6;0;0;1;0;0;0;1;0;POINT (13.43348085 52.58507241)
4;2018;8;7;2;3;6;4;0;0;1;1;0;0;0;0;POINT (13.29842269 52.51095702)
1;2018;5;14;4;3;6;4;0;0;0;1;0;0;1;0;POINT (13.38840033 52.51712024)
7;2018;4;17;2;3;2;6;0;0;1;0;0;0;0;0;POINT (13.3853073 52.46323314)
11;2018;12;6;5;3;1;5;2;0;1;0;0;1;0;0;POINT (13.51696838 52.5099627)
2;2018;9;10;4;3;0;6;0;1;0;1;0;0;0;0;POINT (13.46281435 52.51484371)
11;2018;9;11;5;3;2;2;0;0;1;0;0;0;1;1;POINT (13.49322891 52.51173357)
1;2018;7;8;3;3;0;7;0;1;1;0;0;0;0;0;POINT (13.41257677 52.51952757)
3;2018;7;15;3;2;5;2;0;0;1;0;1;0;0;0;POINT (13.4296575 52.55423011)
11;2018;5;9;4;3;2;2;0;0;1;0;0;0;0;0;POINT (13.47696988 52.51341333)
4;2018;2;16;2;3;2;6;2;0;1;0;0;0;0;0;POINT (13.29864837 52.48890524)
2;2018;11;11;3;2;8;1;0;0;1;0;0;0;0;0;POINT (13.42131201 52.52656412)
1;2018;8;8;5;3;5;2;0;1;1;0;0;0;0;0;POINT (13.40458632 52.52001997)
10;2018;3;9;4;2;5;3;0;0;1;0;0;0;0;1;POINT (13.59092035 52.50508922)
3;2018;10;0;1;2;0;1;2;1;0;0;0;0;0;1;POINT (13.41238147 52.54182484)
2;2018;8;9;4;3;2;6;0;0;1;0;0;0;1;0;POINT (13.38584299 52.48565695)
1;2018;4;19;4;3;1;5;1;1;0;0;0;0;1;1;POINT (13.34605763 52.51430398)
4;2018;4;1;5;3;2;6;2;0;1;0;0;0;0;0;POINT (13.30905771 52.51165161)
1;2018;5;11;4;3;5;3;0;0;1;0;0;0;1;0;POINT (13.36861126 52.50623515)
7;2018;12;16;4;3;6;2;1;0;1;1;0;0;0;1;POINT (13.3960512 52.42327263)
2;2018;9;20;5;3;0;6;2;0;1;0;0;0;0;1;POINT (13.38238895 52.49865161)
6;2018;9;13;1;3;2;6;0;0;1;0;1;0;0;0;POINT (13.19718561 52.41569313)
2;2018;6;16;6;3;6;7;0;1;0;1;0;0;0;0;POINT (13.45376596 52.51567969)
7;2018;7;11;4;3;2;6;0;0;1;0;0;0;0;0;POINT (13.35581269 52.47350539)
1;2018;5;17;4;3;3;6;0;0;1;0;0;0;0;0;POINT (13.41141366 52.51892169)
1;2018;2;18;2;3;2;6;2;0;1;0;0;0;0;0;POINT (13.36536023 52.50270088)
5;2018;11;17;4;3;2;6;2;0;1;0;0;0;0;0;POINT (13.15274926 52.49826312)
3;2018;10;8;2;3;5;2;0;0;1;0;0;0;0;0;POINT (13.42426155 52.53904575)
2;2018;8;8;7;2;2;6;0;0;1;0;0;0;0;0;POINT (13.44745902 52.5163927)