bez;ujahr;umonat;ustunde;uwochentag;ukategorie;uart;utyp1;ulichtverh;istrad;istpkw;istfuss;istkrad;istgkfz;istsonstige;ustrzustand;geometry
4;2018;4;10;6;2;3;6;0;1;0;0;0;0;0;0;POINT (13.23973051 52.50737301)
12;2018;3;18;4;3;1;5;0;1;0;0;0;0;1;0;POINT (13.36234263 52.56741041)
3;2018;5;11;6;2;6;4;0;1;0;1;0;0;0;0;POINT (13.421547 52.53969873)
3;2018;10;18;1;3;5;3;1;1;0;0;0;1;0;1;POINT (13.43234989 52.53539598)
4;2018;2;19;2;3;3;2;2;0;1;0;1;0;0;0;POINT (13.32296801 52.51268192)
6;2018;11;16;5;1;6;4;2;0;1;1;0;0;0;1;POINT (13.15995946 52.41955183)
2;2018;9;12;2;3;0;6;0;1;0;0;0;0;1;0;POINT (13.45380897 52.51470875)
10;2018;8;13;2;3;3;6;0;0;1;0;0;1;0;0;POINT (13.55575013 52.50885826)
8;2018;6;10;3;3;2;6;0;0;1;0;0;0;0;0;POINT (13.42814445 52.46161674)
7;2018;7;16;2;2;8;1;0;0;1;0;1;0;0;0;POINT (13.34704051 52.47242842)
7;2018;6;16;3;3;8;1;0;0;0;0;1;0;0;0;POINT (13.41241024 52.46074522)
1;2018;5;23;7;3;5;3;2;0;1;0;0;0;0;0;POINT (13.36550171 52.55797019)
12;2018;4;14;5;2;2;6;0;0;1;0;1;0;0;0;POINT (13.300019 52.54750952)
7;2018;12;11;5;3;2;6;0;0;1;0;0;0;0;1;POINT (13.39558979 52.42408592)
12;2018;10;15;2;3;2;6;0;0;1;0;1;0;0;1;POINT (13.35992383 52.57206891)
7;2018;2;14;2;3;2;6;0;0;1;0;0;0;0;0;POINT (13.36018658 52.47434115)
4;2018;7;11;7;3;2;6;0;0;1;0;0;0;0;0;POINT (13.28164328 52.52595586)
4;2018;4;17;1;3;3;6;0;0;1;0;0;1;0;1;POINT (13.29504416 52.49151652)
2;2018;7;17;3;3;2;6;0;1;0;0;0;0;0;0;POINT (13.45223752 52.51590997)
1;2018;3;14;1;3;2;6;0;0;1;0;0;0;1;0;POINT (13.40901726 52.51661305)
1;2018;5;12;1;3;5;2;0;0;1;0;0;0;0;0;POINT (13.36833544 52.54111108)
4;2018;10;14;7;3;2;2;0;0;1;0;0;0;0;0;POINT (13.24974464 52.50799356)
3;2018;2;7;2;3;5;2;0;0;1;0;0;0;0;0;POINT (13.42403075 52.53909728)
1;2018;11;17;2;3;1;5;1;1;1;0;0;0;0;0;POINT (13.36699416 52.55197353)
4;2018;9;15;4;3;2;6;0;0;1;0;0;1;0;0;POINT (13.30699008 52.4816204)
2;2018;8;8;2;3;0;6;0;0;1;0;1;0;0;0;POINT (13.45530366 52.51575908)
4;2018;3;16;4;2;0;7;0;0;1;0;0;0;0;0;POINT (13.28516437 52.51113084)
12;2018;6;22;4;3;5;3;2;0;0;0;1;0;1;0;POINT (13.36450918 52.56207113)
7;2018;6;18;5;3;1;5;0;0;1;0;1;0;0;0;POINT (13.35199313 52.48031671)
4;2018;8;16;7;2;3;6;0;1;1;0;0;0;0;0;POINT (13.28249704 52.5099716)
3;2018;5;17;3;3;0;6;0;0;1;0;0;0;1;0;POINT (13.40280015 52.58075806)
7;2018;4;17;1;3;5;3;0;0;1;0;1;0;0;0;POINT (13.37552379 52.42895534)
12;2018;12;12;2;3;6;2;0;0;0;1;0;0;1;1;POINT (13.32390795 52.60777467)
1;2018;9;14;2;3;2;6;0;0;1;0;0;0;0;0;POINT (13.41829671 52.52364141)
10;2018;9;10;4;3;2;6;0;0;1;0;0;0;0;0;POINT (13.54644622 52.50969656)
10;2018;7;8;2;3;2;6;0;0;1;0;1;0;0;0;POINT (13.54608973 52.50975393)
10;2018;7;22;2;3;5;3;2;1;1;0;0;0;0;1;POINT (13.61643278 52.50475294)
4;2018;5;18;2;3;5;2;0;1;1;0;0;0;0;1;POINT (13.29912485 52.51119391)
7;2018;2;6;2;3;5;2;0;0;1;0;0;0;0;1;POINT (13.39603827 52.42329549)
7;2018;11;19;1;3;0;1;2;0;0;0;1;0;0;0;POINT (13.35353243 52.48464493)
6;2018;8;16;4;3;2;2;0;0;1;0;0;0;0;0;POINT (13.30507248 52.44979175)
1;2018;10;8;5;3;6;4;0;1;0;1;0;0;0;0;POINT (13.41057483 52.52312336)
12;2018;8;17;2;3;3;6;0;0;1;0;0;0;0;0;POINT (13.35915075 52.57317986)
3;2018;4;15;2;3;5;2;0;1;1;0;0;0;0;1;POINT (13.41372743 52.55058462)
10;2018;4;9;4;3;1;5;0;0;0;0;1;0;1;0;POINT (13.57067439 52.50583275)
3;2018;5;13;3;3;5;2;0;1;1;0;0;0;0;0;POINT (13.4033971 52.56936496)
7;2018;11;14;5;3;3;6;0;1;0;0;0;0;0;0;POINT (13.37369753 52.42534279)
10;2018;12;17;2;3;2;2;2;1;1;0;0;0;0;0;POINT (13.59074389 52.50496787)
7;2018;9;8;4;3;5;2;0;0;1;0;1;0;0;0;POINT (13.3926686 52.42984786)
1;2018;8;19;5;3;0;7;1;0;1;0;0;0;0;0;POINT (13.37037829 52.53988655)
4;2018;6;14;5;3;2;6;0;0;1;0;0;0;0;0;POINT (13.26147998 52.50869968)
12;2018;7;22;3;3;6;4;2;1;0;1;0;0;0;0;POINT (13.36201039 52.56837718)
2;2018;5;19;3;3;3;6;0;0;1;0;1;0;0;0;POINT (13.46046035 52.5150781)
6;2018;2;1;2;3;3;6;2;0;1;0;0;1;0;0;POINT (13.23248463 52.46581103)
4;2018;11;15;2;3;5;3;0;0;1;0;0;0;0;0;POINT (13.3015857 52.5111664)
9;2018;6;10;1;3;2;6;0;0;1;0;0;0;0;0;POINT (13.46155431 52.45395875)
7;2018;12;10;5;3;5;2;0;0;1;0;0;0;0;1;POINT (13.39046234 52.43372617)
1;2018;10;22;6;3;3;6;2;0;1;0;0;0;0;0;POINT (13.41160427 52.51873376)
10;2018;8;13;5;3;0;6;0;0;1;0;1;0;0;0;POINT (13.60898902 52.50493127)
1;2018;4;17;4;3;2;6;0;0;1;0;0;0;0;0;POINT (13.36953478 52.54168514)
2;2018;3;19;1;3;6;4;2;0;0;1;1;0;0;0;POINT (13.43170102 52.51800402)
4;2018;5;20;4;3;5;2;0;1;1;0;0;0;0;0;POINT (13.29912485 52.51119391)
4;2018;10;15;4;3;2;6;0;0;1;0;0;0;0;1;POINT (13.28149734 52.49879975)
4;2018;2;15;1;3;2;6;0;0;1;0;0;0;0;0;POINT (13.28569156 52.51025798)
7;2018;11;16;3;3;5;3;2;1;1;0;0;0;0;0;POINT (13.40729332 52.39023697)
2;2018;9;14;7;3;6;4;0;0;1;1;0;0;0;0;POINT (13.38586147 52.48673926)
4;2018;8;21;5;3;5;3;2;1;1;0;0;0;0;0;POINT (13.28922176 52.51039075)
3;2018;6;15;1;3;9;1;0;0;0;0;0;0;1;0;POINT (13.47928566 52.62727155)
3;2018;7;16;1;3;0;1;0;0;0;0;1;0;0;0;POINT (13.43139602 52.62318958)
9;2018;12;18;3;3;5;2;2;1;1;0;0;0;0;0;POINT (13.46032285 52.49254742)
3;2018;9;13;5;3;6;4;0;0;1;1;0;0;0;0;POINT (13.42458263 52.54005076)
4;2018;9;9;6;3;6;2;0;0;1;1;0;0;0;0;POINT (13.29711226 52.51106043)
4;2018;6;0;6;2;3;6;2;0;1;0;0;0;0;0;POINT (13.29431604 52.49178335)
7;2018;7;23;4;3;3;6;2;0;1;0;1;0;0;0;POINT (13.35020733 52.48322978)
3;2018;5;1;4;3;5;3;2;1;1;0;0;0;0;0;POINT (13.42163212 52.53968515)
10;2018;2;4;1;2;5;3;2;0;1;0;0;0;0;2;POINT (13.55429323 52.55786352)
1;2018;11;12;3;3;2;6;0;0;1;0;0;0;0;0;POINT (13.41149373 52.51863537)
12;2018;12;17;7;2;8;1;2;0;1;0;0;1;0;0;POINT (13.34772791 52.57565347)
7;2018;10;20;7;3;6;7;2;1;0;1;0;0;0;0;POINT (13.38693312 52.44148685)
10;2018;8;14;6;3;5;3;0;1;1;0;0;0;0;0;POINT (13.54964147 52.55217456)
3;2018;4;17;5;2;5;2;0;1;1;0;0;0;0;0;POINT (13.40338894 52.569364)
4;2018;3;18;3;2;5;3;2;0;1;0;0;0;0;1;POINT (13.29015601 52.49389829)
4;2018;5;16;5;3;2;6;0;0;1;0;0;0;0;0;POINT (13.33939848 52.47852687)
8;2018;10;12;6;3;3;6;0;0;1;0;0;1;0;0;POINT (13.43182073 52.46185009)
7;2018;2;19;7;3;2;6;2;0;1;0;0;0;0;1;POINT (13.36146143 52.49646945)
4;2018;11;9;4;3;8;1;0;0;1;0;0;0;0;0;POINT (13.29596451 52.49078894)
7;2018;9;11;1;2;5;2;0;1;0;0;0;1;0;0;POINT (13.39611315 52.42316203)
1;2018;8;4;6;2;1;5;2;1;1;0;0;0;0;0;POINT (13.34402327 52.5140213)
4;2018;6;9;2;3;0;4;0;0;0;1;0;0;1;0;POINT (13.26804785 52.50910522)
12;2018;7;20;1;3;3;6;0;0;1;0;1;0;0;0;POINT (13.32449447 52.60719403)
2;2018;6;10;3;2;2;7;0;0;1;0;0;0;0;0;POINT (13.44806228 52.52615066)
4;2018;5;19;6;3;2;2;0;0;1;0;0;0;0;0;POINT (13.3206525 52.51238255)
9;2018;4;21;5;2;6;4;2;0;1;1;0;0;0;1;POINT (13.50999728 52.45625149)
11;2018;12;19;4;3;0;1;2;0;0;0;1;0;0;1;POINT (13.501456 52.51096037)
3;2018;10;10;1;3;2;6;0;0;1;0;0;0;0;0;POINT (13.40371345 52.56908093)
4;2018;7;14;6;3;2;6;0;0;1;0;0;0;0;0;POINT (13.26035476 52.50863814)
12;2018;4;7;1;3;5;2;0;0;1;0;0;0;0;0;POINT (13.36500938 52.56055044)
3;2018;7;9;2;3;0;2;0;1;1;0;0;0;0;0;POINT (13.4331291 52.53601516)
1;2018;3;9;6;3;3;6;0;1;0;0;0;0;1;0;POINT (13.39652264 52.51744898)
1;2018;5;6;7;3;2;6;0;0;1;0;1;0;0;0;POINT (13.36851919 52.5060938)
1;2018;10;17;5;2;0;3;1;0;1;0;0;0;1;0;POINT (13.4098923 52.51782512)
2;2018;2;11;6;3;3;6;0;0;0;0;0;0;1;0;POINT (13.38585803 52.48644013)
3;2018;11;17;7;3;4;1;1;0;1;0;0;0;0;1;POINT (13.40409035 52.58103543)
7;2018;9;22;2;3;2;6;2;0;1;0;0;0;0;0;POINT (13.38549817 52.46950836)
2;2018;8;14;1;3;5;2;0;1;1;0;0;0;0;0;POINT (13.38927562 52.49744301)
3;2018;3;12;3;3;6;2;0;0;1;1;0;0;0;1;POINT (13.42391234 52.53934301)
2;2018;6;16;3;3;5;7;0;0;1;0;1;0;0;0;POINT (13.47441083 52.51366309)
12;2018;10;13;3;2;3;2;0;0;1;0;0;0;0;0;POINT (13.34784366 52.57446134)
3;2018;6;14;5;3;0;1;0;1;0;0;0;0;0;0;POINT (13.42816838 52.53218966)
4;2018;8;9;6;3;0;7;0;0;1;0;0;1;0;0;POINT (13.29241103 52.49288538)
12;2018;5;19;2;3;6;7;1;0;1;1;0;0;0;0;POINT (13.35510402 52.57344406)
12;2018;4;7;1;3;0;7;0;1;0;0;0;0;1;0;POINT (13.31537482 52.61312904)
9;2018;12;18;1;3;5;3;2;0;1;0;0;0;0;1;POINT (13.45917593 52.49288159)
3;2018;9;8;2;3;2;6;0;0;1;0;0;0;0;0;POINT (13.46958458 52.62885011)
2;2018;9;11;3;3;3;6;0;1;0;0;0;0;0;0;POINT (13.45371893 52.51599974)
9;2018;6;15;3;3;5;3;0;1;1;0;0;0;0;0;POINT (13.47946399 52.48451132)
2;2018;7;14;1;3;0;2;0;1;1;0;0;0;0;0;POINT (13.47503197 52.51359526)
6;2018;7;0;1;3;2;6;2;0;1;0;0;0;0;0;POINT (13.19627786 52.41966604)
4;2018;5;14;2;3;2;6;0;1;1;0;0;0;0;0;POINT (13.26238895 52.50875634)
6;2018;2;13;6;3;5;3;0;0;1;0;0;0;0;1;POINT (13.15952741 52.41950366)
3;2018;11;10;1;3;5;2;0;1;1;0;0;0;0;0;POINT (13.43884885 52.54136466)
9;2018;8;14;4;3;5;3;0;1;1;0;0;0;0;0;POINT (13.50887712 52.45724115)
4;2018;3;5;7;3;9;1;2;0;0;0;0;0;1;0;POINT (13.24265439 52.50755193)
7;2018;10;1;5;3;1;5;2;0;1;0;0;0;0;0;POINT (13.38567476 52.47612205)
1;2018;8;8;2;2;0;1;0;1;0;0;0;0;0;0;POINT (13.38254654 52.51646133)
12;2018;4;11;1;3;2;6;0;0;1;0;0;1;0;0;POINT (13.36157733 52.56888806)
4;2018;4;22;3;3;5;3;2;0;1;0;0;1;0;1;POINT (13.29504416 52.49151652)
1;2018;5;16;2;3;3;6;0;1;1;0;0;0;0;0;POINT (13.36799357 52.50569032)
3;2018;11;1;4;3;0;1;2;0;0;0;1;0;0;0;POINT (13.4453062 52.54567058)
6;2018;12;15;1;2;5;2;1;0;1;0;0;0;1;1;POINT (13.21473323 52.42732728)
3;2018;9;23;3;2;6;7;2;0;1;1;0;0;0;0;POINT (13.42726277 52.63366794)
11;2018;8;16;5;3;3;6;0;0;0;0;1;0;1;0;POINT (13.48282075 52.51283052)
1;2018;6;14;5;3;1;5;0;1;1;0;0;0;1;0;POINT (13.40383671 52.51960863)
12;2018;7;16;3;3;3;6;0;1;1;0;0;0;0;0;POINT (13.36423911 52.56348888)
12;2018;2;13;6;3;2;6;0;0;1;0;0;0;0;1;POINT (13.32287538 52.60841324)
1;2018;11;15;1;3;5;2;0;1;1;0;0;0;0;0;POINT (13.42236975 52.52008427)
7;2018;6;19;6;3;0;1;0;1;0;0;0;0;0;0;POINT (13.38753101 52.43898452)
2;2018;5;16;3;3;5;3;0;1;1;0;0;0;0;0;POINT (13.46017461 52.51525052)
9;2018;12;17;4;2;6;4;2;0;1;1;0;0;0;1;POINT (13.46076584 52.49388567)
7;2018;10;20;5;2;3;6;2;0;1;0;0;0;0;0;POINT (13.37958235 52.46990921)
2;2018;2;20;6;3;6;4;2;0;0;1;1;0;0;0;POINT (13.47054296 52.51406133)
6;2018;8;14;3;3;4;6;0;0;1;0;0;0;0;0;POINT (13.09725986 52.41330762)
6;2018;4;21;3;3;9;1;2;0;0;0;1;0;0;0;POINT (13.33359588 52.4643489)
4;2018;3;13;5;3;2;6;0;0;1;0;0;1;0;0;POINT (13.28654623 52.51231562)
4;2018;5;19;3;3;3;2;0;0;1;0;0;0;0;0;POINT (13.32310348 52.51251705)
1;2018;10;12;3;3;0;4;0;0;1;1;0;0;0;0;POINT (13.3697941 52.54351335)
3;2018;2;21;5;3;5;3;2;1;1;0;0;0;0;1;POINT (13.41161603 52.56038869)
4;2018;11;18;1;3;2;6;2;0;1;0;0;0;0;1;POINT (13.27149059 52.4975195)
2;2018;9;15;6;3;5;2;0;1;1;0;0;0;0;0;POINT (13.45421055 52.51586785)
9;2018;8;12;5;3;2;3;0;1;1;0;0;0;0;1;POINT (13.49759055 52.46488993)
1;2018;6;16;7;3;0;6;0;0;1;0;0;0;1;0;POINT (13.37312259 52.50913847)
7;2018;3;22;3;3;3;6;2;0;1;0;0;1;0;0;POINT (13.3860515 52.48304377)
3;2018;7;14;7;2;3;6;0;0;1;0;1;0;0;0;POINT (13.43074186 52.58256564)
9;2018;6;19;2;3;6;4;0;0;0;1;1;0;0;0;POINT (13.5085139 52.45749534)
2;2018;8;18;3;3;5;3;0;1;1;0;0;0;0;0;POINT (13.42905918 52.51821353)
9;2018;5;0;4;3;9;1;2;0;1;0;0;0;0;0;POINT (13.4919938 52.43665943)
12;2018;4;11;4;1;6;4;0;0;1;1;0;0;0;0;POINT (13.33936344 52.58881246)
3;2018;12;15;1;3;2;6;1;0;1;0;0;0;0;0;POINT (13.43841755 52.61871729)
1;2018;9;15;6;3;2;6;0;0;1;0;0;0;0;0;POINT (13.36976579 52.54193247)
3;2018;9;21;6;3;2;6;2;0;1;0;1;0;0;0;POINT (13.40314424 52.56933499)
3;2018;7;18;5;2;6;4;0;0;0;1;0;0;1;0;POINT (13.46368111 52.55109655)
3;2018;7;20;5;3;0;6;0;1;1;0;0;0;0;1;POINT (13.3990638 52.57520862)
2;2018;3;10;3;3;5;3;0;0;1;0;0;0;0;1;POINT (13.38830287 52.49400663)
3;2018;5;9;5;3;2;6;0;0;1;0;0;1;0;0;POINT (13.39845146 52.57186311)
4;2018;10;1;4;3;3;6;2;0;1;0;0;0;0;0;POINT (13.28105566 52.49932817)
4;2018;2;11;5;3;5;3;0;1;1;0;0;0;0;0;POINT (13.30745303 52.51174192)
7;2018;11;9;5;2;0;7;0;1;0;0;0;0;0;1;POINT (13.35227205 52.48430813)
4;2018;9;8;1;3;5;2;0;1;1;0;0;0;0;0;POINT (13.29717886 52.51087575)
4;2018;8;13;6;3;2;6;0;0;1;0;0;0;0;0;POINT (13.2811293 52.49924007)
3;2018;3;8;3;2;0;1;0;0;0;0;0;0;1;1;POINT (13.44456493 52.54559323)
3;2018;10;7;2;3;8;1;0;0;1;0;0;0;0;0;POINT (13.47796622 52.568901)
1;2018;8;15;4;3;0;6;0;0;1;0;0;0;0;0;POINT (13.41866324 52.52381853)
9;2018;4;17;6;3;2;6;0;0;1;0;0;0;0;0;POINT (13.51249138 52.4547521)
3;2018;4;1;6;3;5;2;2;0;1;0;0;0;1;0;POINT (13.42635463 52.53833098)
2;2018;6;7;5;2;6;4;0;0;0;1;1;0;0;0;POINT (13.38794515 52.493509)
7;2018;12;17;5;3;3;2;1;0;1;0;0;0;1;1;POINT (13.38164532 52.43922324)
7;2018;9;22;7;3;6;4;2;0;1;1;0;0;0;0;POINT (13.34844812 52.4817046)
12;2018;9;7;2;3;5;2;0;1;1;0;1;0;0;0;POINT (13.34663091 52.5793503)
2;2018;6;8;2;3;2;6;0;0;1;0;0;0;0;0;POINT (13.46594358 52.51467082)
12;2018;6;13;2;3;2;6;0;0;1;0;1;0;0;0;POINT (13.29206372 52.58563588)
9;2018;8;13;4;3;5;3;0;0;1;0;1;0;0;0;POINT (13.47946399 52.48451132)
4;2018;5;13;5;3;3;6;0;0;1;0;1;0;0;0;POINT (13.28959971 52.51058083)
7;2018;4;8;4;3;2;6;0;0;1;0;0;0;0;0;POINT (13.39526341 52.46719499)
7;2018;12;19;2;3;6;2;2;0;1;1;0;0;0;0;POINT (13.34858828 52.48188039)
4;2018;9;22;6;2;8;1;2;0;0;0;1;0;0;0;POINT (13.28706612 52.49416593)
2;2018;7;20;6;3;0;1;2;0;0;0;1;0;0;1;POINT (13.45364164 52.5162211)
7;2018;4;12;7;3;5;2;0;1;1;0;0;0;0;0;POINT (13.38578435 52.48102015)
4;2018;7;23;6;2;0;1;2;1;0;0;0;0;0;0;POINT (13.23993975 52.50738588)
4;2018;3;14;4;2;9;1;0;0;0;0;1;0;0;0;POINT (13.29773169 52.54666661)
7;2018;5;12;6;3;5;2;0;0;1;0;1;0;0;0;POINT (13.37828473 52.43480417)
3;2018;10;11;5;3;4;6;0;1;0;0;0;0;0;0;POINT (13.41298356 52.54550684)
2;2018;2;0;5;3;6;4;2;0;0;1;0;0;1;0;POINT (13.45388515 52.51488596)
1;2018;11;18;6;3;1;5;2;0;1;0;0;0;1;0;POINT (13.34188525 52.51400632)
5;2018;9;15;1;3;5;3;0;1;1;0;0;0;0;0;POINT (13.12630276 52.47857894)
4;2018;8;2;7;3;2;6;2;0;1;0;0;0;0;0;POINT (13.2849455 52.53124547)
7;2018;6;9;3;3;6;2;0;0;1;1;0;0;0;0;POINT (13.34859338 52.48188407)
1;2018;10;10;3;3;2;1;0;0;1;0;0;0;0;0;POINT (13.36773044 52.53107218)
9;2018;6;8;4;3;3;6;0;0;1;0;0;0;0;0;POINT (13.5013579 52.46234877)
4;2018;8;15;5;2;5;7;0;0;1;0;0;0;0;0;POINT (13.23034632 52.50678679)
2;2018;4;12;7;3;1;5;0;1;1;0;0;0;1;0;POINT (13.42661268 52.51885351)
9;2018;4;13;6;3;2;3;0;1;1;0;0;0;0;0;POINT (13.45771144 52.49172472)
7;2018;6;21;5;2;6;4;2;0;1;1;0;0;0;1;POINT (13.38486611 52.45115541)
1;2018;12;18;7;3;5;2;2;0;1;0;0;0;0;1;POINT (13.4200799 52.52507089)
1;2018;9;14;1;3;5;2;0;0;1;0;1;0;0;1;POINT (13.41638443 52.5220044)
1;2018;9;11;2;3;5;3;0;1;1;0;0;0;0;0;POINT (13.3717174 52.50979008)
4;2018;6;10;3;3;5;3;0;0;1;0;0;1;0;0;POINT (13.28228885 52.52101515)
5;2018;7;18;7;3;2;6;0;0;1;0;0;0;0;0;POINT (13.18269201 52.51590835)
7;2018;5;17;1;2;6;4;0;0;1;1;0;0;0;0;POINT (13.40392623 52.40994491)
7;2018;2;5;5;3;3;3;2;0;1;0;0;0;1;1;POINT (13.3466918 52.47680307)
2;2018;11;14;7;3;2;6;0;0;1;0;0;0;1;0;POINT (13.389313 52.49729263)
10;2018;10;20;3;3;2;6;2;0;1;0;0;0;0;0;POINT (13.56098936 52.50864223)
3;2018;8;18;1;3;3;6;0;1;0;0;0;0;0;0;POINT (13.43098327 52.53421793)
3;2018;4;20;7;3;2;6;2;0;1;0;0;0;0;0;POINT (13.4133306 52.54092726)
3;2018;4;9;2;3;5;3;0;0;1;0;0;0;0;1;POINT (13.42657832 52.53853959)
7;2018;5;21;1;3;3;6;1;1;1;0;0;0;0;0;POINT (13.3586233 52.48846939)
4;2018;10;8;3;3;2;6;0;0;1;0;0;0;0;0;POINT (13.27946843 52.50188799)
1;2018;2;9;5;3;0;7;0;1;0;0;0;0;0;0;POINT (13.42618505 52.51922899)
12;2018;12;1;1;3;5;7;2;0;1;0;0;0;0;1;POINT (13.3650037 52.56058109)
12;2018;9;11;3;3;6;7;0;0;0;1;0;0;1;0;POINT (13.313431 52.62060281)
4;2018;8;11;4;3;2;6;0;0;1;0;0;0;0;1;POINT (13.29512952 52.53978412)
7;2018;6;18;4;3;2;6;0;0;1;0;0;0;1;0;POINT (13.3794925 52.46991261)
4;2018;7;16;2;3;2;6;0;0;1;0;0;1;0;0;POINT (13.28426986 52.50950876)
1;2018;2;12;4;3;2;6;0;0;1;0;0;0;0;0;POINT (13.36938183 52.54068612)
1;2018;11;17;6;3;6;4;2;1;0;1;0;0;0;0;POINT (13.37810032 52.50960976)
12;2018;6;15;5;3;5;2;0;1;1;0;0;0;0;0;POINT (13.31901593 52.61073518)
1;2018;5;8;2;3;2;2;0;0;1;0;1;0;0;0;POINT (13.36836443 52.5410904)
12;2018;12;9;2;3;2;6;0;0;1;0;0;0;0;0;POINT (13.33259648 52.59688464)
4;2018;10;12;4;3;2;6;0;0;1;0;0;0;0;0;POINT (13.32352323 52.51264609)
1;2018;2;11;4;3;6;4;0;0;1;1;0;0;0;0;POINT (13.41103868 52.52317404)
7;2018;7;16;1;3;3;6;0;0;1;0;0;0;0;0;POINT (13.35143056 52.47471066)
4;2018;4;18;3;3;2;6;1;0;1;0;0;0;0;0;POINT (13.28342099 52.51822496)
1;2018;7;13;7;3;2;6;0;0;1;0;0;0;0;0;POINT (13.36880912 52.54893478)
4;2018;3;5;4;3;2;7;1;0;1;0;0;0;0;0;POINT (13.29426685 52.53785705)
3;2018;5;13;3;2;6;4;0;0;1;1;0;0;0;0;POINT (13.45252671 52.54872135)
4;2018;10;12;2;3;2;6;0;0;1;0;1;0;0;1;POINT (13.28606545 52.51106372)
6;2018;2;11;4;3;6;4;0;0;1;1;0;0;0;0;POINT (13.15701906 52.41931705)
7;2018;11;13;7;2;2;7;0;0;1;0;0;0;0;0;POINT (13.33835909 52.47853587)
1;2018;9;8;5;3;5;2;0;1;1;0;0;0;0;0;POINT (13.40460957 52.52003273)
11;2018;8;11;4;3;5;2;0;1;0;0;0;0;1;0;POINT (13.48829259 52.512411)
11;2018;6;11;5;3;6;7;0;0;0;1;0;0;1;0;POINT (13.48281907 52.58021921)
5;2018;6;15;6;3;5;2;0;1;1;0;0;0;0;0;POINT (13.17891968 52.5165373)
9;2018;6;8;1;3;5;2;0;1;1;0;0;0;0;0;POINT (13.50661876 52.45882159)
1;2018;8;16;2;3;2;6;0;0;1;0;1;0;0;0;POINT (13.40140814 52.51140568)
4;2018;5;10;4;3;2;6;0;0;1;0;0;0;0;0;POINT (13.30043619 52.48793028)
12;2018;4;17;3;2;5;2;0;0;0;0;1;0;1;0;POINT (13.33121751 52.60068916)
3;2018;12;15;5;2;3;6;1;1;0;0;0;0;1;0;POINT (13.43502227 52.53510802)
3;2018;9;10;5;3;5;2;0;1;1;0;0;0;0;0;POINT (13.43333687 52.53621203)
3;2018;9;9;5;2;3;6;0;1;1;0;0;0;0;0;POINT (13.42462882 52.53892033)
1;2018;7;6;4;3;5;3;0;1;1;0;0;0;0;0;POINT (13.41845302 52.52411536)
4;2018;7;16;4;3;2;6;0;0;1;0;0;0;0;0;POINT (13.26880938 52.49556008)
6;2018;3;21;1;3;6;4;2;0;1;1;0;0;0;0;POINT (13.2607921 52.4349366)
1;2018;5;17;4;3;5;2;0;1;1;0;0;0;0;0;POINT (13.42223154 52.52012612)
7;2018;2;7;4;3;0;6;0;0;1;0;0;0;1;1;POINT (13.38873273 52.4367103)
2;2018;11;16;3;3;2;6;1;0;1;0;0;0;0;0;POINT (13.46076887 52.51504738)
4;2018;9;0;7;2;5;7;2;0;1;0;0;0;0;0;POINT (13.27014565 52.50923596)
6;2018;8;8;6;2;2;1;0;0;0;0;1;0;1;0;POINT (13.32802202 52.46070181)
3;2018;10;16;1;3;2;6;0;1;1;0;0;0;0;0;POINT (13.39994374 52.5700144)
12;2018;8;9;4;2;2;6;0;0;0;0;0;0;1;0;POINT (13.31539735 52.61808834)
2;2018;4;9;5;3;5;2;0;1;1;0;0;0;0;0;POINT (13.45420478 52.51588567)
9;2018;4;13;5;3;5;2;0;0;1;0;0;0;0;0;POINT (13.45914583 52.49291941)
7;2018;5;16;4;3;0;3;0;1;1;0;0;0;0;0;POINT (13.38576099 52.47004903)
10;2018;12;17;4;3;6;2;2;0;0;1;0;0;1;1;POINT (13.55441652 52.55770279)
3;2018;9;9;7;2;0;2;0;1;1;0;0;0;0;0;POINT (13.43762543 52.53414517)
4;2018;9;9;1;3;3;6;0;0;1;0;0;0;0;0;POINT (13.29899512 52.51099423)
6;2018;6;17;7;3;2;6;0;0;1;0;0;0;0;1;POINT (13.31757038 52.45408902)
10;2018;7;14;5;3;2;6;0;0;1;0;0;0;0;0;POINT (13.54440244 52.50971488)
1;2018;5;16;5;3;1;1;0;1;1;0;0;0;0;0;POINT (13.34170716 52.51399463)
12;2018;2;6;4;3;5;3;2;0;1;0;0;1;0;0;POINT (13.28651684 52.59328755)
3;2018;11;7;5;3;5;3;0;1;1;0;0;0;0;1;POINT (13.43393722 52.53715192)
7;2018;10;21;2;3;4;6;2;0;1;0;0;0;0;0;POINT (13.36567217 52.41638418)
4;2018;8;13;7;2;0;3;0;0;1;0;1;0;1;0;POINT (13.2693294 52.5091848)
3;2018;4;15;6;3;5;3;0;1;1;0;1;0;0;0;POINT (13.43721186 52.53956832)
4;2018;3;14;6;3;2;6;0;0;1;0;0;0;0;1;POINT (13.29765268 52.51109659)
12;2018;5;15;7;2;5;3;0;0;1;0;1;0;0;1;POINT (13.34774154 52.57441318)
1;2018;10;18;2;2;5;2;2;0;1;0;1;0;0;1;POINT (13.36731554 52.55147904)