bez;ujahr;umonat;ustunde;uwochentag;ukategorie;uart;utyp1;ulichtverh;istrad;istpkw;istfuss;istkrad;istgkfz;istsonstige;ustrzustand;geometry
1;2018;1;20;3;2;6;4;2;0;1;1;0;0;0;1;POINT (13.41663632 52.51133418)
3;2018;1;7;3;3;6;4;2;0;0;1;0;0;1;1;POINT (13.46009073 52.54699684)
1;2018;1;14;6;3;5;7;0;0;1;0;0;0;0;0;POINT (13.35173601 52.53308923)
4;2018;1;13;3;3;5;2;0;1;1;0;0;0;0;1;POINT (13.28668027 52.51871832)
1;2018;1;21;4;3;6;2;2;0;1;1;0;0;0;1;POINT (13.3593775 52.54645147)
11;2018;1;16;3;3;5;3;2;0;1;0;0;0;0;1;POINT (13.49359712 52.54129229)
1;2018;1;12;2;3;2;7;0;1;1;0;0;0;0;0;POINT (13.38992993 52.51016151)
7;2018;1;16;3;3;5;2;2;1;1;0;0;0;0;1;POINT (13.33735019 52.47147657)
10;2018;1;13;1;3;0;6;0;0;0;0;0;0;1;0;POINT (13.57862726 52.5132578)
1;2018;1;15;3;3;5;3;0;1;1;0;0;0;0;0;POINT (13.3893199 52.54703238)
5;2018;1;15;3;3;2;6;0;0;1;0;0;0;0;1;POINT (13.19736534 52.56055229)
7;2018;1;22;6;3;5;3;2;0;1;0;0;0;0;0;POINT (13.34614174 52.4987645)
3;2018;1;17;3;3;5;3;1;0;1;0;0;0;0;1;POINT (13.44736768 52.53061612)
6;2018;1;6;1;3;0;7;2;0;1;0;0;0;0;0;POINT (13.33890447 52.46548732)
4;2018;1;17;3;2;0;4;1;0;1;1;0;0;1;1;POINT (13.28739259 52.51885027)
5;2018;1;18;3;3;5;3;2;0;1;0;0;0;0;1;POINT (13.26074993 52.53716364)
8;2018;1;1;6;3;6;2;2;0;1;1;0;0;0;0;POINT (13.45588767 52.47389709)
4;2018;1;19;3;3;6;2;2;0;1;1;0;0;0;1;POINT (13.281207 52.51282485)
6;2018;1;18;3;3;2;6;2;0;1;0;0;0;0;1;POINT (13.3145703 52.42412271)
6;2018;1;19;3;3;6;2;2;0;1;1;0;0;0;1;POINT (13.31548811 52.44967114)
4;2018;1;11;2;3;2;7;0;0;1;0;0;0;0;0;POINT (13.30113366 52.49492742)
1;2018;1;20;3;3;6;2;2;0;1;1;0;0;0;1;POINT (13.38643036 52.54938845)
2;2018;1;11;1;2;6;4;0;1;0;1;0;0;0;0;POINT (13.40965482 52.50408212)
1;2018;1;13;3;3;6;4;0;0;1;1;0;0;0;1;POINT (13.34306172 52.50484684)
10;2018;1;16;5;3;5;3;2;1;1;0;0;0;0;0;POINT (13.60130948 52.53585386)
4;2018;1;11;3;3;1;5;0;1;1;0;0;0;0;1;POINT (13.28044751 52.50872154)
1;2018;1;11;3;3;3;1;0;0;1;0;0;0;0;1;POINT (13.42136727 52.51455181)
3;2018;1;11;3;3;5;3;0;0;1;0;0;0;1;1;POINT (13.49367412 52.63607781)
7;2018;1;13;3;2;1;5;0;0;1;0;0;0;0;1;POINT (13.34502013 52.4924144)
2;2018;1;20;4;3;0;7;2;1;0;0;0;0;1;1;POINT (13.43344057 52.50890904)
5;2018;1;10;3;3;5;3;0;0;1;0;0;0;0;1;POINT (13.12927029 52.52717165)
3;2018;1;7;1;3;5;3;0;1;0;0;0;0;0;0;POINT (13.40733151 52.58180095)
4;2018;1;11;3;2;6;4;0;0;1;1;0;0;0;1;POINT (13.33844891 52.50335823)
7;2018;1;18;7;3;1;5;2;1;1;0;0;0;0;0;POINT (13.35234598 52.48519134)
5;2018;1;10;3;3;5;3;0;1;0;0;0;1;0;1;POINT (13.19583402 52.5478356)
6;2018;1;14;5;3;5;2;0;1;1;0;0;0;0;0;POINT (13.33882155 52.44889886)
8;2018;1;9;3;3;5;3;0;1;1;0;0;0;0;1;POINT (13.41583687 52.44006741)
3;2018;1;8;3;3;2;7;1;0;1;0;0;0;0;0;POINT (13.44918123 52.53736298)
10;2018;1;7;3;2;6;4;2;0;1;1;0;0;0;1;POINT (13.58803249 52.5208899)
10;2018;1;17;1;3;6;4;2;0;1;1;0;0;0;0;POINT (13.60404459 52.53961337)
7;2018;1;7;3;2;6;2;2;0;1;1;0;0;0;1;POINT (13.40638558 52.39376284)
1;2018;1;7;3;3;3;6;1;0;1;0;0;1;0;1;POINT (13.41816248 52.51541257)
1;2018;1;17;6;3;6;2;2;0;1;1;0;0;0;0;POINT (13.38154639 52.55216319)
1;2018;1;7;3;2;6;2;2;0;1;1;0;0;0;1;POINT (13.3697096 52.5596628)
7;2018;1;18;1;3;5;3;2;1;0;0;0;0;0;0;POINT (13.34207879 52.48246773)
11;2018;1;7;3;3;6;4;2;0;1;1;0;0;0;1;POINT (13.49612434 52.53424571)
10;2018;1;16;7;3;2;2;1;0;1;0;0;0;0;0;POINT (13.57097361 52.54478418)
5;2018;1;7;3;2;6;4;2;0;1;1;0;0;0;1;POINT (13.17826939 52.54868599)
1;2018;1;7;5;3;6;2;0;0;1;1;0;0;0;0;POINT (13.34515658 52.55442885)
7;2018;1;6;3;3;5;2;2;1;1;0;0;0;0;1;POINT (13.38765467 52.45786612)
12;2018;1;13;2;3;1;7;0;0;1;0;0;0;1;0;POINT (13.28556935 52.59274464)
2;2018;1;6;3;3;2;3;1;1;1;0;0;0;0;1;POINT (13.43536079 52.5147077)
1;2018;1;6;3;3;5;3;2;1;1;0;0;0;0;1;POINT (13.33702425 52.55259437)
9;2018;1;7;1;3;2;6;1;0;1;0;0;0;0;2;POINT (13.54090242 52.43559558)
1;2018;1;5;3;2;5;3;2;1;1;0;0;0;0;1;POINT (13.40670373 52.53578404)
1;2018;1;9;3;3;6;4;0;1;0;1;0;0;0;0;POINT (13.38163347 52.51514415)
1;2018;1;13;6;3;5;3;0;0;1;0;0;0;0;0;POINT (13.39162691 52.51222288)
3;2018;1;8;3;3;5;3;0;1;1;0;0;0;0;1;POINT (13.41727253 52.60539113)
9;2018;1;20;3;3;6;4;2;0;1;1;0;0;0;1;POINT (13.53409715 52.45724358)
3;2018;1;8;2;3;6;4;1;1;0;1;0;0;0;0;POINT (13.39753221 52.56584616)
8;2018;1;8;3;3;5;3;1;1;1;0;0;0;0;1;POINT (13.42823163 52.49345002)
2;2018;1;23;4;3;5;2;2;1;1;0;0;0;0;1;POINT (13.45203057 52.51068857)
2;2018;1;8;3;3;5;7;0;0;1;0;0;0;1;1;POINT (13.394584 52.50108328)
10;2018;1;16;2;2;6;4;2;0;1;1;0;0;0;0;POINT (13.55379292 52.54911072)
4;2018;1;7;3;2;6;2;1;0;1;1;0;0;0;1;POINT (13.32163501 52.47879723)
4;2018;1;15;3;3;2;6;0;0;1;0;0;1;0;1;POINT (13.26264717 52.52112707)
1;2018;1;16;1;3;2;6;1;0;1;0;0;0;1;0;POINT (13.41538756 52.52078903)
10;2018;1;7;3;3;6;2;1;0;1;1;0;0;0;1;POINT (13.51782052 52.53538034)
7;2018;1;7;3;2;5;7;1;0;1;0;0;0;0;1;POINT (13.354392 52.48999992)
2;2018;1;20;6;3;5;2;2;0;1;0;0;0;0;0;POINT (13.3858224 52.48487018)
4;2018;1;8;3;2;6;4;1;0;1;1;0;0;0;1;POINT (13.30092251 52.50323584)
6;2018;1;17;3;3;5;3;2;0;1;0;0;0;0;0;POINT (13.35859135 52.4341783)
4;2018;1;17;3;3;6;2;0;0;1;1;0;0;0;0;POINT (13.29879867 52.4732433)
1;2018;1;9;1;3;3;6;0;0;1;0;1;0;0;0;POINT (13.37767522 52.50824431)
11;2018;1;20;2;3;5;3;2;1;1;0;0;0;0;1;POINT (13.49856887 52.53813719)
2;2018;1;11;1;3;3;6;0;0;1;0;0;0;1;0;POINT (13.39823682 52.49825941)
1;2018;1;11;2;3;2;6;0;0;1;0;0;0;0;1;POINT (13.37781301 52.54416893)
5;2018;1;13;1;2;6;2;0;0;1;1;0;0;0;0;POINT (13.18400371 52.54475344)
3;2018;1;18;2;3;8;1;2;0;1;0;0;0;0;1;POINT (13.45427885 52.54022646)
6;2018;1;15;2;3;1;5;0;0;1;0;0;0;0;1;POINT (13.30772337 52.45951206)
11;2018;1;14;5;2;6;2;0;0;1;1;0;0;0;0;POINT (13.47127486 52.50508057)
4;2018;1;13;2;3;0;5;0;0;0;0;1;0;1;1;POINT (13.30899094 52.50610384)
4;2018;1;12;3;3;5;3;0;1;1;0;0;0;0;0;POINT (13.25650046 52.48620842)
5;2018;1;8;4;3;6;4;1;0;1;1;0;0;0;1;POINT (13.18983191 52.53689279)
9;2018;1;12;2;3;5;2;0;0;1;0;0;0;0;1;POINT (13.51950794 52.42830689)
6;2018;1;6;1;3;6;4;2;0;1;1;0;0;0;0;POINT (13.3074346 52.44965373)
9;2018;1;8;2;3;0;7;1;1;0;0;0;0;0;1;POINT (13.57887404 52.44747997)
8;2018;1;16;7;3;5;3;1;0;1;0;0;0;1;0;POINT (13.43268857 52.47846165)
2;2018;1;6;2;3;5;3;2;0;1;0;0;0;0;1;POINT (13.4410819 52.51820062)
12;2018;1;14;5;3;2;6;0;0;1;0;0;0;0;1;POINT (13.29444035 52.57650733)
6;2018;1;5;2;3;6;2;2;0;1;1;0;0;0;1;POINT (13.34561034 52.43619342)
9;2018;1;5;3;2;8;1;2;0;1;0;0;0;0;2;POINT (13.6737837 52.46785645)
5;2018;1;13;2;2;5;2;0;0;1;0;0;0;0;1;POINT (13.19863857 52.54288773)
12;2018;1;16;5;2;0;2;2;0;1;0;0;0;1;0;POINT (13.34766837 52.59623661)
8;2018;1;14;2;3;3;6;0;1;0;0;0;0;1;1;POINT (13.44645781 52.47848173)
5;2018;1;10;3;3;2;6;0;0;1;0;0;0;0;0;POINT (13.19333348 52.54901234)
6;2018;1;21;2;3;5;3;2;0;1;0;0;0;0;1;POINT (13.22546174 52.42361828)
12;2018;1;6;1;2;6;4;2;0;1;1;0;0;0;0;POINT (13.36242995 52.56724339)
10;2018;1;17;2;2;6;4;2;0;1;1;0;0;0;1;POINT (13.55675468 52.56903944)
2;2018;1;19;6;3;5;3;2;1;1;0;0;0;0;0;POINT (13.38040944 52.49919972)
9;2018;1;18;2;3;5;3;2;1;1;0;0;0;0;1;POINT (13.48279426 52.46057653)
8;2018;1;22;5;3;1;5;2;0;1;0;0;0;0;1;POINT (13.44619333 52.47441591)
3;2018;1;17;2;3;3;6;2;0;1;0;0;0;1;1;POINT (13.4783551 52.60708517)
2;2018;1;19;2;3;2;6;2;0;1;0;0;0;0;0;POINT (13.39517206 52.49594592)
7;2018;1;17;2;3;6;4;2;0;1;1;0;0;0;1;POINT (13.38427594 52.45585241)
8;2018;1;17;2;3;5;3;2;0;1;0;0;0;0;1;POINT (13.46648895 52.43346439)
1;2018;1;16;1;3;5;3;1;1;1;0;0;0;0;0;POINT (13.34231947 52.54749743)
6;2018;1;17;2;3;1;5;2;1;1;0;0;0;0;1;POINT (13.31844598 52.4585222)
4;2018;1;17;2;3;5;2;1;0;1;0;0;0;1;1;POINT (13.33245363 52.50605866)
9;2018;1;17;2;3;5;2;2;0;1;0;0;0;0;1;POINT (13.52671501 52.42879969)
4;2018;1;6;2;3;5;3;2;0;1;0;0;0;0;1;POINT (13.25730762 52.51885275)
6;2018;1;16;1;3;1;5;1;0;1;0;0;0;0;0;POINT (13.34832743 52.42334963)
5;2018;1;5;1;3;1;7;2;0;0;0;0;0;1;0;POINT (13.17386993 52.52275145)
3;2018;1;0;1;3;6;4;2;0;1;1;0;0;0;1;POINT (13.43268561 52.55271505)
8;2018;1;16;6;2;6;4;2;0;1;1;0;0;0;0;POINT (13.41225218 52.41722201)
10;2018;1;0;1;2;6;7;2;0;0;1;0;0;1;1;POINT (13.5332208 52.52269858)
1;2018;1;20;4;3;5;3;2;1;1;0;0;0;0;1;POINT (13.40438209 52.53310538)
8;2018;1;22;1;3;5;2;2;0;1;0;0;0;0;0;POINT (13.43368113 52.48208202)
9;2018;1;15;2;3;5;2;1;1;1;0;0;0;0;0;POINT (13.52218304 52.40244341)
6;2018;1;13;1;3;6;4;0;1;0;1;0;0;0;0;POINT (13.31546166 52.4461783)
10;2018;1;13;1;2;5;7;0;1;1;0;0;0;0;0;POINT (13.54673238 52.498762)
1;2018;1;7;1;3;5;3;1;0;1;0;0;0;0;0;POINT (13.39798639 52.5272479)
7;2018;1;6;1;3;5;3;2;0;1;0;0;0;0;1;POINT (13.35587737 52.47780704)
8;2018;1;22;6;3;3;6;2;0;1;0;0;0;0;0;POINT (13.42981527 52.47014996)
8;2018;1;6;1;2;6;4;2;0;1;1;0;0;0;0;POINT (13.43749852 52.48289894)
1;2018;1;2;3;3;5;3;2;0;1;0;0;0;0;1;POINT (13.4101111 52.52856051)
5;2018;1;22;4;3;3;6;2;0;1;0;0;0;0;1;POINT (13.24758874 52.53805702)
1;2018;1;2;6;2;5;3;2;1;1;0;0;0;0;0;POINT (13.39794701 52.53493195)
6;2018;1;4;1;3;6;2;2;0;1;1;0;0;0;1;POINT (13.29565137 52.44261443)
1;2018;1;17;3;3;2;6;2;0;1;0;1;0;0;1;POINT (13.39583647 52.52902726)
1;2018;1;1;1;3;6;4;2;0;0;1;0;0;1;0;POINT (13.35118338 52.50948618)
5;2018;1;7;2;3;8;1;1;0;1;0;0;0;0;0;POINT (13.15379251 52.55332079)
7;2018;1;1;1;3;5;3;2;0;1;0;0;0;0;0;POINT (13.38020659 52.4378499)
2;2018;1;13;1;3;5;3;0;1;1;0;0;0;0;2;POINT (13.39070383 52.49588712)
1;2018;1;0;1;3;6;4;2;0;1;1;0;0;0;0;POINT (13.35931601 52.52554678)
5;2018;1;0;1;2;6;7;2;0;0;1;0;0;1;0;POINT (13.1765348 52.53965826)
9;2018;1;23;5;3;5;3;2;0;1;0;0;0;0;0;POINT (13.51924152 52.46441514)
1;2018;1;14;1;3;5;2;0;0;1;0;0;0;0;0;POINT (13.3514127 52.50951091)
9;2018;1;12;3;3;2;6;0;0;1;0;0;0;0;1;POINT (13.60333055 52.43440377)
9;2018;1;14;1;3;5;3;0;0;1;0;0;0;0;0;POINT (13.52699303 52.43765367)
3;2018;1;20;1;3;5;3;2;0;1;0;0;0;0;0;POINT (13.44736112 52.53061364)
1;2018;1;11;1;3;5;2;0;1;0;0;0;0;1;0;POINT (13.39114127 52.53621263)
1;2018;1;10;1;3;2;6;0;0;1;0;0;0;0;2;POINT (13.32817079 52.53520767)
8;2018;1;15;5;3;5;2;0;1;0;0;0;0;1;0;POINT (13.44167971 52.48298366)
2;2018;1;8;3;3;5;3;1;1;1;0;0;0;0;0;POINT (13.42633165 52.51595077)
1;2018;1;17;1;2;4;2;2;1;0;0;0;0;0;0;POINT (13.4017008 52.51221685)
2;2018;1;17;6;2;6;4;2;0;1;1;0;0;0;0;POINT (13.43199819 52.5152906)
1;2018;1;16;4;3;6;2;2;0;1;1;0;0;0;1;POINT (13.36247739 52.50591067)
2;2018;1;10;7;3;5;3;0;0;1;0;0;0;0;0;POINT (13.37644566 52.48503437)
5;2018;1;9;5;3;2;6;0;0;1;0;0;0;1;0;POINT (13.24701047 52.54385229)
1;2018;1;8;2;3;6;2;1;0;1;1;0;0;0;1;POINT (13.38125336 52.55244166)
4;2018;1;10;1;2;5;2;0;1;1;0;0;0;0;0;POINT (13.25585267 52.51978861)
2;2018;1;13;6;3;1;5;0;0;1;0;0;0;0;1;POINT (13.41819324 52.490363)
7;2018;1;9;2;3;2;7;0;0;1;0;0;0;1;0;POINT (13.34326263 52.47411539)
12;2018;1;13;1;3;1;7;0;0;1;0;0;0;0;0;POINT (13.33715472 52.59296411)
10;2018;1;17;2;3;5;2;2;0;1;0;0;0;0;0;POINT (13.59292081 52.54845939)
12;2018;1;16;1;3;4;7;1;0;1;0;0;0;0;1;POINT (13.3531782 52.60093119)
1;2018;1;1;6;3;5;3;2;0;1;0;0;0;0;0;POINT (13.37662372 52.50943417)
8;2018;1;20;3;3;5;3;2;0;1;0;0;0;0;1;POINT (13.43447183 52.49063013)
5;2018;1;21;1;3;2;6;2;0;1;0;0;0;0;0;POINT (13.22554407 52.55517859)
2;2018;1;11;1;3;5;2;0;1;1;0;0;0;0;0;POINT (13.41825258 52.49933585)
6;2018;1;16;5;2;0;2;2;0;1;0;1;0;0;0;POINT (13.31534653 52.44956003)
1;2018;1;22;6;3;5;3;2;0;1;0;0;0;0;0;POINT (13.35021711 52.54972359)
4;2018;1;14;3;3;2;6;0;0;1;0;0;0;0;0;POINT (13.31400352 52.48000468)
10;2018;1;18;4;3;0;2;2;0;1;0;0;0;1;1;POINT (13.54414463 52.52583299)
5;2018;1;7;1;3;6;2;1;0;1;1;0;0;0;0;POINT (13.21029481 52.56838208)
8;2018;1;17;7;3;1;5;2;1;1;0;0;0;0;0;POINT (13.45560423 52.43610101)
9;2018;1;14;5;3;6;4;0;0;1;1;0;0;0;0;POINT (13.50385881 52.44427552)
10;2018;1;6;3;2;6;4;2;0;0;1;0;0;1;2;POINT (13.59147206 52.54250022)
7;2018;1;16;1;3;5;2;2;0;1;0;0;0;0;0;POINT (13.39152681 52.4530046)
8;2018;1;16;7;3;5;3;1;0;1;0;0;0;0;0;POINT (13.48358189 52.43127937)
5;2018;1;21;1;2;4;1;2;0;1;0;0;0;0;0;POINT (13.1728143 52.51795118)
3;2018;1;14;7;3;5;3;0;0;1;0;0;0;0;0;POINT (13.42051814 52.57925104)
9;2018;1;19;1;2;9;1;2;0;1;0;0;0;0;0;POINT (13.5328038 52.43094807)
3;2018;1;18;7;2;5;2;2;0;1;0;0;0;0;1;POINT (13.44580476 52.53475561)
1;2018;1;18;1;3;2;6;2;1;1;0;0;0;0;0;POINT (13.35927608 52.52352741)
8;2018;1;21;7;3;1;5;2;0;1;0;0;0;0;0;POINT (13.48261384 52.42203649)
11;2018;1;17;1;3;5;2;2;1;0;0;0;0;1;0;POINT (13.48786862 52.54170084)
10;2018;1;15;7;2;8;1;0;0;1;0;0;0;0;1;POINT (13.55323772 52.56302274)
6;2018;1;16;1;3;5;2;2;0;1;0;0;0;0;0;POINT (13.27216154 52.45359271)
3;2018;1;18;7;2;0;1;2;1;0;0;0;0;0;1;POINT (13.45868768 52.52898616)
1;2018;1;23;6;3;2;6;2;0;1;0;0;0;0;1;POINT (13.35454247 52.55158116)
1;2018;1;16;1;2;6;4;2;0;0;1;1;0;0;0;POINT (13.37222958 52.55668699)
8;2018;1;18;6;3;5;3;2;1;1;0;0;0;0;1;POINT (13.43058254 52.49257258)
2;2018;1;18;6;3;5;2;2;1;1;0;0;0;0;1;POINT (13.45882062 52.50654195)
4;2018;1;15;1;3;5;2;0;0;1;0;1;0;0;0;POINT (13.32709516 52.47988725)
12;2018;1;17;2;3;6;2;1;0;1;1;0;0;0;1;POINT (13.31710812 52.58828638)
5;2018;1;17;6;2;3;6;2;0;1;0;0;0;0;0;POINT (13.15592028 52.53308367)
4;2018;1;14;1;3;5;3;0;1;0;0;0;0;1;0;POINT (13.31204327 52.50034126)
10;2018;1;15;6;3;6;4;0;0;1;1;0;0;0;0;POINT (13.60398789 52.53987179)
7;2018;1;14;1;3;2;2;0;0;1;0;0;0;1;0;POINT (13.40405533 52.45986041)
1;2018;1;9;2;3;6;4;0;0;1;1;0;0;0;1;POINT (13.38501827 52.53110385)
11;2018;1;14;6;3;5;7;0;0;1;0;0;0;0;0;POINT (13.49630348 52.52294883)
6;2018;1;18;2;3;6;2;2;0;1;1;0;0;0;1;POINT (13.31433531 52.42401234)
2;2018;1;12;1;3;1;5;0;1;1;0;0;0;0;0;POINT (13.41837892 52.50001292)
3;2018;1;13;6;3;6;6;0;1;0;1;0;0;0;0;POINT (13.43928721 52.54750251)
6;2018;1;11;1;3;5;7;0;1;1;0;0;0;0;0;POINT (13.32637838 52.42776779)
10;2018;1;2;6;3;6;2;2;0;0;1;0;0;1;1;POINT (13.61669223 52.54083759)
11;2018;1;6;1;3;6;4;2;0;0;1;0;0;1;0;POINT (13.50629909 52.51687428)
12;2018;1;8;6;3;2;6;0;0;1;0;0;0;0;1;POINT (13.32404891 52.60792242)
1;2018;1;10;6;3;5;3;0;0;1;0;0;0;0;1;POINT (13.38766736 52.56043484)
4;2018;1;9;1;3;5;2;0;0;1;0;0;0;0;0;POINT (13.2964738 52.49260443)
4;2018;1;17;2;3;6;2;2;0;1;1;0;0;0;1;POINT (13.3150828 52.51453983)
5;2018;1;11;6;3;5;7;0;0;1;0;1;0;0;1;POINT (13.18479464 52.53805942)
3;2018;1;9;1;3;5;2;0;1;1;0;0;0;0;0;POINT (13.45415404 52.56211507)
9;2018;1;11;1;3;6;4;0;0;1;1;0;0;0;0;POINT (13.4544087 52.489274)
4;2018;1;11;6;2;5;2;0;1;1;0;0;0;0;0;POINT (13.29721662 52.510626)
6;2018;1;9;1;2;6;4;0;0;1;1;0;0;0;0;POINT (13.344695 52.43763424)
1;2018;1;12;6;3;2;6;0;0;1;0;0;0;0;1;POINT (13.40518669 52.51976588)
7;2018;1;7;1;3;5;2;1;0;1;0;0;0;0;0;POINT (13.34614396 52.49712464)
1;2018;1;12;6;3;0;1;0;1;0;0;0;0;0;0;POINT (13.39098517 52.51570473)
3;2018;1;7;1;3;6;4;0;1;0;1;0;0;0;0;POINT (13.4178262 52.53929975)
4;2018;1;13;6;3;2;6;0;0;1;0;0;0;0;1;POINT (13.32007634 52.50162002)
8;2018;1;21;6;3;2;6;2;0;1;0;0;0;0;0;POINT (13.42516703 52.48045455)
1;2018;1;7;1;3;6;4;0;1;0;1;0;0;0;0;POINT (13.40329737 52.53209944)
7;2018;1;18;5;3;0;4;2;0;1;1;0;0;0;1;POINT (13.40224632 52.43970289)
3;2018;1;7;1;3;5;3;0;1;1;0;0;0;0;0;POINT (13.40297793 52.55296541)
8;2018;1;17;5;3;1;5;2;0;1;0;0;0;0;1;POINT (13.43090992 52.4857894)
5;2018;1;9;1;3;5;3;0;1;0;0;0;1;0;0;POINT (13.23832453 52.5446794)
11;2018;1;14;5;3;6;4;0;0;1;1;0;0;0;1;POINT (13.50603315 52.5623261)
1;2018;1;9;1;3;1;5;0;1;1;0;0;0;0;0;POINT (13.41974181 52.51014497)
6;2018;1;14;5;3;0;4;0;0;0;1;0;0;1;1;POINT (13.34444039 52.43797815)
1;2018;1;13;5;3;6;4;0;0;1;1;0;0;0;0;POINT (13.3404659 52.55123328)
4;2018;1;1;7;2;5;2;2;0;1;0;0;0;0;0;POINT (13.28055439 52.50651721)
9;2018;1;13;5;3;0;1;0;1;0;0;0;0;0;1;POINT (13.60738337 52.45299362)
10;2018;1;17;7;3;6;4;2;0;1;1;0;0;0;0;POINT (13.58667614 52.51173794)
7;2018;1;11;5;3;2;6;0;0;1;0;0;1;1;0;POINT (13.37574793 52.45524665)
9;2018;1;7;7;2;6;2;0;0;1;1;0;0;0;0;POINT (13.5413346 52.43528811)
3;2018;1;12;7;3;5;2;0;0;1;0;0;0;0;0;POINT (13.42906064 52.55631971)
12;2018;1;14;7;3;5;3;0;0;1;0;0;0;0;0;POINT (13.32624908 52.59168637)
1;2018;1;15;7;3;2;6;0;0;1;0;0;0;0;0;POINT (13.33566025 52.54170062)
1;2018;1;19;7;3;6;4;2;0;1;1;0;0;0;0;POINT (13.36333729 52.55788288)
2;2018;1;11;5;3;1;5;0;1;1;0;0;0;0;0;POINT (13.45598395 52.51801149)
2;2018;1;21;7;3;6;2;2;0;1;1;0;0;0;0;POINT (13.38618182 52.48486287)
7;2018;1;10;5;3;5;2;0;1;1;0;0;0;0;0;POINT (13.3857162 52.48163841)
1;2018;1;14;7;3;1;5;0;0;1;0;0;0;1;0;POINT (13.34536864 52.52752748)
2;2018;1;10;5;3;5;7;0;1;1;0;0;0;0;0;POINT (13.41882697 52.50140761)
6;2018;1;9;5;3;5;3;0;0;1;0;0;0;0;0;POINT (13.31572765 52.45873206)
7;2018;1;15;7;2;1;5;0;0;1;0;0;0;0;0;POINT (13.3431151 52.47472232)
6;2018;1;8;5;3;0;7;0;1;0;0;0;0;0;0;POINT (13.34241206 52.41175292)
1;2018;1;8;5;3;5;3;0;1;1;0;0;0;0;0;POINT (13.41109509 52.52593536)
9;2018;1;11;6;3;2;2;0;0;1;0;0;0;0;0;POINT (13.48159338 52.46077249)
8;2018;1;8;2;3;5;3;0;0;1;0;0;0;0;2;POINT (13.4442626 52.48472874)
4;2018;1;8;5;2;5;2;1;1;0;0;0;1;0;1;POINT (13.33042571 52.49508102)
4;2018;1;18;2;3;6;4;2;1;0;1;0;0;0;1;POINT (13.31084534 52.50031193)
12;2018;1;16;6;3;8;1;2;0;1;0;0;0;0;0;POINT (13.32644488 52.60453878)
1;2018;1;6;5;3;2;6;2;0;1;0;0;0;0;1;POINT (13.38857573 52.54775571)
6;2018;1;23;6;3;5;3;2;0;1;0;0;0;0;0;POINT (13.2702903 52.44235094)
2;2018;1;3;5;3;1;5;2;0;1;0;1;0;0;1;POINT (13.4442766 52.51413861)
8;2018;1;20;6;3;2;6;2;0;1;0;0;0;0;0;POINT (13.43473732 52.48445369)
6;2018;1;14;5;2;2;6;0;0;1;0;0;0;0;1;POINT (13.3449624 52.43722881)
6;2018;1;13;5;2;5;2;0;0;1;0;0;0;0;1;POINT (13.27983414 52.43245486)
10;2018;1;19;6;3;5;3;2;0;1;0;0;0;0;0;POINT (13.54330946 52.53422105)
7;2018;1;11;5;2;6;2;0;0;1;1;0;0;0;0;POINT (13.38426404 52.4715736)
5;2018;1;17;6;3;2;6;2;0;1;0;0;0;0;0;POINT (13.26952061 52.53673286)
1;2018;1;18;5;3;0;5;2;1;1;0;0;0;0;1;POINT (13.37955382 52.52302561)
1;2018;1;19;5;3;6;2;2;0;1;1;0;0;0;1;POINT (13.40996548 52.51060733)
6;2018;1;17;6;3;5;3;2;1;1;0;0;0;0;0;POINT (13.32705713 52.43988084)
3;2018;1;17;2;3;5;2;2;1;1;0;0;0;0;1;POINT (13.40268065 52.55123534)
2;2018;1;19;5;3;6;4;2;0;1;1;0;0;0;1;POINT (13.43815422 52.50305941)
12;2018;1;16;6;3;6;4;0;0;1;1;0;0;0;0;POINT (13.33484248 52.60965063)
6;2018;1;9;5;3;6;7;0;0;1;1;0;0;0;1;POINT (13.23124767 52.43684519)
1;2018;1;15;6;3;5;2;0;0;1;0;0;0;0;0;POINT (13.39367727 52.54113447)
4;2018;1;21;5;3;2;6;2;0;1;0;0;0;1;0;POINT (13.28021721 52.50618521)
2;2018;1;15;6;3;5;2;0;1;1;0;0;0;0;0;POINT (13.41044662 52.50346787)
4;2018;1;18;5;3;6;2;2;0;1;1;0;0;0;1;POINT (13.30860254 52.49008134)
8;2018;1;13;6;3;6;4;0;0;1;1;0;0;0;0;POINT (13.44350526 52.46435724)
6;2018;1;17;5;2;1;5;1;0;1;0;0;0;0;1;POINT (13.28289036 52.45885706)
12;2018;1;13;6;3;5;3;0;0;1;0;0;0;0;0;POINT (13.36415042 52.5971011)
6;2018;1;18;2;2;6;4;2;0;1;1;0;0;0;1;POINT (13.34794639 52.42418751)
2;2018;1;17;4;3;1;5;2;1;1;0;0;0;0;1;POINT (13.38733121 52.50398596)
7;2018;1;13;6;3;5;2;0;0;1;0;0;0;0;0;POINT (13.34437636 52.47857423)
4;2018;1;13;6;3;5;3;0;1;1;0;0;0;0;0;POINT (13.28170749 52.47647225)
6;2018;1;11;4;3;5;2;0;1;0;0;0;0;1;1;POINT (13.31751557 52.43065211)
11;2018;1;10;6;3;2;6;0;0;1;0;0;0;0;0;POINT (13.50559154 52.53561866)
10;2018;1;10;4;3;6;2;0;0;0;1;0;0;1;1;POINT (13.52916814 52.52566359)