bez;ujahr;umonat;ustunde;uwochentag;ukategorie;uart;utyp1;ulichtverh;istrad;istpkw;istfuss;istkrad;istgkfz;istsonstige;ustrzustand;geometry
2;2018;1;9;6;3;0;1;0;1;0;0;0;0;0;0;POINT (13.41628262 52.48797765)
5;2018;1;7;4;3;5;3;2;0;1;0;0;0;0;1;POINT (13.17557274 52.5172046)
4;2018;1;8;6;3;3;2;0;0;1;0;0;0;0;0;POINT (13.32510629 52.51747553)
2;2018;1;21;4;3;2;7;2;0;1;0;0;0;0;1;POINT (13.43597686 52.52328734)
1;2018;1;5;6;3;0;1;2;0;0;0;1;0;0;0;POINT (13.39604616 52.5186812)
4;2018;1;21;4;2;0;7;2;0;1;0;0;0;0;0;POINT (13.27109202 52.51979261)
4;2018;1;1;6;3;0;7;2;0;1;0;0;0;1;0;POINT (13.28838579 52.51313795)
7;2018;1;21;4;3;5;2;2;0;1;0;0;0;0;1;POINT (13.34827631 52.48183363)
1;2018;1;18;4;2;5;2;2;0;1;0;0;0;1;1;POINT (13.39034952 52.50774353)
8;2018;1;1;6;3;3;6;2;0;1;0;0;0;0;0;POINT (13.42790562 52.48685466)
5;2018;1;10;4;3;6;4;0;0;1;1;0;0;0;0;POINT (13.15721511 52.53484964)
2;2018;1;22;6;2;5;3;2;0;1;0;0;0;0;0;POINT (13.38024842 52.49879596)
8;2018;1;17;4;3;2;6;2;0;1;0;0;0;0;1;POINT (13.4228106 52.4629133)
4;2018;1;20;5;3;6;4;2;0;1;1;0;0;0;0;POINT (13.33295463 52.50646633)
4;2018;1;17;4;3;6;2;2;0;1;1;0;0;0;1;POINT (13.31576063 52.47507052)
1;2018;1;13;5;3;5;2;0;0;1;0;0;0;0;0;POINT (13.37200763 52.55558598)
1;2018;1;17;4;3;5;2;2;0;1;0;0;0;1;1;POINT (13.37044613 52.54463201)
1;2018;1;12;5;3;5;2;0;1;1;0;0;0;0;1;POINT (13.36015856 52.53724096)
1;2018;1;16;4;3;5;2;2;0;0;0;1;0;1;1;POINT (13.34338993 52.53207126)
7;2018;1;16;4;3;5;2;1;0;1;0;0;1;0;1;POINT (13.34613179 52.49712066)
1;2018;1;11;5;3;3;6;0;1;1;0;0;0;0;1;POINT (13.41515985 52.52742561)
5;2018;1;15;4;3;5;3;0;0;1;0;0;0;1;1;POINT (13.14205967 52.53411309)
1;2018;1;15;4;3;5;2;0;0;1;0;0;0;0;1;POINT (13.3711896 52.51112461)
5;2018;1;17;5;3;2;6;2;0;1;0;0;0;0;0;POINT (13.20204529 52.53476389)
5;2018;1;16;2;2;5;2;0;0;1;0;0;0;0;1;POINT (13.15782166 52.54309173)
8;2018;1;14;4;3;5;3;0;0;1;0;0;0;0;1;POINT (13.46463631 52.4763939)
7;2018;1;23;1;2;5;3;2;0;1;0;0;0;1;0;POINT (13.37662993 52.46004345)
12;2018;1;13;4;3;5;2;0;0;1;0;0;0;0;1;POINT (13.34606973 52.59152233)
8;2018;1;9;5;3;5;3;0;0;1;0;0;0;0;1;POINT (13.43858246 52.46534222)
11;2018;1;11;2;3;5;3;0;0;1;0;0;1;0;1;POINT (13.52174822 52.55401225)
1;2018;1;12;4;3;4;6;0;0;0;0;0;0;1;1;POINT (13.3917933 52.52525535)
3;2018;1;7;5;3;5;2;1;1;1;0;0;0;0;1;POINT (13.45936555 52.52936086)
12;2018;1;12;4;3;6;7;0;0;0;1;0;0;1;1;POINT (13.31494233 52.56728603)
4;2018;1;7;5;3;5;2;1;1;0;0;0;0;1;1;POINT (13.32501 52.51751119)
10;2018;1;12;4;3;5;3;0;0;1;0;0;0;1;1;POINT (13.60028063 52.47641284)
5;2018;1;10;4;3;5;2;0;0;0;0;0;1;1;2;POINT (13.24716872 52.54421047)
9;2018;1;6;5;3;2;6;2;0;1;0;0;0;0;1;POINT (13.58013115 52.45214347)
1;2018;1;10;4;2;5;3;0;0;1;0;0;0;0;1;POINT (13.32842148 52.53301219)
5;2018;1;17;4;2;6;2;1;0;1;1;0;0;0;1;POINT (13.1653078 52.55102084)
1;2018;1;5;5;3;5;2;2;1;1;0;0;0;0;0;POINT (13.36154627 52.53799657)
12;2018;1;18;2;3;3;6;2;1;1;0;0;0;0;1;POINT (13.31240741 52.56924598)
5;2018;1;17;4;3;6;2;2;0;1;1;0;0;0;1;POINT (13.14421595 52.45431159)
7;2018;1;16;5;3;2;6;1;0;1;0;0;0;0;0;POINT (13.38567792 52.46709969)
5;2018;1;9;4;3;2;6;0;0;1;0;0;0;0;1;POINT (13.23289893 52.52765705)
5;2018;1;16;5;3;2;6;1;0;1;0;0;0;0;0;POINT (13.20375326 52.54526934)
2;2018;1;9;4;3;4;1;0;0;1;0;0;0;0;0;POINT (13.44640264 52.49869978)
4;2018;1;15;5;3;5;3;0;0;1;0;1;0;0;0;POINT (13.30701122 52.47955492)
12;2018;1;9;4;3;2;2;0;0;1;0;0;0;0;1;POINT (13.24321805 52.60157236)
10;2018;1;14;5;3;5;7;0;1;1;0;0;0;0;1;POINT (13.60106951 52.48043989)
9;2018;1;7;4;3;5;3;1;1;1;0;0;0;0;0;POINT (13.54353293 52.43379923)
2;2018;1;7;4;3;5;2;1;1;1;0;0;0;0;1;POINT (13.42969575 52.52115755)
7;2018;1;15;5;3;5;2;1;0;1;0;0;0;0;0;POINT (13.36136047 52.41245725)
9;2018;1;6;4;3;6;4;2;0;1;1;0;0;0;0;POINT (13.50057871 52.43506376)
12;2018;1;19;5;3;2;2;0;0;1;0;0;0;0;0;POINT (13.33319642 52.5954993)
6;2018;1;17;5;2;1;5;2;0;1;0;1;0;0;0;POINT (13.30801542 52.42991673)
4;2018;1;5;4;3;5;3;2;1;1;0;0;0;0;1;POINT (13.32982726 52.51001355)
12;2018;1;19;5;2;6;4;2;0;0;1;1;0;0;0;POINT (13.30172496 52.61707771)
6;2018;1;17;4;2;6;4;2;0;1;1;0;0;0;1;POINT (13.26008622 52.43428599)
6;2018;1;16;5;2;5;2;1;1;1;0;0;0;0;0;POINT (13.25820034 52.43537592)
9;2018;1;17;4;3;5;2;2;1;1;0;0;0;0;1;POINT (13.45051395 52.48924852)
11;2018;1;22;5;3;0;1;2;1;0;0;0;0;0;0;POINT (13.47145313 52.50517814)
4;2018;1;18;4;3;6;2;2;0;1;1;0;0;0;1;POINT (13.28120587 52.51282479)
2;2018;1;13;5;3;6;7;0;1;1;1;1;0;0;0;POINT (13.42807713 52.4993537)
7;2018;1;18;4;2;6;4;2;0;1;1;0;0;0;1;POINT (13.39228151 52.41371113)
6;2018;1;8;4;3;2;6;0;0;1;0;0;0;0;0;POINT (13.29735154 52.44236776)
8;2018;1;18;4;3;6;2;2;0;1;1;0;0;0;1;POINT (13.44800304 52.47788403)
1;2018;1;7;4;2;6;2;2;0;1;1;0;0;0;1;POINT (13.33557606 52.5266892)
10;2018;1;18;4;2;6;4;2;0;1;1;0;0;0;1;POINT (13.60515539 52.5365726)
6;2018;1;14;4;3;1;5;0;0;1;0;0;0;0;1;POINT (13.24724191 52.44620589)
3;2018;1;18;4;2;6;2;2;0;1;1;0;0;0;1;POINT (13.49802868 52.62830372)
6;2018;1;17;4;3;5;3;2;1;1;0;0;0;0;1;POINT (13.26479637 52.41931111)
6;2018;1;19;4;3;6;4;2;0;1;1;0;0;0;1;POINT (13.32001085 52.4604078)
7;2018;1;17;4;3;5;2;1;1;0;0;0;0;1;2;POINT (13.34619172 52.49764983)
11;2018;1;19;4;2;6;2;2;0;1;1;0;0;0;1;POINT (13.51969479 52.50570247)
2;2018;1;17;4;3;6;2;1;0;1;1;0;0;0;1;POINT (13.47530942 52.51188447)
4;2018;1;19;4;3;3;6;2;0;1;0;0;0;0;1;POINT (13.29642028 52.54848458)
9;2018;1;19;4;3;6;2;2;0;1;1;0;0;0;1;POINT (13.454351 52.49385236)
8;2018;1;21;4;3;6;2;2;0;1;1;0;0;0;1;POINT (13.42946516 52.47086486)
9;2018;1;19;4;2;6;7;2;0;1;1;0;0;0;1;POINT (13.58401889 52.44184877)
5;2018;1;11;3;2;6;4;0;0;1;1;0;0;0;1;POINT (13.19687074 52.52563291)
8;2018;1;11;3;3;2;1;0;0;1;0;0;0;0;1;POINT (13.43314366 52.48177839)
1;2018;1;15;3;2;6;4;0;0;1;1;0;0;0;1;POINT (13.35457614 52.50192402)
9;2018;1;19;4;3;5;2;2;0;1;0;0;0;0;1;POINT (13.54521127 52.42574204)
4;2018;1;14;3;2;2;6;0;0;1;0;0;0;0;1;POINT (13.32912686 52.50041766)
3;2018;1;17;3;2;6;4;2;0;1;1;0;0;0;1;POINT (13.46000613 52.55980858)
7;2018;1;19;4;3;5;7;2;0;1;0;0;0;0;1;POINT (13.34518475 52.48786956)
1;2018;1;9;2;3;0;3;0;0;1;0;1;0;0;1;POINT (13.39199422 52.52355785)
1;2018;1;17;3;3;2;2;2;0;1;0;0;0;0;1;POINT (13.37707271 52.51307601)
4;2018;1;18;2;2;6;4;2;1;0;1;0;0;0;1;POINT (13.28823446 52.51364074)
2;2018;1;18;4;3;5;3;2;0;1;0;0;0;0;1;POINT (13.39463845 52.50456263)
6;2018;1;16;3;3;2;2;2;0;1;1;0;0;0;1;POINT (13.28701325 52.41785284)
8;2018;1;17;4;3;6;4;2;0;0;1;1;0;0;1;POINT (13.45895202 52.44043627)
4;2018;1;13;3;3;3;6;0;0;1;0;0;0;0;1;POINT (13.27521509 52.50120482)
1;2018;1;18;4;3;1;6;2;1;1;0;0;0;0;1;POINT (13.39686172 52.53713787)
11;2018;1;18;3;3;5;7;2;0;0;0;0;0;1;1;POINT (13.49854958 52.51570371)
11;2018;1;18;3;3;1;5;2;1;1;0;0;0;0;1;POINT (13.49612646 52.53979867)
3;2018;1;18;4;3;5;3;2;1;1;0;0;0;0;1;POINT (13.44230684 52.54659986)
11;2018;1;18;2;3;2;6;2;0;1;0;0;0;0;1;POINT (13.54993499 52.56887268)
3;2018;1;10;3;2;6;7;0;1;0;1;0;0;0;1;POINT (13.36631179 52.58704177)
10;2018;1;19;4;3;5;2;2;0;1;0;0;0;1;1;POINT (13.58379642 52.52434568)
11;2018;1;17;4;3;6;3;2;0;1;1;0;0;0;1;POINT (13.49159726 52.51141352)
6;2018;1;16;4;2;6;4;2;0;1;1;0;0;0;1;POINT (13.34506996 52.44882304)
4;2018;1;17;2;3;5;3;2;0;1;0;0;0;0;1;POINT (13.28819135 52.51378399)
6;2018;1;9;3;3;1;5;0;1;1;0;0;0;0;2;POINT (13.33833748 52.44673927)
10;2018;1;16;4;3;6;4;2;0;1;1;0;0;0;1;POINT (13.59239682 52.54701603)
1;2018;1;8;3;3;5;3;0;0;1;0;1;0;0;1;POINT (13.3888221 52.51706893)
9;2018;1;15;4;3;5;2;1;1;0;0;0;0;1;1;POINT (13.56829227 52.44488748)
5;2018;1;8;3;3;6;4;0;0;1;1;0;0;0;1;POINT (13.19681894 52.51340929)
10;2018;1;15;4;3;6;4;0;0;1;1;0;0;0;1;POINT (13.54861517 52.54328139)
1;2018;1;7;3;3;1;5;0;1;1;0;0;0;1;1;POINT (13.36998512 52.50004996)
4;2018;1;7;3;3;5;3;1;1;1;0;0;0;0;2;POINT (13.32982956 52.5100128)
10;2018;1;15;4;3;5;3;0;1;1;0;0;0;0;1;POINT (13.55183584 52.56139698)
11;2018;1;6;3;2;1;5;2;1;1;0;0;0;0;1;POINT (13.49173141 52.52057777)
7;2018;1;15;4;3;5;3;0;1;1;0;0;0;0;1;POINT (13.39253755 52.39816016)
9;2018;1;6;3;3;5;7;1;0;1;0;0;0;1;2;POINT (13.52174513 52.46055582)
8;2018;1;14;4;3;5;3;0;1;1;0;0;0;0;1;POINT (13.42450956 52.48643396)
5;2018;1;19;3;2;5;3;2;0;1;0;0;0;0;1;POINT (13.18886467 52.54668667)
4;2018;1;18;3;3;5;3;2;0;1;0;0;0;0;1;POINT (13.29493068 52.53962657)
8;2018;1;14;4;3;2;6;0;0;1;0;0;0;0;1;POINT (13.43818495 52.45161882)
4;2018;1;18;3;3;5;3;1;0;1;0;1;0;0;1;POINT (13.3202143 52.47500349)
10;2018;1;13;4;3;2;6;0;0;1;0;0;0;0;1;POINT (13.61325177 52.49913432)
2;2018;1;18;3;3;0;1;2;1;0;0;0;0;0;1;POINT (13.37668032 52.48857066)
5;2018;1;18;4;3;8;1;2;0;1;0;0;0;0;1;POINT (13.18278049 52.5383795)
1;2018;1;18;3;3;2;6;2;0;1;0;0;0;1;1;POINT (13.37664782 52.55663631)
2;2018;1;7;4;3;6;4;2;0;0;1;0;0;1;1;POINT (13.42888045 52.49843849)
7;2018;1;18;3;3;1;5;2;0;1;0;0;0;1;1;POINT (13.34602454 52.47856179)
2;2018;1;7;4;3;6;4;1;1;0;1;0;0;0;1;POINT (13.38753451 52.49307058)
9;2018;1;16;2;2;6;4;1;1;0;1;0;0;0;0;POINT (13.58136696 52.4430707)
2;2018;1;19;2;3;6;2;2;0;1;1;0;0;0;1;POINT (13.46316193 52.49950185)
7;2018;1;13;4;3;5;2;0;0;1;0;0;0;1;1;POINT (13.3655993 52.49726412)
2;2018;1;22;2;3;5;2;2;0;1;0;0;0;0;1;POINT (13.40666159 52.49844466)
12;2018;1;13;4;3;2;1;0;0;1;0;0;0;0;1;POINT (13.28708525 52.58381841)
6;2018;1;12;4;3;2;1;0;0;1;0;1;0;0;1;POINT (13.26815701 52.40662856)
1;2018;1;22;2;3;3;6;2;0;1;0;0;0;0;1;POINT (13.41956039 52.51518167)
4;2018;1;11;4;2;6;2;0;0;1;1;0;0;0;1;POINT (13.31826624 52.51087731)
1;2018;1;22;2;3;5;3;2;0;1;0;0;0;0;1;POINT (13.3901944 52.50863713)
3;2018;1;11;4;3;2;6;0;0;1;1;0;0;0;1;POINT (13.42637874 52.60308039)
3;2018;1;20;2;3;2;2;2;0;1;0;0;0;0;1;POINT (13.44474966 52.5455658)
1;2018;1;19;2;3;6;6;2;1;0;1;0;0;0;1;POINT (13.33574579 52.52831496)
4;2018;1;10;4;3;5;2;0;1;1;0;0;0;0;1;POINT (13.33062553 52.49315686)
6;2018;1;19;2;3;5;3;2;0;1;0;0;0;0;1;POINT (13.32137609 52.42964376)
2;2018;1;19;2;3;1;5;2;1;0;0;0;0;1;1;POINT (13.3950816 52.49971033)
8;2018;1;10;4;3;5;2;1;1;1;0;0;0;0;1;POINT (13.43660572 52.45739187)
4;2018;1;8;2;3;5;3;0;1;1;0;0;0;0;1;POINT (13.33100823 52.49322684)
6;2018;1;18;2;2;6;4;2;0;1;1;0;0;0;2;POINT (13.28005788 52.45941755)
1;2018;1;20;1;3;5;3;2;1;0;0;0;0;0;0;POINT (13.34851341 52.52192897)
8;2018;1;20;2;3;1;1;2;0;1;0;0;0;0;1;POINT (13.40990425 52.48187573)
7;2018;1;10;4;3;2;6;0;0;1;0;0;0;1;1;POINT (13.40090066 52.41453019)
3;2018;1;3;2;3;9;1;2;0;0;0;0;0;1;1;POINT (13.42867931 52.58161119)
1;2018;1;9;4;3;5;2;0;1;0;0;0;0;1;1;POINT (13.38083762 52.5163662)
9;2018;1;5;2;2;5;2;2;0;1;0;0;0;0;2;POINT (13.55220695 52.43939842)
5;2018;1;8;4;3;0;6;0;0;1;0;0;0;1;1;POINT (13.26539766 52.53682008)
1;2018;1;5;2;3;6;2;2;0;1;1;0;0;0;2;POINT (13.36603679 52.52531441)
1;2018;1;5;2;3;5;2;2;0;1;0;0;0;0;2;POINT (13.38709846 52.52709527)
1;2018;1;8;4;3;5;3;0;1;1;0;0;0;0;1;POINT (13.36668207 52.54819731)
8;2018;1;6;2;3;2;2;2;0;1;0;0;0;1;1;POINT (13.43658933 52.42363038)
2;2018;1;7;2;3;6;2;0;0;1;1;0;0;0;1;POINT (13.3769561 52.49154522)
11;2018;1;8;4;3;1;5;0;1;1;0;0;0;0;1;POINT (13.50093161 52.5057072)
9;2018;1;17;2;3;2;6;2;0;1;0;0;0;0;1;POINT (13.48831426 52.45127024)
1;2018;1;16;2;3;5;7;0;0;1;0;1;0;0;1;POINT (13.36616784 52.55213482)
5;2018;1;7;4;3;6;4;0;0;1;1;0;0;0;1;POINT (13.15418767 52.53438925)
6;2018;1;7;2;3;5;3;0;0;1;0;0;0;1;1;POINT (13.19898502 52.43414284)
7;2018;1;7;4;2;2;6;0;0;1;0;0;0;0;1;POINT (13.34551787 52.49398767)
9;2018;1;15;2;3;5;7;0;1;1;0;0;0;0;1;POINT (13.6208168 52.45229626)
8;2018;1;7;4;3;4;5;1;1;1;0;0;0;0;1;POINT (13.42580518 52.47752728)
1;2018;1;14;2;3;6;2;0;0;1;1;0;0;0;1;POINT (13.3299808 52.52378453)
2;2018;1;7;4;3;5;3;0;1;0;0;0;0;1;1;POINT (13.39051416 52.5067825)
1;2018;1;14;2;3;5;2;0;1;1;0;0;0;0;0;POINT (13.42087193 52.518276)
3;2018;1;9;7;2;5;3;0;0;1;0;0;0;0;0;POINT (13.42622779 52.57587997)
4;2018;1;14;2;3;2;6;0;0;1;0;0;0;0;1;POINT (13.2971232 52.52668715)
6;2018;1;7;4;2;6;4;2;0;1;1;0;0;0;1;POINT (13.26481522 52.41925681)
7;2018;1;9;7;3;5;3;0;0;1;0;0;0;0;1;POINT (13.35403083 52.49985615)
12;2018;1;13;2;3;5;3;0;0;1;0;0;0;0;1;POINT (13.31612413 52.5710606)
10;2018;1;6;3;3;5;3;0;1;0;0;0;0;1;0;POINT (13.57479251 52.56563283)
1;2018;1;17;3;3;2;2;2;0;1;0;0;0;0;0;POINT (13.41240014 52.52408654)
9;2018;1;12;7;3;2;6;0;0;1;0;0;0;0;1;POINT (13.56368383 52.43791301)
5;2018;1;13;7;2;1;5;0;0;1;0;0;0;0;1;POINT (13.16525039 52.46709287)
6;2018;1;13;2;3;5;3;0;0;1;0;1;0;0;1;POINT (13.30925847 52.43887851)
11;2018;1;18;3;3;0;5;2;1;1;0;0;0;0;1;POINT (13.49139207 52.52654496)
1;2018;1;16;7;3;0;2;1;0;1;0;0;0;1;0;POINT (13.35008711 52.5031883)
4;2018;1;13;2;3;2;6;0;0;1;0;0;0;0;1;POINT (13.29994403 52.52158923)
2;2018;1;20;3;3;7;7;2;1;0;0;0;0;0;0;POINT (13.4491336 52.52669957)
9;2018;1;12;2;3;2;6;0;0;1;0;0;0;0;1;POINT (13.56282714 52.45664572)
9;2018;1;17;3;3;5;3;2;0;1;0;0;0;0;0;POINT (13.52614062 52.42376822)
12;2018;1;18;3;3;5;7;2;0;1;0;0;0;0;1;POINT (13.27544684 52.57576974)
4;2018;1;10;5;3;2;6;0;0;1;0;0;0;0;1;POINT (13.31073331 52.51619085)
4;2018;2;16;4;3;5;2;1;1;1;0;0;0;0;0;POINT (13.32570389 52.50550089)
11;2018;2;11;4;3;1;5;0;1;1;0;0;0;0;0;POINT (13.49937621 52.51986157)
6;2018;1;8;5;3;6;2;0;0;1;1;0;0;0;0;POINT (13.2489959 52.41942446)
1;2018;2;15;4;3;6;7;0;1;0;1;0;0;0;0;POINT (13.3388412 52.53139953)
3;2018;1;10;5;3;5;3;0;0;1;0;0;0;1;1;POINT (13.46196407 52.5589819)
1;2018;2;10;4;3;2;6;0;0;1;0;0;0;0;0;POINT (13.32833344 52.53459829)
1;2018;1;8;5;3;2;6;0;0;1;0;0;0;0;1;POINT (13.33657552 52.54255681)
1;2018;2;9;4;3;3;6;0;1;0;0;0;1;0;0;POINT (13.37033265 52.51690122)
10;2018;2;10;4;3;2;6;0;0;1;0;0;0;0;1;POINT (13.61339307 52.49885037)
1;2018;1;8;5;3;8;1;0;0;1;0;0;0;0;1;POINT (13.33921908 52.5439505)
4;2018;2;9;4;3;2;7;0;0;1;0;0;0;0;0;POINT (13.33196401 52.5062875)
7;2018;1;7;5;3;3;6;1;1;0;0;0;0;1;1;POINT (13.38101089 52.44173499)
6;2018;2;14;4;3;5;2;0;0;1;0;1;0;0;0;POINT (13.23146114 52.43682442)
8;2018;1;7;5;3;6;2;1;0;1;1;0;0;0;1;POINT (13.43555271 52.46675392)
9;2018;1;7;5;3;6;4;0;0;1;1;0;0;0;1;POINT (13.5494909 52.43610185)
2;2018;2;8;4;3;6;4;0;0;1;1;0;0;0;1;POINT (13.45018172 52.50348361)
10;2018;1;7;5;3;6;2;0;0;1;1;0;0;0;1;POINT (13.56267546 52.51904011)
1;2018;2;7;4;3;5;2;0;1;1;0;0;0;0;0;POINT (13.38083762 52.5163662)
12;2018;1;7;5;3;6;3;1;0;1;1;0;0;0;1;POINT (13.35476614 52.5966191)
5;2018;1;7;5;3;6;2;2;0;1;1;0;0;0;1;POINT (13.19400364 52.54578851)
2;2018;2;14;4;3;6;2;0;0;1;1;0;0;0;0;POINT (13.41053316 52.50343396)
11;2018;1;7;5;3;5;2;2;1;1;0;0;0;0;1;POINT (13.4808088 52.49910057)
9;2018;1;6;5;3;5;5;2;0;1;0;1;0;0;1;POINT (13.48309692 52.48048665)
6;2018;2;14;4;3;1;5;0;0;1;0;0;0;0;0;POINT (13.25057245 52.44986685)
9;2018;2;14;4;2;8;1;0;0;1;0;0;0;0;0;POINT (13.62303407 52.4565085)
3;2018;1;6;5;3;5;3;2;1;1;0;0;0;0;1;POINT (13.42699255 52.55210852)
8;2018;2;13;4;3;2;6;0;0;1;0;0;0;0;0;POINT (13.43474928 52.4618163)
12;2018;1;19;5;2;5;3;2;0;1;0;0;0;0;1;POINT (13.31511297 52.5765148)
4;2018;1;18;5;3;6;7;2;0;1;1;0;0;0;1;POINT (13.31710571 52.51399177)
1;2018;1;18;5;3;5;3;2;0;1;0;0;0;0;1;POINT (13.39020762 52.53541469)
4;2018;2;7;4;2;6;2;1;0;0;1;0;1;0;0;POINT (13.28837559 52.51317182)
9;2018;1;18;5;3;6;4;2;0;1;1;0;0;0;1;POINT (13.54089899 52.40395465)
6;2018;1;17;5;2;6;4;2;0;1;1;0;0;0;1;POINT (13.26664202 52.41344807)
4;2018;1;16;5;3;5;2;1;0;1;0;0;0;0;1;POINT (13.28025889 52.51832514)
11;2018;2;6;4;2;5;3;2;1;1;0;0;0;0;0;POINT (13.50590238 52.50893298)
12;2018;1;16;5;2;5;3;2;1;1;0;0;0;0;1;POINT (13.29993824 52.57894759)
3;2018;2;9;4;3;6;4;0;0;0;1;0;0;1;1;POINT (13.44981546 52.55104734)
6;2018;1;15;5;3;6;2;1;0;1;1;0;0;0;1;POINT (13.25942711 52.43318918)
5;2018;2;6;4;3;2;6;2;0;1;0;0;0;1;0;POINT (13.20768844 52.553951)
8;2018;1;15;5;3;5;3;0;0;1;0;0;0;0;1;POINT (13.45462763 52.47460142)
8;2018;2;5;4;3;6;2;2;0;1;1;0;0;0;0;POINT (13.44427418 52.45496656)
3;2018;1;14;5;3;5;3;0;0;1;0;0;0;0;1;POINT (13.42030478 52.56700773)
12;2018;2;19;4;2;6;4;2;0;1;1;0;0;0;0;POINT (13.34006987 52.56635845)
2;2018;2;20;4;3;3;6;2;1;0;0;0;0;1;0;POINT (13.42034083 52.50276633)
9;2018;1;13;5;3;2;2;0;0;1;0;0;0;0;1;POINT (13.55910627 52.44846596)
12;2018;2;21;4;3;5;3;2;0;1;0;0;0;0;0;POINT (13.36090123 52.59422682)
5;2018;1;12;5;3;2;6;0;0;1;0;0;1;0;1;POINT (13.24729624 52.53807718)
10;2018;1;21;3;3;5;3;2;0;1;0;0;0;0;1;POINT (13.57263019 52.55009426)
3;2018;1;12;5;3;0;3;0;0;1;0;0;0;1;0;POINT (13.44827971 52.54934122)
3;2018;1;21;3;3;6;6;2;1;0;1;0;0;0;1;POINT (13.47484348 52.61559751)
2;2018;1;6;5;3;5;3;2;1;1;0;0;0;0;1;POINT (13.40518243 52.49605406)
3;2018;1;18;3;3;0;7;2;1;1;0;0;0;0;1;POINT (13.40238523 52.5467032)
1;2018;1;11;5;3;1;5;0;1;1;0;0;0;0;1;POINT (13.38366532 52.55521357)
1;2018;1;17;3;3;2;2;2;0;1;0;0;0;0;1;POINT (13.32997491 52.52378401)
3;2018;1;23;3;3;8;1;2;0;1;0;0;0;0;1;POINT (13.3597034 52.58544649)
12;2018;1;11;5;2;5;3;0;0;1;0;0;0;0;1;POINT (13.29252444 52.63120835)
4;2018;1;22;3;3;2;6;2;0;1;0;0;0;0;1;POINT (13.32060083 52.48387672)
7;2018;1;10;5;3;1;5;0;1;1;0;0;0;0;1;POINT (13.35009904 52.48959672)
3;2018;1;22;3;3;5;3;2;1;1;0;0;0;0;1;POINT (13.46288119 52.5323808)
1;2018;1;20;5;2;6;4;2;0;0;1;0;0;1;1;POINT (13.38868414 52.54761468)
5;2018;1;22;3;2;6;4;2;0;1;1;0;0;0;1;POINT (13.18578637 52.51673523)
1;2018;1;21;3;3;6;2;2;0;1;1;0;0;0;1;POINT (13.36438556 52.50995884)
1;2018;1;22;5;2;5;3;2;0;1;0;0;0;0;1;POINT (13.38549652 52.55012339)
4;2018;1;21;3;3;6;4;2;0;1;1;0;0;0;1;POINT (13.33138588 52.50674501)
12;2018;1;20;5;3;5;2;2;0;1;0;0;0;0;1;POINT (13.29791873 52.57817358)
1;2018;1;20;3;3;6;2;2;0;1;1;0;0;0;1;POINT (13.3866453 52.54936286)
5;2018;1;20;3;3;6;2;2;0;1;1;0;0;0;1;POINT (13.20061336 52.54866772)
8;2018;1;17;4;3;5;3;1;0;1;0;0;0;0;1;POINT (13.44042282 52.41743588)
3;2018;1;6;3;3;0;7;2;0;1;0;0;0;0;0;POINT (13.41447671 52.55359323)
11;2018;1;17;4;3;6;2;2;0;1;1;0;0;0;1;POINT (13.5198524 52.50596475)
1;2018;1;18;3;3;6;7;2;0;1;1;0;0;0;1;POINT (13.34148589 52.52553407)
5;2018;1;23;4;2;0;3;2;0;1;0;0;0;0;1;POINT (13.26292844 52.54846343)
3;2018;1;23;4;3;5;2;2;0;1;0;0;0;0;1;POINT (13.42858196 52.54783232)
6;2018;1;13;3;3;0;7;0;0;0;0;1;0;0;0;POINT (13.35374252 52.44915945)
11;2018;1;17;4;3;2;6;1;0;1;0;0;0;0;1;POINT (13.51447763 52.55142544)
5;2018;1;14;4;3;0;2;0;1;1;0;0;0;0;1;POINT (13.18205704 52.53619368)
3;2018;1;18;3;3;2;6;2;0;1;0;0;0;0;1;POINT (13.43922579 52.56690654)
8;2018;1;11;3;3;5;3;0;0;1;0;0;0;0;1;POINT (13.44520471 52.47407678)
3;2018;1;15;4;3;6;4;0;0;1;1;0;0;0;1;POINT (13.44009367 52.54834445)
1;2018;1;11;3;2;3;2;0;0;1;0;0;1;0;1;POINT (13.32962955 52.5237877)
7;2018;1;14;4;3;6;7;0;0;1;1;0;0;0;1;POINT (13.33159951 52.46811598)
1;2018;1;11;3;3;0;1;0;0;0;0;1;0;0;1;POINT (13.38621141 52.528029)
4;2018;1;10;4;3;2;6;0;0;1;0;1;0;0;1;POINT (13.31352945 52.50624254)
8;2018;1;16;4;2;6;4;2;0;1;1;0;0;0;1;POINT (13.45295821 52.4526801)
10;2018;1;18;3;3;6;2;2;0;1;1;0;0;0;1;POINT (13.60071621 52.53836564)
8;2018;1;13;4;3;2;6;0;0;1;0;0;0;0;1;POINT (13.45398939 52.43498321)
9;2018;1;17;4;3;6;2;2;0;1;1;0;0;0;1;POINT (13.57610018 52.45288355)
1;2018;1;8;3;3;5;2;0;1;1;0;0;0;0;0;POINT (13.39092682 52.51574702)
4;2018;1;10;4;2;6;2;0;0;1;1;0;0;0;1;POINT (13.29420765 52.497826)
4;2018;1;8;3;2;6;4;0;0;1;1;0;0;0;1;POINT (13.29658179 52.54824525)