bez;ujahr;umonat;ustunde;uwochentag;ukategorie;uart;utyp1;ulichtverh;istrad;istpkw;istfuss;istkrad;istgkfz;istsonstige;ustrzustand;geometry
3;2018;1;7;3;3;5;3;1;1;1;0;0;0;0;0;POINT (13.45556575 52.5560921)
11;2018;1;9;4;3;6;4;0;0;1;1;0;0;0;1;POINT (13.5093556 52.5515811)
3;2018;1;7;3;3;6;2;0;0;1;1;0;0;0;0;POINT (13.41193145 52.54064548)
9;2018;1;9;4;3;2;6;0;0;1;0;0;0;0;1;POINT (13.57901855 52.45819108)
6;2018;1;7;3;3;5;3;0;1;0;0;0;0;0;0;POINT (13.2846613 52.46439485)
1;2018;1;9;4;3;5;2;0;1;1;0;0;0;0;1;POINT (13.3767927 52.50963205)
9;2018;1;14;3;2;6;4;0;0;1;1;0;0;0;1;POINT (13.58530782 52.42732014)
6;2018;1;9;4;2;5;2;0;0;1;0;0;0;0;0;POINT (13.30731221 52.4332849)
4;2018;1;15;3;3;1;5;0;1;1;0;0;0;0;0;POINT (13.28324677 52.47519056)
1;2018;1;6;2;3;6;7;2;1;0;1;0;0;0;0;POINT (13.39823221 52.51728156)
7;2018;1;8;4;3;5;3;0;0;1;0;0;0;0;0;POINT (13.3758669 52.45770373)
4;2018;1;17;2;3;0;4;1;0;0;1;0;0;1;0;POINT (13.33263403 52.50630557)
2;2018;1;8;4;3;5;2;0;1;1;0;0;0;0;0;POINT (13.39962776 52.50671635)
1;2018;1;8;4;3;0;2;1;0;1;0;0;0;1;0;POINT (13.41338531 52.5252221)
9;2018;1;11;2;3;6;7;0;0;1;1;0;0;0;0;POINT (13.5060051 52.44570502)
1;2018;1;11;2;3;0;2;0;0;1;0;0;0;1;0;POINT (13.35828736 52.54699111)
9;2018;1;7;4;2;6;4;1;0;0;1;0;0;1;1;POINT (13.51681281 52.47098253)
1;2018;1;9;2;3;1;5;0;0;1;0;1;0;0;0;POINT (13.37543146 52.5433229)
8;2018;1;21;4;3;2;6;2;1;1;0;0;0;0;1;POINT (13.43158999 52.48159609)
7;2018;1;9;2;3;5;2;0;1;1;0;0;0;0;0;POINT (13.4080159 52.45248943)
12;2018;1;20;4;3;8;1;2;0;1;0;0;0;0;1;POINT (13.3523696 52.61611663)
9;2018;1;8;2;3;2;6;0;0;1;0;0;0;0;0;POINT (13.64512743 52.37850366)
6;2018;1;20;4;2;5;2;2;0;0;0;1;0;1;1;POINT (13.26307232 52.4576477)
5;2018;1;6;2;3;2;6;2;0;1;0;0;0;0;1;POINT (13.16789386 52.46919693)
7;2018;1;20;4;3;6;2;2;0;1;1;0;0;0;1;POINT (13.32911495 52.4712996)
8;2018;1;17;2;2;3;6;2;1;0;0;0;0;1;0;POINT (13.47208013 52.45986574)
1;2018;1;20;4;3;5;3;2;0;1;0;0;0;0;1;POINT (13.37714121 52.50852181)
1;2018;1;19;4;2;5;3;2;1;1;0;0;0;0;1;POINT (13.34983963 52.52453792)
5;2018;1;17;2;3;2;2;2;0;1;0;0;0;0;0;POINT (13.23192792 52.53930176)
6;2018;1;19;4;2;6;2;2;0;1;1;0;0;0;1;POINT (13.30326741 52.4585407)
4;2018;1;16;2;3;2;6;0;0;1;0;0;1;0;0;POINT (13.29405689 52.53701719)
6;2018;1;19;4;3;5;3;2;1;1;0;0;0;0;1;POINT (13.27512052 52.46039007)
3;2018;1;14;2;3;5;3;0;1;1;0;0;0;0;0;POINT (13.38977534 52.57429092)
5;2018;1;12;2;2;6;4;0;0;1;1;0;0;0;0;POINT (13.2747754 52.53593619)
11;2018;1;19;4;3;6;2;2;0;1;1;0;0;0;1;POINT (13.48069568 52.49897813)
7;2018;1;12;2;3;2;2;0;0;1;0;0;0;0;0;POINT (13.3851244 52.44928763)
1;2018;1;18;4;2;0;7;2;0;1;0;0;0;1;1;POINT (13.38368124 52.53074717)
3;2018;1;12;2;3;6;4;0;0;1;1;0;0;0;0;POINT (13.47969945 52.55345634)
2;2018;1;17;4;3;1;5;2;1;1;0;0;0;0;1;POINT (13.44514938 52.49940314)
3;2018;1;18;3;3;2;6;2;0;1;0;0;0;0;0;POINT (13.42373663 52.55258107)
1;2018;1;9;2;2;3;6;0;1;0;0;0;0;1;0;POINT (13.38875715 52.52598479)
1;2018;1;17;3;3;3;6;0;0;1;0;1;0;0;0;POINT (13.35105997 52.51048156)
4;2018;1;21;2;2;5;3;2;0;1;0;0;0;0;0;POINT (13.28060686 52.50647798)
9;2018;1;19;2;3;5;2;2;1;1;0;0;0;0;0;POINT (13.57225994 52.45064728)
1;2018;1;20;3;3;5;3;2;1;1;0;0;0;0;1;POINT (13.39731279 52.52859931)
6;2018;1;10;3;3;6;4;0;1;0;1;0;0;0;0;POINT (13.31574756 52.44195752)
11;2018;1;18;2;3;5;2;0;1;1;0;0;0;0;0;POINT (13.45864429 52.5270502)
1;2018;1;7;3;3;6;7;1;1;0;1;0;0;0;1;POINT (13.39346604 52.52846321)
4;2018;1;18;2;3;2;6;2;0;1;0;1;0;0;0;POINT (13.27639334 52.50724862)
7;2018;1;17;2;3;6;2;0;0;1;1;0;0;0;0;POINT (13.36090491 52.49426187)
9;2018;1;7;3;3;5;2;1;0;1;0;0;0;1;1;POINT (13.52666313 52.42879171)
7;2018;1;17;2;3;6;7;2;0;1;1;0;0;0;0;POINT (13.32670118 52.4650004)
12;2018;1;15;3;3;6;4;0;0;1;1;0;0;0;0;POINT (13.31327067 52.57528225)
1;2018;1;19;1;3;5;7;2;0;1;0;0;0;0;1;POINT (13.32962167 52.53303735)
5;2018;1;16;3;3;6;4;0;0;1;1;0;0;0;0;POINT (13.23962125 52.5450361)
10;2018;1;16;3;2;5;3;1;1;0;0;0;0;1;1;POINT (13.60544024 52.48790426)
6;2018;1;18;1;3;1;7;2;0;1;0;0;0;0;1;POINT (13.33813069 52.44940083)
3;2018;1;16;3;2;6;4;1;0;1;1;0;0;0;0;POINT (13.49566998 52.62593246)
4;2018;1;9;1;3;3;6;0;1;1;0;0;0;0;0;POINT (13.32058409 52.50890843)
3;2018;1;16;1;3;0;6;0;1;1;0;0;0;0;1;POINT (13.46092048 52.54551733)
2;2018;1;17;3;2;6;4;2;0;1;1;0;0;0;1;POINT (13.4425859 52.5162029)
5;2018;1;21;1;3;1;5;2;0;1;0;0;0;1;1;POINT (13.17994569 52.50405336)
8;2018;1;13;3;3;0;2;0;0;1;0;1;0;0;1;POINT (13.42767772 52.42077918)
2;2018;1;20;1;3;5;3;2;0;1;0;0;0;1;1;POINT (13.42688652 52.51579414)
7;2018;1;19;1;3;6;4;2;0;0;1;0;0;1;1;POINT (13.37085529 52.49200574)
1;2018;1;18;3;3;5;3;2;1;1;0;0;0;0;0;POINT (13.34432679 52.50416884)
12;2018;1;19;1;3;5;2;2;0;1;0;0;0;0;1;POINT (13.29792444 52.57811718)
9;2018;1;12;3;3;5;7;0;0;1;0;0;0;1;0;POINT (13.5731884 52.45016045)
1;2018;1;18;1;3;0;6;2;0;1;0;1;0;0;1;POINT (13.39635477 52.52915379)
6;2018;1;11;3;3;0;7;0;0;1;0;1;0;0;1;POINT (13.32335609 52.43759118)
4;2018;1;11;3;3;5;7;0;1;1;0;0;0;0;1;POINT (13.27196078 52.48186586)
1;2018;1;18;1;3;6;4;2;0;1;1;0;0;0;1;POINT (13.32143187 52.52576498)
1;2018;1;17;1;2;1;5;2;1;1;0;0;0;0;1;POINT (13.39601365 52.55069784)
1;2018;1;9;3;3;5;3;0;0;1;0;0;0;0;1;POINT (13.3846211 52.51444285)
11;2018;1;22;1;3;5;3;1;0;1;0;0;0;0;1;POINT (13.51132605 52.50555005)
4;2018;1;18;3;3;2;6;2;0;1;0;0;0;0;0;POINT (13.31483658 52.51487936)
1;2018;1;10;1;3;3;7;0;1;1;0;0;0;0;1;POINT (13.40430279 52.51512536)
6;2018;1;8;3;3;2;6;0;0;1;0;0;0;0;1;POINT (13.25319095 52.42611794)
4;2018;1;17;1;3;0;6;2;1;0;0;1;0;0;1;POINT (13.29724843 52.51159299)
4;2018;1;18;3;3;5;2;2;1;1;0;0;0;0;0;POINT (13.31336376 52.52319708)
9;2018;1;7;3;2;6;2;1;0;1;1;0;0;0;1;POINT (13.58204028 52.44282518)
3;2018;1;17;1;3;6;2;2;0;1;1;0;0;0;1;POINT (13.43954308 52.56806492)
8;2018;1;7;3;3;1;5;1;1;1;0;0;0;0;1;POINT (13.43330382 52.47664741)
12;2018;1;17;1;3;6;2;1;0;1;1;0;0;0;1;POINT (13.32640337 52.60448299)
3;2018;1;16;1;3;2;6;2;0;1;0;0;0;0;0;POINT (13.45261777 52.53408243)
4;2018;1;7;3;3;6;2;1;0;1;1;0;0;0;1;POINT (13.28827199 52.51306079)
5;2018;1;17;1;3;5;2;2;1;0;0;0;0;1;1;POINT (13.18320385 52.53982346)
1;2018;1;7;3;3;0;6;1;0;1;0;1;0;0;1;POINT (13.32815415 52.53491778)
1;2018;1;17;1;2;2;6;2;0;1;0;0;0;1;0;POINT (13.37243937 52.5566707)
11;2018;1;5;3;3;0;1;2;0;1;0;1;0;0;1;POINT (13.5041264 52.53462499)
4;2018;1;16;1;3;0;1;2;1;0;0;0;0;0;1;POINT (13.29094205 52.53744293)
10;2018;1;15;1;3;5;3;0;1;1;0;0;0;0;0;POINT (13.54944673 52.54509677)
1;2018;1;13;3;3;5;3;0;1;1;0;0;0;0;1;POINT (13.35958405 52.50422103)
1;2018;1;14;1;3;5;2;0;0;1;0;0;0;0;0;POINT (13.34327213 52.53180692)
3;2018;1;6;2;2;0;5;2;0;1;0;0;0;0;0;POINT (13.40121103 52.59527732)
10;2018;1;14;1;2;3;6;0;0;1;0;0;1;0;0;POINT (13.5302615 52.53798462)
1;2018;1;14;1;3;5;2;0;1;0;0;0;0;1;0;POINT (13.37940891 52.52942778)
7;2018;1;23;2;3;5;2;2;1;1;0;0;0;0;1;POINT (13.34201312 52.49061513)
11;2018;1;14;1;3;3;2;0;0;1;0;0;1;0;0;POINT (13.49182627 52.51181443)
7;2018;1;7;2;3;6;4;0;0;1;1;0;0;0;0;POINT (13.34060205 52.48848155)
8;2018;1;9;2;3;2;6;0;0;1;0;0;0;1;1;POINT (13.46055886 52.4320078)
3;2018;1;9;1;3;5;2;0;0;1;0;0;0;0;1;POINT (13.45774568 52.52878189)
4;2018;1;12;2;3;5;2;0;1;1;0;0;0;0;0;POINT (13.30640968 52.51878924)
4;2018;1;10;2;3;5;2;0;0;1;0;0;0;0;0;POINT (13.32626586 52.5379768)
5;2018;1;7;1;3;2;6;0;0;1;0;0;0;0;1;POINT (13.15275552 52.54996429)
1;2018;1;9;1;2;6;4;0;0;1;1;0;0;0;1;POINT (13.41884661 52.51038046)
8;2018;1;9;2;3;5;3;0;0;1;0;0;0;0;0;POINT (13.43896939 52.48040595)
12;2018;1;9;1;3;5;2;0;0;1;0;0;0;1;1;POINT (13.31542831 52.57793505)
2;2018;1;7;2;3;1;5;0;1;0;0;0;1;0;1;POINT (13.43139263 52.49760076)
9;2018;1;7;2;3;5;3;1;0;1;0;0;0;0;1;POINT (13.53561768 52.43054473)
7;2018;1;10;2;3;1;5;0;0;1;0;0;0;1;0;POINT (13.39790688 52.43843263)
9;2018;1;8;1;3;3;6;0;0;1;0;0;1;0;0;POINT (13.54093892 52.43577115)
1;2018;1;6;2;3;6;4;2;0;1;1;0;0;0;0;POINT (13.34699782 52.54024054)
12;2018;1;6;2;2;6;2;2;0;1;1;0;0;0;1;POINT (13.35930017 52.57425068)
4;2018;1;8;1;3;5;3;0;1;1;0;0;0;0;1;POINT (13.3188604 52.49814462)
11;2018;1;10;2;3;2;6;0;0;1;0;0;0;1;1;POINT (13.50031955 52.56711969)
9;2018;1;5;2;3;3;6;2;0;1;0;0;0;1;1;POINT (13.55902934 52.44693668)
5;2018;1;7;1;2;3;6;0;0;1;0;1;0;0;1;POINT (13.19737951 52.53170078)
11;2018;1;17;2;3;5;2;2;1;1;0;0;0;0;1;POINT (13.50749249 52.56424319)
9;2018;1;7;1;3;2;6;0;0;1;0;0;0;1;0;POINT (13.55227789 52.42811637)
1;2018;1;7;1;3;5;3;1;1;1;0;0;0;0;1;POINT (13.36407343 52.52793349)
2;2018;1;18;2;3;1;5;2;1;0;0;0;0;1;1;POINT (13.44358353 52.51498331)
8;2018;1;7;1;3;2;7;0;0;1;0;0;0;0;0;POINT (13.44349442 52.46436818)
6;2018;1;18;2;2;6;4;2;0;1;1;0;0;0;0;POINT (13.35706817 52.44868663)
6;2018;1;7;1;3;5;2;1;1;1;0;0;0;0;1;POINT (13.27481429 52.46044846)
7;2018;1;17;2;3;6;2;2;0;1;1;0;0;0;0;POINT (13.39286001 52.41260123)
7;2018;1;7;1;3;5;2;2;1;1;0;0;0;0;0;POINT (13.38145159 52.44055223)
3;2018;1;16;2;3;5;3;1;1;1;0;0;0;0;1;POINT (13.45698155 52.53123071)
12;2018;1;7;1;3;6;4;2;0;1;1;0;0;0;1;POINT (13.31444653 52.567405)
2;2018;1;6;1;3;6;4;1;0;1;1;0;0;0;0;POINT (13.42238084 52.49904563)
10;2018;1;16;2;3;6;4;1;0;1;1;0;0;0;1;POINT (13.62138872 52.53185847)
5;2018;1;6;1;2;6;4;2;0;1;1;0;0;0;1;POINT (13.17458507 52.5401465)
4;2018;1;12;7;3;0;1;0;0;0;0;1;0;0;1;POINT (13.28515892 52.49511402)
1;2018;1;16;2;3;0;7;0;0;1;0;0;0;0;1;POINT (13.38373334 52.55148841)
7;2018;1;10;7;3;6;4;0;0;1;1;0;0;0;0;POINT (13.41249109 52.44462686)
11;2018;1;15;2;2;5;3;0;1;1;0;0;0;0;1;POINT (13.48675705 52.50206971)
11;2018;1;17;7;3;2;7;2;1;1;0;0;0;0;0;POINT (13.47817143 52.51496998)
7;2018;1;15;2;3;1;5;0;1;1;0;0;0;0;1;POINT (13.37279951 52.48395924)
2;2018;1;15;7;3;6;4;0;0;0;1;0;0;1;0;POINT (13.43610508 52.49798075)
1;2018;1;15;2;3;6;2;0;0;1;1;0;0;0;1;POINT (13.35243189 52.52410992)
3;2018;1;14;7;3;5;2;0;1;1;0;0;0;0;1;POINT (13.4119391 52.53128223)
1;2018;1;8;2;3;5;2;0;1;1;0;0;0;0;0;POINT (13.42600828 52.50605478)
5;2018;1;13;7;2;6;4;0;0;1;1;0;0;0;1;POINT (13.18332011 52.5405422)
1;2018;1;12;2;3;0;2;0;1;0;0;0;0;1;0;POINT (13.42120721 52.5098398)
9;2018;1;22;7;3;8;1;2;0;1;0;0;0;0;1;POINT (13.49297888 52.45803056)
9;2018;1;20;2;3;1;5;2;0;1;0;0;0;0;1;POINT (13.53719738 52.41367949)
1;2018;1;8;7;3;2;6;0;0;1;0;0;0;0;1;POINT (13.37306431 52.53819246)
4;2018;1;9;2;1;1;5;0;1;0;0;0;1;0;1;POINT (13.27554661 52.4869859)
8;2018;1;19;7;3;3;6;2;0;1;0;0;0;0;1;POINT (13.43296883 52.46456327)
3;2018;1;11;1;3;0;5;0;0;1;0;0;0;1;0;POINT (13.42916554 52.54191106)
5;2018;1;19;7;3;6;4;2;0;0;1;0;0;1;1;POINT (13.2269069 52.54935885)
4;2018;1;18;7;3;6;4;2;1;0;1;0;0;0;1;POINT (13.32595262 52.49443343)
12;2018;1;19;1;3;5;2;2;0;1;0;0;0;0;1;POINT (13.32479596 52.60212359)
4;2018;1;18;7;3;3;6;2;1;1;0;0;0;0;0;POINT (13.33377125 52.5071582)
1;2018;1;19;1;3;0;7;2;0;0;0;1;0;0;1;POINT (13.38755427 52.56029382)
1;2018;1;15;6;3;6;4;0;0;0;1;0;0;1;0;POINT (13.38998888 52.51122801)
3;2018;1;18;1;2;2;2;2;1;1;0;0;0;0;1;POINT (13.40871062 52.55402311)
8;2018;1;16;1;3;3;6;0;0;1;0;0;0;1;0;POINT (13.46452834 52.47011229)
8;2018;1;14;6;3;2;6;0;0;1;0;0;0;0;0;POINT (13.40190919 52.41465364)
7;2018;1;13;1;3;1;5;0;1;1;0;0;0;0;0;POINT (13.37765152 52.42497502)
9;2018;1;14;6;3;5;3;0;0;1;0;0;0;0;0;POINT (13.56548091 52.39878148)
4;2018;1;13;6;3;5;2;0;1;1;0;0;0;0;0;POINT (13.27665858 52.51259894)
8;2018;1;13;1;3;5;2;0;0;1;0;0;0;0;0;POINT (13.44189804 52.46828568)
1;2018;1;11;6;3;5;3;0;0;1;0;0;0;0;0;POINT (13.39183942 52.50956745)
2;2018;2;9;5;3;2;6;0;0;1;0;0;0;0;0;POINT (13.37652798 52.49154804)
7;2018;1;11;1;3;0;6;0;0;1;0;1;0;0;1;POINT (13.32910773 52.47153023)
10;2018;1;7;6;3;5;2;2;1;1;0;0;0;0;1;POINT (13.54012811 52.52566473)
2;2018;2;6;5;3;9;1;1;0;0;0;1;0;0;0;POINT (13.37926346 52.48501237)
7;2018;1;10;1;3;5;3;0;0;1;0;0;0;0;1;POINT (13.39562763 52.45426088)
1;2018;1;2;6;3;6;4;2;0;1;1;0;0;0;0;POINT (13.4167193 52.5115024)
10;2018;2;6;5;3;0;1;1;1;0;0;0;0;0;2;POINT (13.62353886 52.51398745)
4;2018;2;13;4;3;0;6;0;1;0;0;0;0;1;0;POINT (13.28333252 52.50639472)
2;2018;1;10;1;3;6;4;0;1;0;1;0;0;0;0;POINT (13.38885406 52.48981211)
2;2018;2;9;4;3;5;7;0;1;1;0;0;0;0;0;POINT (13.39665605 52.49212839)
2;2018;1;15;6;3;2;2;0;0;1;0;0;0;0;0;POINT (13.44064752 52.5171432)
6;2018;2;10;4;2;6;7;0;1;0;1;0;0;0;0;POINT (13.29966732 52.44026244)
7;2018;1;10;1;3;5;2;0;0;1;0;0;0;0;0;POINT (13.38555919 52.46858782)
2;2018;1;9;1;3;2;7;0;1;0;0;0;0;1;0;POINT (13.44236587 52.51436726)
1;2018;1;9;6;3;5;3;0;0;1;0;0;0;0;0;POINT (13.34518521 52.55422615)
3;2018;2;10;4;2;5;3;0;1;0;0;0;0;0;0;POINT (13.45204052 52.5638426)
1;2018;1;8;1;3;2;6;0;0;1;0;0;0;1;1;POINT (13.35966184 52.50986039)
3;2018;1;16;6;3;8;1;0;0;1;0;0;0;0;0;POINT (13.45938729 52.56006545)
8;2018;1;23;6;3;5;7;2;1;1;0;0;0;0;0;POINT (13.44123361 52.4770196)
4;2018;2;19;4;3;2;6;2;0;1;0;0;0;0;0;POINT (13.3099061 52.50037537)
3;2018;1;8;1;2;9;1;0;0;1;0;0;0;0;1;POINT (13.44477614 52.58030736)
1;2018;2;19;4;3;6;7;2;0;1;1;0;0;0;0;POINT (13.3614571 52.54578353)
6;2018;1;7;1;3;0;1;1;0;0;0;1;0;0;1;POINT (13.33896415 52.46431724)
4;2018;2;19;4;3;2;6;2;1;1;0;0;0;0;0;POINT (13.33108294 52.50368892)
3;2018;1;7;1;2;0;3;0;1;0;0;0;0;0;0;POINT (13.43666078 52.52964251)
1;2018;2;12;4;3;6;4;0;0;0;1;0;0;1;0;POINT (13.37935437 52.52424545)
9;2018;1;22;6;3;5;3;2;0;1;0;0;0;0;0;POINT (13.55225334 52.43936327)
2;2018;2;19;4;3;5;7;2;1;1;0;0;0;0;0;POINT (13.43638593 52.5097906)
6;2018;1;7;1;3;5;3;0;0;1;0;0;0;0;0;POINT (13.26286846 52.43928627)
1;2018;1;20;6;3;6;4;2;0;0;1;0;0;1;1;POINT (13.38602865 52.55875583)
1;2018;2;18;4;3;5;2;2;1;1;0;0;0;0;0;POINT (13.41532819 52.52689386)
5;2018;1;7;1;3;5;2;0;1;1;0;0;0;0;0;POINT (13.14334849 52.4546678)
3;2018;1;7;1;2;6;4;0;0;1;1;0;0;0;0;POINT (13.38625975 52.5912288)
8;2018;1;19;6;2;6;4;2;0;1;1;0;0;0;1;POINT (13.51815802 52.42199402)
1;2018;1;17;6;3;5;2;1;0;1;0;0;0;0;0;POINT (13.37122213 52.55873313)
2;2018;2;17;4;2;6;4;2;0;1;1;0;0;0;0;POINT (13.40770585 52.50409653)
1;2018;1;18;7;3;6;7;2;0;1;1;0;0;0;0;POINT (13.41469483 52.50461596)
11;2018;1;11;5;3;4;6;0;1;0;0;0;0;1;0;POINT (13.53325455 52.49122465)
2;2018;2;17;4;3;2;6;2;0;1;0;0;0;0;0;POINT (13.4113269 52.50437813)
2;2018;1;3;7;2;6;4;2;0;1;1;0;0;0;1;POINT (13.41966574 52.49900173)
1;2018;2;11;4;3;6;4;0;0;1;1;0;0;0;0;POINT (13.37240316 52.53862398)
3;2018;1;4;7;2;5;7;2;0;1;0;0;0;1;1;POINT (13.48671107 52.55648447)
1;2018;2;20;6;3;6;2;2;0;1;1;0;0;0;0;POINT (13.36212389 52.49991873)
8;2018;2;17;3;3;2;6;2;0;1;0;0;0;0;0;POINT (13.45570206 52.43031346)
1;2018;2;19;6;3;4;1;2;0;1;0;1;0;0;0;POINT (13.38866996 52.56143825)
7;2018;2;18;2;2;6;2;2;0;1;1;0;0;0;0;POINT (13.39772138 52.39598338)
7;2018;2;20;6;3;2;2;2;0;1;0;0;0;0;0;POINT (13.38661779 52.44215491)
7;2018;2;18;6;3;2;6;2;0;1;0;0;0;0;0;POINT (13.36991293 52.46711659)
11;2018;2;16;6;3;6;4;1;0;1;1;0;0;0;0;POINT (13.50585217 52.53472762)
3;2018;2;7;3;3;5;2;0;1;1;0;0;0;0;1;POINT (13.40769829 52.57392133)
1;2018;2;15;6;3;2;2;0;0;1;0;1;0;0;0;POINT (13.41262908 52.50605996)
11;2018;2;9;2;3;5;3;0;0;1;0;0;0;0;1;POINT (13.49938772 52.51815266)
12;2018;2;14;6;3;6;7;0;0;1;1;0;0;0;1;POINT (13.35598838 52.59774976)
5;2018;2;12;6;3;2;6;0;0;1;0;0;0;0;0;POINT (13.20779462 52.53869177)
6;2018;2;1;6;3;4;6;2;1;0;0;0;0;1;2;POINT (13.30742305 52.44328974)
4;2018;2;12;2;3;5;2;0;1;1;0;0;0;0;1;POINT (13.31578161 52.49652101)
8;2018;2;19;6;1;6;4;2;0;1;1;0;0;0;0;POINT (13.43451589 52.462445)
1;2018;2;11;5;3;5;7;0;1;1;0;0;0;0;0;POINT (13.34550232 52.52631297)
1;2018;2;10;1;3;6;7;0;1;0;1;0;0;0;0;POINT (13.40436787 52.52221904)
12;2018;2;19;5;3;3;6;2;0;1;0;0;0;0;0;POINT (13.3284439 52.56243109)
2;2018;2;6;1;3;5;3;1;1;0;0;0;0;0;1;POINT (13.4052427 52.49662683)
10;2018;2;17;5;3;2;2;2;0;1;0;0;0;0;0;POINT (13.57228815 52.54641379)
9;2018;2;14;5;3;5;2;0;0;1;0;0;0;0;0;POINT (13.5363705 52.43286445)
4;2018;2;10;3;3;2;6;0;0;1;0;0;0;0;0;POINT (13.29568537 52.49393952)
4;2018;2;14;5;3;2;6;0;0;1;0;0;0;0;0;POINT (13.27922873 52.50311759)
2;2018;2;6;2;3;0;1;1;0;0;0;1;0;0;2;POINT (13.44346372 52.50373937)
8;2018;2;13;5;3;2;6;0;0;1;0;0;0;1;0;POINT (13.48051172 52.42553422)
2;2018;2;13;5;3;5;2;0;0;1;0;0;0;0;0;POINT (13.37676016 52.49156098)
1;2018;2;13;5;3;6;4;0;0;1;1;0;0;0;0;POINT (13.39235345 52.52437441)
5;2018;2;21;3;3;1;1;2;0;1;0;0;0;1;2;POINT (13.2693054 52.53304552)
4;2018;2;12;5;3;2;2;0;0;1;0;0;0;0;0;POINT (13.30072728 52.48807601)
3;2018;2;11;5;3;1;5;0;0;1;0;0;0;0;0;POINT (13.47671233 52.55111185)
8;2018;2;1;2;3;0;5;2;0;1;0;0;0;1;1;POINT (13.44460254 52.44580572)
1;2018;2;15;5;3;5;3;0;1;1;0;0;0;0;0;POINT (13.41368587 52.52512892)
11;2018;2;7;5;3;5;2;1;1;1;0;0;0;0;0;POINT (13.5159136 52.5463455)
8;2018;2;13;3;3;6;2;0;0;1;1;0;0;0;0;POINT (13.4379839 52.47896214)
8;2018;2;7;5;3;5;3;1;0;1;0;0;0;0;0;POINT (13.42401026 52.47722032)
4;2018;2;14;1;3;1;5;0;1;1;0;0;0;0;0;POINT (13.29267596 52.49662094)
1;2018;2;22;5;2;0;1;2;1;0;0;0;0;0;0;POINT (13.4036842 52.53249546)
2;2018;2;21;5;2;0;1;2;1;0;0;0;0;0;2;POINT (13.43204419 52.50978816)
4;2018;2;19;3;3;6;4;2;0;1;1;0;0;0;0;POINT (13.25736441 52.51633105)
3;2018;2;19;5;2;6;4;2;0;1;1;0;0;0;0;POINT (13.42437108 52.55223761)
1;2018;2;14;2;3;5;2;0;0;1;0;0;0;0;0;POINT (13.34950025 52.54209218)
5;2018;2;4;5;3;1;1;2;0;1;0;0;0;0;0;POINT (13.18368432 52.53415121)
9;2018;2;5;5;3;2;6;2;0;1;0;0;0;0;0;POINT (13.53742569 52.41838125)
3;2018;2;16;1;3;2;6;1;0;1;0;0;0;0;1;POINT (13.37835186 52.57491779)
9;2018;2;6;5;3;2;6;2;1;1;0;0;0;0;0;POINT (13.58479035 52.44155354)
2;2018;2;12;4;3;6;7;0;0;1;1;0;0;0;0;POINT (13.39099968 52.50365221)
11;2018;2;17;1;3;5;3;1;0;1;0;1;0;0;0;POINT (13.5059357 52.57545871)
8;2018;2;17;3;3;1;5;2;0;1;0;0;0;1;0;POINT (13.43809182 52.45386111)
3;2018;2;9;4;3;5;3;0;1;1;0;0;0;0;0;POINT (13.42448186 52.60744577)
11;2018;2;19;2;3;6;4;2;0;1;1;0;0;0;0;POINT (13.50573208 52.56359188)
1;2018;2;8;4;3;5;3;0;1;1;0;0;0;0;0;POINT (13.40435098 52.53318005)
9;2018;2;8;1;3;6;4;0;0;0;1;0;0;1;0;POINT (13.53737952 52.39717464)
3;2018;2;7;1;3;5;2;1;1;1;0;0;0;0;1;POINT (13.43730943 52.5547237)
1;2018;2;8;4;3;5;2;0;0;1;0;0;0;0;0;POINT (13.34371454 52.54631248)
4;2018;2;9;4;2;5;3;0;0;1;0;0;0;0;0;POINT (13.30172882 52.50974432)
3;2018;2;8;3;3;2;7;0;0;1;0;0;0;0;1;POINT (13.45492454 52.59330215)
5;2018;2;12;1;3;5;3;0;1;1;0;0;0;0;0;POINT (13.17723469 52.5252294)
1;2018;2;9;4;3;0;1;0;1;0;0;0;0;0;2;POINT (13.41772943 52.51391612)
7;2018;2;14;4;3;3;6;0;0;1;0;0;0;0;0;POINT (13.34623113 52.49688524)
10;2018;2;15;3;2;6;4;0;0;1;1;0;0;0;0;POINT (13.58832764 52.51244707)
4;2018;2;14;4;3;0;6;0;0;1;0;0;0;1;0;POINT (13.32217411 52.48474071)
1;2018;2;10;2;3;1;5;0;0;1;0;0;0;0;1;POINT (13.34257553 52.50471064)
11;2018;2;15;4;3;1;5;0;0;1;0;0;0;1;0;POINT (13.52759912 52.51362453)
11;2018;2;15;4;3;5;3;0;1;1;0;0;0;0;0;POINT (13.49057607 52.54321637)
7;2018;2;8;1;3;5;2;0;1;1;0;0;0;0;1;POINT (13.39854039 52.41957067)
2;2018;2;18;4;3;2;6;2;0;1;0;0;0;0;0;POINT (13.42389258 52.5132213)
9;2018;2;18;4;3;0;3;2;0;1;0;0;0;1;0;POINT (13.59319152 52.45233182)
1;2018;2;18;4;3;0;3;2;0;0;0;1;0;1;0;POINT (13.38836308 52.50923915)
1;2018;2;10;3;3;5;3;0;0;1;0;0;0;0;1;POINT (13.38662849 52.51198071)
12;2018;2;19;4;2;1;5;2;0;0;0;1;0;1;0;POINT (13.30492514 52.60135566)
7;2018;2;6;2;3;1;5;1;1;1;0;0;0;0;1;POINT (13.32792743 52.46895729)