bez;ujahr;umonat;ustunde;uwochentag;ukategorie;uart;utyp1;ulichtverh;istrad;istpkw;istfuss;istkrad;istgkfz;istsonstige;ustrzustand;geometry
8;2018;2;20;4;3;6;2;2;0;1;1;0;0;0;0;POINT (13.4170089 52.4182162)
4;2018;2;20;4;3;1;5;2;0;1;0;0;0;0;0;POINT (13.30797754 52.47078519)
10;2018;2;7;2;3;2;6;0;0;1;0;0;0;0;2;POINT (13.52332593 52.5287797)
9;2018;2;23;4;3;5;2;2;1;1;0;0;0;0;0;POINT (13.48836999 52.45131752)
4;2018;2;21;3;3;6;7;2;0;1;1;0;0;0;0;POINT (13.33808864 52.50196846)
4;2018;2;19;3;3;2;6;2;1;1;0;0;0;0;0;POINT (13.31047252 52.51598733)
3;2018;2;23;4;2;4;4;2;1;1;1;0;0;0;1;POINT (13.40849911 52.53739988)
5;2018;2;18;5;2;6;7;2;0;1;1;0;0;0;1;POINT (13.19720825 52.51260178)
2;2018;2;18;3;3;5;3;2;1;1;0;0;0;0;0;POINT (13.40787554 52.50003432)
9;2018;2;10;3;2;0;1;0;0;0;0;1;0;0;0;POINT (13.57150655 52.43864842)
12;2018;2;8;3;3;1;5;0;0;1;0;0;0;0;0;POINT (13.28432994 52.58882469)
8;2018;2;16;1;3;5;3;0;0;1;0;0;0;0;0;POINT (13.42760051 52.49017351)
1;2018;2;17;1;3;2;6;2;0;1;0;0;0;0;1;POINT (13.37992007 52.56045681)
9;2018;2;15;1;3;6;4;0;0;1;1;0;0;0;0;POINT (13.57864083 52.45777578)
9;2018;2;17;3;2;5;2;1;1;1;0;0;0;0;0;POINT (13.51352717 52.46477897)
5;2018;2;16;3;3;2;6;0;0;0;0;0;0;1;0;POINT (13.20073996 52.53841328)
7;2018;2;18;3;3;0;5;2;0;1;0;1;0;0;1;POINT (13.40844183 52.46394729)
2;2018;2;16;3;2;6;4;0;0;1;1;0;0;0;0;POINT (13.40145623 52.49179129)
1;2018;2;16;3;3;5;3;0;0;1;0;0;0;0;0;POINT (13.33491419 52.52481004)
1;2018;2;16;3;3;3;6;0;1;1;0;0;0;0;0;POINT (13.40884842 52.52881674)
5;2018;2;15;3;3;5;7;0;0;1;0;0;0;0;0;POINT (13.15338684 52.55292656)
2;2018;2;14;3;3;5;7;0;0;1;0;0;0;0;0;POINT (13.42486153 52.5020843)
8;2018;2;5;2;3;6;4;2;0;0;1;0;0;1;0;POINT (13.45222733 52.47110705)
4;2018;2;13;3;2;2;6;0;0;1;0;0;0;1;0;POINT (13.31466039 52.51123208)
9;2018;2;16;1;3;2;6;0;0;1;0;0;0;0;0;POINT (13.58272023 52.442571)
1;2018;2;17;1;3;2;6;2;0;1;0;0;0;0;1;POINT (13.38416731 52.55573081)
7;2018;2;12;3;3;2;6;0;0;1;0;0;0;0;0;POINT (13.3922676 52.4145129)
6;2018;2;11;3;2;1;5;0;0;1;0;0;0;1;0;POINT (13.29956231 52.42264375)
3;2018;2;5;1;3;5;2;2;0;1;0;0;0;0;1;POINT (13.48770446 52.61811087)
8;2018;2;16;3;2;5;2;0;0;1;0;0;0;0;0;POINT (13.45582776 52.4303641)
1;2018;2;9;3;3;0;7;0;0;1;0;1;0;0;1;POINT (13.35123442 52.52511002)
7;2018;2;12;2;3;5;3;0;0;1;0;0;0;0;0;POINT (13.37586818 52.48016928)
5;2018;2;18;1;3;5;2;2;1;1;0;0;0;0;0;POINT (13.198164 52.55541084)
2;2018;2;9;3;3;2;6;0;0;1;0;0;0;0;0;POINT (13.44442275 52.50352204)
12;2018;2;8;3;3;5;3;0;1;1;0;0;0;0;0;POINT (13.31474216 52.56733401)
12;2018;2;15;2;3;5;2;0;1;1;0;0;0;0;0;POINT (13.23761332 52.62020648)
8;2018;2;13;2;3;5;3;0;1;1;0;0;0;0;0;POINT (13.49581287 52.41774134)
5;2018;2;18;1;2;6;4;2;0;1;1;0;0;0;1;POINT (13.19975432 52.53474458)
5;2018;2;12;2;3;0;6;0;0;1;0;0;0;0;0;POINT (13.18676726 52.52027023)
1;2018;2;13;2;2;0;2;0;0;1;0;0;0;1;0;POINT (13.37705549 52.55644503)
1;2018;2;6;3;2;5;3;2;1;1;0;0;0;0;0;POINT (13.34529486 52.55440871)
3;2018;2;20;2;3;5;2;2;1;0;0;0;0;1;0;POINT (13.43168708 52.55451188)
11;2018;2;9;2;3;2;6;0;0;1;0;0;1;0;0;POINT (13.525168 52.48004484)
3;2018;2;18;1;3;5;3;2;1;1;0;0;0;0;0;POINT (13.41728649 52.60538219)
8;2018;2;12;2;3;2;6;0;0;1;0;0;0;0;0;POINT (13.42416682 52.48061206)
1;2018;2;18;2;3;5;2;2;0;1;0;1;0;0;0;POINT (13.34521828 52.55439472)
4;2018;2;18;1;3;5;7;2;0;1;0;0;0;0;1;POINT (13.32474992 52.49942906)
7;2018;2;19;2;2;6;2;2;0;1;1;0;0;0;0;POINT (13.39065673 52.42003994)
5;2018;2;17;5;3;5;2;2;1;1;0;0;0;0;0;POINT (13.19801289 52.53922427)
1;2018;2;23;2;3;5;3;2;1;1;0;0;0;0;0;POINT (13.41318791 52.52519642)
2;2018;2;16;2;3;1;5;0;1;1;0;0;0;1;0;POINT (13.43619802 52.4999398)
1;2018;2;15;2;3;5;3;0;1;0;0;0;0;1;0;POINT (13.37929592 52.50703345)
3;2018;2;14;2;3;5;3;0;1;1;0;0;0;0;0;POINT (13.42737845 52.55249932)
7;2018;2;9;3;3;6;4;0;0;1;1;0;0;0;0;POINT (13.38453464 52.48350343)
9;2018;2;13;2;3;6;4;0;0;1;1;0;0;0;0;POINT (13.51348129 52.46459997)
11;2018;2;7;2;3;5;3;0;0;1;0;0;0;0;2;POINT (13.53203486 52.48401814)
2;2018;2;19;1;3;1;5;2;1;1;0;0;0;1;0;POINT (13.38716165 52.50430427)
10;2018;2;6;2;3;5;3;1;1;1;0;0;0;0;0;POINT (13.60215157 52.53610703)
10;2018;2;13;2;2;1;5;0;1;1;0;0;0;0;0;POINT (13.55498111 52.52500691)
12;2018;2;12;2;3;2;6;0;0;1;0;0;0;0;0;POINT (13.33931633 52.59592862)
1;2018;2;8;3;2;6;4;0;1;0;1;0;0;0;0;POINT (13.38388434 52.55575613)
3;2018;2;6;5;3;6;2;2;0;1;1;0;0;0;0;POINT (13.46210846 52.55892156)
6;2018;2;10;2;3;2;6;0;0;1;0;0;0;0;0;POINT (13.31330216 52.43548036)
1;2018;2;7;2;3;6;7;0;1;0;1;0;0;0;0;POINT (13.33527587 52.55546735)
7;2018;2;10;2;2;5;3;0;0;1;0;0;0;0;0;POINT (13.38718566 52.45799068)
4;2018;2;16;1;3;6;4;1;0;1;1;0;0;0;1;POINT (13.32404297 52.48665855)
4;2018;2;12;3;3;2;6;0;0;1;0;0;0;0;0;POINT (13.31495667 52.5009863)
3;2018;2;9;2;3;5;3;0;1;1;0;0;0;0;0;POINT (13.42740407 52.55241429)
8;2018;2;15;1;3;2;2;0;1;1;0;0;0;0;0;POINT (13.4601892 52.42900917)
7;2018;2;19;1;3;6;4;2;0;1;1;0;0;0;0;POINT (13.3282922 52.46510363)
1;2018;2;18;1;3;2;6;2;0;1;0;0;0;0;1;POINT (13.38800636 52.52183142)
3;2018;2;16;1;3;0;3;0;0;1;0;0;0;1;0;POINT (13.4321996 52.55250256)
12;2018;2;19;3;3;5;2;2;0;1;0;0;0;0;0;POINT (13.35393417 52.56208927)
5;2018;2;21;1;3;6;2;2;0;1;1;0;0;0;0;POINT (13.16547345 52.55108469)
7;2018;2;18;1;3;6;2;2;0;1;1;0;0;0;0;POINT (13.39209727 52.43993059)
5;2018;2;14;2;3;6;4;0;0;1;1;0;0;0;0;POINT (13.19269251 52.53117915)
11;2018;2;18;1;3;5;3;2;0;1;0;0;0;0;0;POINT (13.49860116 52.53822463)
5;2018;2;20;1;3;5;2;2;0;1;0;0;0;0;1;POINT (13.15782625 52.54304486)
4;2018;2;17;1;3;5;2;2;0;1;0;0;0;0;0;POINT (13.3152486 52.49082272)
5;2018;2;17;1;2;6;4;1;0;1;1;0;0;0;0;POINT (13.17353067 52.51972743)
6;2018;2;20;1;3;6;4;2;0;1;1;0;0;0;0;POINT (13.34655418 52.4498752)
3;2018;2;16;1;3;5;3;0;1;1;0;0;0;0;0;POINT (13.43516611 52.62904434)
4;2018;2;16;1;3;5;7;0;1;1;0;0;0;0;0;POINT (13.29799737 52.51012005)
1;2018;2;17;3;3;5;3;1;0;1;0;0;0;0;1;POINT (13.42024043 52.51494604)
3;2018;2;15;1;3;6;4;0;0;1;1;0;0;0;0;POINT (13.42003343 52.60632553)
4;2018;2;16;2;2;5;2;0;1;1;0;0;0;0;2;POINT (13.33278589 52.47872665)
1;2018;2;19;1;2;0;1;2;0;0;0;1;0;0;2;POINT (13.38148872 52.56165263)
7;2018;2;15;1;3;5;2;0;1;1;0;0;0;0;0;POINT (13.38463347 52.42214563)
9;2018;2;22;7;3;1;7;2;0;1;0;0;0;0;1;POINT (13.51323816 52.45847522)
4;2018;2;12;1;3;5;3;0;0;1;0;0;0;0;0;POINT (13.29634356 52.49257064)
6;2018;2;14;1;3;6;4;0;1;0;1;0;0;0;0;POINT (13.34408129 52.4384714)
7;2018;2;11;1;3;0;3;0;1;0;0;0;0;1;0;POINT (13.36406309 52.44828293)
4;2018;2;7;3;3;5;2;0;0;1;0;0;0;0;1;POINT (13.33093491 52.49316058)
12;2018;2;15;1;2;5;2;0;1;0;0;0;1;0;0;POINT (13.32650466 52.59213449)
4;2018;2;8;2;3;6;4;0;0;1;1;0;0;0;1;POINT (13.28948476 52.48495096)
9;2018;2;21;7;3;9;1;2;0;1;0;0;0;0;1;POINT (13.56210838 52.43689642)
6;2018;2;15;3;3;3;6;0;0;1;0;0;0;1;0;POINT (13.32180379 52.42941398)
6;2018;2;15;1;3;2;6;0;0;1;0;0;0;0;0;POINT (13.27368627 52.40993758)
7;2018;2;11;2;3;5;3;0;1;1;0;0;0;0;0;POINT (13.36651722 52.45983661)
9;2018;2;21;7;3;5;2;2;0;1;0;0;0;1;0;POINT (13.55434902 52.45569962)
4;2018;2;14;1;2;5;3;0;0;1;0;0;0;0;0;POINT (13.28424185 52.48528245)
8;2018;2;14;1;3;0;7;0;0;1;0;0;0;0;0;POINT (13.44659452 52.42695519)
1;2018;2;20;7;3;5;3;2;0;1;0;0;0;0;1;POINT (13.3408932 52.55319653)
7;2018;2;13;1;3;5;3;0;0;1;0;0;1;0;0;POINT (13.40315895 52.4634295)
7;2018;2;12;1;3;2;6;0;0;1;0;0;1;0;0;POINT (13.36676305 52.47266105)
1;2018;2;11;1;3;6;4;0;0;0;1;0;1;0;0;POINT (13.34164891 52.52551548)
6;2018;2;10;3;3;5;7;0;0;1;0;0;0;0;0;POINT (13.35888014 52.44612676)
2;2018;2;15;1;3;5;3;0;1;1;0;0;0;0;0;POINT (13.44073168 52.49439758)
9;2018;2;10;1;2;6;4;0;0;1;1;0;0;0;0;POINT (13.62479526 52.45153111)
1;2018;2;6;2;3;5;2;0;0;1;0;0;0;1;2;POINT (13.41168285 52.52396317)
1;2018;2;17;7;3;5;2;2;0;1;0;1;0;0;1;POINT (13.32973579 52.52379284)
8;2018;2;10;1;3;5;2;0;0;1;0;0;0;0;0;POINT (13.44279205 52.46508273)
2;2018;2;10;1;3;5;3;0;1;1;0;0;0;0;1;POINT (13.40541597 52.49608514)
2;2018;2;14;7;3;0;1;0;1;0;0;0;0;0;1;POINT (13.41731954 52.49901199)
10;2018;2;8;1;3;2;6;0;0;1;0;0;0;0;0;POINT (13.56158996 52.54476306)
8;2018;2;21;3;3;5;3;2;0;1;0;0;0;0;1;POINT (13.42759806 52.49018721)
6;2018;2;6;1;3;5;2;2;0;1;0;0;0;1;1;POINT (13.34684438 52.45000339)
5;2018;2;6;1;3;5;2;2;1;1;0;0;0;0;1;POINT (13.19747417 52.53173012)
8;2018;2;6;1;3;6;2;2;0;1;1;0;0;0;1;POINT (13.46437006 52.47020977)
10;2018;2;12;7;3;5;3;0;0;1;0;0;0;0;0;POINT (13.60962998 52.47807559)
2;2018;2;6;1;3;2;1;2;0;1;0;0;0;0;2;POINT (13.39241925 52.49799432)
12;2018;2;12;4;3;5;2;0;1;1;0;0;0;0;0;POINT (13.32605927 52.56180894)
1;2018;2;7;5;3;5;3;1;1;1;0;0;0;0;1;POINT (13.34140536 52.52057483)
6;2018;2;3;1;3;5;3;2;0;1;0;0;1;0;1;POINT (13.31355665 52.42676107)
11;2018;2;14;3;2;6;4;0;0;0;1;0;0;1;0;POINT (13.5181452 52.56806012)
6;2018;2;18;1;1;6;4;2;0;0;1;0;0;1;0;POINT (13.34432003 52.45028983)
8;2018;2;18;1;3;3;6;2;1;1;0;0;0;0;1;POINT (13.44208654 52.48080983)
10;2018;2;11;7;2;6;4;0;0;1;1;0;0;0;1;POINT (13.6201644 52.53835762)
7;2018;2;22;7;3;5;3;2;0;1;0;0;0;0;1;POINT (13.38705089 52.4579216)
11;2018;2;18;7;3;0;3;2;0;0;0;1;0;1;1;POINT (13.499578 52.52322856)
11;2018;2;17;3;3;1;5;2;0;1;0;0;1;0;0;POINT (13.4900994 52.52308024)
3;2018;2;17;7;3;6;2;2;0;1;1;0;0;0;1;POINT (13.4202425 52.60616512)
3;2018;2;14;2;3;6;4;0;0;1;1;0;0;0;0;POINT (13.39874534 52.57055684)
1;2018;2;16;7;3;2;6;2;0;1;0;0;0;0;1;POINT (13.38564228 52.50723805)
4;2018;2;16;2;3;6;7;0;1;0;1;0;0;0;0;POINT (13.2933717 52.47213592)
12;2018;2;16;7;3;2;6;1;0;1;0;0;0;0;1;POINT (13.30194872 52.59996138)
1;2018;2;16;1;3;3;6;1;0;1;0;1;0;0;0;POINT (13.42688858 52.50791864)
8;2018;2;3;7;3;2;7;2;0;1;0;0;0;1;1;POINT (13.4430585 52.48032928)
5;2018;2;14;7;3;0;7;0;0;1;0;0;0;0;0;POINT (13.20745826 52.55551953)
6;2018;2;14;7;2;0;1;0;0;1;1;0;0;0;0;POINT (13.31334248 52.42310754)
4;2018;2;17;1;2;5;3;1;0;1;0;0;0;0;1;POINT (13.31983797 52.46880704)
4;2018;2;17;3;3;5;2;1;0;1;0;0;0;1;0;POINT (13.32576236 52.50927013)
4;2018;2;13;7;3;6;2;0;0;1;1;0;0;0;0;POINT (13.31132104 52.46820932)
12;2018;2;15;2;2;2;6;0;0;1;0;0;0;0;0;POINT (13.28537709 52.59511879)
10;2018;2;22;6;3;9;1;2;0;1;0;0;0;0;1;POINT (13.61222622 52.51470302)
4;2018;2;9;7;3;5;2;0;1;1;0;0;0;0;0;POINT (13.3226917 52.48654317)
5;2018;2;20;6;3;5;3;2;0;1;0;0;0;0;0;POINT (13.12856485 52.52877387)
2;2018;2;1;7;3;5;3;2;0;1;0;0;0;0;0;POINT (13.40191033 52.4926374)
3;2018;2;19;6;3;6;2;2;0;1;1;0;0;0;1;POINT (13.43044111 52.52882639)
2;2018;2;18;6;3;6;4;2;1;0;1;0;0;0;0;POINT (13.41480997 52.49131837)
11;2018;2;11;6;3;5;7;0;0;1;0;0;0;0;0;POINT (13.49705842 52.53101916)
1;2018;2;14;3;3;6;2;0;0;0;1;0;1;0;0;POINT (13.36264626 52.49976916)
2;2018;2;11;6;3;5;2;0;0;1;0;0;0;0;0;POINT (13.44063184 52.51708835)
5;2018;2;8;2;2;6;6;0;0;1;1;0;0;0;0;POINT (13.14481345 52.45255925)
1;2018;2;12;6;3;5;5;0;1;1;0;0;0;0;1;POINT (13.38483018 52.51425451)
7;2018;2;13;6;3;2;6;0;0;1;0;0;0;0;0;POINT (13.40071989 52.41437406)
2;2018;2;16;6;2;2;7;1;0;1;0;0;0;0;0;POINT (13.41798038 52.48775779)
9;2018;2;9;5;3;5;2;0;1;0;0;0;1;0;0;POINT (13.45390985 52.48890416)
5;2018;2;17;6;2;1;5;1;0;1;0;1;0;0;0;POINT (13.2608368 52.54449936)
4;2018;2;10;3;3;2;6;0;0;1;0;0;0;1;1;POINT (13.32179002 52.50618812)
9;2018;2;18;6;3;2;6;2;0;1;0;0;0;0;1;POINT (13.57556509 52.42387211)
1;2018;2;18;6;3;5;2;2;1;1;0;0;0;0;0;POINT (13.4012153 52.51115748)
8;2018;2;8;3;3;2;6;0;0;1;0;0;0;0;1;POINT (13.4308222 52.46833788)
5;2018;2;18;6;3;2;6;2;0;1;0;0;0;0;0;POINT (13.2454865 52.52495655)
10;2018;2;7;2;3;5;3;0;0;1;0;0;0;0;1;POINT (13.6164686 52.51918535)
2;2018;2;16;5;3;1;5;0;1;1;0;0;0;0;0;POINT (13.41849217 52.5001681)
3;2018;2;20;5;3;0;7;1;1;1;0;0;0;0;1;POINT (13.42823723 52.53537029)
5;2018;2;15;5;3;5;3;0;0;1;0;0;0;0;0;POINT (13.15749456 52.56073541)
11;2018;2;22;4;2;5;3;2;1;1;0;0;0;0;1;POINT (13.48967547 52.51231223)
6;2018;2;18;5;3;5;3;2;0;1;0;0;0;0;1;POINT (13.34313193 52.4397025)
8;2018;2;13;5;3;5;2;0;0;0;0;1;0;1;0;POINT (13.43145932 52.48312208)
3;2018;2;14;2;3;6;4;0;0;1;1;0;0;0;1;POINT (13.42062828 52.53373311)
5;2018;2;11;5;3;6;4;0;0;1;1;0;0;0;0;POINT (13.20763398 52.5448976)
10;2018;2;16;1;3;5;3;0;0;1;0;0;0;0;0;POINT (13.5740938 52.48608604)
10;2018;2;12;1;3;2;6;0;0;1;0;0;0;0;0;POINT (13.5727122 52.54996982)
8;2018;2;11;5;3;6;4;0;0;1;1;0;0;0;0;POINT (13.44602164 52.46814751)
12;2018;2;19;1;3;2;6;2;0;1;0;0;0;0;1;POINT (13.35710401 52.59673732)
10;2018;2;10;5;3;5;3;0;0;1;0;0;0;1;0;POINT (13.60135565 52.48258168)
11;2018;2;20;5;3;6;4;2;0;1;1;0;0;0;0;POINT (13.46767662 52.53403208)
7;2018;2;0;3;3;0;1;2;1;0;0;0;0;0;0;POINT (13.39465534 52.48392842)
10;2018;2;9;5;3;5;2;0;1;0;0;0;0;1;0;POINT (13.51907753 52.5326899)
7;2018;2;19;5;3;5;3;2;1;1;0;0;0;0;1;POINT (13.36608117 52.49525009)
4;2018;2;15;2;3;6;2;0;0;1;1;0;0;0;1;POINT (13.31373013 52.5062318)
1;2018;2;19;5;3;5;2;2;1;1;0;0;0;0;1;POINT (13.34294555 52.52624502)
4;2018;2;8;5;3;2;6;0;0;1;0;0;0;1;1;POINT (13.29559348 52.53063102)
8;2018;2;16;1;3;2;6;1;0;1;0;0;0;0;0;POINT (13.45346868 52.46972858)
10;2018;2;16;3;3;5;3;0;1;1;0;0;0;0;0;POINT (13.56640974 52.52917899)
2;2018;2;9;5;3;5;3;0;1;1;0;0;0;0;0;POINT (13.41153678 52.50094017)
11;2018;2;15;4;3;0;2;0;1;0;0;0;0;1;0;POINT (13.48121141 52.53865571)
3;2018;2;10;1;2;1;7;0;0;1;0;0;0;0;1;POINT (13.36586335 52.59012702)
8;2018;2;16;4;3;5;2;0;1;1;0;0;0;0;0;POINT (13.44282181 52.46504727)
9;2018;2;6;1;2;5;3;0;0;1;0;0;0;0;2;POINT (13.51923941 52.46441555)
10;2018;2;17;4;3;5;3;1;1;1;0;0;0;0;0;POINT (13.5695486 52.52877346)
1;2018;2;16;6;3;5;3;0;0;1;0;0;0;0;0;POINT (13.36570376 52.55196992)
7;2018;2;19;4;3;2;6;2;0;1;0;0;0;0;0;POINT (13.3665959 52.48136402)
3;2018;2;14;5;2;6;4;0;0;1;1;0;0;0;0;POINT (13.43640702 52.55433505)
3;2018;2;16;3;3;1;6;0;0;1;0;0;0;0;0;POINT (13.43114464 52.55204734)
1;2018;2;14;3;3;5;7;0;0;1;0;0;0;1;0;POINT (13.39173752 52.5252689)
4;2018;2;8;3;3;2;6;0;1;0;0;0;0;0;0;POINT (13.30667733 52.51486088)
6;2018;2;8;1;3;5;3;0;1;1;0;0;0;0;2;POINT (13.3329848 52.42397089)
12;2018;2;15;3;3;5;2;0;0;1;0;0;0;0;0;POINT (13.34680999 52.56849369)
10;2018;2;12;6;2;5;2;0;0;1;0;0;0;1;0;POINT (13.52198588 52.52589325)
2;2018;2;14;3;3;5;2;0;1;1;0;0;0;0;0;POINT (13.45245523 52.5184035)
10;2018;2;16;3;3;6;4;0;0;1;1;0;0;0;0;POINT (13.60405066 52.53958571)
8;2018;2;22;3;2;6;4;2;0;1;1;0;0;0;0;POINT (13.44389691 52.47975174)
9;2018;2;17;6;3;8;1;1;0;1;0;0;0;0;0;POINT (13.64277184 52.37734675)
2;2018;2;19;3;3;2;6;2;0;1;0;0;0;0;0;POINT (13.41101985 52.48853891)
1;2018;2;23;5;3;2;6;2;0;1;0;0;0;0;0;POINT (13.38990261 52.51031578)
5;2018;2;19;3;3;2;6;2;0;1;0;0;0;0;0;POINT (13.20691993 52.53898498)
4;2018;2;13;4;3;5;2;0;1;1;0;0;0;0;0;POINT (13.3281421 52.50825122)
5;2018;2;7;3;3;2;6;0;0;1;0;0;0;0;0;POINT (13.23149895 52.53901946)
7;2018;2;13;2;3;6;2;0;0;1;1;0;0;0;0;POINT (13.3438728 52.47868779)
9;2018;2;8;3;2;5;3;0;0;1;0;1;0;0;0;POINT (13.55330314 52.46961952)
11;2018;2;9;3;3;2;6;0;0;1;0;1;0;0;0;POINT (13.48400451 52.49762108)
2;2018;2;13;7;3;5;2;0;1;1;0;0;0;0;0;POINT (13.46590893 52.49999055)
8;2018;2;6;3;3;5;3;1;1;1;0;0;0;0;0;POINT (13.45909037 52.44042843)
1;2018;2;14;5;3;6;2;0;0;1;1;0;0;1;0;POINT (13.34808649 52.55609509)
2;2018;2;11;3;3;1;5;0;1;0;0;0;1;0;0;POINT (13.45462349 52.51906588)
10;2018;2;12;3;3;6;4;0;0;1;1;0;0;1;0;POINT (13.62179524 52.53048198)
5;2018;2;17;3;3;6;2;1;0;1;1;0;0;0;0;POINT (13.18434188 52.54476502)
9;2018;2;7;2;3;1;5;0;1;1;0;0;0;0;0;POINT (13.44919591 52.48833811)
1;2018;2;9;3;3;5;2;0;1;1;0;0;0;0;0;POINT (13.40307333 52.52900052)
4;2018;2;15;1;3;6;7;0;0;1;1;0;0;0;0;POINT (13.31943146 52.50158363)
3;2018;2;17;3;3;0;7;2;1;0;0;0;0;0;0;POINT (13.41194226 52.581532)
1;2018;2;15;2;3;5;2;0;1;1;0;0;0;0;0;POINT (13.40447481 52.50786683)
1;2018;2;16;3;3;6;4;0;1;0;1;0;0;0;0;POINT (13.40714971 52.5114828)
10;2018;2;16;3;2;6;4;0;0;1;1;0;0;0;0;POINT (13.61987394 52.53920934)
7;2018;2;14;7;2;0;7;0;0;1;0;0;0;0;0;POINT (13.3447673 52.48912902)
2;2018;2;14;3;3;2;6;0;1;0;0;0;0;0;0;POINT (13.46975322 52.50643012)
7;2018;2;13;5;3;6;7;0;0;1;1;0;0;0;0;POINT (13.36530207 52.49375457)
8;2018;2;14;3;3;2;6;0;1;1;0;0;0;0;0;POINT (13.44035174 52.46742205)
8;2018;2;12;2;3;0;2;0;0;0;0;0;0;1;0;POINT (13.44753962 52.43698722)
5;2018;2;14;3;3;6;2;0;0;1;1;0;0;0;0;POINT (13.23251987 52.52772075)
11;2018;2;14;1;3;2;6;0;0;1;0;0;0;0;0;POINT (13.47265739 52.50357512)
1;2018;2;14;3;3;2;7;0;0;1;0;0;0;0;0;POINT (13.38908692 52.51563111)
10;2018;2;15;6;3;2;6;0;0;1;0;0;0;0;0;POINT (13.56017821 52.48461553)
8;2018;2;13;3;3;2;6;0;0;1;0;0;0;0;0;POINT (13.44770642 52.47786185)
4;2018;2;15;7;3;5;3;0;0;1;0;0;0;0;0;POINT (13.27978069 52.54092359)
7;2018;2;11;3;2;5;3;0;1;1;0;0;0;0;0;POINT (13.33262602 52.47542269)
6;2018;2;10;5;3;2;2;0;0;0;0;0;1;1;0;POINT (13.30410234 52.46035161)
4;2018;2;5;3;3;2;2;2;0;1;0;0;0;0;0;POINT (13.31967114 52.54572919)
5;2018;2;15;2;3;2;2;0;0;1;0;0;0;0;0;POINT (13.17926765 52.53394647)
4;2018;2;12;4;3;2;2;0;0;1;0;0;0;0;0;POINT (13.31285032 52.48050533)
8;2018;2;17;1;3;5;3;1;1;1;0;0;0;0;0;POINT (13.47761805 52.43017243)
6;2018;2;20;2;3;5;2;2;0;1;0;0;0;0;0;POINT (13.33929683 52.45871224)
2;2018;2;10;1;3;0;6;0;0;1;0;1;0;0;0;POINT (13.38377516 52.49436438)
4;2018;2;14;2;3;0;5;0;0;1;0;0;0;1;0;POINT (13.31711322 52.50604234)
8;2018;2;16;6;3;5;5;0;0;1;0;0;0;0;0;POINT (13.44367319 52.46418721)
2;2018;2;22;5;2;2;6;2;0;1;0;0;0;0;0;POINT (13.39819677 52.50697255)
1;2018;2;11;4;3;5;3;0;0;1;0;0;0;0;0;POINT (13.35063644 52.51390039)
7;2018;2;13;2;3;5;2;0;1;0;0;0;0;1;0;POINT (13.36184155 52.47468256)
8;2018;2;18;2;3;2;6;2;0;1;0;0;0;0;0;POINT (13.42799282 52.47368658)
11;2018;2;14;2;3;5;3;0;0;1;0;0;0;0;0;POINT (13.48561051 52.52241559)
3;2018;2;17;5;3;5;3;2;0;1;0;0;0;0;0;POINT (13.43017155 52.55134883)
8;2018;2;15;2;3;2;6;0;0;1;0;0;0;0;0;POINT (13.42731022 52.47776666)
6;2018;2;1;5;3;2;7;2;0;1;0;0;0;0;0;POINT (13.29616592 52.44346343)
5;2018;2;16;3;3;0;6;0;0;1;0;0;0;1;0;POINT (13.18014816 52.50901168)
6;2018;2;21;2;3;6;4;2;0;1;1;0;0;0;0;POINT (13.26614775 52.41507711)
2;2018;2;18;2;3;0;6;2;0;1;0;0;0;1;0;POINT (13.46645002 52.50084743)
5;2018;2;9;1;3;1;5;0;1;1;0;0;0;0;0;POINT (13.19404587 52.5197381)
5;2018;2;18;2;3;1;5;2;0;1;0;0;0;1;0;POINT (13.15991481 52.55217104)
2;2018;2;13;6;3;2;2;0;0;1;0;0;0;0;0;POINT (13.44239901 52.52475109)
1;2018;2;17;2;3;5;5;1;0;1;0;1;0;0;0;POINT (13.3466236 52.52025451)
12;2018;2;14;4;3;5;2;0;1;1;0;0;0;0;0;POINT (13.33280777 52.59540853)
4;2018;2;17;2;3;6;4;1;0;0;1;1;0;0;0;POINT (13.30937287 52.5182434)
6;2018;2;16;2;3;5;3;0;0;1;0;0;0;0;0;POINT (13.25144695 52.43320419)
1;2018;2;18;2;3;5;3;2;1;1;0;0;0;0;0;POINT (13.39914169 52.53892787)
9;2018;2;13;2;2;6;4;0;0;0;1;0;0;1;0;POINT (13.56853942 52.44483873)
1;2018;2;11;2;3;2;6;0;0;1;0;0;0;0;0;POINT (13.40972558 52.52881583)
6;2018;2;12;7;3;5;3;0;0;1;0;0;0;0;0;POINT (13.2062485 52.43522879)
12;2018;2;10;2;3;2;6;0;0;1;0;0;0;0;0;POINT (13.32575904 52.59087004)
2;2018;2;0;2;2;5;3;2;1;1;0;0;0;0;0;POINT (13.41028294 52.50378743)
5;2018;2;7;1;3;5;3;0;0;1;0;0;0;1;1;POINT (13.19424216 52.55811168)
4;2018;2;2;2;3;2;6;2;0;1;0;0;0;0;0;POINT (13.27832643 52.46966318)
4;2018;2;9;6;2;0;7;0;1;0;0;0;0;0;0;POINT (13.30690271 52.50566446)
11;2018;2;6;2;3;2;6;1;0;1;0;0;0;1;0;POINT (13.47315121 52.53630761)