bez;ujahr;umonat;ustunde;uwochentag;ukategorie;uart;utyp1;ulichtverh;istrad;istpkw;istfuss;istkrad;istgkfz;istsonstige;ustrzustand;geometry
10;2018;2;7;2;2;6;7;0;0;1;1;0;0;0;0;POINT (13.54403289 52.52604316)
10;2018;2;8;2;3;5;3;0;1;1;0;0;0;0;0;POINT (13.58098512 52.50319137)
6;2018;2;14;2;3;5;2;0;1;1;0;0;0;0;0;POINT (13.31560708 52.44308703)
2;2018;2;9;2;3;5;3;0;1;1;0;0;0;0;0;POINT (13.38208145 52.50155233)
2;2018;2;10;2;3;5;2;0;1;1;0;0;0;0;0;POINT (13.39092716 52.49245211)
8;2018;2;19;7;3;6;4;2;0;1;1;0;0;0;0;POINT (13.43049069 52.48634203)
9;2018;2;9;4;3;2;6;0;0;1;0;0;0;0;0;POINT (13.48036562 52.46005943)
8;2018;2;19;5;3;2;6;2;0;1;0;0;0;0;0;POINT (13.43277133 52.46490777)
4;2018;2;12;2;3;5;2;0;0;1;0;0;0;0;0;POINT (13.31498654 52.5008339)
11;2018;2;11;5;3;2;6;0;0;1;0;0;0;0;0;POINT (13.48533267 52.52685305)
10;2018;2;19;1;3;0;5;2;0;1;0;0;0;1;0;POINT (13.57242848 52.56894582)
1;2018;2;15;5;3;5;2;0;0;1;0;0;0;0;0;POINT (13.33732466 52.55863479)
1;2018;2;2;1;2;9;1;2;0;1;1;0;0;0;0;POINT (13.41524786 52.52085389)
11;2018;2;20;1;3;6;7;2;0;1;1;0;0;0;0;POINT (13.49966872 52.53466548)
2;2018;2;20;1;3;5;3;2;1;1;0;0;0;0;0;POINT (13.41028986 52.50378559)
8;2018;2;9;2;3;6;4;0;0;1;1;0;0;0;0;POINT (13.46506981 52.42950617)
3;2018;2;17;1;2;2;6;1;1;1;0;0;0;0;0;POINT (13.40929212 52.58200538)
6;2018;2;14;1;3;4;1;0;0;1;0;0;0;0;0;POINT (13.31773289 52.42603353)
4;2018;2;18;1;3;3;6;2;1;1;0;0;0;0;0;POINT (13.33593072 52.50428471)
2;2018;2;2;7;3;5;7;2;0;1;0;0;0;0;1;POINT (13.41920842 52.49007279)
3;2018;2;16;4;3;0;2;0;1;1;0;0;0;0;0;POINT (13.41990863 52.5316664)
3;2018;2;17;1;3;2;7;1;0;1;0;0;0;1;0;POINT (13.48515869 52.62134858)
6;2018;2;3;5;3;5;3;2;0;1;0;0;0;0;0;POINT (13.3092444 52.46754525)
5;2018;2;21;3;3;0;1;2;0;1;0;0;0;0;0;POINT (13.15716364 52.53927823)
4;2018;2;16;1;3;2;6;0;0;1;0;0;1;0;0;POINT (13.29603704 52.53494097)
12;2018;2;14;4;3;2;2;0;0;1;0;0;0;0;0;POINT (13.29654158 52.59751842)
1;2018;2;16;1;3;2;6;0;0;1;0;0;0;0;0;POINT (13.33523637 52.54151116)
1;2018;2;8;1;3;1;5;0;1;1;0;0;0;0;0;POINT (13.41021075 52.52476404)
1;2018;2;23;4;2;5;2;2;0;1;0;0;0;0;0;POINT (13.39602864 52.53827247)
2;2018;2;14;1;3;5;3;0;1;0;0;0;0;1;0;POINT (13.38742538 52.49285128)
4;2018;2;21;6;3;0;1;2;0;0;0;1;0;0;0;POINT (13.32549959 52.50412794)
1;2018;2;9;1;3;3;6;0;0;1;0;0;0;0;0;POINT (13.35128398 52.52435798)
1;2018;2;14;1;3;5;2;0;1;1;0;0;0;0;0;POINT (13.36158989 52.54802305)
3;2018;2;6;1;3;5;3;2;0;1;0;0;0;0;1;POINT (13.44335134 52.53340478)
6;2018;2;14;1;3;6;2;0;0;1;1;0;0;0;0;POINT (13.315607 52.44308767)
1;2018;2;16;6;3;6;4;0;0;1;1;0;0;0;0;POINT (13.38640532 52.54950542)
7;2018;2;20;4;3;5;7;2;0;1;0;0;0;0;0;POINT (13.34829232 52.48177175)
1;2018;2;14;1;3;1;5;0;0;1;0;0;0;1;0;POINT (13.39074783 52.55461575)
10;2018;2;13;5;3;6;4;0;0;1;1;0;0;0;0;POINT (13.57066557 52.56527137)
5;2018;2;16;3;3;5;7;0;0;1;0;0;0;0;0;POINT (13.26487703 52.53670734)
12;2018;2;14;1;3;5;3;0;0;1;0;0;0;0;0;POINT (13.2797946 52.58531481)
10;2018;2;14;1;2;5;3;0;1;1;0;0;0;0;0;POINT (13.5487417 52.55781204)
4;2018;2;8;1;3;2;6;0;0;1;0;0;0;0;2;POINT (13.28303647 52.5128165)
5;2018;2;7;4;3;6;2;0;0;1;1;0;0;0;0;POINT (13.19531367 52.52778882)
2;2018;2;10;1;3;5;3;0;0;1;0;0;0;0;0;POINT (13.46222031 52.51002145)
1;2018;2;13;6;3;1;5;0;1;1;0;0;0;0;0;POINT (13.37471153 52.54710589)
4;2018;2;9;1;3;5;5;0;1;1;0;0;0;0;0;POINT (13.31659085 52.49040601)
12;2018;2;9;4;3;6;7;0;0;1;1;0;0;0;0;POINT (13.30889415 52.57835693)
3;2018;2;7;1;3;6;7;0;0;1;1;0;0;0;0;POINT (13.43538877 52.55341257)
8;2018;2;6;1;3;6;2;2;0;1;1;0;0;0;0;POINT (13.43146359 52.46046481)
7;2018;2;16;2;3;6;4;0;0;1;1;0;0;0;0;POINT (13.37562969 52.46012753)
6;2018;2;20;1;3;1;5;2;1;1;0;0;0;0;0;POINT (13.33584686 52.46364575)
11;2018;2;14;1;2;5;3;0;1;1;0;0;0;0;0;POINT (13.47343464 52.52067156)
6;2018;2;16;1;2;5;3;0;1;1;0;0;0;0;0;POINT (13.32268904 52.43113112)
3;2018;2;15;2;3;5;3;0;0;1;0;0;0;0;0;POINT (13.43643764 52.55182211)
9;2018;2;18;1;2;5;2;2;0;1;0;1;0;0;0;POINT (13.48703072 52.46554576)
2;2018;2;10;1;1;6;2;0;0;0;1;0;1;0;0;POINT (13.41864376 52.49889512)
6;2018;2;1;7;2;1;5;2;1;1;0;0;0;0;1;POINT (13.21582375 52.43313203)
12;2018;2;8;4;3;5;3;0;1;1;0;0;0;0;0;POINT (13.22063962 52.61691887)
5;2018;2;2;7;3;6;4;2;0;1;1;0;0;0;0;POINT (13.21794835 52.53125104)
2;2018;2;0;6;3;0;1;2;1;0;0;0;0;0;0;POINT (13.42678104 52.499127)
8;2018;2;20;7;3;1;5;2;0;1;0;0;0;0;0;POINT (13.43496395 52.46120297)
3;2018;2;18;7;3;2;6;2;0;1;0;0;0;0;0;POINT (13.41465132 52.55357759)
11;2018;2;16;7;2;6;4;1;0;1;1;0;0;0;0;POINT (13.51196503 52.50949971)
8;2018;2;5;2;2;5;3;2;0;1;0;1;0;1;0;POINT (13.43338742 52.42454283)
3;2018;2;15;7;3;6;4;0;0;1;1;0;0;0;0;POINT (13.46960502 52.61426662)
5;2018;2;15;1;3;2;6;0;0;1;0;0;0;1;0;POINT (13.19427218 52.53569686)
6;2018;2;9;7;2;5;3;0;1;1;0;0;0;0;0;POINT (13.33441637 52.41121722)
1;2018;2;16;7;3;2;6;0;0;1;0;0;0;0;0;POINT (13.38761834 52.52414452)
2;2018;2;8;7;3;6;7;0;0;0;1;0;0;1;0;POINT (13.40055899 52.48409959)
4;2018;2;13;7;2;5;2;0;0;1;0;0;0;0;0;POINT (13.30598714 52.52576726)
3;2018;2;8;4;3;5;3;0;0;1;0;0;0;0;0;POINT (13.42222861 52.55989984)
2;2018;2;6;7;3;5;3;2;0;1;0;0;0;1;0;POINT (13.46744266 52.50964534)
1;2018;2;6;5;3;0;2;2;0;1;0;1;0;0;0;POINT (13.38661832 52.54340709)
3;2018;2;2;7;3;0;1;2;1;0;0;0;0;0;0;POINT (13.42503641 52.60732647)
1;2018;2;5;7;3;5;3;2;0;1;0;0;0;0;0;POINT (13.39149316 52.512215)
11;2018;2;10;2;3;6;4;0;0;1;1;0;0;0;0;POINT (13.50735698 52.56419229)
8;2018;2;20;6;3;6;7;2;0;1;1;0;0;0;0;POINT (13.43627998 52.48015723)
6;2018;2;12;1;3;5;3;0;0;1;0;0;0;0;0;POINT (13.30213952 52.43819655)
7;2018;2;0;6;3;2;3;2;0;1;0;0;0;0;0;POINT (13.38382465 52.45580802)
8;2018;2;13;6;3;2;6;0;0;1;0;0;0;0;0;POINT (13.4348348 52.44109301)
3;2018;2;5;4;3;5;3;2;1;1;0;0;0;0;0;POINT (13.47763277 52.56055576)
11;2018;2;12;6;2;5;2;0;0;1;0;0;0;0;0;POINT (13.47621843 52.53309599)
1;2018;2;10;5;2;5;3;0;0;1;0;0;0;0;0;POINT (13.39590861 52.5382778)
4;2018;2;18;3;2;0;5;2;1;1;0;0;0;0;0;POINT (13.32116919 52.50595453)
11;2018;2;12;6;3;5;3;0;0;1;0;0;0;0;0;POINT (13.51910725 52.51346684)
7;2018;2;6;4;3;0;5;2;0;1;0;0;0;0;0;POINT (13.3565767 52.40056823)
1;2018;2;12;6;3;6;6;0;1;0;1;0;0;0;0;POINT (13.34048385 52.50534763)
3;2018;2;11;5;3;6;4;0;0;0;1;0;0;1;0;POINT (13.42860814 52.58290607)
4;2018;2;6;6;3;5;3;1;0;1;0;0;0;0;0;POINT (13.31305122 52.50059447)
7;2018;2;16;1;2;5;3;0;1;1;0;0;0;0;0;POINT (13.33116251 52.46956484)
9;2018;2;9;6;3;0;1;0;0;0;0;1;0;0;1;POINT (13.59316301 52.45155042)
12;2018;2;11;1;2;2;6;0;0;1;0;0;0;1;0;POINT (13.32483415 52.60215054)
10;2018;2;7;4;3;1;5;0;1;1;0;0;0;1;0;POINT (13.59030513 52.51366745)
1;2018;2;23;6;3;5;3;2;0;1;0;0;0;0;0;POINT (13.39341195 52.52640274)
9;2018;2;15;6;3;5;3;0;1;1;0;0;0;0;0;POINT (13.45202992 52.49031619)
4;2018;2;7;4;2;0;2;0;0;1;0;1;0;0;0;POINT (13.29362552 52.53396569)
1;2018;2;18;5;3;1;5;2;1;1;0;0;0;0;0;POINT (13.4255797 52.50846868)
1;2018;2;23;6;3;5;3;2;0;1;0;0;0;0;0;POINT (13.35714279 52.54524049)
7;2018;2;16;5;3;6;4;0;0;1;1;0;0;0;0;POINT (13.33279224 52.46903212)
6;2018;2;14;3;3;6;4;0;0;1;1;0;0;0;0;POINT (13.35722476 52.42336255)
8;2018;2;23;6;3;2;1;2;0;1;0;0;0;0;0;POINT (13.42881652 52.47798014)
5;2018;2;21;6;3;5;2;2;0;1;0;0;0;0;0;POINT (13.21406837 52.53837019)
4;2018;2;7;1;3;2;6;0;0;1;0;0;0;0;2;POINT (13.27890894 52.50361882)
9;2018;2;9;4;2;5;3;0;1;1;0;0;0;0;0;POINT (13.58052863 52.44304026)
2;2018;2;18;6;2;6;4;2;0;1;1;0;0;0;0;POINT (13.46111866 52.51106711)
7;2018;2;9;1;3;5;2;0;1;0;0;0;1;0;1;POINT (13.40389265 52.45974284)
8;2018;2;12;4;3;5;2;0;0;1;0;0;0;0;0;POINT (13.42600463 52.45722857)
5;2018;2;18;6;2;6;4;2;0;1;1;0;0;0;0;POINT (13.19481525 52.53558226)
1;2018;2;16;6;3;9;1;0;0;1;0;0;0;0;0;POINT (13.37924659 52.52945577)
2;2018;2;18;6;3;5;2;2;1;1;0;0;0;0;0;POINT (13.46245988 52.51978184)
3;2018;2;5;4;3;5;2;2;0;1;0;0;0;0;1;POINT (13.42908302 52.55632696)
9;2018;2;15;6;3;5;7;0;1;1;0;0;0;0;0;POINT (13.62360816 52.44669495)
10;2018;2;15;6;3;2;6;0;0;1;0;0;0;0;0;POINT (13.57112504 52.52861103)
2;2018;2;19;2;3;1;5;2;1;1;0;0;0;1;0;POINT (13.44189366 52.50440336)
2;2018;2;15;6;3;2;6;0;0;1;0;0;0;1;0;POINT (13.42867664 52.50715225)
12;2018;2;17;5;3;6;4;1;0;1;1;0;0;0;0;POINT (13.35411667 52.59658058)
8;2018;2;14;6;3;5;3;0;1;1;0;0;0;0;0;POINT (13.44487315 52.46245125)
6;2018;2;13;7;3;6;4;0;0;1;1;0;0;0;0;POINT (13.2977233 52.46475356)
8;2018;2;0;4;2;9;1;2;0;1;0;0;0;0;1;POINT (13.45316894 52.46347155)
9;2018;2;13;5;3;6;4;0;0;1;1;0;0;0;0;POINT (13.62553464 52.45751166)
3;2018;2;7;5;3;5;2;0;1;1;0;0;0;0;0;POINT (13.45637463 52.52323357)
6;2018;2;17;5;2;6;7;1;0;1;1;0;0;0;0;POINT (13.30200301 52.4247299)
4;2018;2;13;4;3;2;2;0;1;1;0;0;0;0;0;POINT (13.3345855 52.49838048)
7;2018;2;7;5;3;3;6;0;0;1;0;0;0;1;1;POINT (13.32847724 52.46484111)
7;2018;2;7;5;3;0;7;1;1;0;0;0;0;0;0;POINT (13.40953645 52.39978293)
4;2018;2;19;5;3;1;1;2;0;1;0;0;0;0;0;POINT (13.26246131 52.48201041)
4;2018;2;11;6;3;2;6;0;0;1;0;0;0;0;0;POINT (13.29597856 52.52961114)
12;2018;2;22;5;2;6;4;2;0;1;1;0;0;0;0;POINT (13.28735485 52.59021859)
8;2018;2;14;4;3;6;7;0;0;1;1;0;0;0;0;POINT (13.42562645 52.46568529)
1;2018;2;22;5;3;2;6;2;0;1;0;0;0;0;0;POINT (13.42274696 52.51386877)
4;2018;2;21;5;3;5;3;2;1;1;0;0;0;0;0;POINT (13.32000337 52.47357271)
2;2018;2;14;2;2;6;2;0;0;1;1;0;0;0;0;POINT (13.3991756 52.48888555)
6;2018;2;12;5;3;8;1;0;0;1;0;0;0;0;0;POINT (13.29689149 52.44278248)
2;2018;2;13;5;3;5;2;0;0;1;0;0;0;0;0;POINT (13.39947502 52.49828894)
6;2018;2;23;7;2;1;1;2;1;1;0;0;0;0;0;POINT (13.3331018 52.45832523)
7;2018;2;15;4;3;5;2;0;0;1;0;0;0;0;0;POINT (13.40017675 52.45913658)
1;2018;2;14;5;3;5;3;0;0;1;0;0;0;0;0;POINT (13.38909533 52.51474484)
8;2018;2;12;5;3;5;3;0;1;1;0;0;0;0;0;POINT (13.42692148 52.48711145)
9;2018;2;15;5;3;2;2;0;0;1;0;0;0;0;0;POINT (13.55336078 52.42739699)
7;2018;2;12;2;3;0;3;0;0;1;0;0;0;1;0;POINT (13.39570274 52.45432657)
7;2018;2;15;5;2;6;4;0;0;1;1;0;0;0;0;POINT (13.39953955 52.41691599)
11;2018;2;15;1;3;2;6;0;0;1;0;0;0;0;0;POINT (13.50049039 52.53441206)
8;2018;2;8;2;2;5;2;0;1;1;0;0;0;0;0;POINT (13.44415286 52.48478495)
1;2018;2;15;5;3;1;6;0;1;0;0;0;0;1;0;POINT (13.42048625 52.50545116)
11;2018;2;14;1;3;2;2;0;0;1;0;0;1;0;0;POINT (13.50060466 52.51060074)
6;2018;2;16;5;3;5;3;0;1;1;0;0;0;0;0;POINT (13.30555103 52.43514018)
8;2018;2;14;7;3;5;3;0;0;1;0;0;0;0;0;POINT (13.43679297 52.45696474)
4;2018;2;15;4;3;5;2;0;1;0;0;0;0;1;0;POINT (13.33260038 52.50616985)
6;2018;2;17;5;2;5;3;2;0;1;0;1;0;0;0;POINT (13.31918273 52.45744538)
4;2018;2;9;5;3;5;2;0;1;1;0;0;0;0;0;POINT (13.32783356 52.50545999)
10;2018;2;0;3;3;1;5;2;0;1;0;0;0;0;0;POINT (13.62452089 52.52994668)
1;2018;2;23;5;3;0;1;2;1;0;0;0;0;0;0;POINT (13.40084946 52.51848676)
4;2018;2;7;4;2;0;1;0;1;0;0;0;0;0;0;POINT (13.29852413 52.47236384)
1;2018;2;18;1;3;5;2;2;1;1;0;0;0;0;0;POINT (13.38539182 52.55009921)
8;2018;2;20;5;2;5;7;2;0;1;0;0;0;0;0;POINT (13.4301825 52.41461209)
7;2018;2;10;1;3;5;2;0;0;1;0;0;0;0;0;POINT (13.34618173 52.50104551)
3;2018;2;15;4;3;2;6;0;0;1;0;1;0;0;0;POINT (13.40668857 52.54709825)
1;2018;2;18;5;3;3;2;2;1;1;0;0;0;0;0;POINT (13.40019291 52.50951242)
4;2018;2;18;6;2;5;2;2;1;1;0;0;0;0;0;POINT (13.32210251 52.51180865)
1;2018;2;15;4;3;5;2;0;1;1;0;0;0;0;0;POINT (13.38818896 52.56095849)
7;2018;2;19;5;3;5;7;2;0;1;0;0;0;0;0;POINT (13.37211931 52.49242227)
5;2018;2;12;5;3;5;2;0;1;1;0;0;0;0;0;POINT (13.21157285 52.52726893)
9;2018;2;11;6;2;6;3;0;0;1;1;0;0;0;0;POINT (13.57813444 52.46002407)
6;2018;2;11;5;3;3;6;0;0;1;0;0;0;0;0;POINT (13.32216057 52.46253665)
4;2018;2;3;5;3;8;1;2;0;1;0;0;0;0;0;POINT (13.33372605 52.50524682)
10;2018;2;6;3;3;5;3;2;0;1;0;0;0;0;2;POINT (13.5580451 52.5296707)
1;2018;2;9;5;3;2;6;0;1;1;0;0;0;0;1;POINT (13.38406678 52.55089154)
3;2018;2;8;5;3;5;3;0;1;1;0;0;0;0;1;POINT (13.402781 52.56350995)
12;2018;2;8;1;2;4;6;0;0;1;0;0;0;0;0;POINT (13.22961683 52.62519665)
5;2018;2;6;5;3;0;6;1;0;1;0;0;0;1;1;POINT (13.22680111 52.52851353)
12;2018;2;13;6;3;5;7;0;0;1;0;0;0;0;0;POINT (13.28549679 52.58375414)
7;2018;2;6;5;2;6;2;2;0;1;1;0;0;0;1;POINT (13.35034976 52.41424859)
9;2018;2;6;5;3;1;5;1;0;1;0;0;0;0;1;POINT (13.57158954 52.43683111)
2;2018;2;5;5;3;6;2;2;0;1;1;0;0;0;1;POINT (13.38980677 52.49590407)
7;2018;2;16;2;3;6;2;0;0;0;1;0;0;1;0;POINT (13.42160119 52.46519957)
9;2018;2;2;5;3;0;1;2;1;0;0;0;0;0;1;POINT (13.57816266 52.45990038)
1;2018;2;16;4;3;5;2;2;1;1;0;0;0;0;0;POINT (13.33649774 52.54211524)
4;2018;2;15;2;3;3;6;0;0;1;0;0;0;1;0;POINT (13.33039889 52.50369206)
1;2018;2;10;4;2;5;3;0;0;1;0;0;0;0;0;POINT (13.3786311 52.54472723)
1;2018;2;10;4;3;1;5;0;0;1;0;0;0;0;0;POINT (13.3320993 52.52416111)
1;2018;2;7;1;2;2;6;1;1;1;0;0;0;0;2;POINT (13.35402774 52.52654374)
1;2018;2;9;4;3;5;3;0;1;1;0;0;0;0;0;POINT (13.31958778 52.52835574)
7;2018;2;1;6;3;9;1;2;0;1;0;0;0;0;0;POINT (13.32910268 52.47154542)
1;2018;2;9;4;3;0;1;0;1;0;0;0;0;0;0;POINT (13.40448497 52.52200651)
9;2018;2;8;4;3;2;6;0;0;1;0;0;0;1;0;POINT (13.49592035 52.46612876)
6;2018;2;7;4;3;1;5;0;0;1;0;0;0;0;0;POINT (13.29987628 52.422911)
4;2018;2;14;2;2;6;2;0;0;1;1;0;0;0;0;POINT (13.32239154 52.4863294)
10;2018;2;7;4;3;8;1;0;0;1;0;0;0;0;1;POINT (13.62585246 52.5293716)
8;2018;2;6;4;3;6;2;2;0;0;1;0;1;0;0;POINT (13.4558115 52.47378643)
5;2018;2;18;7;3;5;2;2;0;1;0;0;0;0;0;POINT (13.16177461 52.52356011)
7;2018;2;19;5;3;2;6;2;0;1;0;0;0;0;0;POINT (13.3452853 52.49256672)
9;2018;2;6;4;3;5;2;1;0;1;0;0;0;0;0;POINT (13.48125577 52.46079553)
8;2018;2;11;5;3;5;3;0;0;1;0;0;0;0;0;POINT (13.45613516 52.48430581)
6;2018;2;13;7;3;5;3;0;0;1;0;0;0;0;0;POINT (13.30648529 52.4174362)
2;2018;2;1;4;3;5;3;2;0;1;0;0;0;0;0;POINT (13.46966405 52.52039713)
8;2018;2;16;5;3;2;6;0;0;1;0;0;0;0;0;POINT (13.46983099 52.43479975)
3;2018;2;8;4;3;2;6;0;0;1;0;0;0;0;0;POINT (13.42081172 52.58942879)
6;2018;2;19;4;3;6;2;2;0;1;1;0;0;0;1;POINT (13.33756883 52.45853376)
1;2018;2;10;2;3;6;4;0;0;1;1;0;0;0;0;POINT (13.35409963 52.54947639)
7;2018;2;19;4;3;0;2;2;0;1;1;0;0;0;0;POINT (13.38581939 52.46707837)
1;2018;2;13;1;3;2;6;0;0;1;0;0;0;0;0;POINT (13.32833103 52.5346173)
6;2018;2;15;4;3;6;2;0;0;1;1;0;0;0;0;POINT (13.29274631 52.45806082)
2;2018;2;1;7;3;5;2;2;0;1;0;0;0;0;0;POINT (13.39426148 52.49145914)
7;2018;2;8;5;3;0;2;0;0;1;0;0;0;1;0;POINT (13.36120387 52.4942308)
9;2018;2;18;3;2;2;6;2;0;1;0;0;0;0;0;POINT (13.46967618 52.45203767)
1;2018;2;14;4;3;2;6;0;0;1;0;0;0;0;0;POINT (13.41545158 52.52659171)
3;2018;2;11;4;2;5;3;0;0;1;0;0;0;0;0;POINT (13.41954484 52.58772444)
7;2018;2;9;1;3;5;3;0;0;1;0;0;0;1;1;POINT (13.37526436 52.44349458)
3;2018;3;17;1;3;2;6;0;0;1;0;0;0;0;0;POINT (13.42917982 52.5719786)
8;2018;3;17;1;3;1;5;0;1;1;0;0;0;0;0;POINT (13.50119547 52.42024599)
9;2018;3;16;1;3;6;4;0;0;1;1;0;0;0;0;POINT (13.53855146 52.43163597)
6;2018;3;1;2;3;9;1;2;0;1;0;0;0;0;0;POINT (13.31578715 52.45048938)
2;2018;3;16;1;3;5;2;0;1;1;0;0;0;0;0;POINT (13.40283377 52.49404262)
1;2018;3;16;1;3;6;4;0;0;1;1;0;0;0;0;POINT (13.38774808 52.55112806)
2;2018;3;16;1;3;2;6;0;0;1;0;0;0;0;0;POINT (13.45335481 52.51580343)
5;2018;3;17;2;2;6;7;0;0;1;1;0;0;0;0;POINT (13.15840204 52.53194461)
4;2018;3;14;1;3;5;3;0;0;1;0;0;0;0;0;POINT (13.29586108 52.48121862)
11;2018;3;17;2;2;6;4;1;0;1;1;0;0;0;0;POINT (13.51408512 52.50550603)
7;2018;3;19;2;3;6;4;2;0;1;1;0;0;0;1;POINT (13.3542672 52.41340098)
6;2018;3;18;2;3;6;7;1;0;0;1;0;0;1;1;POINT (13.33804586 52.45288)
1;2018;3;19;2;3;5;3;2;1;0;0;0;0;1;1;POINT (13.40332543 52.53406943)
1;2018;3;20;1;3;6;4;2;0;1;1;0;0;1;1;POINT (13.33364317 52.52443673)
8;2018;3;19;2;3;6;2;2;0;1;1;0;0;0;1;POINT (13.44021033 52.48157376)
1;2018;3;9;2;3;1;5;0;0;1;0;1;0;0;0;POINT (13.36642682 52.52246845)
2;2018;3;20;2;3;1;5;2;1;1;0;0;0;0;1;POINT (13.39977157 52.48887172)
2;2018;2;10;3;3;2;7;0;1;1;0;0;0;0;0;POINT (13.42259871 52.48694785)
1;2018;3;20;2;2;6;4;2;0;0;1;0;0;1;1;POINT (13.37559149 52.54055181)
2;2018;3;19;1;3;2;6;2;0;1;0;0;0;0;0;POINT (13.4116102 52.48846226)
8;2018;3;21;2;3;6;2;2;0;1;1;0;0;0;1;POINT (13.43998206 52.48158883)
11;2018;3;21;2;3;2;7;2;0;1;0;0;0;0;1;POINT (13.48097992 52.49902135)
5;2018;3;18;1;3;6;4;1;0;1;1;0;0;0;0;POINT (13.19798366 52.54252879)
1;2018;3;21;2;3;6;2;2;0;1;1;0;0;0;1;POINT (13.34485827 52.53913876)
4;2018;3;20;1;2;6;4;2;0;1;1;0;0;0;1;POINT (13.29940009 52.50684246)
7;2018;3;21;2;3;2;6;2;0;1;0;0;0;0;1;POINT (13.34630856 52.5011045)
7;2018;3;21;2;2;9;1;2;0;1;0;0;0;0;1;POINT (13.35774324 52.41305671)
11;2018;3;23;2;2;6;4;2;0;1;1;0;0;0;1;POINT (13.52424639 52.49662067)
1;2018;3;16;1;3;5;3;0;1;1;0;0;0;0;1;POINT (13.36722121 52.5225539)
9;2018;3;22;1;3;2;6;2;0;1;0;0;0;0;0;POINT (13.55854842 52.45602275)
1;2018;3;17;1;3;5;3;1;0;1;0;1;0;0;1;POINT (13.39378018 52.51063901)
7;2018;3;8;1;3;2;6;0;0;1;0;0;0;0;1;POINT (13.3776492 52.4754867)
5;2018;3;15;1;3;0;6;0;0;1;0;1;0;0;1;POINT (13.20110527 52.53891413)
3;2018;3;8;1;3;1;1;0;0;1;0;1;0;0;2;POINT (13.42294818 52.56389873)
1;2018;3;15;1;3;5;3;0;1;1;0;0;0;0;1;POINT (13.32489967 52.55539372)
7;2018;3;14;1;3;5;2;0;0;0;0;0;0;1;1;POINT (13.33753096 52.46715565)
8;2018;3;7;1;2;6;4;0;0;0;1;0;0;1;2;POINT (13.44024894 52.4477944)
6;2018;3;15;3;3;2;6;0;0;1;0;0;0;0;1;POINT (13.33847714 52.44413715)
4;2018;3;14;1;3;5;2;0;0;1;0;0;0;0;1;POINT (13.27805801 52.51833872)
11;2018;3;7;1;3;5;3;0;0;1;0;0;0;0;2;POINT (13.49616579 52.52653501)
9;2018;3;22;1;3;6;2;2;0;1;1;0;0;0;1;POINT (13.47382062 52.47492149)
7;2018;3;14;1;3;1;5;0;0;1;0;0;0;0;1;POINT (13.41293422 52.40303593)
8;2018;3;7;1;2;5;3;0;0;1;0;0;0;1;2;POINT (13.45458416 52.47452558)
12;2018;3;13;1;3;5;3;0;1;1;0;0;0;0;1;POINT (13.30128989 52.61126778)
5;2018;3;6;1;3;0;1;2;1;0;0;0;0;0;2;POINT (13.14417739 52.52776356)
3;2018;3;13;1;3;5;3;0;0;1;0;0;0;0;1;POINT (13.36669061 52.58555802)
4;2018;3;8;1;3;3;6;0;0;1;0;0;1;0;2;POINT (13.27956368 52.51827978)
2;2018;3;18;2;3;5;3;2;1;1;0;0;0;0;1;POINT (13.41096761 52.50390356)
3;2018;3;7;1;3;5;3;0;1;1;0;0;0;0;0;POINT (13.45239557 52.53929971)
6;2018;3;10;1;2;2;6;0;0;1;0;0;0;1;0;POINT (13.31420316 52.43054209)
2;2018;3;11;2;3;6;4;0;0;1;1;0;0;0;0;POINT (13.43684282 52.52086581)
12;2018;3;15;1;3;5;3;0;0;1;0;0;0;1;1;POINT (13.22585965 52.58734795)
11;2018;3;11;1;3;1;5;0;1;1;0;0;0;0;0;POINT (13.50898658 52.50117527)
1;2018;3;12;1;3;5;3;0;1;1;0;0;0;0;0;POINT (13.35175461 52.50635871)
7;2018;3;19;1;3;6;2;2;0;1;1;0;0;0;1;POINT (13.32836656 52.46634075)
1;2018;2;10;3;3;5;3;0;0;1;0;0;0;0;0;POINT (13.39019577 52.50862913)
7;2018;3;13;1;3;5;3;0;0;1;0;0;0;1;0;POINT (13.39562763 52.45426088)
4;2018;3;18;1;3;5;2;2;1;1;0;0;0;0;1;POINT (13.32029568 52.497955)
1;2018;3;14;1;3;6;7;0;0;1;1;0;0;0;0;POINT (13.36989683 52.53471863)
12;2018;3;18;1;3;6;2;2;0;1;1;0;0;0;1;POINT (13.28244519 52.59076738)
5;2018;3;14;1;3;6;4;0;0;0;1;0;0;1;0;POINT (13.27540388 52.53695865)
5;2018;3;13;2;3;5;3;0;0;1;0;0;1;0;0;POINT (13.19648402 52.53044275)
2;2018;2;8;3;3;5;7;0;1;1;0;0;0;0;0;POINT (13.46595421 52.49967158)
1;2018;3;18;1;3;2;2;2;1;1;0;0;0;0;1;POINT (13.39292907 52.52745388)
6;2018;3;19;7;2;1;5;2;0;1;0;0;0;0;0;POINT (13.22456553 52.4287374)
5;2018;3;18;1;3;6;4;2;0;1;1;0;0;0;1;POINT (13.17759975 52.52529523)
1;2018;3;17;1;3;6;4;1;0;1;1;0;0;0;1;POINT (13.3660745 52.5534843)