bez;ujahr;umonat;ustunde;uwochentag;ukategorie;uart;utyp1;ulichtverh;istrad;istpkw;istfuss;istkrad;istgkfz;istsonstige;ustrzustand;geometry
4;2018;3;10;7;3;5;3;0;0;1;0;0;0;0;0;POINT (13.30647293 52.51817037)
9;2018;3;13;7;3;5;2;0;0;1;0;0;0;1;0;POINT (13.56711344 52.45487194)
12;2018;3;18;1;3;5;2;2;0;1;0;0;0;0;1;POINT (13.2979037 52.57816478)
5;2018;3;19;1;3;2;6;2;0;1;0;0;0;0;1;POINT (13.21789391 52.53745729)
1;2018;3;13;7;3;2;6;0;0;1;0;0;0;0;0;POINT (13.38356305 52.54859336)
11;2018;3;21;1;3;2;6;2;0;1;0;0;0;0;1;POINT (13.52543957 52.48137562)
4;2018;3;4;7;3;1;1;2;0;1;0;0;0;0;0;POINT (13.31588438 52.49687484)
11;2018;3;20;1;3;5;3;2;1;1;0;0;0;0;1;POINT (13.53823786 52.5698106)
5;2018;3;7;2;2;5;2;0;0;1;0;1;0;0;1;POINT (13.22866046 52.52821121)
1;2018;3;19;1;3;1;5;2;1;1;0;0;0;0;1;POINT (13.35327025 52.53386241)
2;2018;3;19;1;3;1;5;2;1;1;0;0;0;0;1;POINT (13.40831388 52.48964593)
3;2018;3;1;7;3;5;2;2;0;1;0;0;0;0;0;POINT (13.41372528 52.55057197)
1;2018;3;19;1;3;6;2;2;0;1;1;0;0;0;1;POINT (13.3399983 52.51873328)
1;2018;3;19;1;3;5;3;2;0;1;0;0;0;0;1;POINT (13.38905941 52.51558214)
5;2018;3;20;7;3;3;6;2;0;1;0;0;0;0;0;POINT (13.1625962 52.52163978)
5;2018;3;19;1;3;6;2;2;0;1;1;0;0;0;1;POINT (13.19793405 52.52104842)
6;2018;3;11;1;3;1;5;0;0;1;0;0;0;0;1;POINT (13.34112998 52.45873135)
6;2018;3;19;7;3;5;2;2;0;1;0;0;0;0;0;POINT (13.30966569 52.43143878)
1;2018;3;4;1;3;4;6;2;0;1;0;0;0;0;0;POINT (13.34923654 52.53590391)
2;2018;3;16;7;3;6;2;0;0;1;1;0;0;0;0;POINT (13.44676377 52.50265871)
2;2018;3;5;1;3;5;2;2;0;0;0;1;1;0;0;POINT (13.47033225 52.50618775)
7;2018;3;19;2;3;6;4;2;1;0;1;0;0;0;1;POINT (13.34991147 52.49646621)
11;2018;3;8;1;3;2;6;0;0;1;0;0;0;0;0;POINT (13.48507937 52.51568455)
5;2018;3;8;1;3;2;6;0;0;1;0;0;0;0;1;POINT (13.19821082 52.54295923)
3;2018;3;16;7;3;6;7;0;0;1;1;0;0;0;0;POINT (13.41365338 52.54225251)
1;2018;3;9;1;3;0;1;0;1;0;0;0;0;0;0;POINT (13.39861713 52.5325576)
7;2018;3;11;1;2;5;3;0;0;1;0;0;0;0;1;POINT (13.40168231 52.42599233)
2;2018;3;15;7;3;5;3;0;1;0;0;0;0;1;0;POINT (13.39644647 52.49140572)
1;2018;3;13;3;3;5;3;0;0;1;0;0;0;0;1;POINT (13.39221387 52.55411903)
2;2018;3;11;1;3;5;7;0;0;1;0;0;0;0;1;POINT (13.38637573 52.49007619)
3;2018;3;15;7;3;5;2;0;0;1;0;0;0;1;0;POINT (13.47025321 52.55364804)
9;2018;3;19;1;1;6;4;2;0;1;1;0;0;0;1;POINT (13.57483454 52.39971589)
6;2018;3;11;6;2;5;3;0;1;0;0;0;0;1;0;POINT (13.30487412 52.41703855)
6;2018;3;14;7;3;6;4;0;1;0;1;0;0;0;0;POINT (13.20874959 52.41935615)
1;2018;3;6;1;3;1;1;1;0;1;0;0;0;0;2;POINT (13.38161219 52.54890657)
3;2018;3;6;7;2;0;1;0;1;0;0;0;0;0;0;POINT (13.49771331 52.62695131)
12;2018;3;2;7;3;3;6;2;1;1;0;0;0;0;0;POINT (13.30337212 52.64301272)
11;2018;3;20;6;3;2;6;2;0;1;0;0;0;1;0;POINT (13.5079561 52.56442082)
12;2018;3;16;7;3;1;6;0;1;1;0;0;0;1;0;POINT (13.31032248 52.59286373)
9;2018;3;19;6;3;2;6;2;0;1;0;0;0;1;0;POINT (13.49798051 52.45854087)
4;2018;3;18;7;3;5;2;2;1;1;0;0;0;0;0;POINT (13.30697085 52.50013742)
10;2018;3;0;6;3;1;5;2;0;1;0;0;0;0;0;POINT (13.61888929 52.49608961)
9;2018;3;16;2;3;5;2;0;1;1;0;0;0;0;1;POINT (13.56972276 52.4419811)
1;2018;3;17;7;3;5;3;1;1;1;0;0;0;0;0;POINT (13.3527141 52.53972286)
8;2018;3;9;6;3;5;3;0;0;1;0;0;0;1;0;POINT (13.49742366 52.41607054)
7;2018;3;4;6;3;1;7;2;0;1;0;0;0;0;0;POINT (13.41893102 52.39258697)
1;2018;3;17;7;3;2;6;0;0;1;0;0;0;0;0;POINT (13.37214742 52.55669338)
2;2018;2;8;3;3;1;6;0;1;0;0;0;0;1;0;POINT (13.42124376 52.50075117)
5;2018;3;15;7;3;5;3;0;1;1;0;0;0;0;0;POINT (13.18140846 52.54847515)
4;2018;3;11;6;2;1;5;0;1;1;0;0;0;0;0;POINT (13.30387603 52.50165752)
1;2018;3;13;7;3;0;2;0;1;0;0;0;0;1;0;POINT (13.38085472 52.51633331)
1;2018;3;12;6;3;2;6;0;0;1;0;0;0;0;0;POINT (13.33635208 52.54203898)
5;2018;3;15;6;3;2;6;0;0;1;0;0;0;0;0;POINT (13.23230632 52.52761149)
4;2018;3;11;7;2;1;5;0;1;1;0;0;0;0;0;POINT (13.22330468 52.50062771)
2;2018;3;16;6;3;2;2;0;1;1;0;0;0;0;0;POINT (13.47314977 52.5092847)
3;2018;3;10;7;3;5;2;0;0;1;0;0;0;0;0;POINT (13.44163036 52.55486724)
7;2018;3;17;6;3;6;7;0;0;1;1;0;0;0;0;POINT (13.3555138 52.49904257)
1;2018;3;15;2;3;9;1;0;0;1;0;0;0;0;0;POINT (13.38235837 52.55337633)
6;2018;3;10;7;3;5;3;0;1;1;0;0;0;0;0;POINT (13.3401268 52.41631523)
11;2018;3;19;5;3;5;2;2;1;1;0;0;0;0;0;POINT (13.47137645 52.50515419)
4;2018;3;9;5;3;0;2;0;0;1;0;0;0;1;0;POINT (13.31404127 52.50635084)
2;2018;3;3;7;3;1;5;2;1;1;0;0;0;0;1;POINT (13.42805875 52.51106895)
5;2018;3;2;7;2;5;2;2;0;1;0;0;0;0;1;POINT (13.16535936 52.55112383)
3;2018;3;10;5;3;5;3;0;0;1;0;0;0;0;0;POINT (13.44265387 52.55104376)
2;2018;3;20;7;3;6;7;2;0;1;1;0;0;0;0;POINT (13.44535809 52.49716669)
10;2018;3;11;5;3;5;3;0;0;1;0;0;0;0;0;POINT (13.55810637 52.5296365)
6;2018;3;21;7;3;6;4;2;0;1;1;0;0;0;0;POINT (13.34632523 52.43085874)
11;2018;3;19;2;3;6;4;2;0;1;1;0;0;0;1;POINT (13.5223512 52.49730285)
10;2018;3;15;6;3;0;6;0;0;1;0;0;1;0;1;POINT (13.57630403 52.48278783)
12;2018;3;14;6;3;5;2;0;1;1;0;0;0;0;0;POINT (13.31105863 52.58461586)
4;2018;3;12;5;2;5;3;0;0;1;0;0;0;0;0;POINT (13.31495156 52.50082864)
12;2018;3;12;6;3;2;6;0;0;1;0;0;0;0;0;POINT (13.3537516 52.59655892)
12;2018;3;10;6;3;5;7;0;1;1;0;0;0;0;1;POINT (13.2887724 52.58799726)
10;2018;3;19;2;2;0;7;2;1;0;0;0;0;0;1;POINT (13.60646157 52.54182514)
12;2018;3;17;6;3;5;3;1;0;1;0;0;0;0;0;POINT (13.24943397 52.55227497)
8;2018;3;13;5;3;6;4;0;0;1;1;0;0;0;0;POINT (13.44340943 52.44634626)
8;2018;3;13;6;3;3;3;0;0;1;0;0;0;0;0;POINT (13.43806016 52.48281481)
10;2018;3;12;6;2;6;4;0;0;1;1;0;0;0;1;POINT (13.56390011 52.54202222)
9;2018;3;13;5;3;9;1;0;0;0;0;0;0;1;0;POINT (13.69836294 52.3805671)
6;2018;3;18;6;3;6;3;2;0;1;1;0;0;0;0;POINT (13.32347061 52.45716427)
4;2018;3;13;5;3;5;3;0;0;1;0;1;0;0;0;POINT (13.28562739 52.4829248)
6;2018;3;10;6;3;1;7;0;0;1;0;0;0;0;0;POINT (13.1553737 52.42261463)
1;2018;3;20;2;2;5;3;2;0;1;0;0;0;0;1;POINT (13.38493439 52.53998203)
7;2018;3;23;6;2;6;4;2;0;1;1;0;0;0;1;POINT (13.38421581 52.45818039)
10;2018;3;8;6;2;5;3;0;0;1;0;0;0;1;1;POINT (13.54971233 52.55892996)
12;2018;3;14;5;3;5;3;0;1;1;0;0;0;0;0;POINT (13.33993633 52.58815985)
2;2018;3;7;6;3;6;4;0;0;1;1;0;0;0;1;POINT (13.43357199 52.5231758)
7;2018;3;23;5;3;6;2;2;0;1;1;0;0;0;0;POINT (13.39605374 52.44729588)
2;2018;3;2;6;3;8;1;2;0;1;0;0;0;0;0;POINT (13.40575209 52.49021499)
12;2018;3;20;5;3;5;3;2;1;1;0;0;0;0;0;POINT (13.30028756 52.57005216)
3;2018;3;23;5;3;7;7;2;0;1;0;0;0;0;1;POINT (13.48900314 52.61759459)
2;2018;3;8;5;2;5;3;0;1;1;0;0;0;0;0;POINT (13.42764241 52.49917174)
9;2018;3;15;3;2;6;4;0;0;1;1;0;0;0;0;POINT (13.62402383 52.45052786)
5;2018;3;21;5;3;2;2;2;0;1;0;0;0;0;0;POINT (13.19845192 52.53298104)
6;2018;3;8;5;2;5;3;0;0;1;0;0;0;0;0;POINT (13.24116907 52.43850046)
10;2018;3;12;1;3;5;5;0;0;1;0;0;0;0;0;POINT (13.56887545 52.56835732)
4;2018;3;7;5;3;5;2;0;1;1;0;0;0;0;0;POINT (13.32034406 52.47883001)
6;2018;3;10;5;3;5;3;0;0;1;0;0;0;0;0;POINT (13.3133663 52.42312889)
9;2018;3;8;5;3;6;2;0;0;1;1;0;0;0;0;POINT (13.56970514 52.44201374)
12;2018;3;9;5;3;0;5;0;0;1;0;0;0;0;0;POINT (13.33070249 52.57550353)
8;2018;3;17;5;3;6;2;0;0;1;1;0;0;0;0;POINT (13.43587957 52.48370427)
1;2018;3;9;5;3;1;5;0;1;1;0;0;0;0;0;POINT (13.40505223 52.52210361)
8;2018;3;17;5;3;6;4;0;0;1;1;0;0;0;0;POINT (13.429742 52.48961728)
9;2018;3;17;2;3;5;2;1;1;1;0;0;0;0;1;POINT (13.45103088 52.49183284)
7;2018;3;9;5;3;6;7;0;0;1;1;0;0;0;0;POINT (13.40392786 52.38667549)
2;2018;3;15;5;3;2;2;0;0;1;0;0;0;0;0;POINT (13.40336906 52.4938381)
2;2018;3;15;5;3;3;2;0;1;0;0;0;0;1;0;POINT (13.41661211 52.50206319)
2;2018;3;8;5;3;5;3;0;0;1;0;0;0;0;0;POINT (13.40665047 52.49843003)
11;2018;3;19;3;3;8;1;2;0;0;0;0;0;1;1;POINT (13.49769192 52.57758214)
6;2018;3;7;5;3;5;3;0;1;1;0;0;0;0;1;POINT (13.21344682 52.42961609)
8;2018;3;14;5;3;0;4;0;0;0;1;0;0;1;0;POINT (13.47366512 52.4381181)
6;2018;3;19;5;3;3;6;2;0;1;0;0;0;0;1;POINT (13.31903362 52.45750135)
1;2018;3;7;5;3;6;4;0;0;1;1;0;0;0;0;POINT (13.39213884 52.52986615)
4;2018;3;19;5;3;5;7;2;1;1;0;0;0;0;0;POINT (13.29426447 52.49769212)
12;2018;3;6;5;3;5;2;1;0;1;0;0;0;0;0;POINT (13.31751794 52.55988183)
12;2018;3;7;5;3;6;4;0;0;1;1;0;0;0;0;POINT (13.30720561 52.58587204)
1;2018;3;4;5;3;5;3;1;1;1;0;0;0;0;0;POINT (13.42331656 52.52018603)
4;2018;3;5;2;2;5;2;2;0;1;0;0;0;0;1;POINT (13.30934171 52.49205885)
5;2018;3;18;5;3;6;4;2;0;1;1;0;0;0;0;POINT (13.27370577 52.53693537)
2;2018;3;19;4;3;3;6;2;1;1;0;0;0;0;0;POINT (13.41724125 52.49883863)
4;2018;3;19;4;3;2;6;2;0;1;0;0;0;0;0;POINT (13.28574979 52.5187569)
2;2018;3;7;5;3;2;2;0;0;1;0;1;0;0;1;POINT (13.45001575 52.50750914)
4;2018;3;18;5;3;5;3;1;0;1;0;0;0;0;0;POINT (13.29665529 52.54814634)
3;2018;3;13;4;3;2;6;0;0;1;0;0;0;0;0;POINT (13.46048624 52.52937557)
2;2018;3;17;5;3;5;2;1;0;1;0;1;0;0;0;POINT (13.38601594 52.48503043)
1;2018;3;12;4;3;5;5;0;1;1;0;0;0;0;0;POINT (13.4139517 52.50776446)
1;2018;3;17;5;3;1;1;0;0;1;0;0;0;0;0;POINT (13.37265471 52.54017551)
3;2018;3;10;4;2;2;6;0;0;1;0;0;0;0;0;POINT (13.48394104 52.6132432)
5;2018;3;17;5;3;1;5;1;0;1;0;0;0;1;1;POINT (13.27598816 52.53557809)
5;2018;3;7;2;3;5;2;0;0;1;0;0;0;0;0;POINT (13.1780196 52.54873327)
9;2018;3;7;5;3;0;1;0;1;0;0;0;0;0;2;POINT (13.66375011 52.44933737)
3;2018;3;7;5;3;1;5;0;0;1;0;0;1;0;0;POINT (13.41174496 52.54047256)
3;2018;3;11;4;3;2;2;0;1;1;0;0;0;0;0;POINT (13.42994621 52.55107865)
1;2018;3;15;5;3;5;2;0;1;1;0;0;0;0;0;POINT (13.36826275 52.50630877)
8;2018;3;15;5;3;2;6;0;0;1;0;1;0;0;0;POINT (13.43065012 52.46863538)
3;2018;3;11;4;3;5;3;0;0;1;0;0;0;0;0;POINT (13.43563395 52.55104727)
4;2018;3;15;5;3;5;3;0;0;1;0;0;0;0;0;POINT (13.26926953 52.51913587)
4;2018;3;10;4;3;6;7;0;0;1;1;0;0;0;0;POINT (13.30056312 52.51711445)
7;2018;3;15;5;2;5;3;0;0;1;0;0;1;0;0;POINT (13.37789492 52.46868418)
12;2018;3;8;1;3;0;1;0;1;0;0;0;0;0;2;POINT (13.36139582 52.577653)
1;2018;3;22;4;3;0;7;2;0;1;0;0;0;0;1;POINT (13.36430186 52.50692904)
2;2018;3;22;4;3;6;7;2;1;0;1;0;0;0;0;POINT (13.46795526 52.51553067)
5;2018;3;15;4;3;6;4;0;0;1;1;0;0;0;0;POINT (13.15576797 52.52162342)
10;2018;3;9;4;3;2;7;0;0;1;0;0;0;0;0;POINT (13.57135653 52.52854689)
3;2018;3;17;4;3;5;3;0;1;1;0;0;0;0;0;POINT (13.40990837 52.57440732)
2;2018;3;19;2;2;5;3;2;0;1;0;0;0;1;2;POINT (13.4433535 52.51195588)
6;2018;3;21;4;3;5;5;2;0;1;0;1;0;0;1;POINT (13.29733784 52.44238012)
9;2018;3;19;4;3;5;2;2;1;1;0;0;0;0;0;POINT (13.62300226 52.45056783)
1;2018;3;9;4;3;5;2;0;1;1;0;0;0;0;0;POINT (13.38041813 52.52271996)
1;2018;3;14;4;3;2;6;0;0;1;0;0;0;0;1;POINT (13.34253559 52.54529119)
6;2018;3;13;4;3;2;2;0;0;1;0;0;0;0;1;POINT (13.32135154 52.44410735)
2;2018;3;9;4;3;5;2;0;1;1;0;0;0;0;0;POINT (13.41101973 52.50348032)
2;2018;3;15;3;3;0;6;0;0;1;0;0;0;1;1;POINT (13.45957478 52.50908845)
10;2018;3;12;4;3;5;2;0;1;1;0;0;0;0;1;POINT (13.54012811 52.52566483)
7;2018;3;9;4;3;5;3;0;0;1;0;0;0;0;0;POINT (13.39749752 52.42385474)
4;2018;3;18;4;3;6;4;2;0;1;1;0;0;0;0;POINT (13.29711385 52.53721632)
2;2018;3;9;4;3;2;6;0;0;1;0;0;0;0;0;POINT (13.44922787 52.49703544)
7;2018;3;18;4;3;5;3;2;0;1;0;0;0;0;0;POINT (13.34394319 52.48570569)
8;2018;3;8;4;3;5;3;0;0;1;0;0;0;0;0;POINT (13.4721447 52.46514356)
9;2018;3;8;4;3;2;6;0;0;1;0;0;0;0;0;POINT (13.53966455 52.43642899)
9;2018;3;6;4;3;5;2;1;1;0;0;0;1;0;1;POINT (13.5352166 52.43240254)
8;2018;3;22;4;3;2;3;2;0;1;0;0;0;0;0;POINT (13.4308924 52.46784251)
7;2018;3;10;4;3;5;3;0;0;1;0;0;0;0;1;POINT (13.3656375 52.49369662)
10;2018;3;8;4;3;0;6;0;1;0;0;0;0;1;0;POINT (13.60755409 52.53348622)
5;2018;3;14;2;3;0;3;0;0;1;0;1;0;0;0;POINT (13.17660856 52.54501652)
12;2018;3;10;4;3;6;2;0;0;0;1;0;0;1;0;POINT (13.33314137 52.59549022)
3;2018;3;20;4;3;6;4;2;0;1;1;0;0;0;0;POINT (13.41196716 52.54272193)
2;2018;3;17;4;3;0;3;2;0;1;0;1;0;0;0;POINT (13.4084288 52.50199115)
3;2018;3;10;4;3;1;5;0;1;1;0;0;0;0;1;POINT (13.41515522 52.56967372)
2;2018;2;8;3;3;6;3;0;0;1;1;0;0;0;0;POINT (13.42516356 52.52687746)
11;2018;3;7;4;3;2;2;0;0;1;0;0;0;0;0;POINT (13.5067659 52.49691594)
5;2018;3;8;4;3;5;5;0;0;1;0;0;0;0;1;POINT (13.20342426 52.52381511)
5;2018;3;7;4;2;6;4;0;0;1;1;0;0;0;0;POINT (13.15459944 52.53217311)
9;2018;3;10;4;3;2;2;0;0;1;1;0;0;0;1;POINT (13.58208801 52.44280778)
1;2018;3;17;4;3;1;5;2;1;1;0;0;0;0;0;POINT (13.40790085 52.51172643)
3;2018;3;10;2;3;6;4;0;1;0;1;0;0;0;0;POINT (13.44163537 52.54327937)
9;2018;3;15;4;3;5;3;0;0;1;0;0;0;0;0;POINT (13.55480541 52.43268534)
6;2018;3;7;4;3;5;3;0;1;1;0;0;0;0;1;POINT (13.3140757 52.43677353)
3;2018;3;17;4;3;5;3;2;1;1;0;0;0;0;0;POINT (13.46016581 52.52280689)
1;2018;3;16;2;3;6;4;0;0;1;1;0;0;0;0;POINT (13.36228788 52.55103899)
8;2018;3;15;4;2;6;4;0;0;1;1;0;0;0;0;POINT (13.44795554 52.44744874)
5;2018;3;14;4;3;2;6;0;0;1;0;0;0;0;0;POINT (13.23072918 52.53815345)
9;2018;3;15;4;3;6;3;0;0;1;1;0;0;0;0;POINT (13.58534912 52.4415567)
2;2018;3;9;4;3;0;7;0;1;0;0;0;0;0;1;POINT (13.4717076 52.50768705)
1;2018;3;8;3;3;5;3;0;1;1;0;0;0;0;0;POINT (13.41933788 52.51501688)
6;2018;3;14;4;2;3;3;0;1;1;0;0;1;0;0;POINT (13.32547496 52.42800189)
3;2018;3;19;3;2;5;2;2;0;1;0;0;0;0;1;POINT (13.4561312 52.56144164)
9;2018;3;14;4;3;5;3;0;1;1;0;0;0;0;0;POINT (13.52782692 52.42277713)
8;2018;3;18;3;3;2;2;2;0;1;0;0;0;0;1;POINT (13.43270256 52.47841991)
7;2018;3;5;2;3;5;7;2;0;1;0;1;0;0;0;POINT (13.38576881 52.42154867)
6;2018;3;17;3;3;5;3;0;0;1;0;0;0;0;0;POINT (13.31862628 52.45416933)
1;2018;3;12;3;3;2;6;0;0;1;0;0;0;0;1;POINT (13.34762499 52.5070115)
6;2018;3;14;4;3;5;2;0;1;1;0;0;0;0;0;POINT (13.21662651 52.43620389)
4;2018;3;10;3;3;2;7;0;0;1;0;0;0;0;1;POINT (13.31493251 52.46932282)
8;2018;3;10;3;3;5;2;0;0;1;0;0;0;0;1;POINT (13.43860165 52.45259462)
10;2018;3;13;4;2;5;3;0;0;1;0;0;0;0;0;POINT (13.57576609 52.49120308)
2;2018;3;9;3;3;5;3;0;1;1;0;0;0;0;1;POINT (13.42668199 52.5157059)
1;2018;3;8;3;3;5;7;0;0;1;0;0;0;0;1;POINT (13.37695786 52.55821534)
1;2018;3;13;4;3;5;2;0;1;1;0;0;0;0;0;POINT (13.38913998 52.52756191)
1;2018;3;8;3;3;5;3;0;0;1;0;0;0;0;1;POINT (13.39163983 52.51222366)
10;2018;3;13;4;3;5;3;0;0;1;0;0;0;0;0;POINT (13.60837442 52.53890432)
1;2018;3;13;3;3;1;5;0;0;1;0;0;0;0;1;POINT (13.4019447 52.50966161)
12;2018;3;20;2;3;6;2;2;0;1;1;0;0;0;1;POINT (13.34740847 52.59622289)
2;2018;3;7;3;3;6;4;0;0;1;1;0;0;0;1;POINT (13.4656529 52.51747599)
9;2018;3;5;3;3;0;1;2;0;1;0;0;0;1;2;POINT (13.55882496 52.46996208)
4;2018;3;13;4;3;5;2;0;1;1;0;0;0;0;0;POINT (13.32881392 52.47884766)
5;2018;3;8;3;2;5;3;0;1;1;0;0;0;0;2;POINT (13.17924712 52.53376793)
2;2018;3;2;3;3;6;4;2;0;0;1;0;0;1;1;POINT (13.41918875 52.50130603)
2;2018;2;13;3;3;5;2;0;1;0;0;0;0;1;0;POINT (13.37670878 52.48503361)
9;2018;3;13;3;3;2;6;0;0;1;0;0;0;0;1;POINT (13.47533646 52.45616633)
4;2018;3;23;3;3;6;4;2;0;1;1;0;0;0;0;POINT (13.33728337 52.5038205)
3;2018;2;14;3;2;6;4;0;0;1;1;0;0;0;0;POINT (13.45303993 52.55178001)
11;2018;2;13;3;3;6;2;0;0;1;1;0;0;0;0;POINT (13.51966014 52.5058169)
3;2018;3;21;3;2;1;1;2;0;1;0;0;0;0;1;POINT (13.42964496 52.54475187)
11;2018;2;13;3;3;2;2;0;0;1;0;0;0;0;0;POINT (13.49940101 52.52288867)
6;2018;3;15;1;3;2;6;0;0;1;0;0;0;0;0;POINT (13.35411645 52.44911396)
2;2018;3;18;3;3;2;6;2;0;1;0;0;0;0;1;POINT (13.42969045 52.51035085)
9;2018;3;18;3;2;5;3;2;1;1;0;0;0;0;1;POINT (13.57755326 52.40221679)
3;2018;2;12;3;3;5;2;0;1;1;0;0;0;0;0;POINT (13.40614821 52.58168748)
4;2018;3;18;3;2;5;2;1;0;1;0;0;0;0;1;POINT (13.30815402 52.47786561)
5;2018;2;12;3;3;6;2;0;0;1;1;0;0;0;0;POINT (13.19771473 52.52104658)
4;2018;3;17;3;3;7;7;0;1;0;0;0;0;0;1;POINT (13.32844495 52.49094285)
2;2018;2;11;3;3;2;6;0;0;1;0;0;0;1;0;POINT (13.38761419 52.50345723)
7;2018;3;17;2;2;5;3;1;1;1;0;0;0;0;1;POINT (13.35693024 52.49866981)
10;2018;2;11;3;3;5;3;0;0;1;0;0;0;0;0;POINT (13.58726859 52.52356987)
4;2018;2;11;3;3;2;6;0;0;1;0;0;0;1;0;POINT (13.27498631 52.54855084)
6;2018;3;15;3;3;2;2;0;0;1;0;0;1;1;1;POINT (13.3206821 52.4567635)
2;2018;2;20;3;3;6;2;2;0;1;1;0;0;0;0;POINT (13.41592073 52.50204565)
9;2018;3;10;2;3;5;2;0;0;1;0;0;0;0;1;POINT (13.51710539 52.44458904)
1;2018;3;13;1;3;5;2;0;0;1;0;0;0;0;1;POINT (13.39602291 52.5382545)
10;2018;3;19;2;3;5;2;2;0;1;0;0;0;0;0;POINT (13.5916262 52.54495007)
8;2018;3;14;1;3;5;3;0;0;1;0;0;0;1;0;POINT (13.43904999 52.48041898)
1;2018;3;19;2;3;5;3;2;1;1;0;0;0;0;0;POINT (13.37929592 52.50703345)
11;2018;3;16;1;3;6;4;0;0;0;1;0;0;1;0;POINT (13.4793879 52.51611817)
3;2018;3;16;1;3;5;2;0;1;1;0;0;0;0;0;POINT (13.40385473 52.55148849)
11;2018;3;19;2;2;6;4;2;0;1;1;0;0;0;1;POINT (13.5251728 52.48683443)
8;2018;3;13;1;3;6;4;0;0;0;1;0;1;0;0;POINT (13.43549403 52.42491478)
4;2018;3;7;1;3;6;4;1;1;0;1;0;0;0;0;POINT (13.31389119 52.48679792)
11;2018;3;13;1;2;6;4;0;0;0;1;1;0;0;1;POINT (13.53261485 52.51129186)
8;2018;3;18;2;3;0;6;1;0;1;0;1;0;0;0;POINT (13.42461961 52.48656658)
10;2018;3;16;1;2;5;2;0;0;1;0;1;0;0;0;POINT (13.56852697 52.56947682)
10;2018;3;18;2;3;5;3;2;0;1;0;0;0;0;1;POINT (13.60099701 52.53683283)
7;2018;3;4;1;3;6;6;2;0;1;1;0;0;0;0;POINT (13.41211945 52.40548866)
1;2018;3;18;2;3;2;2;2;0;1;0;0;0;0;0;POINT (13.32748333 52.5243987)
10;2018;3;16;2;2;6;4;0;0;1;1;0;0;0;0;POINT (13.55717276 52.55698746)
6;2018;3;15;1;3;2;2;0;1;1;0;0;0;0;0;POINT (13.35299756 52.43321469)
12;2018;3;16;2;3;2;6;0;1;1;0;0;0;0;1;POINT (13.32051478 52.57040545)
3;2018;3;14;1;3;3;6;0;0;1;0;0;0;0;0;POINT (13.43365636 52.54997495)
4;2018;3;15;2;3;0;5;0;1;1;0;0;0;0;0;POINT (13.32279177 52.49158529)
12;2018;3;14;2;3;5;3;0;0;1;0;0;0;0;0;POINT (13.35912263 52.5682156)
7;2018;3;15;1;3;5;3;0;0;1;0;0;0;0;0;POINT (13.35887444 52.47462845)
1;2018;3;5;2;3;5;7;2;0;1;0;1;0;0;0;POINT (13.35130447 52.50941115)
9;2018;3;7;2;3;5;2;0;1;1;0;0;0;0;0;POINT (13.58081668 52.46002176)
4;2018;3;14;1;2;5;3;0;0;1;0;0;0;0;1;POINT (13.27347417 52.49995793)
5;2018;3;7;2;3;5;2;0;0;1;0;0;0;0;1;POINT (13.18456508 52.51555148)
1;2018;3;13;1;3;0;1;0;1;0;0;0;0;0;1;POINT (13.34118115 52.50484099)
8;2018;3;8;2;3;5;2;0;1;1;0;0;0;0;1;POINT (13.42076877 52.46854931)
1;2018;3;18;1;3;3;6;0;0;1;0;0;0;0;0;POINT (13.38980577 52.54640163)
12;2018;3;9;2;3;4;6;0;0;1;0;0;0;0;2;POINT (13.23636048 52.62369947)
12;2018;3;11;2;3;6;2;0;0;1;1;0;0;0;1;POINT (13.3130475 52.5714418)
7;2018;3;18;1;3;2;6;0;0;1;0;0;0;0;0;POINT (13.38702775 52.41175247)
6;2018;3;11;2;3;2;6;0;0;0;0;0;1;0;1;POINT (13.34352892 52.43926118)
1;2018;3;18;1;3;5;3;0;1;1;0;0;0;0;0;POINT (13.37376233 52.52350267)
1;2018;3;13;2;3;2;6;0;0;1;0;0;0;1;1;POINT (13.37754116 52.54395876)
1;2018;3;17;1;3;5;2;0;1;1;0;0;0;0;0;POINT (13.40190851 52.52896577)
1;2018;3;5;1;3;6;4;2;0;1;1;0;0;0;0;POINT (13.36855259 52.52581252)
1;2018;3;16;1;3;4;6;0;0;1;0;0;0;0;0;POINT (13.36392864 52.54731484)
12;2018;3;17;1;3;5;3;0;0;1;0;0;0;0;0;POINT (13.21751334 52.61119566)
12;2018;3;16;1;2;4;2;0;0;1;0;0;0;0;0;POINT (13.37247805 52.56902279)
1;2018;3;15;1;3;3;6;0;1;1;0;0;0;0;0;POINT (13.397485 52.5294297)
2;2018;3;16;1;3;2;6;0;0;1;0;1;0;0;0;POINT (13.39753103 52.49527037)
3;2018;3;18;7;3;5;5;1;0;1;0;1;0;0;0;POINT (13.42142731 52.53574919)
6;2018;3;15;1;3;5;2;0;1;0;0;0;0;1;0;POINT (13.26266091 52.43926189)
9;2018;3;17;7;3;2;6;0;0;1;0;0;0;0;0;POINT (13.55928646 52.44688147)
9;2018;3;15;1;3;2;6;0;0;1;0;0;0;0;0;POINT (13.57254065 52.45134797)
1;2018;3;17;7;3;2;6;0;0;1;0;0;0;0;0;POINT (13.36595235 52.5571483)