bez;ujahr;umonat;ustunde;uwochentag;ukategorie;uart;utyp1;ulichtverh;istrad;istpkw;istfuss;istkrad;istgkfz;istsonstige;ustrzustand;geometry
8;2018;3;15;1;3;5;2;0;0;1;0;0;0;0;0;POINT (13.43584612 52.48376438)
2;2018;3;14;7;3;6;2;0;0;1;1;0;0;0;0;POINT (13.46854967 52.50691094)
3;2018;3;15;7;3;1;5;0;1;1;0;0;0;0;0;POINT (13.42790666 52.53548487)
4;2018;3;9;1;3;5;3;0;1;1;0;0;0;0;0;POINT (13.30187502 52.48847402)
10;2018;3;12;7;3;5;2;0;0;1;0;0;0;0;0;POINT (13.51712348 52.53545939)
4;2018;3;12;7;3;5;7;0;0;1;0;0;0;0;0;POINT (13.28232113 52.49039306)
3;2018;3;16;1;3;6;7;0;0;1;1;0;0;0;0;POINT (13.44943455 52.54794667)
5;2018;3;11;7;3;2;7;0;0;1;0;0;0;0;0;POINT (13.20609258 52.54076565)
4;2018;3;12;7;2;5;7;0;0;1;0;1;0;0;0;POINT (13.320344 52.47924309)
2;2018;3;8;1;3;2;6;0;0;1;0;0;0;1;0;POINT (13.46353623 52.51070612)
12;2018;3;17;7;2;5;3;0;0;1;0;0;0;0;0;POINT (13.33479758 52.58732696)
7;2018;3;8;1;3;2;6;0;0;1;0;0;0;0;0;POINT (13.36719641 52.41045266)
1;2018;3;15;7;3;0;1;0;1;0;0;0;0;0;0;POINT (13.40313227 52.53192967)
1;2018;3;15;1;3;6;4;0;0;1;1;0;0;0;0;POINT (13.36632384 52.54248103)
1;2018;3;23;7;3;6;4;2;0;1;1;0;0;0;0;POINT (13.40008278 52.52876976)
11;2018;3;20;7;3;2;6;2;0;1;0;1;0;0;0;POINT (13.51409091 52.5351367)
2;2018;3;7;1;3;5;3;0;1;1;0;0;0;0;0;POINT (13.46810706 52.50724727)
1;2018;3;20;7;3;8;1;2;0;1;0;0;0;0;0;POINT (13.32632164 52.52475638)
5;2018;3;14;1;3;5;3;0;0;1;0;0;0;0;0;POINT (13.16875779 52.54141919)
1;2018;3;14;1;3;2;6;0;0;1;0;0;0;0;0;POINT (13.34122856 52.53504426)
1;2018;3;19;7;3;6;2;2;0;1;1;0;0;0;0;POINT (13.3961723 52.53831324)
3;2018;3;13;7;3;5;2;0;1;1;0;0;0;0;0;POINT (13.41545392 52.54407833)
4;2018;3;14;1;3;5;2;0;1;1;0;0;0;0;0;POINT (13.3039872 52.4800061)
7;2018;3;14;1;3;1;5;0;0;1;0;1;0;0;0;POINT (13.35319732 52.49020454)
11;2018;3;10;7;2;8;1;0;0;1;0;0;0;0;0;POINT (13.50773379 52.54572454)
7;2018;3;14;1;3;2;6;0;0;1;0;0;0;0;0;POINT (13.37141261 52.40930832)
5;2018;3;10;7;3;1;5;0;0;1;0;0;0;0;0;POINT (13.2021765 52.53745645)
5;2018;3;16;1;3;6;4;0;1;0;1;0;0;0;0;POINT (13.1772362 52.5490198)
7;2018;3;8;7;3;6;7;0;0;0;1;0;0;1;0;POINT (13.39294844 52.48410392)
1;2018;3;13;1;3;5;3;0;0;1;0;0;0;0;0;POINT (13.38640263 52.55347926)
3;2018;3;11;1;3;2;2;0;0;1;0;0;0;0;0;POINT (13.41334266 52.54869583)
5;2018;3;8;7;2;5;3;0;0;1;0;0;0;1;0;POINT (13.23707066 52.52910853)
7;2018;3;15;1;3;5;3;0;0;1;0;0;0;0;0;POINT (13.37270434 52.4197024)
4;2018;3;16;1;3;6;7;0;0;1;1;0;0;0;0;POINT (13.30074606 52.52319775)
9;2018;3;7;7;2;9;1;0;0;1;0;0;0;0;0;POINT (13.72400564 52.43088354)
1;2018;3;17;1;2;5;2;0;1;1;0;0;0;0;0;POINT (13.3794274 52.54541799)
9;2018;3;17;1;3;2;7;1;0;1;0;0;0;0;0;POINT (13.62482032 52.42479578)
1;2018;3;3;7;3;5;3;2;0;1;0;0;0;0;0;POINT (13.41175779 52.52396558)
7;2018;3;9;1;3;2;6;0;0;1;0;0;0;1;0;POINT (13.38085899 52.44214077)
5;2018;3;20;6;3;2;2;2;0;1;0;0;0;0;0;POINT (13.19935419 52.53479324)
11;2018;3;18;1;3;6;4;1;0;1;1;0;0;0;0;POINT (13.50575368 52.5635998)
10;2018;3;20;6;3;2;6;2;0;1;0;0;0;0;0;POINT (13.59861223 52.5349189)
6;2018;3;20;1;3;5;2;2;1;1;0;0;0;0;0;POINT (13.31779578 52.45791843)
5;2018;3;13;1;3;0;6;0;0;1;0;0;0;1;0;POINT (13.19857234 52.53329945)
11;2018;3;20;6;2;0;1;2;1;0;0;0;0;0;0;POINT (13.49416555 52.5479937)
4;2018;3;20;1;3;5;2;2;0;1;0;0;0;0;0;POINT (13.31528236 52.51473876)
8;2018;3;18;1;3;2;6;1;0;1;0;0;0;0;0;POINT (13.43539092 52.42515699)
9;2018;3;19;6;2;9;1;2;0;0;0;1;0;0;0;POINT (13.52003225 52.42364163)
3;2018;3;18;6;3;5;2;1;0;1;0;1;0;0;0;POINT (13.44397441 52.5458812)
5;2018;3;5;1;3;5;3;0;0;1;0;0;0;0;0;POINT (13.21260611 52.56115463)
8;2018;3;17;6;3;3;6;0;0;1;0;0;0;0;0;POINT (13.43276992 52.46462915)
1;2018;3;5;1;3;0;2;2;0;1;0;0;0;1;0;POINT (13.37985367 52.54017719)
2;2018;3;16;6;3;5;2;0;1;1;0;0;0;0;0;POINT (13.44761915 52.51311235)
4;2018;3;12;7;3;5;2;0;0;1;0;0;0;0;0;POINT (13.30444102 52.48833923)
3;2018;3;16;6;2;5;7;0;0;0;0;1;0;1;0;POINT (13.41325335 52.54188218)
4;2018;3;17;7;3;0;6;1;0;1;0;1;0;0;0;POINT (13.32380991 52.50219425)
8;2018;3;15;7;3;5;3;0;0;1;0;0;0;1;0;POINT (13.48360587 52.43121928)
3;2018;3;14;6;3;2;2;0;0;1;0;1;0;0;0;POINT (13.39842077 52.59242078)
1;2018;3;20;7;3;1;5;2;1;1;0;0;0;1;0;POINT (13.40313109 52.52331188)
1;2018;3;13;6;2;6;4;0;1;0;1;0;0;0;0;POINT (13.38823269 52.52051859)
5;2018;3;16;7;3;2;4;0;0;1;1;0;0;0;0;POINT (13.20793699 52.55921546)
8;2018;3;12;6;3;6;7;0;0;1;1;0;0;0;0;POINT (13.40989778 52.41659678)
6;2018;3;11;6;3;6;4;0;0;1;1;0;0;0;0;POINT (13.29796902 52.42168174)
1;2018;3;8;7;3;6;2;0;0;1;1;0;0;0;0;POINT (13.39322795 52.56445216)
11;2018;3;10;6;3;1;7;0;0;1;0;0;0;0;0;POINT (13.49222758 52.53628284)
9;2018;3;10;6;3;2;6;0;0;1;0;0;0;0;0;POINT (13.56722907 52.43867077)
8;2018;3;9;7;3;2;6;0;0;1;0;0;0;1;0;POINT (13.48815014 52.40032425)
4;2018;3;5;7;2;8;1;2;0;1;0;1;0;0;0;POINT (13.32234537 52.5211282)
8;2018;3;9;6;3;5;3;0;0;1;0;0;0;1;0;POINT (13.42886949 52.48461617)
5;2018;3;12;7;3;2;6;0;0;1;0;0;0;0;0;POINT (13.18794399 52.54699214)
7;2018;3;0;6;3;5;2;2;0;1;0;0;0;1;0;POINT (13.32850702 52.46506007)
9;2018;3;3;6;2;8;1;2;0;1;0;0;0;0;0;POINT (13.49838435 52.45767444)
7;2018;3;6;7;3;1;1;0;0;1;0;0;0;0;0;POINT (13.34991306 52.41352234)
5;2018;3;18;5;3;5;3;2;0;1;0;0;0;0;0;POINT (13.1952077 52.54501734)
1;2018;3;13;7;2;9;1;0;0;1;0;0;0;0;0;POINT (13.33363165 52.56078175)
2;2018;3;17;5;3;3;6;0;1;1;0;0;0;0;0;POINT (13.39255812 52.49130266)
11;2018;3;9;5;3;6;7;0;0;0;1;0;0;1;0;POINT (13.51605024 52.50563544)
8;2018;3;21;6;3;6;4;2;0;1;1;0;0;0;0;POINT (13.42644509 52.47689386)
3;2018;3;5;5;3;5;3;1;0;1;0;0;0;0;1;POINT (13.40963603 52.54732262)
4;2018;3;23;5;2;1;7;2;0;1;0;0;0;0;0;POINT (13.25949475 52.51620883)
1;2018;3;2;6;3;7;7;2;0;0;0;1;0;0;0;POINT (13.35696514 52.50134118)
1;2018;3;3;6;2;8;1;2;0;1;0;0;0;0;0;POINT (13.36819999 52.52433556)
2;2018;3;9;5;3;5;3;0;1;1;0;0;0;0;0;POINT (13.39961462 52.49428737)
2;2018;3;9;6;3;0;4;0;0;0;1;0;0;1;0;POINT (13.43724107 52.51067357)
1;2018;3;16;5;3;5;2;0;0;1;0;0;0;0;0;POINT (13.37026196 52.54467965)
9;2018;3;11;6;3;2;6;0;0;1;0;0;0;0;0;POINT (13.62491012 52.44682665)
1;2018;3;14;5;3;2;6;0;0;1;0;0;0;0;1;POINT (13.35772138 52.53610676)
1;2018;3;12;6;3;2;6;0;0;1;0;0;0;0;0;POINT (13.37937423 52.54050089)
9;2018;3;0;6;2;1;1;2;0;1;0;0;0;0;1;POINT (13.47826895 52.46169522)
10;2018;3;14;5;3;2;6;0;0;1;0;0;0;0;0;POINT (13.61464348 52.51725827)
9;2018;3;0;6;3;5;3;2;0;1;0;0;0;0;2;POINT (13.55227858 52.43944096)
12;2018;3;15;6;3;5;3;0;1;1;0;0;0;0;0;POINT (13.34350932 52.59879188)
1;2018;3;13;5;3;1;5;0;0;1;0;0;0;0;1;POINT (13.40230707 52.53339879)
2;2018;3;15;6;3;5;3;0;0;1;0;0;0;0;0;POINT (13.40793285 52.49997551)
3;2018;3;17;5;3;5;2;0;0;1;0;0;0;1;0;POINT (13.47472379 52.60433162)
6;2018;3;15;6;3;1;5;0;0;1;0;0;0;0;0;POINT (13.32682858 52.42344319)
12;2018;3;16;6;3;0;2;0;0;0;0;0;0;1;0;POINT (13.33444023 52.59561629)
11;2018;3;17;5;3;5;2;0;1;1;0;0;0;0;0;POINT (13.48660981 52.50239195)
7;2018;3;17;5;3;2;2;1;0;1;0;0;0;0;2;POINT (13.3854078 52.44805178)
4;2018;3;17;5;3;2;6;0;0;1;0;0;0;0;0;POINT (13.32320373 52.49342757)
3;2018;3;13;5;3;6;4;0;0;1;1;0;0;0;0;POINT (13.41120145 52.56721214)
7;2018;3;17;5;3;2;6;1;0;1;0;0;0;0;0;POINT (13.32597296 52.46939307)
10;2018;3;14;5;3;5;3;0;1;0;0;0;0;1;0;POINT (13.55483247 52.54727979)
2;2018;3;21;5;2;6;4;2;0;0;1;0;0;1;2;POINT (13.43033261 52.49560509)
1;2018;3;19;5;3;3;6;2;1;1;0;0;0;0;0;POINT (13.40482741 52.52969616)
8;2018;3;19;5;3;2;6;2;0;1;0;0;0;0;2;POINT (13.45797043 52.4727687)
2;2018;3;21;5;3;2;6;2;0;1;0;0;0;0;0;POINT (13.41475908 52.4880487)
6;2018;3;18;5;3;1;1;2;0;1;0;1;0;0;2;POINT (13.30325635 52.41949065)
4;2018;3;5;5;3;5;2;2;0;1;0;0;0;0;1;POINT (13.27905375 52.50361683)
6;2018;3;13;5;3;8;1;0;0;1;0;0;0;0;1;POINT (13.17630823 52.42085441)
1;2018;3;7;5;3;2;6;0;0;1;0;0;0;1;1;POINT (13.39631313 52.53835267)
9;2018;3;8;5;2;2;6;0;1;1;0;0;0;0;1;POINT (13.53141548 52.43040846)
7;2018;3;10;5;3;6;2;0;0;1;1;0;0;0;0;POINT (13.35410355 52.49928985)
8;2018;3;8;5;3;2;6;0;0;1;0;0;0;0;1;POINT (13.43962293 52.48202763)
3;2018;3;8;5;3;6;7;0;1;0;1;0;0;0;1;POINT (13.41190861 52.53283789)
7;2018;3;15;5;3;2;6;0;0;1;0;0;0;0;1;POINT (13.37779761 52.46548559)
11;2018;3;15;5;3;3;6;0;1;1;0;0;0;0;1;POINT (13.49743178 52.50864751)
5;2018;3;10;5;3;5;2;0;0;1;0;0;0;0;1;POINT (13.16254707 52.5217588)
6;2018;3;16;5;3;1;5;0;0;1;0;0;0;0;1;POINT (13.35254493 52.41868065)
1;2018;3;11;5;3;5;2;0;1;0;0;1;0;0;1;POINT (13.41321382 52.50680718)
2;2018;3;16;5;3;6;2;0;0;1;1;0;0;0;1;POINT (13.4077193 52.48881011)
8;2018;3;13;5;3;6;4;0;1;0;1;0;0;0;1;POINT (13.43402072 52.48168797)
4;2018;3;13;5;2;3;6;0;1;0;0;0;1;0;0;POINT (13.29923834 52.50657083)
9;2018;3;17;5;3;2;7;1;0;1;0;0;1;0;1;POINT (13.71836645 52.43149136)
9;2018;3;13;5;3;4;6;0;1;0;0;1;0;0;0;POINT (13.66574901 52.41021875)
1;2018;3;20;5;1;9;1;2;0;0;0;1;0;0;0;POINT (13.36975912 52.52317547)
8;2018;3;18;5;3;2;2;2;0;1;0;0;0;0;1;POINT (13.47731712 52.41702745)
4;2018;3;15;4;3;2;6;0;0;1;0;0;0;0;1;POINT (13.28898361 52.47073416)
6;2018;3;12;2;3;1;3;0;1;1;0;0;0;0;0;POINT (13.33532694 52.45846807)
1;2018;3;8;4;3;6;7;0;0;1;1;0;0;0;0;POINT (13.37968595 52.51479231)
7;2018;3;20;4;3;6;2;2;0;1;1;0;0;0;0;POINT (13.39330595 52.45801321)
2;2018;3;19;4;3;0;7;2;0;0;1;0;0;1;0;POINT (13.43079238 52.50240315)
9;2018;3;18;4;3;2;6;2;0;1;0;0;0;1;1;POINT (13.59348286 52.45018224)
9;2018;3;18;4;3;5;2;1;0;1;0;0;0;0;0;POINT (13.57799523 52.46123963)
2;2018;3;18;4;3;0;6;2;0;1;0;1;0;0;1;POINT (13.42077654 52.49902851)
11;2018;3;13;2;3;2;6;0;0;1;0;0;0;1;0;POINT (13.50145981 52.48298915)
8;2018;3;14;4;3;6;7;0;0;1;1;0;0;0;0;POINT (13.42317135 52.4859446)
8;2018;3;18;4;3;5;3;2;0;1;0;0;0;0;1;POINT (13.41052634 52.41403478)
5;2018;3;18;4;3;5;3;2;0;1;0;0;0;0;0;POINT (13.12865113 52.52877106)
11;2018;3;12;2;3;5;7;0;0;1;0;0;0;0;0;POINT (13.51006016 52.55039778)
1;2018;3;19;4;2;5;3;2;0;1;0;0;0;0;0;POINT (13.37439996 52.54371456)
4;2018;3;17;4;3;5;3;0;1;1;0;0;0;0;1;POINT (13.27596777 52.53835314)
2;2018;3;17;4;3;6;2;1;0;1;1;0;0;0;1;POINT (13.40672236 52.49852507)
11;2018;3;18;4;3;5;2;1;0;1;0;0;0;0;0;POINT (13.46894694 52.53140306)
3;2018;3;20;4;3;2;2;2;0;1;0;0;0;0;0;POINT (13.42530778 52.586442)
8;2018;3;16;4;3;2;6;0;0;1;0;0;0;0;1;POINT (13.4920445 52.41373073)
1;2018;3;12;2;3;6;2;0;0;1;1;0;0;0;0;POINT (13.3569884 52.54219981)
2;2018;3;8;4;3;5;2;0;1;0;0;0;0;1;0;POINT (13.45068095 52.52239138)
1;2018;3;15;4;3;1;5;0;0;1;0;0;0;0;1;POINT (13.3622589 52.54721513)
3;2018;3;12;2;2;5;2;0;1;0;0;0;0;1;0;POINT (13.42946294 52.55592497)
3;2018;3;10;4;3;2;6;0;0;1;0;0;0;0;0;POINT (13.41398371 52.55362913)
12;2018;3;15;4;3;5;3;0;1;1;0;0;0;0;1;POINT (13.37353228 52.57469577)
2;2018;3;10;4;3;5;2;0;1;1;0;0;0;0;0;POINT (13.41329959 52.50292114)
10;2018;3;14;4;3;1;7;0;0;1;0;0;0;0;1;POINT (13.55837358 52.54946162)
6;2018;3;11;2;3;5;2;0;0;1;0;0;0;0;0;POINT (13.33798241 52.45105522)
12;2018;3;7;4;2;6;4;0;0;1;1;0;0;0;0;POINT (13.32842227 52.5652864)
11;2018;3;7;4;3;2;6;0;0;1;0;0;0;0;0;POINT (13.52473991 52.47871488)
1;2018;3;14;4;3;5;2;0;1;1;0;0;0;0;1;POINT (13.41155212 52.51276026)
9;2018;3;10;4;2;6;7;0;0;1;1;0;0;0;0;POINT (13.6184282 52.4554817)
11;2018;3;11;4;3;5;3;0;1;1;0;0;0;0;0;POINT (13.48415703 52.53965908)
8;2018;3;12;4;3;5;3;0;0;1;0;0;0;0;1;POINT (13.44696776 52.48049772)
5;2018;3;18;1;3;0;4;1;0;0;1;1;0;0;0;POINT (13.19118741 52.53637896)
10;2018;3;11;4;3;5;3;0;0;1;0;0;0;0;0;POINT (13.64373139 52.52150943)
1;2018;3;19;4;3;6;2;2;0;1;1;0;0;0;1;POINT (13.35218134 52.50644357)
7;2018;3;12;4;3;1;5;0;1;0;0;0;0;1;1;POINT (13.34441469 52.47593901)
1;2018;3;20;4;2;5;2;2;1;0;0;0;0;1;1;POINT (13.38788297 52.55003662)
1;2018;3;23;1;2;6;4;2;0;1;1;0;0;0;0;POINT (13.39224637 52.54299849)
1;2018;3;12;4;3;1;7;0;0;1;1;0;0;0;0;POINT (13.35281478 52.55068626)
4;2018;3;13;4;3;2;6;0;0;1;0;0;0;0;0;POINT (13.30274775 52.48845581)
1;2018;3;14;4;3;6;4;0;0;1;1;0;0;0;0;POINT (13.33124694 52.52400497)
1;2018;3;12;4;3;2;6;0;0;1;0;0;0;0;1;POINT (13.37924659 52.52945577)
12;2018;3;13;4;3;3;6;0;0;1;0;0;0;1;0;POINT (13.33352911 52.60068572)
2;2018;3;12;4;3;6;4;0;0;1;1;0;0;0;1;POINT (13.39035322 52.50670492)
6;2018;3;14;1;3;5;2;0;1;1;0;0;0;0;0;POINT (13.29831453 52.44149551)
4;2018;3;15;4;3;2;6;0;0;1;0;0;0;0;0;POINT (13.28206864 52.53380266)
10;2018;3;16;4;2;5;3;0;0;0;0;1;0;1;0;POINT (13.55041744 52.54306317)
4;2018;3;12;4;3;1;5;0;1;1;0;0;0;0;1;POINT (13.31691373 52.50205731)
1;2018;3;16;4;3;0;7;1;0;0;0;1;0;1;0;POINT (13.35444307 52.52657412)
8;2018;3;18;3;3;3;6;1;1;1;0;0;0;0;0;POINT (13.42639536 52.48099703)
10;2018;3;11;4;3;6;4;0;0;0;1;0;0;1;1;POINT (13.51942127 52.52571879)
9;2018;3;7;4;2;5;3;0;1;1;0;0;0;0;1;POINT (13.49059661 52.46834297)
7;2018;3;11;1;3;6;7;0;0;1;1;0;0;0;0;POINT (13.34269748 52.50342076)
7;2018;3;14;3;2;5;7;0;1;1;0;0;0;0;0;POINT (13.37194054 52.46989242)
12;2018;3;7;4;3;5;2;0;0;1;0;0;0;0;1;POINT (13.29731228 52.58010036)
11;2018;3;10;3;3;5;3;0;1;1;0;0;0;0;0;POINT (13.52688693 52.49205398)
10;2018;3;8;4;3;6;4;0;0;1;1;0;0;0;1;POINT (13.55833594 52.49043339)
4;2018;3;7;3;3;5;3;0;1;1;0;0;0;0;1;POINT (13.2964789 52.49985022)
6;2018;3;8;4;3;2;7;0;0;1;0;0;0;1;1;POINT (13.25608536 52.43566226)
2;2018;3;8;4;3;5;2;0;1;1;0;0;0;0;1;POINT (13.39739446 52.4888952)
12;2018;3;6;3;3;2;6;0;0;1;0;0;0;0;1;POINT (13.23105337 52.61041111)
1;2018;3;10;4;2;6;4;0;0;1;1;0;0;0;1;POINT (13.38076933 52.51103412)
1;2018;3;8;3;3;2;6;0;0;1;0;0;1;0;1;POINT (13.41513862 52.52706921)
1;2018;3;10;4;3;5;2;0;1;1;0;0;0;0;1;POINT (13.35153373 52.5095245)
4;2018;3;11;4;2;5;2;0;0;1;0;0;0;0;1;POINT (13.32610823 52.53836104)
1;2018;3;11;1;3;5;3;0;1;1;0;0;0;0;0;POINT (13.40990532 52.51809445)
6;2018;3;18;3;3;5;2;2;0;1;0;0;0;0;0;POINT (13.25079535 52.43488834)
6;2018;3;11;4;3;5;3;0;0;1;0;0;0;0;1;POINT (13.25024837 52.42129159)
2;2018;3;14;3;3;2;6;0;0;1;0;0;0;0;0;POINT (13.47312623 52.50925712)
7;2018;3;19;3;3;1;5;2;1;1;0;0;0;0;0;POINT (13.35971486 52.48645677)
4;2018;3;8;3;3;4;2;0;1;1;0;0;0;0;0;POINT (13.30575755 52.5318524)
1;2018;3;20;3;3;6;7;2;0;1;1;0;0;0;0;POINT (13.38370912 52.55110541)
4;2018;3;17;3;3;5;3;0;0;1;0;0;0;0;0;POINT (13.26767897 52.51572338)
4;2018;3;12;1;3;5;7;0;0;1;0;0;0;0;0;POINT (13.28082667 52.47798316)
9;2018;3;15;3;3;6;4;0;0;1;1;0;0;0;0;POINT (13.57764454 52.4565373)
7;2018;3;17;3;2;5;2;0;1;1;0;0;0;0;0;POINT (13.40700863 52.3866687)
7;2018;3;17;3;3;5;3;0;0;1;0;0;0;0;0;POINT (13.40655118 52.3937636)
12;2018;3;13;1;3;6;4;0;0;1;1;0;0;0;0;POINT (13.32950222 52.56311672)
2;2018;3;17;3;3;6;4;0;0;1;1;0;0;0;0;POINT (13.45400014 52.52211332)
1;2018;3;17;3;3;5;2;0;1;1;0;0;0;0;0;POINT (13.38083762 52.5163662)
2;2018;3;16;3;3;5;2;0;0;1;0;1;0;0;0;POINT (13.45052514 52.52235269)
1;2018;3;16;3;3;5;2;0;1;1;0;0;0;0;0;POINT (13.37963175 52.52254941)
12;2018;3;15;3;3;6;4;0;0;1;1;0;0;0;0;POINT (13.33311018 52.59548507)
1;2018;3;15;3;3;0;7;0;1;0;0;0;0;0;0;POINT (13.35460533 52.50695879)
2;2018;3;15;3;3;2;6;0;1;0;0;0;0;0;0;POINT (13.44685539 52.5214335)
2;2018;3;15;3;2;6;4;0;0;1;1;0;0;0;1;POINT (13.43864843 52.51442814)
8;2018;3;14;3;3;1;5;0;1;1;0;0;0;0;1;POINT (13.43962194 52.48153086)
9;2018;3;15;3;3;1;5;0;0;0;0;1;0;1;0;POINT (13.52673705 52.42745961)
1;2018;3;13;3;2;6;4;0;0;1;1;0;0;0;1;POINT (13.37875557 52.5505181)
4;2018;3;18;3;3;2;6;2;0;1;0;0;0;0;0;POINT (13.28151083 52.50129834)
4;2018;3;13;3;3;5;2;0;0;1;0;0;0;0;0;POINT (13.31279868 52.48041)
3;2018;3;19;3;3;1;7;2;1;1;0;0;0;0;0;POINT (13.40825093 52.57246525)
10;2018;3;12;3;3;0;4;0;0;0;1;0;0;1;1;POINT (13.60480133 52.53759241)
8;2018;3;11;3;2;6;4;0;0;1;1;0;0;0;1;POINT (13.42603556 52.41365204)
6;2018;3;15;3;2;6;2;0;0;1;1;0;0;0;0;POINT (13.27050621 52.45102015)
11;2018;3;12;3;3;5;3;0;1;1;0;0;0;0;1;POINT (13.5118283 52.55064087)
5;2018;3;10;3;3;2;6;0;0;1;0;0;0;0;0;POINT (13.19491722 52.53556074)
5;2018;3;14;3;3;5;2;0;1;1;0;0;0;0;0;POINT (13.16536351 52.55113201)
9;2018;3;17;2;3;5;3;1;0;1;0;0;0;1;1;POINT (13.51469932 52.46873759)
1;2018;3;18;2;3;2;6;1;0;1;0;0;0;0;0;POINT (13.35109366 52.50416225)
1;2018;3;14;3;3;3;6;0;0;1;0;0;0;0;0;POINT (13.34773368 52.54337347)
11;2018;3;12;2;2;3;6;0;0;1;0;0;0;0;0;POINT (13.4742599 52.53539141)
7;2018;3;14;3;3;5;3;0;1;1;0;0;0;0;0;POINT (13.37892941 52.48062051)
6;2018;3;18;2;2;6;4;2;1;0;1;0;0;0;2;POINT (13.33860593 52.44905686)
11;2018;3;13;3;3;5;3;0;1;1;0;0;0;0;0;POINT (13.49649985 52.53401468)
7;2018;3;13;2;3;3;6;0;1;1;0;0;0;0;0;POINT (13.38410725 52.4558241)
9;2018;3;10;2;3;0;7;0;1;0;0;0;0;0;0;POINT (13.52022407 52.47385989)
1;2018;3;13;3;3;2;6;0;0;1;0;0;0;1;0;POINT (13.40801055 52.51614503)
6;2018;3;14;2;3;6;4;0;0;1;1;0;0;0;1;POINT (13.25954728 52.43026954)
6;2018;3;15;2;3;5;2;0;0;1;0;0;0;0;0;POINT (13.2706948 52.45101037)
10;2018;3;12;3;3;2;2;0;0;1;0;0;0;0;0;POINT (13.6050894 52.52765927)
6;2018;3;8;3;3;1;5;0;1;1;0;0;0;1;0;POINT (13.3155299 52.45583655)
3;2018;3;13;2;3;6;4;0;0;1;1;0;0;0;1;POINT (13.43667952 52.55209461)
11;2018;3;6;3;3;5;2;0;1;1;0;0;0;0;0;POINT (13.52696065 52.48658141)
8;2018;3;7;3;3;5;3;0;0;1;0;0;0;0;1;POINT (13.49012871 52.41998786)
7;2018;3;16;2;3;1;5;0;1;1;0;0;0;0;0;POINT (13.34083459 52.49231767)
2;2018;3;7;3;3;5;3;0;1;1;0;0;0;0;0;POINT (13.44949901 52.49673618)
2;2018;3;7;3;3;1;5;0;0;1;0;0;0;1;0;POINT (13.39364708 52.50106976)
12;2018;3;16;2;3;5;2;0;1;1;0;0;0;0;0;POINT (13.3236132 52.58716813)
4;2018;3;10;2;2;5;2;0;1;1;0;0;0;0;0;POINT (13.331093 52.49543756)
6;2018;3;7;3;3;0;5;0;0;1;0;0;0;1;0;POINT (13.30666178 52.4103809)
4;2018;3;16;2;3;5;2;0;0;1;0;0;0;0;0;POINT (13.3127913 52.48041447)
7;2018;3;7;3;3;5;2;0;1;1;0;0;0;0;0;POINT (13.3529956 52.48468406)
3;2018;3;8;2;3;5;3;0;0;1;0;0;0;0;0;POINT (13.40101506 52.56215146)
3;2018;3;8;3;3;5;3;0;1;1;0;0;0;0;0;POINT (13.45336306 52.5420656)
1;2018;3;9;3;3;5;2;0;0;1;0;1;0;0;0;POINT (13.40250242 52.51185432)
1;2018;3;9;3;3;0;7;0;0;1;0;0;0;0;0;POINT (13.38535304 52.51362184)
6;2018;3;8;3;3;2;6;0;0;1;0;0;0;1;1;POINT (13.30193159 52.4454411)
1;2018;3;8;2;3;5;7;0;1;0;0;0;1;0;1;POINT (13.39727265 52.51528656)
12;2018;4;14;1;3;5;3;0;0;1;0;0;0;0;0;POINT (13.29504111 52.59093434)
4;2018;4;16;1;3;9;7;0;0;1;0;0;0;0;0;POINT (13.31283418 52.49145018)
1;2018;4;9;2;3;2;6;0;0;1;0;1;0;0;1;POINT (13.39796158 52.51091713)
1;2018;4;9;1;3;1;5;0;1;1;0;0;0;0;0;POINT (13.40194441 52.53058199)
7;2018;4;9;2;3;6;2;0;0;1;1;0;0;0;1;POINT (13.39446777 52.48393202)
2;2018;4;15;1;3;5;2;0;1;1;0;0;0;0;0;POINT (13.41332241 52.49188652)
8;2018;4;8;2;2;2;7;0;0;1;0;0;0;1;1;POINT (13.44104348 52.47235398)
12;2018;4;8;2;3;5;3;0;0;1;0;0;0;0;1;POINT (13.23605527 52.61329381)
5;2018;4;9;1;3;1;5;0;0;1;0;1;0;0;0;POINT (13.18244916 52.54263849)
6;2018;4;7;2;3;2;6;0;0;1;0;0;0;0;1;POINT (13.29379569 52.44561958)
7;2018;4;7;2;3;5;3;0;0;1;0;0;0;0;1;POINT (13.39581165 52.45430463)
12;2018;4;15;1;2;4;7;0;0;1;0;0;0;0;0;POINT (13.33155087 52.58392488)
8;2018;4;6;2;3;5;2;0;1;1;0;0;0;0;1;POINT (13.41694324 52.41834283)
7;2018;4;12;1;3;5;2;0;1;1;0;0;0;0;0;POINT (13.36097501 52.49008179)
1;2018;4;6;2;3;5;3;1;0;1;0;0;0;0;1;POINT (13.34897811 52.51479881)
2;2018;4;9;1;3;2;2;0;0;1;0;0;0;0;0;POINT (13.41219485 52.49877354)
2;2018;4;0;2;3;5;5;2;0;1;0;0;0;0;0;POINT (13.38428901 52.49369631)
11;2018;4;10;1;3;6;7;0;0;1;1;0;0;1;0;POINT (13.49656139 52.53365426)