bez;ujahr;umonat;ustunde;uwochentag;ukategorie;uart;utyp1;ulichtverh;istrad;istpkw;istfuss;istkrad;istgkfz;istsonstige;ustrzustand;geometry
10;2018;4;10;1;3;5;2;0;0;1;0;1;0;0;0;POINT (13.51921557 52.52877432)
12;2018;4;9;2;3;5;3;0;1;1;0;0;0;0;0;POINT (13.30580967 52.63700726)
3;2018;4;7;1;2;5;3;0;1;1;0;0;0;0;0;POINT (13.42752517 52.54569275)
5;2018;4;7;1;3;2;2;0;0;1;0;0;0;0;0;POINT (13.25598748 52.53736071)
3;2018;4;8;2;3;1;5;0;0;1;0;1;0;0;0;POINT (13.42278792 52.54475418)
7;2018;4;5;1;2;5;3;1;1;0;0;0;1;0;0;POINT (13.38280375 52.40370955)
5;2018;4;14;1;3;1;5;0;0;1;0;1;0;0;0;POINT (13.20849127 52.5662671)
3;2018;4;7;1;3;1;5;0;1;0;0;0;0;1;0;POINT (13.45698556 52.5296211)
11;2018;4;11;2;2;0;2;0;0;0;0;1;0;1;1;POINT (13.5088179 52.50802506)
6;2018;4;8;1;2;9;1;0;0;1;0;0;0;0;0;POINT (13.26481244 52.41926481)
12;2018;4;20;1;3;5;3;2;0;1;0;0;0;0;0;POINT (13.35378906 52.59656115)
4;2018;4;12;1;3;0;1;0;0;0;0;1;0;0;0;POINT (13.32611449 52.50567686)
3;2018;4;19;1;3;0;3;1;1;1;0;0;0;0;0;POINT (13.44224572 52.54288623)
1;2018;4;15;1;3;0;7;0;1;0;0;0;0;0;0;POINT (13.36568967 52.52267883)
10;2018;4;18;1;3;2;1;0;0;1;0;0;0;0;0;POINT (13.55031186 52.49964554)
2;2018;4;16;7;3;3;6;0;1;1;0;0;0;0;0;POINT (13.42642325 52.49936796)
12;2018;4;15;1;3;5;2;0;1;1;0;0;0;0;0;POINT (13.30109742 52.61632226)
9;2018;4;17;7;3;2;6;0;0;1;0;0;0;0;0;POINT (13.55830931 52.45558311)
4;2018;4;7;7;3;8;1;0;0;1;0;0;0;0;0;POINT (13.3168097 52.49953105)
11;2018;4;13;2;3;0;3;0;0;1;0;0;0;1;0;POINT (13.52565299 52.56407679)
8;2018;4;15;1;3;2;6;0;0;1;0;0;0;0;0;POINT (13.43258683 52.46526789)
12;2018;4;13;7;3;1;5;0;0;1;0;0;0;0;0;POINT (13.29195591 52.57552381)
3;2018;4;14;1;3;5;3;0;1;1;0;0;0;0;0;POINT (13.43517303 52.6290404)
2;2018;4;12;7;3;5;3;0;1;1;0;0;0;0;0;POINT (13.42869914 52.49393851)
7;2018;4;15;2;2;5;2;0;0;1;0;1;0;0;0;POINT (13.36598191 52.44924561)
5;2018;4;12;1;2;2;6;0;0;1;0;1;0;0;0;POINT (13.17733095 52.52527291)
6;2018;4;3;7;3;1;1;2;1;1;0;0;0;0;0;POINT (13.25870735 52.44618518)
2;2018;4;22;7;3;5;3;2;0;1;0;0;0;0;0;POINT (13.39581572 52.49892459)
6;2018;4;17;1;3;2;6;0;0;1;0;0;0;0;0;POINT (13.3436638 52.43906684)
10;2018;4;12;1;3;2;6;0;0;1;0;0;0;0;0;POINT (13.55974201 52.47994295)
4;2018;4;21;7;3;1;5;2;0;1;0;0;0;0;0;POINT (13.2864685 52.50650078)
10;2018;4;11;1;3;2;6;0;0;1;0;0;0;0;0;POINT (13.56174783 52.50549428)
5;2018;4;15;1;3;8;1;0;0;1;0;0;0;0;0;POINT (13.19911157 52.53410697)
3;2018;4;18;7;2;6;2;0;0;1;1;0;0;0;0;POINT (13.40424762 52.58148335)
7;2018;4;17;2;3;9;1;0;0;1;0;0;0;0;0;POINT (13.37659068 52.46092648)
8;2018;4;21;1;3;5;3;2;0;1;0;0;0;0;0;POINT (13.45740539 52.43089457)
2;2018;4;15;7;3;5;2;0;1;1;0;0;0;0;0;POINT (13.41318636 52.49169564)
12;2018;4;21;1;3;0;1;2;0;0;0;1;0;0;0;POINT (13.23990597 52.60210001)
2;2018;4;14;7;3;6;4;0;0;1;1;0;0;0;0;POINT (13.42865052 52.49938272)
10;2018;4;22;7;3;5;3;2;0;1;0;0;0;0;1;POINT (13.5827245 52.51446098)
2;2018;4;20;7;2;5;2;2;1;1;0;0;0;0;1;POINT (13.39523632 52.49631998)
2;2018;4;14;7;3;5;2;0;0;1;0;0;0;0;0;POINT (13.4165921 52.50203514)
3;2018;4;19;7;2;1;7;1;0;1;0;0;0;0;1;POINT (13.38099378 52.59109134)
2;2018;4;16;7;3;5;3;0;0;1;0;0;0;0;1;POINT (13.43288633 52.51783757)
1;2018;4;13;7;3;5;3;0;1;1;0;0;0;0;0;POINT (13.37851408 52.52923921)
9;2018;4;22;7;3;8;1;2;0;1;0;0;0;0;1;POINT (13.49219086 52.45804023)
3;2018;4;14;7;2;5;7;0;0;1;0;0;0;0;1;POINT (13.44482378 52.61535598)
9;2018;4;13;7;3;5;3;0;0;1;0;1;0;0;0;POINT (13.6616858 52.41229347)
8;2018;4;7;1;3;6;2;0;0;1;1;0;0;0;0;POINT (13.41703355 52.41822204)
9;2018;4;16;1;3;5;2;0;0;1;0;1;0;0;0;POINT (13.52665347 52.42644117)
1;2018;4;14;7;3;0;5;0;0;1;0;0;0;1;1;POINT (13.37691687 52.56005811)
10;2018;4;12;7;3;5;2;0;1;1;0;0;0;0;0;POINT (13.57730079 52.51315509)
2;2018;4;13;7;3;2;2;0;0;1;0;0;0;0;1;POINT (13.44065024 52.5171527)
10;2018;4;10;7;3;5;7;0;0;1;0;0;0;0;0;POINT (13.5748727 52.51309758)
5;2018;4;10;7;3;5;2;0;0;1;0;0;0;0;1;POINT (13.16539246 52.55118861)
6;2018;4;14;1;2;5;2;0;0;1;0;1;0;0;0;POINT (13.300894 52.43916766)
9;2018;4;6;7;3;9;1;2;0;1;0;0;0;0;1;POINT (13.51308385 52.42935166)
11;2018;4;9;1;3;2;2;0;0;1;0;0;0;0;0;POINT (13.50055367 52.51079671)
4;2018;4;16;7;3;0;6;0;0;1;0;0;0;1;0;POINT (13.282948 52.5338444)
7;2018;4;1;7;3;3;6;2;0;1;0;0;0;0;1;POINT (13.40167065 52.41472476)
4;2018;4;7;7;3;2;7;0;0;1;0;0;0;0;0;POINT (13.31591512 52.50672498)
6;2018;4;22;1;2;5;2;2;0;1;0;1;0;0;0;POINT (13.35899184 52.42006746)
4;2018;4;14;1;2;5;2;0;0;1;0;1;0;0;0;POINT (13.28690274 52.49568929)
1;2018;4;17;7;3;0;1;0;1;0;0;0;0;0;0;POINT (13.40196397 52.52886946)
8;2018;4;1;7;3;6;7;2;0;1;1;0;0;0;1;POINT (13.48336671 52.4258191)
3;2018;3;18;6;3;0;3;1;1;1;0;0;0;0;0;POINT (13.44957761 52.55102741)
6;2018;4;14;7;1;0;3;0;1;1;0;0;0;0;0;POINT (13.28338015 52.45889457)
2;2018;4;18;1;3;5;5;0;0;1;0;1;0;0;0;POINT (13.4367368 52.50372111)
6;2018;4;19;7;3;2;6;0;0;1;0;1;0;0;0;POINT (13.31669694 52.4258273)
9;2018;3;12;6;3;5;3;0;1;1;0;0;0;0;0;POINT (13.61713544 52.45528847)
5;2018;4;12;7;2;5;3;0;1;1;0;0;0;0;0;POINT (13.20245171 52.54648516)
1;2018;3;12;6;3;2;6;0;0;1;0;0;0;0;1;POINT (13.40151987 52.51147967)
11;2018;4;19;6;3;5;3;2;1;1;0;0;0;0;0;POINT (13.49483708 52.54542845)
12;2018;4;7;1;3;5;3;0;1;1;0;0;0;0;0;POINT (13.29028795 52.63342805)
5;2018;3;20;6;3;6;4;2;0;1;1;0;0;0;1;POINT (13.19828806 52.53497764)
5;2018;4;14;6;3;2;6;0;0;1;0;0;0;0;0;POINT (13.17418594 52.47408827)
10;2018;4;18;6;3;0;6;0;0;1;0;1;0;0;0;POINT (13.52530258 52.53668094)
12;2018;3;19;6;3;1;5;2;0;1;0;0;0;0;1;POINT (13.32560929 52.5646167)
8;2018;4;13;6;3;5;2;0;1;1;0;0;0;0;0;POINT (13.48120679 52.41105149)
4;2018;4;13;6;3;6;4;0;1;0;1;0;0;0;0;POINT (13.31519101 52.46956354)
7;2018;3;19;6;3;2;6;2;0;1;0;0;0;0;1;POINT (13.34592905 52.49470818)
2;2018;4;13;6;2;6;2;0;0;1;1;0;0;0;0;POINT (13.46282041 52.51079913)
9;2018;4;12;6;2;3;6;0;0;1;0;1;0;0;0;POINT (13.54832694 52.42746809)
1;2018;3;18;6;3;0;6;0;0;1;0;1;0;0;1;POINT (13.36914145 52.50614608)
2;2018;4;12;6;3;3;6;0;1;0;0;0;0;0;0;POINT (13.39935298 52.50679104)
7;2018;3;17;6;3;6;2;0;0;1;1;0;0;0;1;POINT (13.36533002 52.49732037)
1;2018;4;9;6;3;5;2;0;1;0;0;0;0;1;0;POINT (13.36588846 52.52525565)
9;2018;3;16;6;3;2;6;0;0;1;0;0;0;0;1;POINT (13.59357948 52.44967023)
5;2018;4;8;6;3;5;2;0;0;1;0;0;1;0;0;POINT (13.14158548 52.53242747)
9;2018;4;8;6;3;5;3;0;0;1;0;0;0;0;0;POINT (13.53561947 52.43044804)
6;2018;4;15;2;2;5;3;0;0;1;0;1;0;0;0;POINT (13.25155509 52.41373579)
9;2018;3;15;6;3;5;3;0;0;1;0;0;0;0;1;POINT (13.51331057 52.42796348)
2;2018;4;16;6;3;5;2;0;1;1;0;0;0;0;0;POINT (13.40998201 52.50267217)
9;2018;4;17;6;3;1;5;0;1;1;0;0;0;1;0;POINT (13.5777699 52.44398474)
8;2018;3;15;6;3;1;5;0;0;1;0;0;0;0;1;POINT (13.43081212 52.48582456)
5;2018;3;15;6;3;5;2;0;0;1;0;0;0;0;1;POINT (13.16172332 52.52355541)
1;2018;4;21;3;3;3;6;2;0;1;0;0;1;0;0;POINT (13.35837824 52.5539768)
1;2018;4;13;1;3;5;3;0;1;1;0;0;0;0;0;POINT (13.39376598 52.52858474)
9;2018;4;17;6;3;2;6;0;0;1;0;1;0;0;0;POINT (13.55643867 52.41109988)
4;2018;3;15;6;3;5;7;0;0;1;0;1;0;0;1;POINT (13.30651812 52.52888247)
12;2018;4;17;6;3;2;6;0;0;1;0;0;0;0;0;POINT (13.32589705 52.56138117)
3;2018;4;16;1;3;4;6;0;1;0;0;0;1;0;0;POINT (13.43294711 52.55508772)
1;2018;3;14;6;3;6;4;0;0;1;1;0;0;0;1;POINT (13.35224133 52.54835373)
9;2018;4;16;6;3;0;1;0;0;0;0;1;0;0;0;POINT (13.5742736 52.41392006)
2;2018;3;14;6;3;2;3;0;0;1;0;0;0;0;1;POINT (13.39069336 52.49602975)
6;2018;4;16;6;2;1;1;0;0;1;0;0;0;0;0;POINT (13.31092442 52.4599927)
6;2018;4;16;6;3;1;5;0;1;1;0;0;0;0;0;POINT (13.3301528 52.46428582)
12;2018;4;12;2;3;6;2;0;0;1;1;0;0;0;0;POINT (13.31192198 52.57154933)
3;2018;3;13;6;3;2;2;0;0;1;0;0;0;0;1;POINT (13.48493604 52.61476048)
3;2018;4;16;6;3;2;6;0;0;1;0;0;0;0;0;POINT (13.47941619 52.55310664)
4;2018;3;12;6;3;2;5;0;0;1;0;0;0;0;1;POINT (13.30119742 52.5140842)
9;2018;4;16;6;3;5;2;0;1;0;0;0;0;1;0;POINT (13.58198923 52.44260906)
7;2018;3;11;6;2;6;2;0;0;1;1;0;0;0;1;POINT (13.35701783 52.49899267)
8;2018;3;10;6;3;5;2;0;1;1;0;0;0;0;1;POINT (13.46816178 52.42764093)
1;2018;4;23;2;3;9;1;2;0;0;0;1;0;0;0;POINT (13.37688052 52.51608295)
3;2018;4;16;6;3;5;3;0;0;1;0;1;0;0;0;POINT (13.48602147 52.61594478)
5;2018;3;7;6;3;5;2;0;0;1;0;0;0;0;0;POINT (13.19949482 52.53474482)
8;2018;3;3;6;3;0;7;2;0;1;0;0;0;0;1;POINT (13.47806909 52.4423545)
6;2018;4;15;6;3;5;3;0;0;1;0;1;0;0;0;POINT (13.1092373 52.41407905)
2;2018;4;9;1;3;2;6;0;0;1;0;0;0;0;0;POINT (13.39116723 52.49236649)
6;2018;4;17;1;3;5;3;0;1;0;0;1;0;0;0;POINT (13.27970714 52.42615518)
12;2018;4;14;6;3;5;3;0;1;1;0;0;0;0;0;POINT (13.34384671 52.61352762)
5;2018;3;21;6;3;8;7;2;0;1;0;0;0;1;1;POINT (13.17815692 52.54870737)
4;2018;4;19;2;3;6;7;1;0;1;1;0;0;0;0;POINT (13.31940317 52.49969169)
1;2018;4;21;6;3;0;1;2;1;0;0;0;0;0;0;POINT (13.39866678 52.53256718)
11;2018;3;13;5;3;2;6;0;0;1;0;0;0;0;0;POINT (13.5162972 52.53655842)
4;2018;3;13;5;3;2;6;0;0;1;0;0;0;0;0;POINT (13.31075094 52.51618519)
10;2018;4;16;6;3;2;2;0;0;1;0;0;0;0;0;POINT (13.60424278 52.5387442)
2;2018;3;22;5;3;5;2;2;0;1;0;0;0;0;0;POINT (13.39520118 52.49615185)
4;2018;4;14;5;3;2;6;0;0;1;0;0;0;0;0;POINT (13.32161808 52.5028034)
7;2018;3;19;5;3;1;1;1;0;1;0;1;0;0;0;POINT (13.39628492 52.38482024)
2;2018;3;18;5;2;0;1;1;1;0;0;0;0;0;0;POINT (13.43879422 52.49773089)
12;2018;4;19;2;3;5;2;0;0;1;0;0;0;0;0;POINT (13.32396899 52.58758097)
12;2018;4;17;5;3;5;7;0;0;1;0;0;0;0;0;POINT (13.29422057 52.57732065)
4;2018;3;16;5;2;5;3;0;1;1;0;0;0;0;0;POINT (13.30136206 52.5079605)
5;2018;3;15;5;3;5;3;0;0;1;0;1;0;0;0;POINT (13.23953726 52.54029567)
1;2018;4;15;5;3;0;6;0;0;1;0;1;0;0;0;POINT (13.35847239 52.53645481)
3;2018;4;20;1;3;5;2;1;1;1;0;0;0;0;0;POINT (13.45921027 52.52932838)
4;2018;4;9;5;3;3;6;0;0;1;0;0;1;0;0;POINT (13.32493916 52.49993914)
8;2018;3;15;5;3;1;1;0;0;1;0;1;0;0;0;POINT (13.45168928 52.48081557)
4;2018;4;19;2;3;3;6;0;1;0;0;0;0;1;0;POINT (13.32827147 52.50323037)
10;2018;4;9;5;3;5;3;0;0;1;0;0;0;0;0;POINT (13.57868159 52.56612377)
7;2018;3;14;5;3;5;2;0;1;1;0;0;0;0;0;POINT (13.38571966 52.48163831)
3;2018;4;18;5;2;5;2;0;1;1;0;0;0;0;0;POINT (13.50310399 52.63653333)
11;2018;3;13;5;3;2;6;0;0;1;0;0;0;0;0;POINT (13.50596681 52.53473504)
12;2018;4;18;2;3;5;2;0;0;1;0;0;0;0;0;POINT (13.36005485 52.57562216)
4;2018;4;11;5;3;0;6;0;0;1;0;0;0;0;0;POINT (13.30984928 52.47873104)
1;2018;4;23;5;3;5;2;2;0;1;0;0;0;0;0;POINT (13.34946333 52.54224635)
4;2018;4;15;2;3;3;6;0;0;1;0;1;0;0;0;POINT (13.29469329 52.51927273)
8;2018;3;11;5;3;2;2;0;0;0;0;1;0;1;0;POINT (13.46727096 52.42821787)
1;2018;4;19;5;3;2;6;1;0;1;0;0;0;0;0;POINT (13.34850085 52.51512408)
7;2018;4;18;5;3;2;6;1;0;1;0;0;0;0;0;POINT (13.38545059 52.46712327)
11;2018;3;10;5;3;5;2;0;1;1;0;0;0;0;0;POINT (13.4922984 52.56519627)
12;2018;4;18;5;3;6;4;0;0;1;1;0;0;0;0;POINT (13.36344165 52.60695218)
1;2018;3;22;5;2;0;7;2;0;0;0;0;0;1;0;POINT (13.37004718 52.51957423)
7;2018;4;18;5;3;6;4;0;1;0;1;0;0;0;0;POINT (13.38411517 52.45582543)
11;2018;4;19;1;3;6;4;1;0;1;1;0;0;0;0;POINT (13.52566822 52.48300444)
11;2018;4;17;5;3;8;1;0;0;1;0;0;0;0;0;POINT (13.47347139 52.53236591)
9;2018;3;12;4;3;2;6;0;0;1;0;0;1;0;1;POINT (13.50550895 52.46159453)
1;2018;4;18;2;3;5;2;0;1;1;0;0;0;0;0;POINT (13.41825915 52.51572676)
8;2018;4;17;5;3;5;2;0;1;1;0;0;0;0;0;POINT (13.45613863 52.48416446)
5;2018;3;9;4;3;2;6;0;0;1;0;0;0;0;0;POINT (13.17703962 52.52544466)
1;2018;4;17;5;3;5;2;0;1;1;0;0;0;0;0;POINT (13.36573697 52.55713365)
5;2018;3;20;4;3;5;2;2;0;1;0;1;0;0;0;POINT (13.2008099 52.53853924)
7;2018;4;16;5;3;2;6;0;0;1;0;0;0;0;0;POINT (13.39933281 52.44429834)
4;2018;4;17;5;2;5;3;0;0;1;0;0;0;0;0;POINT (13.30081956 52.47402795)
4;2018;4;14;2;2;5;2;0;0;1;0;1;0;0;0;POINT (13.27253591 52.51933703)
1;2018;3;20;4;3;3;6;2;1;1;0;0;0;0;0;POINT (13.42540523 52.5085418)
3;2018;4;17;5;3;1;5;0;1;1;0;0;0;0;0;POINT (13.41972112 52.54899534)
3;2018;3;19;4;3;5;7;1;0;1;0;1;0;0;0;POINT (13.40903237 52.53397212)
4;2018;4;16;5;3;0;2;0;1;1;0;0;0;0;0;POINT (13.29587276 52.47373196)
12;2018;3;18;4;3;0;2;1;1;1;0;0;0;0;0;POINT (13.36148388 52.59696564)
12;2018;4;16;5;3;5;2;0;1;1;0;0;0;0;0;POINT (13.32370785 52.58751191)
1;2018;3;18;4;3;5;3;0;1;1;0;0;0;0;0;POINT (13.34510226 52.53905692)
12;2018;3;17;4;3;2;2;0;0;1;0;0;0;0;0;POINT (13.32462034 52.56098375)
4;2018;4;17;2;3;5;2;0;0;1;0;0;0;1;0;POINT (13.32610679 52.53836757)
11;2018;4;15;5;3;2;6;0;0;1;0;0;0;0;0;POINT (13.47262368 52.5321746)
8;2018;3;16;4;3;5;2;0;0;1;0;0;0;1;0;POINT (13.47350998 52.43236755)
10;2018;3;16;4;3;5;3;0;0;1;0;0;0;0;0;POINT (13.56855457 52.56946763)
1;2018;4;15;5;3;0;1;0;0;1;0;1;0;0;0;POINT (13.41180408 52.52816351)
11;2018;4;15;5;3;3;2;0;0;1;0;0;0;0;0;POINT (13.4689442 52.53140913)
9;2018;4;11;2;3;5;3;0;1;1;0;0;0;0;0;POINT (13.50241841 52.46124021)
8;2018;3;15;4;3;2;6;0;0;1;0;0;0;0;0;POINT (13.44280023 52.46507298)
8;2018;4;15;5;2;6;4;0;0;1;1;0;0;0;0;POINT (13.43013239 52.45592751)
4;2018;3;15;4;3;5;2;0;1;1;0;0;0;0;0;POINT (13.31384104 52.48679343)
1;2018;4;15;5;2;6;4;0;0;1;1;0;0;0;0;POINT (13.39234977 52.54286376)
11;2018;3;14;4;3;5;3;0;0;1;0;0;0;1;0;POINT (13.50868695 52.50056312)
12;2018;3;14;4;3;6;4;0;0;1;1;0;0;0;0;POINT (13.37246799 52.56821126)
3;2018;4;16;2;3;0;3;0;0;1;0;1;0;0;0;POINT (13.42640248 52.60315677)
11;2018;4;13;5;3;0;6;0;1;0;0;0;0;0;0;POINT (13.49859003 52.54728181)
6;2018;3;13;4;3;0;2;0;0;1;0;0;0;0;0;POINT (13.34336544 52.4348984)
9;2018;3;13;4;3;5;3;0;0;1;0;0;0;0;0;POINT (13.68560553 52.44295803)
1;2018;4;12;5;3;5;3;0;0;1;0;0;0;0;0;POINT (13.38650958 52.51273952)
1;2018;3;12;4;3;3;6;0;1;0;0;0;0;1;0;POINT (13.38059347 52.51723961)
1;2018;4;14;2;2;0;7;0;0;1;1;0;1;0;0;POINT (13.35985677 52.53744514)
4;2018;4;12;5;3;5;2;0;1;1;0;0;0;0;0;POINT (13.29748397 52.52548574)
12;2018;3;12;4;3;2;6;0;0;1;0;0;0;0;0;POINT (13.31089157 52.56794329)
3;2018;4;11;5;2;5;2;0;1;1;0;0;0;0;0;POINT (13.36499087 52.59008857)
4;2018;4;22;1;3;3;6;2;0;1;0;0;0;0;0;POINT (13.29467642 52.53278101)
9;2018;3;11;4;3;6;3;0;0;1;1;0;0;0;1;POINT (13.57290591 52.4703622)
10;2018;4;11;5;3;0;3;0;0;1;0;1;0;0;0;POINT (13.55448937 52.50734487)
7;2018;3;11;4;3;5;3;0;1;1;0;0;0;0;1;POINT (13.35221894 52.49670308)
1;2018;4;13;2;3;2;6;0;0;0;0;1;1;0;0;POINT (13.38142578 52.52803654)
8;2018;4;9;5;3;6;2;0;0;1;1;0;0;0;0;POINT (13.43867573 52.46936667)
1;2018;3;10;4;3;2;6;0;0;1;0;0;1;0;1;POINT (13.40245763 52.5118783)
4;2018;3;10;4;3;1;5;0;1;1;0;0;0;0;1;POINT (13.3167496 52.47021901)
5;2018;4;12;2;3;6;7;0;0;1;1;0;0;0;0;POINT (13.203549 52.54401341)
10;2018;4;14;1;3;5;2;0;0;1;0;0;0;0;0;POINT (13.518938 52.53283763)
10;2018;4;8;5;3;5;3;0;1;1;0;0;0;0;0;POINT (13.61165342 52.5142174)
11;2018;3;9;4;3;6;4;0;0;1;1;0;0;0;1;POINT (13.50958369 52.53483617)
10;2018;3;9;4;3;2;6;0;0;1;0;0;0;1;1;POINT (13.52238071 52.53579397)
7;2018;4;9;5;3;5;7;0;0;1;0;0;0;0;0;POINT (13.38347255 52.48177345)
1;2018;4;20;1;2;6;4;2;1;0;1;0;0;0;0;POINT (13.37350829 52.55402254)
4;2018;4;10;5;3;0;7;0;0;1;0;0;0;0;0;POINT (13.3034511 52.50672966)
2;2018;3;8;4;3;3;6;0;1;1;0;0;0;0;0;POINT (13.44255901 52.51802547)
4;2018;4;12;2;3;2;6;0;0;1;0;0;0;0;0;POINT (13.28490879 52.49171493)
5;2018;4;17;1;3;2;6;0;1;1;0;0;0;0;0;POINT (13.21035787 52.56203365)
6;2018;4;9;5;3;8;1;0;0;0;0;1;0;0;0;POINT (13.34643384 52.43591605)
8;2018;3;8;4;2;5;7;0;0;1;0;0;0;0;1;POINT (13.48933382 52.42071681)
5;2018;4;17;2;3;8;1;0;0;0;0;1;0;0;0;POINT (13.1329022 52.45107332)
6;2018;4;20;5;3;2;6;2;0;1;0;0;0;0;0;POINT (13.33835042 52.45108821)
7;2018;3;8;4;3;0;5;0;0;0;0;0;0;1;1;POINT (13.35242144 52.41632555)
10;2018;4;12;4;3;5;3;0;1;1;0;0;0;0;0;POINT (13.6063334 52.48878334)
11;2018;3;1;4;2;5;2;2;0;1;0;0;0;1;1;POINT (13.52176377 52.50100873)
1;2018;4;12;2;3;5;3;0;0;1;0;1;0;0;0;POINT (13.41750659 52.51849973)
1;2018;4;17;4;3;5;7;0;0;1;0;1;0;0;0;POINT (13.40051073 52.53061884)
1;2018;4;16;4;3;2;6;0;0;1;0;0;0;0;1;POINT (13.35183208 52.50962736)
1;2018;3;12;4;3;5;3;0;1;1;0;0;0;0;0;POINT (13.3564251 52.55535521)
11;2018;4;16;4;3;0;1;0;1;1;0;0;0;0;0;POINT (13.5114173 52.48411398)
4;2018;4;18;1;2;0;1;0;0;0;0;0;0;1;0;POINT (13.29346495 52.53727236)
1;2018;4;12;4;3;5;2;0;1;1;0;0;0;0;0;POINT (13.41800443 52.51801902)
12;2018;3;9;3;3;0;3;0;1;0;0;0;0;1;0;POINT (13.28138585 52.5850686)
2;2018;4;12;2;3;5;7;0;0;1;0;0;0;1;0;POINT (13.44377176 52.52518172)
11;2018;4;15;4;3;0;4;0;0;0;1;0;0;1;0;POINT (13.48634694 52.54089876)
6;2018;3;16;3;3;2;2;0;0;1;0;0;0;0;0;POINT (13.3394103 52.45864706)
8;2018;4;14;4;3;0;3;0;0;1;0;0;0;1;0;POINT (13.45475492 52.43475399)
4;2018;3;11;3;3;6;2;0;0;1;1;0;0;0;1;POINT (13.29058143 52.47516247)
4;2018;4;11;2;3;0;6;0;0;1;0;0;0;1;0;POINT (13.30613857 52.49990627)
4;2018;4;14;4;3;6;4;0;0;1;1;0;0;0;0;POINT (13.33805813 52.50518805)
4;2018;4;7;4;3;5;3;0;1;1;0;0;0;0;1;POINT (13.33460928 52.49836603)
3;2018;4;10;4;2;5;3;0;0;1;0;0;0;0;0;POINT (13.3983486 52.59239355)
12;2018;3;13;3;2;2;6;0;0;1;0;0;0;0;1;POINT (13.28331294 52.57565043)
4;2018;4;13;4;3;2;6;0;0;1;0;0;0;0;0;POINT (13.31318872 52.48070088)
7;2018;3;14;3;3;2;6;0;0;1;0;0;0;0;1;POINT (13.37817112 52.46650915)
4;2018;4;11;2;3;5;3;0;1;1;0;0;0;0;1;POINT (13.30444072 52.48850002)
4;2018;4;12;4;3;2;6;0;0;1;0;0;0;0;0;POINT (13.32426133 52.49700853)
9;2018;4;11;4;3;2;6;0;0;1;0;0;0;0;0;POINT (13.5714729 52.43517051)
7;2018;4;15;2;3;1;5;0;0;1;0;1;0;0;0;POINT (13.35121524 52.48747239)
11;2018;3;15;3;3;5;3;0;0;1;0;0;0;0;1;POINT (13.48993705 52.52060908)
6;2018;4;10;4;3;5;2;0;0;1;0;0;0;0;0;POINT (13.31296377 52.43043623)
4;2018;4;9;4;3;2;6;0;0;1;0;0;0;0;0;POINT (13.31162955 52.48953581)
1;2018;3;15;3;3;5;3;0;0;1;0;0;0;0;1;POINT (13.386203 52.51367558)
3;2018;3;15;3;3;5;3;0;1;1;0;0;0;0;1;POINT (13.40663012 52.5756598)
2;2018;4;11;2;3;5;2;0;0;1;0;0;0;0;0;POINT (13.42709115 52.49913746)
2;2018;4;8;4;3;5;2;0;0;1;0;0;0;1;0;POINT (13.44062844 52.51707646)
9;2018;3;15;3;2;5;7;0;0;1;0;0;0;1;1;POINT (13.52398278 52.45960194)
10;2018;4;7;4;2;5;2;0;1;1;0;0;0;0;0;POINT (13.59861192 52.53503947)
1;2018;4;13;2;2;0;1;0;1;0;0;0;0;0;0;POINT (13.40011567 52.53109587)
12;2018;3;14;3;3;3;6;0;0;1;0;0;0;0;1;POINT (13.34512118 52.58129039)
5;2018;4;5;4;3;5;7;1;0;1;0;1;0;0;0;POINT (13.15456553 52.53290805)
12;2018;3;13;3;2;5;3;0;0;1;0;1;0;1;1;POINT (13.37825864 52.56552679)
10;2018;4;13;2;3;2;6;0;0;1;0;0;0;0;0;POINT (13.56158328 52.49337984)
4;2018;3;10;3;3;5;3;0;0;1;0;0;0;0;1;POINT (13.32610259 52.53839301)
4;2018;4;22;4;3;9;1;2;0;1;0;0;0;0;1;POINT (13.29724885 52.54800434)
9;2018;3;9;3;3;2;6;0;0;1;0;0;0;0;1;POINT (13.50833576 52.45100886)
3;2018;4;5;4;3;8;1;2;0;1;0;0;0;0;1;POINT (13.42907113 52.55647527)
1;2018;3;9;3;3;5;2;0;1;1;0;0;0;0;1;POINT (13.32999319 52.52378563)
8;2018;3;8;3;3;2;2;0;1;1;0;0;0;0;1;POINT (13.48360021 52.43122205)
8;2018;4;11;2;3;2;6;0;0;1;0;0;0;0;0;POINT (13.44432592 52.46796812)
3;2018;4;0;4;3;0;1;2;1;0;0;0;0;0;1;POINT (13.40740218 52.53636114)
1;2018;3;8;3;3;5;2;0;1;1;0;0;0;0;1;POINT (13.36305473 52.52292427)
5;2018;3;20;3;3;5;3;2;0;1;0;0;0;0;0;POINT (13.12631798 52.46800694)
3;2018;4;13;4;3;5;3;0;0;1;0;0;0;0;0;POINT (13.43482242 52.54287271)
10;2018;4;16;1;3;2;2;0;0;1;0;0;0;0;0;POINT (13.56473604 52.54284975)
6;2018;3;20;3;3;5;3;2;1;1;0;0;0;0;1;POINT (13.25139774 52.41555745)