bez;ujahr;umonat;ustunde;uwochentag;ukategorie;uart;utyp1;ulichtverh;istrad;istpkw;istfuss;istkrad;istgkfz;istsonstige;ustrzustand;geometry
3;2018;4;16;4;3;0;3;0;1;1;0;0;0;0;0;POINT (13.44224128 52.59101973)
7;2018;3;20;3;2;5;7;2;0;1;0;0;0;0;1;POINT (13.42048715 52.46174016)
5;2018;4;10;2;3;2;6;0;0;1;0;0;0;1;0;POINT (13.24106557 52.53863223)
1;2018;4;18;3;3;6;4;0;0;0;1;0;0;1;0;POINT (13.41161828 52.50476302)
12;2018;3;17;3;3;0;6;0;0;1;0;1;0;0;1;POINT (13.33534023 52.59566545)
8;2018;3;17;3;3;5;3;0;0;1;0;0;0;0;1;POINT (13.50245117 52.42479303)
4;2018;4;9;2;3;5;3;0;1;1;0;0;0;0;1;POINT (13.28423845 52.48528408)
4;2018;4;18;3;3;5;2;0;1;1;0;0;0;0;0;POINT (13.33073646 52.49979683)
10;2018;4;17;3;3;2;6;0;0;1;0;0;0;0;0;POINT (13.57376313 52.52713573)
1;2018;3;16;3;3;5;5;0;1;1;0;0;0;0;1;POINT (13.38919368 52.55013865)
7;2018;3;16;3;3;5;3;0;0;1;0;0;0;0;1;POINT (13.3871812 52.45797178)
2;2018;4;20;3;2;5;2;1;0;1;0;1;0;0;0;POINT (13.4349103 52.50448661)
4;2018;3;16;3;3;5;2;0;1;0;0;0;0;1;1;POINT (13.31358713 52.51532336)
1;2018;3;8;2;3;0;6;0;1;1;0;0;0;0;0;POINT (13.41730302 52.52203064)
9;2018;4;17;3;3;0;6;0;0;1;0;1;0;0;0;POINT (13.5983039 52.45258001)
1;2018;4;19;1;3;3;6;1;1;0;0;0;0;0;0;POINT (13.41182226 52.52396765)
2;2018;4;17;3;3;5;3;0;1;1;0;0;0;0;0;POINT (13.45820232 52.49960641)
6;2018;3;23;2;3;5;2;2;0;1;0;0;0;1;0;POINT (13.32639061 52.42762107)
1;2018;4;15;3;3;1;5;0;1;0;0;0;0;1;0;POINT (13.37852738 52.51327001)
1;2018;3;21;2;3;5;2;2;0;0;0;1;0;1;0;POINT (13.37189203 52.5090436)
8;2018;4;16;3;3;5;3;0;0;1;0;0;0;0;0;POINT (13.46822555 52.42776634)
5;2018;3;21;2;3;3;6;2;1;1;0;0;0;0;0;POINT (13.20744612 52.55574407)
9;2018;4;15;3;3;2;6;0;0;1;0;0;0;1;0;POINT (13.53971835 52.3967875)
4;2018;4;15;3;3;1;5;0;0;1;0;0;0;0;0;POINT (13.31113215 52.49707217)
7;2018;4;7;2;2;5;3;0;0;1;0;0;0;0;0;POINT (13.4177002 52.46483068)
8;2018;3;20;2;3;2;7;2;1;1;0;0;0;0;0;POINT (13.43323604 52.4822229)
3;2018;4;15;3;3;2;6;0;0;1;0;0;0;1;0;POINT (13.45770299 52.56144127)
1;2018;4;14;3;3;2;6;0;0;1;0;0;0;0;0;POINT (13.33564538 52.54169397)
7;2018;3;19;2;3;5;3;2;0;1;0;0;0;0;0;POINT (13.41190352 52.40152531)
2;2018;4;14;3;2;5;3;0;1;0;0;0;0;0;0;POINT (13.45096819 52.52694464)
4;2018;4;23;1;3;5;3;2;0;1;0;0;0;0;0;POINT (13.32610175 52.53839948)
4;2018;4;14;3;3;1;7;0;0;0;0;1;0;0;0;POINT (13.33195807 52.50283939)
4;2018;3;19;2;2;5;7;2;0;1;0;1;0;0;0;POINT (13.26526985 52.50409366)
9;2018;4;14;3;3;2;6;0;0;1;0;1;0;0;0;POINT (13.51388225 52.446687)
4;2018;3;19;2;3;1;5;2;1;1;0;0;0;1;0;POINT (13.24110385 52.51043098)
1;2018;4;14;3;2;1;5;0;1;1;0;0;0;0;0;POINT (13.32725984 52.52753937)
8;2018;3;19;2;3;1;5;1;1;1;0;0;0;1;0;POINT (13.43611232 52.48397082)
12;2018;4;14;3;3;5;2;0;0;1;0;0;0;0;0;POINT (13.35385889 52.5620908)
1;2018;4;13;3;3;9;1;0;0;1;0;0;0;0;0;POINT (13.41643525 52.51970521)
11;2018;4;15;2;3;2;6;0;0;1;0;0;0;0;0;POINT (13.49473407 52.54526895)
1;2018;3;18;2;3;6;4;0;1;0;1;0;0;0;0;POINT (13.3651509 52.52581673)
8;2018;4;11;3;3;1;5;0;0;1;0;0;0;0;0;POINT (13.47363957 52.4380951)
12;2018;4;10;3;3;1;5;0;0;1;0;0;0;0;0;POINT (13.29353561 52.626052)
4;2018;3;18;2;3;5;2;0;0;1;0;1;0;0;0;POINT (13.31451365 52.51026615)
7;2018;3;9;2;3;2;6;0;0;1;0;1;0;0;0;POINT (13.34052267 52.49976868)
6;2018;4;13;1;3;6;4;0;0;1;1;0;0;0;0;POINT (13.32729743 52.44856157)
12;2018;4;8;3;2;1;5;0;0;1;0;0;0;0;0;POINT (13.31863767 52.56638934)
11;2018;3;9;2;3;5;3;0;0;1;0;0;0;0;0;POINT (13.49377972 52.5411299)
12;2018;3;4;2;3;8;1;2;0;1;0;0;0;0;0;POINT (13.36561985 52.56294787)
2;2018;4;9;3;3;5;2;0;1;1;0;0;0;0;0;POINT (13.38970239 52.49591504)
8;2018;3;1;2;3;1;5;2;1;1;0;0;0;0;0;POINT (13.4257085 52.478789)
3;2018;3;15;2;3;2;2;0;0;1;0;0;0;1;0;POINT (13.41897479 52.53054326)
1;2018;4;8;3;3;2;6;0;0;1;0;1;0;0;0;POINT (13.40934651 52.52407695)
9;2018;4;8;3;2;6;4;0;0;1;1;0;0;0;0;POINT (13.59971211 52.45195985)
1;2018;4;12;2;3;0;6;0;0;1;0;1;0;0;0;POINT (13.4031196 52.53191657)
1;2018;3;15;2;3;5;3;0;0;1;0;0;0;0;0;POINT (13.3460718 52.54490731)
2;2018;4;20;3;3;0;7;2;1;0;0;0;0;0;0;POINT (13.4519053 52.50839383)
8;2018;3;15;2;3;6;4;0;0;1;1;0;0;0;0;POINT (13.43691828 52.44986688)
12;2018;4;21;3;3;5;2;2;0;1;0;0;0;0;1;POINT (13.33066205 52.56259156)
2;2018;3;14;2;3;5;2;0;1;1;0;0;0;0;0;POINT (13.45876593 52.5064298)
10;2018;3;13;2;3;5;3;0;1;1;0;0;0;0;0;POINT (13.57556318 52.48901948)
7;2018;3;12;2;3;0;4;0;0;0;1;0;0;1;0;POINT (13.41971612 52.39358052)
9;2018;3;13;2;3;5;3;0;0;1;0;0;0;0;0;POINT (13.51927061 52.45401882)
6;2018;4;17;1;3;5;7;0;0;1;0;1;0;0;0;POINT (13.30647931 52.41946046)
5;2018;4;11;3;3;5;2;0;1;0;0;0;0;1;0;POINT (13.23108787 52.53820277)
4;2018;4;14;7;3;1;5;0;1;1;0;0;0;0;0;POINT (13.33611695 52.50008547)
1;2018;4;14;6;3;0;1;0;1;0;0;0;0;0;1;POINT (13.38946009 52.52139119)
7;2018;4;21;2;3;1;5;2;1;1;0;0;0;0;0;POINT (13.35447963 52.49739245)
4;2018;4;22;6;2;0;1;2;1;0;0;0;0;0;0;POINT (13.29993276 52.52293206)
12;2018;4;16;1;3;2;6;0;1;1;0;0;0;0;0;POINT (13.30917665 52.60334532)
10;2018;4;17;5;3;1;5;0;1;1;0;0;0;0;0;POINT (13.60376687 52.48163566)
3;2018;4;1;5;3;0;7;2;0;0;1;0;0;1;1;POINT (13.45075485 52.54843511)
9;2018;4;20;7;3;2;6;2;0;1;0;0;0;1;0;POINT (13.56967968 52.44463256)
7;2018;4;15;5;2;5;2;0;0;1;0;0;0;0;0;POINT (13.38980364 52.43431758)
1;2018;4;14;5;2;5;7;0;0;1;0;0;0;1;0;POINT (13.36925923 52.55709902)
10;2018;4;7;3;3;5;2;0;1;0;0;1;0;0;0;POINT (13.52183901 52.5258731)
2;2018;4;14;7;3;0;2;0;0;1;0;1;0;0;0;POINT (13.41412244 52.49857835)
12;2018;4;17;2;3;5;2;0;0;1;0;0;0;0;0;POINT (13.33994125 52.58805021)
12;2018;4;14;5;2;1;5;0;0;1;0;0;0;0;0;POINT (13.308497 52.59077049)
9;2018;4;16;1;2;5;3;0;0;1;0;0;0;0;1;POINT (13.50630607 52.43752045)
7;2018;4;14;5;3;6;4;0;0;1;1;0;0;0;0;POINT (13.3802177 52.44524612)
1;2018;4;14;5;3;6;4;0;0;0;1;0;0;1;0;POINT (13.37671158 52.51064286)
3;2018;4;18;1;3;2;6;0;0;1;0;0;0;1;1;POINT (13.49393389 52.64307029)
2;2018;4;14;5;3;0;3;0;0;1;0;0;0;1;0;POINT (13.43733602 52.49348986)
1;2018;4;14;5;3;5;3;0;0;1;0;0;0;0;0;POINT (13.42193355 52.50512627)
3;2018;4;15;7;3;5;3;0;1;1;0;0;0;0;0;POINT (13.39373556 52.57267081)
3;2018;4;13;5;3;2;6;0;0;1;0;0;0;1;0;POINT (13.42779753 52.53362711)
9;2018;4;7;2;3;4;2;0;1;1;0;0;0;0;0;POINT (13.55531597 52.43837453)
3;2018;4;13;7;3;0;7;0;1;1;0;0;0;0;1;POINT (13.41230648 52.53114437)
8;2018;4;16;2;3;5;7;0;1;1;0;0;0;0;0;POINT (13.47046271 52.46252353)
12;2018;4;13;5;3;5;3;0;1;1;0;0;0;0;0;POINT (13.30028756 52.57005216)
7;2018;4;14;1;3;6;4;0;1;0;1;0;0;0;0;POINT (13.36189279 52.49799064)
12;2018;4;13;5;3;2;6;0;0;1;0;0;0;1;1;POINT (13.34143285 52.58840864)
11;2018;4;12;5;3;2;6;0;0;1;0;0;0;1;1;POINT (13.51876808 52.50965056)
3;2018;4;0;3;2;5;3;2;0;1;0;0;0;1;0;POINT (13.47704687 52.56689968)
5;2018;4;13;7;3;2;6;0;0;1;0;0;0;0;0;POINT (13.19892318 52.53286564)
4;2018;4;11;5;3;2;6;0;0;1;0;0;0;0;1;POINT (13.29173157 52.49735963)
4;2018;4;8;2;3;5;2;0;0;1;0;0;0;0;0;POINT (13.26612801 52.50226369)
2;2018;4;11;5;2;6;4;0;0;1;1;0;0;0;1;POINT (13.43502069 52.50868257)
4;2018;4;16;3;3;6;4;0;0;1;1;0;0;0;0;POINT (13.30948955 52.51087313)
1;2018;4;13;7;2;5;3;0;1;0;0;0;0;1;0;POINT (13.40559412 52.529388)
7;2018;4;11;5;2;5;3;0;0;1;0;0;1;0;1;POINT (13.37805208 52.40763667)
1;2018;4;10;2;3;1;5;0;1;1;0;0;0;1;0;POINT (13.41426892 52.52752478)
8;2018;4;14;2;3;5;7;0;0;1;0;1;0;0;0;POINT (13.4351308 52.4321145)
2;2018;4;10;5;3;5;2;0;1;1;0;0;0;0;1;POINT (13.43902867 52.49498497)
7;2018;4;9;5;3;5;3;0;1;1;0;0;0;0;1;POINT (13.32896756 52.47250004)
8;2018;4;14;1;2;0;6;0;0;1;0;1;0;0;0;POINT (13.43511277 52.42700637)
11;2018;4;9;5;3;5;3;0;0;1;0;0;0;0;1;POINT (13.49358976 52.54365843)
4;2018;4;9;5;3;0;2;0;1;0;0;0;0;1;1;POINT (13.31645876 52.49908897)
12;2018;4;13;3;3;5;2;0;0;1;0;1;0;0;0;POINT (13.32372039 52.58751138)
9;2018;4;11;7;3;5;3;0;1;1;0;0;0;0;0;POINT (13.66456885 52.41091022)
4;2018;4;8;5;3;2;6;0;0;1;0;0;0;0;1;POINT (13.3199825 52.47876744)
5;2018;4;16;2;3;1;7;0;0;1;0;0;0;0;0;POINT (13.14008856 52.53423088)
12;2018;4;8;5;3;4;7;0;0;1;0;0;0;1;0;POINT (13.26629331 52.57588639)
11;2018;4;20;1;3;9;1;1;0;1;0;0;0;0;1;POINT (13.4923971 52.56516632)
10;2018;4;7;5;3;5;3;0;1;1;0;0;0;0;1;POINT (13.6073185 52.53400383)
7;2018;4;7;5;3;5;3;0;1;1;0;0;0;0;0;POINT (13.35467359 52.49712995)
10;2018;4;13;2;3;5;3;0;1;1;0;0;0;0;0;POINT (13.51926489 52.5307451)
1;2018;4;20;5;3;5;3;2;0;1;0;0;0;0;1;POINT (13.39484648 52.54312534)
7;2018;4;18;5;3;6;4;0;0;1;1;0;0;0;0;POINT (13.41274529 52.44461728)
8;2018;4;10;1;2;5;3;0;1;1;0;0;0;0;1;POINT (13.42897912 52.48836306)
4;2018;4;17;5;3;6;4;0;0;1;1;0;0;0;0;POINT (13.27994243 52.51846704)
4;2018;4;17;5;3;5;3;0;0;1;0;0;0;0;0;POINT (13.33099308 52.50148545)
1;2018;4;9;3;3;2;2;0;0;1;0;0;0;0;0;POINT (13.37527167 52.51181997)
6;2018;4;9;7;3;6;7;0;0;0;1;0;0;1;0;POINT (13.34656522 52.43532861)
7;2018;4;16;5;3;5;3;0;1;1;0;0;0;0;0;POINT (13.3645761 52.4974745)
1;2018;4;19;2;3;1;5;0;1;1;0;0;0;0;0;POINT (13.390125 52.51569656)
1;2018;4;15;5;3;6;7;0;0;1;1;0;0;0;0;POINT (13.40624587 52.51370446)
5;2018;4;21;1;3;1;5;1;0;1;0;0;0;0;0;POINT (13.19969821 52.53522706)
5;2018;4;22;5;2;5;2;2;1;1;0;0;0;0;1;POINT (13.2038572 52.53990269)
1;2018;4;16;5;3;2;6;0;1;1;0;0;0;0;0;POINT (13.38391628 52.55116854)
5;2018;4;16;7;3;0;1;0;0;0;0;1;0;0;0;POINT (13.21926686 52.56016654)
6;2018;4;15;5;2;4;7;0;0;1;0;0;0;0;0;POINT (13.25657039 52.41599435)
3;2018;4;9;3;1;6;2;0;0;1;1;0;0;0;0;POINT (13.48761544 52.61805311)
3;2018;4;4;7;3;5;3;2;0;1;0;0;0;0;0;POINT (13.43040344 52.55125672)
6;2018;4;12;1;3;0;1;0;0;0;0;1;0;0;1;POINT (13.25836502 52.43569875)
12;2018;4;17;5;3;5;2;0;0;1;0;0;0;1;0;POINT (13.35388999 52.56209017)
7;2018;4;17;5;3;5;2;0;0;1;0;0;0;1;0;POINT (13.3730523 52.4248958)
7;2018;4;8;3;3;1;5;0;1;1;0;0;0;0;0;POINT (13.37890496 52.46594331)
8;2018;4;4;7;3;1;5;2;0;1;0;0;0;0;0;POINT (13.44113249 52.43798821)
7;2018;4;18;2;2;2;6;0;0;1;0;1;0;0;0;POINT (13.39081433 52.39514682)
6;2018;4;19;4;3;5;2;1;0;1;0;1;0;0;0;POINT (13.34510181 52.44884609)
2;2018;4;16;1;3;6;4;0;0;1;1;0;0;0;0;POINT (13.4247237 52.49718863)
1;2018;4;9;4;3;6;7;0;1;0;1;0;0;0;0;POINT (13.37894857 52.5282737)
12;2018;4;16;4;3;3;6;0;1;0;0;0;0;0;0;POINT (13.28808662 52.58495925)
9;2018;4;21;4;3;5;3;2;0;1;0;0;0;0;0;POINT (13.61494944 52.45479141)
4;2018;4;9;2;3;2;6;0;1;1;0;0;0;0;0;POINT (13.33959637 52.50348164)
6;2018;4;15;2;3;2;6;0;1;0;0;0;0;1;0;POINT (13.29452443 52.44495106)
12;2018;4;20;4;3;6;4;2;0;1;1;0;0;0;0;POINT (13.35219637 52.59224538)
5;2018;4;13;2;3;6;4;0;1;0;1;0;0;0;0;POINT (13.20022116 52.53683734)
6;2018;4;18;4;3;5;3;0;0;1;0;0;0;0;0;POINT (13.2551774 52.44979759)
7;2018;4;16;1;3;6;4;0;0;1;1;0;0;0;1;POINT (13.37562586 52.45658101)
1;2018;4;18;4;2;5;7;0;0;1;0;1;0;0;0;POINT (13.35271368 52.54313855)
4;2018;4;18;4;3;5;3;0;0;1;0;0;0;0;0;POINT (13.27056985 52.51529911)
2;2018;4;16;3;3;6;4;0;1;0;1;0;0;0;0;POINT (13.3766111 52.48616025)
1;2018;4;17;7;3;0;1;1;0;0;0;1;0;0;0;POINT (13.36756183 52.52601367)
4;2018;4;18;4;3;3;6;0;0;1;0;0;0;0;0;POINT (13.2989798 52.51952624)
8;2018;4;9;2;3;0;3;0;1;0;0;1;0;0;0;POINT (13.44154648 52.48116449)
4;2018;4;14;2;3;2;6;0;0;1;0;1;0;0;0;POINT (13.33067258 52.49540803)
4;2018;4;18;4;3;0;1;0;1;0;0;0;0;0;0;POINT (13.32027097 52.47688732)
10;2018;4;17;4;3;5;3;0;0;1;0;0;0;0;0;POINT (13.60224367 52.53605)
9;2018;4;13;1;3;2;6;0;0;1;0;0;0;0;0;POINT (13.55110389 52.42889955)
12;2018;4;17;4;3;5;2;0;0;1;0;0;0;1;0;POINT (13.36051981 52.59689392)
4;2018;4;11;3;3;2;6;0;1;1;0;0;0;0;0;POINT (13.31286192 52.49971476)
4;2018;4;19;6;2;3;6;0;1;1;0;0;0;0;0;POINT (13.30773103 52.49815106)
9;2018;4;15;1;2;5;3;0;1;1;0;0;0;0;0;POINT (13.44655124 52.49154255)
3;2018;4;17;4;3;6;4;0;0;1;1;0;0;0;0;POINT (13.45390648 52.54782099)
7;2018;4;17;4;2;6;4;0;1;0;1;0;0;0;0;POINT (13.32840143 52.47741998)
1;2018;4;14;3;3;6;4;0;0;0;1;1;0;0;0;POINT (13.37955903 52.5109514)
5;2018;4;19;6;2;6;4;0;0;1;1;0;0;0;0;POINT (13.1978118 52.52020066)
9;2018;4;17;4;3;4;6;0;1;0;0;0;0;0;0;POINT (13.56583542 52.45603097)
4;2018;4;7;2;3;0;2;0;0;1;0;1;0;0;0;POINT (13.28757471 52.48078546)
7;2018;4;16;4;3;1;5;0;1;1;0;0;0;0;0;POINT (13.40727278 52.38666968)
1;2018;4;11;2;3;1;5;0;1;1;0;0;0;0;0;POINT (13.38105075 52.5228201)
12;2018;4;16;4;2;2;7;0;0;1;0;1;0;1;0;POINT (13.33123607 52.56213279)
5;2018;4;12;4;3;5;2;0;1;1;0;0;0;0;0;POINT (13.19940903 52.5346305)
3;2018;4;7;1;3;5;3;0;1;0;0;0;0;1;1;POINT (13.45288305 52.53381248)
1;2018;4;12;4;3;5;3;0;0;1;0;1;0;0;0;POINT (13.33546984 52.52710058)
5;2018;4;12;4;2;2;7;0;1;1;0;0;0;0;0;POINT (13.20156854 52.5368661)
4;2018;4;8;3;3;2;6;0;1;1;0;0;0;0;0;POINT (13.29207392 52.49725129)
7;2018;4;19;6;3;5;2;0;0;1;0;0;0;0;0;POINT (13.40792527 52.4525416)
11;2018;4;18;2;3;5;3;0;1;1;0;0;0;0;0;POINT (13.49488012 52.50069893)
4;2018;4;11;4;3;6;2;0;0;1;1;0;0;0;0;POINT (13.2851006 52.47959169)
12;2018;4;18;1;3;0;2;0;0;1;0;1;0;0;0;POINT (13.32970138 52.56317778)
6;2018;4;11;4;2;5;3;0;0;1;0;0;0;0;0;POINT (13.26756208 52.42887857)
10;2018;4;10;4;2;5;2;0;0;1;0;0;0;0;0;POINT (13.51886668 52.53283519)
1;2018;4;21;2;3;5;2;2;0;0;0;1;0;1;0;POINT (13.38041773 52.51820607)
4;2018;4;10;4;2;5;2;0;1;1;0;0;0;0;0;POINT (13.31394104 52.49040678)
8;2018;4;10;1;3;1;5;0;1;1;0;0;0;0;1;POINT (13.46285975 52.42230525)
9;2018;4;10;4;2;5;2;0;0;1;0;1;0;0;0;POINT (13.62628827 52.46029915)
11;2018;4;14;4;3;3;6;0;0;1;0;1;0;0;0;POINT (13.49899995 52.53417666)
4;2018;4;21;7;3;2;6;2;0;1;0;0;0;0;0;POINT (13.27290454 52.54008896)
4;2018;4;9;4;3;3;6;0;1;1;0;0;0;0;0;POINT (13.33126039 52.4951674)
3;2018;4;15;4;2;2;2;0;0;1;0;1;0;0;0;POINT (13.40173182 52.58855048)
8;2018;4;7;3;3;1;5;0;1;1;0;0;0;0;0;POINT (13.44433034 52.45468392)
7;2018;4;16;6;2;0;6;0;0;1;0;1;0;0;1;POINT (13.39962626 52.45506586)
9;2018;4;17;2;3;5;7;0;0;1;0;1;0;0;0;POINT (13.47806209 52.45479287)
3;2018;4;8;4;3;2;6;0;0;0;0;1;0;1;0;POINT (13.45833608 52.52914769)
4;2018;4;16;1;3;5;3;0;1;1;0;0;0;0;0;POINT (13.27432225 52.51555322)
6;2018;4;8;4;3;1;5;0;1;1;0;0;0;0;0;POINT (13.23431695 52.43851587)
5;2018;4;13;4;2;0;7;0;0;1;0;0;0;0;0;POINT (13.21708724 52.52878379)
1;2018;4;15;6;3;5;2;0;1;1;0;0;0;0;0;POINT (13.40007369 52.50955558)
4;2018;4;7;4;3;6;4;0;0;1;1;0;0;0;0;POINT (13.31104894 52.49917247)
12;2018;4;8;4;3;5;2;0;1;1;0;0;0;0;0;POINT (13.31527026 52.57783864)
7;2018;4;18;7;3;2;2;0;0;1;0;0;0;0;0;POINT (13.34629951 52.5012367)
4;2018;4;7;4;3;1;5;0;1;1;0;0;0;0;0;POINT (13.31795358 52.49173461)
7;2018;4;11;2;3;1;7;0;0;1;0;0;0;0;0;POINT (13.36465395 52.49089992)
4;2018;4;15;6;3;5;2;0;1;1;0;0;0;0;1;POINT (13.30954819 52.47870573)
4;2018;4;16;2;3;5;7;0;0;1;0;1;0;0;0;POINT (13.333019 52.50517317)
4;2018;4;7;4;3;2;6;0;0;1;0;0;0;0;0;POINT (13.28808277 52.513049)
1;2018;4;21;4;2;4;1;2;1;0;0;0;0;1;0;POINT (13.39137256 52.53192255)
7;2018;4;16;1;3;2;6;0;0;1;0;1;0;0;1;POINT (13.34602374 52.49610308)
4;2018;4;12;4;3;8;1;0;0;1;0;0;0;0;0;POINT (13.31260772 52.50629186)
12;2018;4;15;4;3;5;2;0;1;1;0;0;0;0;0;POINT (13.23334628 52.61600638)
1;2018;4;9;4;3;0;1;0;1;0;0;0;0;0;0;POINT (13.39332434 52.524877)
7;2018;4;15;4;3;2;6;0;1;1;0;0;0;0;0;POINT (13.3547574 52.49004415)
11;2018;4;16;3;3;5;2;0;1;1;0;0;0;0;0;POINT (13.54942194 52.56875285)
1;2018;4;15;4;2;5;3;0;0;1;0;1;0;0;0;POINT (13.39894894 52.50822758)
4;2018;4;13;6;3;5;2;0;0;1;0;0;0;0;1;POINT (13.30815402 52.47786561)
2;2018;4;18;3;3;3;2;0;1;1;0;0;0;0;0;POINT (13.43020263 52.51034762)
1;2018;4;20;4;3;6;4;2;0;1;1;0;0;0;0;POINT (13.36984547 52.52420212)
1;2018;4;9;2;2;6;4;0;0;1;1;0;0;0;0;POINT (13.3969782 52.5385389)
1;2018;4;16;3;3;5;2;1;1;1;0;0;0;0;0;POINT (13.4198208 52.51485418)
5;2018;4;20;4;2;1;5;2;1;1;0;0;0;0;0;POINT (13.19765697 52.52319801)
10;2018;4;13;2;3;5;2;0;0;1;0;0;0;1;0;POINT (13.60083867 52.47905026)
7;2018;4;18;3;2;6;4;1;0;1;1;0;0;0;0;POINT (13.34294506 52.49230372)
7;2018;4;10;2;2;5;2;0;0;1;0;1;0;0;0;POINT (13.35359229 52.50090862)
7;2018;4;15;4;3;6;2;0;0;1;1;0;0;0;0;POINT (13.38890666 52.39842651)
9;2018;4;14;2;3;5;3;0;1;1;0;0;0;0;0;POINT (13.54530529 52.42564933)
10;2018;4;16;3;3;6;6;0;1;0;1;0;0;0;0;POINT (13.62108057 52.50606675)
1;2018;4;7;3;3;0;1;0;0;0;0;1;0;0;1;POINT (13.37932582 52.52248818)
10;2018;4;15;4;2;5;3;0;0;1;0;0;0;1;0;POINT (13.61134309 52.47799701)
9;2018;4;15;1;3;6;4;0;0;1;1;0;0;0;0;POINT (13.57799839 52.4203597)
6;2018;4;14;3;2;0;3;0;1;0;0;0;1;0;0;POINT (13.31236334 52.42983808)
1;2018;4;15;3;3;1;5;0;1;1;0;0;0;0;0;POINT (13.3869252 52.55952067)
9;2018;4;14;4;3;5;2;0;1;1;0;0;0;0;0;POINT (13.69385502 52.43867636)
9;2018;4;6;3;3;5;2;0;0;1;0;1;0;0;0;POINT (13.48261826 52.46191786)
2;2018;4;13;4;3;3;6;0;1;1;0;0;0;0;0;POINT (13.3852305 52.50229273)
9;2018;4;11;6;3;5;3;0;0;0;0;1;0;1;0;POINT (13.55007733 52.39956944)
5;2018;4;15;3;3;2;6;0;0;1;0;1;0;0;0;POINT (13.26743322 52.53093996)
8;2018;4;19;4;3;1;5;0;1;1;0;0;0;0;0;POINT (13.4249344 52.48138585)
8;2018;4;14;2;3;5;3;0;1;1;0;0;0;0;0;POINT (13.43477155 52.46611908)
8;2018;4;15;3;3;6;4;0;0;0;1;0;0;1;0;POINT (13.46491131 52.47030933)
1;2018;4;19;4;3;5;7;0;0;1;0;1;0;0;0;POINT (13.39540452 52.52437152)
2;2018;4;8;1;3;5;3;0;1;1;0;0;0;0;0;POINT (13.40794961 52.48917199)
9;2018;4;16;3;3;3;6;0;0;1;0;1;0;0;0;POINT (13.53092453 52.43506397)
4;2018;4;16;3;3;0;2;0;0;1;0;0;0;1;0;POINT (13.30252767 52.54800294)
6;2018;4;19;4;2;5;2;0;1;1;0;0;0;0;0;POINT (13.26755653 52.4089806)
1;2018;4;6;1;2;5;3;0;1;1;0;0;0;0;0;POINT (13.37098865 52.51109421)
8;2018;4;14;3;3;5;2;0;0;1;0;0;0;0;0;POINT (13.46013085 52.43184547)
4;2018;4;14;3;2;3;6;0;0;1;0;1;0;0;0;POINT (13.33026831 52.50036832)
7;2018;4;18;4;3;6;2;0;0;1;1;0;0;0;0;POINT (13.38450235 52.44925372)
12;2018;4;8;3;3;3;6;0;0;1;0;1;0;0;0;POINT (13.30680895 52.55483831)
8;2018;4;13;3;3;5;3;0;0;1;0;0;0;0;0;POINT (13.44319969 52.47058899)
4;2018;4;18;4;3;6;4;0;0;0;1;0;0;1;0;POINT (13.30198183 52.51897613)
9;2018;4;12;1;3;6;7;0;0;1;1;0;0;0;1;POINT (13.49793895 52.43814529)
5;2018;4;13;3;3;5;2;0;0;1;0;0;0;1;0;POINT (13.24775235 52.53808622)
5;2018;4;13;4;3;6;7;0;1;0;1;0;0;0;0;POINT (13.20526546 52.53779727)
4;2018;4;10;3;2;5;2;0;0;1;0;0;0;0;0;POINT (13.30634303 52.47680921)
7;2018;4;9;6;3;1;5;0;1;1;0;0;0;0;1;POINT (13.35868814 52.49044549)
1;2018;4;13;3;3;5;3;0;1;1;0;0;0;0;0;POINT (13.42661546 52.50575927)
12;2018;4;12;4;3;8;1;0;0;1;0;0;0;0;0;POINT (13.30341251 52.6196727)
1;2018;4;18;2;3;5;2;0;1;1;0;0;0;0;0;POINT (13.3159815 52.5257966)
5;2018;4;12;3;2;3;6;0;0;1;0;1;0;0;0;POINT (13.19114719 52.53639066)
3;2018;4;17;4;3;6;4;0;0;1;1;0;0;0;0;POINT (13.43433705 52.54582309)
1;2018;4;23;1;3;1;5;2;1;1;0;0;0;0;0;POINT (13.38965919 52.5118394)
1;2018;4;11;3;3;2;6;0;0;1;0;0;0;0;0;POINT (13.3301661 52.52380593)
5;2018;4;10;3;3;1;5;0;0;1;0;0;0;0;0;POINT (13.14950502 52.53524095)
6;2018;4;12;4;3;5;2;0;1;0;0;1;0;0;0;POINT (13.2741402 52.43543619)
8;2018;4;19;7;3;6;7;0;0;1;1;0;0;0;0;POINT (13.43498614 52.46592404)
10;2018;4;9;3;2;6;4;0;0;1;1;0;0;0;0;POINT (13.53745923 52.53448357)
6;2018;4;9;3;3;0;5;0;1;1;0;0;0;0;0;POINT (13.31466755 52.46400202)
2;2018;4;17;4;3;3;2;0;0;0;0;1;1;0;0;POINT (13.43007376 52.50346594)
2;2018;4;21;3;3;1;5;2;1;1;0;0;0;0;0;POINT (13.41967815 52.50181814)
2;2018;4;21;6;3;5;2;2;1;1;0;0;0;0;0;POINT (13.47490832 52.51129953)
11;2018;4;12;4;3;1;5;0;0;1;0;0;0;0;0;POINT (13.49882939 52.5632337)