bez;ujahr;umonat;ustunde;uwochentag;ukategorie;uart;utyp1;ulichtverh;istrad;istpkw;istfuss;istkrad;istgkfz;istsonstige;ustrzustand;geometry
9;2018;4;17;2;3;5;7;0;0;0;0;1;0;1;0;POINT (13.58836816 52.44016142)
12;2018;4;9;3;3;5;2;0;1;1;0;0;0;0;0;POINT (13.36267068 52.56659035)
8;2018;4;22;6;3;5;2;2;1;1;0;0;0;0;0;POINT (13.43513106 52.49115518)
9;2018;4;12;4;3;0;4;0;1;0;1;0;0;0;0;POINT (13.51399906 52.4622329)
4;2018;4;18;2;3;5;3;0;1;1;0;0;0;0;0;POINT (13.28424564 52.48528064)
8;2018;4;8;3;3;0;1;0;0;1;0;1;0;0;0;POINT (13.44603442 52.43693361)
10;2018;4;16;4;3;5;2;0;0;1;0;1;0;0;0;POINT (13.56188754 52.4938277)
11;2018;4;17;1;3;5;2;0;1;1;0;0;0;0;1;POINT (13.49951578 52.52288643)
3;2018;4;8;3;3;0;1;0;0;0;0;1;0;0;1;POINT (13.40536638 52.59068197)
9;2018;4;12;4;3;1;5;0;0;1;0;0;0;0;0;POINT (13.58334002 52.43276746)
9;2018;4;8;3;3;2;6;0;0;1;0;0;0;0;0;POINT (13.47772572 52.45787425)
10;2018;4;16;4;3;5;3;0;0;1;0;0;0;0;0;POINT (13.53846366 52.52471591)
11;2018;4;11;4;2;1;5;0;0;1;0;0;0;0;0;POINT (13.45865518 52.5270244)
4;2018;4;14;7;3;0;1;0;1;1;0;0;0;0;0;POINT (13.26847271 52.49581756)
6;2018;4;7;3;3;6;2;0;0;1;1;0;0;0;0;POINT (13.27248964 52.43718819)
1;2018;4;16;4;3;1;5;0;1;0;0;0;0;1;0;POINT (13.41789231 52.51464964)
11;2018;4;17;2;3;5;2;0;1;0;0;0;0;1;0;POINT (13.47535213 52.5019248)
10;2018;4;11;4;3;5;3;0;1;1;0;0;0;0;0;POINT (13.55970322 52.4795079)
5;2018;4;15;2;2;6;2;0;0;1;1;0;0;0;0;POINT (13.19546455 52.53358291)
7;2018;4;23;3;3;5;2;2;0;1;0;0;0;0;0;POINT (13.3463013 52.50102124)
4;2018;4;16;4;3;1;5;0;0;1;0;1;0;0;0;POINT (13.30578023 52.47650039)
10;2018;4;16;1;3;2;2;0;0;1;0;0;0;1;0;POINT (13.53863199 52.52475053)
9;2018;4;7;3;2;5;2;0;0;1;0;1;0;0;1;POINT (13.55220449 52.43941532)
3;2018;4;11;4;3;5;3;0;1;1;0;0;0;0;0;POINT (13.42744211 52.56055615)
1;2018;4;7;3;3;5;3;0;0;1;0;0;0;0;0;POINT (13.35892673 52.54398097)
4;2018;4;11;4;3;3;6;0;0;1;0;1;0;0;0;POINT (13.3365578 52.50410338)
10;2018;4;15;3;3;6;7;0;1;0;1;0;0;0;0;POINT (13.59246882 52.54721828)
10;2018;4;16;4;3;0;1;0;0;0;0;1;0;0;0;POINT (13.61208315 52.51455209)
4;2018;4;11;4;2;3;6;0;0;1;0;0;0;1;0;POINT (13.28958858 52.49693238)
6;2018;4;16;1;3;8;1;0;0;1;0;0;0;0;1;POINT (13.18432168 52.42406322)
1;2018;4;21;3;3;5;2;2;1;1;0;0;0;0;0;POINT (13.3830772 52.53054895)
3;2018;4;11;4;2;1;5;0;0;1;0;1;0;0;0;POINT (13.43124398 52.57133042)
4;2018;4;4;3;3;5;3;2;0;1;0;0;0;1;0;POINT (13.29534175 52.53955618)
3;2018;4;11;4;3;5;3;0;1;1;0;0;0;0;0;POINT (13.441907 52.55026042)
10;2018;4;16;3;3;5;2;0;1;1;0;0;0;0;0;POINT (13.57272261 52.54999929)
10;2018;4;10;4;2;6;4;0;0;1;1;0;0;0;0;POINT (13.53933064 52.53447745)
6;2018;4;16;6;2;0;3;0;1;0;0;0;0;1;0;POINT (13.22035044 52.43175111)
10;2018;4;20;3;3;5;3;2;0;1;0;0;1;0;0;POINT (13.5717112 52.54622453)
8;2018;4;9;4;3;0;1;0;1;0;0;0;0;0;0;POINT (13.4380023 52.48813726)
6;2018;4;9;2;3;5;3;0;0;1;0;0;0;0;0;POINT (13.31990398 52.42800761)
2;2018;4;9;4;3;5;2;0;1;0;0;0;0;1;0;POINT (13.42700523 52.51181501)
2;2018;4;14;2;2;5;7;0;0;1;0;1;0;0;0;POINT (13.4270552 52.49905395)
4;2018;4;18;3;3;3;6;0;1;1;0;0;0;0;0;POINT (13.29344171 52.49746184)
3;2018;4;18;3;2;6;7;0;0;1;1;0;0;0;0;POINT (13.39741982 52.59312426)
6;2018;4;9;4;3;2;6;0;1;1;0;0;0;0;0;POINT (13.22908002 52.42579647)
7;2018;4;13;1;3;0;5;0;1;0;0;0;0;1;0;POINT (13.35364584 52.49475298)
4;2018;4;18;3;3;2;2;0;0;1;0;0;0;0;0;POINT (13.29967294 52.51974224)
3;2018;4;8;4;3;5;7;0;0;1;0;1;0;0;0;POINT (13.41662399 52.53235606)
12;2018;4;11;3;2;1;5;0;0;1;0;1;0;0;0;POINT (13.22690406 52.5841246)
1;2018;4;9;6;2;2;6;0;0;1;0;0;0;0;1;POINT (13.33883842 52.52638929)
2;2018;4;18;3;3;5;2;0;1;0;0;0;0;1;0;POINT (13.42242647 52.49904641)
7;2018;4;8;4;3;5;2;0;0;1;0;0;0;1;0;POINT (13.40800412 52.4524906)
2;2018;4;23;2;3;2;6;2;1;1;0;0;0;1;0;POINT (13.4566747 52.50223171)
12;2018;4;18;3;3;5;2;0;0;1;0;0;0;0;0;POINT (13.28428136 52.59449585)
1;2018;4;22;6;3;2;2;2;1;1;0;0;0;0;0;POINT (13.36160331 52.54493205)
8;2018;4;17;3;3;5;2;0;1;1;0;0;0;0;0;POINT (13.43435779 52.49034304)
3;2018;4;8;4;2;5;2;0;0;1;0;1;0;0;0;POINT (13.41872963 52.54950931)
3;2018;4;8;2;3;2;6;0;0;1;0;0;1;0;0;POINT (13.42944924 52.55660664)
2;2018;4;17;3;3;5;2;0;1;1;0;0;0;0;0;POINT (13.42966933 52.52107059)
1;2018;4;8;4;3;6;4;0;0;1;1;0;0;0;0;POINT (13.38813667 52.52735982)
12;2018;4;12;2;3;2;6;0;0;1;0;0;0;0;0;POINT (13.36287686 52.56229692)
9;2018;4;17;3;3;5;2;0;1;1;0;0;0;0;0;POINT (13.54694096 52.4315048)
11;2018;4;16;3;3;2;6;0;0;1;0;1;0;0;0;POINT (13.49644839 52.5427192)
7;2018;4;8;4;2;0;3;0;1;0;0;0;0;0;0;POINT (13.37018021 52.48806391)
11;2018;4;9;1;3;5;2;0;1;0;0;0;0;1;1;POINT (13.52433235 52.55984278)
1;2018;4;7;2;3;0;2;0;1;1;0;0;0;0;0;POINT (13.37190523 52.50900311)
11;2018;4;19;2;3;5;3;1;0;1;0;0;0;0;0;POINT (13.49278074 52.56679591)
3;2018;4;7;4;3;5;2;0;1;1;0;0;0;0;0;POINT (13.44116528 52.54953623)
6;2018;4;8;3;3;5;3;0;1;1;0;0;0;0;0;POINT (13.30524154 52.46460263)
12;2018;4;8;6;3;0;5;0;0;1;0;1;0;0;0;POINT (13.29728114 52.597862)
4;2018;4;18;2;3;3;6;0;0;1;0;0;1;0;0;POINT (13.29985439 52.52144354)
1;2018;4;7;4;3;2;3;0;0;1;0;0;0;0;0;POINT (13.32978849 52.53289997)
3;2018;4;19;2;3;1;5;0;1;1;0;0;0;1;0;POINT (13.45438439 52.53228041)
11;2018;4;18;2;3;0;2;0;1;1;0;0;0;0;0;POINT (13.50801998 52.56444571)
3;2018;4;7;4;3;2;5;0;1;1;0;0;0;0;0;POINT (13.39358605 52.58163132)
3;2018;4;21;1;2;9;1;2;0;1;0;0;0;0;0;POINT (13.44436845 52.57431811)
1;2018;4;18;2;3;1;5;0;1;1;0;0;0;0;0;POINT (13.41697142 52.52397657)
5;2018;4;18;2;3;5;2;0;0;1;0;1;0;0;0;POINT (13.18282636 52.51283592)
1;2018;4;7;4;3;2;6;0;0;1;0;0;0;0;0;POINT (13.35321188 52.55089195)
12;2018;4;18;7;3;5;7;0;0;1;0;0;0;0;0;POINT (13.34644591 52.61467209)
4;2018;4;22;4;3;5;3;2;0;1;0;0;0;0;0;POINT (13.29957302 52.49401031)
2;2018;4;8;1;3;0;2;0;1;1;0;0;0;0;1;POINT (13.39679855 52.4877594)
8;2018;4;19;2;3;5;3;0;0;1;0;1;0;0;0;POINT (13.43997881 52.48168793)
4;2018;4;15;2;3;2;6;0;0;1;0;0;0;0;0;POINT (13.29710582 52.52674253)
1;2018;4;16;3;3;2;6;0;1;1;0;0;0;0;0;POINT (13.39802689 52.51754376)
8;2018;4;17;7;3;2;6;0;1;1;0;0;0;0;0;POINT (13.43772533 52.47870479)
12;2018;4;20;2;2;5;7;0;0;1;0;1;0;0;0;POINT (13.33547915 52.59567303)
3;2018;4;19;2;3;5;2;1;1;1;0;0;0;0;0;POINT (13.41315591 52.54768283)
2;2018;4;20;3;3;1;5;2;1;1;0;0;0;0;0;POINT (13.41966808 52.50180398)
1;2018;4;7;3;3;0;2;0;1;0;0;1;0;0;0;POINT (13.35499115 52.51805778)
6;2018;4;13;6;3;2;6;0;0;1;0;0;0;1;1;POINT (13.29689835 52.44277632)
10;2018;4;16;3;3;3;6;0;0;1;0;0;0;0;0;POINT (13.60373754 52.546779)
1;2018;4;18;2;3;1;5;0;1;1;0;0;0;0;0;POINT (13.37518482 52.53686229)
3;2018;4;19;2;3;5;2;2;1;1;0;0;0;0;0;POINT (13.42792712 52.54551353)
1;2018;4;1;3;3;6;4;2;0;1;1;1;0;0;0;POINT (13.33453414 52.5305443)
1;2018;4;17;1;2;6;4;0;1;0;1;0;0;0;1;POINT (13.37242151 52.55696945)
2;2018;4;19;2;3;5;2;1;1;1;0;0;0;0;0;POINT (13.4077508 52.50002333)
4;2018;4;21;3;3;0;3;2;1;1;0;0;0;0;0;POINT (13.32587887 52.5066567)
4;2018;4;19;2;3;6;4;0;0;0;1;0;0;1;0;POINT (13.30570974 52.50987114)
1;2018;4;16;3;3;2;6;0;0;1;0;0;0;0;0;POINT (13.34158205 52.50509045)
5;2018;4;18;3;3;5;3;0;1;1;0;0;0;0;0;POINT (13.12406926 52.47366462)
7;2018;4;13;6;3;2;6;0;0;1;0;0;0;1;1;POINT (13.37613999 52.45482036)
8;2018;4;19;2;3;2;3;0;1;1;0;0;0;0;0;POINT (13.43370879 52.48206308)
9;2018;4;14;3;3;2;6;0;1;0;0;0;0;1;0;POINT (13.5863872 52.44076732)
1;2018;4;11;2;3;5;2;0;1;1;0;0;0;0;0;POINT (13.35147068 52.5097022)
1;2018;4;21;3;3;2;6;2;0;1;0;0;0;1;0;POINT (13.41635919 52.5217091)
10;2018;4;17;2;3;0;3;0;0;1;0;1;0;0;0;POINT (13.55957271 52.47940418)
1;2018;4;19;3;3;5;2;0;1;0;0;0;0;0;0;POINT (13.40378503 52.52892466)
5;2018;4;20;2;3;2;6;2;0;1;0;0;0;0;0;POINT (13.19755031 52.53209653)
7;2018;4;20;6;3;5;3;2;0;1;0;0;0;0;0;POINT (13.39222538 52.46700484)
7;2018;4;18;3;2;1;1;0;0;1;0;0;1;1;0;POINT (13.40414127 52.44890358)
12;2018;4;16;2;3;2;6;0;0;1;0;0;0;0;0;POINT (13.32607206 52.57572119)
9;2018;4;17;2;3;5;2;0;1;1;0;0;0;0;0;POINT (13.50432214 52.45480455)
7;2018;4;18;3;3;2;6;0;0;1;0;0;0;1;0;POINT (13.36563687 52.47325845)
2;2018;4;16;1;3;5;2;0;1;1;0;0;0;0;1;POINT (13.39070028 52.4959138)
4;2018;4;17;2;3;6;4;0;1;0;1;0;0;0;0;POINT (13.26055847 52.51668438)
10;2018;4;17;3;3;2;6;0;0;1;0;0;0;0;0;POINT (13.51947586 52.51920431)
2;2018;4;17;2;3;5;2;0;0;1;0;0;0;0;0;POINT (13.37669883 52.49153331)
1;2018;4;17;3;3;2;2;0;1;1;0;0;0;0;0;POINT (13.41403713 52.50787546)
1;2018;4;6;3;3;3;6;0;0;1;0;1;0;0;0;POINT (13.32847944 52.53213321)
7;2018;4;17;3;2;2;6;0;0;1;0;1;0;1;0;POINT (13.36457443 52.41149827)
9;2018;4;19;6;2;9;1;0;0;0;0;1;0;0;0;POINT (13.51824237 52.4326715)
11;2018;4;16;2;3;2;6;0;0;1;0;0;1;1;0;POINT (13.4829448 52.50030703)
3;2018;4;17;3;3;5;2;0;1;1;0;0;0;0;0;POINT (13.41315591 52.54768283)
12;2018;4;9;2;3;6;6;0;0;1;1;0;0;0;0;POINT (13.33490214 52.59564152)
9;2018;4;17;3;3;1;5;0;1;1;0;0;0;0;0;POINT (13.52859527 52.4226865)
6;2018;4;14;2;3;5;3;0;1;1;0;0;0;0;0;POINT (13.20659339 52.43414711)
5;2018;4;7;2;2;6;4;0;0;1;1;0;0;0;0;POINT (13.17901724 52.53384583)
6;2018;4;7;2;3;2;2;0;0;1;0;1;0;0;0;POINT (13.33383523 52.44611187)
2;2018;4;17;3;3;0;2;0;0;1;0;1;0;0;0;POINT (13.4286762 52.51888152)
2;2018;4;13;1;3;6;2;0;0;1;1;0;0;0;0;POINT (13.43820674 52.5002322)
9;2018;4;8;2;3;2;6;0;0;1;0;0;0;0;0;POINT (13.55917883 52.4466127)
1;2018;4;15;2;3;5;3;0;0;1;0;0;0;0;0;POINT (13.3598407 52.52345931)
11;2018;4;8;2;3;0;2;0;1;1;0;0;0;0;0;POINT (13.51965326 52.50585126)
10;2018;4;17;3;3;2;7;0;0;1;0;1;0;0;0;POINT (13.60304464 52.53672511)
11;2018;4;14;1;3;5;2;0;1;0;0;1;0;0;0;POINT (13.4883277 52.50055713)
7;2018;4;16;2;2;5;3;0;1;1;0;0;0;0;0;POINT (13.40474332 52.39359734)
10;2018;4;16;2;3;5;3;0;1;1;0;0;0;0;0;POINT (13.62015911 52.48849027)
11;2018;4;17;3;3;6;2;0;0;1;1;0;0;0;0;POINT (13.45905506 52.52608795)
6;2018;4;14;3;3;0;1;0;0;0;1;1;0;1;0;POINT (13.27365876 52.40992574)
4;2018;4;16;3;2;5;3;0;1;1;0;0;0;0;0;POINT (13.28741992 52.47573118)
11;2018;4;15;6;3;0;1;0;0;0;0;1;0;0;1;POINT (13.48500872 52.54019073)
3;2018;4;16;2;3;5;2;0;0;1;0;0;0;0;0;POINT (13.43274736 52.59617484)
11;2018;4;16;3;3;2;2;0;1;1;0;0;0;0;0;POINT (13.47355275 52.5361932)
2;2018;4;7;2;2;5;2;0;1;1;0;0;0;0;0;POINT (13.43041656 52.49922016)
6;2018;4;16;2;3;2;6;0;0;1;0;0;0;0;0;POINT (13.26749635 52.40812819)
11;2018;4;16;3;3;2;7;0;1;1;0;0;0;0;0;POINT (13.48262273 52.51610233)
4;2018;4;19;2;3;0;6;0;0;1;0;0;0;1;0;POINT (13.30777823 52.50657994)
8;2018;4;11;2;3;5;2;0;1;1;0;0;0;0;0;POINT (13.45560082 52.4531184)
11;2018;4;11;2;3;5;3;0;1;1;0;0;0;0;0;POINT (13.53135339 52.49269844)
3;2018;4;7;1;3;5;3;0;0;1;0;0;0;1;1;POINT (13.42089987 52.55398164)
4;2018;4;16;2;2;5;2;0;0;1;0;1;0;0;0;POINT (13.3183168 52.51867516)
11;2018;4;15;2;3;5;2;0;1;1;0;0;0;0;0;POINT (13.51234594 52.56293633)
5;2018;4;8;3;3;0;1;0;0;1;0;1;0;0;0;POINT (13.21403501 52.5317374)
4;2018;4;18;2;3;5;3;0;1;1;0;0;0;0;0;POINT (13.28085906 52.47692728)
5;2018;4;17;4;3;5;2;0;0;1;0;0;0;0;1;POINT (13.18234984 52.53843529)
11;2018;4;14;1;2;6;4;0;0;1;1;0;0;0;0;POINT (13.4995646 52.52302777)
1;2018;4;14;1;3;1;5;0;0;0;0;1;0;1;0;POINT (13.40223893 52.52965999)
8;2018;4;17;4;3;5;2;0;0;1;0;0;0;0;0;POINT (13.50345317 52.41162026)
1;2018;4;12;1;3;2;6;0;1;1;0;0;0;0;0;POINT (13.35514858 52.50177948)
7;2018;4;16;4;2;5;3;0;1;1;0;0;0;0;0;POINT (13.34573673 52.50006886)
4;2018;4;12;1;2;1;5;0;1;1;0;0;1;0;0;POINT (13.32741131 52.50858448)
12;2018;4;16;4;3;1;5;0;0;1;0;0;0;0;1;POINT (13.29696048 52.57340435)
3;2018;4;10;1;3;5;7;0;0;1;0;0;1;0;0;POINT (13.40068774 52.58042619)
7;2018;4;10;1;3;2;6;0;0;1;0;0;0;0;0;POINT (13.37827874 52.46694625)
2;2018;4;10;1;3;1;5;0;1;1;0;0;0;0;0;POINT (13.41734863 52.49071404)
4;2018;4;10;1;2;5;2;0;0;1;0;0;0;1;0;POINT (13.33118563 52.50371194)
1;2018;4;16;4;3;6;7;0;0;1;1;0;0;0;1;POINT (13.34572524 52.5066838)
12;2018;4;9;1;3;5;3;0;0;1;0;0;0;0;1;POINT (13.27521531 52.62690821)
5;2018;4;16;4;3;3;6;0;0;0;0;1;1;0;1;POINT (13.20835181 52.56184607)
7;2018;4;15;4;3;6;4;0;0;1;1;0;0;0;1;POINT (13.3793857 52.45145557)
3;2018;4;15;4;3;1;5;0;0;1;0;0;0;0;0;POINT (13.41699547 52.56674614)
5;2018;4;8;1;2;5;2;0;0;1;0;1;0;0;1;POINT (13.14796586 52.53276514)
1;2018;4;15;4;2;1;5;0;1;1;0;0;0;0;1;POINT (13.38169372 52.51471967)
8;2018;4;15;4;3;5;2;0;1;1;0;0;0;0;1;POINT (13.4350343 52.46099631)
11;2018;4;15;4;3;5;3;1;1;1;0;0;0;0;1;POINT (13.51588612 52.55815138)
5;2018;4;8;1;3;1;5;0;0;1;0;0;0;0;1;POINT (13.15979341 52.5284622)
7;2018;4;15;4;3;0;2;0;0;1;0;1;0;0;1;POINT (13.37503103 52.4451572)
7;2018;4;8;1;3;5;2;0;1;0;0;0;0;1;0;POINT (13.33277164 52.4690125)
9;2018;4;7;1;3;2;3;0;1;1;0;0;1;0;0;POINT (13.51338792 52.46793472)
4;2018;4;14;4;3;5;2;0;0;1;0;0;0;0;0;POINT (13.31268799 52.48047408)
11;2018;4;5;1;3;2;6;1;0;1;0;0;0;0;0;POINT (13.49258485 52.51197483)
5;2018;4;13;4;3;5;2;0;0;1;0;0;0;0;0;POINT (13.16536483 52.5511346)
12;2018;4;18;1;3;0;1;0;1;0;0;0;0;0;0;POINT (13.30858073 52.60305895)
1;2018;4;12;4;3;0;2;0;1;1;0;0;0;0;1;POINT (13.34251594 52.5241566)
4;2018;4;12;4;2;0;6;0;0;1;0;1;0;0;1;POINT (13.32471305 52.51720973)
3;2018;4;15;1;3;0;1;0;0;0;0;1;0;0;0;POINT (13.44841101 52.58462517)
11;2018;4;11;4;3;5;3;0;0;1;0;1;0;0;1;POINT (13.56305288 52.57194501)
11;2018;4;12;1;3;0;1;0;1;0;0;0;0;0;0;POINT (13.52614434 52.49325368)
3;2018;4;11;4;3;5;2;0;1;1;0;0;0;0;1;POINT (13.42791883 52.54569971)
4;2018;4;8;1;3;8;1;0;0;1;0;0;0;0;0;POINT (13.31410524 52.51600767)
1;2018;4;11;1;3;2;6;0;0;1;0;0;0;1;0;POINT (13.35506567 52.51828438)
1;2018;4;10;4;3;0;3;0;1;0;0;0;0;1;1;POINT (13.39844198 52.52653375)
12;2018;4;20;1;3;5;3;2;0;1;0;0;0;1;0;POINT (13.326605 52.592101)
8;2018;4;9;4;3;5;7;0;0;1;0;0;0;0;1;POINT (13.42581892 52.46570851)
1;2018;4;17;7;2;0;7;0;0;1;1;0;0;0;0;POINT (13.3350603 52.53049377)
1;2018;4;9;4;3;1;5;0;1;1;0;0;0;0;1;POINT (13.37502377 52.53567427)
2;2018;4;15;7;3;1;5;0;1;1;0;0;0;0;0;POINT (13.42448915 52.49984081)
1;2018;4;9;4;3;0;1;0;0;0;0;1;0;0;1;POINT (13.37193458 52.51940151)
8;2018;4;18;7;3;6;4;0;0;1;1;0;0;0;0;POINT (13.44217496 52.46976164)
7;2018;4;8;4;3;2;6;0;0;1;0;0;0;1;1;POINT (13.37933522 52.44635256)
6;2018;4;20;7;3;0;7;1;1;1;0;0;0;0;0;POINT (13.2217181 52.43092861)
3;2018;4;22;7;3;5;3;2;1;1;0;0;0;0;0;POINT (13.41038858 52.55091406)
4;2018;4;8;4;3;6;4;0;0;1;1;0;0;0;0;POINT (13.32928504 52.50537583)
2;2018;4;17;7;3;1;5;0;1;1;0;0;0;0;0;POINT (13.40973246 52.49039851)
1;2018;4;8;4;3;3;6;0;1;0;0;0;1;0;0;POINT (13.36601258 52.54236126)
10;2018;4;17;7;3;2;6;0;0;1;0;0;0;0;0;POINT (13.57031218 52.54215456)
5;2018;4;8;4;3;5;3;0;1;1;0;0;0;0;1;POINT (13.26240682 52.54132018)
8;2018;4;17;7;3;3;6;0;0;1;0;1;0;0;0;POINT (13.43425625 52.48469042)
6;2018;4;8;4;3;5;3;0;0;1;0;0;0;1;0;POINT (13.34050636 52.44546498)
12;2018;4;16;7;3;1;5;0;1;1;0;0;0;0;0;POINT (13.32429603 52.56493423)
3;2018;4;7;4;3;5;3;0;0;1;0;0;0;0;1;POINT (13.41361219 52.54764353)
5;2018;4;16;7;3;5;3;0;1;1;0;0;0;0;0;POINT (13.2006297 52.53666071)
6;2018;4;14;7;3;5;3;0;1;1;0;0;0;0;0;POINT (13.33763036 52.45946966)
7;2018;4;7;4;3;5;3;0;1;1;0;0;0;0;0;POINT (13.38559079 52.4660988)
7;2018;4;13;7;3;5;7;0;1;1;0;0;0;0;0;POINT (13.32322011 52.47157507)
10;2018;4;7;4;3;2;6;0;0;1;0;0;0;0;0;POINT (13.58888942 52.51786221)
2;2018;4;11;7;3;5;2;0;1;1;0;0;0;0;0;POINT (13.45778028 52.51277266)
1;2018;4;6;4;3;1;5;0;1;1;0;0;0;0;1;POINT (13.3505186 52.54203619)
8;2018;4;10;7;3;5;3;0;1;1;0;0;0;0;0;POINT (13.43717242 52.45557762)
8;2018;4;0;4;3;0;7;2;0;1;0;0;0;0;0;POINT (13.49610281 52.41739159)
1;2018;4;10;7;3;1;7;0;0;1;0;1;0;0;0;POINT (13.37144034 52.54010612)
11;2018;4;9;7;3;5;3;0;1;1;0;0;0;0;0;POINT (13.50168313 52.56596148)
1;2018;4;12;4;3;0;1;0;0;0;0;1;0;0;1;POINT (13.3779296 52.52898491)
9;2018;4;0;7;3;2;6;2;0;1;0;1;0;0;0;POINT (13.57687927 52.45546495)
3;2018;4;10;4;3;0;1;0;1;0;0;0;0;0;1;POINT (13.46738794 52.59697164)
3;2018;4;12;7;3;5;2;0;1;0;0;1;0;0;0;POINT (13.41628378 52.52911387)
4;2018;4;12;7;2;1;5;0;1;1;0;0;0;0;0;POINT (13.27803736 52.49045515)
2;2018;4;3;3;3;2;6;2;0;1;0;0;1;0;1;POINT (13.41967243 52.4991626)
3;2018;4;14;7;3;2;7;0;0;1;0;0;0;0;0;POINT (13.42283634 52.54480842)
2;2018;4;23;3;3;6;4;2;0;1;1;0;0;0;0;POINT (13.45035708 52.52077809)
4;2018;4;14;7;3;2;6;0;0;1;0;0;0;0;0;POINT (13.29752683 52.53459747)
12;2018;4;13;3;3;5;7;0;1;1;0;0;0;0;0;POINT (13.3548357 52.59976929)
7;2018;4;7;3;2;0;7;0;1;1;0;0;0;0;1;POINT (13.34368312 52.47927479)
6;2018;4;20;3;3;5;3;1;1;1;0;0;0;0;0;POINT (13.23366235 52.43254943)
4;2018;4;17;3;3;1;5;0;0;1;0;0;0;1;0;POINT (13.33151118 52.50486262)
12;2018;4;9;7;3;8;1;0;1;0;0;0;0;0;0;POINT (13.27567706 52.5975636)
6;2018;4;15;3;3;2;2;0;0;1;0;0;0;1;0;POINT (13.3589781 52.42008292)
1;2018;4;1;7;3;0;1;2;1;0;0;0;0;0;0;POINT (13.40521196 52.53410329)
10;2018;4;16;3;3;2;6;0;0;1;0;0;0;0;0;POINT (13.60462363 52.53690525)
4;2018;4;17;3;3;2;6;0;0;1;0;0;0;1;0;POINT (13.30199538 52.50814832)
8;2018;4;12;6;2;3;6;0;1;0;0;0;0;1;0;POINT (13.4313869 52.49239786)
2;2018;4;17;3;3;6;4;0;0;1;1;0;0;0;0;POINT (13.42898248 52.50241598)
11;2018;4;9;6;2;9;1;0;0;1;0;0;0;0;0;POINT (13.51546554 52.57537048)
5;2018;4;17;3;3;2;7;0;0;1;0;0;0;0;0;POINT (13.18724795 52.5226832)
5;2018;4;18;3;3;5;2;0;0;1;0;0;0;0;0;POINT (13.24768074 52.53805095)
8;2018;4;19;6;3;1;5;1;1;1;0;0;0;0;0;POINT (13.42496247 52.48117909)
2;2018;4;18;3;3;5;2;0;1;1;0;0;0;0;0;POINT (13.39442086 52.50111933)
12;2018;4;19;6;3;2;6;1;0;1;0;0;0;0;0;POINT (13.27885689 52.57571647)
2;2018;4;18;3;3;5;3;0;0;1;0;1;0;0;0;POINT (13.399544 52.50459442)
4;2018;4;18;6;3;5;2;0;0;1;0;0;0;0;0;POINT (13.31280505 52.48047842)
2;2018;4;16;3;3;5;3;0;1;1;0;0;0;0;0;POINT (13.379721 52.5066075)
4;2018;4;17;6;3;0;1;0;0;0;0;1;0;0;0;POINT (13.31434371 52.49843966)
6;2018;4;15;3;3;0;5;0;1;1;0;0;0;0;0;POINT (13.15023826 52.41478025)
4;2018;4;17;6;3;2;6;0;1;1;0;0;0;0;0;POINT (13.33435403 52.5054474)
3;2018;4;15;3;3;2;7;0;0;1;0;0;0;0;0;POINT (13.37970756 52.5909365)
12;2018;4;17;6;3;5;3;0;0;1;0;0;0;0;0;POINT (13.32541288 52.60829775)
6;2018;4;17;6;3;5;3;0;1;0;0;1;0;0;0;POINT (13.26136777 52.40851497)
1;2018;4;17;6;3;6;4;0;0;1;1;0;0;0;0;POINT (13.36970431 52.55965995)
1;2018;4;15;3;2;5;3;0;1;1;0;0;0;0;0;POINT (13.35483486 52.54409753)
3;2018;4;13;3;3;5;3;0;0;1;0;0;0;0;0;POINT (13.47039035 52.5537175)
2;2018;4;17;6;3;5;3;0;0;1;0;0;0;0;0;POINT (13.46118547 52.5008677)
5;2018;4;14;3;3;2;6;0;0;1;0;0;0;0;0;POINT (13.18627773 52.5326097)
8;2018;4;17;6;3;2;7;0;0;1;0;1;0;0;0;POINT (13.45706352 52.4732449)
1;2018;4;14;3;3;0;1;0;0;0;0;1;0;0;1;POINT (13.41410817 52.51361967)
12;2018;4;17;6;3;2;6;0;0;1;0;0;0;0;0;POINT (13.3221606 52.60879196)
8;2018;4;13;3;3;6;4;0;0;1;1;0;0;0;0;POINT (13.43478374 52.48115121)
12;2018;4;16;6;3;6;4;0;1;0;1;0;0;0;0;POINT (13.25443149 52.56166932)
9;2018;4;12;3;3;5;3;0;0;1;0;0;0;0;0;POINT (13.59159549 52.43233881)
3;2018;4;17;6;3;5;2;0;1;1;0;0;0;0;0;POINT (13.44157745 52.53225281)
7;2018;4;11;3;2;2;6;0;0;0;0;0;1;1;1;POINT (13.41478233 52.45874758)
11;2018;4;16;6;2;2;3;0;0;1;0;0;0;1;0;POINT (13.46085433 52.52963114)
10;2018;4;14;6;3;6;4;0;0;1;1;0;0;0;0;POINT (13.60511451 52.53236435)
1;2018;4;22;3;3;5;3;2;0;1;0;0;0;0;0;POINT (13.39195871 52.50965052)
1;2018;4;22;6;3;1;5;2;0;1;0;0;0;0;0;POINT (13.3582619 52.54592685)
4;2018;4;10;3;3;3;6;0;1;0;0;0;0;1;0;POINT (13.32228942 52.50589087)