bez;ujahr;umonat;ustunde;uwochentag;ukategorie;uart;utyp1;ulichtverh;istrad;istpkw;istfuss;istkrad;istgkfz;istsonstige;ustrzustand;geometry
6;2018;4;20;6;3;6;2;2;0;1;1;0;0;0;0;POINT (13.34249838 52.44695625)
1;2018;4;20;3;3;5;2;2;1;1;0;0;0;0;0;POINT (13.37879456 52.52749428)
10;2018;4;15;6;3;2;6;0;0;1;0;0;0;0;0;POINT (13.56411958 52.54454895)
3;2018;4;10;3;3;0;2;0;1;0;0;0;0;1;0;POINT (13.42081568 52.54878432)
12;2018;4;15;6;3;5;3;0;1;1;0;0;0;0;0;POINT (13.32107216 52.5936332)
3;2018;4;10;3;3;5;2;0;0;1;0;0;0;0;0;POINT (13.42958436 52.57185157)
2;2018;4;14;6;3;3;6;0;1;0;0;0;0;0;0;POINT (13.39604697 52.50706129)
1;2018;4;10;3;3;2;2;0;0;1;0;0;0;1;0;POINT (13.34939051 52.542136)
9;2018;4;18;6;3;5;2;0;1;1;0;0;0;0;0;POINT (13.47867961 52.47755474)
2;2018;4;14;6;3;2;6;0;0;1;0;0;0;0;0;POINT (13.37666889 52.48826202)
5;2018;4;20;3;3;5;2;2;0;1;0;0;0;0;0;POINT (13.1968572 52.51311023)
7;2018;4;13;6;3;5;3;0;1;1;0;0;0;0;0;POINT (13.36672243 52.46208609)
4;2018;4;19;3;3;0;3;1;0;1;0;1;0;0;0;POINT (13.33107298 52.48600159)
4;2018;4;13;6;3;0;3;0;1;0;0;0;0;0;0;POINT (13.25650614 52.48620507)
3;2018;4;10;3;3;5;2;0;0;1;0;0;0;0;0;POINT (13.46201775 52.55894501)
7;2018;4;17;7;3;0;1;0;1;0;0;0;0;0;0;POINT (13.36415057 52.47642595)
3;2018;4;7;3;3;0;6;0;1;0;0;0;0;0;1;POINT (13.50015654 52.63559581)
8;2018;4;19;3;3;2;2;0;0;1;0;1;0;0;0;POINT (13.4241851 52.41694659)
6;2018;4;13;6;3;0;1;0;1;0;0;0;0;0;0;POINT (13.32679018 52.44510483)
11;2018;4;16;7;2;0;6;0;1;1;0;0;0;0;0;POINT (13.52544977 52.48163)
5;2018;4;18;3;2;5;2;0;0;1;0;0;0;0;0;POINT (13.24775115 52.5380958)
1;2018;4;9;3;3;0;3;0;1;1;0;0;0;0;1;POINT (13.39390133 52.50879912)
7;2018;4;15;7;2;8;1;0;0;1;0;0;0;0;0;POINT (13.37761323 52.40785265)
11;2018;4;20;3;2;5;2;2;0;1;0;0;0;0;0;POINT (13.47633226 52.53308999)
4;2018;4;13;6;3;5;3;0;1;1;0;0;0;0;0;POINT (13.25984557 52.51617933)
7;2018;4;15;7;3;2;6;0;0;1;0;0;0;0;0;POINT (13.38548482 52.47156223)
2;2018;4;19;3;2;6;4;0;0;1;1;0;0;0;0;POINT (13.41950741 52.48756025)
7;2018;4;12;6;3;0;5;0;0;1;0;0;0;1;0;POINT (13.34822154 52.50181388)
2;2018;4;12;6;3;5;3;0;0;1;0;0;0;1;0;POINT (13.43332268 52.51986795)
7;2018;4;9;3;3;2;6;0;0;0;0;0;1;1;1;POINT (13.37020265 52.46598239)
12;2018;4;12;6;3;2;6;0;0;1;0;0;0;0;0;POINT (13.36057784 52.57643902)
4;2018;4;13;7;3;2;7;0;1;1;0;0;0;0;0;POINT (13.26093351 52.51761809)
5;2018;4;8;3;3;5;2;0;0;1;0;0;0;0;1;POINT (13.15783821 52.54306612)
1;2018;4;12;6;3;0;3;0;1;0;0;0;0;1;0;POINT (13.36709263 52.51750627)
5;2018;4;13;7;2;0;7;0;1;0;0;0;0;0;0;POINT (13.23488693 52.52928019)
12;2018;4;8;3;3;5;3;0;0;1;0;1;0;0;1;POINT (13.27396009 52.57579349)
3;2018;4;13;7;3;2;6;0;0;1;0;1;0;0;0;POINT (13.40601425 52.55409991)
2;2018;4;7;3;3;5;2;0;1;1;0;0;0;0;1;POINT (13.39075749 52.49598029)
11;2018;4;11;6;2;6;4;0;0;1;1;0;0;0;0;POINT (13.49511799 52.50468315)
10;2018;4;7;3;3;2;6;0;0;1;0;0;0;0;1;POINT (13.61398158 52.51655305)
5;2018;4;11;6;3;5;2;0;0;1;0;1;0;0;0;POINT (13.18241667 52.53842561)
9;2018;4;12;7;3;2;6;0;0;1;0;0;0;1;0;POINT (13.57313094 52.44440802)
8;2018;4;7;3;3;5;2;0;1;1;0;0;0;0;1;POINT (13.43682257 52.45689721)
1;2018;4;10;6;3;1;5;0;1;1;0;0;0;1;0;POINT (13.35286335 52.51622245)
4;2018;4;12;7;3;2;6;0;0;1;0;0;0;0;0;POINT (13.30194073 52.50962375)
3;2018;4;7;3;3;5;3;0;0;1;0;0;0;0;0;POINT (13.41839818 52.55877244)
4;2018;4;22;6;3;2;6;2;1;1;0;0;0;0;0;POINT (13.31991737 52.47680463)
3;2018;4;11;7;3;5;3;0;1;1;0;0;0;0;0;POINT (13.42140183 52.56246578)
2;2018;4;10;6;3;0;4;0;0;0;1;1;0;0;0;POINT (13.4611613 52.51218864)
10;2018;4;5;3;2;2;6;2;0;1;0;0;0;1;1;POINT (13.51794118 52.53552828)
8;2018;4;10;6;3;5;3;0;0;1;0;0;0;0;0;POINT (13.44353538 52.41750033)
6;2018;4;11;7;3;5;2;0;1;1;0;0;0;0;0;POINT (13.32068702 52.45676835)
8;2018;4;19;6;3;1;1;0;0;1;0;0;0;0;0;POINT (13.44952211 52.46998973)
1;2018;4;5;3;3;0;1;1;1;0;0;0;0;0;1;POINT (13.38570828 52.52843673)
12;2018;4;7;6;3;5;2;0;0;1;0;1;0;0;0;POINT (13.30815954 52.55632026)
5;2018;4;23;6;2;4;6;2;0;1;0;0;0;0;0;POINT (13.16534495 52.46716759)
1;2018;4;20;6;3;5;7;1;0;1;0;1;0;0;0;POINT (13.39297756 52.54536951)
1;2018;4;9;3;3;8;1;0;1;0;0;0;0;0;0;POINT (13.38058506 52.51728567)
1;2018;4;19;6;3;5;3;0;1;1;0;0;0;0;0;POINT (13.38921624 52.5471655)
9;2018;4;15;2;3;0;7;0;0;1;0;0;0;1;0;POINT (13.50021702 52.44111)
9;2018;4;22;6;2;8;1;2;0;0;0;1;0;0;0;POINT (13.56219983 52.43702047)
6;2018;4;19;6;3;5;3;1;0;1;0;0;0;1;0;POINT (13.29510087 52.44455188)
2;2018;4;21;2;3;5;2;2;1;1;0;0;0;0;0;POINT (13.3897664 52.49590831)
8;2018;4;6;6;3;0;7;0;0;1;0;1;0;0;0;POINT (13.50295624 52.41819149)
8;2018;4;18;6;3;6;2;0;0;0;1;0;0;1;0;POINT (13.45449462 52.47466781)
3;2018;4;7;2;3;5;2;0;1;1;0;0;0;0;0;POINT (13.40765889 52.57391041)
5;2018;4;0;6;2;1;5;2;0;1;0;0;1;0;0;POINT (13.24309104 52.53864144)
4;2018;4;17;6;2;2;6;0;0;1;0;0;0;0;0;POINT (13.30638353 52.499794)
3;2018;4;16;6;3;5;2;0;1;1;0;0;0;0;0;POINT (13.37394716 52.59763966)
1;2018;4;16;2;2;0;1;0;1;0;0;0;0;0;0;POINT (13.37854285 52.52924768)
1;2018;4;9;5;3;1;7;0;1;1;0;0;0;0;0;POINT (13.40555559 52.52989848)
9;2018;4;15;6;3;3;6;0;1;1;0;0;0;0;0;POINT (13.62495659 52.45291082)
1;2018;4;14;6;3;6;4;0;0;1;1;0;0;0;0;POINT (13.40317858 52.52329134)
7;2018;4;17;2;3;5;3;0;0;1;0;0;0;0;0;POINT (13.34510518 52.49133406)
1;2018;4;16;5;3;6;7;0;0;1;1;0;0;0;0;POINT (13.33221892 52.5218303)
12;2018;4;13;6;3;5;3;0;0;1;0;0;0;0;0;POINT (13.30945819 52.62736176)
8;2018;4;17;2;3;2;6;0;0;1;0;0;0;0;0;POINT (13.43751652 52.45527897)
4;2018;4;19;5;3;0;6;0;0;1;0;1;0;0;0;POINT (13.3066778 52.50102154)
2;2018;4;13;6;3;5;2;0;1;1;0;0;0;0;0;POINT (13.42574914 52.50331309)
2;2018;4;17;2;3;5;2;0;1;0;0;0;0;1;0;POINT (13.38582718 52.48503473)
8;2018;4;12;5;2;1;7;0;0;1;0;1;0;0;0;POINT (13.49963739 52.42970485)
4;2018;4;20;5;3;5;3;2;0;1;0;0;0;0;0;POINT (13.30929778 52.50655188)
5;2018;4;13;6;3;6;7;0;0;1;1;0;0;0;0;POINT (13.20454536 52.53628342)
10;2018;4;16;2;3;2;6;0;1;1;0;0;0;1;0;POINT (13.61326992 52.50986948)
2;2018;4;12;5;3;0;7;0;1;0;0;0;0;0;0;POINT (13.44592039 52.50196536)
7;2018;4;12;6;3;5;2;0;0;1;0;0;0;0;0;POINT (13.3720553 52.46982535)
8;2018;4;16;2;3;1;7;0;0;1;0;0;0;0;0;POINT (13.44893 52.42759743)
11;2018;4;18;5;3;1;5;0;1;1;0;0;0;0;0;POINT (13.49947585 52.57205516)
5;2018;4;9;6;3;5;3;0;1;1;0;0;0;0;0;POINT (13.14026959 52.45260288)
1;2018;4;15;6;3;2;6;0;0;0;0;1;1;0;0;POINT (13.40685786 52.51859592)
12;2018;4;16;2;3;5;2;0;0;1;0;0;0;0;0;POINT (13.33459616 52.58745849)
7;2018;4;11;5;3;0;3;0;0;1;0;0;0;0;0;POINT (13.35473387 52.41332312)
4;2018;4;16;6;3;1;5;0;0;1;0;1;0;0;0;POINT (13.29494247 52.49613424)
10;2018;4;14;6;2;6;4;0;0;1;1;0;0;0;0;POINT (13.61370477 52.53217443)
2;2018;4;16;2;3;5;2;0;1;0;0;0;0;1;0;POINT (13.43293646 52.49946446)
8;2018;4;4;5;3;1;5;0;1;1;0;0;0;0;0;POINT (13.43942815 52.4872453)
9;2018;4;12;5;3;1;5;0;1;1;0;0;0;0;0;POINT (13.50588503 52.45404093)
5;2018;4;16;2;3;5;7;0;0;1;0;0;0;1;0;POINT (13.20475033 52.53008681)
8;2018;4;8;5;3;5;3;0;0;1;0;0;1;0;0;POINT (13.45397609 52.46323075)
10;2018;4;15;6;2;6;4;0;0;1;1;0;0;0;0;POINT (13.60376944 52.48594104)
8;2018;4;8;5;3;6;2;0;0;1;1;0;0;0;0;POINT (13.43258301 52.45275133)
7;2018;4;16;2;3;5;2;0;0;1;0;1;0;1;0;POINT (13.3777761 52.44252086)
3;2018;4;9;5;3;5;3;0;0;1;0;0;0;0;0;POINT (13.42215222 52.55391727)
2;2018;4;16;6;2;5;3;0;1;1;0;0;0;0;0;POINT (13.39418157 52.50110432)
10;2018;4;16;2;3;5;3;0;1;1;0;0;0;0;0;POINT (13.62762774 52.52689647)
3;2018;4;9;5;3;5;2;0;1;1;0;0;0;0;0;POINT (13.4494464 52.53706845)
8;2018;4;12;6;3;6;4;0;0;1;1;1;0;0;0;POINT (13.43530314 52.42566359)
3;2018;4;15;2;3;6;4;0;0;1;1;0;0;0;0;POINT (13.40826191 52.53717527)
12;2018;4;13;6;3;2;2;0;0;1;0;0;0;0;0;POINT (13.31570147 52.56701523)
4;2018;4;15;2;3;0;1;0;0;0;0;1;0;0;1;POINT (13.29393728 52.53412309)
9;2018;4;15;2;3;5;3;0;0;1;0;0;0;0;0;POINT (13.44867638 52.49040089)
8;2018;4;10;5;3;0;7;0;0;1;0;0;0;1;0;POINT (13.42594251 52.47599244)
2;2018;4;12;6;3;5;2;0;0;1;0;0;0;1;0;POINT (13.45193778 52.51070456)
9;2018;4;15;2;2;2;7;0;0;1;0;1;0;0;0;POINT (13.5000022 52.44018291)
2;2018;4;10;5;3;5;7;0;0;1;0;1;0;0;0;POINT (13.42317831 52.48671421)
1;2018;4;15;2;3;5;2;0;1;1;0;0;0;0;0;POINT (13.37226245 52.55596453)
4;2018;4;9;5;3;1;4;0;1;1;1;0;0;0;0;POINT (13.32538537 52.50341801)
5;2018;4;11;6;3;2;6;0;0;1;0;0;0;0;0;POINT (13.2071989 52.53888506)
3;2018;4;14;2;3;2;7;0;0;0;0;1;0;1;1;POINT (13.46843195 52.55814794)
6;2018;4;9;5;3;0;7;0;0;1;0;1;0;0;1;POINT (13.33729169 52.45014791)
3;2018;4;12;6;2;0;1;0;1;0;0;0;0;0;0;POINT (13.40140757 52.54661178)
10;2018;4;14;2;3;1;5;0;0;1;0;0;0;0;0;POINT (13.56413561 52.52027361)
4;2018;4;9;6;3;0;1;0;0;0;0;1;0;0;0;POINT (13.33102491 52.4906296)
2;2018;4;14;2;3;4;6;0;0;1;0;0;0;0;0;POINT (13.39497275 52.50341551)
2;2018;4;9;5;2;5;3;0;1;0;0;0;0;0;0;POINT (13.39151952 52.50093218)
6;2018;4;13;2;3;6;4;0;0;0;1;0;1;0;0;POINT (13.25151133 52.42375092)
3;2018;4;13;2;2;5;3;0;0;1;0;1;0;0;0;POINT (13.44617494 52.54491854)
1;2018;4;8;5;3;5;3;0;0;1;0;1;0;0;0;POINT (13.390118 52.50945423)
1;2018;4;12;5;3;5;2;0;1;0;0;0;0;0;0;POINT (13.40187435 52.52897672)
7;2018;4;13;2;2;1;5;0;1;0;0;0;1;0;0;POINT (13.39172338 52.45756347)
2;2018;4;9;5;3;5;2;0;1;0;0;0;0;1;0;POINT (13.4365357 52.51770465)
9;2018;4;12;2;2;5;3;0;1;0;0;0;1;0;0;POINT (13.4504326 52.49632168)
6;2018;4;8;5;2;1;5;0;1;1;0;0;0;0;0;POINT (13.31444906 52.45482477)
1;2018;4;11;2;3;2;6;0;0;1;0;0;0;0;0;POINT (13.34633288 52.54770792)
3;2018;4;7;5;3;2;6;0;0;1;0;0;0;0;0;POINT (13.45905375 52.56252039)
1;2018;4;18;5;2;5;7;0;0;1;0;1;0;0;0;POINT (13.33792284 52.53471031)
1;2018;4;10;2;3;1;5;0;1;1;0;0;0;0;0;POINT (13.38500339 52.53109988)
12;2018;4;7;5;3;5;3;0;0;1;0;1;0;0;0;POINT (13.35563618 52.57769868)
8;2018;4;10;2;3;5;2;0;1;0;0;0;0;1;0;POINT (13.4362443 52.47281119)
9;2018;4;6;5;3;5;3;0;1;1;0;0;0;0;0;POINT (13.5343418 52.43141418)
1;2018;4;23;5;3;5;7;2;1;1;0;0;0;0;0;POINT (13.41566139 52.5099789)
12;2018;4;14;5;2;5;2;0;1;1;0;0;0;0;0;POINT (13.31826373 52.58927406)
12;2018;4;9;2;3;6;4;0;0;1;1;0;0;0;0;POINT (13.33834474 52.60913219)
7;2018;4;10;5;3;2;6;0;0;1;0;0;0;0;0;POINT (13.39343185 52.39790594)
12;2018;4;13;5;3;2;6;0;0;1;0;1;0;0;0;POINT (13.37112031 52.56410785)
1;2018;4;8;2;3;5;7;0;0;1;0;1;0;0;0;POINT (13.33908597 52.51805483)
2;2018;4;0;5;3;8;1;2;1;0;0;0;0;0;0;POINT (13.43550628 52.49153604)
7;2018;4;23;5;3;5;7;2;0;1;0;1;0;0;0;POINT (13.34040624 52.4923148)
7;2018;4;13;5;3;1;5;0;1;1;0;0;0;1;0;POINT (13.35512382 52.45898537)
6;2018;4;8;2;3;1;7;0;1;1;0;0;0;0;0;POINT (13.27764863 52.43011814)
1;2018;4;21;5;3;0;2;2;1;1;0;0;0;0;0;POINT (13.38661564 52.54938072)
3;2018;4;12;5;3;3;6;0;1;1;0;0;0;0;0;POINT (13.42019213 52.55327979)
6;2018;4;18;5;3;5;2;0;1;1;0;0;0;0;0;POINT (13.33270543 52.45586405)
5;2018;4;12;5;3;5;2;0;1;1;0;0;0;0;0;POINT (13.18485792 52.53419389)
7;2018;4;8;2;3;2;6;0;0;1;0;0;0;1;0;POINT (13.40833841 52.45245766)
7;2018;4;17;5;3;0;1;0;0;0;0;1;0;0;0;POINT (13.41532742 52.45147379)
2;2018;4;11;5;3;6;4;0;0;0;1;0;1;0;0;POINT (13.38899803 52.48979219)
2;2018;4;6;2;3;9;1;0;0;1;0;0;0;0;0;POINT (13.43317331 52.52317417)
6;2018;4;16;5;3;0;7;0;0;1;0;0;0;1;0;POINT (13.35316433 52.44141641)
12;2018;4;10;5;3;5;3;0;0;1;0;0;0;0;0;POINT (13.2864286 52.64138653)
2;2018;4;9;5;2;6;4;0;0;1;1;0;0;0;0;POINT (13.41324618 52.49177518)
9;2018;4;6;2;3;5;3;0;0;1;0;0;0;0;0;POINT (13.55324769 52.43399007)
12;2018;4;16;5;3;5;2;0;1;1;0;0;0;0;0;POINT (13.3480242 52.57579568)
9;2018;4;8;5;3;6;7;0;0;1;1;0;0;0;0;POINT (13.49989405 52.43589153)
11;2018;4;8;5;2;5;2;0;1;0;0;0;0;1;0;POINT (13.479784 52.52306742)
1;2018;4;6;2;3;6;2;0;0;1;1;0;0;0;0;POINT (13.38525082 52.53244205)
1;2018;4;16;5;3;5;2;0;0;1;0;1;0;0;0;POINT (13.33738421 52.52536471)
6;2018;4;16;5;3;2;7;0;0;1;0;0;0;0;0;POINT (13.32723538 52.44849662)
9;2018;4;7;5;3;2;6;0;0;1;0;0;0;1;0;POINT (13.56913648 52.44424797)
2;2018;4;13;2;3;6;4;0;1;0;1;0;0;0;0;POINT (13.40157941 52.50609296)
4;2018;4;16;5;2;0;4;0;0;0;1;1;0;0;0;POINT (13.31273433 52.48986108)
10;2018;4;5;5;2;5;3;1;1;0;0;0;0;1;0;POINT (13.61340178 52.49859043)
3;2018;4;16;2;3;0;2;0;1;1;0;0;0;0;0;POINT (13.45673089 52.52856168)
2;2018;4;16;5;3;4;6;0;1;1;0;0;0;0;0;POINT (13.44469173 52.51137941)
4;2018;4;11;5;3;3;5;0;0;1;0;0;0;1;0;POINT (13.31220172 52.51554424)
7;2018;4;21;5;3;3;6;2;1;1;0;0;0;0;0;POINT (13.3592438 52.48645593)
4;2018;4;20;2;3;2;6;2;0;1;0;0;0;0;0;POINT (13.28042829 52.51849474)
8;2018;4;15;5;2;0;6;0;0;1;0;0;0;1;0;POINT (13.41384264 52.42431219)
4;2018;4;20;2;3;6;7;1;0;1;1;0;0;0;0;POINT (13.31878308 52.47109982)
1;2018;4;15;5;3;0;6;0;0;1;0;1;0;0;0;POINT (13.34945455 52.5150874)
1;2018;4;21;5;3;5;3;2;0;1;0;0;0;0;0;POINT (13.35068738 52.5151604)
8;2018;4;19;5;3;6;4;0;1;0;1;0;0;0;0;POINT (13.41608556 52.48053796)
1;2018;4;20;2;3;2;6;1;0;1;0;0;0;0;0;POINT (13.35313807 52.50258978)
2;2018;4;14;5;3;5;3;0;0;1;0;0;0;0;0;POINT (13.4295426 52.49821521)
4;2018;4;19;5;3;5;7;0;1;1;0;0;0;0;0;POINT (13.29973919 52.51936314)
1;2018;4;19;5;3;0;5;0;0;1;0;1;0;0;0;POINT (13.41938247 52.51844074)
4;2018;4;18;2;2;6;4;0;0;1;1;0;0;0;0;POINT (13.32250415 52.50879802)
7;2018;4;15;5;3;2;6;0;0;1;0;0;0;0;0;POINT (13.3836566 52.41124461)
6;2018;4;15;5;2;5;2;0;1;0;0;0;0;0;0;POINT (13.33168654 52.44682194)
9;2018;4;19;2;2;0;1;0;1;0;0;0;0;0;0;POINT (13.51453095 52.46232799)
1;2018;4;14;5;3;3;6;0;0;1;0;1;0;0;0;POINT (13.38495227 52.55054194)
6;2018;4;17;5;3;4;6;0;1;0;0;0;0;0;0;POINT (13.3061122 52.46576251)
11;2018;4;17;2;1;6;4;0;0;0;1;0;0;1;0;POINT (13.49883527 52.5102935)
10;2018;4;14;5;3;3;6;0;1;0;0;0;0;1;0;POINT (13.57049219 52.54332559)
3;2018;4;17;5;3;0;2;0;0;1;0;1;0;0;0;POINT (13.43162464 52.55077738)
3;2018;4;19;1;3;5;2;0;1;1;0;0;0;0;0;POINT (13.40378421 52.55148468)
1;2018;4;16;5;3;5;2;0;1;0;0;0;0;1;0;POINT (13.34672688 52.54025489)
10;2018;4;8;1;3;2;6;0;0;1;0;0;0;0;0;POINT (13.56170604 52.50452411)
3;2018;4;21;1;3;5;3;2;1;1;0;0;0;0;0;POINT (13.3710437 52.59083942)
4;2018;4;14;5;3;5;3;0;1;1;0;0;0;0;0;POINT (13.30592981 52.52460471)
1;2018;4;16;5;3;0;7;0;1;0;0;0;0;0;0;POINT (13.34535964 52.52852481)
4;2018;4;19;1;3;2;6;0;0;1;0;0;0;0;0;POINT (13.29081971 52.4971996)
8;2018;4;14;5;3;5;3;0;0;1;0;0;0;0;0;POINT (13.44731838 52.46556085)
4;2018;4;19;1;3;6;2;0;0;1;1;0;0;0;0;POINT (13.32850623 52.52221105)
1;2018;4;15;5;3;5;2;0;1;1;0;0;0;0;0;POINT (13.3848107 52.55062644)
4;2018;4;18;1;3;2;6;0;0;1;0;0;0;0;0;POINT (13.32959982 52.50351903)
1;2018;4;13;5;3;5;3;0;0;1;0;0;0;0;0;POINT (13.41800717 52.51649764)
8;2018;4;13;5;3;5;3;0;1;1;0;0;0;0;0;POINT (13.43356124 52.44523513)
7;2018;4;18;1;3;5;2;0;1;1;0;0;0;0;0;POINT (13.37150089 52.46939343)
1;2018;4;12;5;3;0;2;0;1;1;0;1;0;0;0;POINT (13.41806547 52.51537359)
6;2018;4;16;5;2;5;7;0;0;1;0;1;0;0;0;POINT (13.31544752 52.44888969)
10;2018;4;18;1;3;5;3;0;1;1;0;0;0;0;0;POINT (13.59739475 52.50226617)
2;2018;4;12;5;3;3;6;0;1;0;0;0;0;0;0;POINT (13.37932128 52.49222038)
10;2018;4;16;5;2;5;3;0;1;1;0;0;0;0;0;POINT (13.64082278 52.52799745)
12;2018;4;18;1;3;5;3;0;0;1;0;0;0;0;0;POINT (13.31136016 52.56979007)
2;2018;4;22;5;3;5;7;2;0;1;0;0;0;0;0;POINT (13.42618189 52.4993695)
6;2018;4;18;1;3;5;2;0;1;1;0;0;0;0;0;POINT (13.25819524 52.43536668)
8;2018;4;12;5;3;0;6;0;1;1;0;0;0;0;0;POINT (13.49812514 52.42693894)
8;2018;4;17;1;3;0;2;0;0;1;0;1;0;0;0;POINT (13.47383562 52.42527791)
11;2018;4;11;5;3;5;3;0;0;1;0;0;0;0;0;POINT (13.50991956 52.50349721)
1;2018;4;15;5;3;3;6;0;0;1;0;0;0;0;0;POINT (13.42132133 52.51456793)
1;2018;4;16;1;3;5;3;0;1;1;0;0;0;0;0;POINT (13.41659975 52.51096991)
8;2018;4;12;5;3;3;6;0;0;1;0;0;0;0;0;POINT (13.43446027 52.48459002)
2;2018;4;16;1;3;2;6;0;0;1;0;0;0;0;0;POINT (13.43660827 52.50377446)
7;2018;4;11;5;3;2;6;0;0;1;0;0;0;0;0;POINT (13.33832567 52.46724535)
6;2018;4;15;5;3;2;6;0;0;1;0;1;0;0;0;POINT (13.29158154 52.45804688)
9;2018;4;15;5;3;1;7;0;0;1;0;0;0;0;0;POINT (13.62198554 52.44667939)
2;2018;4;15;1;3;6;7;0;1;0;1;0;0;0;0;POINT (13.41982034 52.48751775)
6;2018;4;21;5;2;0;1;2;1;0;0;0;0;0;0;POINT (13.30712509 52.41770236)
1;2018;4;16;5;3;6;4;0;0;1;1;0;0;0;1;POINT (13.35057241 52.51233183)
1;2018;4;20;5;3;0;1;2;1;0;0;0;0;0;0;POINT (13.41623489 52.52178181)
4;2018;4;8;5;3;2;6;0;0;1;0;0;0;1;0;POINT (13.31438776 52.50946828)
11;2018;4;15;1;3;6;4;0;0;1;1;0;0;0;0;POINT (13.49074385 52.51525325)
2;2018;4;18;5;3;0;1;0;0;0;0;1;0;0;0;POINT (13.41649276 52.4878197)
8;2018;4;9;4;3;0;4;0;0;0;1;0;0;1;1;POINT (13.42587297 52.41892002)
7;2018;4;12;4;2;2;6;0;0;1;0;0;0;0;1;POINT (13.37680067 52.46155275)
4;2018;4;15;1;3;5;2;0;1;1;0;0;0;0;0;POINT (13.30597859 52.5256377)
9;2018;4;14;5;2;9;1;0;0;1;0;0;0;0;0;POINT (13.64568079 52.34653157)
1;2018;4;15;1;2;5;2;0;1;1;0;0;0;0;0;POINT (13.35337045 52.53673766)
1;2018;4;17;4;3;3;2;0;1;1;0;0;0;0;0;POINT (13.38754611 52.52386691)
1;2018;4;18;4;3;5;3;0;0;1;0;1;0;0;1;POINT (13.34856103 52.53583072)
6;2018;4;15;1;3;5;3;0;0;1;0;0;0;0;0;POINT (13.25751533 52.42119617)
2;2018;4;16;4;2;5;3;0;1;1;0;0;0;0;0;POINT (13.44153514 52.50130237)
3;2018;4;5;4;3;5;3;0;0;1;0;0;0;0;0;POINT (13.49781679 52.61373524)
1;2018;4;15;1;3;6;6;0;1;0;1;0;0;0;0;POINT (13.38415055 52.53087237)
6;2018;4;8;4;3;0;3;0;1;0;0;0;0;1;0;POINT (13.30252688 52.44488799)
2;2018;4;21;4;2;2;7;2;1;1;0;0;0;0;0;POINT (13.41879442 52.50141675)
1;2018;4;20;4;3;1;1;2;0;1;0;0;0;0;0;POINT (13.39342964 52.52604192)
3;2018;4;8;4;3;6;4;0;1;0;1;0;0;0;0;POINT (13.41787323 52.53616309)
2;2018;4;18;4;3;5;3;0;0;1;0;1;0;0;1;POINT (13.40322194 52.50573162)
5;2018;4;18;4;3;5;3;0;0;1;0;0;0;0;1;POINT (13.18501112 52.53797379)
10;2018;4;22;4;2;5;2;2;0;1;0;0;0;0;0;POINT (13.56976603 52.5407674)
7;2018;5;16;1;3;5;2;0;0;1;0;1;0;0;0;POINT (13.3461293 52.50105668)
9;2018;5;16;1;3;6;4;0;0;1;1;0;0;0;0;POINT (13.45296157 52.49307431)
12;2018;5;9;5;3;5;2;0;0;1;0;0;0;1;0;POINT (13.31544277 52.57783459)
2;2018;5;14;1;3;6;4;0;0;0;1;1;0;0;0;POINT (13.4675128 52.50268371)
2;2018;5;9;5;3;5;2;0;1;1;0;0;0;0;0;POINT (13.46972542 52.52040236)
3;2018;5;14;1;3;1;5;0;0;1;0;1;0;0;0;POINT (13.40927558 52.5412785)
8;2018;5;21;5;3;6;4;2;0;1;1;0;0;0;0;POINT (13.42536423 52.4791677)
1;2018;5;8;5;3;5;2;0;0;1;0;1;0;0;0;POINT (13.35432302 52.53678341)
7;2018;5;14;1;3;0;6;0;1;1;0;0;0;0;0;POINT (13.37559557 52.43415295)
7;2018;5;23;5;2;1;5;2;1;1;0;0;0;0;0;POINT (13.37721502 52.46364249)
3;2018;5;8;5;3;5;3;0;0;1;0;0;0;0;0;POINT (13.4184494 52.55428642)
9;2018;5;14;1;3;1;5;0;1;1;0;0;0;0;0;POINT (13.5752409 52.44681272)
8;2018;5;13;1;3;0;5;0;1;0;0;0;0;1;0;POINT (13.43799569 52.48128833)
4;2018;5;13;1;3;5;2;0;0;1;0;0;0;0;0;POINT (13.29692662 52.54801101)
7;2018;5;7;5;3;5;3;0;0;1;0;0;1;0;0;POINT (13.39851857 52.44002645)
12;2018;5;14;1;3;6;4;0;0;1;1;1;0;0;0;POINT (13.36360865 52.56246947)
3;2018;5;7;5;3;5;3;0;1;1;0;0;0;0;0;POINT (13.41825537 52.53662887)
1;2018;5;7;5;2;5;2;0;1;0;0;0;1;0;0;POINT (13.41403743 52.50787586)
12;2018;5;14;1;2;5;2;0;0;1;0;1;0;0;0;POINT (13.2984578 52.57828337)
10;2018;5;7;5;3;1;5;0;1;1;0;0;0;0;0;POINT (13.55776665 52.52516271)
4;2018;5;16;4;3;5;2;0;0;1;0;1;0;0;0;POINT (13.33083894 52.50053232)
9;2018;5;15;1;2;6;4;0;0;1;1;0;0;0;0;POINT (13.5590403 52.44180968)
4;2018;5;16;4;3;5;3;0;0;1;0;1;0;0;0;POINT (13.27542059 52.51284649)
8;2018;5;15;1;3;5;7;0;0;1;0;0;0;0;0;POINT (13.44311355 52.43729612)