bez;ujahr;umonat;ustunde;uwochentag;ukategorie;uart;utyp1;ulichtverh;istrad;istpkw;istfuss;istkrad;istgkfz;istsonstige;ustrzustand;geometry
7;2018;5;16;1;3;0;7;0;0;1;0;0;0;0;0;POINT (13.34180007 52.49452169)
6;2018;5;13;1;3;2;6;0;0;1;0;0;0;0;0;POINT (13.33196264 52.44257043)
6;2018;5;15;4;3;6;7;0;0;1;1;0;0;0;0;POINT (13.28383615 52.41900913)
11;2018;5;16;1;3;2;6;0;0;1;0;1;0;0;0;POINT (13.54379859 52.56810909)
9;2018;5;7;4;3;5;3;0;1;1;0;0;0;0;0;POINT (13.53953307 52.42150662)
11;2018;5;18;4;3;5;3;0;0;1;0;0;0;0;0;POINT (13.45861652 52.52711601)
1;2018;5;7;1;3;0;3;0;0;0;0;1;1;0;0;POINT (13.3933291 52.53930448)
2;2018;5;23;1;3;5;3;2;0;1;0;1;0;0;0;POINT (13.46633771 52.5118063)
2;2018;5;19;4;3;5;3;1;1;1;0;0;0;0;0;POINT (13.41052167 52.50335616)
2;2018;5;19;1;2;5;2;0;1;0;0;0;0;0;0;POINT (13.40540984 52.488832)
10;2018;5;19;4;3;2;6;0;0;1;0;0;0;0;0;POINT (13.58120783 52.54854189)
12;2018;5;20;1;3;5;3;1;1;1;0;0;0;0;0;POINT (13.37373335 52.56318832)
1;2018;5;10;1;3;3;2;0;0;1;0;0;0;1;0;POINT (13.34319032 52.5288519)
7;2018;5;19;4;3;2;7;0;1;0;0;0;0;1;0;POINT (13.33992188 52.49231547)
4;2018;5;20;1;3;5;2;1;1;1;0;0;0;0;0;POINT (13.32657153 52.48715833)
8;2018;5;20;1;3;6;7;0;0;1;1;0;0;0;0;POINT (13.44655679 52.47860304)
3;2018;5;7;4;3;0;6;0;1;0;0;0;0;1;0;POINT (13.46574248 52.55152431)
2;2018;5;20;4;3;5;3;1;1;0;0;0;0;1;0;POINT (13.42616874 52.4992591)
9;2018;5;17;1;3;6;2;0;0;1;1;0;0;0;0;POINT (13.53874248 52.43156314)
12;2018;5;16;4;3;4;1;0;0;1;0;0;0;0;0;POINT (13.2411685 52.6018739)
12;2018;5;16;4;3;0;5;0;1;0;0;0;0;1;0;POINT (13.31913118 52.56626957)
10;2018;5;18;1;3;1;5;0;0;0;0;0;1;1;0;POINT (13.59509451 52.52878598)
4;2018;5;18;1;3;5;7;0;1;1;0;0;0;0;0;POINT (13.32265046 52.48808724)
1;2018;5;18;4;3;3;6;0;1;1;0;0;0;0;0;POINT (13.34798399 52.53118639)
5;2018;5;0;1;3;8;1;2;0;1;0;0;0;0;0;POINT (13.23374642 52.52737618)
4;2018;5;17;4;3;5;7;0;0;1;0;0;0;1;0;POINT (13.30555945 52.49968852)
4;2018;5;18;1;3;5;2;0;1;0;0;1;0;0;0;POINT (13.32309821 52.4908515)
5;2018;5;16;4;3;2;6;0;0;1;0;0;0;0;0;POINT (13.15037243 52.55396697)
8;2018;5;19;4;3;2;6;0;0;1;0;0;0;0;0;POINT (13.42832574 52.47307348)
5;2018;5;18;1;3;0;2;0;0;1;0;0;0;1;0;POINT (13.19568138 52.52948992)
10;2018;5;18;4;2;5;2;0;0;1;0;1;0;0;0;POINT (13.6022295 52.5360461)
12;2018;5;18;4;2;5;3;0;0;1;0;0;0;0;0;POINT (13.28586911 52.59505635)
1;2018;5;18;1;3;1;5;0;0;1;0;1;0;0;0;POINT (13.39435548 52.51327738)
3;2018;5;17;4;3;2;6;0;0;1;0;0;0;0;0;POINT (13.46185051 52.55878211)
9;2018;5;16;4;2;5;3;0;1;1;0;0;0;0;0;POINT (13.62718923 52.46361358)
9;2018;5;7;1;3;5;2;0;1;1;0;0;0;0;0;POINT (13.52205119 52.40237915)
5;2018;5;7;1;2;5;7;0;0;1;0;1;0;0;0;POINT (13.15014434 52.55401017)
3;2018;5;15;4;2;5;3;0;1;1;0;0;0;0;0;POINT (13.44587688 52.54463738)
9;2018;5;8;1;3;5;7;0;0;1;0;0;0;0;0;POINT (13.56064657 52.45980528)
5;2018;5;22;4;3;8;1;2;0;1;0;0;0;0;0;POINT (13.20801904 52.54765619)
1;2018;5;7;1;3;0;2;0;1;1;0;0;0;0;0;POINT (13.38764307 52.53335707)
3;2018;5;4;4;3;6;7;2;1;0;1;0;0;0;0;POINT (13.44039224 52.55607623)
10;2018;5;7;4;2;5;3;0;0;1;0;0;0;0;0;POINT (13.57263325 52.55009385)
3;2018;5;7;1;3;0;7;0;0;1;0;1;0;0;1;POINT (13.46653975 52.55051263)
7;2018;5;7;4;3;5;2;0;1;1;0;0;0;0;0;POINT (13.34710362 52.50103623)
4;2018;5;8;1;3;2;6;0;1;0;0;0;0;0;0;POINT (13.30193327 52.48831311)
8;2018;5;9;1;3;5;3;0;0;1;0;0;0;0;0;POINT (13.43871069 52.46528314)
1;2018;5;7;1;3;5;3;0;1;1;0;0;0;0;0;POINT (13.36858342 52.51060118)
1;2018;5;9;4;3;2;7;0;0;1;0;1;0;1;0;POINT (13.3863108 52.54973549)
11;2018;5;9;4;3;5;2;0;1;1;0;0;0;0;0;POINT (13.51532306 52.49385061)
5;2018;5;8;1;2;2;6;0;0;0;0;1;0;1;0;POINT (13.16646776 52.51928488)
2;2018;5;9;1;3;2;6;0;0;1;0;0;0;1;0;POINT (13.41618617 52.48799012)
4;2018;5;9;1;3;2;6;0;0;1;0;0;0;0;0;POINT (13.30065174 52.519222)
6;2018;5;10;4;3;5;3;0;1;1;0;0;0;0;0;POINT (13.3312507 52.41996476)
6;2018;5;9;1;3;5;2;0;1;1;0;0;0;0;0;POINT (13.32988695 52.46435798)
6;2018;5;11;4;3;6;4;0;1;0;1;0;0;0;0;POINT (13.30778476 52.46681882)
1;2018;5;12;4;2;0;1;0;1;0;0;0;0;0;0;POINT (13.40179369 52.52907357)
2;2018;5;12;4;3;4;6;0;0;1;0;0;0;0;0;POINT (13.41128735 52.50432589)
3;2018;5;10;1;3;5;3;0;0;1;0;0;0;0;0;POINT (13.39853941 52.59242725)
6;2018;5;10;1;3;5;3;0;1;1;0;0;0;0;0;POINT (13.2988622 52.4652577)
12;2018;5;15;4;3;6;4;0;0;1;1;0;0;0;0;POINT (13.36069452 52.59566617)
1;2018;5;10;1;3;5;3;0;1;1;0;0;0;0;0;POINT (13.38905808 52.51559106)
3;2018;5;15;4;3;5;3;0;0;1;0;0;0;0;0;POINT (13.3887027 52.58246121)
12;2018;5;10;1;3;0;3;0;0;1;0;0;0;1;0;POINT (13.28113387 52.63271723)
6;2018;5;15;4;3;2;6;0;1;1;0;0;0;0;0;POINT (13.1307005 52.39176668)
4;2018;5;13;4;3;1;5;0;1;1;0;0;0;0;0;POINT (13.31294269 52.50444521)
6;2018;5;11;1;3;3;6;0;1;1;0;0;0;0;0;POINT (13.31882233 52.45757928)
8;2018;5;0;3;3;3;6;2;1;1;0;0;0;0;0;POINT (13.44813086 52.47790704)
1;2018;5;11;1;2;6;2;0;0;1;1;0;0;0;0;POINT (13.40884833 52.52292582)
2;2018;5;13;4;3;1;5;0;1;1;0;0;0;0;0;POINT (13.42139214 52.48715244)
9;2018;5;17;3;3;0;2;0;1;1;0;0;0;0;0;POINT (13.5692346 52.44470161)
5;2018;5;12;1;3;0;2;0;0;1;0;1;0;0;0;POINT (13.26477139 52.53687173)
1;2018;5;17;3;3;3;6;0;1;1;0;0;0;0;0;POINT (13.39579256 52.53866454)
1;2018;5;12;1;3;5;7;0;0;1;0;0;0;1;0;POINT (13.39467029 52.52874301)
1;2018;5;21;3;3;5;2;0;1;1;0;0;0;0;0;POINT (13.35991481 52.55436576)
8;2018;5;22;3;3;1;5;2;1;1;0;0;0;0;0;POINT (13.43072724 52.48585508)
4;2018;5;11;3;3;5;2;0;0;1;0;0;0;0;0;POINT (13.24031638 52.51183978)
7;2018;5;12;1;2;5;2;0;1;1;0;0;0;0;0;POINT (13.35940659 52.45683615)
9;2018;5;13;3;3;3;6;0;1;0;0;0;0;1;0;POINT (13.54987908 52.43856929)
6;2018;5;7;3;2;5;3;0;1;1;0;0;0;0;0;POINT (13.31333283 52.43551157)
1;2018;5;12;1;3;0;1;0;1;0;0;0;0;0;0;POINT (13.35220147 52.50526926)
6;2018;5;12;1;2;0;1;0;0;0;0;1;0;0;0;POINT (13.31530555 52.44954479)
7;2018;5;20;7;3;0;6;1;0;1;0;0;0;1;0;POINT (13.36870756 52.49312005)
12;2018;5;8;3;3;2;6;0;0;1;0;0;0;0;0;POINT (13.34449821 52.58927065)
11;2018;5;13;3;3;0;1;0;1;0;0;0;0;0;0;POINT (13.48291692 52.52673442)
2;2018;5;11;3;3;5;3;0;0;1;0;1;0;0;0;POINT (13.3906933 52.49603031)
9;2018;5;13;3;2;6;4;0;0;1;1;0;0;0;0;POINT (13.47552916 52.47590342)
2;2018;5;16;7;3;1;5;0;1;1;0;0;0;1;0;POINT (13.42980027 52.50983014)
2;2018;5;12;3;2;1;5;0;1;1;0;0;0;0;0;POINT (13.43247044 52.51659323)
9;2018;5;17;7;3;5;3;0;0;1;0;0;0;0;0;POINT (13.52892464 52.43309443)
6;2018;5;11;3;3;5;3;0;0;1;0;0;0;0;0;POINT (13.30909642 52.42050277)
1;2018;5;12;3;3;5;3;0;0;1;0;0;0;0;0;POINT (13.39448591 52.56257867)
12;2018;5;18;7;2;9;1;0;0;1;1;0;0;0;0;POINT (13.29438092 52.57627201)
3;2018;5;13;3;3;6;4;0;1;0;1;0;0;0;0;POINT (13.41370878 52.54763513)
2;2018;5;9;3;2;5;2;0;1;0;0;0;0;1;0;POINT (13.45816182 52.49953305)
4;2018;5;14;7;3;2;6;0;0;1;0;0;0;0;0;POINT (13.29986465 52.49857569)
1;2018;5;13;3;3;5;2;0;1;1;0;0;0;0;0;POINT (13.32984633 52.5229339)
1;2018;5;12;3;3;2;6;0;0;1;0;0;0;0;0;POINT (13.38097013 52.56630894)
1;2018;5;10;3;2;5;7;0;0;1;0;1;0;0;0;POINT (13.39028172 52.51214456)
7;2018;5;13;7;3;5;3;0;1;1;0;0;0;0;0;POINT (13.36177694 52.49774893)
4;2018;5;13;3;3;2;2;0;0;1;0;0;0;0;0;POINT (13.32041762 52.48365188)
7;2018;5;10;3;2;6;2;0;0;1;1;0;0;0;0;POINT (13.3282692 52.46483138)
2;2018;5;17;3;3;1;5;0;1;1;0;0;0;1;0;POINT (13.42483626 52.49974416)
1;2018;5;13;7;3;3;6;0;0;1;0;1;0;0;0;POINT (13.4103969 52.51031202)
8;2018;5;12;7;2;5;3;0;1;1;0;0;0;0;0;POINT (13.49096595 52.42392388)
4;2018;5;16;3;3;2;6;0;0;1;0;0;0;0;0;POINT (13.31460743 52.51087279)
5;2018;5;11;7;3;2;7;0;0;1;0;0;0;0;0;POINT (13.19171683 52.56771625)
1;2018;5;9;3;3;5;3;0;1;1;0;0;0;0;0;POINT (13.41637924 52.50916676)
11;2018;5;16;3;2;6;4;0;0;0;1;1;0;0;0;POINT (13.55535516 52.57013725)
9;2018;5;18;7;3;2;6;0;0;1;0;1;0;0;0;POINT (13.56289383 52.45665468)
3;2018;5;9;3;3;0;6;0;1;1;0;0;0;0;0;POINT (13.44677914 52.55473745)
3;2018;5;9;3;2;5;2;0;0;1;0;1;0;0;0;POINT (13.41353369 52.54765038)
10;2018;5;16;3;2;6;4;0;0;1;1;0;0;0;0;POINT (13.57253778 52.54626781)
2;2018;5;18;7;2;5;3;0;1;1;0;0;0;0;0;POINT (13.41116737 52.50350744)
7;2018;5;22;3;3;5;7;2;1;1;0;0;0;0;0;POINT (13.36707175 52.49317947)
4;2018;5;16;3;3;0;3;0;0;0;0;1;1;0;0;POINT (13.32591137 52.53885675)
4;2018;5;19;7;3;0;1;0;1;1;0;0;0;0;0;POINT (13.2996037 52.51347254)
8;2018;5;21;3;3;5;3;1;0;1;0;0;0;0;0;POINT (13.45120598 52.4720458)
1;2018;5;8;3;3;5;3;0;1;1;0;0;0;0;0;POINT (13.40395441 52.5124237)
7;2018;5;16;3;3;6;7;0;0;0;1;1;0;0;0;POINT (13.36379942 52.49728454)
7;2018;5;10;7;3;5;7;0;0;1;0;0;0;0;0;POINT (13.38009535 52.44147092)
1;2018;5;7;3;3;0;7;0;1;1;0;0;0;0;0;POINT (13.42252508 52.50544078)
6;2018;5;5;3;3;5;3;0;0;1;0;0;0;0;0;POINT (13.27595728 52.43342548)
11;2018;5;16;3;2;5;3;0;0;1;0;1;0;0;0;POINT (13.51825072 52.49432988)
2;2018;5;10;7;3;0;2;0;0;1;0;1;0;0;0;POINT (13.42986101 52.52311154)
6;2018;5;9;7;3;5;3;0;0;1;0;0;0;0;0;POINT (13.30510436 52.41789902)
2;2018;5;16;3;3;5;2;0;1;0;0;0;0;1;0;POINT (13.39042619 52.50670925)
10;2018;5;17;7;3;5;3;0;0;1;0;0;0;0;0;POINT (13.60366664 52.47884106)
7;2018;5;20;3;3;2;6;2;0;1;0;0;0;0;0;POINT (13.37389291 52.46877747)
2;2018;5;16;3;3;0;3;0;0;1;0;0;0;1;0;POINT (13.42388571 52.50229341)
5;2018;5;7;7;3;0;1;0;0;0;0;1;0;0;0;POINT (13.19861534 52.53493172)
7;2018;5;15;3;3;1;5;0;1;1;0;0;0;0;0;POINT (13.36521041 52.48827256)
8;2018;5;19;3;3;0;3;0;0;1;0;0;0;1;0;POINT (13.44599253 52.47638885)
2;2018;5;15;3;3;6;4;0;0;1;1;0;0;0;0;POINT (13.42945383 52.50283199)
4;2018;5;15;3;2;3;6;0;1;1;0;0;0;0;0;POINT (13.26945373 52.51127383)
3;2018;5;16;7;3;0;2;0;1;1;0;0;0;0;0;POINT (13.43351155 52.61244336)
4;2018;5;17;3;2;6;7;0;0;1;1;0;0;0;0;POINT (13.33036438 52.50530935)
1;2018;5;15;3;3;5;2;0;1;1;0;0;0;0;0;POINT (13.38435051 52.55589791)
10;2018;5;15;3;2;6;4;0;0;1;1;0;0;0;0;POINT (13.59218263 52.54644181)
4;2018;5;17;3;3;5;2;0;1;1;0;0;0;0;0;POINT (13.32026948 52.4768073)
8;2018;5;15;3;3;5;2;0;0;1;0;0;0;0;0;POINT (13.45890292 52.44032582)
1;2018;5;6;7;3;5;3;0;1;1;0;0;0;0;0;POINT (13.33999086 52.51873636)
3;2018;5;8;3;3;5;2;0;1;1;0;0;0;0;0;POINT (13.42628432 52.54302975)
12;2018;5;7;2;3;3;6;0;0;1;0;1;0;0;0;POINT (13.35931536 52.57446899)
4;2018;5;15;7;3;5;2;0;1;1;0;0;0;0;0;POINT (13.26337271 52.48259636)
4;2018;5;2;7;3;1;5;2;0;1;0;0;0;0;0;POINT (13.25599749 52.51999212)
1;2018;5;17;2;3;5;3;0;1;0;0;0;0;0;0;POINT (13.35130518 52.50839152)
3;2018;5;15;7;3;5;2;0;1;1;0;0;0;0;0;POINT (13.4417204 52.5321494)
10;2018;5;16;3;2;2;6;0;0;0;0;1;0;1;0;POINT (13.51918063 52.51877153)
10;2018;5;12;2;3;6;7;0;1;0;1;0;0;0;0;POINT (13.58083774 52.55273227)
12;2018;5;14;7;2;5;2;0;1;1;0;0;0;0;0;POINT (13.28581824 52.59513906)
1;2018;5;8;3;3;0;6;0;0;1;0;0;0;1;0;POINT (13.37819616 52.50781677)
9;2018;5;17;2;3;3;6;0;1;1;0;0;0;0;0;POINT (13.53355714 52.41692662)
8;2018;5;16;3;3;5;2;0;1;1;0;0;0;0;0;POINT (13.43309224 52.45234039)
7;2018;5;15;2;3;6;7;0;0;1;1;0;0;0;0;POINT (13.33024463 52.46681201)
1;2018;5;23;6;3;5;2;2;1;1;0;0;0;0;0;POINT (13.34491695 52.54653936)
6;2018;5;19;2;3;6;4;0;1;0;1;0;0;0;0;POINT (13.33994454 52.45081048)
6;2018;5;12;6;3;0;2;0;1;1;0;0;0;0;0;POINT (13.28006905 52.42237876)
2;2018;5;15;3;3;0;1;0;1;0;0;0;0;0;0;POINT (13.46637995 52.50868536)
2;2018;5;22;2;3;5;3;2;1;1;0;0;0;0;0;POINT (13.39657369 52.49129294)
1;2018;5;18;6;3;3;6;0;1;1;0;0;0;0;0;POINT (13.37835926 52.52237744)
1;2018;5;1;3;3;0;1;2;0;0;0;1;0;0;1;POINT (13.41630256 52.51078898)
3;2018;5;20;2;3;1;5;0;0;1;0;1;0;0;0;POINT (13.42508555 52.52799426)
5;2018;5;18;6;3;2;6;0;0;1;0;0;0;0;0;POINT (13.24728599 52.53807791)
3;2018;5;16;3;2;3;6;0;1;0;0;0;0;1;0;POINT (13.4815206 52.61783621)
2;2018;5;17;6;3;5;2;0;1;1;0;0;0;0;0;POINT (13.37674169 52.49146368)
7;2018;5;19;2;3;5;2;0;1;1;0;0;0;0;0;POINT (13.38341492 52.47172602)
8;2018;5;16;6;3;5;3;0;1;1;0;0;0;0;0;POINT (13.48819358 52.41333769)
9;2018;5;16;3;3;5;3;0;1;0;0;0;0;0;0;POINT (13.58362577 52.4553746)
1;2018;5;16;3;3;2;6;0;0;1;0;0;0;1;0;POINT (13.41492216 52.52750437)
5;2018;5;18;2;3;5;2;0;1;0;0;0;0;1;0;POINT (13.17818775 52.54870151)
9;2018;5;15;6;3;5;2;0;1;1;0;0;0;0;0;POINT (13.68625454 52.44236184)
12;2018;5;16;3;3;2;7;0;0;1;0;0;0;0;0;POINT (13.30041114 52.56711787)
1;2018;5;14;3;3;5;2;0;1;1;0;0;0;0;0;POINT (13.36034465 52.53724432)
4;2018;5;18;2;3;5;2;0;1;1;0;0;0;0;0;POINT (13.32020087 52.47880679)
3;2018;5;14;6;3;5;2;0;1;1;0;0;0;0;0;POINT (13.44266232 52.55111102)
3;2018;5;18;2;3;5;2;0;1;0;0;0;0;1;0;POINT (13.38965699 52.58616668)
7;2018;5;12;6;3;5;2;0;1;1;0;0;0;0;0;POINT (13.36310751 52.4941273)
1;2018;5;14;3;3;3;6;0;1;0;0;0;0;0;0;POINT (13.38351994 52.55469475)
2;2018;5;18;2;3;5;3;0;1;1;0;0;0;0;0;POINT (13.45242041 52.51247841)
1;2018;5;13;6;3;2;7;0;0;1;0;0;0;0;0;POINT (13.34580811 52.53009258)
1;2018;5;14;3;3;5;3;0;0;1;0;0;0;0;0;POINT (13.38442002 52.55599633)
12;2018;5;17;2;3;1;5;0;0;1;0;1;0;0;0;POINT (13.2915544 52.63388231)
4;2018;5;18;6;3;3;6;0;0;1;0;0;0;0;0;POINT (13.3052304 52.54783795)
7;2018;5;14;3;3;5;3;0;0;1;0;1;0;0;0;POINT (13.36434212 52.49752234)
2;2018;5;2;3;1;0;7;2;0;0;1;0;0;1;0;POINT (13.43056008 52.49941485)
1;2018;5;17;2;3;5;3;0;1;1;0;0;0;0;0;POINT (13.38031828 52.51875925)
2;2018;5;16;6;3;6;4;0;0;1;1;0;0;0;0;POINT (13.44999463 52.50751499)
9;2018;5;10;2;3;6;7;0;0;1;1;0;0;0;0;POINT (13.54652024 52.43733519)
8;2018;5;23;2;3;4;1;2;1;0;0;0;0;0;0;POINT (13.43445637 52.49143002)
4;2018;5;20;2;2;0;1;1;1;0;0;0;0;0;0;POINT (13.1972696 52.48097974)
3;2018;5;15;6;3;5;3;0;0;1;0;0;0;0;0;POINT (13.47287303 52.61700507)
1;2018;5;20;2;3;2;6;2;1;1;0;0;0;0;0;POINT (13.39789767 52.52761368)
3;2018;5;12;2;3;5;2;0;0;0;0;1;0;1;0;POINT (13.48197191 52.6102737)
1;2018;5;18;6;2;3;5;0;0;1;0;0;0;1;0;POINT (13.39986602 52.5420565)
4;2018;5;18;2;3;5;2;0;1;1;0;0;0;0;0;POINT (13.32943909 52.48152027)
1;2018;5;10;2;3;5;2;0;1;1;0;0;0;0;0;POINT (13.40960909 52.52396575)
8;2018;5;16;6;3;0;2;0;0;1;0;0;0;1;0;POINT (13.44753668 52.43701218)
9;2018;5;20;6;2;0;1;1;1;0;0;0;0;0;0;POINT (13.56894315 52.45343274)
1;2018;5;17;2;3;6;4;0;0;1;1;0;0;0;0;POINT (13.40343423 52.52318078)
4;2018;5;10;2;3;2;2;0;0;1;0;0;0;1;0;POINT (13.23155614 52.50998647)
1;2018;5;14;6;2;3;1;0;0;1;0;1;0;0;0;POINT (13.40120943 52.51118886)
7;2018;5;17;2;3;1;5;0;0;0;0;1;1;0;0;POINT (13.3708109 52.43318828)
5;2018;5;10;2;3;1;5;0;1;1;0;0;0;0;0;POINT (13.19938543 52.56668214)
5;2018;5;14;6;3;9;1;0;0;1;0;0;0;0;0;POINT (13.25381705 52.53502458)
3;2018;5;16;2;3;6;4;0;0;0;1;1;0;0;0;POINT (13.44612486 52.55859943)
5;2018;5;16;2;3;5;2;0;1;0;0;0;0;1;0;POINT (13.18297603 52.54798534)
5;2018;5;10;2;3;1;5;0;1;1;0;0;0;0;0;POINT (13.20043604 52.5455935)
1;2018;5;15;6;2;5;3;0;1;1;0;0;0;0;0;POINT (13.40987361 52.52902504)
1;2018;5;16;2;2;6;4;0;0;1;1;0;0;0;0;POINT (13.37875506 52.5613287)
12;2018;5;15;2;3;5;3;0;1;1;0;0;0;0;0;POINT (13.37250474 52.56159496)
1;2018;5;7;2;3;2;2;0;0;0;0;1;1;0;0;POINT (13.36978004 52.54287296)
3;2018;5;17;6;3;5;3;0;0;1;0;0;0;0;0;POINT (13.42409558 52.55284972)
8;2018;5;11;6;3;7;7;0;1;0;0;0;0;0;0;POINT (13.42133565 52.41128164)
9;2018;5;7;2;3;5;2;0;1;1;0;0;0;0;0;POINT (13.56246228 52.43727808)
4;2018;5;23;6;3;6;4;2;0;1;1;0;0;0;0;POINT (13.29029036 52.51903301)
2;2018;5;15;2;2;6;4;0;1;0;1;0;0;0;0;POINT (13.45223086 52.51250957)
8;2018;5;21;6;2;3;6;2;1;0;0;0;0;0;0;POINT (13.4160971 52.48053549)
2;2018;5;7;2;3;5;2;0;1;1;0;0;0;0;0;POINT (13.45507166 52.51370763)
12;2018;5;12;6;3;5;7;0;0;1;0;1;0;0;0;POINT (13.32820494 52.56429089)
9;2018;5;14;2;3;6;4;0;0;1;1;0;0;0;0;POINT (13.50718815 52.46528252)
9;2018;5;7;2;3;5;2;0;0;1;0;1;0;0;0;POINT (13.52474383 52.42318653)
8;2018;5;8;6;2;5;3;0;0;1;0;0;0;0;0;POINT (13.41686175 52.41825878)
1;2018;5;13;2;3;2;6;0;0;1;0;0;0;0;0;POINT (13.3586904 52.55372894)
1;2018;5;7;2;3;6;4;0;0;1;1;0;0;0;0;POINT (13.3161296 52.52911242)
1;2018;5;13;2;2;3;6;0;0;1;0;0;0;1;0;POINT (13.38798516 52.54868729)
1;2018;5;6;2;3;5;3;0;1;1;0;0;0;0;0;POINT (13.37855636 52.52824865)
2;2018;5;10;2;3;5;2;0;1;1;0;0;0;0;0;POINT (13.42784537 52.51816396)
8;2018;5;9;6;3;5;3;0;1;1;0;0;0;0;0;POINT (13.45905843 52.44034296)
7;2018;5;11;2;2;2;6;0;0;1;0;0;0;0;0;POINT (13.37608845 52.454879)
7;2018;5;4;2;2;5;2;1;1;0;0;0;0;1;0;POINT (13.40664372 52.3985013)
1;2018;5;10;6;3;2;2;0;0;0;0;1;0;1;0;POINT (13.42124044 52.50975029)
2;2018;5;9;2;3;0;2;0;1;0;0;0;1;0;0;POINT (13.40565689 52.489102)
9;2018;5;10;6;3;2;6;0;0;1;0;1;0;0;0;POINT (13.56966977 52.44190276)
1;2018;4;23;1;3;8;1;2;0;1;0;0;0;0;0;POINT (13.34837791 52.50690357)
2;2018;5;9;2;3;5;3;0;0;1;0;0;0;0;0;POINT (13.42899665 52.51551902)
10;2018;5;11;6;2;5;3;0;1;1;0;0;0;0;0;POINT (13.56631398 52.55386414)
2;2018;4;20;1;2;5;2;1;1;1;0;0;0;0;0;POINT (13.44670455 52.50260754)
1;2018;5;9;2;3;5;3;0;1;1;0;0;0;0;0;POINT (13.35033176 52.5244763)
4;2018;4;10;1;3;1;5;0;1;1;0;0;0;0;0;POINT (13.31743459 52.49345155)
1;2018;5;9;2;3;5;3;0;0;1;0;0;0;0;0;POINT (13.39185399 52.50956841)
7;2018;5;11;6;3;2;6;0;0;1;0;0;0;0;0;POINT (13.34809981 52.50233234)
7;2018;5;8;2;3;6;2;0;0;1;1;0;0;0;0;POINT (13.3665236 52.41757357)
11;2018;5;8;2;3;1;5;0;0;1;0;0;0;1;0;POINT (13.49979467 52.54568005)
5;2018;5;12;6;3;1;5;0;1;1;0;0;0;0;0;POINT (13.1630324 52.54900085)
11;2018;4;10;1;3;5;3;0;1;1;0;0;0;0;0;POINT (13.49650304 52.53399598)
3;2018;5;8;2;3;5;3;0;1;0;0;0;0;1;0;POINT (13.42784799 52.55034078)
7;2018;4;10;1;3;1;5;0;1;1;0;0;0;0;0;POINT (13.34643323 52.49721907)
2;2018;5;8;2;3;2;6;0;1;0;0;0;0;0;0;POINT (13.43962858 52.50059837)
6;2018;5;12;6;3;3;6;0;0;1;0;1;0;0;0;POINT (13.33799844 52.45112176)
9;2018;5;8;2;2;6;4;0;0;0;1;0;0;1;0;POINT (13.57942207 52.44357332)
6;2018;5;12;6;3;5;3;0;0;1;0;0;0;0;0;POINT (13.24267704 52.43367104)
10;2018;4;8;1;3;6;4;0;0;1;1;0;0;0;0;POINT (13.61989308 52.53915531)
5;2018;5;8;2;3;2;6;0;0;1;0;0;0;0;0;POINT (13.20770061 52.52861525)
1;2018;5;4;6;2;0;1;2;1;0;0;0;0;0;0;POINT (13.4054261 52.53433194)
9;2018;5;11;2;3;6;4;0;0;1;1;0;0;0;0;POINT (13.51694987 52.46178598)
12;2018;5;16;5;3;6;2;0;0;1;1;0;0;0;0;POINT (13.29168189 52.63329309)
2;2018;4;22;1;3;3;6;2;0;1;0;1;0;1;0;POINT (13.39811866 52.4982566)
5;2018;4;0;1;3;6;2;2;0;1;1;0;0;0;0;POINT (13.19820368 52.53303259)
4;2018;5;9;2;3;5;7;0;0;1;0;0;0;1;0;POINT (13.27804548 52.51838283)
6;2018;5;20;5;3;1;5;0;1;1;0;0;0;0;0;POINT (13.1466385 52.41399771)
8;2018;4;14;1;3;5;2;0;0;1;0;0;0;0;0;POINT (13.44238605 52.46577682)
8;2018;5;11;2;3;1;7;0;0;1;0;0;0;1;0;POINT (13.44192899 52.4737763)
11;2018;5;21;5;3;0;3;1;1;0;0;0;0;0;0;POINT (13.47676911 52.53696076)
5;2018;5;19;5;3;5;3;1;1;0;0;0;0;0;0;POINT (13.19657548 52.56291295)
12;2018;4;19;1;2;5;2;0;1;0;0;0;1;0;0;POINT (13.29796201 52.57819892)
7;2018;5;12;2;3;1;5;0;1;1;0;0;0;0;0;POINT (13.39157278 52.42275308)
7;2018;5;7;5;3;5;2;0;1;1;0;0;0;0;0;POINT (13.41108658 52.39416805)
5;2018;4;19;1;3;1;5;0;0;0;0;1;0;1;0;POINT (13.27168357 52.54124101)
1;2018;5;15;5;3;5;7;0;1;1;0;0;0;0;0;POINT (13.36834631 52.52581202)
4;2018;4;20;1;2;6;4;0;0;1;1;0;0;0;0;POINT (13.29806148 52.47348833)
4;2018;5;12;2;3;5;2;0;0;1;0;1;0;0;0;POINT (13.30444153 52.48825948)
11;2018;5;17;5;3;5;3;0;1;1;0;0;0;0;0;POINT (13.52729712 52.56838723)
6;2018;4;18;1;3;5;2;0;1;1;0;0;0;0;0;POINT (13.27205056 52.4535628)
12;2018;5;12;2;3;5;3;0;0;1;0;0;0;0;0;POINT (13.28207655 52.58330151)
10;2018;5;17;5;3;5;3;0;0;1;0;0;0;0;0;POINT (13.56395097 52.55647052)