bez;ujahr;umonat;ustunde;uwochentag;ukategorie;uart;utyp1;ulichtverh;istrad;istpkw;istfuss;istkrad;istgkfz;istsonstige;ustrzustand;geometry
9;2018;4;17;1;2;5;2;0;1;1;0;0;0;0;0;POINT (13.66004595 52.41325411)
12;2018;4;17;1;2;5;2;0;1;1;0;0;0;0;0;POINT (13.35641539 52.56895806)
3;2018;5;12;2;3;5;3;0;1;1;0;0;0;0;0;POINT (13.41827481 52.55422784)
5;2018;5;16;5;3;2;2;0;0;1;0;0;0;0;0;POINT (13.18294897 52.51269566)
4;2018;4;17;1;3;3;6;0;0;1;0;0;0;1;0;POINT (13.3174651 52.50121893)
3;2018;4;17;1;2;0;2;0;1;1;0;0;0;0;0;POINT (13.42859671 52.58307966)
9;2018;5;13;2;3;5;3;0;1;1;0;0;0;0;0;POINT (13.52225267 52.40242553)
4;2018;5;16;5;2;6;4;0;0;1;1;0;0;0;0;POINT (13.29882435 52.52383696)
3;2018;5;16;5;3;6;4;0;0;1;1;0;0;0;0;POINT (13.42455873 52.5469564)
1;2018;4;17;1;3;3;6;0;1;0;0;0;0;0;0;POINT (13.38759182 52.52431624)
10;2018;5;13;2;3;5;3;0;1;1;0;0;0;0;0;POINT (13.59674729 52.53645598)
4;2018;5;14;5;3;5;2;0;0;1;0;1;0;0;0;POINT (13.30234221 52.51884545)
6;2018;4;16;1;3;2;2;0;1;1;0;0;0;0;0;POINT (13.31339662 52.42315605)
6;2018;5;14;2;3;2;6;0;0;1;0;0;0;0;0;POINT (13.31531047 52.4458289)
1;2018;5;14;5;3;5;3;0;0;1;0;0;0;1;0;POINT (13.41537892 52.52271245)
6;2018;4;16;1;2;2;7;0;0;1;0;0;0;0;0;POINT (13.26515529 52.44197791)
1;2018;4;16;1;3;2;6;0;0;1;0;0;0;0;0;POINT (13.37409956 52.55394747)
9;2018;5;14;2;2;2;7;0;0;1;0;0;0;1;0;POINT (13.55308266 52.4035043)
9;2018;5;14;5;3;5;3;0;0;1;0;1;0;0;0;POINT (13.59180595 52.44702664)
8;2018;5;14;2;3;5;7;0;0;1;0;0;0;0;0;POINT (13.49223601 52.41379441)
11;2018;5;14;5;3;5;3;0;1;1;0;0;0;0;0;POINT (13.47695988 52.52298416)
1;2018;4;16;1;3;5;3;0;1;1;0;0;0;0;0;POINT (13.35285186 52.50398164)
9;2018;4;15;1;3;2;6;0;0;1;0;0;0;0;0;POINT (13.55913501 52.44840554)
4;2018;5;15;2;3;5;3;0;0;1;0;0;0;1;0;POINT (13.28857589 52.51892177)
4;2018;5;14;5;3;3;6;0;1;1;0;0;0;0;0;POINT (13.33038604 52.50037766)
12;2018;4;15;1;3;2;6;0;0;1;0;0;0;0;0;POINT (13.35863387 52.59681663)
10;2018;4;15;1;3;5;7;0;0;1;0;0;0;0;0;POINT (13.5288586 52.55652997)
12;2018;5;15;2;3;6;4;0;0;1;1;0;0;0;0;POINT (13.32802402 52.56391688)
7;2018;5;14;5;3;0;7;0;0;0;0;0;0;1;0;POINT (13.38950323 52.44779005)
1;2018;5;11;5;3;5;2;0;1;1;0;0;0;0;0;POINT (13.39111126 52.51575797)
2;2018;5;15;2;3;2;5;0;1;1;0;0;0;1;0;POINT (13.41832854 52.49994409)
1;2018;5;17;5;3;3;6;0;1;1;0;0;0;0;0;POINT (13.38594911 52.51454989)
1;2018;4;15;1;3;2;6;0;0;1;0;0;0;0;0;POINT (13.31987542 52.52582938)
6;2018;5;16;2;2;0;6;0;0;1;0;0;0;1;0;POINT (13.32714763 52.42814864)
11;2018;5;15;5;2;5;2;0;1;1;0;0;0;0;0;POINT (13.49611774 52.52645208)
1;2018;4;14;1;3;5;7;0;1;1;0;0;0;0;0;POINT (13.37285141 52.53833142)
11;2018;5;16;2;3;5;2;0;1;1;0;0;0;0;0;POINT (13.50921576 52.5465169)
6;2018;4;14;1;3;6;4;0;0;1;1;0;0;0;0;POINT (13.26727256 52.4096632)
1;2018;5;17;2;3;0;2;0;1;1;0;0;0;0;0;POINT (13.3708325 52.51782183)
8;2018;5;16;2;2;5;3;0;1;1;0;0;0;0;0;POINT (13.50495231 52.41232886)
1;2018;5;19;5;2;6;2;0;0;1;1;0;0;0;0;POINT (13.36817598 52.52403382)
7;2018;4;14;1;3;1;5;0;1;1;0;0;0;0;0;POINT (13.35080684 52.48638274)
1;2018;5;17;2;3;0;1;0;0;0;0;0;0;1;0;POINT (13.37035194 52.51693647)
8;2018;5;13;5;3;3;6;0;0;1;0;1;0;0;0;POINT (13.43544173 52.49111695)
1;2018;5;22;2;3;5;5;2;0;1;0;0;0;0;0;POINT (13.3682461 52.55008081)
9;2018;4;14;1;2;5;2;0;0;1;0;1;0;0;0;POINT (13.58640869 52.45149208)
10;2018;5;16;1;3;5;3;0;0;1;0;0;0;0;0;POINT (13.55236491 52.56660116)
6;2018;5;13;5;3;5;2;0;1;1;0;0;0;0;0;POINT (13.18674716 52.42620401)
6;2018;5;13;5;3;5;3;0;0;1;0;1;0;0;0;POINT (13.33480211 52.42096118)
5;2018;5;7;1;3;5;2;0;1;1;0;0;0;0;0;POINT (13.21557864 52.53809948)
12;2018;5;12;5;3;5;3;0;1;1;0;0;0;0;0;POINT (13.31092068 52.61301976)
9;2018;4;13;1;2;5;3;0;0;1;0;0;0;0;0;POINT (13.51303204 52.44773761)
9;2018;5;10;1;3;0;2;0;1;1;0;0;0;0;0;POINT (13.62481936 52.45172553)
2;2018;5;12;5;3;5;3;0;1;0;0;0;0;0;0;POINT (13.43614725 52.4979671)
8;2018;4;14;1;3;0;1;0;1;0;0;0;0;0;0;POINT (13.47211516 52.41797171)
1;2018;5;20;1;3;5;3;1;0;1;0;0;0;0;0;POINT (13.39012109 52.5130527)
4;2018;4;13;1;3;0;4;0;0;1;1;0;0;0;0;POINT (13.30113113 52.49158321)
2;2018;5;17;1;2;5;7;0;1;1;0;0;0;0;0;POINT (13.41625126 52.49968731)
2;2018;5;11;5;3;5;2;0;1;1;0;0;0;0;0;POINT (13.40581736 52.48951487)
9;2018;5;16;1;3;2;7;0;0;1;0;1;0;0;0;POINT (13.5442118 52.42802518)
9;2018;5;11;5;3;5;2;0;0;1;0;0;0;1;0;POINT (13.64297593 52.45594914)
11;2018;4;13;1;3;6;2;0;0;0;1;0;0;1;0;POINT (13.47615623 52.53283929)
1;2018;5;8;1;3;5;2;0;1;1;0;0;0;0;0;POINT (13.38745447 52.53350064)
1;2018;5;11;5;3;5;7;0;0;1;0;0;0;0;0;POINT (13.35213354 52.55383266)
12;2018;5;0;1;3;5;3;2;0;1;0;0;1;0;0;POINT (13.31428753 52.57668524)
3;2018;5;11;5;3;5;3;0;0;1;0;0;0;0;0;POINT (13.46726648 52.5969833)
10;2018;4;13;1;3;6;4;0;0;1;1;0;0;0;0;POINT (13.56367347 52.54858686)
8;2018;4;12;1;3;1;5;0;1;1;0;0;0;1;0;POINT (13.42429771 52.48583426)
3;2018;5;17;1;3;4;6;0;1;0;0;0;0;0;0;POINT (13.44617806 52.59074613)
1;2018;5;14;5;3;5;3;0;1;1;0;0;0;0;0;POINT (13.37372242 52.55069323)
1;2018;4;12;1;3;5;3;0;1;1;0;0;0;0;0;POINT (13.35000758 52.54510108)
12;2018;5;20;5;3;1;5;0;0;0;0;1;0;1;0;POINT (13.34291574 52.6008381)
10;2018;4;12;1;3;3;6;0;1;1;0;0;0;0;0;POINT (13.56047671 52.5251168)
1;2018;5;17;1;3;5;3;0;1;1;0;0;0;0;0;POINT (13.40042566 52.51004102)
1;2018;5;20;5;3;5;7;0;0;1;0;1;0;0;0;POINT (13.40604603 52.51916428)
4;2018;4;12;1;3;0;7;0;1;0;0;0;0;1;0;POINT (13.32753084 52.50306933)
1;2018;4;12;1;3;0;2;0;1;0;0;0;0;1;0;POINT (13.34292337 52.52526665)
4;2018;5;17;1;3;5;3;0;1;1;0;0;0;0;0;POINT (13.29022033 52.49719827)
12;2018;5;10;5;3;5;2;0;1;1;0;0;0;0;0;POINT (13.28210927 52.5940086)
9;2018;5;17;1;3;5;7;0;0;1;0;1;0;0;0;POINT (13.72046943 52.43848386)
12;2018;5;20;5;2;6;4;1;0;1;1;0;0;0;0;POINT (13.29475108 52.57597297)
3;2018;4;12;1;3;5;2;0;1;1;0;0;0;0;0;POINT (13.4110467 52.55411479)
3;2018;5;16;1;3;3;6;0;1;0;0;0;1;0;0;POINT (13.42933585 52.55168132)
2;2018;5;20;5;3;6;4;0;1;0;1;0;0;0;0;POINT (13.39216928 52.50681566)
7;2018;4;10;1;3;2;6;0;0;1;0;1;0;0;0;POINT (13.36021375 52.47530845)
1;2018;5;16;1;3;5;2;0;1;1;0;0;0;0;0;POINT (13.39036478 52.50765574)
9;2018;5;10;5;3;1;5;0;1;1;0;0;0;0;0;POINT (13.58713836 52.42571548)
2;2018;4;19;7;3;2;6;0;0;1;0;0;0;0;0;POINT (13.39568509 52.4985129)
2;2018;4;18;7;2;0;1;0;0;1;0;1;0;0;0;POINT (13.38888243 52.49939849)
3;2018;5;9;5;3;4;6;0;1;1;0;0;0;0;0;POINT (13.44994672 52.55100676)
11;2018;4;18;7;2;6;7;0;0;1;1;0;0;0;0;POINT (13.49594411 52.50609067)
9;2018;4;18;7;3;2;6;0;0;1;0;0;0;0;0;POINT (13.54537701 52.42553933)
5;2018;5;7;4;3;5;3;0;1;1;0;0;0;0;0;POINT (13.156207 52.54685602)
5;2018;5;10;1;2;5;3;0;0;1;0;1;0;0;0;POINT (13.15745505 52.53985079)
11;2018;5;7;4;3;5;2;0;1;1;0;0;0;0;0;POINT (13.47782661 52.51413451)
5;2018;5;10;1;2;5;2;0;0;1;0;1;0;0;0;POINT (13.13106956 52.46338333)
4;2018;5;7;4;3;5;3;0;1;1;0;0;0;0;0;POINT (13.31102567 52.47226671)
10;2018;5;7;1;2;5;2;0;0;0;0;0;0;1;0;POINT (13.52194074 52.52589557)
4;2018;5;11;1;3;1;5;0;0;1;0;1;0;0;0;POINT (13.33286089 52.48600947)
8;2018;5;6;4;3;2;6;0;0;1;0;1;0;0;0;POINT (13.41842322 52.45196434)
3;2018;5;11;1;3;4;6;0;0;1;0;0;0;0;0;POINT (13.4914613 52.62234429)
10;2018;5;7;1;2;2;6;0;0;1;0;0;0;0;0;POINT (13.58751039 52.54953478)
10;2018;5;6;1;2;3;6;0;0;1;0;0;1;0;0;POINT (13.51944302 52.52233311)
2;2018;5;6;4;3;5;5;0;0;1;0;0;0;0;0;POINT (13.4518364 52.50840628)
12;2018;5;19;1;3;5;3;0;0;1;0;0;0;0;0;POINT (13.36819177 52.56386096)
1;2018;5;4;4;3;1;1;2;1;0;0;0;1;0;0;POINT (13.38964191 52.5119482)
2;2018;5;19;1;3;5;2;1;1;1;0;0;0;0;0;POINT (13.40671755 52.49847209)
7;2018;5;12;4;3;5;3;0;0;1;0;1;0;0;0;POINT (13.39564458 52.4244348)
11;2018;5;20;4;3;0;3;0;0;1;0;1;0;0;0;POINT (13.47515014 52.50532083)
4;2018;5;19;1;3;9;1;0;0;1;0;1;0;0;0;POINT (13.28943921 52.50939854)
10;2018;5;13;4;3;2;6;0;0;1;0;0;0;0;0;POINT (13.51948025 52.52853139)
2;2018;5;18;1;2;5;2;0;0;1;0;0;0;1;0;POINT (13.4265909 52.49927843)
5;2018;5;13;4;3;5;2;0;0;1;0;0;0;1;0;POINT (13.20038651 52.53651257)
2;2018;5;11;4;3;5;2;0;0;1;0;0;1;0;0;POINT (13.44086406 52.50479739)
8;2018;5;18;1;3;5;2;0;0;1;0;1;0;0;0;POINT (13.4353205 52.46017541)
11;2018;5;11;4;3;2;2;0;0;1;0;0;0;0;0;POINT (13.45900144 52.52618)
5;2018;5;7;4;3;5;2;0;1;1;0;0;0;0;0;POINT (13.17067109 52.51015378)
4;2018;5;18;1;3;5;2;1;1;1;0;0;0;0;0;POINT (13.32393121 52.4955697)
11;2018;5;5;4;2;5;3;1;1;1;0;0;0;0;0;POINT (13.49820319 52.56382442)
7;2018;5;18;1;3;5;3;0;0;1;0;1;0;0;0;POINT (13.35226602 52.47410093)
5;2018;5;7;4;2;6;4;0;0;1;1;0;0;0;0;POINT (13.26437339 52.54856972)
1;2018;5;18;1;3;3;6;0;0;1;0;1;0;1;0;POINT (13.37733525 52.5496141)
3;2018;5;19;4;3;5;2;0;1;1;0;0;0;0;0;POINT (13.41546216 52.54395202)
1;2018;5;18;4;3;5;2;0;1;1;0;0;0;0;0;POINT (13.3591469 52.50987573)
6;2018;5;17;1;3;5;3;0;1;1;0;0;0;0;0;POINT (13.27113564 52.4229733)
10;2018;5;18;4;3;2;6;0;0;1;0;0;0;0;0;POINT (13.56162045 52.50685654)
9;2018;5;18;1;3;5;3;0;1;1;0;0;0;0;0;POINT (13.48833247 52.45128569)
8;2018;5;17;4;3;2;6;0;0;1;0;0;0;0;0;POINT (13.43078445 52.4216325)
4;2018;5;16;1;3;6;4;0;0;1;1;0;0;0;0;POINT (13.30894489 52.51658395)
7;2018;5;17;4;3;0;3;0;1;0;0;0;0;1;0;POINT (13.32841088 52.46483285)
4;2018;5;17;4;3;5;3;0;1;1;0;0;0;0;0;POINT (13.31030129 52.49350422)
1;2018;5;17;1;2;5;2;0;1;1;0;0;0;0;0;POINT (13.35289088 52.50241853)
1;2018;5;17;1;3;2;6;0;0;1;0;0;0;0;0;POINT (13.38410591 52.55583632)
3;2018;5;16;4;3;5;3;0;1;1;0;0;0;0;0;POINT (13.41948277 52.59146732)
2;2018;5;17;1;3;2;6;0;0;1;0;0;0;0;0;POINT (13.46628855 52.49699011)
12;2018;5;18;1;2;6;4;0;0;0;1;0;0;1;0;POINT (13.36155346 52.59696934)
1;2018;5;16;4;3;5;7;0;0;1;0;1;0;0;0;POINT (13.32858727 52.53113455)
4;2018;5;16;1;3;5;3;0;0;1;0;0;0;0;0;POINT (13.32430427 52.47874239)
1;2018;5;16;4;3;6;4;0;1;1;1;0;0;0;0;POINT (13.3882959 52.52013404)
11;2018;5;16;1;3;1;5;0;0;1;0;0;0;0;0;POINT (13.48799398 52.51554682)
7;2018;5;16;4;3;1;5;0;1;1;0;0;0;0;0;POINT (13.34048626 52.47446631)
11;2018;5;16;1;3;6;4;0;1;0;1;0;0;0;0;POINT (13.50193188 52.51813887)
12;2018;5;15;1;3;6;4;0;0;0;1;1;0;0;0;POINT (13.30193916 52.61713085)
12;2018;5;16;4;3;2;6;0;0;1;0;0;0;0;0;POINT (13.35450689 52.56841796)
12;2018;5;15;1;3;5;3;0;1;1;0;0;0;0;0;POINT (13.32195657 52.5948224)
1;2018;5;15;1;2;6;4;0;0;0;1;0;0;1;0;POINT (13.38277924 52.53050474)
2;2018;5;15;4;3;3;6;0;1;1;0;0;0;0;0;POINT (13.42302644 52.50015559)
3;2018;5;15;1;3;5;2;0;0;1;0;0;0;0;0;POINT (13.47024843 52.55363293)
1;2018;5;15;1;3;5;3;0;0;1;0;0;0;0;0;POINT (13.35217163 52.50551491)
12;2018;5;16;4;3;1;5;0;0;1;0;0;0;0;0;POINT (13.32699221 52.61802382)
6;2018;5;15;1;3;5;2;0;0;1;0;0;0;0;0;POINT (13.32535161 52.45553131)
6;2018;5;15;4;3;0;6;0;0;0;0;0;0;1;0;POINT (13.34165698 52.44200457)
2;2018;5;15;1;3;5;3;0;0;1;0;0;0;0;0;POINT (13.40447694 52.49514166)
1;2018;5;21;4;3;0;1;1;1;0;0;0;0;0;0;POINT (13.40428935 52.53311498)
5;2018;5;14;1;3;2;6;0;0;1;0;0;0;0;0;POINT (13.20072608 52.53838828)
1;2018;5;15;1;3;5;2;0;1;1;0;0;0;0;0;POINT (13.38609168 52.55873851)
11;2018;5;16;3;3;5;7;0;1;0;0;0;0;0;0;POINT (13.48515136 52.51597315)
7;2018;5;15;1;2;3;6;0;1;0;0;1;0;0;0;POINT (13.37738368 52.48077784)
7;2018;5;10;3;3;5;7;0;1;1;0;0;0;0;0;POINT (13.34215161 52.48248378)
1;2018;5;23;3;3;6;2;2;0;0;1;0;0;1;0;POINT (13.32841738 52.5330636)
11;2018;5;14;1;3;2;6;0;0;1;0;0;0;0;0;POINT (13.47960467 52.52282473)
5;2018;5;14;1;3;2;6;0;0;1;0;1;0;0;0;POINT (13.18413084 52.54465923)
2;2018;5;23;3;3;5;3;2;1;0;0;0;0;0;0;POINT (13.45042784 52.50935017)
1;2018;5;21;3;3;2;6;2;1;1;0;0;0;0;0;POINT (13.40367421 52.5230727)
3;2018;5;13;1;3;0;3;0;0;1;0;0;0;1;0;POINT (13.47708357 52.56323474)
2;2018;5;20;3;3;2;7;0;1;1;0;0;0;0;0;POINT (13.45626017 52.51004294)
6;2018;5;13;1;3;1;5;0;1;1;0;0;0;0;0;POINT (13.29912689 52.46258515)
12;2018;5;22;3;2;5;2;2;1;1;0;0;0;0;0;POINT (13.24499431 52.61434594)
6;2018;5;13;1;3;5;3;0;0;1;0;0;0;0;0;POINT (13.34834096 52.41958617)
6;2018;5;13;3;2;6;4;0;0;1;1;0;0;0;0;POINT (13.31054157 52.42115186)
5;2018;5;15;3;3;6;2;0;0;1;1;0;0;0;0;POINT (13.19701964 52.56196779)
1;2018;5;13;1;3;2;6;0;1;1;0;0;0;0;0;POINT (13.38356241 52.55506708)
4;2018;5;17;3;3;0;6;0;0;1;0;1;0;0;0;POINT (13.29750115 52.50676753)
11;2018;5;18;3;3;5;2;0;1;0;0;0;0;1;0;POINT (13.49590694 52.5060278)
12;2018;5;16;1;3;0;1;0;0;0;0;1;0;0;0;POINT (13.31673714 52.56676873)
4;2018;5;18;3;3;0;6;0;1;0;0;0;0;0;0;POINT (13.29712284 52.51045616)
1;2018;5;18;3;3;5;2;0;1;1;0;0;0;0;0;POINT (13.35735925 52.53593289)
8;2018;5;20;1;2;5;3;1;0;1;0;1;0;0;0;POINT (13.49782463 52.41512904)
4;2018;5;19;3;3;5;3;0;1;1;0;0;0;0;0;POINT (13.33392358 52.50428636)
9;2018;5;13;1;3;0;1;0;1;0;0;0;0;0;0;POINT (13.47126715 52.45313263)
11;2018;5;15;3;3;5;2;0;1;1;0;0;0;0;0;POINT (13.51965681 52.50583354)
1;2018;5;12;1;3;1;5;0;0;1;0;0;0;1;0;POINT (13.38593146 52.51611808)
9;2018;5;19;3;3;2;6;0;0;1;0;0;0;0;0;POINT (13.60770638 52.45306662)
3;2018;5;20;3;3;5;3;0;1;1;0;0;0;0;0;POINT (13.46664782 52.55013921)
1;2018;5;23;7;3;0;7;2;0;0;0;1;0;0;0;POINT (13.36258955 52.5228959)
9;2018;5;15;3;3;5;3;0;1;1;0;0;0;0;0;POINT (13.52676401 52.43766127)
6;2018;5;13;3;3;6;4;0;1;0;1;0;0;0;0;POINT (13.2990138 52.45409921)
2;2018;5;16;7;3;5;3;0;1;1;0;0;0;0;0;POINT (13.42401589 52.51334915)
8;2018;5;18;7;3;5;7;0;0;1;0;1;0;0;0;POINT (13.44413246 52.48542258)
12;2018;5;13;3;3;5;2;0;0;1;0;0;0;1;0;POINT (13.31703106 52.58823353)
2;2018;5;15;7;3;5;3;0;0;1;0;0;0;1;0;POINT (13.39429084 52.50695494)
11;2018;5;12;3;3;5;3;0;1;0;0;0;0;1;0;POINT (13.48840625 52.5022096)
8;2018;5;15;7;3;1;5;0;0;1;0;1;0;0;0;POINT (13.42830975 52.46406561)
6;2018;5;12;3;3;0;3;0;0;1;0;1;0;0;0;POINT (13.34673767 52.428892)
1;2018;5;15;7;3;5;2;0;0;1;0;0;0;0;0;POINT (13.34203128 52.51789548)
1;2018;5;10;3;3;0;7;0;0;1;0;1;0;0;0;POINT (13.35297422 52.50961443)
11;2018;5;9;3;3;5;3;0;1;0;0;0;1;0;0;POINT (13.47533897 52.50284443)
1;2018;5;18;7;2;5;2;0;0;1;0;1;0;0;0;POINT (13.35926781 52.54638354)
4;2018;5;8;3;3;5;2;0;1;1;0;0;0;0;0;POINT (13.30640124 52.52883713)
9;2018;5;19;7;3;2;6;0;0;1;0;0;0;0;0;POINT (13.52721262 52.43791675)
5;2018;5;8;3;3;5;2;0;0;1;0;0;0;0;0;POINT (13.18621067 52.51764031)
5;2018;5;14;7;2;1;7;0;0;1;0;0;0;0;0;POINT (13.20871931 52.563632)
8;2018;5;20;7;3;5;3;1;0;1;0;0;0;0;0;POINT (13.45223898 52.4710165)
1;2018;5;14;3;2;0;1;0;0;1;0;1;0;0;0;POINT (13.37896622 52.55292688)
4;2018;5;12;7;3;2;6;0;0;1;0;0;0;0;0;POINT (13.27990204 52.50553764)
1;2018;5;12;7;3;1;5;0;1;1;0;0;0;1;0;POINT (13.40473724 52.52970977)
9;2018;5;17;3;2;5;3;0;1;1;0;0;0;0;0;POINT (13.57628567 52.45463317)
8;2018;5;18;3;2;6;4;0;1;0;1;0;0;0;0;POINT (13.43546561 52.48075011)
6;2018;5;13;7;3;0;3;0;0;1;0;1;0;0;0;POINT (13.35482045 52.44882102)
5;2018;5;15;3;3;1;1;0;0;1;0;0;0;0;0;POINT (13.21851361 52.52527723)
7;2018;5;12;7;3;3;2;0;0;1;0;1;0;0;0;POINT (13.39937536 52.45297008)
5;2018;5;12;7;3;5;3;0;0;1;0;0;0;0;0;POINT (13.18496232 52.53419769)
2;2018;5;17;3;3;1;5;0;1;0;0;0;0;1;0;POINT (13.39262704 52.50562296)
7;2018;5;9;7;3;6;2;0;0;1;1;0;0;0;0;POINT (13.34522966 52.48902182)
8;2018;5;14;7;2;6;4;0;0;1;1;0;0;0;0;POINT (13.42633025 52.4657702)
11;2018;5;13;3;2;0;1;0;1;0;0;0;0;0;0;POINT (13.52537123 52.48163806)
12;2018;5;11;7;2;5;7;0;0;1;0;1;0;0;0;POINT (13.36278829 52.56660815)
7;2018;5;23;7;2;5;3;2;0;1;0;0;0;0;0;POINT (13.39269314 52.46553352)
9;2018;5;16;7;2;0;7;0;1;0;0;0;0;0;0;POINT (13.48116212 52.45269866)
1;2018;5;15;3;3;0;1;0;1;0;0;0;0;0;0;POINT (13.39656818 52.52404328)
3;2018;5;11;7;2;3;6;0;1;1;0;0;0;0;0;POINT (13.37360337 52.59793431)
5;2018;5;1;7;3;0;1;2;1;0;0;0;0;0;0;POINT (13.20740744 52.58423585)
6;2018;5;14;6;3;1;5;0;0;1;0;0;0;0;0;POINT (13.27426398 52.45887841)
1;2018;5;19;3;3;3;6;0;0;1;0;0;0;1;0;POINT (13.37029126 52.5446719)
8;2018;5;1;7;2;5;3;2;0;1;0;0;0;0;0;POINT (13.46456891 52.47013313)
2;2018;5;17;6;2;1;6;0;1;0;0;0;1;1;0;POINT (13.40390436 52.49845116)
7;2018;5;8;3;3;5;2;0;1;1;0;0;0;0;0;POINT (13.34570041 52.49424169)
7;2018;5;17;6;3;5;3;0;1;1;0;0;0;0;0;POINT (13.34150886 52.48378965)
9;2018;5;11;6;3;5;3;0;1;0;0;0;0;1;0;POINT (13.53463432 52.40932286)
1;2018;5;7;3;2;6;4;0;0;1;1;0;0;0;0;POINT (13.41843042 52.51819028)
4;2018;5;23;6;3;0;5;2;0;1;0;0;0;1;0;POINT (13.29996435 52.52290907)
3;2018;5;7;3;2;5;3;0;0;1;0;1;0;0;0;POINT (13.47075664 52.60154807)
8;2018;5;19;6;3;5;7;0;0;1;0;0;0;0;0;POINT (13.43492617 52.46678665)
11;2018;5;5;3;3;5;2;0;1;1;0;0;0;0;0;POINT (13.50061143 52.56152043)
10;2018;5;5;3;3;1;5;0;0;1;0;0;0;1;0;POINT (13.56773041 52.51311231)
1;2018;5;18;6;3;6;4;0;0;1;1;0;0;0;0;POINT (13.37583982 52.50683147)
2;2018;5;19;6;3;5;7;1;1;1;0;0;0;0;0;POINT (13.4541969 52.51219019)
1;2018;5;0;3;3;2;6;2;0;1;0;0;0;0;0;POINT (13.41584988 52.52021187)
7;2018;5;8;2;3;3;6;0;0;1;0;0;0;1;0;POINT (13.36633471 52.44942425)
7;2018;5;19;6;3;5;3;0;1;1;0;0;0;0;0;POINT (13.40975836 52.38723344)
1;2018;5;22;2;3;2;6;2;0;1;0;0;0;0;1;POINT (13.38963874 52.55397088)
3;2018;5;15;6;3;5;7;0;0;1;0;1;0;0;0;POINT (13.4476178 52.55325281)
3;2018;5;16;6;3;1;5;0;1;1;0;0;0;0;0;POINT (13.41469643 52.53838368)
6;2018;5;9;2;2;3;6;0;1;0;0;0;0;1;0;POINT (13.3185742 52.46360495)
1;2018;5;15;6;3;5;3;0;1;1;0;0;0;0;0;POINT (13.35750833 52.53600714)
7;2018;5;14;6;3;5;3;0;0;1;0;0;0;0;0;POINT (13.37062311 52.46887627)
11;2018;5;15;2;3;5;3;0;0;1;0;0;0;0;0;POINT (13.50190074 52.49832523)
2;2018;5;13;6;3;3;6;0;0;1;0;1;0;0;0;POINT (13.44243736 52.50081324)
11;2018;5;13;6;3;2;6;0;0;1;0;1;0;0;0;POINT (13.47796711 52.51471778)
2;2018;5;15;2;3;0;2;0;0;1;0;1;0;0;0;POINT (13.38280756 52.49150836)
6;2018;5;18;6;3;5;2;0;0;1;0;0;0;0;0;POINT (13.29299561 52.46757065)
2;2018;5;13;6;3;2;6;0;0;1;0;1;0;0;0;POINT (13.43755726 52.50029483)
2;2018;5;18;2;3;5;7;0;1;1;0;0;0;0;1;POINT (13.38869191 52.50074443)
1;2018;5;11;6;3;3;6;0;1;0;0;0;0;0;0;POINT (13.41559325 52.52723848)
4;2018;5;11;2;3;5;3;0;1;1;0;0;0;0;0;POINT (13.30004711 52.50966281)
4;2018;5;12;6;3;5;3;0;1;0;0;0;0;1;0;POINT (13.33441557 52.50853981)
4;2018;5;10;2;3;5;2;0;1;1;0;0;0;0;0;POINT (13.28522602 52.47947682)
10;2018;5;20;6;3;5;3;1;0;1;0;0;0;0;0;POINT (13.64099615 52.52799747)
8;2018;5;10;6;3;2;7;0;1;1;0;0;0;0;0;POINT (13.50412611 52.4119287)
2;2018;5;10;2;3;5;3;0;1;1;0;0;0;0;0;POINT (13.40674944 52.4949749)
7;2018;5;20;6;3;1;5;1;1;1;0;0;0;0;0;POINT (13.38201109 52.48219683)
2;2018;5;6;6;3;5;7;0;0;1;0;0;0;0;0;POINT (13.41603736 52.49562195)
12;2018;5;10;2;3;0;3;0;1;1;0;0;0;0;0;POINT (13.3110435 52.62224909)
7;2018;5;20;6;3;0;1;0;0;0;0;1;0;0;0;POINT (13.32972453 52.47070666)
1;2018;5;15;6;3;5;2;0;1;1;0;0;0;0;0;POINT (13.4180095 52.51807955)
1;2018;5;18;6;3;3;6;0;0;1;0;0;0;0;0;POINT (13.40326686 52.52988743)
3;2018;5;7;2;3;6;7;0;1;0;1;0;0;0;0;POINT (13.444473 52.53411992)
7;2018;5;15;6;2;5;2;0;0;1;0;0;0;0;0;POINT (13.37784163 52.47243975)
8;2018;5;15;6;3;5;3;0;0;1;0;0;0;0;0;POINT (13.43310207 52.45243317)
7;2018;5;14;6;3;1;5;0;0;1;0;0;0;1;0;POINT (13.35343562 52.49258903)
1;2018;5;20;2;3;2;6;2;0;1;0;0;0;0;1;POINT (13.39611358 52.53813003)
9;2018;5;14;6;2;6;4;0;0;0;1;0;0;1;0;POINT (13.57146402 52.43507669)
4;2018;5;11;6;3;0;1;0;1;0;0;0;0;0;0;POINT (13.24917148 52.52406388)
9;2018;5;15;5;3;3;2;0;0;1;0;0;1;0;0;POINT (13.51967337 52.42814202)
5;2018;5;19;2;3;5;3;1;0;1;0;0;0;0;1;POINT (13.15721426 52.53442333)
1;2018;5;13;6;3;1;5;0;1;1;0;0;0;0;0;POINT (13.34591837 52.54470494)