bez;ujahr;umonat;ustunde;uwochentag;ukategorie;uart;utyp1;ulichtverh;istrad;istpkw;istfuss;istkrad;istgkfz;istsonstige;ustrzustand;geometry
3;2018;5;19;2;3;5;3;1;0;1;0;0;0;0;1;POINT (13.39804374 52.5849217)
10;2018;5;8;6;2;5;2;0;1;1;0;0;0;0;0;POINT (13.52185558 52.52589994)
3;2018;5;15;5;3;5;3;0;1;1;0;0;0;0;0;POINT (13.5049104 52.59659277)
7;2018;5;18;2;3;2;6;0;0;1;0;0;0;0;1;POINT (13.36272316 52.49783225)
12;2018;5;8;6;2;5;3;0;1;1;0;0;0;0;0;POINT (13.3683693 52.5743733)
9;2018;5;15;5;3;2;6;0;0;1;0;0;0;0;0;POINT (13.50531433 52.43718226)
7;2018;5;9;2;3;5;2;0;1;1;0;0;0;0;0;POINT (13.37827715 52.45189038)
12;2018;5;9;6;3;5;2;0;1;1;0;0;0;0;0;POINT (13.36464005 52.56271339)
1;2018;5;0;5;3;1;5;2;1;1;0;0;0;0;0;POINT (13.41041964 52.52778147)
2;2018;5;17;5;3;6;2;0;0;0;1;0;0;1;0;POINT (13.41689311 52.4979268)
9;2018;5;9;2;3;2;6;0;0;1;0;1;0;0;0;POINT (13.55830919 52.4546948)
8;2018;5;10;6;3;1;5;0;0;1;0;0;0;0;0;POINT (13.43571061 52.42461461)
7;2018;5;16;5;3;6;7;0;1;0;1;0;0;0;0;POINT (13.33439888 52.47056271)
4;2018;5;15;5;3;0;2;0;1;1;0;0;0;0;0;POINT (13.29621356 52.51933057)
7;2018;5;9;2;3;5;2;0;1;1;0;0;0;0;0;POINT (13.4094144 52.45461308)
9;2018;5;12;6;2;5;3;0;0;1;0;1;0;0;0;POINT (13.49525835 52.43774512)
9;2018;5;15;5;3;4;6;0;1;1;0;0;0;0;0;POINT (13.68942723 52.42426934)
2;2018;5;8;2;3;5;2;0;1;0;0;1;0;0;0;POINT (13.43029253 52.50187611)
7;2018;5;12;6;3;5;2;0;0;1;0;0;0;1;0;POINT (13.3326199 52.46908675)
8;2018;5;18;5;3;5;3;0;0;1;0;0;0;0;0;POINT (13.42776656 52.4810835)
12;2018;5;8;2;3;5;2;0;1;1;0;0;0;0;0;POINT (13.28954684 52.58260164)
2;2018;5;4;6;2;5;3;1;1;1;0;0;0;0;0;POINT (13.46330465 52.50827162)
5;2018;5;1;6;3;5;3;2;0;1;0;0;0;0;0;POINT (13.1968867 52.53140041)
12;2018;5;14;5;3;2;6;0;0;1;0;0;0;0;0;POINT (13.26935384 52.57588302)
3;2018;5;7;2;3;5;3;0;0;1;0;1;0;0;0;POINT (13.46697106 52.6149677)
7;2018;5;0;6;3;9;1;2;0;1;0;0;0;0;0;POINT (13.38158836 52.46134759)
12;2018;5;12;5;3;5;3;0;1;1;0;0;0;0;0;POINT (13.22702156 52.62592417)
11;2018;5;6;2;2;5;7;0;0;1;0;0;0;1;0;POINT (13.49590637 52.48798629)
10;2018;5;14;6;2;6;4;0;0;1;1;0;0;0;0;POINT (13.54191485 52.52578336)
1;2018;5;11;5;3;1;5;0;1;1;0;0;0;0;0;POINT (13.3893148 52.51399763)
4;2018;5;9;5;3;0;2;0;1;1;0;0;0;0;0;POINT (13.28827095 52.51306073)
2;2018;5;13;2;3;5;3;0;1;1;0;0;0;0;0;POINT (13.42544065 52.49957589)
9;2018;5;12;6;3;0;1;0;1;0;0;0;0;0;0;POINT (13.57746689 52.44428549)
1;2018;5;9;5;3;5;3;0;1;1;0;0;0;0;0;POINT (13.36375106 52.50820325)
9;2018;5;6;5;3;5;3;0;1;1;0;0;0;0;0;POINT (13.56934748 52.44279388)
6;2018;5;18;2;3;5;3;0;0;1;0;0;0;0;1;POINT (13.33929739 52.46034598)
6;2018;5;7;5;3;2;6;0;0;1;0;1;1;0;0;POINT (13.31951008 52.45298208)
7;2018;5;19;5;3;1;5;0;0;1;0;0;0;0;0;POINT (13.40205103 52.42628141)
4;2018;5;9;2;3;2;6;0;1;1;0;0;0;0;0;POINT (13.3247811 52.52155602)
5;2018;5;22;5;2;4;6;2;0;1;0;0;0;0;0;POINT (13.18838996 52.53432225)
9;2018;5;2;5;2;5;3;2;0;1;0;1;0;0;0;POINT (13.49786408 52.43371521)
12;2018;5;17;5;2;6;4;0;0;0;1;0;0;1;0;POINT (13.35593944 52.59810261)
1;2018;5;10;2;3;5;2;0;0;1;0;0;0;0;0;POINT (13.34374973 52.54633097)
1;2018;5;17;5;3;0;5;0;0;1;0;0;0;0;0;POINT (13.31841843 52.53110151)
6;2018;5;12;5;2;6;4;0;0;1;1;0;0;0;0;POINT (13.23996352 52.44282996)
11;2018;5;7;2;2;6;4;0;0;1;1;0;0;0;0;POINT (13.51962436 52.50599538)
8;2018;5;20;5;3;6;7;0;1;0;1;0;0;0;0;POINT (13.43122707 52.46766177)
3;2018;5;16;5;3;5;3;0;0;1;0;0;0;0;0;POINT (13.40692279 52.58639067)
5;2018;5;8;2;2;3;2;0;0;1;0;1;0;0;0;POINT (13.20418259 52.54053858)
3;2018;5;17;5;3;1;1;0;0;1;0;1;0;0;0;POINT (13.4495393 52.53719904)
10;2018;5;8;2;3;6;4;0;0;1;1;0;0;0;0;POINT (13.54352114 52.53429075)
12;2018;5;1;2;3;9;1;2;0;1;0;0;0;0;0;POINT (13.27493554 52.59791352)
12;2018;5;19;5;3;5;2;0;1;1;0;0;0;0;0;POINT (13.34747594 52.57265399)
9;2018;5;12;5;3;2;6;0;0;1;0;0;0;0;0;POINT (13.57421721 52.466658)
6;2018;5;18;2;3;0;3;1;0;1;0;0;0;0;1;POINT (13.29862529 52.44120947)
1;2018;5;18;5;3;2;6;0;0;1;0;0;0;0;0;POINT (13.32634281 52.5325689)
11;2018;5;14;2;2;6;4;0;0;1;1;0;0;0;0;POINT (13.53648079 52.49201861)
8;2018;5;18;5;3;6;2;1;0;1;1;0;0;0;0;POINT (13.44910754 52.47354553)
3;2018;5;19;5;2;5;3;0;0;1;0;1;0;0;0;POINT (13.42702546 52.5521382)
1;2018;5;18;2;2;0;1;0;1;0;0;0;0;0;1;POINT (13.41371658 52.52010637)
6;2018;5;6;5;3;0;3;0;1;1;0;0;0;0;0;POINT (13.33759781 52.46030795)
12;2018;5;17;4;3;1;5;0;0;1;0;0;0;1;0;POINT (13.3334416 52.56411183)
1;2018;5;18;2;3;5;3;0;1;1;0;0;0;0;1;POINT (13.39025983 52.50859157)
11;2018;5;23;4;3;5;2;2;0;1;0;1;0;0;1;POINT (13.49077286 52.54320666)
11;2018;5;18;2;3;0;1;1;0;0;0;1;0;0;1;POINT (13.47995153 52.51700378)
1;2018;5;18;5;3;1;5;0;1;1;0;0;0;0;0;POINT (13.41905203 52.51032642)
8;2018;5;17;2;3;5;3;0;0;1;0;0;0;0;1;POINT (13.42791251 52.49264413)
1;2018;5;16;2;3;3;6;0;1;0;0;0;0;0;1;POINT (13.35222381 52.54243984)
7;2018;5;17;5;3;2;2;0;0;0;0;1;0;1;0;POINT (13.3897178 52.43430441)
11;2018;5;22;4;3;5;2;2;0;1;0;1;0;0;1;POINT (13.4668586 52.52403485)
5;2018;5;16;2;3;5;3;0;1;1;0;0;0;0;0;POINT (13.2382081 52.5424054)
11;2018;5;21;4;3;6;4;2;0;1;1;0;0;0;1;POINT (13.5258527 52.48298027)
1;2018;5;16;2;2;5;2;0;1;1;0;0;0;0;0;POINT (13.40252144 52.53850779)
5;2018;5;17;5;3;5;7;0;0;1;0;1;0;0;0;POINT (13.18031216 52.53402122)
4;2018;5;16;2;3;2;6;0;0;1;0;0;0;0;0;POINT (13.32689172 52.51980891)
4;2018;5;16;5;3;2;7;0;0;1;0;1;0;0;0;POINT (13.31794335 52.50874808)
8;2018;5;17;4;3;2;3;0;1;1;0;0;0;0;0;POINT (13.45406362 52.44058548)
3;2018;5;16;2;3;1;5;0;1;1;0;0;0;0;1;POINT (13.41533774 52.54383108)
4;2018;5;16;5;3;5;3;0;1;1;0;0;0;0;0;POINT (13.28125141 52.49948537)
10;2018;5;16;2;3;5;3;0;1;1;0;0;0;0;0;POINT (13.60015553 52.47471568)
6;2018;5;16;5;3;5;3;0;0;1;0;0;0;0;0;POINT (13.30924836 52.43887437)
2;2018;5;17;4;3;2;1;0;0;1;0;1;0;0;0;POINT (13.43007684 52.50346465)
9;2018;5;20;4;2;5;2;2;1;1;0;0;0;0;1;POINT (13.57715398 52.45577316)
11;2018;5;15;2;2;5;2;0;1;1;0;0;0;0;0;POINT (13.50146856 52.5490916)
12;2018;5;16;5;2;2;2;0;0;1;0;0;0;1;0;POINT (13.28310241 52.59411675)
2;2018;5;21;4;3;6;2;2;0;1;1;0;0;0;1;POINT (13.39821256 52.50699481)
3;2018;5;14;2;3;6;4;0;0;1;1;0;0;0;0;POINT (13.3695072 52.58947351)
3;2018;5;15;5;3;5;2;0;1;1;0;0;0;0;0;POINT (13.46722867 52.55994897)
11;2018;5;15;5;3;5;3;0;1;1;0;0;0;0;0;POINT (13.49065033 52.53789305)
10;2018;5;19;4;2;0;1;1;0;1;0;1;0;0;1;POINT (13.61333463 52.49919828)
9;2018;5;14;2;3;6;4;0;0;0;1;1;0;0;0;POINT (13.57449423 52.41393297)
10;2018;5;10;5;3;5;2;0;0;1;0;0;0;0;0;POINT (13.60132947 52.53576678)
4;2018;5;18;4;3;8;1;0;0;1;0;0;0;0;0;POINT (13.31395174 52.48094769)
7;2018;5;10;5;3;5;3;0;0;1;0;1;0;0;0;POINT (13.38555937 52.46858782)
4;2018;5;17;4;3;2;6;0;0;1;0;0;0;0;0;POINT (13.25881938 52.521816)
1;2018;5;7;2;3;5;2;0;1;1;0;0;0;0;0;POINT (13.36683917 52.55215073)
2;2018;5;10;5;3;5;2;0;1;1;0;0;0;0;0;POINT (13.37930402 52.49221491)
3;2018;5;16;4;3;5;2;0;1;1;0;0;0;0;0;POINT (13.37872218 52.57621519)
1;2018;5;20;1;3;1;5;0;1;1;0;0;0;1;0;POINT (13.34331487 52.53101824)
6;2018;5;10;5;3;1;5;0;0;1;0;0;0;0;0;POINT (13.25044101 52.41779918)
5;2018;5;13;4;3;5;3;0;1;1;0;0;0;0;0;POINT (13.19613899 52.52102497)
6;2018;5;13;4;3;7;7;0;0;1;0;0;0;0;0;POINT (13.25418652 52.44406802)
12;2018;5;13;1;3;3;6;0;1;1;0;0;0;0;0;POINT (13.36640183 52.56811198)
1;2018;5;9;5;3;0;1;0;0;0;0;1;0;0;0;POINT (13.39357227 52.53390088)
8;2018;5;13;4;2;5;2;0;0;1;0;1;0;0;0;POINT (13.43855805 52.45259326)
11;2018;5;11;4;2;6;7;0;0;1;1;0;0;0;0;POINT (13.49936589 52.5197068)
2;2018;5;15;1;3;5;2;0;1;1;0;0;0;0;0;POINT (13.40069977 52.5042589)
8;2018;5;9;5;3;5;2;0;1;1;0;0;0;0;0;POINT (13.44315789 52.46988629)
1;2018;5;8;5;2;6;4;0;1;0;1;0;0;0;0;POINT (13.38440884 52.52056364)
7;2018;5;0;4;3;6;4;2;0;1;1;0;0;0;0;POINT (13.34108723 52.47614841)
1;2018;5;16;1;3;2;2;0;0;1;0;0;1;0;0;POINT (13.3514552 52.50974403)
1;2018;5;7;5;2;3;6;0;1;1;0;0;1;0;0;POINT (13.36617106 52.52395694)
12;2018;5;16;4;2;0;5;0;1;0;0;0;0;1;0;POINT (13.23876751 52.59894925)
3;2018;5;15;1;3;5;3;0;1;1;0;0;0;0;0;POINT (13.43750706 52.59447897)
10;2018;5;7;5;3;2;6;0;0;1;0;0;0;0;0;POINT (13.6008478 52.47865439)
2;2018;5;12;4;3;5;2;0;0;1;0;0;0;1;0;POINT (13.39275009 52.49196761)
8;2018;5;15;3;3;1;5;0;1;1;0;0;0;0;0;POINT (13.44491884 52.47924548)
4;2018;5;17;1;3;0;2;0;1;1;0;0;0;0;0;POINT (13.31677723 52.50113239)
6;2018;5;7;5;3;6;2;0;0;1;1;0;0;0;0;POINT (13.32088501 52.45681926)
5;2018;5;18;1;3;0;2;0;1;1;0;0;0;0;0;POINT (13.2718515 52.53699085)
3;2018;5;5;5;3;5;3;1;0;1;0;0;0;0;0;POINT (13.43638039 52.55193785)
1;2018;5;14;3;3;1;5;0;1;0;0;0;0;1;0;POINT (13.4233758 52.50917614)
5;2018;5;16;3;3;5;2;0;0;1;0;0;0;0;0;POINT (13.20077124 52.5384696)
7;2018;5;6;1;3;5;2;0;0;1;0;0;0;0;0;POINT (13.34729472 52.41210305)
3;2018;5;14;5;3;5;3;0;0;1;0;0;0;0;0;POINT (13.43534866 52.53043002)
6;2018;5;16;3;3;6;4;0;1;0;1;0;0;0;0;POINT (13.26144041 52.43691838)
6;2018;5;21;3;2;5;3;2;0;1;0;0;0;0;1;POINT (13.33066457 52.42066589)
6;2018;5;9;1;3;0;7;0;0;0;0;1;0;0;0;POINT (13.26568351 52.4165954)
5;2018;5;12;5;3;0;1;0;0;0;0;0;0;1;0;POINT (13.20212802 52.53139585)
12;2018;5;13;5;3;0;2;0;0;0;1;0;0;1;0;POINT (13.32763822 52.56397146)
1;2018;5;22;1;3;2;2;2;0;1;0;0;0;0;0;POINT (13.34336008 52.53184293)
1;2018;5;13;5;3;6;7;0;0;1;1;0;0;0;0;POINT (13.39518751 52.53920848)
11;2018;5;14;3;3;5;3;0;0;1;0;1;0;0;0;POINT (13.50144697 52.54683894)
4;2018;5;7;1;3;5;3;0;1;0;0;0;0;1;0;POINT (13.2564454 52.48626479)
6;2018;5;13;5;3;2;6;0;0;1;0;0;0;0;0;POINT (13.24988361 52.42086187)
12;2018;5;13;3;3;2;2;0;0;1;0;0;0;0;0;POINT (13.30585381 52.62062367)
6;2018;5;15;1;3;5;2;0;1;1;0;0;0;0;0;POINT (13.2656268 52.44221351)
12;2018;5;12;3;3;6;4;0;0;1;1;0;0;0;0;POINT (13.32810927 52.56947266)
12;2018;5;11;1;3;2;6;0;0;1;0;0;0;0;0;POINT (13.29204415 52.57552453)
11;2018;5;11;1;3;5;2;0;0;1;0;1;0;0;0;POINT (13.4916345 52.50325193)
4;2018;5;16;4;3;2;6;0;1;1;0;0;0;0;0;POINT (13.32489376 52.50236116)
5;2018;5;11;3;3;1;5;0;1;1;0;0;0;0;0;POINT (13.19467924 52.5194343)
4;2018;5;10;1;3;5;2;0;1;1;0;0;0;0;0;POINT (13.27563757 52.5015363)
6;2018;5;21;4;3;6;7;0;0;1;1;0;0;0;0;POINT (13.36900812 52.42934156)
1;2018;5;10;1;3;6;4;0;0;1;1;0;0;0;0;POINT (13.38288763 52.53070044)
4;2018;5;9;3;3;5;2;0;1;1;0;0;0;0;0;POINT (13.30853815 52.49006802)
2;2018;5;9;1;3;7;7;0;1;0;0;0;0;0;0;POINT (13.47144084 52.5074043)
5;2018;5;15;4;3;2;6;0;0;1;0;0;0;1;0;POINT (13.18337615 52.54181075)
6;2018;5;15;4;3;6;4;0;1;0;1;0;0;0;0;POINT (13.32539161 52.46165732)
1;2018;5;12;1;3;5;2;0;1;1;0;0;0;0;0;POINT (13.35213455 52.50553697)
1;2018;5;14;4;3;5;3;0;1;1;0;0;0;0;0;POINT (13.34360991 52.55864455)
3;2018;5;9;3;3;2;6;0;1;1;0;0;0;0;0;POINT (13.37663168 52.58735273)
5;2018;5;8;1;3;2;6;0;0;1;0;0;0;0;0;POINT (13.21122534 52.56839722)
2;2018;5;14;4;3;5;3;0;1;0;0;1;0;0;0;POINT (13.39838621 52.50705383)
9;2018;5;9;3;3;5;2;0;0;1;0;0;0;0;0;POINT (13.51956023 52.42830368)
1;2018;5;13;1;3;0;6;0;0;1;0;1;0;0;0;POINT (13.3799712 52.55274654)
3;2018;5;14;3;3;5;3;0;1;1;0;0;0;0;0;POINT (13.45211721 52.55766696)
7;2018;5;8;1;3;5;2;0;1;1;0;0;0;0;0;POINT (13.37631231 52.45887653)
4;2018;5;23;4;3;2;6;2;0;1;0;0;0;0;0;POINT (13.3258853 52.50569066)
8;2018;5;8;1;3;5;2;0;0;1;0;0;0;0;0;POINT (13.43468248 52.46200791)
1;2018;5;23;4;3;5;2;2;0;1;0;0;0;0;0;POINT (13.35688645 52.52361977)
10;2018;5;6;3;3;2;2;0;0;1;0;0;0;0;0;POINT (13.60771635 52.51802513)
1;2018;5;8;1;3;5;2;0;1;0;0;0;1;0;0;POINT (13.39115942 52.53620324)
8;2018;5;14;4;3;1;5;0;1;1;0;0;0;0;0;POINT (13.42863139 52.48124078)
9;2018;5;8;1;3;5;2;0;1;1;0;0;0;0;0;POINT (13.59315218 52.43263633)
4;2018;5;13;4;3;5;7;0;0;1;0;1;0;0;0;POINT (13.33128919 52.5137576)
7;2018;5;22;3;2;5;2;2;0;1;0;1;0;0;0;POINT (13.35015599 52.4142861)
4;2018;5;22;3;2;6;4;2;0;1;1;0;0;0;0;POINT (13.28507244 52.51872042)
2;2018;5;8;1;3;5;3;0;1;1;0;0;0;0;0;POINT (13.37548703 52.48932046)
1;2018;5;22;4;2;0;1;2;1;0;0;0;0;0;0;POINT (13.40315298 52.5319511)
1;2018;5;20;3;3;0;1;1;1;0;0;0;0;0;1;POINT (13.37277726 52.54826257)
9;2018;5;12;4;3;6;4;0;0;1;1;0;0;0;0;POINT (13.52614407 52.42377861)
4;2018;5;20;3;3;5;2;1;0;1;0;0;0;0;1;POINT (13.31751052 52.50609942)
3;2018;5;8;1;3;5;3;0;1;0;0;0;0;1;0;POINT (13.44229416 52.54660981)
8;2018;5;11;4;3;2;2;0;0;1;0;1;0;0;0;POINT (13.42895511 52.48739254)
3;2018;5;18;3;3;2;6;0;1;1;0;0;0;0;0;POINT (13.46711005 52.55996118)
7;2018;5;19;3;2;6;4;0;1;0;1;0;0;0;0;POINT (13.35596272 52.49458867)
3;2018;5;8;1;3;5;7;0;1;1;0;0;0;0;0;POINT (13.44151052 52.55150402)
6;2018;5;22;4;3;2;2;2;1;1;0;0;0;0;0;POINT (13.28210007 52.43291894)
5;2018;5;7;1;3;5;2;0;1;1;0;0;0;0;0;POINT (13.21755008 52.56041136)
8;2018;5;11;4;3;6;4;0;0;1;1;0;0;0;0;POINT (13.44882219 52.47862147)
2;2018;5;19;3;3;5;7;0;0;1;0;0;0;0;0;POINT (13.38233496 52.4898479)
5;2018;5;6;1;3;3;6;0;0;1;0;0;0;1;0;POINT (13.24654082 52.54424346)
1;2018;5;11;4;3;5;3;0;1;1;0;0;0;0;0;POINT (13.37424825 52.52794636)
10;2018;5;17;3;3;5;2;0;1;1;0;0;0;0;0;POINT (13.57686079 52.49538294)
11;2018;5;6;1;3;2;6;0;0;1;0;0;1;0;0;POINT (13.52656109 52.48587731)
10;2018;5;11;4;3;5;3;0;1;1;0;0;0;0;0;POINT (13.60557939 52.48779505)
5;2018;5;8;3;3;6;4;0;0;1;1;0;0;0;0;POINT (13.20890583 52.56443708)
12;2018;5;7;3;3;6;4;0;0;1;1;0;0;0;0;POINT (13.33869555 52.60131103)
11;2018;5;14;4;3;2;6;0;0;1;0;0;1;0;0;POINT (13.46921357 52.53142218)
1;2018;5;7;3;3;5;2;0;1;0;0;0;0;1;0;POINT (13.33793981 52.51380328)
7;2018;5;15;7;3;5;2;0;1;1;0;0;0;0;0;POINT (13.40630309 52.3984869)
3;2018;5;9;4;3;2;6;0;1;1;0;0;0;0;0;POINT (13.4089217 52.57109431)
2;2018;5;13;5;3;5;2;0;0;1;0;0;0;0;0;POINT (13.4029103 52.49391374)
12;2018;5;17;3;3;6;4;0;0;1;1;0;0;0;0;POINT (13.31299729 52.580582)
7;2018;5;18;4;3;5;2;0;0;1;0;1;0;0;0;POINT (13.37835988 52.4779259)
1;2018;5;11;3;3;6;6;0;1;0;1;0;0;0;0;POINT (13.35076173 52.51159339)
7;2018;5;18;3;3;5;2;0;0;1;0;1;0;0;0;POINT (13.3284541 52.46481555)
8;2018;5;16;3;3;0;2;0;0;1;0;0;0;1;0;POINT (13.49619358 52.41575595)
7;2018;5;10;3;3;5;2;0;1;1;0;0;0;0;0;POINT (13.33900754 52.49227958)
12;2018;5;13;5;3;5;2;0;1;0;0;0;0;1;0;POINT (13.33977132 52.58800966)
12;2018;5;9;5;3;2;6;0;0;1;0;0;0;0;0;POINT (13.34793064 52.59624997)
10;2018;5;16;3;3;5;3;0;1;1;0;0;0;0;0;POINT (13.55532437 52.49788471)
3;2018;5;17;4;3;4;7;0;1;0;0;0;0;0;0;POINT (13.42864374 52.58160381)
1;2018;5;21;3;3;1;5;2;1;1;0;0;0;0;0;POINT (13.37521828 52.51002589)
1;2018;5;20;3;3;2;7;0;1;1;0;0;0;0;0;POINT (13.38741501 52.52537015)
10;2018;5;16;4;3;5;2;0;1;1;0;0;0;0;0;POINT (13.53996717 52.52594026)
4;2018;5;19;3;3;2;2;0;0;1;0;0;0;0;0;POINT (13.32262571 52.48635813)
1;2018;5;15;4;3;5;3;0;1;1;0;0;0;0;0;POINT (13.37065665 52.49994881)
4;2018;5;14;3;3;0;5;0;0;1;0;0;0;0;0;POINT (13.30556847 52.51343484)
3;2018;5;6;4;3;5;3;0;1;1;0;0;0;0;0;POINT (13.41843754 52.55352364)
5;2018;5;16;6;2;3;6;0;0;1;0;0;0;0;0;POINT (13.15490305 52.52172806)
2;2018;5;19;3;3;2;7;0;1;0;0;0;0;1;0;POINT (13.41982446 52.4900086)
10;2018;5;21;5;2;8;1;0;0;0;0;1;0;0;0;POINT (13.58800135 52.52472985)
12;2018;5;8;5;3;2;6;0;0;1;0;0;0;1;0;POINT (13.30648631 52.55506387)
11;2018;5;19;3;3;5;2;0;1;1;0;0;0;0;0;POINT (13.5259586 52.49354181)
1;2018;5;15;4;3;5;2;0;1;0;0;0;0;1;0;POINT (13.41575015 52.52669601)
2;2018;5;18;3;3;5;2;0;1;1;0;0;0;0;0;POINT (13.40522193 52.50518471)
3;2018;5;17;3;3;5;2;0;1;1;0;0;0;0;0;POINT (13.40230617 52.60288195)
2;2018;5;17;3;3;1;5;0;1;1;0;0;0;0;0;POINT (13.39872861 52.48888827)
4;2018;5;18;5;3;5;5;0;1;1;0;0;0;0;0;POINT (13.32277329 52.48905427)
4;2018;5;22;3;3;0;2;2;0;1;0;0;0;1;0;POINT (13.31194995 52.5005839)
9;2018;5;22;3;2;6;4;2;0;0;1;0;1;0;0;POINT (13.57340519 52.44447314)
7;2018;5;17;5;3;5;2;0;1;1;0;0;0;0;0;POINT (13.32840778 52.46799538)
5;2018;5;10;4;3;6;7;0;1;0;1;0;0;0;0;POINT (13.23136468 52.52776608)
7;2018;5;18;3;3;0;1;0;1;0;0;0;0;0;0;POINT (13.32759181 52.46898617)
11;2018;5;15;3;3;0;4;0;0;0;1;0;0;1;0;POINT (13.49454523 52.50370281)
11;2018;5;15;3;3;5;3;0;1;0;0;0;0;1;0;POINT (13.46090696 52.52979387)
11;2018;5;15;3;3;5;3;0;1;1;0;0;0;0;0;POINT (13.49596362 52.56688714)
9;2018;5;16;3;3;0;3;0;1;1;0;0;0;0;0;POINT (13.61713198 52.45529527)
3;2018;5;15;5;3;5;3;0;0;1;0;0;0;0;0;POINT (13.4226733 52.54462579)
6;2018;5;16;3;3;1;5;0;1;0;0;0;0;1;0;POINT (13.24546037 52.43995315)
3;2018;5;19;4;3;2;6;0;0;1;0;1;0;0;0;POINT (13.42516805 52.52793658)
2;2018;5;16;3;3;5;2;0;1;1;0;0;0;0;0;POINT (13.43016375 52.51014742)
12;2018;5;15;3;3;6;2;0;0;1;1;0;0;0;0;POINT (13.29790186 52.57816371)
2;2018;5;20;4;3;1;5;1;1;0;0;0;0;1;0;POINT (13.47024125 52.51546653)
2;2018;5;15;3;3;5;2;0;1;1;0;0;0;0;0;POINT (13.44453396 52.50101456)
3;2018;5;15;3;3;5;3;0;0;1;0;0;0;1;0;POINT (13.42146291 52.57540365)
1;2018;5;15;3;3;3;6;0;0;1;0;1;0;0;0;POINT (13.35448179 52.50965998)
12;2018;5;16;3;2;5;3;0;0;1;0;1;0;0;0;POINT (13.23081082 52.60928671)
9;2018;5;14;4;3;2;6;0;0;0;0;1;0;1;0;POINT (13.50876968 52.45258754)
10;2018;5;16;3;2;5;3;0;1;1;0;0;0;0;0;POINT (13.57651383 52.56136827)
8;2018;5;12;5;3;5;3;0;0;1;0;1;0;0;0;POINT (13.45400698 52.46917988)
12;2018;5;15;3;2;5;3;0;1;1;0;0;0;0;0;POINT (13.22951739 52.58518819)
9;2018;5;20;4;3;5;3;0;1;1;0;0;0;0;0;POINT (13.50823433 52.45036533)
2;2018;5;15;3;2;5;2;0;1;1;0;0;0;0;0;POINT (13.46617916 52.49690104)
5;2018;5;14;4;3;5;3;0;0;1;0;0;0;0;0;POINT (13.26162557 52.54307195)
2;2018;5;15;3;2;5;2;0;0;1;0;0;0;0;0;POINT (13.42697817 52.51179815)
1;2018;5;5;4;3;5;2;0;1;0;0;1;0;0;0;POINT (13.37124558 52.51113329)
11;2018;5;17;3;2;6;4;0;0;1;1;0;0;0;0;POINT (13.51258984 52.55523452)
5;2018;5;23;5;3;1;1;2;0;1;0;0;0;1;0;POINT (13.19633567 52.54621543)
4;2018;5;18;4;3;6;2;0;0;1;1;0;0;0;0;POINT (13.30676584 52.50088937)
7;2018;5;7;3;3;5;3;0;0;1;0;0;0;0;0;POINT (13.37191099 52.44671015)
6;2018;5;7;3;3;5;2;0;1;1;0;0;0;0;0;POINT (13.34112498 52.46393045)
5;2018;5;17;5;3;6;4;0;1;0;1;0;0;0;0;POINT (13.20648583 52.53482747)
1;2018;5;6;5;3;0;1;0;0;0;0;1;0;0;0;POINT (13.35972397 52.54901359)
5;2018;5;7;3;3;2;6;0;0;1;0;0;0;0;0;POINT (13.19910717 52.53485045)
5;2018;5;16;4;3;2;6;0;0;1;0;1;0;0;0;POINT (13.22343621 52.53728957)
7;2018;5;6;3;3;5;2;0;0;1;0;0;0;0;0;POINT (13.37212253 52.46978651)
5;2018;5;14;4;3;3;6;0;1;0;0;0;0;0;0;POINT (13.12699349 52.47709702)
2;2018;5;6;3;3;5;2;0;1;0;0;0;0;1;0;POINT (13.44068363 52.51726667)
4;2018;5;12;6;3;1;5;0;0;1;0;1;0;0;0;POINT (13.27481849 52.54160266)
1;2018;5;6;3;3;2;6;0;0;1;0;1;0;0;0;POINT (13.41528057 52.52069116)
1;2018;5;15;5;3;5;3;0;1;1;0;0;0;0;0;POINT (13.39404133 52.53219998)
1;2018;5;7;5;3;4;6;0;1;0;0;0;0;0;0;POINT (13.38135083 52.55587991)
4;2018;5;0;3;3;4;6;2;1;0;0;0;0;0;0;POINT (13.31450832 52.5102324)
6;2018;5;9;5;3;1;5;0;1;1;0;0;0;0;0;POINT (13.34186901 52.45876757)
1;2018;5;6;3;3;0;6;0;0;1;0;1;0;0;0;POINT (13.33969775 52.52575245)
11;2018;5;17;4;3;2;6;0;1;0;0;0;1;0;0;POINT (13.51207124 52.56806128)
5;2018;5;6;3;2;3;6;0;0;1;0;0;1;1;0;POINT (13.16507664 52.53346812)
6;2018;5;13;3;3;6;7;0;0;1;1;0;0;0;0;POINT (13.32879283 52.4362224)
1;2018;5;13;3;3;5;2;0;1;1;0;0;0;0;0;POINT (13.3461758 52.52497162)
11;2018;5;17;5;3;2;6;0;1;1;0;0;0;0;0;POINT (13.47970098 52.49851325)
1;2018;5;13;4;3;6;2;0;0;1;1;0;0;0;0;POINT (13.34455219 52.53838557)
7;2018;5;6;3;3;6;4;0;1;0;1;0;0;0;0;POINT (13.32867628 52.46525364)