bez;ujahr;umonat;ustunde;uwochentag;ukategorie;uart;utyp1;ulichtverh;istrad;istpkw;istfuss;istkrad;istgkfz;istsonstige;ustrzustand;geometry
8;2018;5;12;3;3;2;2;0;0;1;0;0;0;0;0;POINT (13.43271399 52.47838373)
3;2018;5;16;4;2;5;3;0;1;1;0;0;0;0;0;POINT (13.42698784 52.55221322)
10;2018;5;7;4;3;6;4;0;1;0;1;0;0;0;0;POINT (13.5442028 52.54090155)
8;2018;5;12;3;3;5;2;0;1;0;0;0;1;0;0;POINT (13.42676176 52.47616765)
2;2018;5;14;7;3;1;5;0;1;1;0;0;0;0;0;POINT (13.44652182 52.49863144)
2;2018;5;12;3;3;5;2;0;1;1;0;0;0;0;0;POINT (13.37674395 52.49145671)
6;2018;5;12;3;3;5;3;0;1;1;0;0;0;0;0;POINT (13.25036554 52.4534248)
1;2018;5;11;3;3;6;7;0;0;1;1;0;0;0;0;POINT (13.39166439 52.54375679)
7;2018;5;16;5;2;5;3;0;0;1;0;0;0;1;0;POINT (13.38541989 52.46712305)
3;2018;5;11;3;3;6;4;0;1;0;1;0;0;0;0;POINT (13.43329512 52.52916081)
7;2018;5;20;4;2;4;7;0;1;0;0;0;0;0;0;POINT (13.35559463 52.4599013)
5;2018;5;10;3;3;3;6;0;0;1;0;0;1;0;0;POINT (13.19718182 52.54378852)
3;2018;5;10;3;3;3;6;0;1;0;0;0;1;0;0;POINT (13.42487682 52.52811631)
5;2018;5;18;4;3;1;1;0;0;1;0;0;0;0;0;POINT (13.17986691 52.50368412)
12;2018;5;10;3;3;5;3;0;0;1;0;1;0;0;0;POINT (13.24307241 52.60159352)
6;2018;5;10;3;2;6;4;0;0;1;1;0;0;0;0;POINT (13.31244133 52.42229171)
2;2018;5;13;4;3;2;6;0;0;1;0;0;0;1;0;POINT (13.43360688 52.50505197)
11;2018;5;7;5;3;6;4;0;0;0;1;1;0;0;0;POINT (13.53207603 52.56793956)
9;2018;5;10;3;3;6;4;0;0;1;1;0;0;0;0;POINT (13.55306027 52.43971153)
12;2018;5;6;4;3;5;2;0;0;1;0;1;0;0;0;POINT (13.32493327 52.60819312)
3;2018;5;16;4;3;5;7;0;0;1;0;0;0;0;0;POINT (13.4314172 52.58059143)
1;2018;5;9;3;3;0;1;0;1;0;0;0;0;0;0;POINT (13.39665535 52.53245813)
4;2018;5;8;3;3;1;5;0;0;1;0;1;0;0;0;POINT (13.30702336 52.52573196)
6;2018;5;5;5;2;5;3;0;1;0;0;0;0;0;0;POINT (13.25932942 52.43074521)
7;2018;5;17;2;2;2;6;0;1;0;0;0;0;0;0;POINT (13.34045062 52.48828019)
4;2018;5;19;4;3;6;7;0;0;0;1;0;0;1;0;POINT (13.31694189 52.50605143)
1;2018;5;18;2;3;3;6;0;1;1;0;0;0;0;0;POINT (13.39183184 52.51042388)
10;2018;5;16;2;3;2;6;0;0;1;0;1;0;0;0;POINT (13.56525965 52.54479638)
6;2018;5;8;4;2;5;2;0;0;1;0;1;0;0;0;POINT (13.29937746 52.44051842)
2;2018;5;11;2;2;3;6;0;0;0;0;1;1;0;0;POINT (13.44864361 52.52656031)
2;2018;5;11;2;3;5;2;0;1;1;0;0;0;0;0;POINT (13.42996347 52.52328705)
3;2018;5;17;5;3;3;6;0;0;1;0;1;0;0;0;POINT (13.38055083 52.57468675)
3;2018;5;10;5;3;5;3;0;1;1;0;0;0;0;0;POINT (13.50976139 52.63993133)
3;2018;5;6;2;3;5;3;0;1;0;0;1;0;0;0;POINT (13.45995936 52.55706221)
1;2018;5;8;4;2;0;1;0;1;0;0;0;0;0;0;POINT (13.4165814 52.52366423)
4;2018;5;17;4;3;5;3;0;1;1;0;0;0;0;0;POINT (13.29159149 52.51070646)
1;2018;5;12;7;3;4;2;0;0;1;0;1;0;0;0;POINT (13.39373738 52.52860727)
9;2018;5;14;2;3;2;3;0;1;0;0;0;0;0;0;POINT (13.54003757 52.45071207)
11;2018;5;13;4;3;2;6;0;0;1;0;0;0;0;0;POINT (13.49196458 52.56516792)
5;2018;5;21;2;3;5;2;0;0;1;0;0;0;0;0;POINT (13.19851571 52.54286878)
9;2018;5;16;5;3;0;1;0;1;1;0;0;0;0;0;POINT (13.52551196 52.40763425)
5;2018;5;19;2;3;5;7;0;1;1;0;0;0;0;0;POINT (13.25310587 52.54772432)
2;2018;5;16;6;3;0;6;0;1;1;0;0;0;0;0;POINT (13.40937051 52.48875303)
8;2018;5;18;2;3;5;3;0;0;1;0;0;0;0;0;POINT (13.41017043 52.43022593)
2;2018;5;19;5;3;2;2;0;1;0;0;0;0;1;0;POINT (13.38654725 52.50551514)
3;2018;5;8;5;3;5;3;0;1;1;0;0;0;0;0;POINT (13.44056963 52.5537598)
8;2018;5;19;2;3;2;6;0;1;1;0;0;0;0;0;POINT (13.4493031 52.47402907)
4;2018;5;13;4;3;6;7;0;0;1;1;0;0;0;0;POINT (13.32882712 52.50318817)
11;2018;5;16;4;3;5;2;0;1;1;0;0;0;0;0;POINT (13.50095041 52.5665719)
3;2018;5;17;2;3;4;2;0;1;1;0;0;0;0;0;POINT (13.39057569 52.56775902)
5;2018;5;17;2;3;5;3;0;0;1;0;1;0;0;0;POINT (13.23279274 52.52753265)
6;2018;5;16;2;3;5;2;0;1;1;0;0;0;0;0;POINT (13.26206266 52.43823222)
2;2018;5;18;5;3;5;5;0;1;1;0;0;0;0;0;POINT (13.376741 52.49037611)
7;2018;5;18;2;3;0;1;0;0;0;0;1;0;0;0;POINT (13.36953774 52.4583128)
3;2018;5;9;4;2;3;6;0;1;1;0;0;0;0;0;POINT (13.44077311 52.56831005)
6;2018;5;17;2;3;0;7;0;1;0;0;0;0;0;0;POINT (13.25586456 52.45124572)
3;2018;5;15;5;2;0;1;0;1;0;0;0;0;0;0;POINT (13.40505235 52.54073661)
4;2018;5;16;2;3;5;2;0;0;1;0;0;0;0;0;POINT (13.29639301 52.52928364)
4;2018;5;16;2;3;5;2;0;1;1;0;0;0;0;0;POINT (13.28128093 52.51278231)
6;2018;5;12;4;2;6;2;0;0;1;1;0;0;0;0;POINT (13.2868751 52.41781621)
4;2018;5;15;2;3;5;3;0;0;1;0;0;0;0;0;POINT (13.30974281 52.47630701)
5;2018;5;15;2;2;5;2;0;1;1;0;0;0;0;0;POINT (13.25887265 52.54813784)
7;2018;5;15;2;2;5;2;0;0;1;0;0;0;0;0;POINT (13.39839851 52.41954192)
1;2018;5;20;5;2;0;2;0;0;1;0;1;0;0;0;POINT (13.37734983 52.54240726)
8;2018;5;14;2;3;3;6;0;0;1;0;1;0;0;0;POINT (13.46709141 52.42833394)
10;2018;5;19;4;3;6;4;0;0;1;1;0;0;0;0;POINT (13.58825234 52.53929815)
7;2018;5;14;2;3;5;3;0;1;1;0;0;0;0;0;POINT (13.37565534 52.45533256)
6;2018;5;14;2;3;6;7;0;1;0;1;0;0;0;0;POINT (13.25995688 52.42853503)
12;2018;5;12;4;3;2;6;0;0;1;0;0;0;1;0;POINT (13.36289843 52.562302)
9;2018;5;14;2;3;5;2;0;1;1;0;0;0;0;0;POINT (13.53613849 52.46010582)
4;2018;5;14;2;3;2;7;0;1;0;0;0;0;1;0;POINT (13.32204804 52.49460955)
5;2018;5;13;6;3;8;7;0;0;1;0;0;0;0;0;POINT (13.14163113 52.45545399)
11;2018;5;13;2;3;1;7;0;0;1;0;0;0;0;0;POINT (13.46637875 52.53225721)
1;2018;5;11;4;2;1;5;0;1;1;0;0;0;0;0;POINT (13.40350997 52.5289559)
1;2018;5;13;2;3;1;5;0;1;1;0;0;0;0;0;POINT (13.34653079 52.50986944)
2;2018;5;0;7;3;1;5;2;1;1;0;0;0;0;0;POINT (13.38819885 52.50231833)
2;2018;5;13;2;3;3;6;0;1;0;0;0;1;0;0;POINT (13.41525289 52.48798002)
9;2018;5;16;5;3;6;4;0;1;0;1;0;0;0;0;POINT (13.51402959 52.46230523)
4;2018;5;13;2;2;5;2;0;0;1;0;1;0;0;0;POINT (13.24035745 52.51192748)
6;2018;5;11;4;3;5;3;0;1;1;0;0;0;0;0;POINT (13.26746626 52.40839882)
8;2018;5;19;4;3;0;1;0;1;0;0;0;0;0;0;POINT (13.43340731 52.48211071)
7;2018;5;12;2;2;3;6;0;0;1;0;1;0;0;0;POINT (13.40541922 52.46365833)
6;2018;5;12;2;3;6;7;0;0;1;1;0;0;0;0;POINT (13.26138174 52.43681524)
3;2018;5;10;4;3;2;6;0;0;1;0;1;0;0;0;POINT (13.38460171 52.5911938)
8;2018;5;8;4;3;5;3;0;0;1;0;0;0;0;0;POINT (13.4904302 52.42785506)
11;2018;5;10;2;3;4;2;0;0;1;0;0;1;0;0;POINT (13.49852508 52.51570604)
4;2018;5;10;2;3;5;2;0;0;1;0;0;0;0;0;POINT (13.30057428 52.51711489)
6;2018;5;16;5;3;2;6;0;0;1;0;1;0;0;0;POINT (13.31913878 52.45398426)
6;2018;5;9;5;3;5;3;0;1;1;0;0;0;0;0;POINT (13.32318666 52.46451552)
4;2018;5;10;2;3;3;6;0;0;1;0;1;0;0;0;POINT (13.32959762 52.4953082)
6;2018;5;10;4;3;5;2;0;1;1;0;0;0;0;0;POINT (13.33123742 52.4199849)
3;2018;5;12;5;3;2;2;0;0;0;0;1;0;1;0;POINT (13.40836716 52.58432139)
2;2018;5;10;2;3;5;3;0;0;1;0;0;0;0;0;POINT (13.42860465 52.51953233)
1;2018;5;10;4;2;5;7;0;0;1;0;0;0;0;0;POINT (13.34259034 52.54726187)
12;2018;5;16;4;3;6;7;0;1;0;1;0;0;0;0;POINT (13.2293879 52.62533696)
9;2018;5;9;2;3;2;7;0;0;1;0;0;0;0;0;POINT (13.48361787 52.47990728)
1;2018;5;9;2;3;6;4;0;0;1;1;0;0;0;0;POINT (13.38995816 52.51000207)
6;2018;5;10;4;3;5;2;0;0;1;0;1;0;0;0;POINT (13.28700442 52.4178505)
1;2018;5;14;6;3;5;2;0;0;1;0;1;0;0;0;POINT (13.36727646 52.52248092)
8;2018;5;9;2;3;3;6;0;0;1;0;1;0;0;0;POINT (13.4309516 52.45246623)
11;2018;5;15;5;3;5;3;0;1;1;0;0;0;0;0;POINT (13.53207918 52.48411032)
8;2018;5;15;4;3;5;2;0;1;1;0;0;0;0;0;POINT (13.45005121 52.47660923)
4;2018;5;8;5;2;6;4;0;0;0;1;0;1;0;0;POINT (13.28128343 52.51276523)
4;2018;5;9;2;3;5;2;0;1;1;0;0;0;0;0;POINT (13.31538244 52.50315143)
1;2018;5;10;4;3;5;2;0;1;1;0;0;0;0;0;POINT (13.34612003 52.52497863)
10;2018;5;7;2;3;5;3;0;0;1;0;0;0;0;0;POINT (13.56744655 52.57332265)
1;2018;5;9;2;3;5;2;0;1;1;0;0;0;0;0;POINT (13.34606192 52.50406009)
9;2018;5;9;4;2;9;7;0;0;1;0;0;1;0;0;POINT (13.57969199 52.41838829)
12;2018;5;17;4;3;5;2;0;0;1;0;0;0;0;0;POINT (13.29160878 52.59594566)
1;2018;5;9;2;3;2;6;0;0;1;0;0;1;0;0;POINT (13.34336218 52.52531865)
7;2018;5;8;2;3;2;2;0;1;1;0;0;0;0;0;POINT (13.37508443 52.45541669)
1;2018;5;9;4;3;2;6;0;1;1;0;0;0;0;0;POINT (13.40802238 52.51774558)
4;2018;5;8;2;2;6;4;0;1;0;1;0;0;0;0;POINT (13.33115525 52.49316083)
8;2018;5;17;5;3;5;3;0;1;1;0;0;0;0;0;POINT (13.50639223 52.40299901)
4;2018;5;7;4;3;0;2;0;0;1;0;1;0;1;0;POINT (13.28663061 52.51880434)
1;2018;5;8;2;3;2;6;0;0;1;0;1;0;0;0;POINT (13.38499511 52.54897677)
11;2018;5;7;2;3;5;3;0;1;1;0;0;0;0;0;POINT (13.49482887 52.54543412)
12;2018;5;9;4;3;6;4;0;0;1;1;0;0;0;0;POINT (13.30556685 52.58204412)
3;2018;5;7;2;3;6;7;0;0;1;1;0;0;0;0;POINT (13.44158296 52.54761105)
4;2018;5;13;7;3;5;2;0;0;1;0;0;0;0;0;POINT (13.33108107 52.49535947)
10;2018;5;7;2;3;5;3;0;0;1;0;0;1;0;0;POINT (13.55852821 52.49390618)
7;2018;5;14;5;2;6;2;0;0;1;1;0;0;0;0;POINT (13.34802594 52.41469375)
9;2018;5;7;2;3;5;3;0;1;0;0;0;0;1;0;POINT (13.52570748 52.46475049)
4;2018;5;16;2;3;6;2;0;0;1;1;0;0;0;0;POINT (13.29017721 52.47349778)
12;2018;5;19;5;3;5;2;0;0;1;0;0;0;0;0;POINT (13.21917331 52.59634088)
10;2018;5;23;1;2;0;3;2;1;0;0;0;0;1;0;POINT (13.59082105 52.514142)
1;2018;5;21;4;3;6;4;1;0;1;1;0;0;0;0;POINT (13.38495171 52.55695743)
1;2018;5;10;1;3;5;2;0;1;1;0;0;0;0;0;POINT (13.35152259 52.50955931)
8;2018;5;17;1;3;5;2;0;1;1;0;0;0;0;0;POINT (13.46353545 52.46346368)
1;2018;5;9;4;3;5;2;0;1;1;0;0;0;0;0;POINT (13.39046345 52.56297806)
12;2018;5;9;1;3;6;4;0;0;1;1;0;0;0;0;POINT (13.35802923 52.56956095)
6;2018;5;14;1;3;1;5;0;0;1;0;1;0;0;0;POINT (13.31972504 52.45279989)
8;2018;5;16;4;3;5;2;0;0;1;0;0;0;1;0;POINT (13.42546869 52.47978075)
4;2018;5;15;1;3;5;3;0;0;1;0;0;0;0;0;POINT (13.33108735 52.49539336)
7;2018;5;18;5;3;5;2;0;0;1;0;0;0;0;0;POINT (13.39839414 52.41954102)
9;2018;5;13;1;3;5;2;0;0;1;0;0;0;0;0;POINT (13.54525373 52.4257284)
3;2018;5;9;4;2;6;4;0;0;1;1;0;0;0;0;POINT (13.42329174 52.58579449)
5;2018;5;16;4;3;5;3;0;1;1;0;0;0;0;0;POINT (13.17816299 52.54893629)
11;2018;5;17;1;3;5;3;0;0;1;0;1;0;0;0;POINT (13.49805111 52.51399998)
7;2018;5;17;1;3;6;7;0;0;1;1;0;0;0;0;POINT (13.35469098 52.45872556)
8;2018;5;9;4;3;1;5;0;0;1;0;1;0;0;0;POINT (13.43871726 52.46461391)
1;2018;5;18;4;3;6;4;0;1;0;1;0;0;0;0;POINT (13.41003411 52.52875519)
2;2018;5;21;1;3;6;7;2;0;1;1;0;0;0;0;POINT (13.39592026 52.49808272)
1;2018;5;19;1;3;0;4;0;1;0;1;0;0;0;0;POINT (13.40264931 52.53347698)
7;2018;5;18;1;3;0;2;0;1;0;0;1;0;0;0;POINT (13.34839974 52.45892102)
3;2018;5;19;1;3;1;5;0;1;1;0;0;0;0;0;POINT (13.45288097 52.54663324)
1;2018;5;7;5;3;3;6;0;1;1;0;0;0;0;0;POINT (13.36120986 52.53150541)
4;2018;5;11;5;3;5;2;0;0;1;0;1;0;0;0;POINT (13.30636522 52.51922422)
8;2018;5;18;1;2;5;2;0;1;1;0;0;0;0;0;POINT (13.42506129 52.48080436)
3;2018;5;15;4;3;3;6;0;0;1;0;0;1;0;0;POINT (13.45562806 52.52832519)
1;2018;5;17;1;2;0;1;0;1;0;0;0;0;0;0;POINT (13.39471579 52.52452357)
10;2018;5;13;1;2;1;3;0;0;1;0;1;0;0;0;POINT (13.55579085 52.52010452)
5;2018;5;9;1;3;5;2;0;0;1;0;1;0;0;0;POINT (13.19125418 52.53635954)
6;2018;5;12;5;3;5;2;0;1;1;0;0;0;0;0;POINT (13.32496356 52.41056463)
3;2018;5;7;5;3;0;2;0;1;1;0;0;0;0;0;POINT (13.45721186 52.56104889)
4;2018;5;17;6;3;5;2;0;0;1;0;0;0;0;0;POINT (13.30229234 52.5478909)
2;2018;5;7;1;3;6;4;0;0;1;1;0;0;0;0;POINT (13.46590424 52.50889477)
8;2018;5;21;5;3;0;2;2;0;1;0;1;0;0;0;POINT (13.432855 52.45253868)
2;2018;5;8;5;3;5;2;0;1;1;0;0;0;0;0;POINT (13.38970239 52.49591504)
5;2018;5;2;1;3;5;3;2;0;1;0;0;0;0;0;POINT (13.20151999 52.52425796)
2;2018;5;17;4;3;1;5;0;1;1;0;0;0;0;0;POINT (13.39138637 52.50133848)
4;2018;5;10;1;3;0;3;0;0;1;0;1;0;0;0;POINT (13.31824599 52.51098649)
8;2018;5;12;1;3;2;6;0;0;1;0;0;0;0;0;POINT (13.41081531 52.43017222)
7;2018;5;6;1;3;5;3;0;0;1;0;0;0;1;0;POINT (13.34368789 52.47836554)
1;2018;5;17;5;3;5;3;0;0;1;0;0;0;0;0;POINT (13.36569562 52.55194884)
1;2018;5;9;4;3;0;3;0;1;1;0;0;0;0;0;POINT (13.37702814 52.55380113)
2;2018;5;14;7;3;5;2;0;1;1;0;0;0;0;0;POINT (13.40896579 52.49288447)
1;2018;5;16;7;3;6;4;0;1;0;1;0;0;0;0;POINT (13.40635398 52.51363053)
6;2018;5;14;4;2;5;3;0;1;1;0;0;0;0;0;POINT (13.2967526 52.42694052)
2;2018;5;23;7;3;5;2;2;1;1;0;0;0;0;0;POINT (13.44680332 52.50269289)
8;2018;5;23;7;2;6;4;2;0;1;1;0;0;0;0;POINT (13.44887956 52.41945934)
2;2018;5;22;7;3;6;7;2;1;0;1;0;0;0;0;POINT (13.38847912 52.49288956)
8;2018;5;21;7;3;5;2;2;1;1;0;0;0;0;0;POINT (13.44637535 52.48637929)
9;2018;5;19;7;3;5;2;0;1;1;0;0;0;0;0;POINT (13.51429949 52.46873038)
4;2018;5;18;5;2;1;5;0;1;1;0;0;0;0;0;POINT (13.32217215 52.48473764)
5;2018;5;18;7;3;2;6;0;0;1;0;0;0;0;0;POINT (13.12450862 52.52888298)
7;2018;5;20;4;3;5;3;1;0;1;0;1;0;0;0;POINT (13.40237783 52.45953774)
5;2018;5;19;7;3;5;3;0;0;1;0;0;0;1;0;POINT (13.20348943 52.52110301)
2;2018;5;15;7;3;5;3;0;1;0;0;0;0;1;0;POINT (13.37744445 52.49976192)
2;2018;5;16;7;3;5;2;0;1;1;0;0;0;0;0;POINT (13.38611932 52.48736309)
1;2018;5;21;6;3;0;7;1;1;0;0;0;0;0;0;POINT (13.37457664 52.51024841)
9;2018;5;17;4;2;2;6;0;0;1;0;0;0;0;0;POINT (13.55848794 52.45367552)
1;2018;5;17;5;3;0;1;0;1;0;0;0;0;0;0;POINT (13.40364527 52.53245561)
1;2018;5;16;7;2;0;1;0;1;0;0;0;0;0;0;POINT (13.40791204 52.51782547)
1;2018;5;5;1;3;5;3;0;1;1;0;1;0;0;0;POINT (13.33323052 52.56092682)
4;2018;5;10;3;3;2;6;0;0;1;0;0;0;1;0;POINT (13.29730423 52.54800294)
5;2018;5;22;1;3;0;4;2;0;1;1;0;0;0;0;POINT (13.14189173 52.53251719)
3;2018;5;9;2;3;1;5;0;1;1;0;0;0;0;0;POINT (13.42916149 52.52867454)
9;2018;5;14;1;3;6;4;0;0;1;1;0;0;0;0;POINT (13.5771642 52.45586919)
8;2018;6;12;5;2;5;3;0;0;1;0;0;0;0;0;POINT (13.48982035 52.4200351)
8;2018;5;19;1;2;5;2;0;0;1;0;1;0;0;0;POINT (13.50919723 52.422893)
6;2018;5;20;1;3;5;2;1;1;0;0;1;0;0;0;POINT (13.34356492 52.4392076)
2;2018;6;10;5;3;1;5;0;0;1;0;0;0;1;0;POINT (13.40602676 52.49846694)
1;2018;5;19;2;2;6;4;0;1;0;1;0;0;0;0;POINT (13.41773479 52.51814399)
10;2018;5;19;1;2;2;2;0;0;1;0;0;0;0;0;POINT (13.56339983 52.49634071)
3;2018;6;10;5;3;0;2;0;0;1;0;0;0;1;0;POINT (13.45068956 52.55241313)
7;2018;5;12;2;3;6;4;0;0;1;1;0;0;0;0;POINT (13.36809979 52.48507302)
1;2018;6;10;5;3;6;4;0;1;0;1;0;0;0;0;POINT (13.38091053 52.51622595)
2;2018;5;17;2;2;5;3;0;1;0;0;0;0;0;0;POINT (13.38849223 52.49262129)
11;2018;5;20;1;2;6;4;0;1;0;1;0;0;0;0;POINT (13.5192026 52.51337295)
12;2018;6;9;5;3;3;6;0;1;1;0;0;0;0;0;POINT (13.28539807 52.58803237)
12;2018;5;13;2;3;5;2;0;0;1;0;1;0;0;0;POINT (13.29684431 52.62747489)
7;2018;6;9;5;3;0;3;0;0;1;0;0;0;1;0;POINT (13.35874398 52.49438597)
9;2018;5;18;1;3;0;3;0;1;1;0;0;0;0;0;POINT (13.46407962 52.48186826)
5;2018;6;7;5;3;5;2;0;1;1;0;0;0;0;0;POINT (13.19153233 52.54640324)
4;2018;5;18;1;2;2;6;0;0;1;0;1;0;0;0;POINT (13.33514662 52.49930929)
6;2018;5;18;1;3;5;3;0;0;1;0;0;0;0;0;POINT (13.29389064 52.44949191)
8;2018;6;8;5;3;5;3;0;1;0;0;0;0;1;0;POINT (13.43522651 52.49125405)
6;2018;5;17;2;3;3;6;0;1;1;0;0;0;0;0;POINT (13.16082143 52.43005578)
1;2018;5;18;1;3;2;2;0;1;1;0;0;0;0;0;POINT (13.35662225 52.53567795)
7;2018;6;8;5;2;5;2;0;1;0;0;0;1;0;0;POINT (13.37061208 52.47046413)
1;2018;5;7;2;3;2;2;0;0;1;0;0;0;1;0;POINT (13.39164486 52.52216136)
11;2018;6;8;5;2;0;1;0;0;0;0;1;0;0;0;POINT (13.46670166 52.5240714)
9;2018;6;7;5;3;5;3;0;1;1;0;0;0;0;0;POINT (13.51381787 52.46475588)
5;2018;5;17;1;2;5;3;0;1;1;0;0;0;0;0;POINT (13.23557039 52.52920104)
2;2018;6;6;5;3;1;5;0;1;1;0;0;0;0;0;POINT (13.38751639 52.50043432)
10;2018;6;6;5;3;2;6;0;0;1;0;0;0;0;0;POINT (13.57348562 52.48483296)
6;2018;5;17;1;2;5;2;0;1;1;0;0;0;0;0;POINT (13.16029559 52.41971448)
3;2018;5;17;1;3;5;2;0;0;0;0;1;0;1;0;POINT (13.43125831 52.58042767)
4;2018;6;17;5;3;5;3;0;0;1;0;1;0;0;0;POINT (13.25498521 52.51595351)
9;2018;5;7;2;3;2;2;0;0;1;0;0;0;0;0;POINT (13.56972714 52.44197299)
8;2018;6;8;5;3;8;1;0;0;0;0;1;0;0;0;POINT (13.41193743 52.43908471)
9;2018;6;15;5;3;5;3;0;1;1;0;0;0;0;0;POINT (13.53851407 52.42012568)
1;2018;5;12;2;3;5;2;0;0;1;0;1;0;0;0;POINT (13.37191726 52.52075537)
11;2018;6;14;5;2;0;1;0;0;0;0;1;0;0;0;POINT (13.50729985 52.53468382)
2;2018;6;14;5;3;5;2;0;1;0;0;0;0;1;0;POINT (13.45152046 52.52039779)
12;2018;5;16;1;3;6;4;0;0;1;1;0;0;0;0;POINT (13.36469564 52.56272585)
3;2018;6;16;5;3;2;6;0;0;1;0;0;0;0;0;POINT (13.42156755 52.60553219)
7;2018;5;14;1;3;2;7;0;1;1;0;0;0;0;0;POINT (13.40724193 52.3938084)
2;2018;6;7;5;3;5;3;0;1;1;0;0;0;0;0;POINT (13.43697232 52.51904279)
5;2018;5;16;2;2;5;2;0;0;1;0;1;0;0;0;POINT (13.20968438 52.56611558)
9;2018;6;5;5;3;2;2;0;0;1;0;1;0;0;0;POINT (13.48050877 52.46030042)
1;2018;5;13;1;3;4;1;0;1;0;0;0;0;1;0;POINT (13.40535349 52.5342545)
4;2018;5;10;4;3;3;6;0;1;0;0;1;0;0;0;POINT (13.33776222 52.50516856)
7;2018;5;19;2;2;5;3;0;1;1;0;0;0;0;0;POINT (13.36622497 52.48113012)
8;2018;5;23;4;3;3;6;2;0;1;0;0;0;0;0;POINT (13.43614158 52.4400643)
1;2018;5;23;4;2;0;7;2;1;0;0;0;0;0;0;POINT (13.40005149 52.53287963)
1;2018;5;7;2;3;5;2;0;1;1;0;0;0;0;0;POINT (13.37312447 52.55725927)
8;2018;5;21;4;3;5;2;2;0;1;0;0;0;0;0;POINT (13.44009168 52.4816534)
5;2018;5;21;4;3;0;7;1;0;1;0;0;0;0;0;POINT (13.17492652 52.54011318)
12;2018;5;12;1;3;2;6;0;0;1;0;0;0;1;0;POINT (13.32986522 52.60217025)
1;2018;5;19;4;3;5;3;0;1;1;0;0;0;0;0;POINT (13.34409395 52.53798325)
11;2018;5;17;2;3;5;7;0;1;1;0;0;0;0;0;POINT (13.49171676 52.53433239)
2;2018;5;12;1;3;1;5;0;1;1;0;0;0;0;0;POINT (13.421412 52.50070584)
1;2018;5;19;4;3;5;2;0;1;1;0;0;0;0;0;POINT (13.38038367 52.51808495)
4;2018;5;10;2;3;6;7;0;0;0;1;0;1;0;0;POINT (13.30495 52.51351879)
11;2018;5;19;4;3;5;3;0;1;1;0;0;0;0;0;POINT (13.50608265 52.49200631)
11;2018;5;18;4;3;5;5;0;1;1;0;0;0;0;0;POINT (13.49589922 52.54587294)
8;2018;5;11;1;3;6;4;0;0;1;1;0;0;0;0;POINT (13.49556954 52.41780187)
10;2018;5;17;4;3;5;2;0;1;0;0;0;0;1;0;POINT (13.5618793 52.49387616)
12;2018;5;8;1;3;0;5;0;0;0;0;0;0;1;0;POINT (13.34632257 52.59205756)
8;2018;5;18;4;3;3;6;0;0;0;0;1;1;0;0;POINT (13.43523396 52.4808542)
12;2018;5;8;1;3;6;4;0;0;1;1;0;0;0;0;POINT (13.35493111 52.59662889)
1;2018;5;13;1;2;5;7;0;0;1;0;1;0;0;0;POINT (13.33790262 52.53470656)
2;2018;5;18;4;3;5;3;0;0;1;0;0;0;0;0;POINT (13.3994827 52.50469564)
2;2018;5;23;2;3;0;7;2;0;1;0;1;0;0;0;POINT (13.43202733 52.49933032)
1;2018;5;14;1;3;0;2;0;0;1;0;1;0;0;0;POINT (13.33802509 52.52552462)
1;2018;5;17;4;3;5;2;0;1;1;0;0;0;0;0;POINT (13.34935035 52.51507424)
7;2018;5;14;2;3;5;3;0;1;1;0;0;0;0;0;POINT (13.39002741 52.41964082)
8;2018;5;17;4;2;5;3;0;1;1;0;0;0;0;0;POINT (13.43035635 52.44281785)
1;2018;5;11;1;2;5;3;0;1;1;0;0;0;0;0;POINT (13.32953324 52.5238123)
9;2018;5;22;4;3;2;6;2;0;1;0;0;0;0;0;POINT (13.54088113 52.43560991)
6;2018;5;10;1;2;5;7;0;0;1;0;0;0;1;0;POINT (13.32800573 52.42863614)
12;2018;5;14;1;3;2;6;0;0;1;0;0;0;0;0;POINT (13.28513212 52.57555993)
8;2018;5;17;4;3;1;5;0;1;1;0;0;0;0;0;POINT (13.43048584 52.41466171)
1;2018;5;17;2;3;6;4;0;0;1;1;0;0;0;0;POINT (13.3511885 52.51523579)
6;2018;5;16;1;3;2;6;0;0;1;0;0;0;0;0;POINT (13.28854244 52.46562768)
11;2018;5;16;4;3;2;6;0;0;1;0;0;0;1;0;POINT (13.52431048 52.51348516)
7;2018;5;9;2;3;0;7;0;1;0;0;0;0;1;0;POINT (13.40714379 52.45164814)
9;2018;5;16;1;3;5;2;0;1;0;0;0;0;1;0;POINT (13.56261328 52.45636669)
3;2018;5;16;4;3;5;3;0;0;1;0;0;0;0;0;POINT (13.44924735 52.52872634)
4;2018;5;12;2;3;5;2;0;1;1;0;0;0;0;0;POINT (13.28405077 52.48527598)
10;2018;5;16;4;3;5;3;0;1;1;0;0;0;0;0;POINT (13.60114907 52.47923519)
1;2018;5;20;4;2;0;7;0;1;0;0;0;0;0;0;POINT (13.4237679 52.52363178)
8;2018;5;16;1;3;3;6;0;0;1;0;1;0;0;0;POINT (13.43817945 52.45365432)
10;2018;5;16;1;3;5;2;0;0;1;0;0;0;0;0;POINT (13.60132947 52.53576678)