bez;ujahr;umonat;ustunde;uwochentag;ukategorie;uart;utyp1;ulichtverh;istrad;istpkw;istfuss;istkrad;istgkfz;istsonstige;ustrzustand;geometry
6;2018;5;15;4;3;6;2;0;0;1;1;0;0;0;0;POINT (13.3161042 52.4498102)
8;2018;5;15;2;3;5;3;0;0;1;0;0;0;0;0;POINT (13.44475438 52.48510503)
4;2018;5;15;4;3;1;5;0;1;1;0;0;0;0;0;POINT (13.31098493 52.50637892)
8;2018;5;15;4;3;5;3;0;0;1;0;0;0;0;0;POINT (13.43421638 52.46318209)
11;2018;5;7;2;3;0;2;0;1;1;0;0;0;0;0;POINT (13.48510611 52.51579264)
6;2018;5;15;4;3;5;3;0;1;1;0;0;0;0;0;POINT (13.22667404 52.43973517)
8;2018;5;17;4;2;5;3;0;1;1;0;0;0;0;0;POINT (13.43518397 52.43610376)
11;2018;5;12;2;3;2;2;0;0;1;0;0;0;0;0;POINT (13.45896122 52.52601084)
9;2018;5;12;4;3;0;6;0;0;1;0;1;0;0;0;POINT (13.54398499 52.43640993)
9;2018;5;13;4;3;4;2;0;1;1;0;0;0;0;0;POINT (13.61688491 52.44668278)
1;2018;5;15;1;3;5;2;0;1;1;0;0;0;0;0;POINT (13.41832508 52.51051764)
7;2018;5;14;4;2;5;3;0;0;1;0;1;0;0;0;POINT (13.34100279 52.47627231)
9;2018;5;14;1;3;5;3;0;1;1;0;0;0;0;0;POINT (13.54354021 52.43379407)
3;2018;5;12;4;3;5;2;0;1;0;0;0;0;1;0;POINT (13.41269839 52.56280102)
6;2018;5;18;2;2;3;6;0;0;1;0;1;0;0;0;POINT (13.30478786 52.41796765)
6;2018;5;15;4;2;1;5;0;1;1;0;0;0;0;0;POINT (13.28665785 52.4568596)
1;2018;5;12;4;3;2;6;0;0;1;0;0;0;0;0;POINT (13.38911656 52.51520066)
3;2018;5;13;2;3;5;2;0;1;1;0;0;0;0;0;POINT (13.45261103 52.53918541)
12;2018;5;8;4;3;0;5;0;0;1;0;0;1;0;0;POINT (13.30367541 52.60784016)
1;2018;5;8;1;3;0;1;0;1;0;0;0;0;0;0;POINT (13.4021404 52.53081178)
1;2018;5;12;4;3;3;2;0;1;0;0;0;0;0;0;POINT (13.4004288 52.51003963)
6;2018;5;18;2;3;0;3;0;0;1;0;1;0;0;0;POINT (13.30006982 52.43990698)
3;2018;5;6;1;3;5;3;0;1;1;0;0;0;0;0;POINT (13.48433524 52.61384459)
8;2018;5;13;4;2;2;6;0;1;1;0;0;0;0;0;POINT (13.44914088 52.45739192)
5;2018;5;13;4;3;5;3;0;1;1;0;0;0;0;0;POINT (13.26654423 52.53647812)
1;2018;5;7;1;3;5;2;0;1;1;0;0;0;0;0;POINT (13.37710921 52.55659889)
4;2018;5;14;4;3;3;6;0;0;1;0;1;0;0;0;POINT (13.24937875 52.52358815)
5;2018;5;7;1;2;5;2;0;1;1;0;0;0;0;0;POINT (13.15359894 52.5534687)
5;2018;5;14;4;3;5;3;0;0;1;0;0;0;0;0;POINT (13.24788372 52.54873368)
4;2018;5;8;2;3;5;3;0;1;1;0;0;0;0;0;POINT (13.33312533 52.48776747)
5;2018;5;8;4;3;2;2;0;0;1;0;0;0;0;0;POINT (13.19388237 52.52100697)
9;2018;5;14;4;3;5;3;0;0;1;0;1;0;0;0;POINT (13.69302425 52.4391472)
4;2018;5;15;1;3;1;5;0;1;1;0;0;0;0;0;POINT (13.32455003 52.48786689)
9;2018;5;8;4;3;0;2;0;1;1;0;0;0;0;0;POINT (13.51707087 52.46175835)
7;2018;5;8;1;3;5;2;0;1;1;0;0;0;0;0;POINT (13.33277831 52.46901885)
6;2018;5;8;1;3;2;6;0;0;1;0;1;0;0;0;POINT (13.32982212 52.44557272)
9;2018;5;7;4;3;0;2;0;1;1;0;0;0;0;0;POINT (13.57147915 52.43525982)
10;2018;5;20;2;2;5;3;0;1;1;0;0;0;0;0;POINT (13.59347782 52.52716511)
6;2018;5;7;1;3;0;1;0;0;0;0;1;0;0;1;POINT (13.31846533 52.46095613)
3;2018;5;7;4;3;2;3;0;1;1;0;0;0;0;0;POINT (13.41843754 52.55352355)
11;2018;5;14;2;3;5;3;0;1;1;0;0;0;0;0;POINT (13.47759256 52.52671219)
9;2018;5;7;4;3;5;3;0;0;1;0;1;0;0;0;POINT (13.53507253 52.45167681)
1;2018;5;7;4;3;6;4;0;0;1;1;0;0;0;0;POINT (13.34490087 52.53905114)
4;2018;5;8;1;3;5;2;0;1;1;0;0;0;0;0;POINT (13.29730676 52.51079758)
5;2018;5;15;2;3;0;7;0;1;0;0;0;0;0;0;POINT (13.24822811 52.54951361)
7;2018;5;7;4;3;5;3;0;1;0;0;0;0;1;0;POINT (13.41106191 52.45677183)
2;2018;5;6;1;2;5;3;0;1;1;0;0;0;0;0;POINT (13.44665954 52.50280726)
12;2018;5;14;4;3;5;3;0;0;1;0;0;0;0;0;POINT (13.28085203 52.5938365)
4;2018;5;5;1;3;5;2;0;1;1;0;0;0;0;0;POINT (13.30932997 52.47844507)
1;2018;5;8;1;3;3;6;0;1;1;0;0;0;0;0;POINT (13.35467734 52.50967776)
8;2018;5;2;4;3;5;2;2;1;1;0;0;0;0;0;POINT (13.44016964 52.48171474)
8;2018;5;16;2;3;0;1;0;0;1;0;0;0;0;0;POINT (13.4495944 52.46854609)
1;2018;5;12;1;1;5;3;0;0;1;0;1;0;0;0;POINT (13.37323416 52.55727766)
8;2018;5;1;4;3;5;3;2;1;1;0;0;0;0;0;POINT (13.42682905 52.48841418)
3;2018;5;13;2;3;5;2;0;0;1;0;1;0;0;0;POINT (13.44500284 52.59060756)
10;2018;5;14;4;2;5;3;0;0;1;0;1;0;0;0;POINT (13.64080084 52.52810294)
11;2018;5;15;4;3;2;6;0;0;1;0;0;0;1;0;POINT (13.49927932 52.53418814)
9;2018;5;7;7;3;1;5;0;1;0;0;0;1;0;0;POINT (13.52146307 52.40149156)
5;2018;5;11;4;3;5;2;0;0;1;0;1;0;0;0;POINT (13.20417102 52.54050895)
4;2018;5;9;7;3;1;5;0;1;1;0;0;0;0;0;POINT (13.29148784 52.49702841)
1;2018;5;11;4;3;5;2;0;1;1;0;0;0;0;0;POINT (13.4020268 52.5289693)
1;2018;5;17;2;3;2;7;0;0;1;0;1;0;0;0;POINT (13.37331532 52.54794407)
1;2018;5;13;7;3;5;2;0;1;1;0;0;0;0;0;POINT (13.33809028 52.51501571)
3;2018;5;10;4;3;5;2;0;1;1;0;0;0;0;0;POINT (13.46418483 52.56668019)
4;2018;5;18;2;3;5;2;0;1;1;0;0;0;0;0;POINT (13.29588101 52.48118266)
2;2018;5;10;4;3;0;2;0;1;0;0;0;1;0;0;POINT (13.38759142 52.49305946)
8;2018;5;9;4;3;5;2;0;1;1;0;0;0;0;0;POINT (13.43023312 52.48618998)
7;2018;5;12;2;2;5;7;0;0;1;0;1;0;0;0;POINT (13.35069904 52.41427827)
5;2018;5;8;4;3;5;2;0;0;1;0;0;0;0;0;POINT (13.17806891 52.54874794)
7;2018;5;8;4;3;5;2;0;1;1;0;0;0;0;0;POINT (13.3570555 52.49890037)
3;2018;5;15;7;3;1;1;0;0;1;0;1;0;0;1;POINT (13.4261507 52.59562853)
2;2018;5;8;4;3;5;2;0;1;1;0;0;0;0;0;POINT (13.43199741 52.49932528)
7;2018;5;15;7;3;5;3;0;0;1;0;0;0;0;0;POINT (13.34630027 52.50109751)
9;2018;5;8;4;2;5;3;0;1;1;0;0;0;0;0;POINT (13.58663487 52.42803747)
3;2018;5;17;2;3;0;7;0;1;0;0;0;0;0;0;POINT (13.45555946 52.54621798)
2;2018;5;11;4;3;0;1;0;1;0;0;0;0;0;0;POINT (13.39196414 52.49770066)
2;2018;5;15;3;3;5;3;0;1;1;0;0;0;0;0;POINT (13.41114846 52.50351288)
9;2018;5;2;2;3;0;7;2;0;1;0;0;0;1;0;POINT (13.58075052 52.45757479)
4;2018;5;11;3;3;5;2;0;1;1;0;0;0;0;0;POINT (13.31950831 52.51372297)
12;2018;5;16;7;3;5;7;0;0;1;0;0;0;0;1;POINT (13.28550425 52.58777867)
1;2018;5;10;3;3;2;7;0;1;1;0;0;0;0;0;POINT (13.40791973 52.52454215)
8;2018;5;18;3;3;6;2;0;0;1;1;0;0;0;0;POINT (13.45579138 52.47389795)
9;2018;5;7;2;3;2;6;0;0;1;0;0;0;1;0;POINT (13.50014574 52.46881179)
10;2018;5;8;3;3;5;2;0;0;0;0;0;0;1;0;POINT (13.5402863 52.5258698)
2;2018;5;19;3;3;5;2;0;1;0;0;1;0;0;0;POINT (13.43032624 52.51044779)
2;2018;5;16;7;3;6;4;0;1;0;1;0;0;0;0;POINT (13.39471718 52.50483669)
1;2018;5;19;3;3;5;2;0;1;1;0;0;0;0;0;POINT (13.380295 52.51888872)
7;2018;5;14;3;3;2;6;0;0;0;0;1;0;1;1;POINT (13.37719198 52.48294145)
7;2018;5;0;7;3;5;3;2;0;1;0;0;0;0;0;POINT (13.39007594 52.43435782)
4;2018;5;17;3;2;5;2;0;1;1;0;0;0;0;0;POINT (13.31055448 52.51624832)
6;2018;5;9;2;2;6;2;0;0;1;1;0;0;0;0;POINT (13.25997445 52.42926626)
7;2018;5;17;3;3;0;4;0;1;0;1;0;0;0;0;POINT (13.32861092 52.46497713)
1;2018;5;17;3;3;5;2;0;1;1;0;0;0;0;0;POINT (13.35945466 52.52329413)
5;2018;5;7;1;2;3;6;0;0;1;0;1;0;0;0;POINT (13.15368814 52.55377022)
8;2018;5;17;3;2;6;4;0;0;1;1;0;0;0;0;POINT (13.43170765 52.42186569)
1;2018;5;18;7;3;1;1;0;1;1;0;0;0;0;0;POINT (13.39734056 52.52383899)
7;2018;5;19;7;3;5;3;0;0;1;0;1;0;0;0;POINT (13.34772974 52.45910391)
11;2018;5;17;3;2;5;2;0;1;1;0;0;0;0;0;POINT (13.45881976 52.52662065)
4;2018;5;20;2;3;5;3;0;1;1;0;0;0;0;0;POINT (13.33558027 52.49923509)
8;2018;5;19;7;3;6;4;0;0;1;1;0;0;0;0;POINT (13.42513579 52.48055436)
4;2018;5;16;3;3;5;3;0;0;1;0;0;0;0;0;POINT (13.27416387 52.51550064)
8;2018;5;18;2;3;6;7;0;1;0;1;0;0;0;0;POINT (13.43378337 52.48220085)
8;2018;5;20;7;3;5;3;0;1;1;0;0;0;0;0;POINT (13.45024551 52.47682001)
11;2018;5;16;3;3;5;2;0;1;0;0;0;0;1;0;POINT (13.49259751 52.5120246)
1;2018;5;10;2;2;5;3;0;1;0;0;0;0;1;0;POINT (13.38860706 52.54771495)
1;2018;5;16;3;3;5;2;0;0;1;0;0;0;0;0;POINT (13.36725525 52.50458619)
1;2018;5;14;7;3;1;5;0;1;1;0;0;0;1;0;POINT (13.33329791 52.5448209)
8;2018;5;16;3;3;5;3;0;0;1;0;0;0;1;0;POINT (13.44359035 52.46427012)
1;2018;5;18;7;2;5;3;0;1;1;0;0;0;0;0;POINT (13.36118593 52.55503306)
3;2018;5;10;7;3;8;1;0;0;1;0;0;0;0;0;POINT (13.48498681 52.61483786)
2;2018;5;16;3;3;3;6;0;1;1;0;0;0;0;0;POINT (13.38517611 52.49844953)
2;2018;5;18;2;3;5;5;0;1;1;0;0;0;0;0;POINT (13.38221747 52.48983879)
4;2018;5;15;3;3;6;4;0;0;0;1;0;0;1;0;POINT (13.33131396 52.50358181)
5;2018;5;6;2;3;3;6;0;0;1;0;1;0;0;0;POINT (13.16847765 52.518867)
9;2018;5;15;3;3;5;2;0;0;1;0;0;1;0;0;POINT (13.51225479 52.47074775)
3;2018;5;11;7;3;0;1;0;1;0;0;0;0;0;0;POINT (13.43762158 52.5418052)
1;2018;5;8;3;3;5;3;0;1;1;0;0;0;0;0;POINT (13.35273679 52.52128547)
6;2018;5;12;2;2;5;2;0;1;1;0;0;0;0;0;POINT (13.30959382 52.43141712)
10;2018;5;8;3;3;2;2;0;1;1;0;0;0;0;0;POINT (13.51975496 52.52577196)
11;2018;5;8;3;3;1;5;0;1;1;0;0;0;0;0;POINT (13.48474353 52.53667437)
1;2018;5;15;7;3;2;6;0;0;1;0;0;0;0;0;POINT (13.35146979 52.50502539)
10;2018;5;15;7;3;5;3;0;0;1;0;0;0;0;1;POINT (13.51758982 52.53536333)
9;2018;5;8;3;3;5;2;0;0;1;0;0;0;0;0;POINT (13.52235236 52.42840335)
1;2018;5;15;2;3;2;6;0;0;1;0;0;0;0;0;POINT (13.39092673 52.55549566)
11;2018;5;8;3;3;5;2;0;1;1;0;0;0;0;0;POINT (13.52473647 52.49532231)
3;2018;5;8;3;3;5;3;0;1;1;0;0;0;0;0;POINT (13.41080293 52.53065325)
4;2018;5;9;2;3;0;1;0;1;0;0;0;0;0;0;POINT (13.29678265 52.51689153)
11;2018;5;7;3;3;6;4;0;0;1;1;0;0;0;0;POINT (13.51919386 52.48748948)
4;2018;5;6;3;3;2;6;0;0;1;0;0;0;0;0;POINT (13.27851139 52.50690736)
12;2018;5;16;7;2;9;1;0;1;0;0;0;0;0;0;POINT (13.28140822 52.60035166)
1;2018;5;6;3;3;5;2;0;1;1;0;0;0;0;0;POINT (13.38810785 52.53374481)
1;2018;5;19;3;2;5;3;0;1;0;0;0;0;0;0;POINT (13.40001981 52.50948434)
11;2018;5;13;6;2;2;6;0;1;0;0;0;0;1;0;POINT (13.50400793 52.56989415)
2;2018;5;5;3;3;5;3;0;0;1;0;0;0;1;0;POINT (13.43039104 52.51042312)
12;2018;5;0;6;3;1;5;2;0;1;0;0;0;0;0;POINT (13.36028541 52.56191885)
3;2018;5;4;3;3;7;7;1;0;0;0;1;0;0;0;POINT (13.47141332 52.57073111)
3;2018;5;18;2;2;3;6;0;1;0;0;0;1;0;0;POINT (13.42848932 52.54786618)
2;2018;5;0;3;2;0;1;1;1;0;0;0;0;0;0;POINT (13.4464974 52.50274089)
1;2018;5;19;3;3;5;2;0;1;0;0;0;0;1;0;POINT (13.37703403 52.50861387)
4;2018;5;7;2;2;5;2;0;0;1;0;0;0;0;0;POINT (13.32624225 52.53802717)
1;2018;5;23;3;3;2;6;2;0;1;0;0;0;0;0;POINT (13.36578581 52.55713697)
11;2018;5;22;3;3;5;3;2;1;0;0;1;0;0;0;POINT (13.51917064 52.50928322)
8;2018;5;21;6;3;5;3;1;0;1;0;0;0;0;0;POINT (13.4488269 52.48503376)
8;2018;5;20;3;3;1;5;1;1;1;0;0;0;0;0;POINT (13.44500966 52.46804003)
8;2018;5;19;2;3;5;7;0;0;0;0;1;0;1;0;POINT (13.49306131 52.4205614)
8;2018;5;20;6;3;2;6;0;0;1;0;0;0;0;0;POINT (13.4493847 52.47422968)
6;2018;5;20;3;3;6;4;0;0;1;1;0;0;0;0;POINT (13.21846891 52.42852949)
1;2018;5;15;2;3;6;4;0;0;1;1;0;0;0;0;POINT (13.40271338 52.52401983)
1;2018;5;20;3;3;2;3;0;0;1;0;1;0;0;0;POINT (13.33617869 52.53046132)
2;2018;5;20;6;2;5;3;0;1;1;0;0;0;0;0;POINT (13.38343575 52.4937819)
1;2018;5;0;3;3;0;6;2;1;1;0;0;0;0;0;POINT (13.36245535 52.5300381)
9;2018;5;8;2;3;1;5;0;1;0;0;0;1;0;0;POINT (13.62516303 52.45454359)
9;2018;5;14;3;3;4;1;0;0;1;0;1;0;0;0;POINT (13.6774076 52.44537898)
1;2018;5;13;3;3;5;2;0;0;1;0;1;0;0;0;POINT (13.37765638 52.54404784)
5;2018;5;11;1;3;2;6;0;0;1;0;0;0;0;0;POINT (13.26518738 52.53682377)
4;2018;5;13;3;3;1;5;0;1;1;0;0;0;0;0;POINT (13.29398401 52.48932815)
7;2018;5;19;6;2;1;5;0;1;1;0;0;0;0;0;POINT (13.39848063 52.38869773)
7;2018;5;19;6;3;5;3;0;1;1;0;0;0;0;0;POINT (13.33283205 52.47541983)
7;2018;5;12;3;3;0;3;0;1;0;0;0;0;1;0;POINT (13.32801836 52.46709086)
9;2018;5;21;2;3;6;7;1;0;1;1;0;0;0;0;POINT (13.51388324 52.46306071)
11;2018;5;18;6;3;3;6;0;1;1;0;0;0;0;0;POINT (13.47159418 52.50486601)
4;2018;5;11;3;3;5;7;0;0;0;0;0;1;1;0;POINT (13.2792442 52.5034958)
1;2018;5;14;2;3;5;2;0;0;1;0;0;0;0;0;POINT (13.4277494 52.50755162)
4;2018;5;11;3;3;5;2;0;1;1;0;0;0;0;0;POINT (13.3226766 52.48643655)
9;2018;5;6;3;3;0;2;0;1;1;0;0;0;0;0;POINT (13.57538357 52.44743614)
3;2018;5;10;6;3;5;3;0;0;1;0;1;0;0;0;POINT (13.43396802 52.61177296)
5;2018;5;17;6;2;1;5;0;0;1;0;1;0;0;0;POINT (13.22795505 52.53010675)
2;2018;5;8;6;3;0;7;0;0;1;0;1;0;0;0;POINT (13.41941245 52.48757315)
8;2018;5;9;3;3;6;2;0;0;1;1;0;0;0;0;POINT (13.45761357 52.42266579)
5;2018;5;12;6;3;2;6;0;0;1;0;0;0;0;0;POINT (13.18135753 52.53406425)
5;2018;5;17;6;3;1;7;0;0;1;0;0;1;0;0;POINT (13.25414557 52.53499741)
2;2018;5;8;3;3;3;2;0;1;1;0;0;0;0;0;POINT (13.4520878 52.51067794)
7;2018;5;19;2;3;5;2;0;0;1;0;0;0;0;0;POINT (13.35025395 52.41431981)
4;2018;5;5;6;3;5;5;1;1;1;0;0;0;0;0;POINT (13.29086721 52.51473792)
7;2018;5;14;3;3;1;1;0;1;1;0;0;0;0;1;POINT (13.37732455 52.48263872)
4;2018;5;12;2;3;2;6;0;0;1;0;1;0;0;0;POINT (13.30056141 52.51767185)
9;2018;5;14;3;3;5;3;0;1;0;0;0;0;1;1;POINT (13.55307028 52.43401387)
11;2018;5;11;3;2;5;3;0;1;0;0;0;0;1;0;POINT (13.47962005 52.52310338)
8;2018;5;0;6;3;3;6;2;0;1;0;0;0;1;0;POINT (13.42713035 52.48712522)
2;2018;5;2;6;2;1;1;2;1;1;0;0;0;0;0;POINT (13.46806116 52.49883348)
9;2018;5;11;3;2;0;3;0;0;1;0;1;0;0;0;POINT (13.51704992 52.46176313)
6;2018;5;19;2;3;5;2;0;0;1;0;1;0;0;0;POINT (13.29384299 52.4455758)
1;2018;5;9;3;2;2;6;0;0;1;0;1;0;0;0;POINT (13.39191366 52.55509699)
4;2018;5;14;3;2;3;6;0;0;1;0;0;1;0;0;POINT (13.27946522 52.50441364)
3;2018;5;8;2;3;2;6;0;0;1;0;0;0;0;0;POINT (13.42878287 52.58154341)
1;2018;5;14;3;3;5;2;0;0;1;0;0;0;0;1;POINT (13.36983444 52.55973292)
1;2018;5;18;2;3;5;2;0;1;1;0;0;0;0;0;POINT (13.34604059 52.50674712)
1;2018;5;12;3;2;5;2;0;0;1;0;0;0;0;0;POINT (13.35142884 52.50961064)
1;2018;5;11;2;3;5;2;0;1;1;0;0;0;0;0;POINT (13.38071567 52.51660387)
12;2018;5;12;3;2;6;4;0;0;1;1;0;0;0;0;POINT (13.28975235 52.58658461)
1;2018;5;14;3;3;5;2;0;0;1;0;0;0;0;0;POINT (13.36781458 52.5260955)
11;2018;5;10;6;3;5;2;0;0;1;0;1;0;0;0;POINT (13.50954436 52.49620188)
8;2018;5;15;3;3;2;6;0;0;1;0;0;0;0;1;POINT (13.42745021 52.46806581)
1;2018;5;17;6;2;5;3;0;1;1;0;0;0;0;0;POINT (13.39354216 52.54155024)
1;2018;5;9;3;2;0;6;0;0;1;0;0;0;1;0;POINT (13.37104361 52.52697375)
9;2018;5;19;2;2;5;3;0;1;1;0;0;0;0;0;POINT (13.56865903 52.44466105)
5;2018;5;9;3;3;2;2;0;0;1;0;0;0;0;0;POINT (13.20914044 52.56524663)
1;2018;5;8;2;2;5;3;0;1;0;0;1;0;0;0;POINT (13.41542306 52.52687358)
11;2018;5;12;3;2;0;1;0;1;0;0;0;0;0;0;POINT (13.49025935 52.54294022)
12;2018;5;12;6;2;5;3;0;0;1;0;0;0;1;0;POINT (13.35193207 52.56596835)
5;2018;5;2;6;2;4;6;2;0;1;0;0;0;0;0;POINT (13.20446549 52.52424065)
2;2018;6;18;4;3;5;2;0;1;1;0;0;0;0;0;POINT (13.39241397 52.5068455)
1;2018;6;20;4;3;0;3;0;1;1;0;0;0;0;0;POINT (13.39088849 52.51582245)
9;2018;6;11;2;3;5;3;0;0;1;0;0;0;0;0;POINT (13.53286761 52.43362113)
10;2018;6;20;4;3;5;3;1;1;1;0;0;0;0;0;POINT (13.56642471 52.55396315)
4;2018;6;11;2;3;3;6;0;1;1;0;0;0;0;0;POINT (13.30626286 52.50668568)
12;2018;6;11;2;3;1;7;0;0;0;0;0;1;1;0;POINT (13.35604974 52.57207932)
2;2018;6;21;4;3;5;2;1;0;1;0;0;0;0;0;POINT (13.37676053 52.49156126)
9;2018;6;10;2;3;5;3;0;1;1;0;0;0;0;0;POINT (13.50244564 52.46125685)
9;2018;6;18;4;2;5;3;0;0;0;0;1;0;1;0;POINT (13.4799109 52.44565495)
1;2018;6;10;2;3;2;6;0;0;1;0;0;0;1;0;POINT (13.34904729 52.54239213)
2;2018;6;15;4;3;5;2;0;1;1;0;0;0;0;0;POINT (13.38278766 52.49145206)
8;2018;6;21;2;3;5;3;1;0;1;0;0;0;0;0;POINT (13.43732499 52.46447171)
2;2018;6;8;2;3;5;5;0;0;1;0;1;0;0;0;POINT (13.40144654 52.49292462)
1;2018;6;16;4;3;3;6;0;1;1;0;0;1;0;0;POINT (13.36716782 52.52237655)
1;2018;6;8;2;3;3;2;0;1;0;0;1;0;0;0;POINT (13.37659212 52.51005583)
1;2018;6;21;2;2;2;7;2;0;1;0;1;0;0;0;POINT (13.38528085 52.53529153)
2;2018;6;16;4;3;2;1;0;1;1;0;1;0;0;0;POINT (13.41993745 52.49916435)
1;2018;6;8;2;3;3;6;0;1;1;0;0;0;0;0;POINT (13.37415236 52.53749227)
10;2018;6;16;4;3;5;2;0;1;1;0;0;0;0;0;POINT (13.52288145 52.53588595)
11;2018;6;8;2;3;4;6;0;1;1;0;0;0;0;0;POINT (13.49941303 52.520441)
5;2018;6;8;2;3;5;2;0;1;1;0;0;0;0;0;POINT (13.26493552 52.53661566)
12;2018;6;15;4;3;0;4;0;0;0;1;0;0;1;0;POINT (13.28699934 52.58626588)
5;2018;6;7;2;2;5;2;0;1;1;0;0;0;0;0;POINT (13.17071112 52.51013819)
4;2018;6;15;4;3;5;7;0;0;1;0;1;0;0;0;POINT (13.26465096 52.50550048)
6;2018;6;7;2;3;2;7;0;1;1;0;0;0;0;0;POINT (13.34336972 52.42783671)
7;2018;6;15;4;2;1;5;0;1;1;0;0;0;0;0;POINT (13.38104202 52.44165231)
1;2018;6;7;2;2;5;3;0;1;1;0;0;0;0;0;POINT (13.40627757 52.53233328)
3;2018;6;7;2;3;5;2;0;0;1;0;0;0;0;0;POINT (13.44938071 52.53720053)
4;2018;6;23;4;3;5;3;2;0;1;0;1;0;0;0;POINT (13.29855015 52.50798052)
9;2018;6;17;1;3;1;5;1;1;1;0;0;0;1;0;POINT (13.53442876 52.43277411)
2;2018;6;9;1;3;2;3;0;1;1;0;0;0;0;0;POINT (13.46843379 52.49981196)
7;2018;6;15;4;3;0;2;0;0;0;0;1;0;1;0;POINT (13.34114956 52.47619765)
1;2018;6;18;1;3;3;6;0;0;1;0;1;0;0;0;POINT (13.3605383 52.53706847)
4;2018;6;15;4;3;5;2;0;1;1;0;0;0;0;0;POINT (13.3318982 52.4803023)
7;2018;6;15;4;3;5;2;0;1;1;0;0;0;0;0;POINT (13.38907992 52.39835801)
1;2018;6;14;1;3;6;4;0;0;1;1;0;0;0;0;POINT (13.37400703 52.50589801)
11;2018;6;14;4;3;1;5;0;1;0;0;0;0;1;0;POINT (13.51150334 52.49600176)
6;2018;6;13;4;3;2;6;0;0;1;0;0;0;0;0;POINT (13.31851587 52.45455189)
9;2018;6;7;1;3;6;2;0;0;1;1;0;0;0;0;POINT (13.48140936 52.46092251)
12;2018;6;18;1;3;6;4;0;0;1;1;0;0;0;0;POINT (13.33503143 52.59564858)
10;2018;6;13;4;3;5;2;0;0;1;0;1;0;0;0;POINT (13.5617412 52.50522544)
1;2018;6;18;1;3;5;2;0;0;1;0;0;0;0;0;POINT (13.31604107 52.52575143)
6;2018;6;11;4;3;2;6;0;0;1;0;0;0;0;0;POINT (13.30369288 52.41170575)
3;2018;6;11;4;3;2;6;0;0;1;0;0;0;0;0;POINT (13.45205432 52.54280562)
3;2018;6;18;1;3;1;5;0;1;1;0;0;0;0;0;POINT (13.46997176 52.55294435)
10;2018;6;11;4;3;5;2;0;0;1;0;0;0;0;0;POINT (13.58884263 52.53933203)
1;2018;6;11;4;3;5;3;0;0;1;0;0;0;0;0;POINT (13.3698148 52.55065019)
8;2018;6;18;1;3;2;6;0;0;0;0;1;0;1;0;POINT (13.43286338 52.47841213)
9;2018;6;20;4;3;0;1;0;0;0;0;1;0;0;0;POINT (13.53003968 52.41450735)
1;2018;6;18;1;3;1;5;0;1;1;0;0;0;0;0;POINT (13.3917884 52.5107382)
1;2018;6;20;4;2;0;1;0;0;0;0;1;0;0;0;POINT (13.38425966 52.53611632)
9;2018;6;19;1;3;6;4;0;0;1;1;0;0;0;0;POINT (13.52574226 52.4606195)
4;2018;6;20;4;3;0;7;0;1;0;0;0;0;0;0;POINT (13.32809332 52.50719406)
4;2018;6;19;1;3;6;4;0;0;1;1;0;0;0;0;POINT (13.31365682 52.48396962)
7;2018;6;11;4;3;0;1;0;1;0;0;0;0;0;0;POINT (13.35428112 52.49812633)
4;2018;6;20;1;3;5;2;0;1;1;0;0;0;0;0;POINT (13.312971 52.49992691)
8;2018;6;10;4;3;6;2;0;0;1;1;0;0;0;0;POINT (13.46434863 52.47019875)
7;2018;6;9;4;3;6;4;0;0;1;1;0;0;0;0;POINT (13.35769443 52.49859931)
8;2018;6;20;1;2;0;7;0;1;0;0;0;0;0;0;POINT (13.42120112 52.46661098)
10;2018;6;9;4;3;6;2;0;0;1;1;0;0;0;0;POINT (13.54324136 52.53430961)
5;2018;6;9;4;3;2;6;0;0;1;0;0;0;0;0;POINT (13.24121471 52.52816817)
4;2018;6;20;1;2;8;1;0;0;0;0;0;0;1;0;POINT (13.30022086 52.52610138)
3;2018;6;9;4;3;0;2;0;1;1;0;0;0;0;0;POINT (13.4522871 52.56306211)
9;2018;6;7;1;3;5;3;0;1;1;0;0;0;0;0;POINT (13.59366824 52.44626865)
2;2018;6;23;1;3;1;5;2;1;1;0;0;0;0;0;POINT (13.4403947 52.50187745)
11;2018;6;9;4;3;5;3;0;0;1;0;1;0;0;0;POINT (13.53287896 52.47946594)
4;2018;6;18;1;3;5;7;0;1;1;0;0;0;0;0;POINT (13.30820337 52.47504914)
4;2018;6;8;4;3;2;6;0;0;1;0;0;0;0;0;POINT (13.32398721 52.51645365)
12;2018;6;7;4;3;5;3;0;0;1;0;0;0;0;0;POINT (13.29149064 52.62566818)
4;2018;6;17;1;3;5;3;0;0;1;0;0;1;0;0;POINT (13.29751559 52.53458806)
3;2018;6;7;4;3;6;4;0;0;1;1;0;0;0;0;POINT (13.41790349 52.57704538)
1;2018;6;17;1;2;5;3;0;1;0;0;0;0;1;0;POINT (13.34306061 52.52628512)
4;2018;6;7;4;3;5;3;0;1;1;0;0;0;0;0;POINT (13.29210151 52.51675904)
12;2018;6;17;1;3;5;2;0;1;0;0;0;0;1;0;POINT (13.35570368 52.57760565)
9;2018;6;17;1;3;5;2;0;0;0;0;1;0;0;0;POINT (13.53517589 52.43229641)
5;2018;6;7;4;2;5;7;0;0;1;0;0;0;0;0;POINT (13.21559841 52.5380951)