bez;ujahr;umonat;ustunde;uwochentag;ukategorie;uart;utyp1;ulichtverh;istrad;istpkw;istfuss;istkrad;istgkfz;istsonstige;ustrzustand;geometry
1;2018;6;17;1;3;1;5;0;0;1;0;1;0;0;0;POINT (13.31700074 52.53083403)
5;2018;6;16;1;3;2;6;0;0;1;0;0;0;0;0;POINT (13.20127985 52.51216331)
3;2018;6;6;4;3;5;2;0;1;1;0;0;0;0;0;POINT (13.48713978 52.61747622)
2;2018;6;16;1;3;5;3;0;0;1;0;0;0;0;0;POINT (13.38791668 52.50288723)
2;2018;6;19;4;3;0;6;0;1;0;0;0;0;1;0;POINT (13.38172188 52.50419643)
9;2018;6;17;1;3;5;2;0;1;1;0;0;0;0;0;POINT (13.54456381 52.39928719)
7;2018;6;2;4;3;3;6;2;0;1;0;0;0;0;0;POINT (13.34496323 52.49104952)
11;2018;6;16;1;3;5;2;0;0;1;0;0;0;0;0;POINT (13.48512381 52.51586391)
2;2018;6;16;1;3;1;5;0;1;1;0;0;0;0;0;POINT (13.45418788 52.51029727)
2;2018;6;0;4;3;5;3;2;0;1;0;0;0;0;0;POINT (13.38024848 52.49879611)
7;2018;6;16;1;2;5;2;0;1;0;0;0;0;0;0;POINT (13.35500444 52.49089759)
12;2018;6;16;1;3;2;7;0;0;1;0;1;0;0;0;POINT (13.32857114 52.56364327)
5;2018;6;18;4;2;6;4;0;0;1;1;0;0;0;0;POINT (13.12968299 52.53614794)
11;2018;6;16;1;3;5;7;0;0;1;0;1;0;0;0;POINT (13.49054891 52.50965289)
4;2018;6;15;1;3;2;2;0;1;1;0;0;0;0;0;POINT (13.32744477 52.52049827)
1;2018;6;6;4;3;5;3;0;1;0;0;0;0;1;0;POINT (13.34904354 52.50860089)
12;2018;6;15;1;3;5;3;0;0;1;0;0;0;0;0;POINT (13.29278652 52.57882186)
1;2018;6;11;3;3;5;2;0;1;1;0;0;0;0;0;POINT (13.34511016 52.54664004)
2;2018;6;19;3;3;5;7;0;1;0;0;0;0;0;0;POINT (13.46838075 52.49966958)
1;2018;6;15;1;2;2;2;0;1;1;0;0;0;0;0;POINT (13.41972125 52.52543221)
5;2018;6;15;1;3;5;3;0;0;1;0;0;0;0;0;POINT (13.14285371 52.53967132)
12;2018;6;9;3;3;5;2;0;1;1;0;0;0;0;0;POINT (13.35412249 52.56209194)
7;2018;6;15;1;3;1;5;0;1;1;0;0;0;0;0;POINT (13.38078345 52.48275649)
2;2018;6;9;3;3;5;2;0;1;1;0;0;0;0;0;POINT (13.4533224 52.50101329)
1;2018;6;8;3;3;0;2;0;1;1;0;0;0;0;0;POINT (13.37359996 52.52081)
1;2018;6;15;1;2;5;2;0;0;1;0;1;0;0;0;POINT (13.3450244 52.53911814)
9;2018;6;5;3;3;5;2;0;1;1;0;0;0;0;0;POINT (13.54526281 52.42571448)
3;2018;6;8;3;3;1;5;0;1;0;0;0;0;1;0;POINT (13.41476784 52.55056323)
7;2018;6;15;1;3;1;5;0;0;1;0;0;0;0;0;POINT (13.32861559 52.47686423)
1;2018;6;8;3;3;1;5;0;1;1;0;0;0;1;0;POINT (13.38903046 52.51577009)
8;2018;6;8;3;3;5;2;0;1;1;0;0;0;0;0;POINT (13.46693472 52.47137982)
6;2018;6;14;1;3;5;3;0;1;1;0;0;0;0;0;POINT (13.30990216 52.46663015)
2;2018;6;8;3;3;5;7;0;1;1;0;0;0;0;0;POINT (13.44760399 52.49800363)
11;2018;6;14;1;3;5;2;0;0;1;0;0;0;1;0;POINT (13.52701016 52.49207539)
7;2018;6;8;3;3;5;2;0;1;1;0;0;0;0;0;POINT (13.33900765 52.4922791)
1;2018;6;13;1;3;0;7;0;1;1;0;0;0;0;0;POINT (13.33757742 52.5529526)
10;2018;6;9;3;3;2;2;0;1;1;0;0;0;0;0;POINT (13.540309 52.52595004)
5;2018;6;19;3;3;5;2;0;1;1;0;0;0;0;0;POINT (13.1782157 52.54883516)
6;2018;6;13;1;3;5;3;0;1;0;0;0;0;1;0;POINT (13.17594597 52.419564)
11;2018;6;19;3;3;5;2;0;0;1;0;1;0;0;0;POINT (13.51767571 52.56386819)
9;2018;6;12;1;2;5;7;0;0;1;0;1;0;0;0;POINT (13.48253665 52.46185067)
6;2018;6;19;3;3;0;1;0;0;0;0;1;0;0;0;POINT (13.33923169 52.45807115)
6;2018;6;11;1;3;0;3;0;1;0;0;1;0;0;0;POINT (13.34446761 52.43568138)
1;2018;6;11;1;3;5;2;0;1;1;0;0;0;0;0;POINT (13.39902627 52.50823257)
12;2018;6;19;3;3;5;3;0;1;0;0;0;0;1;0;POINT (13.36408569 52.56760584)
7;2018;6;19;3;3;1;5;0;1;1;0;0;0;0;0;POINT (13.39981882 52.45659008)
5;2018;6;11;1;3;5;2;0;1;1;0;0;0;0;0;POINT (13.19568574 52.52949927)
3;2018;6;20;3;2;2;6;0;0;1;0;0;0;0;0;POINT (13.44473935 52.56517756)
1;2018;6;10;1;2;5;3;0;1;1;0;0;0;0;0;POINT (13.37709382 52.55659994)
3;2018;6;20;3;3;5;3;1;1;1;0;0;0;0;0;POINT (13.46096348 52.56385479)
2;2018;6;10;1;3;0;7;0;0;1;1;0;0;1;0;POINT (13.43055594 52.49786732)
3;2018;6;21;3;3;5;3;1;1;1;0;0;0;0;0;POINT (13.42275004 52.54141919)
2;2018;6;22;3;3;0;5;2;1;1;0;0;0;0;0;POINT (13.43135425 52.51522314)
1;2018;6;8;1;3;6;4;0;0;1;1;0;0;0;0;POINT (13.38875197 52.53429524)
1;2018;6;17;3;3;0;1;0;1;0;0;0;0;0;0;POINT (13.40336749 52.5113187)
6;2018;6;7;1;3;1;5;0;1;1;0;0;0;0;0;POINT (13.34938342 52.44758257)
10;2018;6;7;1;3;0;7;0;0;0;0;1;0;0;1;POINT (13.56410487 52.54454935)
4;2018;6;17;3;3;5;3;0;1;1;0;0;0;0;0;POINT (13.30420679 52.50792608)
4;2018;6;12;1;3;5;3;0;0;0;0;1;0;1;0;POINT (13.28515011 52.49389168)
5;2018;6;18;7;3;5;3;0;0;1;0;1;0;0;0;POINT (13.16121287 52.5254024)
6;2018;6;16;3;2;5;3;0;1;0;0;0;0;0;0;POINT (13.23623206 52.46946427)
4;2018;6;14;7;3;6;4;0;0;1;1;0;0;0;0;POINT (13.3250999 52.50144302)
3;2018;6;21;3;3;0;1;0;0;0;0;1;0;0;0;POINT (13.41770233 52.53669702)
1;2018;6;16;3;2;6;4;0;0;1;1;0;0;0;0;POINT (13.34195406 52.55221448)
4;2018;6;9;7;3;6;4;0;0;1;1;0;0;0;0;POINT (13.31737475 52.48150118)
2;2018;6;22;7;3;0;7;2;0;1;0;0;0;1;0;POINT (13.43946209 52.52387043)
3;2018;6;16;3;3;5;3;0;1;1;0;0;0;0;0;POINT (13.44974618 52.55106877)
9;2018;6;17;7;3;0;1;0;1;0;0;0;0;0;0;POINT (13.62529306 52.45556885)
3;2018;6;16;3;3;5;3;0;1;0;0;0;1;0;0;POINT (13.42478984 52.54699777)
7;2018;6;15;7;3;0;7;0;0;0;0;1;0;0;0;POINT (13.37649982 52.46728506)
4;2018;6;16;7;3;2;6;0;1;0;0;0;0;0;0;POINT (13.25056699 52.52268316)
12;2018;6;15;3;3;0;1;0;0;0;0;1;0;0;0;POINT (13.31310321 52.58551245)
9;2018;6;15;7;3;0;4;0;1;0;1;0;0;0;0;POINT (13.62465881 52.45037759)
8;2018;6;14;7;3;0;7;0;0;1;1;0;0;0;0;POINT (13.43500537 52.43180461)
11;2018;6;19;3;3;5;2;0;0;1;0;1;0;0;0;POINT (13.49050483 52.50151125)
8;2018;6;13;7;3;2;6;0;0;1;0;0;0;0;0;POINT (13.44224471 52.48073145)
4;2018;6;16;3;3;2;6;0;0;1;0;0;0;0;0;POINT (13.30665462 52.50105635)
9;2018;6;15;3;3;5;2;2;0;1;0;1;0;0;0;POINT (13.55539233 52.45559004)
8;2018;6;13;7;3;5;3;0;0;1;0;0;0;0;0;POINT (13.43699242 52.46509067)
5;2018;6;15;3;3;5;2;0;0;1;0;1;0;0;0;POINT (13.2087675 52.51067549)
1;2018;6;11;7;3;2;6;0;0;1;0;0;0;0;1;POINT (13.37661032 52.52867554)
1;2018;6;14;3;3;5;3;0;0;1;0;0;0;0;0;POINT (13.32640575 52.52763692)
6;2018;6;9;7;3;1;1;0;1;1;0;0;0;0;0;POINT (13.31790763 52.46287025)
9;2018;6;9;7;2;5;3;0;0;1;0;0;0;0;0;POINT (13.54502558 52.43442678)
9;2018;6;15;3;3;0;1;0;0;0;0;1;0;0;0;POINT (13.59655845 52.43701138)
7;2018;6;5;7;2;8;1;0;0;0;0;1;0;0;0;POINT (13.37448783 52.49193959)
1;2018;6;18;3;3;5;3;0;0;1;0;1;0;0;0;POINT (13.37747024 52.5222313)
2;2018;6;15;3;3;5;3;0;1;1;0;0;0;0;0;POINT (13.40506206 52.50090991)
3;2018;6;2;7;3;6;7;2;0;1;1;0;0;0;0;POINT (13.43234994 52.60474576)
8;2018;6;15;3;3;6;4;0;0;1;1;0;0;0;0;POINT (13.43821464 52.41864756)
9;2018;6;15;3;3;0;7;0;0;0;0;1;0;0;0;POINT (13.5297212 52.45690451)
11;2018;6;17;7;2;5;3;0;0;1;0;0;0;0;0;POINT (13.49981643 52.53437258)
10;2018;6;15;3;3;2;6;0;0;1;0;0;0;0;0;POINT (13.56817147 52.57366104)
3;2018;6;18;7;2;6;4;0;0;1;1;0;0;0;0;POINT (13.46125587 52.53023085)
1;2018;6;14;3;3;5;3;0;0;1;0;0;0;0;0;POINT (13.35636101 52.55538966)
4;2018;6;22;7;3;0;3;2;1;1;0;0;0;0;0;POINT (13.32273339 52.48556081)
2;2018;6;14;3;3;2;6;0;0;1;0;0;0;0;0;POINT (13.40520461 52.4892412)
3;2018;6;14;3;3;5;3;0;1;1;0;0;0;0;0;POINT (13.41841565 52.5555576)
4;2018;6;11;7;2;5;3;0;1;1;0;0;0;0;0;POINT (13.28008253 52.51841007)
7;2018;6;14;3;3;3;2;0;1;1;0;0;0;0;0;POINT (13.35373062 52.49991437)
6;2018;6;17;6;3;5;3;0;0;1;0;0;0;0;0;POINT (13.24999812 52.42133686)
1;2018;6;12;3;3;5;3;0;0;1;0;1;0;0;0;POINT (13.36805042 52.55866984)
8;2018;6;6;4;3;0;2;0;1;1;0;0;0;0;0;POINT (13.45320677 52.47530724)
2;2018;6;11;3;3;6;7;0;0;1;1;0;0;0;0;POINT (13.44039813 52.51635663)
9;2018;6;17;6;3;2;6;0;0;1;0;1;0;0;0;POINT (13.55147973 52.43915332)
5;2018;6;11;3;3;2;6;0;0;1;0;0;0;0;0;POINT (13.17843732 52.54879289)
2;2018;6;11;3;3;2;6;0;0;1;0;0;0;0;0;POINT (13.40179113 52.49023227)
2;2018;6;15;6;3;1;5;0;1;1;0;0;0;0;0;POINT (13.38300647 52.49210762)
1;2018;6;11;3;3;5;7;0;0;1;0;1;0;0;0;POINT (13.3314026 52.52717743)
4;2018;6;15;6;3;0;7;0;1;1;0;0;0;0;0;POINT (13.2887637 52.51893311)
6;2018;6;7;4;3;5;3;0;0;1;0;1;0;0;0;POINT (13.3585462 52.42108412)
2;2018;6;14;6;3;1;5;0;1;1;0;0;0;1;0;POINT (13.41974927 52.50115382)
10;2018;6;10;3;3;5;3;0;0;1;0;0;0;0;0;POINT (13.6269822 52.52997444)
9;2018;6;14;6;2;4;6;0;0;1;0;0;0;0;0;POINT (13.51336933 52.42778089)
1;2018;6;10;3;3;6;2;0;0;1;1;0;0;0;0;POINT (13.41770128 52.51378489)
11;2018;6;15;4;3;5;2;0;1;1;0;0;0;0;0;POINT (13.52826787 52.5568888)
4;2018;6;8;3;3;5;3;0;1;1;0;0;0;0;0;POINT (13.33030877 52.51297916)
10;2018;6;11;6;3;2;6;0;0;1;0;0;0;0;1;POINT (13.64690984 52.52098822)
1;2018;6;9;3;2;2;6;0;0;1;0;1;0;1;0;POINT (13.38187776 52.54162501)
7;2018;6;11;6;3;6;4;0;1;0;1;0;0;0;0;POINT (13.35075379 52.48614156)
1;2018;6;11;6;3;1;5;0;0;1;0;1;0;0;0;POINT (13.42072301 52.51809216)
2;2018;6;7;3;3;2;6;0;1;1;0;0;0;0;0;POINT (13.44199844 52.50090224)
3;2018;6;8;6;3;5;3;0;0;1;0;0;0;0;0;POINT (13.48268933 52.55622164)
10;2018;6;16;4;3;5;3;0;0;1;0;1;0;0;0;POINT (13.55407863 52.49384157)
9;2018;6;15;6;3;6;4;0;0;1;1;0;0;0;1;POINT (13.57821034 52.45729311)
7;2018;6;7;3;3;0;5;0;1;1;0;0;0;0;0;POINT (13.36230419 52.48923804)
3;2018;6;22;6;3;2;6;2;0;1;0;0;0;0;0;POINT (13.41101704 52.54112448)
6;2018;6;16;4;3;2;6;0;0;0;0;1;0;1;0;POINT (13.32613407 52.42787244)
1;2018;6;21;6;3;6;4;2;0;0;1;1;0;0;0;POINT (13.38114155 52.53210799)
6;2018;6;7;3;3;2;6;0;0;1;0;0;0;0;0;POINT (13.25031794 52.453845)
10;2018;6;19;6;3;5;3;0;0;1;0;1;0;0;0;POINT (13.58700708 52.48153353)
1;2018;6;7;3;3;5;2;0;1;1;0;0;0;0;0;POINT (13.39027792 52.55554875)
3;2018;6;17;4;3;5;3;0;1;1;0;0;0;0;0;POINT (13.41728902 52.54990233)
7;2018;6;19;6;2;6;4;0;0;1;1;0;0;0;0;POINT (13.41578048 52.38691772)
5;2018;6;6;3;3;3;6;0;0;1;0;1;0;0;0;POINT (13.2477181 52.54754721)
4;2018;6;19;6;3;5;5;0;1;1;0;0;0;0;0;POINT (13.3225828 52.48727515)
9;2018;6;10;6;3;2;2;0;1;0;0;0;0;1;0;POINT (13.55284177 52.39941875)
2;2018;6;6;3;3;5;2;0;1;1;0;0;0;0;0;POINT (13.44664055 52.50281651)
10;2018;6;9;6;2;5;3;0;1;1;0;0;0;0;0;POINT (13.5373869 52.5344838)
9;2018;6;17;4;3;1;1;0;1;1;0;0;0;0;0;POINT (13.57411031 52.44498746)
2;2018;6;8;3;3;5;3;0;1;1;0;0;0;0;0;POINT (13.37928712 52.48970441)
3;2018;6;8;6;3;5;3;0;0;1;0;0;0;0;0;POINT (13.45857846 52.55777452)
4;2018;6;21;3;1;5;7;2;0;1;1;0;0;0;0;POINT (13.29917053 52.50672721)
1;2018;6;17;4;3;2;6;0;0;1;0;0;0;0;0;POINT (13.34921944 52.54194752)
11;2018;6;7;6;3;5;7;0;0;1;0;0;0;1;0;POINT (13.48038737 52.49911956)
8;2018;6;18;2;3;5;2;0;1;1;0;0;0;0;0;POINT (13.42075358 52.46862357)
2;2018;6;12;6;3;0;2;0;1;1;0;0;0;0;0;POINT (13.41097596 52.50382439)
11;2018;6;7;2;3;5;3;0;1;1;0;0;0;0;0;POINT (13.47721237 52.52285184)
7;2018;6;17;4;3;5;3;0;0;1;0;0;0;0;0;POINT (13.36302335 52.44776477)
4;2018;6;16;2;3;5;3;0;1;1;0;0;0;0;0;POINT (13.32623133 52.48636509)
7;2018;6;10;6;3;5;7;0;0;1;0;0;1;0;0;POINT (13.38838936 52.41204827)
2;2018;6;6;6;3;6;4;0;0;1;1;0;0;0;0;POINT (13.44661725 52.50282786)
5;2018;6;17;2;3;6;7;0;0;1;1;0;0;0;0;POINT (13.1973648 52.5246653)
6;2018;6;8;6;2;5;3;0;0;1;0;0;0;0;1;POINT (13.2551561 52.44979187)
3;2018;6;21;2;3;0;3;2;1;0;0;0;0;0;0;POINT (13.4244384 52.560168)
1;2018;6;18;4;3;5;3;0;1;1;0;0;0;0;0;POINT (13.4136709 52.51130089)
3;2018;6;18;2;3;0;4;0;0;1;1;0;0;0;0;POINT (13.43172496 52.55460387)
1;2018;6;1;6;3;8;1;2;0;1;0;0;0;0;0;POINT (13.33928132 52.5439839)
10;2018;6;8;2;3;6;4;0;0;1;1;0;0;0;0;POINT (13.51901238 52.51638475)
1;2018;6;14;2;3;6;4;0;0;1;1;0;0;0;0;POINT (13.39310633 52.51460886)
2;2018;6;23;6;3;5;2;2;0;1;0;1;0;0;0;POINT (13.44066221 52.51719517)
12;2018;6;13;2;3;2;2;0;0;1;0;0;0;0;0;POINT (13.35081016 52.59640052)
4;2018;6;13;2;3;5;3;0;1;1;0;0;0;0;0;POINT (13.31446051 52.52308062)
3;2018;6;19;5;3;5;7;0;1;1;0;0;0;0;0;POINT (13.41032842 52.56118118)
1;2018;6;12;2;3;3;6;0;1;0;0;0;0;0;0;POINT (13.37867031 52.50727681)
1;2018;6;18;5;3;1;5;0;1;1;0;0;0;0;0;POINT (13.41573978 52.51007925)
1;2018;6;14;2;3;2;6;0;0;1;0;0;0;0;0;POINT (13.41578525 52.51013746)
1;2018;6;18;5;3;1;5;0;1;1;0;0;0;1;0;POINT (13.41775144 52.51402094)
7;2018;6;12;2;3;3;6;0;0;0;0;1;0;1;0;POINT (13.34178164 52.50227974)
1;2018;6;18;4;3;2;2;0;1;1;0;0;0;0;0;POINT (13.42817898 52.5072543)
2;2018;6;14;2;2;5;3;0;1;1;0;0;0;0;0;POINT (13.39986077 52.49441886)
4;2018;6;15;5;3;5;2;0;1;1;0;0;0;0;0;POINT (13.29494227 52.50667539)
6;2018;6;14;2;3;5;3;0;1;1;0;0;0;0;0;POINT (13.26877159 52.4049652)
8;2018;6;12;2;2;0;6;0;0;1;0;1;0;0;0;POINT (13.46450988 52.42988352)
6;2018;6;2;5;3;7;7;2;0;1;0;0;0;0;0;POINT (13.27483862 52.46065718)
11;2018;6;13;2;3;2;6;0;0;1;0;0;0;0;0;POINT (13.54025946 52.56541925)
1;2018;6;18;5;3;5;2;0;0;1;0;1;0;0;1;POINT (13.39155153 52.5280658)
1;2018;6;18;4;3;6;2;0;0;1;1;0;0;0;0;POINT (13.42221415 52.50541537)
6;2018;6;5;5;3;0;6;0;1;1;0;0;0;0;0;POINT (13.3511518 52.44067937)
1;2018;6;15;2;3;0;6;0;0;0;0;1;0;1;0;POINT (13.34552283 52.5542194)
8;2018;6;23;5;3;5;3;2;0;1;0;0;0;0;1;POINT (13.43982751 52.48390753)
11;2018;6;15;2;3;2;6;0;1;0;0;0;0;1;0;POINT (13.49942803 52.52074852)
9;2018;6;18;4;3;5;2;0;1;1;0;0;0;0;0;POINT (13.47655664 52.47643649)
1;2018;6;22;5;3;6;2;2;0;1;1;0;0;0;1;POINT (13.3448638 52.53913808)
1;2018;6;23;2;3;5;3;2;1;1;0;0;0;0;0;POINT (13.38667889 52.54934263)
6;2018;6;21;5;3;2;6;2;0;1;0;0;0;1;1;POINT (13.31427042 52.46511806)
5;2018;6;20;2;2;5;3;2;1;0;0;0;0;0;0;POINT (13.13365589 52.45239844)
1;2018;6;20;2;3;0;1;0;0;0;0;1;0;0;0;POINT (13.35739843 52.54975612)
3;2018;6;13;5;3;3;6;0;1;0;0;1;0;0;0;POINT (13.40576504 52.54004732)
1;2018;6;19;2;3;5;3;0;1;1;0;0;0;0;0;POINT (13.40248741 52.52806438)
4;2018;6;20;5;3;3;6;1;0;1;0;0;0;0;1;POINT (13.32177178 52.51196235)
3;2018;6;20;5;3;2;6;1;0;1;0;0;0;1;1;POINT (13.41390308 52.55056188)
1;2018;6;18;2;3;1;5;0;1;1;0;0;0;0;0;POINT (13.40246532 52.53119272)
1;2018;6;19;5;3;5;2;0;1;1;0;0;0;0;1;POINT (13.39838276 52.52658691)
3;2018;6;19;5;3;0;1;1;1;0;0;0;0;0;1;POINT (13.41121208 52.56721441)
2;2018;6;18;2;3;5;3;0;1;1;0;0;0;0;0;POINT (13.39448102 52.50696703)
3;2018;6;19;5;3;6;4;0;1;0;1;0;0;0;1;POINT (13.40904793 52.54129864)
4;2018;6;18;2;3;5;2;0;0;1;0;0;0;0;0;POINT (13.32610277 52.53839167)
1;2018;6;17;2;3;5;3;0;1;1;0;0;0;0;0;POINT (13.33794769 52.51360528)
3;2018;6;18;5;3;5;7;0;0;1;0;1;0;0;0;POINT (13.42791258 52.5480721)
1;2018;6;18;5;3;1;5;0;1;1;0;0;0;1;0;POINT (13.38502444 52.52898648)
3;2018;6;18;5;3;0;1;0;1;0;0;0;0;0;0;POINT (13.46758683 52.56751252)
10;2018;6;17;2;3;5;2;0;0;1;0;0;0;0;0;POINT (13.58377999 52.52432576)
1;2018;6;16;5;3;2;6;0;0;1;0;0;0;0;0;POINT (13.35047882 52.50310273)
2;2018;6;17;5;3;0;1;0;1;0;0;0;0;0;0;POINT (13.39680937 52.49265704)
2;2018;6;17;2;3;0;5;0;1;1;0;0;0;1;0;POINT (13.40863422 52.50193096)
1;2018;6;19;5;2;1;5;1;0;1;0;0;0;0;1;POINT (13.37470868 52.53735917)
12;2018;6;19;5;2;3;6;0;0;1;0;1;0;0;0;POINT (13.28181501 52.59217771)
2;2018;6;17;2;3;2;6;0;1;1;0;0;0;0;0;POINT (13.42921316 52.51055972)
7;2018;6;18;5;2;0;1;0;1;0;0;0;0;0;0;POINT (13.38248419 52.44543359)
1;2018;6;17;2;3;5;2;0;0;1;0;0;0;0;0;POINT (13.38626854 52.55870558)
7;2018;6;17;2;3;5;3;0;0;1;0;0;0;0;0;POINT (13.37780864 52.47334827)
7;2018;6;17;5;2;1;2;0;0;1;0;1;0;0;0;POINT (13.40234628 52.43969468)
5;2018;6;16;5;2;6;4;0;0;1;1;0;0;0;0;POINT (13.26315313 52.54847995)
11;2018;6;17;2;3;6;2;0;0;1;1;0;0;0;0;POINT (13.51931296 52.51346292)
4;2018;6;21;5;3;0;1;1;0;0;0;1;0;0;1;POINT (13.28900885 52.47071556)
2;2018;6;16;2;3;5;3;0;1;1;0;0;0;0;0;POINT (13.39548201 52.49903603)
4;2018;6;16;2;3;5;3;0;0;1;0;1;0;0;0;POINT (13.3078142 52.50292181)
1;2018;6;15;5;3;0;6;0;0;1;0;1;0;0;0;POINT (13.3491063 52.51506648)
6;2018;6;16;2;2;6;4;0;0;1;1;0;0;0;0;POINT (13.26036646 52.43492649)
3;2018;6;10;5;3;5;7;0;1;0;0;0;0;1;0;POINT (13.42506303 52.53219917)
5;2018;6;16;2;3;0;3;0;0;1;0;1;0;0;0;POINT (13.24744729 52.54144464)
9;2018;6;14;5;3;3;6;0;0;1;0;1;0;0;0;POINT (13.52993983 52.4627347)
12;2018;6;16;2;3;5;2;0;1;1;0;0;0;0;0;POINT (13.32649924 52.59213624)
4;2018;6;16;2;3;5;2;0;0;1;0;1;0;0;0;POINT (13.33082847 52.50048442)
8;2018;6;14;5;3;5;2;0;1;1;0;0;0;0;0;POINT (13.45182944 52.48088286)
11;2018;6;14;2;2;5;3;0;0;1;0;1;0;0;0;POINT (13.52310902 52.54453291)
1;2018;6;13;5;3;1;5;0;1;1;0;0;0;1;0;POINT (13.38219903 52.53125606)
5;2018;6;12;2;2;6;4;0;0;0;1;0;0;1;0;POINT (13.19795111 52.532946)
3;2018;6;13;5;3;5;3;0;0;1;0;0;0;0;0;POINT (13.43455749 52.61298)
7;2018;6;12;2;3;2;6;0;0;1;0;0;0;0;0;POINT (13.34627703 52.49617251)
12;2018;6;13;5;3;6;4;0;0;1;1;0;0;0;0;POINT (13.36627994 52.5671873)
2;2018;6;12;2;3;3;6;0;1;1;0;0;0;0;0;POINT (13.38480875 52.49739247)
4;2018;6;12;5;3;5;7;0;0;0;0;1;0;1;0;POINT (13.30972663 52.4930021)
3;2018;6;13;1;2;3;6;0;0;1;0;0;0;0;0;POINT (13.46663308 52.55246662)
11;2018;6;13;1;3;1;5;0;1;1;0;0;0;0;0;POINT (13.46560148 52.52600903)
2;2018;6;2;5;3;2;6;2;0;1;0;0;0;0;0;POINT (13.38618946 52.49333342)
1;2018;6;11;1;3;6;4;0;1;0;1;0;0;0;0;POINT (13.38506202 52.53111552)
5;2018;6;10;5;3;0;4;0;0;0;1;0;0;1;0;POINT (13.18177154 52.53408164)
8;2018;6;17;4;3;6;4;0;0;1;1;0;0;0;0;POINT (13.4480064 52.43696125)
8;2018;6;11;1;3;6;2;0;0;1;1;0;0;0;0;POINT (13.43489138 52.44046623)
6;2018;6;12;4;3;4;6;0;0;1;0;1;0;0;0;POINT (13.29489638 52.43081842)
6;2018;6;10;1;3;5;2;0;0;1;0;0;0;0;0;POINT (13.31750668 52.43081461)
4;2018;6;16;4;3;3;6;0;0;1;0;1;0;0;0;POINT (13.32447188 52.52150175)
4;2018;6;10;1;3;2;3;0;1;1;0;0;0;0;0;POINT (13.33068854 52.48508169)
12;2018;6;16;4;2;5;3;0;1;1;0;0;0;0;0;POINT (13.28072846 52.63401856)
11;2018;6;17;4;3;0;5;0;1;1;0;0;0;0;0;POINT (13.48888219 52.54221595)
3;2018;6;7;1;3;5;3;0;1;1;0;0;0;0;0;POINT (13.4273775 52.55249775)
3;2018;6;8;4;3;6;4;0;0;1;1;0;0;0;0;POINT (13.41921895 52.53064798)
11;2018;6;8;4;3;2;6;0;0;1;0;0;0;0;0;POINT (13.45925927 52.525883)
6;2018;6;7;1;3;6;4;0;1;0;1;0;0;0;0;POINT (13.33467877 52.45065826)
7;2018;6;22;4;3;8;1;2;0;1;0;0;0;0;0;POINT (13.38567788 52.46573046)
5;2018;6;8;1;3;2;6;0;0;1;0;1;0;0;0;POINT (13.24193226 52.53852241)
5;2018;6;22;4;3;0;2;2;0;1;0;1;0;0;0;POINT (13.19606571 52.53533692)
2;2018;6;21;4;3;1;5;1;0;1;0;0;0;0;0;POINT (13.42066198 52.49840328)
3;2018;6;8;1;3;4;1;0;1;1;0;0;0;0;1;POINT (13.40462304 52.57584326)
12;2018;6;21;4;3;5;3;0;1;1;0;0;0;0;0;POINT (13.33458047 52.6099719)
11;2018;6;9;5;3;2;6;0;0;1;0;0;0;1;0;POINT (13.49995493 52.52928337)
2;2018;6;8;1;3;2;3;0;0;1;0;1;0;0;0;POINT (13.39579808 52.49788717)
1;2018;6;13;5;3;0;1;0;1;0;0;0;0;0;0;POINT (13.39823956 52.53253492)
7;2018;6;20;4;3;5;2;0;1;0;0;1;0;0;0;POINT (13.35573108 52.4573696)
1;2018;6;9;1;3;5;3;0;1;1;0;0;0;0;0;POINT (13.37761243 52.50838071)
6;2018;6;20;4;2;2;1;0;0;1;0;1;0;0;0;POINT (13.20495187 52.48937842)
2;2018;6;19;4;3;0;7;0;1;0;0;0;0;0;0;POINT (13.39607383 52.4959111)
8;2018;6;10;1;2;5;2;0;1;1;0;0;0;0;0;POINT (13.42761691 52.47438273)
1;2018;6;19;4;2;5;2;0;1;1;0;0;0;0;0;POINT (13.35549879 52.51963589)
5;2018;6;19;4;2;6;4;0;0;1;1;0;0;0;0;POINT (13.23195628 52.54422804)
4;2018;6;10;1;3;0;5;0;0;1;0;1;0;0;0;POINT (13.32513827 52.50171626)
11;2018;6;19;4;3;5;3;0;0;1;0;0;0;0;0;POINT (13.49023427 52.50472464)
7;2018;6;9;1;3;3;6;0;0;1;0;0;1;0;0;POINT (13.37311809 52.42486051)
3;2018;6;9;1;3;0;1;0;1;0;0;0;0;0;0;POINT (13.49139173 52.62227559)
1;2018;6;19;4;2;6;7;0;0;1;1;0;0;0;0;POINT (13.38228238 52.51122573)
4;2018;6;13;1;3;0;6;0;0;1;0;0;0;1;0;POINT (13.32588956 52.50271901)
4;2018;6;14;5;3;0;5;0;1;1;0;0;0;0;0;POINT (13.30383457 52.50417514)
1;2018;6;14;1;3;5;3;0;0;1;0;0;0;1;0;POINT (13.38617653 52.51856225)