bez;ujahr;umonat;ustunde;uwochentag;ukategorie;uart;utyp1;ulichtverh;istrad;istpkw;istfuss;istkrad;istgkfz;istsonstige;ustrzustand;geometry
2;2018;6;18;4;3;5;2;0;0;1;0;1;0;0;0;POINT (13.37197177 52.48505458)
9;2018;6;16;5;3;5;3;0;0;1;0;0;0;0;0;POINT (13.57862489 52.45244297)
2;2018;6;18;4;3;5;2;0;1;1;0;0;0;0;0;POINT (13.46485521 52.49733437)
10;2018;6;18;1;3;5;3;0;1;0;0;0;0;1;0;POINT (13.56139373 52.55972619)
11;2018;6;18;4;3;5;3;0;1;1;0;0;0;0;0;POINT (13.46679236 52.52850634)
1;2018;6;13;7;3;1;5;0;1;1;0;0;0;0;0;POINT (13.37126007 52.5460555)
2;2018;6;17;7;3;6;2;0;1;0;1;0;0;0;1;POINT (13.4224132 52.50043608)
1;2018;6;18;4;3;5;3;0;1;1;0;0;0;0;0;POINT (13.39189657 52.53895022)
9;2018;6;18;7;3;0;2;0;1;1;0;0;0;0;1;POINT (13.62540679 52.45066597)
12;2018;6;23;7;3;5;2;2;1;0;0;0;0;1;0;POINT (13.35181369 52.57365678)
2;2018;6;17;4;3;3;6;0;1;1;0;0;0;0;0;POINT (13.41752261 52.49885253)
11;2018;6;20;7;2;5;7;1;0;1;0;0;0;0;0;POINT (13.4777563 52.5307962)
11;2018;6;18;4;2;5;2;0;0;1;0;1;0;0;0;POINT (13.48051003 52.49906359)
8;2018;6;20;7;2;5;2;0;0;1;0;0;0;0;1;POINT (13.47396816 52.42574394)
4;2018;6;17;4;3;5;3;0;1;1;0;0;0;0;0;POINT (13.33120702 52.48690029)
4;2018;6;19;7;3;2;2;0;0;1;0;0;0;0;0;POINT (13.33089853 52.50055947)
4;2018;6;17;4;3;5;2;0;1;1;0;0;0;0;0;POINT (13.33097647 52.5005621)
3;2018;6;19;7;2;5;3;0;0;1;0;0;0;1;1;POINT (13.42065535 52.54876204)
1;2018;6;16;4;3;0;7;0;1;0;0;0;0;0;0;POINT (13.40724371 52.52341165)
4;2018;6;18;7;3;0;6;0;0;1;0;1;0;0;1;POINT (13.29337181 52.53412691)
8;2018;6;18;7;3;2;6;0;0;1;0;0;0;0;1;POINT (13.44168289 52.46952606)
1;2018;6;15;4;3;0;1;0;1;0;0;0;0;0;0;POINT (13.37988341 52.52112179)
1;2018;6;16;7;3;1;5;0;1;1;0;0;0;0;1;POINT (13.40803946 52.52485566)
12;2018;6;19;5;2;8;1;0;1;0;0;0;0;0;0;POINT (13.27583142 52.57775385)
12;2018;6;14;7;3;5;2;0;1;0;0;0;0;1;1;POINT (13.2972676 52.57778475)
1;2018;6;15;4;3;5;2;0;1;1;0;0;0;0;0;POINT (13.40144187 52.53979223)
9;2018;6;14;7;3;5;3;0;0;1;0;0;0;0;0;POINT (13.55933894 52.42334142)
8;2018;6;15;4;3;2;6;0;0;1;0;0;0;0;0;POINT (13.45506135 52.43020774)
11;2018;6;15;4;3;0;5;0;1;1;0;0;0;0;0;POINT (13.47481143 52.54760571)
3;2018;6;14;7;3;0;2;0;0;1;0;1;0;0;0;POINT (13.38021703 52.57496618)
7;2018;6;14;4;3;0;2;0;1;1;0;0;0;0;0;POINT (13.38543895 52.46609565)
12;2018;6;8;5;3;2;6;0;0;0;0;1;0;1;0;POINT (13.37698749 52.56059048)
3;2018;6;13;7;3;5;3;0;1;1;0;0;0;0;0;POINT (13.40806806 52.54198833)
1;2018;6;8;5;3;1;5;0;1;1;0;0;0;0;0;POINT (13.38869606 52.53255523)
7;2018;6;13;7;3;0;7;0;0;1;0;1;0;0;0;POINT (13.36480533 52.48711397)
9;2018;6;7;4;3;5;3;0;1;0;0;0;0;1;0;POINT (13.50194028 52.46094812)
2;2018;6;10;5;3;2;2;0;1;1;0;0;0;0;0;POINT (13.40788424 52.50004513)
10;2018;6;11;7;3;4;5;0;0;1;0;0;0;0;0;POINT (13.56361244 52.54922496)
1;2018;6;7;4;3;3;6;0;1;1;0;0;0;0;0;POINT (13.34598387 52.54465735)
6;2018;6;11;7;2;5;3;0;1;1;0;0;0;0;0;POINT (13.2362374 52.46946325)
3;2018;6;7;4;3;5;2;0;1;1;0;0;0;0;0;POINT (13.41312827 52.54768031)
2;2018;6;8;4;3;1;5;0;1;1;0;0;0;0;0;POINT (13.44724873 52.51323723)
4;2018;6;10;7;3;6;4;0;1;0;1;0;0;0;0;POINT (13.26047242 52.48942897)
2;2018;6;9;4;3;6;4;0;1;0;1;0;0;0;0;POINT (13.41840796 52.50005259)
3;2018;6;9;4;3;2;6;0;0;1;0;1;0;0;0;POINT (13.4292262 52.55637515)
6;2018;6;9;7;3;0;3;0;1;1;0;0;0;0;0;POINT (13.24255085 52.43393326)
8;2018;6;9;4;3;3;6;0;0;1;0;1;0;0;0;POINT (13.44651128 52.42677766)
12;2018;6;21;5;3;5;3;1;1;1;0;0;0;0;0;POINT (13.29640998 52.55022698)
9;2018;6;9;7;3;5;3;0;0;1;0;0;0;0;0;POINT (13.56927309 52.44316554)
3;2018;6;10;4;3;2;6;0;0;1;0;0;1;0;0;POINT (13.42982245 52.55148798)
1;2018;6;2;7;3;5;2;2;0;1;0;0;0;0;0;POINT (13.41815248 52.51557282)
7;2018;6;11;4;3;5;2;0;1;1;0;0;0;0;0;POINT (13.36403401 52.44826847)
7;2018;6;11;4;3;1;5;0;1;1;0;0;0;0;0;POINT (13.37823925 52.45399729)
6;2018;6;16;7;3;0;7;0;0;0;0;1;0;0;0;POINT (13.31489729 52.41732254)
3;2018;6;13;4;3;6;2;0;0;1;1;0;0;0;0;POINT (13.49237913 52.6369261)
1;2018;6;13;4;3;6;2;0;0;1;1;0;0;0;0;POINT (13.35891588 52.54632792)
4;2018;6;12;7;2;0;1;0;1;0;0;0;0;0;0;POINT (13.27350147 52.49987404)
7;2018;6;13;4;3;5;2;0;0;1;0;1;0;0;0;POINT (13.40632404 52.40439456)
1;2018;6;13;4;3;5;3;0;1;1;0;0;0;0;0;POINT (13.38646635 52.51369251)
5;2018;6;6;7;3;9;1;0;0;0;0;1;0;0;0;POINT (13.22582064 52.55297455)
8;2018;6;13;4;3;2;6;0;0;1;0;0;0;0;0;POINT (13.43508846 52.48428089)
2;2018;6;18;7;3;0;1;0;1;0;0;0;0;0;0;POINT (13.41959951 52.49916212)
2;2018;6;17;6;3;5;3;0;1;0;0;1;0;0;0;POINT (13.41305669 52.49180114)
1;2018;6;14;4;3;2;6;0;0;1;0;0;0;0;0;POINT (13.32833462 52.53458897)
12;2018;6;17;5;3;0;1;0;0;0;0;1;0;0;0;POINT (13.31157526 52.57064158)
3;2018;6;9;4;2;5;3;0;1;1;0;0;0;0;0;POINT (13.43355503 52.60769504)
9;2018;6;17;6;3;2;2;0;0;1;0;0;0;0;0;POINT (13.53293918 52.46163822)
10;2018;6;10;4;3;5;3;0;0;1;0;0;0;0;0;POINT (13.54441252 52.52605051)
4;2018;6;9;6;3;5;2;0;1;1;0;0;0;0;0;POINT (13.24944732 52.51544188)
1;2018;6;19;1;3;5;3;0;1;1;0;0;0;0;0;POINT (13.39292872 52.52745447)
12;2018;6;12;5;3;0;5;0;1;0;0;0;0;1;0;POINT (13.22579026 52.62791618)
6;2018;6;3;6;3;6;7;2;1;0;1;0;0;0;0;POINT (13.3389602 52.46434669)
6;2018;6;10;4;2;5;3;0;0;1;0;0;0;0;0;POINT (13.2734317 52.45560518)
2;2018;6;14;6;3;6;4;0;0;1;1;0;0;0;0;POINT (13.41217521 52.49874664)
5;2018;6;23;6;3;5;2;2;0;1;0;0;0;0;0;POINT (13.17810416 52.54881822)
6;2018;6;13;4;3;5;3;0;0;1;0;0;0;0;0;POINT (13.33499139 52.42092314)
1;2018;6;20;6;3;5;3;0;1;1;0;0;0;0;0;POINT (13.42442045 52.5134316)
7;2018;6;20;6;2;2;6;0;0;1;0;1;0;0;0;POINT (13.37469522 52.42629777)
7;2018;6;14;4;2;0;5;0;0;1;0;1;0;0;0;POINT (13.3485764 52.50255293)
2;2018;6;19;6;3;6;7;0;0;1;1;0;0;0;0;POINT (13.443137 52.49569629)
10;2018;6;14;5;3;5;2;0;1;1;0;0;0;0;0;POINT (13.51776068 52.53537593)
10;2018;6;11;4;3;0;1;0;1;0;0;0;0;0;0;POINT (13.61358382 52.5091381)
1;2018;6;20;6;3;0;7;0;0;1;0;1;0;0;0;POINT (13.39202007 52.54504601)
9;2018;6;13;4;3;0;1;0;1;0;0;0;0;0;0;POINT (13.53603787 52.46014941)
3;2018;6;19;6;3;2;6;0;0;1;0;0;0;0;0;POINT (13.50052295 52.63267172)
6;2018;6;19;1;3;3;6;0;0;1;0;0;0;0;0;POINT (13.34483377 52.43742384)
12;2018;6;18;6;3;2;6;0;0;1;0;0;1;0;0;POINT (13.35752561 52.56932203)
2;2018;6;11;4;3;6;4;0;0;1;1;0;0;0;0;POINT (13.44025775 52.52428249)
12;2018;6;18;6;3;0;5;0;0;1;0;0;0;1;0;POINT (13.3080374 52.57283389)
1;2018;6;8;5;2;0;2;0;1;1;0;0;0;0;0;POINT (13.37698147 52.51242088)
5;2018;6;12;3;3;2;6;0;0;1;0;0;0;0;0;POINT (13.1951814 52.5275232)
7;2018;6;17;6;3;0;3;0;0;1;0;1;0;0;0;POINT (13.36752304 52.45567698)
1;2018;6;9;3;3;3;6;0;1;0;0;0;1;0;0;POINT (13.37203561 52.53886388)
11;2018;6;19;1;3;5;7;0;0;1;0;0;0;1;0;POINT (13.52003355 52.51345467)
12;2018;6;16;3;3;6;4;0;0;1;1;0;0;0;0;POINT (13.36489262 52.5638568)
4;2018;6;17;6;2;5;3;0;0;1;0;1;0;0;0;POINT (13.29279277 52.50665753)
5;2018;6;17;6;2;0;7;0;0;1;0;0;0;0;0;POINT (13.12252851 52.52863108)
3;2018;6;9;3;3;5;7;0;0;1;0;0;0;0;0;POINT (13.49231944 52.55862333)
2;2018;6;17;6;3;5;5;0;0;1;0;0;0;0;0;POINT (13.46089119 52.50105963)
7;2018;6;14;3;3;0;3;0;0;1;0;0;0;1;0;POINT (13.3285838 52.46484243)
4;2018;6;16;6;3;2;6;0;0;1;0;0;0;0;0;POINT (13.28041611 52.50674222)
4;2018;6;19;3;3;5;2;0;1;0;0;1;0;0;0;POINT (13.32629815 52.53790034)
1;2018;6;15;6;3;5;2;0;0;1;0;0;0;0;0;POINT (13.41815248 52.51557282)
7;2018;6;18;1;3;5;2;0;1;1;0;0;0;0;0;POINT (13.38457243 52.47157073)
4;2018;6;14;6;3;1;5;0;1;0;0;0;0;1;0;POINT (13.32616487 52.4865365)
5;2018;6;16;3;3;3;6;0;0;1;0;1;0;0;0;POINT (13.19797009 52.53233757)
1;2018;6;14;6;3;5;2;0;0;1;0;1;0;0;0;POINT (13.40248744 52.51186332)
3;2018;6;16;3;3;2;2;0;0;1;0;1;0;0;0;POINT (13.43011484 52.58833489)
3;2018;6;16;3;3;2;6;0;0;1;0;0;1;0;0;POINT (13.44977222 52.53697248)
1;2018;6;14;6;3;6;4;0;0;1;1;0;0;0;0;POINT (13.32835609 52.53421731)
8;2018;6;16;3;3;6;2;0;0;1;1;0;0;0;0;POINT (13.47049788 52.429117)
4;2018;6;18;1;3;5;2;0;1;1;0;0;0;0;0;POINT (13.30597857 52.52563738)
4;2018;6;14;3;3;5;3;0;1;1;0;0;0;0;0;POINT (13.31419285 52.47900632)
2;2018;6;14;6;2;5;2;0;0;1;0;0;0;0;0;POINT (13.40652718 52.49832638)
2;2018;6;14;3;3;5;3;0;1;1;0;0;0;0;0;POINT (13.46312674 52.51145087)
3;2018;6;13;6;3;5;3;0;1;1;0;0;0;0;0;POINT (13.42461859 52.58627855)
2;2018;6;18;1;3;0;7;0;0;1;0;0;0;0;0;POINT (13.45310273 52.51049418)
8;2018;6;12;6;3;0;3;0;1;0;0;0;0;1;0;POINT (13.42878018 52.47786311)
3;2018;6;13;3;3;0;5;0;1;1;0;0;0;0;0;POINT (13.39473106 52.5652603)
7;2018;6;18;3;2;0;5;0;0;1;0;0;0;1;0;POINT (13.4063619 52.44196389)
11;2018;6;12;6;3;2;2;0;0;1;0;1;0;0;0;POINT (13.49128914 52.51087407)
9;2018;6;20;3;3;5;3;0;0;1;0;0;0;0;0;POINT (13.59804068 52.44105337)
9;2018;6;9;6;3;5;3;0;0;1;0;0;0;0;0;POINT (13.53559384 52.43043424)
8;2018;6;18;3;3;5;2;0;0;1;0;0;0;0;0;POINT (13.43519418 52.42644521)
11;2018;6;13;3;3;0;2;0;0;1;0;0;0;1;0;POINT (13.491734 52.53419883)
11;2018;6;10;6;3;5;3;0;1;1;0;0;0;0;0;POINT (13.52301355 52.49552428)
10;2018;6;13;3;3;5;3;0;0;1;0;0;1;0;0;POINT (13.63307459 52.52988334)
1;2018;6;12;3;3;5;2;0;0;1;0;1;0;0;0;POINT (13.33077975 52.53350709)
4;2018;6;10;6;3;0;3;0;0;1;0;1;0;0;0;POINT (13.33452764 52.49356022)
7;2018;6;12;3;3;6;7;0;0;0;1;0;0;1;0;POINT (13.34775855 52.41481372)
12;2018;6;11;6;3;2;6;0;0;1;0;1;0;0;0;POINT (13.28528621 52.58814031)
5;2018;6;12;6;3;6;4;0;0;1;1;0;0;0;0;POINT (13.19879629 52.55322357)
1;2018;6;12;3;3;2;6;0;0;1;0;0;0;0;0;POINT (13.37972524 52.51479979)
1;2018;6;13;6;3;5;2;0;1;1;0;0;0;0;0;POINT (13.40431076 52.5331369)
5;2018;6;15;5;3;5;3;0;0;1;0;1;0;0;0;POINT (13.24801649 52.54552215)
1;2018;6;12;3;3;0;7;0;0;0;0;1;0;0;0;POINT (13.37765631 52.50826003)
1;2018;6;9;6;3;5;3;0;0;1;0;0;0;0;0;POINT (13.33971347 52.51891281)
4;2018;6;10;3;3;5;7;0;0;1;0;0;0;0;0;POINT (13.31277691 52.49152639)
1;2018;6;16;5;3;2;6;0;0;1;0;0;0;0;0;POINT (13.36360975 52.50081446)
1;2018;6;10;3;3;1;5;0;1;1;0;0;0;0;0;POINT (13.38272525 52.55165929)
8;2018;6;11;6;3;2;6;0;0;1;0;0;0;0;0;POINT (13.402113 52.41470168)
7;2018;6;10;3;3;2;6;0;0;1;0;1;0;0;0;POINT (13.37794806 52.46845275)
2;2018;6;3;6;2;0;1;1;1;0;0;0;0;0;0;POINT (13.43036891 52.4993536)
1;2018;6;15;6;3;5;3;0;0;0;0;1;0;1;0;POINT (13.35635302 52.55539396)
9;2018;6;9;3;3;9;1;0;1;0;0;0;0;0;0;POINT (13.46526626 52.48241225)
4;2018;6;17;5;3;5;3;0;1;1;0;0;0;0;0;POINT (13.26084703 52.49307926)
1;2018;6;14;5;3;5;3;0;1;1;0;0;0;0;0;POINT (13.35224376 52.50528534)
1;2018;6;8;3;3;2;6;0;0;1;0;0;0;0;0;POINT (13.355382 52.55242298)
7;2018;6;18;5;3;0;2;0;1;1;0;0;0;0;0;POINT (13.41386571 52.38959789)
4;2018;6;7;3;3;3;6;0;0;1;0;0;0;0;0;POINT (13.3111541 52.54760127)
6;2018;6;8;5;3;0;7;0;1;0;0;0;0;0;0;POINT (13.31036044 52.43214486)
10;2018;6;6;3;3;3;6;0;0;1;0;0;1;0;0;POINT (13.53680721 52.53962257)
7;2018;6;12;5;3;5;3;0;1;1;0;0;0;0;0;POINT (13.38576531 52.47156029)
9;2018;6;20;5;3;6;6;0;0;1;1;0;0;0;0;POINT (13.5786964 52.4556489)
4;2018;6;4;3;3;1;1;1;0;1;0;0;0;0;0;POINT (13.26868332 52.48503392)
7;2018;6;18;5;3;5;7;0;1;1;0;0;0;0;0;POINT (13.34829052 52.46297513)
4;2018;6;1;3;3;1;5;2;0;1;0;0;0;0;0;POINT (13.28059123 52.51834427)
9;2018;6;17;5;3;3;2;0;0;1;0;1;0;0;0;POINT (13.59316339 52.451541)
9;2018;6;18;1;2;6;4;0;0;1;1;0;0;0;0;POINT (13.57377078 52.47064184)
7;2018;6;17;5;3;6;7;0;0;1;1;0;0;0;0;POINT (13.40404702 52.38667402)
12;2018;6;14;3;3;1;5;0;0;1;0;0;0;1;0;POINT (13.29441065 52.55352664)
4;2018;6;17;5;3;3;6;0;1;1;0;0;0;0;0;POINT (13.28420084 52.48549369)
6;2018;6;16;5;3;0;2;0;1;1;0;0;0;0;0;POINT (13.29513047 52.44440102)
5;2018;6;7;3;1;5;2;0;1;0;0;0;1;0;0;POINT (13.1816985 52.53413012)
5;2018;6;19;5;3;2;6;1;0;1;0;0;0;0;0;POINT (13.19734399 52.53185398)
1;2018;6;13;2;3;2;6;0;0;1;0;0;0;0;0;POINT (13.39933235 52.52953436)
1;2018;6;18;1;2;1;5;0;1;1;0;0;0;0;0;POINT (13.38281098 52.55179738)
4;2018;6;15;2;3;1;5;0;1;1;0;0;0;0;0;POINT (13.33319071 52.48479331)
2;2018;6;20;5;3;1;5;1;1;1;0;0;0;0;0;POINT (13.43159729 52.51417144)
1;2018;6;15;2;3;5;2;0;1;1;0;0;0;0;0;POINT (13.32984633 52.5229339)
8;2018;6;16;5;3;5;2;0;1;1;0;0;0;0;0;POINT (13.45212621 52.47108865)
11;2018;6;18;1;3;5;2;0;0;1;0;0;0;0;0;POINT (13.47618661 52.53309131)
1;2018;6;10;5;2;3;6;0;0;1;0;0;0;0;0;POINT (13.34891728 52.50326551)
6;2018;6;16;5;3;6;4;0;1;0;1;0;0;0;0;POINT (13.31717522 52.45549859)
8;2018;6;15;2;3;0;6;0;0;1;0;1;0;0;0;POINT (13.49612495 52.41555165)
7;2018;6;20;5;3;1;5;0;1;1;0;0;0;0;0;POINT (13.34932086 52.49815315)
3;2018;6;21;2;3;0;1;1;0;0;0;1;0;0;0;POINT (13.50178574 52.60099531)
5;2018;6;20;2;2;1;7;0;0;1;0;0;0;1;0;POINT (13.21899467 52.53707901)
6;2018;6;20;5;3;6;4;0;0;1;1;0;0;0;0;POINT (13.32075702 52.45706246)
5;2018;6;14;2;3;2;2;0;0;1;0;0;0;1;0;POINT (13.20125545 52.54782926)
1;2018;6;17;1;3;3;6;0;1;1;0;0;0;0;0;POINT (13.35600541 52.53524607)
11;2018;6;14;2;3;5;3;0;0;1;0;0;0;0;0;POINT (13.49108711 52.50249976)
1;2018;6;21;5;3;5;3;0;1;1;0;0;0;0;0;POINT (13.40518771 52.53407736)
8;2018;6;14;2;3;6;7;0;0;1;1;0;0;0;0;POINT (13.43769043 52.45091986)
11;2018;6;16;1;3;5;2;0;1;1;0;0;0;0;0;POINT (13.48929116 52.54242353)
4;2018;6;14;2;3;2;6;0;0;1;0;0;0;0;0;POINT (13.31316326 52.50140606)
4;2018;6;15;5;2;5;3;0;1;1;0;0;0;0;0;POINT (13.28512851 52.47970884)
2;2018;6;13;2;3;0;5;0;1;1;0;0;0;0;0;POINT (13.418176 52.4997357)
11;2018;6;15;5;3;3;6;0;0;1;0;1;0;0;0;POINT (13.49058511 52.54310918)
10;2018;6;16;1;3;5;3;0;0;1;0;1;0;0;0;POINT (13.57922649 52.49995865)
3;2018;6;12;2;2;6;4;0;0;1;1;0;0;0;0;POINT (13.44124188 52.5515684)
1;2018;6;15;5;3;0;6;0;1;0;0;0;0;1;0;POINT (13.39743756 52.53249237)
8;2018;6;14;2;3;3;6;0;0;1;0;1;0;0;0;POINT (13.43498058 52.46115412)
9;2018;6;13;5;3;5;3;0;1;1;0;0;0;0;0;POINT (13.57549502 52.44748348)
2;2018;6;15;2;3;5;2;0;0;1;1;1;0;0;0;POINT (13.43705707 52.51041106)
1;2018;6;14;5;3;1;5;0;1;1;0;0;0;0;0;POINT (13.38226564 52.55291877)
2;2018;6;16;2;3;3;6;0;0;1;0;1;0;0;0;POINT (13.37397193 52.50362005)
4;2018;6;16;1;3;8;1;0;1;0;0;0;0;0;0;POINT (13.32564517 52.50570459)
4;2018;6;13;5;3;3;6;0;0;1;0;0;1;0;0;POINT (13.2591116 52.52189986)
4;2018;6;16;2;3;5;5;0;1;1;0;0;0;0;0;POINT (13.31323146 52.50191115)
4;2018;6;12;5;3;2;6;0;0;1;0;1;0;0;0;POINT (13.26233856 52.50732222)
4;2018;6;16;1;3;5;7;0;0;1;0;0;0;0;0;POINT (13.31942767 52.50155688)
3;2018;6;17;2;3;2;2;0;0;1;0;0;0;0;0;POINT (13.42722949 52.56328373)
6;2018;6;13;5;3;0;6;0;0;1;0;1;0;0;0;POINT (13.35398342 52.44233623)
4;2018;6;16;2;3;0;6;0;0;1;0;0;0;1;0;POINT (13.31363779 52.50063133)
7;2018;6;15;5;2;3;6;0;1;0;0;1;0;0;0;POINT (13.38921707 52.46573503)
1;2018;6;16;1;3;5;2;0;1;1;0;0;0;0;0;POINT (13.39018978 52.53542344)
7;2018;6;14;5;3;6;7;0;0;1;1;0;0;0;0;POINT (13.40342124 52.44809043)
6;2018;6;17;2;3;5;2;0;1;1;0;0;0;0;0;POINT (13.18539586 52.43116391)
4;2018;6;16;5;2;0;1;0;0;0;0;1;0;0;0;POINT (13.2956091 52.50609658)
9;2018;6;17;2;3;5;2;0;1;0;0;0;1;0;0;POINT (13.49117814 52.46899258)
10;2018;6;21;5;2;5;2;1;0;1;0;0;0;0;0;POINT (13.55010753 52.54282981)
10;2018;6;17;2;3;5;3;0;1;1;0;0;0;0;0;POINT (13.57277227 52.5279708)
9;2018;6;18;5;3;2;6;0;0;1;0;0;0;1;0;POINT (13.60806525 52.4531478)
11;2018;6;14;1;3;2;6;0;0;1;0;0;0;0;0;POINT (13.48977803 52.50175447)
8;2018;6;17;5;3;0;4;0;0;1;1;1;0;0;0;POINT (13.42410423 52.48625294)
1;2018;6;18;2;2;5;3;0;1;1;0;0;0;0;0;POINT (13.37936833 52.54016324)
6;2018;6;15;5;3;0;6;0;0;1;0;1;0;1;0;POINT (13.35327448 52.44149239)
12;2018;6;16;5;3;5;3;0;0;1;0;0;0;0;0;POINT (13.21741533 52.61129181)
4;2018;6;12;2;3;5;2;0;1;0;0;0;0;1;0;POINT (13.30682121 52.50003331)
5;2018;6;16;5;3;0;2;0;0;1;0;0;0;1;0;POINT (13.19553198 52.52917005)
6;2018;6;15;5;3;0;3;0;1;0;0;0;0;1;0;POINT (13.30506423 52.41790772)
9;2018;6;11;2;3;1;7;0;1;1;0;0;0;0;0;POINT (13.54114078 52.42102068)
6;2018;6;14;5;3;5;3;0;0;1;0;0;0;0;0;POINT (13.2297899 52.44249148)
6;2018;6;14;5;3;1;1;0;0;1;0;1;0;0;0;POINT (13.34609541 52.43506499)
2;2018;6;11;2;2;3;6;0;1;1;0;0;0;0;0;POINT (13.39667166 52.49585066)
6;2018;6;17;5;3;5;3;0;0;1;0;0;0;0;0;POINT (13.34811671 52.41952375)
5;2018;6;11;2;3;3;2;0;0;1;0;0;1;0;0;POINT (13.22768775 52.55878219)
8;2018;6;16;5;3;6;4;0;0;1;1;0;0;0;0;POINT (13.42651419 52.48100967)
3;2018;6;14;1;3;5;2;0;1;1;0;0;0;0;0;POINT (13.45777609 52.52903194)
3;2018;6;19;5;3;5;3;0;0;1;0;0;0;0;0;POINT (13.45842526 52.55762592)
4;2018;6;11;2;3;5;3;0;0;1;0;0;0;0;0;POINT (13.31942928 52.50156824)
1;2018;6;15;5;3;0;1;0;0;0;0;1;0;0;0;POINT (13.42622568 52.52304224)
1;2018;6;7;5;3;3;6;0;1;0;0;0;0;0;0;POINT (13.40998628 52.52400409)
3;2018;6;13;5;3;0;6;0;0;1;0;1;0;0;0;POINT (13.4618493 52.55878093)
12;2018;6;10;2;3;6;4;0;0;1;1;0;0;0;0;POINT (13.29446199 52.57646176)
4;2018;6;13;5;3;5;2;0;1;1;0;0;0;0;0;POINT (13.31447841 52.51067869)
1;2018;6;10;2;3;3;6;0;0;1;0;1;0;0;0;POINT (13.41364232 52.50736242)
5;2018;6;13;1;2;6;4;0;0;1;1;0;0;0;0;POINT (13.19781414 52.52079364)
2;2018;6;10;2;3;5;2;0;0;1;0;0;0;0;0;POINT (13.38228739 52.50445802)
1;2018;6;12;5;3;5;3;0;1;1;0;0;0;0;0;POINT (13.36570117 52.55212321)
2;2018;6;9;2;3;2;2;0;0;1;0;0;0;0;0;POINT (13.43000604 52.52328829)
12;2018;6;12;5;3;5;7;0;1;0;0;0;0;0;0;POINT (13.32882496 52.5658899)
1;2018;6;13;1;3;3;6;0;0;1;0;0;0;1;0;POINT (13.35053129 52.50380345)
12;2018;6;7;2;2;1;5;0;1;1;0;0;0;0;0;POINT (13.23079465 52.57321642)
3;2018;6;12;5;2;0;7;0;0;1;0;0;0;0;0;POINT (13.44890354 52.6181119)
12;2018;6;8;2;3;1;5;0;1;1;0;0;0;0;0;POINT (13.35629705 52.59468475)
3;2018;6;12;5;3;2;2;0;0;1;0;0;0;1;0;POINT (13.42027652 52.60622927)
3;2018;6;12;5;3;1;5;0;0;1;0;1;0;0;0;POINT (13.48574447 52.61596975)
4;2018;6;13;2;2;0;1;0;0;0;0;1;0;0;0;POINT (13.32800195 52.47871349)
1;2018;6;12;5;2;5;2;0;1;1;0;0;0;0;0;POINT (13.3425412 52.52422498)
1;2018;6;12;2;3;0;1;0;0;0;0;1;0;0;0;POINT (13.3969606 52.52393947)
10;2018;6;8;2;3;0;1;0;0;0;0;1;0;0;0;POINT (13.59099656 52.51410197)
2;2018;6;11;5;3;2;6;0;0;1;0;0;0;0;0;POINT (13.43515698 52.50836478)
2;2018;6;18;2;3;2;6;0;0;1;0;0;0;0;0;POINT (13.45209848 52.52749761)
5;2018;6;8;2;3;2;6;0;0;1;0;0;0;1;0;POINT (13.22821328 52.53795789)
7;2018;6;11;5;3;5;2;0;1;1;0;0;0;0;0;POINT (13.37714602 52.45361964)
3;2018;6;7;2;3;0;1;0;0;0;0;1;0;0;0;POINT (13.37582226 52.5972246)
7;2018;6;10;5;3;5;3;0;1;1;0;0;0;0;0;POINT (13.37925094 52.47250631)
7;2018;6;9;5;3;1;1;0;0;1;0;0;0;0;0;POINT (13.34519191 52.48762639)
8;2018;6;7;2;3;5;3;0;1;1;0;0;0;0;0;POINT (13.46161099 52.42171742)
1;2018;6;7;2;2;6;4;0;0;1;1;0;0;0;0;POINT (13.39319212 52.56445994)
10;2018;6;6;2;3;0;2;0;1;1;0;0;0;0;0;POINT (13.52896351 52.55647225)
1;2018;6;9;5;3;5;2;0;1;1;0;0;0;0;0;POINT (13.37323193 52.53803431)
1;2018;6;6;2;3;5;2;0;1;1;0;0;0;0;0;POINT (13.37123177 52.51113111)
9;2018;6;6;2;2;8;1;0;1;0;0;0;0;0;0;POINT (13.5438721 52.43636881)
6;2018;6;9;5;3;5;2;0;1;0;0;0;1;0;0;POINT (13.26661917 52.43066228)
11;2018;6;18;2;1;5;2;0;1;0;0;0;0;1;0;POINT (13.5023711 52.48353116)
6;2018;6;16;1;3;5;2;0;1;1;0;0;0;0;0;POINT (13.26561393 52.41682862)
1;2018;6;8;5;3;2;6;0;0;1;0;0;0;0;0;POINT (13.39525325 52.53912363)
1;2018;6;15;1;2;3;6;0;0;1;0;1;0;0;0;POINT (13.34602207 52.5448816)
10;2018;6;7;5;3;5;3;0;0;1;0;0;0;0;0;POINT (13.55570595 52.54851513)
11;2018;6;7;5;2;0;6;0;1;0;0;0;0;1;0;POINT (13.50942311 52.50208961)
12;2018;6;13;1;3;2;6;0;0;1;0;0;0;0;0;POINT (13.34103267 52.58831254)
9;2018;6;15;5;3;3;6;0;0;1;0;1;0;0;0;POINT (13.56889551 52.41834424)
2;2018;6;18;1;3;5;2;0;1;0;0;0;1;0;0;POINT (13.39439314 52.49137558)