bez;ujahr;umonat;ustunde;uwochentag;ukategorie;uart;utyp1;ulichtverh;istrad;istpkw;istfuss;istkrad;istgkfz;istsonstige;ustrzustand;geometry
10;2018;6;6;5;3;5;3;0;0;1;0;1;0;0;0;POINT (13.61525431 52.49611769)
12;2018;6;8;1;3;5;2;0;1;1;0;0;0;0;0;POINT (13.31196154 52.56801533)
3;2018;6;6;5;3;5;3;0;0;1;0;0;0;0;0;POINT (13.51475437 52.63280881)
2;2018;6;12;5;3;2;7;0;1;1;0;0;0;0;0;POINT (13.43705597 52.51040951)
4;2018;6;7;5;3;5;2;0;1;1;0;0;0;0;0;POINT (13.31481017 52.51229342)
12;2018;6;20;1;2;0;2;0;0;1;0;1;0;0;0;POINT (13.31946794 52.58765767)
3;2018;6;7;5;3;5;2;0;1;1;0;0;0;0;0;POINT (13.44444522 52.56524897)
12;2018;6;22;1;2;1;1;2;0;1;0;0;0;0;0;POINT (13.35377689 52.56249609)
4;2018;6;6;5;2;5;2;0;1;1;0;0;0;0;0;POINT (13.33232596 52.50629918)
1;2018;6;22;1;3;0;1;2;0;0;0;1;0;0;0;POINT (13.32984563 52.53919542)
10;2018;6;0;5;2;9;1;2;0;0;0;1;0;0;0;POINT (13.58626157 52.54590733)
6;2018;6;18;4;3;5;2;0;0;1;0;0;0;0;0;POINT (13.33883735 52.4443708)
4;2018;6;21;1;3;6;4;1;0;1;1;0;0;0;0;POINT (13.28966186 52.49498368)
1;2018;6;23;4;3;2;7;2;1;0;0;0;0;0;0;POINT (13.34219383 52.52326261)
7;2018;6;14;5;3;5;2;0;0;1;0;1;0;0;0;POINT (13.40399515 52.46346706)
5;2018;6;20;1;3;0;1;0;0;0;0;1;0;0;0;POINT (13.1736977 52.52283354)
1;2018;6;18;4;3;5;3;0;1;1;0;0;0;0;0;POINT (13.37432471 52.52796976)
5;2018;6;20;1;3;1;5;0;1;1;0;0;0;0;0;POINT (13.1490246 52.53273666)
11;2018;6;8;4;3;3;6;0;1;0;0;0;0;0;0;POINT (13.51317373 52.48829631)
5;2018;6;20;1;3;6;4;0;0;1;1;0;0;0;0;POINT (13.20608044 52.54304271)
7;2018;6;11;4;3;0;6;0;0;1;0;0;0;1;0;POINT (13.36513722 52.4937834)
12;2018;6;6;5;3;5;2;0;0;1;0;0;0;0;0;POINT (13.31955867 52.61034681)
4;2018;6;16;2;3;5;2;0;0;1;0;1;0;0;0;POINT (13.33025329 52.51320704)
5;2018;6;16;2;3;6;7;0;1;0;1;0;0;0;0;POINT (13.2057172 52.53719272)
4;2018;6;12;5;3;5;5;0;1;0;0;0;0;1;1;POINT (13.31128059 52.47964431)
4;2018;6;16;2;3;3;6;0;1;1;0;0;0;0;0;POINT (13.33874619 52.50323935)
12;2018;6;11;5;3;2;6;0;0;1;0;0;0;1;1;POINT (13.32726236 52.56329139)
12;2018;6;10;5;3;5;2;0;0;1;0;0;0;0;1;POINT (13.31543093 52.57793649)
2;2018;6;16;2;3;5;2;0;0;1;0;1;0;0;0;POINT (13.4333134 52.50517928)
11;2018;6;10;5;3;5;3;0;0;1;0;0;0;0;0;POINT (13.51612833 52.48219542)
6;2018;6;16;2;3;5;3;0;1;1;0;0;0;0;0;POINT (13.26476404 52.44103652)
7;2018;6;13;7;2;5;3;0;0;1;1;0;0;1;1;POINT (13.36183431 52.4977372)
2;2018;6;10;5;3;5;3;0;0;0;0;1;0;1;0;POINT (13.37959462 52.49386354)
8;2018;6;16;2;3;4;6;0;1;1;0;0;0;0;0;POINT (13.42628396 52.49335693)
4;2018;6;8;5;3;5;3;0;0;1;0;1;0;0;0;POINT (13.31727491 52.51219213)
4;2018;6;8;5;3;3;6;0;0;1;0;0;0;1;0;POINT (13.30467018 52.49947939)
4;2018;6;16;2;3;5;2;0;1;1;0;0;0;0;0;POINT (13.32006948 52.48354907)
6;2018;6;8;5;3;5;2;0;1;1;0;0;0;0;0;POINT (13.27888772 52.43084091)
11;2018;6;8;5;3;6;7;0;0;1;1;0;0;0;0;POINT (13.51989355 52.49893792)
1;2018;6;16;2;3;0;6;0;0;0;0;1;0;1;0;POINT (13.34912027 52.54189526)
1;2018;6;8;5;3;5;2;0;1;1;0;0;0;0;0;POINT (13.33777317 52.52521048)
9;2018;6;16;2;2;5;2;0;0;1;0;0;0;0;0;POINT (13.49136016 52.46914364)
6;2018;6;5;5;3;0;6;0;0;0;0;1;0;1;0;POINT (13.35395734 52.44219324)
12;2018;6;22;5;3;5;2;2;0;1;0;0;0;0;0;POINT (13.32665943 52.56253846)
3;2018;6;17;2;3;3;7;0;1;0;0;0;0;0;0;POINT (13.45397482 52.52813915)
12;2018;6;21;5;3;5;3;2;0;1;0;1;0;0;0;POINT (13.28906942 52.5876081)
3;2018;6;19;6;2;5;2;0;0;1;0;1;0;0;0;POINT (13.42352335 52.55512291)
7;2018;6;16;2;3;2;6;0;0;1;0;0;0;0;0;POINT (13.39413537 52.42664855)
2;2018;6;12;7;3;5;3;0;1;1;0;0;0;0;1;POINT (13.44041796 52.51585596)
1;2018;6;17;6;3;5;3;0;1;0;0;0;0;1;0;POINT (13.39376307 52.52858704)
9;2018;6;21;5;3;5;3;1;0;1;0;0;0;0;0;POINT (13.62562945 52.45753943)
10;2018;6;17;2;3;5;2;0;1;1;0;0;0;0;0;POINT (13.54794181 52.52612823)
4;2018;6;21;5;3;5;2;2;0;1;0;0;0;0;0;POINT (13.30706749 52.50007263)
1;2018;6;9;5;2;3;6;0;0;0;0;1;1;0;0;POINT (13.3784209 52.55618702)
1;2018;6;14;2;3;5;2;0;0;1;0;0;0;0;0;POINT (13.35216424 52.5055193)
12;2018;6;9;5;2;6;4;0;0;0;1;0;0;1;1;POINT (13.30134621 52.57988558)
12;2018;6;9;1;3;2;6;0;0;1;0;1;0;0;0;POINT (13.28537489 52.59512197)
3;2018;6;21;5;3;1;5;0;1;1;0;0;0;0;0;POINT (13.45243258 52.55028314)
9;2018;6;14;2;2;6;4;0;0;0;1;1;0;0;0;POINT (13.57866592 52.45780313)
1;2018;6;19;5;2;3;6;0;0;1;0;1;0;0;0;POINT (13.39154028 52.54414523)
2;2018;6;13;2;3;2;6;0;1;1;0;0;0;0;0;POINT (13.42206853 52.49320307)
2;2018;6;12;2;3;6;4;0;0;1;1;0;0;0;0;POINT (13.38053926 52.50581747)
9;2018;6;18;5;3;5;3;0;1;1;0;0;0;0;0;POINT (13.57549596 52.44748345)
4;2018;6;12;2;2;6;4;0;0;1;1;0;0;0;0;POINT (13.26424034 52.50905077)
1;2018;6;12;2;3;5;3;0;1;0;0;0;0;0;0;POINT (13.40160322 52.52354363)
4;2018;6;18;5;2;3;6;0;0;1;0;1;0;0;0;POINT (13.27921012 52.50318933)
3;2018;6;18;5;3;2;6;0;0;1;0;1;0;0;0;POINT (13.44114272 52.5663688)
11;2018;6;12;2;3;5;3;0;0;1;0;1;0;0;0;POINT (13.50390544 52.5526713)
2;2018;6;18;5;3;5;2;0;1;1;0;0;0;0;0;POINT (13.42146916 52.49812377)
1;2018;6;12;2;3;5;3;0;0;1;0;0;0;1;0;POINT (13.35955096 52.54411048)
8;2018;6;10;7;3;2;6;0;0;1;0;0;0;0;1;POINT (13.4562225 52.47378016)
9;2018;6;11;2;3;5;2;0;0;1;0;0;0;0;0;POINT (13.51779828 52.46159221)
1;2018;6;16;5;2;6;4;0;1;0;1;0;0;0;0;POINT (13.34318848 52.52904997)
6;2018;6;11;2;3;0;5;0;0;1;0;1;0;0;0;POINT (13.34324128 52.44651934)
2;2018;6;11;2;3;5;3;0;1;1;0;0;0;0;0;POINT (13.39584643 52.49902561)
1;2018;6;16;5;3;3;6;0;0;1;0;1;0;0;0;POINT (13.34945455 52.5150874)
2;2018;6;11;2;3;1;5;0;1;1;0;0;0;0;0;POINT (13.44349624 52.50026612)
3;2018;6;1;5;3;9;1;2;1;0;0;0;0;0;0;POINT (13.40387755 52.54047695)
1;2018;6;10;2;3;1;5;0;0;1;0;0;0;1;0;POINT (13.36756569 52.5044464)
5;2018;6;7;5;3;0;1;0;1;0;0;0;0;0;0;POINT (13.14008816 52.52947614)
5;2018;6;9;2;3;2;6;0;0;1;0;0;0;0;0;POINT (13.18424048 52.54755021)
7;2018;6;15;7;3;5;2;0;0;1;0;0;0;0;1;POINT (13.35333048 52.48301297)
9;2018;6;13;5;3;6;4;0;0;1;1;0;0;0;0;POINT (13.48716233 52.46565382)
6;2018;6;10;2;3;5;5;0;1;1;0;0;0;0;0;POINT (13.3266306 52.45971197)
7;2018;6;16;5;3;3;6;0;0;0;0;1;1;0;1;POINT (13.37667207 52.46127626)
7;2018;6;9;2;3;1;5;0;1;1;0;0;0;0;0;POINT (13.35699244 52.48841738)
11;2018;6;18;7;3;1;5;0;0;1;0;0;0;0;1;POINT (13.47420619 52.50417505)
8;2018;6;8;2;3;5;2;0;0;1;0;0;0;0;0;POINT (13.46018794 52.43189957)
2;2018;6;16;5;3;0;1;0;0;0;0;1;0;0;0;POINT (13.46875525 52.49976409)
1;2018;6;8;2;3;0;5;0;1;1;0;0;0;1;0;POINT (13.40317517 52.51013249)
7;2018;6;17;6;3;4;6;0;0;1;0;0;0;0;1;POINT (13.36508712 52.47867965)
4;2018;6;8;2;3;5;3;0;1;1;0;0;0;0;0;POINT (13.28425623 52.48527557)
3;2018;6;15;5;3;2;6;0;0;1;0;0;0;0;0;POINT (13.41957748 52.55334861)
4;2018;6;8;2;3;2;6;0;0;1;0;0;0;0;0;POINT (13.28394074 52.47866284)
4;2018;6;14;5;3;6;7;0;0;1;1;0;0;0;0;POINT (13.29491293 52.49614054)
7;2018;6;14;5;3;1;5;0;1;1;0;0;0;0;0;POINT (13.34109349 52.48519745)
3;2018;6;8;2;3;5;3;0;1;1;0;0;0;0;0;POINT (13.4182151 52.53663383)
7;2018;6;13;5;3;1;5;0;1;1;0;0;0;0;1;POINT (13.33153945 52.46805887)
2;2018;6;18;6;2;6;4;0;0;1;1;0;0;0;0;POINT (13.39128183 52.50194392)
8;2018;6;8;2;3;5;7;0;1;1;0;0;0;0;0;POINT (13.44357617 52.46428463)
4;2018;6;11;7;3;6;2;0;0;1;1;0;0;0;1;POINT (13.3082328 52.48766789)
4;2018;6;17;6;3;5;3;0;0;1;0;0;0;0;0;POINT (13.29517556 52.50419762)
2;2018;6;7;2;3;2;6;0;1;1;0;0;0;0;0;POINT (13.37555247 52.48775282)
4;2018;6;13;5;3;5;7;0;1;1;0;0;0;0;0;POINT (13.33458506 52.49608492)
10;2018;6;19;6;3;5;2;0;0;1;0;1;0;0;1;POINT (13.51975284 52.5258254)
7;2018;6;7;2;3;1;5;0;1;1;0;0;0;0;0;POINT (13.35212177 52.49783032)
9;2018;6;13;5;3;5;3;0;0;0;0;0;0;1;0;POINT (13.57148229 52.43530471)
4;2018;6;7;2;3;2;6;0;0;1;0;1;0;0;0;POINT (13.29097385 52.50665213)
5;2018;6;13;5;2;5;2;0;0;1;0;1;0;0;1;POINT (13.15786839 52.54308089)
1;2018;6;13;5;3;5;3;0;0;1;0;0;0;0;0;POINT (13.3391974 52.55413931)
7;2018;6;7;2;3;5;3;0;1;1;0;0;0;0;0;POINT (13.34909059 52.47020522)
7;2018;6;15;4;3;5;3;0;1;0;0;0;0;1;0;POINT (13.37333094 52.42308099)
4;2018;6;14;4;3;5;3;0;1;1;0;0;0;0;1;POINT (13.31936111 52.50151011)
12;2018;6;6;2;3;0;6;0;0;1;0;1;0;0;1;POINT (13.28490208 52.59577604)
1;2018;6;15;4;3;0;5;0;1;0;0;0;0;1;0;POINT (13.4005429 52.52173148)
2;2018;6;18;6;3;4;6;0;0;1;0;0;0;0;0;POINT (13.43795132 52.49535193)
1;2018;6;22;2;3;6;4;2;1;0;1;0;0;0;0;POINT (13.38620969 52.55850617)
4;2018;6;23;6;3;5;3;2;0;1;0;0;0;1;1;POINT (13.228401 52.50680381)
8;2018;6;23;4;3;6;4;2;0;1;1;0;0;0;0;POINT (13.47206484 52.46529073)
1;2018;6;21;2;3;5;2;1;1;1;0;0;0;0;0;POINT (13.36558482 52.50311363)
2;2018;6;21;4;3;0;1;1;1;0;0;0;0;0;0;POINT (13.42964149 52.52101144)
1;2018;6;20;4;3;5;3;1;1;1;0;0;0;0;0;POINT (13.4130842 52.52523028)
7;2018;6;19;2;3;3;6;0;1;1;0;0;0;0;0;POINT (13.35944801 52.49621656)
1;2018;6;20;4;3;6;4;0;0;1;1;0;0;0;0;POINT (13.37418219 52.53747436)
7;2018;6;8;1;3;5;3;0;0;1;0;0;0;0;1;POINT (13.39860692 52.40338237)
11;2018;6;19;4;3;6;4;0;1;0;1;0;0;0;0;POINT (13.50530871 52.49731589)
1;2018;6;19;2;3;5;2;0;1;1;0;0;0;0;0;POINT (13.38905839 52.51474255)
10;2018;6;18;4;3;5;3;0;1;1;0;0;0;0;0;POINT (13.60378172 52.54253523)
4;2018;6;13;1;3;6;4;0;0;1;1;0;0;0;0;POINT (13.31448235 52.47424064)
5;2018;6;18;4;3;3;6;0;1;1;0;0;0;0;0;POINT (13.15704436 52.53867522)
4;2018;6;18;2;3;1;5;0;1;1;0;0;0;0;0;POINT (13.29220422 52.49743377)
1;2018;6;17;4;3;5;2;0;1;1;0;0;0;0;0;POINT (13.40313669 52.52741361)
11;2018;6;17;2;3;5;5;0;0;1;0;1;0;0;0;POINT (13.49726226 52.54658793)
8;2018;6;17;2;3;1;5;0;1;1;0;0;0;0;0;POINT (13.43959078 52.48152621)
2;2018;6;17;4;3;5;3;0;1;1;0;0;0;0;0;POINT (13.45056721 52.51556666)
2;2018;6;16;4;3;2;2;0;0;1;0;0;0;0;0;POINT (13.41124018 52.50348651)
6;2018;6;12;2;3;8;1;0;0;1;0;0;0;0;0;POINT (13.27134119 52.45178952)
9;2018;6;19;4;3;5;3;0;0;1;0;0;0;0;0;POINT (13.62727345 52.44673427)
9;2018;6;15;2;2;0;1;0;1;0;0;0;0;0;0;POINT (13.51433826 52.46237481)
1;2018;6;22;7;3;5;3;2;1;1;0;0;0;0;1;POINT (13.41243472 52.51712136)
2;2018;6;22;6;3;2;6;2;0;1;0;0;0;0;1;POINT (13.38896038 52.49809405)
1;2018;6;22;6;2;5;3;2;0;1;0;0;0;0;1;POINT (13.3434 52.52887341)
1;2018;6;13;2;3;0;1;0;1;0;0;0;0;0;0;POINT (13.40519486 52.534085)
2;2018;6;16;4;3;5;3;0;0;1;0;1;0;0;0;POINT (13.46500113 52.5105717)
9;2018;6;16;2;3;0;1;0;1;0;0;0;0;0;0;POINT (13.59351598 52.44359345)
11;2018;6;17;1;3;6;7;0;0;1;1;0;0;0;0;POINT (13.50204818 52.56628754)
12;2018;6;16;4;3;5;2;0;1;1;0;0;0;0;1;POINT (13.3131088 52.61380861)
3;2018;6;8;1;3;5;2;0;1;1;0;0;0;0;0;POINT (13.43806394 52.54636044)
10;2018;6;13;1;3;6;4;0;0;1;1;0;0;0;0;POINT (13.56347433 52.49802982)
11;2018;6;15;4;2;5;2;0;1;0;0;0;0;1;1;POINT (13.51610986 52.55188346)
10;2018;6;6;1;3;2;6;0;1;1;0;0;0;0;0;POINT (13.62335515 52.50589969)
6;2018;6;15;4;3;5;3;0;0;1;0;1;0;0;1;POINT (13.31866714 52.43251769)
1;2018;6;23;1;3;5;2;2;0;1;0;0;0;0;0;POINT (13.41817621 52.51559801)
4;2018;6;15;4;3;2;3;0;0;1;0;1;0;0;1;POINT (13.33080362 52.49083585)
2;2018;6;22;1;2;5;2;2;0;0;0;1;0;0;0;POINT (13.38533675 52.49895602)
7;2018;6;19;7;2;0;1;0;0;0;0;1;0;0;1;POINT (13.38823154 52.43407199)
1;2018;6;16;6;2;0;4;0;0;0;1;0;0;1;0;POINT (13.39328164 52.5644887)
1;2018;6;20;1;2;6;4;0;0;1;1;0;0;0;0;POINT (13.41671334 52.52186776)
2;2018;6;15;4;3;5;2;0;1;1;0;0;0;0;1;POINT (13.38669629 52.49130491)
3;2018;6;18;1;3;0;7;0;1;0;0;0;0;0;0;POINT (13.4575733 52.52608289)
7;2018;6;17;6;3;2;2;0;0;1;0;0;0;0;0;POINT (13.37531527 52.45538553)
3;2018;6;15;4;3;5;2;0;1;1;0;0;0;0;1;POINT (13.42792712 52.54551353)
7;2018;6;18;1;3;6;2;0;0;0;1;0;0;1;0;POINT (13.37322148 52.42480186)
1;2018;6;15;4;3;2;6;0;0;1;0;0;0;0;1;POINT (13.33780704 52.55858643)
5;2018;6;16;6;3;5;3;0;0;1;0;0;0;1;1;POINT (13.19964664 52.53461326)
2;2018;6;15;4;3;6;4;0;0;0;1;0;0;1;1;POINT (13.37670854 52.48933243)
10;2018;6;18;1;3;5;2;0;0;1;0;0;0;0;0;POINT (13.54927084 52.56234855)
1;2018;6;16;1;3;5;3;0;1;1;0;0;0;0;0;POINT (13.35108215 52.51039891)
1;2018;6;15;4;3;5;2;0;1;1;0;0;0;0;1;POINT (13.3777366 52.52900885)
2;2018;6;16;1;3;3;6;0;0;1;0;0;0;0;0;POINT (13.39949092 52.49040518)
5;2018;6;15;4;3;2;6;0;0;1;0;0;0;0;1;POINT (13.16231857 52.52014957)
9;2018;6;16;1;3;5;3;0;1;1;0;0;0;0;0;POINT (13.5300998 52.43595002)
4;2018;6;14;4;3;0;1;0;0;0;0;1;0;0;1;POINT (13.29914678 52.50678608)
6;2018;6;16;1;3;1;5;0;1;1;0;0;0;0;0;POINT (13.33486365 52.45086572)
9;2018;6;14;7;3;2;7;0;0;1;0;0;0;0;1;POINT (13.65742277 52.41469791)
7;2018;6;15;6;3;2;6;0;0;1;0;0;0;0;0;POINT (13.37285675 52.49227003)
10;2018;6;16;1;3;2;6;0;0;1;0;0;0;1;0;POINT (13.61210352 52.53250776)
1;2018;6;14;4;3;0;1;0;1;0;0;0;0;0;1;POINT (13.39165152 52.5302459)
8;2018;6;15;1;3;5;3;0;1;1;0;0;0;0;0;POINT (13.40217634 52.41471662)
8;2018;6;14;4;3;0;2;0;1;1;0;0;0;0;1;POINT (13.43362297 52.48481395)
9;2018;6;14;4;3;1;5;0;1;1;0;0;0;0;0;POINT (13.63286432 52.45506059)
8;2018;6;15;1;3;5;3;0;0;1;0;0;0;1;0;POINT (13.42813769 52.48003355)
5;2018;6;13;4;3;2;6;0;0;1;0;0;0;0;1;POINT (13.20782642 52.53882778)
4;2018;6;15;6;3;8;1;0;0;1;0;0;0;0;1;POINT (13.29607673 52.53956953)
7;2018;6;13;4;3;0;1;0;1;0;0;0;0;0;1;POINT (13.40475447 52.4394942)
6;2018;6;15;1;2;5;3;0;1;0;0;0;0;1;0;POINT (13.2500165 52.42133361)
1;2018;6;13;4;3;0;5;0;0;1;0;1;0;0;1;POINT (13.3935188 52.51204615)
8;2018;6;15;1;2;2;6;0;0;1;0;0;0;0;0;POINT (13.43343041 52.44494176)
4;2018;6;14;6;3;2;6;0;0;1;0;0;0;0;0;POINT (13.31647123 52.50106551)
9;2018;6;7;1;2;6;4;0;0;1;1;0;0;0;0;POINT (13.62549135 52.45709846)
8;2018;6;13;4;3;5;3;0;1;1;0;0;0;0;0;POINT (13.47352846 52.42422961)
4;2018;6;12;4;3;0;6;0;0;1;0;1;0;0;1;POINT (13.31974497 52.50589573)
1;2018;6;15;1;3;5;2;0;1;1;0;0;0;0;0;POINT (13.34946615 52.54224758)
7;2018;6;3;7;2;9;1;2;0;1;0;0;0;0;1;POINT (13.35571614 52.4990015)
7;2018;6;10;4;3;5;3;0;0;1;0;0;0;0;0;POINT (13.38028761 52.43786096)
11;2018;6;7;1;3;5;3;0;1;0;0;0;0;1;0;POINT (13.50307596 52.50218573)
6;2018;6;10;4;2;5;3;0;1;0;0;0;0;1;0;POINT (13.33636911 52.45312605)
4;2018;6;10;4;3;2;6;0;0;1;0;1;0;0;0;POINT (13.32233499 52.51316519)
3;2018;6;8;1;2;5;2;0;1;0;0;0;0;0;0;POINT (13.42072187 52.53369456)
3;2018;6;10;4;3;5;3;0;0;1;0;0;0;0;0;POINT (13.42702745 52.55220659)
4;2018;6;12;1;3;2;6;0;0;1;0;0;1;0;0;POINT (13.28183561 52.51081555)
4;2018;6;10;4;3;1;1;0;1;1;0;0;0;0;0;POINT (13.31195842 52.48963212)
3;2018;6;9;1;3;2;6;0;0;0;0;0;0;1;0;POINT (13.4398269 52.56801266)
1;2018;6;10;4;3;5;2;0;1;0;0;0;0;1;0;POINT (13.39152756 52.55543822)
4;2018;6;9;1;2;2;6;0;0;1;0;0;0;0;0;POINT (13.28574348 52.494959)
11;2018;6;10;1;3;5;3;0;0;1;0;0;0;0;0;POINT (13.50851225 52.55009385)
12;2018;6;9;4;3;6;7;0;1;0;1;0;0;0;0;POINT (13.29669662 52.59439618)
4;2018;6;10;1;3;6;7;0;1;0;1;0;0;0;0;POINT (13.28119685 52.51282434)
8;2018;6;9;4;3;5;7;0;0;1;0;1;0;0;0;POINT (13.43050374 52.48593543)
4;2018;6;11;1;3;6;7;0;0;1;1;0;0;0;0;POINT (13.32836863 52.48677101)
7;2018;6;9;4;3;0;3;0;0;1;0;0;0;1;0;POINT (13.38242928 52.46104001)
3;2018;6;9;4;3;6;4;0;0;1;1;0;0;0;0;POINT (13.40637201 52.58191646)
10;2018;6;12;1;3;2;6;0;0;1;0;1;0;0;0;POINT (13.56396774 52.51863106)
9;2018;6;8;4;3;5;3;0;1;1;0;0;0;0;0;POINT (13.57552619 52.44748228)
1;2018;6;14;1;3;0;1;0;1;0;0;0;0;0;0;POINT (13.40915297 52.52841608)
12;2018;6;8;1;2;5;3;0;0;1;0;0;0;0;0;POINT (13.33921284 52.59583163)
5;2018;6;7;1;3;0;7;0;1;0;0;0;0;0;1;POINT (13.21376342 52.53167807)
10;2018;6;8;4;3;5;2;0;1;1;0;0;0;0;0;POINT (13.59533264 52.52875669)
1;2018;6;2;1;3;0;1;2;1;0;0;0;0;0;0;POINT (13.42105426 52.50962895)
12;2018;6;15;1;3;2;7;0;0;1;0;0;1;0;0;POINT (13.33236815 52.59948138)
1;2018;6;7;4;3;6;4;0;0;1;1;0;0;0;0;POINT (13.37775206 52.54158547)
4;2018;6;14;1;3;5;2;0;1;0;0;0;0;1;0;POINT (13.29600578 52.53033153)
1;2018;6;7;4;3;5;2;0;1;1;0;0;0;0;0;POINT (13.36033659 52.54435992)
4;2018;6;4;7;3;1;7;0;0;1;1;0;0;0;0;POINT (13.32767691 52.50454549)
3;2018;6;7;4;3;5;3;0;1;1;0;0;0;0;0;POINT (13.49778354 52.64070418)
8;2018;6;23;7;3;5;2;2;0;1;0;0;0;0;0;POINT (13.43490076 52.46138614)
12;2018;6;17;7;3;8;1;0;0;1;0;0;0;0;0;POINT (13.2910852 52.62633414)
1;2018;6;23;7;3;6;4;2;0;1;1;0;0;0;0;POINT (13.34471058 52.53142748)
2;2018;6;8;4;3;6;4;0;1;0;1;0;0;0;0;POINT (13.41578206 52.50240066)
1;2018;6;21;7;3;5;2;1;0;1;0;0;0;0;0;POINT (13.34941953 52.54222735)
5;2018;6;7;4;3;2;6;0;0;1;0;0;0;0;0;POINT (13.20071236 52.53836356)
1;2018;6;21;7;2;6;4;0;0;1;1;0;0;0;0;POINT (13.40676759 52.53565698)
9;2018;6;19;7;3;2;6;0;0;1;0;0;0;1;1;POINT (13.57235591 52.45120518)
1;2018;6;14;6;3;2;6;0;0;1;0;1;0;0;0;POINT (13.37155964 52.51117999)
1;2018;6;20;7;3;5;3;0;1;1;0;0;0;0;0;POINT (13.37828798 52.55055519)
3;2018;6;8;4;3;5;3;0;1;1;0;0;0;0;0;POINT (13.4412816 52.54950171)
8;2018;6;19;7;3;5;3;0;1;1;0;0;0;0;0;POINT (13.42905331 52.47190702)
1;2018;6;19;7;3;5;2;0;1;1;0;0;0;0;0;POINT (13.36600307 52.54264376)
1;2018;6;15;3;3;2;2;0;1;1;0;1;0;0;0;POINT (13.40156294 52.5296431)
7;2018;6;17;7;2;6;2;0;0;1;1;0;0;0;0;POINT (13.3706679 52.42243871)
2;2018;6;9;3;2;5;7;0;0;1;0;0;1;0;0;POINT (13.45002941 52.52341791)
5;2018;6;11;6;3;2;6;0;0;1;0;0;0;1;0;POINT (13.20931126 52.53856426)
3;2018;6;19;3;2;5;3;0;1;0;0;0;0;0;0;POINT (13.43113038 52.55316336)
5;2018;6;10;7;3;0;3;0;0;0;0;1;0;1;0;POINT (13.18434956 52.51497882)
3;2018;6;19;3;3;6;4;0;1;0;1;0;0;0;0;POINT (13.44599997 52.54796823)
1;2018;6;17;7;3;0;2;0;1;1;0;0;0;0;0;POINT (13.33320868 52.56102221)
4;2018;6;12;7;3;2;6;0;0;1;0;0;0;0;1;POINT (13.2494827 52.50780565)
3;2018;6;11;6;3;5;3;0;0;1;0;0;0;0;0;POINT (13.40847266 52.58686242)
1;2018;6;19;6;3;2;2;0;0;1;0;0;0;0;0;POINT (13.38627598 52.55868788)
6;2018;6;16;7;3;5;2;0;1;0;0;0;0;0;0;POINT (13.18961996 52.45487545)
7;2018;6;19;3;3;6;4;0;0;1;1;0;0;0;0;POINT (13.36239428 52.49789372)
2;2018;6;16;7;2;1;5;0;1;1;0;0;0;0;0;POINT (13.45812564 52.51271117)
4;2018;6;19;3;3;5;3;0;1;1;0;0;0;0;0;POINT (13.28681845 52.51297042)
1;2018;6;18;3;3;2;6;0;0;1;0;1;0;0;0;POINT (13.40055911 52.52959548)
1;2018;6;16;7;2;6;4;0;0;0;1;1;0;0;0;POINT (13.3729916 52.55746416)
5;2018;6;18;3;2;2;2;0;0;1;0;0;0;0;0;POINT (13.12928986 52.5271675)
8;2018;6;13;1;3;1;5;0;1;1;0;0;0;0;0;POINT (13.49762639 52.41904605)
4;2018;6;10;6;3;6;2;0;0;0;1;1;0;0;0;POINT (13.28353459 52.50649558)
1;2018;6;18;3;3;3;6;0;0;1;0;0;1;0;0;POINT (13.37661039 52.50959891)
5;2018;6;15;7;3;2;6;0;0;1;0;0;0;0;0;POINT (13.19832545 52.53265313)
11;2018;6;18;3;3;5;2;0;0;1;0;1;0;0;0;POINT (13.50195048 52.50695516)
7;2018;6;9;6;3;2;4;0;0;1;1;1;0;0;0;POINT (13.34608521 52.4944594)
7;2018;6;18;3;2;5;3;0;1;1;0;0;0;0;0;POINT (13.38331989 52.39725619)
1;2018;6;15;7;3;5;2;0;1;1;0;0;0;0;0;POINT (13.3800469 52.5404507)
6;2018;6;17;3;2;0;3;0;1;0;0;1;0;0;0;POINT (13.34988414 52.42224867)
6;2018;6;14;7;3;5;3;0;1;1;0;0;0;0;0;POINT (13.34359207 52.43923654)
4;2018;6;9;7;3;5;2;0;0;1;0;0;0;0;1;POINT (13.32611175 52.53834505)
1;2018;6;2;6;3;2;6;2;0;1;0;0;0;0;1;POINT (13.34450781 52.5190533)
7;2018;6;17;3;3;6;7;0;0;1;1;0;0;0;0;POINT (13.35009138 52.50043857)
3;2018;6;14;7;3;5;3;0;1;1;0;0;0;0;0;POINT (13.46641653 52.54646613)
4;2018;6;17;3;3;2;6;0;0;1;0;0;0;0;0;POINT (13.31030386 52.52939651)
1;2018;6;22;6;2;0;1;2;0;0;0;1;0;1;1;POINT (13.38601939 52.52818695)
3;2018;6;17;3;3;2;6;0;1;1;0;0;0;0;0;POINT (13.40124064 52.56563959)
10;2018;6;14;7;3;1;5;0;0;1;1;0;0;0;0;POINT (13.54430118 52.54206992)
11;2018;6;17;3;3;5;2;0;1;1;0;0;0;0;0;POINT (13.5014203 52.48303516)
10;2018;6;8;1;3;2;6;0;0;1;0;1;0;0;0;POINT (13.61397795 52.51654917)