bez;ujahr;umonat;ustunde;uwochentag;ukategorie;uart;utyp1;ulichtverh;istrad;istpkw;istfuss;istkrad;istgkfz;istsonstige;ustrzustand;geometry
8;2018;7;11;2;3;5;5;0;0;1;0;0;0;0;0;POINT (13.43352646 52.47847716)
9;2018;7;21;5;3;1;5;0;0;1;0;0;0;0;0;POINT (13.52641635 52.4603069)
6;2018;7;11;2;3;5;2;0;1;1;0;0;0;0;0;POINT (13.31928943 52.41304206)
12;2018;7;11;4;3;5;2;0;0;1;0;0;0;0;0;POINT (13.36051697 52.59691423)
2;2018;7;10;2;3;1;5;0;0;0;0;1;0;1;0;POINT (13.38358755 52.5035758)
2;2018;7;0;4;3;2;6;2;1;0;0;1;0;0;0;POINT (13.47527407 52.51170852)
12;2018;7;9;4;3;3;6;0;0;1;0;0;0;1;0;POINT (13.32329935 52.56064224)
3;2018;7;9;2;3;5;3;0;1;1;0;0;0;0;0;POINT (13.42658935 52.5438225)
11;2018;7;14;4;3;5;7;0;0;1;0;1;0;0;0;POINT (13.50109977 52.56078417)
1;2018;7;11;4;3;2;6;0;0;1;0;0;0;0;0;POINT (13.34902078 52.51474177)
6;2018;7;9;2;3;1;7;0;0;1;0;0;0;1;0;POINT (13.29133318 52.45804813)
1;2018;7;11;4;3;6;4;0;0;1;1;0;0;0;0;POINT (13.40351111 52.52314753)
1;2018;7;10;4;3;2;6;0;0;1;0;0;0;0;0;POINT (13.3546183 52.54386099)
5;2018;7;8;2;3;2;6;0;0;0;0;1;0;1;0;POINT (13.20043152 52.54986981)
10;2018;7;9;4;2;5;3;0;1;1;0;0;0;0;0;POINT (13.5338208 52.52410076)
2;2018;7;8;2;3;2;2;0;0;1;0;0;0;1;0;POINT (13.41965668 52.49648411)
11;2018;7;19;7;3;1;5;0;1;1;0;0;0;0;0;POINT (13.50189579 52.56918373)
4;2018;7;8;2;3;5;2;0;0;1;0;0;0;0;0;POINT (13.29671897 52.54812451)
2;2018;7;9;4;3;5;7;0;1;1;0;0;0;0;0;POINT (13.46775294 52.49633034)
7;2018;7;21;7;2;9;1;0;0;1;0;0;0;0;0;POINT (13.35826049 52.49847859)
4;2018;7;9;4;3;5;2;0;1;1;0;0;0;0;0;POINT (13.31527494 52.51474109)
8;2018;7;3;7;3;0;7;2;1;0;0;0;0;0;0;POINT (13.42659177 52.4765575)
2;2018;7;8;2;3;5;2;0;1;1;0;0;0;0;0;POINT (13.45235233 52.51248959)
1;2018;7;8;4;3;1;7;0;1;1;0;0;0;0;0;POINT (13.40535969 52.51237408)
9;2018;7;8;2;3;2;6;0;0;1;0;0;0;1;0;POINT (13.57130086 52.45154582)
12;2018;7;14;7;3;5;3;0;0;1;0;0;0;1;0;POINT (13.37696123 52.56075832)
9;2018;7;14;6;3;0;2;0;1;1;0;0;0;0;0;POINT (13.51697572 52.46178008)
8;2018;7;5;2;3;2;6;0;0;1;0;0;1;0;0;POINT (13.46456575 52.47030964)
3;2018;7;6;4;3;5;3;0;1;1;0;0;0;0;0;POINT (13.43655827 52.59249387)
7;2018;7;5;2;3;1;5;0;0;1;0;1;0;0;0;POINT (13.33560234 52.46780012)
1;2018;7;12;6;2;6;4;0;0;1;1;0;0;0;0;POINT (13.40255902 52.52985282)
4;2018;7;22;6;3;5;3;2;1;1;0;0;0;0;0;POINT (13.2496453 52.51557264)
4;2018;7;15;2;3;2;7;0;0;0;0;0;1;1;0;POINT (13.33100152 52.506772)
1;2018;7;14;4;2;5;3;0;1;1;0;0;0;0;0;POINT (13.34333418 52.52896058)
4;2018;7;11;2;2;5;3;0;1;1;0;0;0;0;0;POINT (13.30947995 52.51025626)
2;2018;7;20;6;3;5;7;1;1;1;0;0;0;0;0;POINT (13.4220129 52.49917802)
4;2018;7;13;2;2;5;2;0;0;1;0;0;0;0;0;POINT (13.32595165 52.50928175)
5;2018;7;7;4;2;4;6;0;0;1;0;0;0;1;0;POINT (13.23813466 52.54245756)
8;2018;7;9;2;2;6;3;0;0;1;1;0;0;0;0;POINT (13.45433481 52.45291376)
2;2018;7;19;6;3;1;5;0;1;1;0;0;0;0;0;POINT (13.39455617 52.49197129)
10;2018;7;14;4;3;2;6;0;0;1;0;0;0;0;0;POINT (13.57269571 52.54992317)
8;2018;7;18;6;3;5;2;0;0;1;0;1;0;0;0;POINT (13.45408058 52.47972505)
8;2018;7;9;2;2;4;1;0;0;1;0;0;1;1;0;POINT (13.45564061 52.47396954)
4;2018;7;9;4;3;0;3;0;0;1;0;0;0;1;0;POINT (13.27809732 52.50673415)
3;2018;7;12;2;3;5;3;0;1;1;0;0;0;0;0;POINT (13.44555722 52.53459739)
10;2018;7;18;6;3;5;2;0;1;1;0;0;0;0;0;POINT (13.54024799 52.52594884)
6;2018;7;16;6;3;5;2;0;0;1;0;0;0;0;0;POINT (13.3546629 52.42915219)
4;2018;7;8;2;2;3;6;0;0;1;0;1;0;0;0;POINT (13.27483681 52.500908)
6;2018;7;0;4;3;8;1;2;0;1;0;0;0;0;0;POINT (13.18659061 52.4256551)
4;2018;7;14;2;3;0;1;0;1;0;0;0;0;0;0;POINT (13.28127233 52.50079382)
8;2018;7;14;6;3;3;6;0;1;0;0;0;0;1;0;POINT (13.45414837 52.47483973)
11;2018;7;3;4;3;0;7;2;1;0;0;0;0;0;0;POINT (13.51914839 52.51130569)
2;2018;7;22;2;2;2;6;2;0;1;0;0;0;0;0;POINT (13.40094567 52.49842582)
2;2018;7;10;4;2;0;1;0;1;0;0;0;0;0;0;POINT (13.4547997 52.5101844)
1;2018;7;14;6;3;6;4;0;0;1;1;0;0;0;0;POINT (13.39534005 52.53924466)
4;2018;7;12;4;3;0;7;0;1;0;0;0;0;0;0;POINT (13.26019825 52.5168024)
2;2018;7;13;6;3;5;3;0;0;1;0;0;0;0;0;POINT (13.46942248 52.52037706)
9;2018;7;21;2;3;1;5;1;1;1;0;0;0;0;0;POINT (13.54806018 52.43922077)
2;2018;7;19;2;3;0;6;0;0;1;0;1;0;0;0;POINT (13.46482735 52.49768795)
6;2018;7;18;4;3;1;6;0;1;1;0;0;0;0;0;POINT (13.33643702 52.45348226)
4;2018;7;18;2;3;3;6;0;0;1;0;0;0;0;0;POINT (13.29103167 52.51910388)
5;2018;7;13;6;3;2;6;0;0;1;0;0;0;0;0;POINT (13.21058391 52.5673576)
6;2018;7;19;4;3;1;5;0;1;0;0;0;0;1;0;POINT (13.24787373 52.43910503)
12;2018;7;13;6;3;5;3;0;0;1;0;0;0;0;0;POINT (13.3033636 52.64122831)
1;2018;7;17;2;3;3;2;0;0;1;0;1;0;0;0;POINT (13.35643934 52.50980348)
2;2018;7;22;4;3;5;2;2;1;1;0;0;0;0;0;POINT (13.44225454 52.5009077)
5;2018;7;17;2;3;5;2;0;0;1;0;1;0;0;0;POINT (13.21510539 52.56075661)
5;2018;7;12;6;3;2;6;0;0;1;0;0;0;0;0;POINT (13.17812093 52.51684592)
9;2018;7;10;6;3;5;3;0;0;1;0;0;0;0;0;POINT (13.58067577 52.45203448)
12;2018;7;22;1;3;0;3;2;1;1;0;0;0;0;0;POINT (13.30028756 52.57005216)
4;2018;7;21;4;3;2;6;1;0;1;0;0;0;0;0;POINT (13.29527605 52.53943481)
8;2018;7;20;1;3;5;3;0;0;0;0;1;0;1;0;POINT (13.46598615 52.42896229)
3;2018;7;20;4;3;2;2;0;0;1;0;0;0;0;0;POINT (13.38982561 52.57427182)
6;2018;7;9;6;3;4;6;0;1;1;0;0;0;0;0;POINT (13.33227696 52.43297346)
11;2018;7;15;4;3;6;7;0;1;0;1;0;0;0;0;POINT (13.50136281 52.5600626)
2;2018;7;20;1;3;3;6;0;1;1;0;0;0;0;0;POINT (13.4223595 52.49921896)
12;2018;7;18;4;3;2;6;0;0;1;0;0;0;0;0;POINT (13.29406273 52.60906816)
7;2018;7;18;4;3;5;2;0;1;0;0;0;0;1;0;POINT (13.3708515 52.49266779)
6;2018;7;10;6;3;2;6;0;0;1;0;0;0;0;0;POINT (13.34237276 52.4343326)
4;2018;7;19;1;3;5;2;0;1;1;0;0;0;0;0;POINT (13.30782495 52.48843224)
1;2018;7;18;4;3;2;2;0;0;1;0;0;0;0;0;POINT (13.3808155 52.51640843)
2;2018;7;18;1;3;6;4;0;1;0;1;0;0;0;0;POINT (13.4336843 52.52332129)
11;2018;7;9;6;3;5;2;0;1;1;0;0;0;0;0;POINT (13.50694436 52.49686665)
3;2018;7;18;1;3;5;2;0;1;1;0;0;0;0;0;POINT (13.40655163 52.56538152)
5;2018;7;18;4;3;5;2;0;0;0;0;1;0;1;0;POINT (13.19564585 52.53996443)
1;2018;7;19;4;2;0;1;0;1;0;0;0;0;0;0;POINT (13.37241214 52.53861812)
1;2018;7;17;1;3;2;6;0;0;1;0;1;0;0;0;POINT (13.38637004 52.55555857)
6;2018;7;9;6;3;5;2;0;1;1;0;0;0;0;0;POINT (13.27494459 52.46036086)
1;2018;7;23;6;3;6;4;2;1;0;1;0;0;0;0;POINT (13.41544084 52.52276127)
3;2018;7;18;4;3;8;1;0;0;1;0;0;0;0;0;POINT (13.44321229 52.57128734)
1;2018;7;17;1;3;2;6;0;0;1;0;0;0;0;0;POINT (13.38587354 52.51642669)
9;2018;7;22;4;3;0;1;2;0;0;0;1;0;0;0;POINT (13.59339388 52.40925479)
2;2018;7;23;6;3;5;3;2;0;1;0;0;0;0;0;POINT (13.45188328 52.50346853)
7;2018;7;17;4;2;5;3;0;0;1;0;0;0;1;0;POINT (13.40402132 52.44878533)
2;2018;7;19;6;2;5;2;0;0;1;0;1;0;0;0;POINT (13.46465142 52.49743192)
1;2018;7;17;1;3;5;3;0;0;1;0;1;0;0;0;POINT (13.32476284 52.52781404)
4;2018;7;18;4;3;5;2;0;0;1;0;0;0;0;0;POINT (13.2963981 52.52927487)
1;2018;7;12;6;2;6;4;0;0;0;1;1;0;0;0;POINT (13.33336689 52.56039933)
4;2018;7;17;4;3;5;2;0;1;1;0;0;0;0;0;POINT (13.32804051 52.47992151)
1;2018;7;3;6;3;9;1;2;0;1;0;0;0;0;0;POINT (13.34536128 52.55445438)
5;2018;7;17;1;3;6;2;0;0;1;1;0;0;0;0;POINT (13.19460477 52.5336258)
7;2018;7;17;4;3;0;2;0;1;1;0;0;0;0;0;POINT (13.32854992 52.4649785)
1;2018;7;14;1;3;3;6;0;1;0;0;0;0;1;0;POINT (13.30396546 52.55164171)
10;2018;7;1;6;2;9;1;2;0;0;0;1;0;0;0;POINT (13.59881095 52.53827389)
9;2018;7;20;1;3;5;3;0;0;1;0;0;0;0;0;POINT (13.63670121 52.4507977)
2;2018;7;17;4;3;6;4;0;0;1;1;0;0;0;0;POINT (13.45944828 52.50786022)
2;2018;7;20;1;2;5;3;0;1;1;0;0;0;0;0;POINT (13.39501428 52.4932459)
2;2018;7;8;5;2;5;2;0;1;0;0;0;0;1;0;POINT (13.44068363 52.51726667)
11;2018;7;17;4;3;5;3;0;1;1;0;0;0;0;0;POINT (13.49650839 52.53396463)
5;2018;7;8;5;3;1;3;0;0;1;0;0;0;1;0;POINT (13.19851979 52.54877677)
10;2018;7;17;1;2;5;3;0;0;1;0;1;0;0;0;POINT (13.56326989 52.54164723)
8;2018;7;17;4;3;5;2;0;1;1;0;0;0;0;0;POINT (13.44000745 52.48691926)
2;2018;7;6;5;3;5;2;0;1;1;0;0;0;0;0;POINT (13.37670986 52.48936812)
1;2018;7;15;4;3;2;6;0;0;1;0;0;0;0;0;POINT (13.32833947 52.53449356)
8;2018;7;16;5;3;2;7;0;1;1;0;0;0;0;0;POINT (13.44170746 52.46940883)
11;2018;7;17;1;2;1;5;0;1;1;0;0;0;0;0;POINT (13.49796955 52.54979507)
1;2018;7;15;4;3;5;2;0;1;0;0;0;1;0;0;POINT (13.41730454 52.51571255)
7;2018;7;17;1;3;5;2;0;1;1;0;0;0;0;0;POINT (13.34819774 52.4819695)
4;2018;7;22;5;3;6;4;2;1;1;1;0;0;0;0;POINT (13.30938735 52.50646974)
7;2018;7;17;5;3;1;5;0;0;1;0;0;0;0;0;POINT (13.37501684 52.47750017)
2;2018;7;8;1;3;3;6;0;1;0;0;0;1;0;0;POINT (13.43019551 52.51033513)
8;2018;7;15;4;3;0;3;0;0;1;0;1;0;0;0;POINT (13.42776959 52.4810749)
7;2018;7;8;1;3;5;2;0;0;1;0;0;0;0;0;POINT (13.34738919 52.47059731)
8;2018;7;16;5;3;5;2;0;1;1;0;0;0;0;0;POINT (13.44817428 52.47763089)
4;2018;7;9;1;3;0;6;0;0;1;0;1;0;0;0;POINT (13.28503978 52.51871035)
4;2018;7;16;4;3;5;2;0;1;1;0;0;0;0;0;POINT (13.29753619 52.53460531)
7;2018;7;9;1;3;2;6;0;0;1;0;0;0;1;0;POINT (13.35466199 52.49963511)
10;2018;7;17;5;3;5;3;0;1;1;0;0;0;0;0;POINT (13.56954692 52.52876598)
7;2018;7;14;4;2;6;4;0;0;1;1;0;0;0;0;POINT (13.38689643 52.4591173)
7;2018;7;16;5;3;5;3;0;1;0;0;0;0;1;0;POINT (13.3855146 52.46482072)
8;2018;7;15;1;2;6;4;0;0;0;1;0;0;1;0;POINT (13.45258818 52.43554135)
2;2018;7;14;4;3;0;4;0;1;0;1;0;0;0;0;POINT (13.41492028 52.49453377)
6;2018;7;11;1;3;1;5;0;1;1;0;0;0;0;0;POINT (13.31219775 52.44853758)
2;2018;7;2;5;3;6;4;2;0;1;1;0;0;0;1;POINT (13.45001507 52.4965643)
6;2018;7;15;5;2;5;3;0;1;1;0;0;0;0;0;POINT (13.33867366 52.46536686)
5;2018;7;11;1;3;5;7;0;0;1;0;0;0;0;0;POINT (13.18310967 52.54789949)
3;2018;7;13;4;3;1;5;0;1;1;0;0;0;0;0;POINT (13.4471599 52.54750086)
7;2018;7;12;1;3;5;3;0;0;1;0;0;0;0;0;POINT (13.36628342 52.4951992)
9;2018;7;17;4;3;6;7;0;1;0;1;0;0;0;0;POINT (13.57946091 52.44471102)
6;2018;7;12;1;3;1;5;0;1;1;0;0;0;0;0;POINT (13.31016801 52.42303294)
9;2018;7;15;5;3;5;2;0;1;1;0;0;0;0;0;POINT (13.58798188 52.45138022)
5;2018;7;15;5;2;5;3;0;0;1;0;1;0;0;0;POINT (13.2110698 52.56834234)
4;2018;7;13;1;3;5;2;0;1;1;0;0;0;0;0;POINT (13.28666539 52.51875892)
1;2018;7;23;4;3;0;1;2;0;0;0;1;0;0;0;POINT (13.4181028 52.52611148)
3;2018;7;16;1;3;2;6;0;0;1;0;0;0;0;0;POINT (13.42044803 52.60650685)
7;2018;7;13;5;2;2;6;0;0;1;0;0;0;0;0;POINT (13.40914799 52.46401479)
1;2018;7;15;1;3;5;2;0;0;1;0;1;0;0;0;POINT (13.3285592 52.5311372)
9;2018;7;11;4;1;0;1;0;0;1;0;1;0;0;0;POINT (13.48481784 52.46717481)
6;2018;7;15;1;3;5;7;0;1;1;0;0;0;0;0;POINT (13.18539179 52.43115838)
9;2018;7;12;3;3;2;6;0;0;1;0;0;0;0;0;POINT (13.60730972 52.45297701)
7;2018;7;14;5;2;6;7;0;0;0;1;0;0;1;0;POINT (13.35722452 52.4986951)
9;2018;7;10;3;3;4;6;0;1;0;0;0;0;0;0;POINT (13.73810011 52.42899197)
4;2018;7;13;5;3;5;2;0;0;1;0;0;0;1;0;POINT (13.32486819 52.49999027)
2;2018;7;14;1;3;5;2;0;0;1;0;0;1;0;0;POINT (13.43023866 52.51048151)
3;2018;7;22;3;3;5;2;2;1;1;0;0;0;0;0;POINT (13.44872782 52.61798506)
12;2018;7;15;1;2;6;3;0;0;1;1;0;0;0;0;POINT (13.32477949 52.60813437)
7;2018;7;13;5;2;6;2;0;0;1;1;0;0;0;0;POINT (13.36316113 52.47620417)
9;2018;7;12;5;3;5;2;0;1;1;0;0;0;0;0;POINT (13.51054128 52.45045145)
1;2018;7;15;1;2;1;1;0;0;1;0;0;0;1;0;POINT (13.36688457 52.55131996)
6;2018;7;21;3;3;5;3;2;1;1;0;0;0;0;0;POINT (13.27030765 52.45091298)
7;2018;7;16;1;2;2;1;0;0;1;0;0;0;0;0;POINT (13.41505089 52.45149968)
3;2018;7;21;3;3;5;2;0;1;1;0;0;0;0;0;POINT (13.40116829 52.59038965)
5;2018;7;12;5;3;0;1;0;1;0;0;0;0;0;0;POINT (13.18147609 52.53857404)
11;2018;7;19;3;3;5;2;0;0;1;0;1;0;0;0;POINT (13.5062446 52.54870751)
1;2018;7;7;1;3;3;6;0;1;0;0;0;0;1;0;POINT (13.38051126 52.51769005)
7;2018;7;18;3;3;2;6;0;0;1;0;0;0;1;0;POINT (13.40046042 52.43985234)
8;2018;7;12;5;3;2;2;0;0;0;0;1;0;1;0;POINT (13.47448878 52.43885913)
1;2018;7;12;5;3;5;2;0;0;1;0;1;0;0;0;POINT (13.3641902 52.50995896)
7;2018;7;18;3;3;5;3;0;0;1;0;0;0;0;0;POINT (13.32434059 52.46584184)
4;2018;7;6;1;3;5;2;0;0;0;0;1;0;1;0;POINT (13.30687263 52.49998835)
3;2018;7;18;3;3;5;3;0;1;1;0;0;0;0;0;POINT (13.42291521 52.60819759)
12;2018;7;11;5;3;1;5;0;1;1;0;0;0;0;0;POINT (13.35084688 52.56580152)
9;2018;7;18;3;3;6;4;0;0;1;1;0;0;0;0;POINT (13.57890025 52.45805849)
11;2018;7;11;5;3;2;6;0;0;0;0;1;0;0;1;POINT (13.4830247 52.52322913)
9;2018;7;8;1;3;2;6;0;1;1;0;0;0;0;0;POINT (13.53745062 52.43157096)
4;2018;7;17;3;3;5;2;0;1;1;0;0;0;0;0;POINT (13.32308285 52.49155235)
3;2018;7;8;1;3;0;3;0;1;1;0;0;0;0;0;POINT (13.41843754 52.55352373)
1;2018;7;16;5;3;5;3;0;0;0;0;1;0;1;0;POINT (13.36529554 52.5580313)
4;2018;7;10;5;3;6;7;0;0;1;1;0;0;0;1;POINT (13.29823483 52.4954304)
3;2018;7;17;3;3;5;3;0;1;1;0;0;0;0;0;POINT (13.40693468 52.58639424)
1;2018;7;8;1;3;2;2;0;0;1;0;0;0;0;0;POINT (13.41810946 52.51574252)
2;2018;7;20;3;3;1;5;0;0;1;0;0;0;1;0;POINT (13.39765633 52.48987184)
3;2018;7;9;5;3;5;2;0;1;1;0;0;0;0;0;POINT (13.43282122 52.57083511)
2;2018;7;20;3;2;6;4;0;1;0;1;0;0;0;0;POINT (13.45606346 52.50993253)
5;2018;7;9;5;3;0;1;0;0;0;0;1;0;0;0;POINT (13.19781455 52.52091133)
6;2018;7;8;1;3;1;5;0;0;1;0;1;0;0;0;POINT (13.31598987 52.46656183)
1;2018;7;20;3;2;5;2;0;0;1;0;1;0;0;0;POINT (13.38391407 52.55496299)
9;2018;7;7;5;3;2;6;0;0;1;0;0;1;0;1;POINT (13.55909812 52.44627728)
3;2018;7;6;5;3;5;3;0;1;1;0;0;0;0;0;POINT (13.42213756 52.55311225)
2;2018;7;0;1;3;0;1;2;0;0;0;1;0;0;0;POINT (13.41936716 52.50138053)
1;2018;7;8;3;3;0;2;0;1;1;0;0;0;0;0;POINT (13.38016119 52.51966114)
1;2018;7;16;1;3;5;3;0;0;1;0;0;0;1;0;POINT (13.39891665 52.53257484)
3;2018;7;2;3;3;1;5;2;0;1;0;0;0;0;0;POINT (13.44608181 52.53849349)
1;2018;7;17;4;3;5;2;0;0;1;0;0;0;0;1;POINT (13.37046239 52.5453166)
6;2018;7;19;7;3;1;5;0;0;1;0;0;0;0;0;POINT (13.26488277 52.44164252)
6;2018;7;17;3;3;2;6;0;0;1;0;0;0;1;0;POINT (13.32207642 52.43624124)
1;2018;7;14;7;3;5;7;0;0;1;0;1;0;0;0;POINT (13.39041728 52.54560386)
7;2018;7;17;4;2;5;2;0;0;1;0;1;0;0;0;POINT (13.3806219 52.44277475)
1;2018;7;19;7;2;5;2;0;0;1;0;0;0;0;0;POINT (13.4181926 52.5156154)
7;2018;7;17;3;3;0;6;0;0;1;0;1;0;0;0;POINT (13.3662262 52.49712492)
7;2018;7;17;4;3;6;4;0;0;1;1;0;0;0;1;POINT (13.37129528 52.44718313)
1;2018;7;17;3;3;5;3;0;0;1;0;0;0;0;0;POINT (13.35137041 52.545918)
9;2018;7;17;4;3;6;2;0;0;0;1;0;0;1;1;POINT (13.54511374 52.43682702)
9;2018;7;19;7;3;3;6;0;1;1;0;0;0;0;1;POINT (13.58224457 52.43770682)
6;2018;7;16;3;3;5;2;0;1;1;0;0;0;0;0;POINT (13.3412174 52.43376247)
5;2018;7;17;7;3;5;2;0;0;1;0;0;0;0;0;POINT (13.18469991 52.54759535)
3;2018;7;19;4;3;5;3;0;1;1;0;0;0;0;1;POINT (13.46641338 52.54959305)
1;2018;7;12;4;3;0;1;0;0;0;0;1;0;0;1;POINT (13.37574439 52.52841535)
8;2018;7;19;7;3;6;4;0;0;1;1;0;0;0;0;POINT (13.48919085 52.41099095)
3;2018;7;15;3;3;5;2;0;1;1;0;0;0;0;0;POINT (13.47264297 52.55534675)
11;2018;7;17;7;3;1;5;0;1;1;0;0;0;0;0;POINT (13.53707919 52.47715073)
2;2018;7;19;4;2;0;7;0;0;1;0;0;0;0;1;POINT (13.47397701 52.50806969)
8;2018;7;13;7;3;3;6;0;1;1;0;0;0;0;0;POINT (13.43655962 52.42362263)
4;2018;7;16;3;3;5;3;0;0;1;0;0;0;0;0;POINT (13.30053269 52.51774164)
7;2018;7;7;7;3;2;6;0;0;1;0;0;0;0;0;POINT (13.34418976 52.47880391)
12;2018;7;21;4;2;0;1;2;0;0;0;1;0;0;1;POINT (13.31041204 52.57180616)
1;2018;7;21;4;3;5;2;2;1;1;0;0;0;0;1;POINT (13.40334673 52.52506848)
7;2018;7;12;7;3;5;2;0;0;1;0;0;0;0;0;POINT (13.37814443 52.46644493)
3;2018;7;15;3;3;0;7;0;1;0;0;0;0;0;0;POINT (13.41628065 52.60805134)
9;2018;7;9;7;2;5;3;0;1;1;0;0;0;0;0;POINT (13.66297394 52.41203669)
8;2018;7;23;4;2;6;2;2;0;1;1;0;0;0;1;POINT (13.4413893 52.48098483)
11;2018;7;15;3;3;5;3;0;1;1;0;0;0;0;0;POINT (13.47338175 52.52454468)
11;2018;7;23;4;3;5;3;2;1;1;0;0;0;0;1;POINT (13.45889632 52.52597533)
7;2018;7;9;7;3;5;2;0;0;1;0;0;0;0;0;POINT (13.3961105 52.42334061)
7;2018;7;15;3;3;0;2;0;0;1;0;1;0;0;1;POINT (13.38565802 52.47192742)
9;2018;7;8;7;3;5;2;0;0;1;0;1;0;0;0;POINT (13.49131656 52.46910735)
3;2018;7;15;4;2;5;2;0;1;1;0;0;0;0;1;POINT (13.45290858 52.5337865)
12;2018;7;15;4;3;2;2;0;1;1;0;0;0;0;1;POINT (13.29184458 52.59146857)
1;2018;7;4;7;3;8;1;2;0;1;1;0;0;0;0;POINT (13.34484929 52.53899258)
7;2018;7;22;3;3;0;1;2;1;0;0;0;0;0;0;POINT (13.36447815 52.49749453)
2;2018;7;1;7;3;1;5;2;1;1;0;0;0;0;0;POINT (13.4188249 52.49030138)
4;2018;7;14;4;3;0;1;0;0;1;0;1;0;0;1;POINT (13.30102663 52.49879338)
2;2018;7;18;6;3;5;2;0;1;1;0;0;0;0;0;POINT (13.4674363 52.51433814)
1;2018;7;13;3;3;5;2;0;1;1;0;0;0;0;0;POINT (13.38722134 52.55987865)
3;2018;7;23;6;3;6;4;2;0;1;1;0;0;0;0;POINT (13.46216958 52.52974284)
8;2018;7;12;3;3;0;5;0;0;1;0;0;0;0;0;POINT (13.49551381 52.4178408)
5;2018;7;14;4;3;2;6;0;0;1;0;0;0;0;1;POINT (13.18008884 52.49746937)
9;2018;7;13;3;3;5;2;0;0;1;0;0;0;0;0;POINT (13.52665785 52.42651341)
2;2018;7;13;4;3;0;6;0;0;0;0;1;0;1;1;POINT (13.39503572 52.49648649)
1;2018;7;23;6;3;2;6;2;0;1;0;1;0;0;0;POINT (13.38769569 52.52362988)
4;2018;7;12;3;3;0;6;0;0;0;0;1;0;1;0;POINT (13.28236167 52.53372947)
1;2018;7;21;6;3;0;1;1;1;0;0;0;0;0;0;POINT (13.3752131 52.53684486)
9;2018;7;12;4;3;5;7;0;0;1;0;0;0;0;1;POINT (13.55192527 52.43349101)
12;2018;7;12;4;3;5;2;0;0;1;0;0;0;0;1;POINT (13.3276998 52.56403643)
4;2018;7;12;3;3;5;2;0;1;0;0;0;1;0;0;POINT (13.33029527 52.51304457)
2;2018;7;12;4;3;5;2;0;0;1;0;0;0;0;1;POINT (13.39700373 52.50534324)
3;2018;7;19;6;3;0;1;0;0;1;0;1;0;0;0;POINT (13.44147025 52.54021122)
2;2018;7;11;3;3;5;2;0;1;1;0;0;0;0;0;POINT (13.38885494 52.49932482)
1;2018;7;20;6;3;5;3;0;1;1;0;0;0;0;0;POINT (13.40252854 52.54018039)
4;2018;7;11;4;3;0;2;0;0;1;0;0;0;1;1;POINT (13.30231602 52.50673937)
1;2018;7;11;4;3;2;6;0;0;1;0;0;0;0;1;POINT (13.37954535 52.52931254)
12;2018;7;18;6;3;5;2;0;1;1;0;0;0;0;0;POINT (13.30658148 52.55516024)
8;2018;7;10;3;3;1;5;0;0;1;0;1;0;0;0;POINT (13.47427665 52.43790076)
1;2018;7;18;6;3;5;2;0;0;1;0;0;0;0;0;POINT (13.37121575 52.51112858)
11;2018;7;10;3;3;5;2;0;1;1;0;0;0;0;0;POINT (13.50696041 52.56404334)
4;2018;7;11;4;3;5;2;0;1;1;0;0;0;0;1;POINT (13.30318895 52.49598335)
1;2018;7;10;3;3;1;5;0;1;1;0;0;0;0;0;POINT (13.39160824 52.52354331)
9;2018;7;18;6;3;5;2;0;1;1;0;0;0;0;0;POINT (13.5824086 52.46179639)
1;2018;7;10;3;3;5;2;0;1;1;0;0;0;0;0;POINT (13.32477602 52.53223071)
2;2018;7;10;3;3;5;2;0;1;1;0;0;0;0;0;POINT (13.39069639 52.49600177)
2;2018;7;9;4;3;1;5;0;1;0;0;0;0;1;1;POINT (13.39123332 52.5022261)
9;2018;7;18;6;2;3;6;0;1;1;0;0;0;0;0;POINT (13.60262028 52.45194072)
4;2018;7;9;3;3;0;7;0;1;1;0;0;0;0;0;POINT (13.30921453 52.50352439)
2;2018;7;17;6;3;5;3;0;1;0;0;1;0;0;0;POINT (13.44062844 52.51707646)
1;2018;7;8;4;3;5;2;0;1;1;0;0;0;0;1;POINT (13.3990644 52.50816187)
2;2018;7;8;4;3;2;6;0;0;1;0;0;1;0;1;POINT (13.44273776 52.52499102)
5;2018;7;17;6;3;5;3;0;1;1;0;0;0;0;0;POINT (13.17899082 52.55239952)
12;2018;7;8;3;3;5;3;0;1;1;0;0;0;0;0;POINT (13.3106567 52.56819186)
7;2018;7;8;4;3;5;3;0;0;1;0;0;0;0;1;POINT (13.35402482 52.49993297)
1;2018;7;8;3;3;1;5;0;1;1;0;0;0;0;0;POINT (13.38706406 52.5119568)
7;2018;7;8;3;3;5;2;0;1;1;0;0;0;0;0;POINT (13.40023521 52.48371968)
11;2018;7;16;6;3;5;3;0;0;1;0;0;0;0;0;POINT (13.49357638 52.54130209)
4;2018;7;7;3;3;2;6;0;0;1;0;0;0;0;0;POINT (13.30894763 52.50649867)
1;2018;7;8;4;3;3;6;0;0;1;0;0;0;1;1;POINT (13.37699316 52.5569125)
2;2018;7;7;3;3;5;2;0;1;1;0;0;0;0;0;POINT (13.42666686 52.51582329)
1;2018;7;14;4;3;0;1;0;0;0;0;1;0;0;1;POINT (13.39920312 52.53916045)