bez;ujahr;umonat;ustunde;uwochentag;ukategorie;uart;utyp1;ulichtverh;istrad;istpkw;istfuss;istkrad;istgkfz;istsonstige;ustrzustand;geometry
2;2018;7;15;6;3;5;3;0;0;1;0;0;0;0;0;POINT (13.42795505 52.50113836)
3;2018;7;7;3;3;5;3;0;1;1;0;0;0;0;0;POINT (13.45447525 52.60681918)
6;2018;7;14;4;2;0;7;0;0;1;0;0;0;0;0;POINT (13.32903563 52.46126733)
8;2018;7;13;3;3;0;2;0;0;1;0;0;0;1;0;POINT (13.51061774 52.40454449)
9;2018;7;6;4;2;4;1;1;0;1;0;0;0;0;1;POINT (13.62005844 52.44613698)
3;2018;7;15;6;2;0;1;0;1;0;0;0;0;0;0;POINT (13.41043877 52.53077058)
3;2018;7;12;3;3;2;6;0;0;1;0;0;0;0;0;POINT (13.45795684 52.52882768)
5;2018;7;14;6;3;1;1;0;1;1;0;0;0;1;0;POINT (13.22246184 52.53076267)
2;2018;7;6;4;2;5;3;1;1;1;0;0;0;0;1;POINT (13.38644945 52.49007372)
5;2018;7;14;6;3;1;5;0;0;1;0;0;0;0;0;POINT (13.23520177 52.54169291)
11;2018;7;12;3;3;6;4;0;1;0;1;0;0;0;0;POINT (13.50976064 52.50773022)
11;2018;7;0;4;2;2;6;2;0;1;0;1;0;0;1;POINT (13.51431061 52.56660473)
6;2018;7;9;3;3;2;7;0;0;1;0;0;0;0;0;POINT (13.32778323 52.42563625)
7;2018;7;23;3;3;2;6;2;0;1;0;0;0;0;1;POINT (13.34561849 52.50006189)
10;2018;7;14;6;3;5;3;0;0;1;0;0;0;0;0;POINT (13.56196853 52.5665173)
6;2018;7;7;3;2;5;3;0;0;1;0;0;0;0;0;POINT (13.24479079 52.44040719)
1;2018;7;13;6;3;1;5;0;1;1;0;0;0;0;0;POINT (13.40828662 52.52541294)
6;2018;7;23;3;3;5;3;2;1;1;0;0;0;0;1;POINT (13.32639232 52.42762993)
2;2018;7;9;3;3;5;2;0;1;1;0;0;0;0;0;POINT (13.45081981 52.52735498)
7;2018;7;13;6;3;4;6;0;1;1;0;0;0;0;0;POINT (13.35372729 52.49375265)
10;2018;7;5;3;3;5;3;0;0;1;0;0;0;0;0;POINT (13.57211407 52.56056522)
10;2018;7;18;3;3;2;6;0;0;1;0;0;0;1;0;POINT (13.54225155 52.5403115)
7;2018;7;12;6;3;1;5;0;1;0;0;0;1;0;0;POINT (13.38819683 52.46706998)
9;2018;7;6;3;3;5;2;0;1;1;0;0;0;0;0;POINT (13.57055203 52.47357224)
5;2018;7;16;3;3;5;2;0;1;1;0;0;0;0;1;POINT (13.15564051 52.46094058)
10;2018;7;16;3;3;5;3;0;1;1;0;0;0;0;0;POINT (13.61179279 52.5004813)
9;2018;7;13;6;3;2;2;0;0;1;0;1;0;0;0;POINT (13.46959713 52.45202521)
1;2018;7;10;2;3;2;6;0;0;1;0;0;0;0;0;POINT (13.36727902 52.50457479)
6;2018;7;12;6;3;2;6;0;0;1;0;0;0;0;0;POINT (13.19825992 52.43402276)
4;2018;7;15;3;3;5;5;0;0;1;0;1;0;0;0;POINT (13.33454984 52.50440927)
6;2018;7;12;6;3;5;3;0;1;1;0;0;0;0;0;POINT (13.25594883 52.43591573)
9;2018;7;13;2;3;5;3;0;1;1;0;0;0;0;0;POINT (13.58737173 52.4390594)
5;2018;7;12;6;3;5;3;0;0;1;0;0;0;0;0;POINT (13.19294376 52.53202283)
10;2018;7;16;3;3;5;2;0;0;1;0;0;0;1;1;POINT (13.56383515 52.55632435)
11;2018;7;16;2;3;6;4;0;1;0;1;0;0;0;0;POINT (13.50575368 52.5635998)
4;2018;7;15;3;2;2;6;0;1;0;0;0;1;0;0;POINT (13.30794865 52.50017405)
7;2018;7;11;6;3;0;5;0;1;1;0;0;0;0;0;POINT (13.34946791 52.49882594)
7;2018;7;17;2;3;5;3;0;1;0;0;0;0;0;0;POINT (13.34978874 52.40824463)
9;2018;7;10;6;2;5;3;0;1;1;0;0;0;0;0;POINT (13.70005202 52.44134067)
7;2018;7;13;3;3;5;3;0;0;1;0;1;0;0;0;POINT (13.35455007 52.49713204)
9;2018;7;13;3;3;0;2;0;1;0;0;0;0;1;0;POINT (13.63793426 52.45644214)
2;2018;7;18;2;3;0;6;0;0;1;0;1;0;0;0;POINT (13.39527855 52.49772152)
3;2018;7;15;4;3;2;6;0;0;1;0;0;0;1;0;POINT (13.4115744 52.55073746)
10;2018;7;14;2;3;0;7;0;0;0;0;1;0;0;1;POINT (13.62181115 52.52483496)
6;2018;7;14;2;3;0;6;0;1;0;0;0;0;1;0;POINT (13.32588264 52.45532127)
5;2018;7;14;4;3;6;7;0;1;0;1;0;0;0;0;POINT (13.18479238 52.54765613)
1;2018;7;13;2;2;5;3;0;1;1;0;0;0;0;0;POINT (13.39313845 52.51501489)
6;2018;7;14;4;3;5;3;0;1;1;0;0;0;0;0;POINT (13.26037982 52.4123648)
5;2018;7;13;2;3;2;6;0;0;1;0;0;1;0;0;POINT (13.27326503 52.53622309)
5;2018;7;13;4;3;2;6;0;0;1;0;0;0;0;0;POINT (13.17107696 52.51832121)
4;2018;7;12;4;3;6;2;0;0;1;1;0;0;0;0;POINT (13.3030456 52.50560721)
8;2018;7;13;2;3;5;3;0;0;0;0;1;0;1;0;POINT (13.45461801 52.4746338)
11;2018;7;13;2;3;2;6;0;0;1;0;0;1;0;0;POINT (13.48464603 52.53347554)
1;2018;7;12;4;3;5;3;0;1;0;0;1;0;0;0;POINT (13.38998847 52.55557175)
9;2018;7;12;2;3;0;3;0;1;1;0;0;0;0;0;POINT (13.48991436 52.46777823)
1;2018;7;12;2;3;2;6;0;0;1;0;0;0;0;0;POINT (13.35893356 52.54617848)
1;2018;7;10;2;3;0;3;0;0;1;0;1;0;0;0;POINT (13.38107403 52.53216241)
9;2018;7;12;4;3;0;5;0;0;1;0;1;0;0;1;POINT (13.67521198 52.44603024)
12;2018;7;9;2;3;5;2;0;0;1;0;1;0;0;0;POINT (13.24306869 52.60159406)
3;2018;7;23;6;2;6;4;2;0;1;1;0;0;0;0;POINT (13.41879606 52.53047585)
12;2018;7;9;2;3;1;5;0;1;1;0;0;0;0;0;POINT (13.29000837 52.63420453)
10;2018;7;11;4;3;2;6;0;0;1;0;0;0;0;0;POINT (13.56160508 52.50694386)
12;2018;7;8;2;3;5;3;0;0;1;0;0;0;1;0;POINT (13.29199351 52.59061794)
12;2018;7;9;4;3;5;3;0;0;1;0;0;0;0;0;POINT (13.30202986 52.64518846)
12;2018;7;22;6;2;6;4;2;0;0;1;0;0;1;0;POINT (13.33112749 52.5723448)
6;2018;7;8;2;3;0;6;0;0;1;0;1;0;0;0;POINT (13.34704397 52.44996803)
1;2018;7;22;6;3;5;2;2;0;1;0;0;0;0;0;POINT (13.41177321 52.52396608)
4;2018;7;9;4;3;5;2;0;1;1;0;0;0;0;0;POINT (13.29594469 52.4959531)
2;2018;7;8;4;3;2;2;0;0;1;0;0;0;0;0;POINT (13.37678222 52.49157703)
3;2018;7;7;2;3;5;2;0;1;1;0;0;0;0;0;POINT (13.42996636 52.55107079)
1;2018;7;21;6;3;0;1;2;1;1;0;0;0;0;1;POINT (13.38653646 52.5197189)
2;2018;7;6;2;3;5;3;0;0;1;0;1;0;0;0;POINT (13.46703685 52.51277168)
7;2018;7;9;4;3;5;2;0;1;1;0;0;0;0;0;POINT (13.34830182 52.46288383)
7;2018;7;10;2;3;5;2;0;0;1;0;0;0;0;0;POINT (13.35496509 52.49005775)
7;2018;7;8;4;3;5;3;0;0;1;0;0;0;1;0;POINT (13.3958195 52.4543065)
6;2018;7;20;6;3;5;3;1;0;1;0;0;0;0;1;POINT (13.30937642 52.46702824)
7;2018;7;11;2;3;5;7;0;0;1;0;0;0;0;0;POINT (13.40776211 52.46388232)
1;2018;7;8;4;3;5;2;0;0;1;0;1;0;0;0;POINT (13.35643146 52.53588105)
2;2018;7;8;2;2;1;5;0;1;0;0;0;0;1;0;POINT (13.44340671 52.49956752)
12;2018;7;7;4;3;5;2;0;1;1;0;0;0;0;0;POINT (13.35368283 52.56204626)
1;2018;7;20;6;3;6;4;0;0;0;1;0;0;1;1;POINT (13.35439809 52.54917766)
10;2018;7;7;2;2;6;4;0;0;1;1;0;0;0;0;POINT (13.5583793 52.53403085)
11;2018;7;18;5;3;2;7;0;0;1;0;1;0;0;0;POINT (13.52647338 52.48448598)
1;2018;7;7;4;3;0;3;0;0;1;0;1;0;0;0;POINT (13.40047821 52.51001774)
6;2018;7;17;5;3;2;2;0;1;1;0;0;0;0;0;POINT (13.2807585 52.42088055)
6;2018;7;11;2;3;0;1;0;0;0;0;1;0;0;0;POINT (13.31071916 52.42121748)
7;2018;7;14;5;3;3;6;0;0;1;0;1;0;0;0;POINT (13.34502211 52.49245161)
1;2018;7;6;4;3;5;3;0;1;0;0;0;0;1;0;POINT (13.41321168 52.52518867)
11;2018;7;13;5;3;2;2;0;1;1;0;0;0;0;0;POINT (13.51445916 52.49457299)
2;2018;7;2;2;3;0;1;2;1;0;0;0;0;0;0;POINT (13.43391524 52.52321277)
12;2018;7;6;4;3;1;5;0;1;1;0;0;0;1;0;POINT (13.32650038 52.56448832)
8;2018;7;18;1;3;0;1;0;1;0;0;0;0;0;0;POINT (13.47238353 52.43681794)
1;2018;7;0;4;3;1;5;2;1;0;0;1;0;0;0;POINT (13.40769538 52.52845655)
8;2018;7;13;5;3;1;1;0;0;1;0;0;0;0;0;POINT (13.43524075 52.43509903)
11;2018;7;10;1;2;5;2;0;0;1;0;0;0;1;0;POINT (13.491734 52.53419883)
6;2018;7;12;5;3;5;2;0;1;1;0;0;0;0;0;POINT (13.21867331 52.43244476)
8;2018;7;18;3;3;2;2;0;1;1;0;0;0;0;0;POINT (13.43379238 52.48184859)
2;2018;7;12;3;3;6;4;0;0;1;1;0;0;0;0;POINT (13.46374422 52.51067302)
6;2018;7;10;5;3;5;3;0;0;1;0;1;0;0;0;POINT (13.30863927 52.42033416)
7;2018;7;10;1;3;1;5;0;0;1;0;0;0;0;0;POINT (13.37522258 52.44417088)
2;2018;7;10;5;3;1;5;0;1;1;0;0;0;0;0;POINT (13.41464503 52.50255389)
1;2018;7;11;3;3;5;2;0;1;1;0;0;0;0;0;POINT (13.34334554 52.5316935)
1;2018;7;8;5;3;5;2;0;1;1;0;0;0;0;0;POINT (13.4100901 52.52399877)
10;2018;7;10;1;2;5;3;0;0;1;0;1;0;0;0;POINT (13.5664179 52.53432716)
9;2018;7;8;5;3;0;2;0;1;1;0;0;0;0;0;POINT (13.51456622 52.46861581)
1;2018;7;11;3;3;6;7;0;0;1;1;0;0;0;0;POINT (13.38178272 52.530226)
5;2018;7;9;1;3;3;6;0;0;1;0;0;1;0;0;POINT (13.23438657 52.53866709)
10;2018;7;15;3;3;2;6;0;0;1;0;0;0;0;0;POINT (13.54336072 52.54057204)
3;2018;7;14;5;3;5;2;0;1;1;0;0;0;0;0;POINT (13.41244637 52.53799415)
8;2018;7;9;1;3;0;6;0;0;0;0;0;0;1;0;POINT (13.51029756 52.40469261)
8;2018;7;7;5;3;6;2;0;0;1;1;0;0;0;0;POINT (13.4736186 52.43225602)
9;2018;7;15;3;3;2;6;0;1;0;0;0;0;1;0;POINT (13.52538737 52.46454652)
6;2018;7;14;3;3;2;6;0;0;1;0;1;0;0;0;POINT (13.31669972 52.4258261)
1;2018;7;9;1;3;0;2;0;0;1;0;1;0;0;0;POINT (13.33169855 52.52408813)
1;2018;7;14;3;3;6;4;0;1;0;1;0;0;0;0;POINT (13.39022119 52.50848205)
2;2018;7;7;5;3;1;5;0;1;1;0;0;0;0;0;POINT (13.43813649 52.50306881)
7;2018;7;8;1;3;4;6;0;1;0;0;0;0;0;0;POINT (13.37320362 52.49220024)
12;2018;7;17;5;3;5;7;0;0;1;0;1;0;0;0;POINT (13.29288689 52.58109059)
7;2018;7;13;3;3;3;6;0;0;0;0;1;0;1;0;POINT (13.34668841 52.50143782)
5;2018;7;13;3;3;2;6;0;0;1;0;0;0;0;0;POINT (13.23915621 52.52659017)
1;2018;7;17;5;3;0;7;0;1;0;0;0;0;0;0;POINT (13.392316 52.54290776)
1;2018;7;7;1;3;5;7;0;1;1;0;0;0;0;0;POINT (13.32925398 52.53293651)
1;2018;7;18;5;3;5;2;0;0;1;0;1;0;0;0;POINT (13.39385871 52.52852242)
10;2018;7;13;3;3;5;2;0;1;1;0;0;0;0;0;POINT (13.57369485 52.54658143)
11;2018;7;14;5;3;2;2;0;0;1;0;0;0;0;0;POINT (13.5191153 52.57457852)
8;2018;7;5;1;3;5;3;0;0;1;0;1;0;0;0;POINT (13.46018391 52.4320126)
7;2018;7;12;5;3;0;5;0;1;0;0;0;0;1;0;POINT (13.37651063 52.45981413)
11;2018;7;17;1;3;6;7;0;0;1;1;0;0;0;0;POINT (13.5219441 52.51125305)
8;2018;7;13;3;3;6;4;0;0;0;1;1;0;0;0;POINT (13.42968581 52.47030149)
1;2018;7;20;1;3;2;2;1;0;0;0;1;0;1;0;POINT (13.32849404 52.5319076)
12;2018;7;13;3;3;2;6;0;0;1;0;0;0;0;0;POINT (13.34348266 52.59880676)
5;2018;7;11;5;2;0;2;0;1;1;0;0;0;0;0;POINT (13.21612804 52.53797775)
1;2018;7;20;1;3;3;6;0;1;1;0;0;0;0;0;POINT (13.39923999 52.53215014)
7;2018;7;10;5;2;5;2;0;0;1;0;1;0;0;0;POINT (13.37781783 52.46863246)
2;2018;7;12;3;3;2;6;0;1;1;0;0;0;0;0;POINT (13.39777941 52.4982485)
6;2018;7;12;3;3;6;2;0;0;1;1;0;0;0;0;POINT (13.32251841 52.45650903)
11;2018;7;9;5;3;2;2;0;0;1;0;0;0;0;0;POINT (13.49970245 52.52514043)
1;2018;7;17;1;3;5;3;0;0;1;0;1;0;0;0;POINT (13.35216411 52.50551938)
2;2018;7;11;3;2;5;3;0;1;0;0;0;0;1;0;POINT (13.4261396 52.51590364)
11;2018;7;9;3;3;5;7;0;0;1;0;0;0;0;0;POINT (13.47195763 52.53758645)
6;2018;7;7;5;2;5;2;0;1;0;0;0;1;0;0;POINT (13.34647342 52.4500408)
4;2018;7;17;1;3;5;2;0;1;1;0;0;0;0;0;POINT (13.29445728 52.47404562)
4;2018;7;1;5;3;9;1;2;0;1;0;0;0;0;0;POINT (13.27199712 52.49878948)
3;2018;7;17;1;3;5;2;0;0;1;0;0;0;0;0;POINT (13.4301511 52.55135709)
9;2018;7;9;3;3;2;6;0;0;1;0;0;0;0;0;POINT (13.60618054 52.45272226)
9;2018;7;16;1;3;2;2;0;0;1;0;0;1;0;0;POINT (13.51202141 52.47082584)
3;2018;7;21;5;3;5;3;1;1;0;0;0;0;0;1;POINT (13.48803449 52.61856056)
3;2018;7;15;1;3;5;3;0;1;1;0;0;0;0;0;POINT (13.40016386 52.58050261)
4;2018;7;14;1;3;5;2;0;1;1;0;0;0;0;0;POINT (13.32344502 52.51595909)
1;2018;7;8;3;2;5;2;0;0;1;0;1;0;0;0;POINT (13.36478787 52.50803091)
7;2018;7;19;5;2;6;4;0;1;0;1;0;0;0;0;POINT (13.38766249 52.4834712)
6;2018;7;14;1;3;1;5;0;1;1;0;0;0;0;0;POINT (13.33622546 52.43300773)
2;2018;7;20;5;3;5;2;1;0;1;0;0;0;0;0;POINT (13.40665346 52.49843396)
8;2018;7;7;3;2;2;2;0;0;1;0;1;0;0;0;POINT (13.43535334 52.425325)
8;2018;7;7;3;3;7;7;0;0;1;0;0;0;0;0;POINT (13.49313187 52.40969367)
9;2018;7;13;1;3;5;3;0;0;1;0;1;0;0;0;POINT (13.62925414 52.44891972)
8;2018;7;20;5;3;1;5;0;1;1;0;0;0;0;0;POINT (13.42813537 52.48692348)
11;2018;7;13;1;3;2;6;0;0;0;0;0;0;1;0;POINT (13.48620032 52.53356877)
1;2018;7;9;3;3;0;5;0;1;1;0;0;0;0;0;POINT (13.3730021 52.5107666)
4;2018;7;13;1;3;1;5;0;1;1;0;0;0;0;0;POINT (13.30803639 52.50457784)
8;2018;7;22;3;3;5;2;2;0;1;0;0;0;0;0;POINT (13.46460223 52.47020862)
2;2018;7;19;5;3;2;4;1;1;0;1;0;0;0;0;POINT (13.42171974 52.49842948)
4;2018;7;12;1;3;6;7;0;0;1;1;0;0;0;0;POINT (13.30769469 52.51698252)
4;2018;7;19;3;3;5;2;0;0;1;0;0;0;0;0;POINT (13.29749416 52.53457011)
11;2018;7;15;1;3;2;6;0;0;1;0;0;0;0;0;POINT (13.47316194 52.52299382)
8;2018;7;18;5;3;2;6;0;0;1;0;0;0;0;0;POINT (13.49327901 52.43004015)
5;2018;7;11;1;3;2;6;0;0;1;0;0;0;0;0;POINT (13.23286191 52.52766338)
2;2018;7;18;3;3;5;2;0;1;1;0;0;0;0;0;POINT (13.40283777 52.49388386)
8;2018;7;14;1;3;5;3;0;0;1;0;0;0;1;0;POINT (13.4500072 52.4767182)
8;2018;7;9;5;3;5;3;0;1;1;0;0;0;0;0;POINT (13.51229898 52.41757304)
9;2018;7;18;1;2;5;3;0;1;0;0;1;0;0;0;POINT (13.59360638 52.44484887)
2;2018;7;17;4;3;5;3;0;1;1;0;0;0;0;0;POINT (13.39804259 52.49099129)
3;2018;7;17;3;3;0;2;0;1;1;0;0;0;0;0;POINT (13.44193776 52.55029338)
9;2018;7;17;4;3;5;3;0;1;1;0;0;0;0;0;POINT (13.56245654 52.45665741)
7;2018;7;17;1;2;5;3;0;0;1;0;1;0;1;0;POINT (13.34266762 52.46476552)
11;2018;7;14;3;3;5;7;0;0;1;0;0;0;0;0;POINT (13.49943273 52.50874676)
6;2018;7;16;1;2;0;1;0;1;0;0;0;0;0;0;POINT (13.24192758 52.45250421)
1;2018;7;15;3;3;1;5;0;1;1;0;0;0;1;0;POINT (13.37512615 52.51005784)
2;2018;7;22;4;3;5;3;2;0;1;0;1;0;0;0;POINT (13.46405838 52.51300763)
4;2018;7;16;1;3;1;5;0;1;1;0;0;0;0;0;POINT (13.31436961 52.50633276)
12;2018;7;19;4;3;5;3;0;1;1;0;0;0;0;0;POINT (13.32754319 52.56411022)
9;2018;7;22;3;2;1;5;2;1;1;0;0;0;0;0;POINT (13.4473821 52.4920697)
7;2018;7;22;3;2;1;5;2;1;1;0;0;0;0;0;POINT (13.41085286 52.39675858)
12;2018;7;19;4;3;4;6;0;0;0;0;0;0;1;0;POINT (13.34841715 52.61554084)
2;2018;7;10;1;3;1;6;0;1;1;0;0;1;0;0;POINT (13.43080175 52.51189262)
11;2018;7;18;4;3;4;6;0;0;1;0;0;0;0;0;POINT (13.49553589 52.5142512)
3;2018;7;19;3;2;1;5;0;1;1;0;0;0;0;0;POINT (13.43285401 52.56866023)
11;2018;7;17;3;2;5;2;0;1;1;0;0;0;0;0;POINT (13.54321726 52.56828158)
1;2018;7;18;4;3;1;7;0;1;1;0;0;0;0;0;POINT (13.38352405 52.55501322)
4;2018;7;20;7;2;1;5;0;1;1;0;0;0;0;0;POINT (13.28096319 52.50765136)
5;2018;7;18;4;3;5;2;0;0;1;0;1;0;0;0;POINT (13.21135235 52.54758967)
11;2018;7;21;3;1;5;2;2;1;0;0;0;0;1;0;POINT (13.52704379 52.49208331)
11;2018;7;18;4;3;1;1;0;0;1;0;1;0;0;0;POINT (13.52758484 52.48180231)
4;2018;7;14;7;3;0;6;0;0;1;0;1;0;0;0;POINT (13.29431765 52.53965154)
12;2018;7;21;4;3;2;6;1;0;1;0;0;0;0;0;POINT (13.32162614 52.57589766)
11;2018;7;10;2;3;2;6;0;0;1;0;0;0;0;0;POINT (13.49942348 52.54035167)
1;2018;7;13;7;3;0;3;0;1;1;0;0;0;0;0;POINT (13.40176352 52.52896144)
1;2018;7;20;2;3;6;7;0;0;0;1;1;0;0;0;POINT (13.37275895 52.50737747)
1;2018;7;20;4;3;0;2;0;0;1;0;0;0;1;0;POINT (13.36786952 52.52586919)
7;2018;7;13;7;3;5;3;0;1;1;0;0;0;0;0;POINT (13.37083681 52.49174409)
2;2018;7;21;4;2;5;3;2;1;1;0;0;0;0;0;POINT (13.43291048 52.51793144)
3;2018;7;21;2;3;3;6;1;0;1;0;0;0;1;0;POINT (13.40092657 52.56565897)
4;2018;7;20;2;3;5;7;0;0;1;0;1;0;0;0;POINT (13.33174601 52.5052288)
1;2018;7;19;4;3;0;2;0;1;1;0;1;0;0;0;POINT (13.35124204 52.50433381)
9;2018;7;13;7;3;6;2;0;0;1;1;0;0;0;0;POINT (13.54133294 52.43528943)
6;2018;7;18;4;2;5;2;0;1;1;0;0;0;0;0;POINT (13.29513047 52.44440102)
4;2018;7;17;2;3;5;2;0;1;1;0;0;0;0;0;POINT (13.3275868 52.48660052)
2;2018;7;13;7;3;5;3;0;0;1;0;0;0;0;0;POINT (13.39438623 52.50701702)
5;2018;7;16;4;2;5;3;0;1;1;0;0;0;0;0;POINT (13.2022908 52.54652192)
5;2018;7;13;7;3;5;3;0;1;1;0;0;0;0;0;POINT (13.16261547 52.53334)
12;2018;7;12;2;3;0;2;0;1;1;0;0;0;0;0;POINT (13.34739433 52.57854932)
4;2018;7;13;7;3;4;6;0;1;0;0;0;0;0;0;POINT (13.28374882 52.49780702)
6;2018;7;6;2;3;5;3;0;1;1;0;0;0;0;0;POINT (13.29843582 52.46495989)
1;2018;7;17;4;3;0;3;0;0;1;0;1;0;0;0;POINT (13.35987691 52.52345472)
1;2018;7;17;4;2;2;6;0;0;1;0;1;0;0;0;POINT (13.35207409 52.53638724)
4;2018;7;12;7;3;2;6;0;0;1;0;1;0;0;0;POINT (13.31616321 52.50623306)
3;2018;7;17;4;3;5;3;0;1;0;0;0;0;1;0;POINT (13.43017971 52.58852115)
2;2018;7;7;2;3;0;2;0;0;1;0;0;0;0;0;POINT (13.46465609 52.49743872)
1;2018;7;11;7;3;1;5;0;0;1;0;0;0;1;0;POINT (13.33356284 52.53063961)
7;2018;7;0;2;3;0;2;2;0;1;0;0;0;0;0;POINT (13.36198534 52.49770632)
6;2018;7;17;4;3;5;3;0;0;1;0;0;0;0;0;POINT (13.30418287 52.44959083)
4;2018;7;10;7;3;2;6;0;0;1;0;1;0;0;0;POINT (13.19794054 52.47847485)
1;2018;7;17;4;3;2;6;0;0;1;0;0;0;0;0;POINT (13.37070396 52.53973088)
2;2018;7;11;2;3;2;6;0;1;1;0;0;0;0;0;POINT (13.39441182 52.50685646)
3;2018;7;12;2;3;0;1;0;1;1;0;0;0;0;0;POINT (13.43806409 52.56648594)
10;2018;7;17;4;3;2;6;0;0;1;0;0;1;0;0;POINT (13.6031772 52.54669579)
11;2018;7;10;7;3;8;1;0;0;0;0;1;0;0;0;POINT (13.51610657 52.56615537)
1;2018;7;16;4;3;2;6;0;1;1;0;0;0;0;0;POINT (13.38697405 52.5110592)
8;2018;7;9;7;3;1;5;0;1;1;0;0;0;0;0;POINT (13.44764208 52.42904396)
4;2018;7;20;2;2;5;7;0;0;1;0;1;0;0;0;POINT (13.32728171 52.52199578)
2;2018;7;1;7;2;1;5;2;1;1;0;0;0;1;0;POINT (13.46167554 52.50918927)
4;2018;7;15;4;2;5;2;0;1;0;0;0;1;0;0;POINT (13.28927604 52.47069392)
1;2018;7;16;7;3;5;3;0;1;1;0;0;0;0;0;POINT (13.39021828 52.50768151)
1;2018;7;18;6;3;5;2;0;0;1;0;1;0;0;0;POINT (13.34986555 52.50303833)
5;2018;7;20;2;3;5;2;0;1;1;0;0;0;0;0;POINT (13.18174373 52.53408063)
12;2018;7;15;4;3;2;6;0;0;1;0;0;0;1;0;POINT (13.34402857 52.5890391)
6;2018;7;18;6;3;3;6;0;1;1;0;0;0;0;0;POINT (13.31959764 52.46315085)
4;2018;7;15;4;3;6;2;0;0;1;1;0;0;0;0;POINT (13.28668058 52.4957545)
11;2018;7;19;2;2;6;4;0;0;1;1;0;0;0;0;POINT (13.47075774 52.52443857)
11;2018;7;15;4;3;5;2;0;1;1;0;0;0;0;0;POINT (13.51529527 52.56723585)
5;2018;7;17;6;3;5;2;0;0;1;0;1;0;0;0;POINT (13.18473109 52.54758989)
5;2018;7;16;6;3;2;6;0;1;0;0;0;0;0;0;POINT (13.17174452 52.54991108)
8;2018;7;15;4;3;8;1;0;0;0;0;1;0;0;0;POINT (13.48329313 52.42564953)
1;2018;7;17;2;3;2;6;0;0;1;0;0;0;0;0;POINT (13.34662959 52.54784279)
1;2018;7;18;2;2;6;4;0;0;1;1;0;0;0;0;POINT (13.36492041 52.52609677)
12;2018;7;16;6;3;2;2;0;0;1;0;1;0;0;0;POINT (13.33047731 52.56255994)
2;2018;7;15;4;3;5;3;0;1;1;0;0;0;0;0;POINT (13.3954941 52.49901567)
6;2018;7;13;6;3;0;2;0;0;1;0;1;0;0;0;POINT (13.29665288 52.44299953)
6;2018;7;18;2;3;0;5;0;1;1;0;0;0;0;0;POINT (13.29884416 52.441008)
12;2018;7;12;6;3;5;3;0;1;1;0;0;0;0;0;POINT (13.29049619 52.65586564)
8;2018;7;18;2;3;5;2;0;0;1;0;0;0;0;0;POINT (13.43363869 52.48211024)
5;2018;7;17;4;3;2;6;0;0;1;0;0;0;0;0;POINT (13.16220589 52.54725422)
6;2018;7;12;6;3;1;5;0;1;1;0;0;0;0;0;POINT (13.34423468 52.45890329)
2;2018;7;9;2;3;5;2;0;1;0;0;0;0;1;0;POINT (13.41096859 52.50382916)
5;2018;7;10;6;3;0;2;0;1;1;0;0;0;0;0;POINT (13.18496465 52.5155349)
8;2018;7;7;2;2;1;1;0;0;0;0;1;1;1;0;POINT (13.43135284 52.44335394)
2;2018;7;15;4;2;5;1;0;1;1;0;0;0;0;0;POINT (13.38780445 52.4927746)
9;2018;7;10;6;3;5;2;0;0;1;0;1;0;0;0;POINT (13.53702752 52.45993919)
1;2018;7;10;4;3;5;3;0;1;0;0;0;0;1;0;POINT (13.3941373 52.54740313)
9;2018;7;6;2;3;9;1;0;0;0;0;1;0;0;0;POINT (13.50937403 52.45209437)
7;2018;7;10;4;3;1;5;0;0;1;0;0;0;1;0;POINT (13.35481207 52.41331007)
4;2018;7;14;6;3;5;2;0;1;1;0;0;0;0;0;POINT (13.33121963 52.5028998)
3;2018;7;8;4;3;5;3;0;1;1;0;0;0;0;0;POINT (13.42003075 52.53812195)
6;2018;7;11;2;3;5;3;0;0;1;0;0;0;0;0;POINT (13.33519698 52.46265724)
4;2018;7;13;6;3;1;5;0;1;1;0;0;0;0;0;POINT (13.31224448 52.49924027)
12;2018;7;17;2;3;3;6;0;0;1;0;0;0;0;0;POINT (13.36966359 52.57464611)
5;2018;7;8;4;2;2;6;0;0;1;0;0;0;0;0;POINT (13.18025466 52.49491949)
7;2018;7;12;6;3;0;1;0;0;0;0;1;0;0;0;POINT (13.39343958 52.45780675)
4;2018;7;16;2;3;5;3;0;1;0;0;1;0;0;0;POINT (13.31074556 52.51618692)
7;2018;7;13;6;2;9;1;0;0;0;0;1;0;0;0;POINT (13.32850549 52.47118355)
11;2018;7;16;2;3;6;4;0;1;0;1;0;0;0;0;POINT (13.49949967 52.56259035)
11;2018;7;14;4;3;5;3;0;0;1;0;0;0;0;0;POINT (13.48648668 52.52665336)
5;2018;7;0;6;3;0;1;2;0;0;0;1;0;0;0;POINT (13.15766146 52.54224703)
9;2018;7;7;4;3;5;2;0;1;1;0;0;0;0;0;POINT (13.51177802 52.44878779)
12;2018;7;16;2;2;5;2;0;0;1;0;0;0;0;0;POINT (13.36459739 52.56270375)
3;2018;7;15;2;3;0;2;0;1;1;0;0;0;0;0;POINT (13.40250912 52.55430164)