bez;ujahr;umonat;ustunde;uwochentag;ukategorie;uart;utyp1;ulichtverh;istrad;istpkw;istfuss;istkrad;istgkfz;istsonstige;ustrzustand;geometry
1;2018;7;13;4;2;2;6;0;0;0;0;1;1;0;0;POINT (13.38888731 52.51667937)
9;2018;7;19;6;2;2;7;0;0;1;0;0;0;0;0;POINT (13.72211955 52.43109119)
8;2018;7;13;4;3;5;3;0;0;1;0;0;0;1;0;POINT (13.43925953 52.47813004)
9;2018;7;15;2;3;5;2;0;1;0;0;0;0;1;0;POINT (13.56157918 52.44611435)
5;2018;7;13;4;3;0;6;0;0;1;0;1;0;0;0;POINT (13.1636488 52.54180932)
2;2018;7;19;6;3;1;5;0;0;1;0;1;0;0;0;POINT (13.41362667 52.49175877)
6;2018;7;6;4;3;1;7;0;0;1;0;0;0;0;0;POINT (13.31414158 52.43653068)
2;2018;7;15;2;3;1;5;0;1;1;0;0;0;0;0;POINT (13.4516572 52.51260394)
9;2018;7;19;6;3;1;5;0;1;1;0;0;0;0;0;POINT (13.70531636 52.43279651)
8;2018;7;14;2;3;0;6;0;0;0;0;1;0;1;0;POINT (13.44819721 52.42735557)
9;2018;7;13;4;2;5;3;0;0;1;0;0;0;0;0;POINT (13.53311792 52.43376546)
5;2018;7;18;6;3;5;2;0;0;0;0;1;0;0;0;POINT (13.18466182 52.51542098)
5;2018;7;13;4;3;6;4;0;1;0;1;0;0;0;0;POINT (13.17974871 52.53309075)
2;2018;7;14;2;3;0;3;0;0;1;0;1;0;0;0;POINT (13.41208688 52.50318614)
4;2018;7;14;2;3;5;7;0;0;1;0;1;0;0;0;POINT (13.32035751 52.4821467)
6;2018;7;13;4;3;6;2;0;0;1;1;0;0;0;0;POINT (13.32067639 52.4517144)
6;2018;7;14;5;3;5;3;0;1;0;0;0;1;0;0;POINT (13.327744 52.42835659)
3;2018;7;12;4;3;5;3;0;0;1;0;0;0;0;0;POINT (13.41081188 52.5611761)
10;2018;7;8;5;3;5;3;0;1;0;0;0;0;1;0;POINT (13.56744673 52.5733226)
11;2018;7;12;4;3;5;3;0;0;1;0;0;0;0;0;POINT (13.50796716 52.546384)
9;2018;7;13;2;3;5;3;0;1;1;0;0;0;0;0;POINT (13.57823504 52.45921388)
1;2018;7;13;2;3;4;5;0;0;1;0;1;0;0;0;POINT (13.35818021 52.55147826)
8;2018;7;12;4;3;1;5;0;0;1;0;1;0;0;0;POINT (13.42890269 52.48535245)
1;2018;7;8;5;3;1;5;0;1;1;0;0;0;0;0;POINT (13.40618845 52.53204531)
7;2018;7;11;4;3;1;5;0;0;1;0;0;0;0;0;POINT (13.33413337 52.47030977)
4;2018;7;14;1;3;5;3;0;0;1;0;0;0;0;0;POINT (13.31655518 52.49107571)
5;2018;7;10;4;2;5;2;0;0;1;0;0;0;0;0;POINT (13.19966067 52.53454871)
7;2018;7;7;5;3;6;4;0;1;0;1;0;0;0;0;POINT (13.4122476 52.39437816)
4;2018;7;10;4;3;2;6;0;0;1;0;0;1;0;0;POINT (13.27998065 52.519329)
3;2018;7;7;5;3;5;3;0;0;1;0;0;0;0;0;POINT (13.49577679 52.62602704)
11;2018;7;13;1;3;2;6;0;0;0;0;1;0;1;0;POINT (13.52582729 52.49413611)
8;2018;7;5;5;3;1;5;0;1;1;0;0;0;0;0;POINT (13.42600711 52.48768124)
1;2018;7;12;1;3;6;7;0;0;1;1;0;0;0;0;POINT (13.38475852 52.55047791)
11;2018;7;8;4;3;5;3;0;1;1;0;0;0;0;0;POINT (13.49058853 52.54321313)
12;2018;7;1;5;2;1;1;2;0;1;0;1;0;0;0;POINT (13.29853171 52.57164523)
12;2018;7;10;4;2;5;2;0;0;1;0;1;0;0;0;POINT (13.33886672 52.58937333)
2;2018;7;9;1;3;2;2;0;1;1;0;0;0;0;0;POINT (13.44061045 52.51702024)
5;2018;7;17;1;3;0;6;0;0;1;0;0;0;1;0;POINT (13.18205457 52.53409194)
10;2018;7;18;3;3;2;6;0;0;1;0;0;0;0;0;POINT (13.60443516 52.53652529)
1;2018;7;22;5;3;0;1;2;0;1;0;1;0;0;0;POINT (13.34368684 52.50627427)
2;2018;7;0;3;2;6;4;2;0;1;1;0;0;0;0;POINT (13.3946718 52.4916752)
6;2018;7;18;5;3;3;2;0;0;1;0;0;1;0;0;POINT (13.33781163 52.45079623)
3;2018;7;15;1;3;5;3;0;1;1;0;0;0;0;0;POINT (13.45439206 52.61717116)
7;2018;7;17;5;3;5;7;0;1;1;0;0;0;0;0;POINT (13.36711598 52.49345622)
1;2018;7;8;3;3;5;2;0;1;1;0;0;0;0;0;POINT (13.39158227 52.55542897)
7;2018;7;17;5;3;5;3;0;0;1;0;1;0;0;0;POINT (13.3753353 52.46865872)
1;2018;7;18;1;3;1;5;0;1;1;0;0;0;0;0;POINT (13.37997307 52.52264951)
2;2018;7;19;1;3;5;3;0;1;1;0;0;0;0;0;POINT (13.4266591 52.51568068)
2;2018;7;16;5;3;5;3;0;0;1;0;1;0;0;0;POINT (13.44065024 52.5171527)
7;2018;7;9;3;3;0;7;0;0;0;0;1;0;0;1;POINT (13.34638564 52.48922875)
7;2018;7;16;5;3;2;2;0;0;1;0;0;0;0;0;POINT (13.38025187 52.43785608)
9;2018;7;17;1;3;6;4;0;1;0;1;0;0;0;0;POINT (13.57822625 52.45731131)
12;2018;7;15;5;3;5;7;0;0;1;0;0;0;0;0;POINT (13.32596016 52.56169837)
1;2018;7;21;1;3;6;4;2;0;0;1;0;0;1;0;POINT (13.37225204 52.55668525)
4;2018;7;8;3;3;5;3;0;1;1;0;0;0;0;0;POINT (13.3074673 52.51185445)
4;2018;7;15;5;3;5;5;0;0;1;0;1;0;0;0;POINT (13.30375314 52.47278723)
1;2018;7;9;3;3;2;6;0;1;0;0;0;0;1;0;POINT (13.41093947 52.52859189)
3;2018;7;19;1;3;5;2;0;0;1;0;1;0;0;0;POINT (13.41846649 52.58433049)
3;2018;7;20;1;3;5;3;0;0;1;0;0;0;0;0;POINT (13.42652774 52.55538087)
3;2018;7;21;5;3;4;6;2;1;1;0;0;0;0;0;POINT (13.46974286 52.614291)
9;2018;7;10;3;3;5;2;0;0;1;0;1;0;0;0;POINT (13.50759283 52.47501471)
4;2018;7;19;5;3;2;6;0;0;1;0;0;0;0;0;POINT (13.33055969 52.51124377)
1;2018;7;19;1;3;1;5;0;1;0;0;0;0;1;0;POINT (13.41473352 52.51394326)
4;2018;7;19;5;3;5;3;1;1;0;0;0;0;0;0;POINT (13.28763529 52.47758148)
6;2018;7;16;1;3;5;3;0;0;1;0;0;0;0;0;POINT (13.30736428 52.41983649)
6;2018;7;12;3;3;2;6;0;0;1;0;0;0;0;0;POINT (13.26689475 52.41041442)
4;2018;7;18;5;3;8;1;0;0;1;0;0;0;0;0;POINT (13.27977544 52.51829468)
5;2018;7;15;1;3;2;6;0;0;1;0;0;0;0;0;POINT (13.19521792 52.52759654)
4;2018;7;14;1;3;3;6;0;1;0;0;0;0;0;0;POINT (13.30013459 52.52222698)
6;2018;7;12;3;3;5;3;0;0;1;0;0;0;0;0;POINT (13.19016995 52.43421157)
10;2018;7;19;5;3;6;4;0;0;1;1;0;0;0;0;POINT (13.62162499 52.53051961)
3;2018;7;19;3;3;5;2;0;1;1;0;0;0;0;0;POINT (13.46410824 52.56006538)
8;2018;7;15;5;3;5;3;0;0;1;0;0;0;1;0;POINT (13.44809622 52.42732298)
6;2018;7;13;1;3;5;2;0;1;1;0;0;0;0;0;POINT (13.29356783 52.44582952)
8;2018;7;7;3;3;0;6;0;1;1;0;0;0;0;0;POINT (13.49571312 52.43211528)
4;2018;7;15;5;3;6;4;0;0;1;1;0;0;0;0;POINT (13.30876016 52.50009896)
6;2018;7;18;3;3;3;6;0;0;0;0;1;0;1;0;POINT (13.25671524 52.41600529)
1;2018;7;12;1;3;1;5;0;1;1;0;0;0;0;0;POINT (13.39133287 52.51341676)
8;2018;7;16;3;3;0;2;0;1;1;0;0;0;0;0;POINT (13.48977855 52.42006756)
4;2018;7;8;5;3;5;3;0;1;1;0;0;0;0;0;POINT (13.25755573 52.50770081)
5;2018;7;21;1;3;0;2;1;0;1;0;0;0;1;0;POINT (13.18084412 52.53404202)
3;2018;7;16;5;3;1;5;0;0;1;0;0;0;0;0;POINT (13.41754229 52.57780912)
1;2018;7;22;1;2;6;4;1;0;1;1;0;0;0;0;POINT (13.39189291 52.56374583)
12;2018;7;16;3;3;4;6;0;0;1;0;0;0;0;0;POINT (13.26329551 52.59846694)
1;2018;7;11;5;3;2;6;0;0;1;0;0;0;0;0;POINT (13.35113041 52.51517988)
8;2018;7;16;3;3;2;6;0;0;1;0;0;0;1;0;POINT (13.4415309 52.4703259)
12;2018;7;20;1;2;0;1;0;0;0;0;1;0;0;0;POINT (13.36251041 52.60790751)
1;2018;7;18;1;3;1;5;0;1;1;0;0;0;0;0;POINT (13.3394114 52.53280882)
1;2018;7;16;3;3;5;2;0;1;1;0;0;0;0;0;POINT (13.35635153 52.53588728)
11;2018;7;11;5;3;2;6;0;0;1;0;0;1;0;0;POINT (13.50729671 52.53468361)
8;2018;7;16;3;3;5;3;0;0;1;0;0;0;1;0;POINT (13.48359127 52.43122643)
1;2018;7;13;1;2;6;4;0;0;1;1;0;0;0;0;POINT (13.3628651 52.52448673)
8;2018;7;15;3;2;5;3;0;0;1;0;0;0;0;0;POINT (13.49499887 52.41254383)
5;2018;7;12;5;3;2;6;0;0;1;0;0;0;0;0;POINT (13.22760441 52.52852723)
1;2018;7;15;3;3;5;3;0;0;1;0;0;0;0;0;POINT (13.36287069 52.54654086)
5;2018;7;13;1;2;0;1;0;0;1;0;1;0;0;0;POINT (13.21151615 52.57563199)
7;2018;7;13;1;3;0;1;0;0;0;0;1;0;0;0;POINT (13.4050725 52.42791911)
3;2018;7;15;3;3;6;4;0;0;1;1;0;0;0;0;POINT (13.3988228 52.57059923)
9;2018;7;13;5;3;5;2;0;0;1;0;1;0;0;0;POINT (13.55828658 52.43477843)
5;2018;7;15;3;3;0;1;0;0;1;0;1;0;0;0;POINT (13.20710738 52.53891784)
12;2018;7;12;1;3;1;5;0;0;1;0;0;0;0;0;POINT (13.33219144 52.61018838)
1;2018;7;7;5;3;5;3;0;1;1;0;0;0;0;0;POINT (13.37924518 52.50703046)
4;2018;7;0;1;3;5;3;2;0;1;0;0;0;0;0;POINT (13.33145172 52.50524365)
9;2018;7;15;3;3;2;6;0;1;1;0;0;0;0;0;POINT (13.51187037 52.43152148)
8;2018;7;5;5;3;5;7;0;1;1;0;0;0;0;0;POINT (13.46395894 52.46371977)
6;2018;7;14;3;3;5;3;0;0;1;0;0;0;0;0;POINT (13.28612628 52.44965931)
1;2018;7;2;1;3;0;1;2;1;0;0;0;0;0;0;POINT (13.40094757 52.53009148)
10;2018;7;6;1;3;8;1;0;0;1;0;0;0;0;0;POINT (13.61360471 52.50920317)
8;2018;7;14;3;3;5;2;0;1;1;0;0;0;0;0;POINT (13.43458937 52.44126161)
11;2018;7;13;5;3;5;3;0;0;1;0;1;0;0;0;POINT (13.51089597 52.53952229)
1;2018;7;13;3;3;2;6;0;0;1;0;0;0;0;0;POINT (13.38021127 52.5192794)
2;2018;7;7;1;3;3;6;0;0;1;0;0;0;0;0;POINT (13.39854128 52.50701168)
2;2018;7;13;3;3;5;3;0;1;0;0;0;0;0;0;POINT (13.44278804 52.49896451)
3;2018;7;8;5;3;2;3;0;1;1;0;0;0;0;0;POINT (13.41977737 52.53189851)
5;2018;7;11;3;2;2;6;0;0;1;0;1;0;0;0;POINT (13.20363418 52.58688985)
4;2018;7;13;5;3;2;6;0;0;1;0;0;0;1;0;POINT (13.33035686 52.5053098)
1;2018;7;8;1;3;0;2;0;1;1;0;0;0;0;0;POINT (13.36538087 52.55710831)
5;2018;7;9;5;3;5;2;0;0;1;0;1;0;0;0;POINT (13.22718215 52.54945184)
7;2018;7;8;1;3;5;3;0;0;1;0;0;0;0;0;POINT (13.37558022 52.48067634)
8;2018;7;23;3;3;4;6;2;1;1;0;0;0;0;0;POINT (13.44717925 52.48595894)
1;2018;7;10;5;3;5;2;0;1;0;0;0;1;0;0;POINT (13.35113286 52.50948102)
5;2018;7;23;3;3;5;3;2;0;1;0;1;0;0;0;POINT (13.19288734 52.53211433)
3;2018;7;8;1;3;5;3;0;0;1;0;0;0;0;0;POINT (13.44110163 52.54955338)
1;2018;7;8;1;3;2;7;0;1;0;0;0;0;0;0;POINT (13.39795239 52.51769924)
2;2018;7;10;5;3;5;2;0;0;1;0;0;0;0;0;POINT (13.41326538 52.49180219)
3;2018;7;9;1;3;1;5;0;1;1;0;0;0;0;0;POINT (13.42569996 52.56037928)
7;2018;7;21;3;3;5;3;1;0;1;0;0;0;0;0;POINT (13.37808289 52.40765367)
9;2018;7;13;5;2;5;2;0;0;1;0;0;0;0;0;POINT (13.52677252 52.42883719)
4;2018;7;20;3;3;3;6;1;0;1;0;1;0;0;0;POINT (13.28501417 52.47954298)
1;2018;7;9;1;3;5;2;0;1;1;0;0;0;0;0;POINT (13.39129001 52.53621223)
4;2018;7;9;1;3;3;6;0;1;1;0;0;0;0;0;POINT (13.29551211 52.50677582)
7;2018;7;20;3;3;5;2;0;1;1;0;0;0;0;0;POINT (13.34612899 52.49456359)
1;2018;7;9;5;3;2;6;0;1;0;0;0;0;0;0;POINT (13.35514654 52.52680644)
3;2018;7;19;3;3;1;5;0;1;1;0;0;0;0;0;POINT (13.41634007 52.55369547)
12;2018;7;7;5;3;2;6;0;0;1;0;0;0;0;0;POINT (13.31734722 52.56670501)
7;2018;7;9;1;3;5;2;0;0;1;0;0;1;0;0;POINT (13.37829014 52.43481547)
1;2018;7;6;5;3;5;3;0;1;1;0;0;0;0;0;POINT (13.36668348 52.55728671)
4;2018;7;18;3;2;5;3;0;0;1;0;0;0;0;0;POINT (13.25957889 52.51379522)
12;2018;7;7;5;2;5;2;0;1;1;0;0;0;0;0;POINT (13.35888063 52.59682942)
9;2018;7;8;5;3;5;3;0;1;1;0;0;0;0;0;POINT (13.5390056 52.45098673)
1;2018;7;9;1;3;5;2;0;1;0;0;1;0;0;0;POINT (13.36025674 52.50984266)
2;2018;7;18;3;3;5;3;0;1;1;0;0;0;0;0;POINT (13.42978998 52.49834148)
1;2018;7;9;5;3;0;1;0;1;0;0;0;0;0;0;POINT (13.34262148 52.52504507)
7;2018;7;18;3;3;5;2;0;1;1;0;0;0;0;0;POINT (13.40837315 52.39882828)
5;2018;7;10;1;3;3;6;0;0;1;0;0;0;1;0;POINT (13.19685673 52.53106901)
1;2018;7;10;1;3;2;7;0;0;1;0;0;0;0;0;POINT (13.40321521 52.52727709)
1;2018;7;12;3;3;0;1;0;0;0;0;1;0;0;0;POINT (13.38711274 52.52701925)
9;2018;7;14;5;3;4;7;0;0;1;0;0;0;0;0;POINT (13.66104291 52.41267312)
6;2018;7;10;1;3;5;7;0;0;1;0;1;0;0;0;POINT (13.32070065 52.44385598)
4;2018;7;0;5;3;0;1;2;1;0;0;0;0;0;0;POINT (13.3218307 52.50577765)
4;2018;7;16;4;2;1;5;0;1;1;0;0;0;1;0;POINT (13.31214324 52.47994877)
4;2018;7;22;2;3;5;2;2;1;1;0;0;0;0;0;POINT (13.28038417 52.51833146)
4;2018;7;23;4;3;1;1;2;1;1;0;0;0;0;0;POINT (13.31261819 52.46851271)
4;2018;7;10;1;3;2;6;0;0;1;0;0;0;0;0;POINT (13.33102488 52.49063679)
1;2018;7;21;4;3;0;2;1;1;1;0;0;0;0;0;POINT (13.38853049 52.51871987)
10;2018;7;10;1;2;5;2;0;0;0;0;1;1;0;0;POINT (13.62063589 52.50421791)
3;2018;7;19;2;3;1;5;0;0;1;0;1;0;0;0;POINT (13.4086923 52.57156383)
1;2018;7;15;4;3;1;5;0;1;1;0;0;0;0;0;POINT (13.38432986 52.5509174)
5;2018;7;11;1;3;2;2;0;0;1;0;0;0;0;0;POINT (13.1986507 52.55532566)
7;2018;7;7;4;3;1;5;0;1;1;0;0;0;0;0;POINT (13.33928776 52.46789036)
8;2018;7;11;1;3;5;3;0;0;1;0;0;0;0;0;POINT (13.45385668 52.48244766)
5;2018;7;18;2;3;6;4;0;0;1;1;0;0;0;0;POINT (13.20521162 52.54154639)
7;2018;7;21;4;3;9;1;1;0;1;0;0;0;0;0;POINT (13.34469224 52.49226633)
3;2018;7;18;2;3;9;1;0;0;1;0;0;0;0;0;POINT (13.41251123 52.56640125)
1;2018;7;8;1;3;0;4;0;0;1;1;0;0;0;0;POINT (13.38363395 52.53665177)
5;2018;7;18;2;3;5;7;0;0;1;0;0;1;0;0;POINT (13.23022983 52.54194399)
1;2018;7;22;4;3;2;2;2;1;1;0;0;0;0;0;POINT (13.35982717 52.50417533)
3;2018;7;12;7;3;5;3;0;1;1;0;0;0;0;0;POINT (13.41627537 52.57097468)
7;2018;7;20;4;3;5;2;0;1;1;0;0;0;0;0;POINT (13.36089825 52.49426222)
1;2018;7;16;7;2;0;1;0;1;0;0;0;0;0;0;POINT (13.40336332 52.53216695)
1;2018;7;18;2;3;2;7;0;0;1;0;0;0;1;0;POINT (13.37715786 52.55490075)
1;2018;7;20;4;3;1;5;0;1;1;0;0;0;0;0;POINT (13.37976624 52.52179567)
2;2018;7;17;2;2;5;2;0;1;1;0;0;0;0;0;POINT (13.4415752 52.50119804)
4;2018;7;13;7;2;4;6;0;0;1;0;0;0;0;0;POINT (13.26045604 52.47798604)
2;2018;7;15;7;3;6;7;0;0;1;1;0;0;0;0;POINT (13.45980163 52.51305768)
10;2018;7;16;2;2;2;5;0;0;1;0;1;0;0;0;POINT (13.61498294 52.51762003)
10;2018;7;19;4;2;5;3;0;1;1;0;0;0;0;0;POINT (13.60094266 52.47930559)
7;2018;7;17;7;3;0;7;0;0;0;0;1;0;1;1;POINT (13.38751574 52.43988175)
5;2018;7;16;2;3;2;6;0;0;1;0;0;0;0;0;POINT (13.15211629 52.55363827)
2;2018;7;18;4;3;5;3;0;1;1;0;0;0;0;0;POINT (13.45077928 52.52713809)
8;2018;7;14;7;3;5;2;0;0;1;0;0;0;0;0;POINT (13.45882658 52.4402778)
6;2018;7;15;7;2;1;5;0;1;1;0;0;0;0;0;POINT (13.18497885 52.4243811)
4;2018;7;16;2;3;5;3;0;0;1;0;0;0;0;0;POINT (13.32097795 52.51309087)
4;2018;7;18;4;3;2;6;0;0;1;0;1;0;0;0;POINT (13.32148344 52.51321097)
3;2018;7;16;2;3;1;5;0;1;1;0;0;0;0;0;POINT (13.41622391 52.55442226)
4;2018;7;15;7;3;0;3;0;0;1;0;1;0;0;0;POINT (13.28169338 52.50925126)
7;2018;7;15;2;3;5;2;0;1;1;0;0;0;0;0;POINT (13.36028286 52.41794836)
8;2018;7;19;4;3;2;2;0;0;1;0;1;0;0;0;POINT (13.43663002 52.4799084)
6;2018;7;15;2;3;5;3;0;1;1;0;0;0;0;0;POINT (13.33607976 52.46516819)
12;2018;7;14;7;2;5;3;0;0;1;0;1;0;0;0;POINT (13.31374853 52.62000318)
5;2018;7;17;4;3;5;3;0;0;1;0;0;0;0;0;POINT (13.19766147 52.52034868)
6;2018;7;10;7;2;5;3;0;1;1;0;0;0;0;0;POINT (13.2807226 52.4295189)
4;2018;7;15;2;2;5;2;0;1;1;0;0;0;0;0;POINT (13.27301983 52.51312871)
1;2018;7;17;4;3;2;2;0;0;0;0;1;0;0;0;POINT (13.41535323 52.52062999)
4;2018;7;14;2;3;3;6;0;0;0;0;1;0;1;0;POINT (13.29429708 52.5343395)
1;2018;7;9;7;3;0;4;0;0;0;1;0;0;1;0;POINT (13.41344988 52.52527351)
8;2018;7;12;7;3;2;6;0;1;1;0;0;0;0;0;POINT (13.43653114 52.49076536)
10;2018;8;8;2;3;5;2;0;0;1;0;1;0;0;0;POINT (13.6037597 52.47890886)
1;2018;8;8;4;3;0;3;0;0;1;0;1;0;0;0;POINT (13.36174189 52.55353254)
7;2018;8;8;2;3;5;2;0;1;1;0;0;0;0;0;POINT (13.38907723 52.39836299)
1;2018;8;16;5;3;0;2;0;1;0;0;0;0;1;0;POINT (13.41712022 52.52597061)
7;2018;8;8;2;3;5;2;0;1;1;0;0;0;0;0;POINT (13.4002636 52.48371638)
4;2018;8;17;5;3;5;3;1;1;0;0;0;0;0;0;POINT (13.28983087 52.51528802)
11;2018;8;6;4;3;6;7;0;0;1;1;0;0;0;0;POINT (13.49976085 52.56232717)
1;2018;8;14;5;3;5;2;0;1;1;0;0;0;0;0;POINT (13.34277133 52.52547112)
1;2018;8;18;3;3;5;2;1;0;1;0;0;0;0;0;POINT (13.35302537 52.50235686)
2;2018;8;8;2;3;5;3;0;1;1;0;0;0;0;0;POINT (13.39946197 52.49821356)
8;2018;8;15;5;3;5;2;0;0;1;0;0;0;0;0;POINT (13.49519298 52.4317209)
4;2018;8;8;2;3;5;2;0;1;1;0;0;0;0;0;POINT (13.33458891 52.49598573)
4;2018;8;14;3;3;2;6;0;0;1;0;0;0;0;0;POINT (13.28055356 52.51760536)
7;2018;8;14;3;3;1;7;0;0;1;0;0;0;1;0;POINT (13.35693474 52.49901101)
1;2018;8;14;5;3;5;2;0;1;0;0;0;1;0;0;POINT (13.35872371 52.55415597)
6;2018;8;7;2;3;3;6;0;1;1;0;0;0;0;0;POINT (13.33667325 52.45849024)
3;2018;8;14;5;3;5;2;0;1;1;0;0;0;0;0;POINT (13.44517473 52.5815103)
9;2018;8;12;3;2;6;4;0;0;1;1;0;0;0;0;POINT (13.65642513 52.41525671)
7;2018;8;14;5;3;1;5;0;0;1;0;0;0;1;0;POINT (13.39017755 52.41232206)
4;2018;8;7;2;3;2;6;0;0;1;0;0;0;1;0;POINT (13.32675292 52.5196359)
4;2018;8;11;5;3;2;6;0;0;1;0;0;0;0;0;POINT (13.3126873 52.48021883)
1;2018;8;8;5;3;5;3;0;1;1;0;0;0;0;0;POINT (13.37762969 52.54218614)
4;2018;8;11;3;3;5;5;0;1;1;0;0;0;0;0;POINT (13.31790118 52.49171675)
1;2018;8;7;5;3;5;3;0;1;1;0;0;0;0;0;POINT (13.35753443 52.53601935)
11;2018;8;6;2;2;5;2;0;0;0;0;1;1;0;0;POINT (13.51184807 52.54634384)
5;2018;8;11;5;3;0;2;0;0;1;0;0;0;1;0;POINT (13.19745863 52.53204414)
4;2018;8;9;3;3;5;2;0;0;1;0;0;0;0;0;POINT (13.30058986 52.5171155)
7;2018;8;13;5;3;0;6;0;0;1;0;0;1;0;0;POINT (13.40505013 52.42788052)
7;2018;8;9;3;3;5;3;0;0;1;0;0;0;0;0;POINT (13.34348686 52.47261998)
8;2018;8;1;2;2;6;4;2;0;1;1;0;0;0;0;POINT (13.42881809 52.48668147)
11;2018;8;14;5;3;0;6;0;1;1;0;0;0;0;0;POINT (13.52536974 52.48162704)
6;2018;8;15;7;3;5;2;0;1;0;0;0;0;0;0;POINT (13.30949526 52.46696039)
1;2018;8;17;2;2;0;2;0;0;1;0;1;0;0;0;POINT (13.35202695 52.50522609)
1;2018;8;9;3;2;5;2;0;1;1;0;0;0;0;0;POINT (13.3815697 52.55230936)
1;2018;8;14;7;3;3;6;0;0;1;0;1;0;0;0;POINT (13.35188166 52.50584057)
2;2018;8;8;3;3;2;6;0;1;0;0;0;0;0;0;POINT (13.38693776 52.50474679)
12;2018;8;7;5;3;1;5;0;1;1;0;0;0;0;0;POINT (13.25653119 52.56535601)
3;2018;8;11;2;3;0;3;0;1;1;0;0;0;0;0;POINT (13.38712855 52.589517)
3;2018;8;7;5;3;5;3;0;1;0;0;0;0;0;0;POINT (13.401419 52.55283169)
10;2018;8;7;3;2;5;2;0;0;1;0;1;0;0;0;POINT (13.62171657 52.52473562)
6;2018;8;6;5;3;5;3;0;0;1;0;0;0;0;0;POINT (13.31910282 52.45409481)
1;2018;8;7;3;3;5;2;0;1;1;0;0;0;0;0;POINT (13.37529141 52.51182466)
5;2018;8;17;1;3;5;3;0;1;1;0;0;0;0;0;POINT (13.26308576 52.54030782)
9;2018;8;7;5;2;5;3;0;1;1;0;0;0;0;0;POINT (13.64348027 52.3780059)
12;2018;8;7;3;3;2;3;0;1;0;0;0;0;1;0;POINT (13.31820115 52.56504766)
10;2018;8;21;5;2;3;6;2;1;0;0;0;0;0;0;POINT (13.55403823 52.54165755)
6;2018;8;10;3;3;2;7;0;0;1;0;0;0;0;0;POINT (13.27340798 52.45554973)
2;2018;8;17;1;3;5;2;0;0;1;0;0;0;1;0;POINT (13.42205732 52.49904128)
7;2018;8;21;5;2;6;2;2;0;1;1;0;0;0;0;POINT (13.39256136 52.41268673)
4;2018;8;17;1;3;5;7;0;0;1;0;1;0;0;0;POINT (13.27969713 52.5219102)
3;2018;8;7;3;3;3;6;0;1;0;0;0;0;0;0;POINT (13.44278173 52.60158467)
1;2018;8;14;1;3;1;5;0;1;1;0;0;0;0;0;POINT (13.35131874 52.55217527)
11;2018;8;20;5;3;5;3;0;0;1;0;0;0;1;0;POINT (13.50179783 52.56617967)
12;2018;8;15;1;3;5;2;0;1;1;0;0;0;0;0;POINT (13.3292897 52.56238123)
4;2018;8;10;3;3;0;1;0;0;0;0;1;0;0;0;POINT (13.28557162 52.49461695)
10;2018;8;14;1;3;3;6;0;0;1;0;0;1;0;0;POINT (13.5202868 52.53556861)
3;2018;8;19;5;2;5;2;0;0;1;0;0;0;0;0;POINT (13.44142447 52.53196212)
4;2018;8;0;3;3;0;1;2;0;0;0;1;0;0;0;POINT (13.32311731 52.50208763)
6;2018;8;19;5;3;3;6;0;0;1;0;1;0;0;0;POINT (13.33876195 52.46537362)
1;2018;8;22;3;3;0;1;2;1;0;0;0;0;0;0;POINT (13.39824095 52.532535)
10;2018;8;19;1;3;1;5;0;1;1;0;0;0;0;0;POINT (13.54728369 52.53980922)
6;2018;8;19;5;3;6;4;0;1;0;1;0;0;0;0;POINT (13.30715415 52.42916818)
11;2018;8;7;1;3;3;6;0;1;0;0;0;0;1;0;POINT (13.48031713 52.52086111)
9;2018;8;22;3;2;0;7;2;0;0;0;1;0;0;0;POINT (13.57709756 52.44414269)
1;2018;8;19;3;3;5;2;0;0;1;0;1;0;0;0;POINT (13.38248783 52.5518542)
4;2018;8;11;1;3;1;5;0;1;1;0;0;0;0;0;POINT (13.31465734 52.50631691)
3;2018;8;18;5;3;1;5;0;1;0;0;0;0;1;0;POINT (13.45691415 52.52860145)
12;2018;8;12;1;3;5;3;0;1;1;0;0;0;0;0;POINT (13.36253957 52.5609547)
4;2018;8;18;3;3;5;2;0;0;1;0;0;0;0;0;POINT (13.30794137 52.48852968)
12;2018;8;10;1;3;6;4;0;0;1;1;0;0;0;0;POINT (13.35868057 52.61226863)
8;2018;8;16;5;3;6;7;0;1;0;1;0;0;0;0;POINT (13.43846654 52.48575262)
4;2018;8;9;1;3;5;2;0;0;1;0;1;0;0;0;POINT (13.33077241 52.5140491)
4;2018;8;18;3;2;5;7;0;0;1;0;1;0;0;0;POINT (13.28088892 52.47826449)
10;2018;8;17;5;3;2;2;0;0;1;0;0;0;0;0;POINT (13.61249603 52.51088537)
2;2018;8;18;3;3;5;2;0;1;1;0;0;0;0;0;POINT (13.43288046 52.51781772)
12;2018;8;9;1;3;2;6;0;0;1;0;1;0;0;0;POINT (13.33495937 52.60318736)
12;2018;8;16;5;3;5;2;0;1;1;0;0;0;0;0;POINT (13.3518478 52.60253489)
2;2018;8;19;1;3;5;3;0;1;1;0;0;0;0;0;POINT (13.41950109 52.48756111)
2;2018;8;18;3;3;5;3;0;1;1;0;0;0;0;0;POINT (13.4102775 52.50378887)