bez;ujahr;umonat;ustunde;uwochentag;ukategorie;uart;utyp1;ulichtverh;istrad;istpkw;istfuss;istkrad;istgkfz;istsonstige;ustrzustand;geometry
4;2018;8;17;3;3;5;2;0;0;1;0;0;0;0;0;POINT (13.30694121 52.48486775)
3;2018;8;16;5;2;6;4;0;0;0;1;0;0;1;0;POINT (13.42872176 52.55192532)
6;2018;8;16;3;3;5;2;0;1;1;0;0;0;0;0;POINT (13.32687646 52.45492029)
1;2018;8;8;1;3;5;7;0;1;1;0;0;0;0;0;POINT (13.38248257 52.51319679)
4;2018;8;16;5;3;5;3;0;1;1;0;0;0;0;0;POINT (13.24970907 52.51557823)
1;2018;8;8;1;3;4;6;0;1;0;0;0;0;0;0;POINT (13.35005906 52.51377961)
2;2018;8;15;3;3;5;2;0;0;1;0;0;0;0;0;POINT (13.42968803 52.52328029)
3;2018;8;15;3;3;5;7;0;1;1;0;0;0;0;0;POINT (13.45068818 52.5458305)
7;2018;8;8;1;3;2;6;0;0;1;0;0;0;0;0;POINT (13.34578295 52.49436229)
2;2018;8;16;5;3;5;2;0;0;1;0;0;0;0;0;POINT (13.40649774 52.49832619)
2;2018;8;8;1;3;5;2;0;1;0;0;0;0;1;0;POINT (13.44060976 52.51701809)
12;2018;8;12;7;2;5;3;0;1;0;0;0;0;0;0;POINT (13.2545063 52.56179985)
7;2018;8;15;3;3;2;6;0;0;1;0;0;0;1;0;POINT (13.34490953 52.48962949)
2;2018;8;8;1;3;5;2;0;1;1;0;0;0;0;0;POINT (13.45095265 52.52718508)
4;2018;8;18;5;2;0;7;0;1;0;0;0;0;0;0;POINT (13.32273324 52.48879675)
1;2018;8;16;1;3;1;5;0;1;0;0;0;0;1;0;POINT (13.41171436 52.51591335)
1;2018;8;7;4;2;0;1;0;1;0;0;0;0;0;0;POINT (13.40441979 52.53325386)
4;2018;8;14;3;3;2;6;0;0;1;0;0;0;1;0;POINT (13.30613591 52.51747176)
1;2018;8;22;4;3;0;2;2;0;1;0;0;0;1;0;POINT (13.410185 52.52255552)
7;2018;8;14;3;2;0;7;0;0;1;0;1;0;0;0;POINT (13.36803583 52.49321973)
1;2018;8;15;1;3;5;2;0;1;1;0;0;1;0;0;POINT (13.39900722 52.50823134)
9;2018;8;21;4;3;6;2;2;0;1;1;0;0;0;0;POINT (13.59251634 52.43853502)
9;2018;8;15;7;2;9;1;0;0;0;0;1;0;0;0;POINT (13.52612765 52.45616415)
10;2018;8;7;1;3;2;6;0;0;1;0;0;0;1;0;POINT (13.61393528 52.51650371)
3;2018;8;14;3;3;5;3;0;1;1;0;0;0;0;0;POINT (13.44834461 52.56467404)
4;2018;8;11;7;3;5;2;0;1;1;0;0;0;0;0;POINT (13.30207854 52.48847515)
11;2018;7;21;2;3;6;4;2;0;0;1;1;0;0;0;POINT (13.51021878 52.55043055)
9;2018;8;20;1;3;6;2;1;0;1;1;0;0;0;0;POINT (13.56293648 52.44582741)
8;2018;8;20;4;3;2;6;1;0;1;0;1;0;0;0;POINT (13.43566704 52.42466853)
1;2018;7;21;2;3;1;1;0;1;1;0;0;0;0;0;POINT (13.34396642 52.53162198)
6;2018;7;8;2;3;5;3;0;1;1;0;0;0;0;0;POINT (13.27112923 52.4229841)
7;2018;8;12;1;3;5;2;0;0;1;0;0;0;0;0;POINT (13.37803108 52.46638874)
8;2018;8;20;4;3;6;4;0;0;1;1;0;0;0;0;POINT (13.47848013 52.42171431)
1;2018;8;11;1;3;5;2;0;0;1;0;0;0;0;0;POINT (13.39220495 52.55506091)
1;2018;8;18;4;3;3;6;0;1;0;0;0;0;0;0;POINT (13.33982319 52.55743071)
7;2018;7;18;2;3;5;3;0;1;1;0;0;0;0;0;POINT (13.37811286 52.40767021)
11;2018;8;18;4;3;2;6;0;0;1;0;0;0;0;0;POINT (13.54958314 52.56879056)
7;2018;8;6;1;3;0;2;0;0;0;0;0;0;1;0;POINT (13.37713945 52.43740648)
1;2018;8;18;4;2;5;7;0;0;1;0;1;0;0;0;POINT (13.40089705 52.53015246)
2;2018;8;15;4;3;5;3;0;1;1;0;0;0;0;0;POINT (13.39600849 52.49795415)
10;2018;7;13;2;3;2;6;0;0;1;0;0;0;0;0;POINT (13.51686612 52.53578892)
9;2018;8;16;1;3;2;6;0;0;1;0;0;0;0;0;POINT (13.62868053 52.46904739)
4;2018;8;15;4;3;2;6;0;0;1;0;0;0;0;0;POINT (13.30923634 52.51666548)
1;2018;8;15;7;3;0;3;0;1;0;0;0;0;0;0;POINT (13.34651176 52.52492939)
10;2018;8;16;1;3;5;3;0;0;1;0;0;0;0;0;POINT (13.57384338 52.49165859)
12;2018;7;10;2;3;6;7;0;0;0;1;0;0;1;0;POINT (13.32926244 52.6094313)
2;2018;7;19;2;3;0;2;0;1;0;0;1;0;0;0;POINT (13.4406784 52.51724972)
11;2018;8;14;4;2;5;2;0;0;1;0;0;0;0;0;POINT (13.48942512 52.50370367)
4;2018;8;6;1;2;5;3;0;0;1;0;1;0;0;0;POINT (13.26696226 52.51963672)
9;2018;8;14;4;2;0;4;0;0;1;1;0;0;0;0;POINT (13.57663675 52.45511484)
1;2018;7;10;2;3;0;1;0;1;0;0;0;0;0;0;POINT (13.39526575 52.52438522)
2;2018;8;12;4;3;1;5;0;1;1;0;0;0;0;0;POINT (13.41500081 52.50382711)
1;2018;7;10;2;3;2;6;0;0;1;0;0;0;0;0;POINT (13.34565321 52.54732995)
1;2018;8;17;1;2;2;6;0;0;1;1;0;0;0;0;POINT (13.35125568 52.52436145)
7;2018;8;13;4;3;5;2;0;1;1;0;0;0;0;0;POINT (13.35097235 52.48620239)
1;2018;7;17;2;3;5;2;0;1;0;0;0;0;1;0;POINT (13.40249248 52.53849953)
6;2018;8;13;4;3;0;1;0;1;0;0;0;0;0;0;POINT (13.33089739 52.41993099)
11;2018;8;15;1;2;5;3;0;1;1;0;0;0;0;0;POINT (13.50762215 52.51071122)
7;2018;8;13;4;3;0;7;0;0;1;0;0;0;0;0;POINT (13.34453261 52.47691545)
12;2018;7;9;2;2;3;6;0;1;0;0;0;0;0;0;POINT (13.32937661 52.56336378)
10;2018;8;2;4;2;5;3;2;0;1;0;0;0;0;0;POINT (13.55802587 52.52959916)
1;2018;8;10;1;2;5;3;0;0;1;0;1;0;0;0;POINT (13.38904179 52.51569719)
12;2018;8;12;4;3;5;2;0;0;1;0;0;1;0;0;POINT (13.35216233 52.5800164)
4;2018;8;9;1;2;6;4;0;0;0;1;1;0;0;0;POINT (13.29994013 52.49858997)
9;2018;7;20;2;3;0;2;1;0;1;0;1;0;0;0;POINT (13.58237718 52.44264892)
1;2018;8;18;1;2;5;3;0;0;1;0;1;0;0;0;POINT (13.37836851 52.56091078)
4;2018;8;11;4;3;0;2;0;1;1;0;0;0;0;0;POINT (13.27936398 52.52381573)
7;2018;7;20;2;2;5;3;0;1;1;0;0;0;0;0;POINT (13.33113777 52.46727099)
8;2018;8;11;4;3;5;3;0;1;1;0;0;0;0;0;POINT (13.47817262 52.41774986)
1;2018;7;9;2;3;2;6;0;0;1;0;1;0;0;0;POINT (13.38119978 52.51566951)
8;2018;8;21;1;3;1;5;2;1;1;0;0;0;0;0;POINT (13.49616217 52.41734286)
11;2018;8;11;4;3;0;3;0;0;1;0;1;0;0;0;POINT (13.52259017 52.56083622)
8;2018;8;3;1;3;2;6;2;0;0;0;0;0;1;0;POINT (13.45014366 52.48172977)
1;2018;7;20;2;3;5;2;0;0;1;0;0;0;0;0;POINT (13.34943268 52.54223306)
12;2018;8;10;7;3;5;3;0;0;1;0;0;0;0;0;POINT (13.30706763 52.55506409)
4;2018;7;9;2;3;2;7;0;1;1;0;0;0;0;0;POINT (13.29976966 52.47126715)
1;2018;8;21;7;3;5;3;1;1;0;0;0;0;0;0;POINT (13.33762803 52.51986005)
12;2018;8;10;4;3;5;3;0;0;1;0;0;0;0;0;POINT (13.27568023 52.63031534)
7;2018;8;21;7;3;5;3;1;1;1;0;0;0;0;0;POINT (13.36090801 52.49132435)
10;2018;7;18;2;3;2;6;0;0;1;0;0;0;1;0;POINT (13.51908442 52.5326193)
2;2018;7;8;2;3;5;2;0;1;1;0;0;0;0;0;POINT (13.41624935 52.49091866)
6;2018;8;19;7;3;1;5;0;1;1;0;0;0;0;0;POINT (13.35116554 52.44947102)
4;2018;8;10;4;3;2;6;0;0;1;0;0;0;0;0;POINT (13.33066811 52.49337892)
7;2018;8;18;7;2;1;1;0;0;1;0;1;0;0;0;POINT (13.40320243 52.44798162)
7;2018;7;7;2;3;0;6;0;0;1;0;0;0;1;0;POINT (13.36589237 52.49391856)
12;2018;8;18;7;3;2;6;0;0;1;0;0;0;0;0;POINT (13.36126139 52.5705272)
1;2018;8;9;4;3;3;6;0;1;0;0;0;0;0;0;POINT (13.38178262 52.55262298)
5;2018;8;16;7;3;3;6;0;0;1;0;1;0;0;0;POINT (13.16144689 52.54583428)
1;2018;7;18;2;3;2;6;0;0;1;0;0;0;0;0;POINT (13.38157572 52.5559423)
1;2018;8;7;4;3;2;2;0;0;1;0;1;0;0;0;POINT (13.3332013 52.56102638)
7;2018;7;18;2;3;5;2;0;1;1;0;0;0;0;0;POINT (13.37673734 52.46155677)
2;2018;8;16;7;2;5;7;0;0;1;0;1;0;0;0;POINT (13.40814435 52.4888977)
8;2018;8;6;4;3;5;2;0;0;0;0;1;1;0;0;POINT (13.43287638 52.46470272)
1;2018;8;14;7;2;3;6;0;1;0;0;0;0;0;0;POINT (13.41305203 52.50660043)
6;2018;7;17;2;2;3;6;0;1;0;0;0;0;1;0;POINT (13.32434307 52.46056755)
11;2018;8;10;7;3;4;6;0;1;0;0;0;0;0;0;POINT (13.56508415 52.572549)
3;2018;7;17;2;3;5;2;0;1;1;0;0;0;0;0;POINT (13.42870519 52.57794361)
2;2018;8;15;7;3;5;2;0;0;1;0;1;0;0;0;POINT (13.37950933 52.50661544)
1;2018;8;5;4;3;1;1;0;0;1;0;0;0;0;0;POINT (13.35971435 52.54416236)
10;2018;8;14;7;3;5;3;0;1;1;0;0;0;0;0;POINT (13.60113012 52.53684342)
1;2018;8;11;7;3;5;3;0;0;1;0;0;0;0;0;POINT (13.39261844 52.54251368)
10;2018;7;6;2;3;6;4;0;0;1;1;0;0;0;0;POINT (13.61985527 52.53926275)
5;2018;8;7;4;2;5;2;0;0;1;0;0;0;0;0;POINT (13.24999792 52.53785647)
11;2018;8;13;7;3;0;7;0;0;1;0;1;0;0;1;POINT (13.49125681 52.52654762)
4;2018;8;6;4;3;5;2;0;1;1;0;0;0;0;0;POINT (13.29496891 52.5067738)
10;2018;7;16;2;3;0;7;0;0;1;0;0;0;1;0;POINT (13.61293174 52.50036197)
11;2018;8;8;7;2;2;6;0;0;1;0;0;0;0;0;POINT (13.50595224 52.5347341)
1;2018;8;8;4;3;2;6;0;1;1;0;0;0;0;0;POINT (13.38230648 52.53116929)
11;2018;7;16;2;3;5;3;0;0;1;0;0;0;0;0;POINT (13.50198606 52.50699858)
8;2018;8;12;7;3;5;3;0;1;0;0;0;0;0;0;POINT (13.45141606 52.47340777)
12;2018;8;0;7;2;0;7;2;0;0;0;0;0;1;0;POINT (13.31377665 52.58894799)
4;2018;8;9;4;3;5;3;0;0;1;0;0;0;1;0;POINT (13.31983846 52.46880703)
9;2018;8;22;7;2;3;6;2;1;1;0;0;0;0;0;POINT (13.73124634 52.43010144)
12;2018;7;16;2;3;2;6;0;0;1;0;0;0;1;0;POINT (13.37885149 52.56773952)
2;2018;8;10;4;3;4;6;0;0;1;0;0;0;1;0;POINT (13.44306123 52.51797113)
2;2018;7;16;2;3;1;5;0;1;1;0;0;0;0;0;POINT (13.40590803 52.49747951)
2;2018;8;4;6;3;0;1;2;0;0;0;1;0;0;0;POINT (13.44970494 52.5075986)
7;2018;8;8;4;2;0;1;0;0;0;0;1;0;0;0;POINT (13.33911241 52.48145847)
10;2018;8;22;6;3;5;3;2;0;1;0;1;0;0;0;POINT (13.60131385 52.53583594)
11;2018;7;15;2;3;5;3;0;0;1;0;1;0;0;0;POINT (13.51787828 52.57484515)
2;2018;8;8;7;3;3;6;0;0;1;0;0;0;0;0;POINT (13.40291019 52.4940299)
7;2018;7;14;2;3;6;4;0;0;1;1;0;0;0;0;POINT (13.36118832 52.49589002)
1;2018;8;17;6;3;2;6;0;0;1;0;0;0;1;0;POINT (13.36042743 52.50983844)
11;2018;8;6;4;3;0;1;0;1;0;0;0;0;0;0;POINT (13.47967139 52.52662756)
6;2018;8;16;6;2;0;4;0;0;0;1;1;0;0;0;POINT (13.32294035 52.45644355)
4;2018;8;16;4;3;5;2;0;1;1;0;0;0;0;0;POINT (13.3310244 52.49077345)
3;2018;7;14;2;3;2;2;0;0;1;0;0;0;1;0;POINT (13.42882115 52.57920635)
6;2018;8;23;4;3;0;6;2;1;1;0;0;0;0;1;POINT (13.35232757 52.44096773)
1;2018;8;15;6;3;5;2;0;1;1;0;0;0;0;0;POINT (13.36019274 52.5372569)
4;2018;8;13;4;3;5;3;0;1;1;0;0;0;0;0;POINT (13.2963857 52.48574171)
1;2018;8;19;6;3;5;3;0;0;1;0;0;0;0;0;POINT (13.37961182 52.52266897)
1;2018;8;15;3;3;2;6;0;0;1;0;0;0;0;0;POINT (13.39614798 52.53808279)
4;2018;7;13;2;3;2;6;0;1;1;0;0;0;0;0;POINT (13.32496549 52.50050611)
1;2018;8;13;6;3;5;2;0;1;1;0;0;0;0;0;POINT (13.38083762 52.5163662)
12;2018;8;20;3;2;5;2;1;0;1;0;0;0;0;0;POINT (13.36453268 52.56268895)
5;2018;8;12;6;3;5;3;0;1;1;0;0;0;0;0;POINT (13.20987429 52.54661562)
12;2018;8;13;6;3;5;3;0;1;1;0;0;0;0;0;POINT (13.36578618 52.56318641)
7;2018;7;6;2;3;6;7;0;1;0;1;0;0;0;0;POINT (13.38201035 52.46306044)
8;2018;8;12;6;3;5;3;0;0;1;0;0;0;1;0;POINT (13.45453694 52.47442897)
12;2018;8;20;3;2;6;4;0;0;0;1;0;0;1;0;POINT (13.36732086 52.56311609)
1;2018;8;18;3;3;5;3;0;1;0;0;0;0;0;0;POINT (13.4219402 52.50512531)
11;2018;8;12;6;3;0;6;0;0;1;0;1;0;0;0;POINT (13.51064321 52.55051822)
11;2018;7;12;2;3;2;2;0;1;1;0;0;0;0;0;POINT (13.48595856 52.52037305)
11;2018;7;11;2;3;5;3;0;1;1;0;0;0;0;0;POINT (13.52802814 52.56765263)
1;2018;8;18;3;3;2;6;0;0;1;0;0;0;0;0;POINT (13.3299792 52.5228934)
1;2018;8;11;6;3;5;2;0;0;1;0;0;0;0;0;POINT (13.34329651 52.53179947)
1;2018;8;6;3;3;2;6;0;1;1;0;0;0;0;0;POINT (13.38792003 52.52618158)
9;2018;7;10;2;3;0;2;0;1;1;0;0;0;0;0;POINT (13.57810925 52.42024773)
5;2018;8;18;3;3;5;3;0;0;1;0;0;0;0;0;POINT (13.1780814 52.54877324)
4;2018;7;20;2;3;0;7;1;1;0;0;0;0;0;0;POINT (13.29314899 52.53454823)
7;2018;8;10;6;3;5;2;0;1;1;0;0;0;0;0;POINT (13.37641953 52.49155739)
1;2018;8;17;3;3;5;2;0;1;1;0;0;0;0;0;POINT (13.39018086 52.53542782)
12;2018;7;14;2;3;0;2;0;0;1;0;0;0;1;0;POINT (13.31625925 52.57861963)
4;2018;8;17;3;3;5;2;0;1;1;0;0;0;0;0;POINT (13.28720999 52.49584116)
11;2018;7;13;2;3;2;6;0;0;1;0;0;0;0;0;POINT (13.49593208 52.53412109)
12;2018;8;10;6;2;5;3;0;0;1;0;0;0;1;0;POINT (13.23289713 52.6052464)
6;2018;8;17;3;3;5;2;0;1;1;0;0;0;0;0;POINT (13.32524297 52.45557537)
6;2018;8;10;6;3;5;2;0;0;1;0;0;0;0;0;POINT (13.33787893 52.45102312)
4;2018;7;7;2;3;5;3;0;0;1;0;0;0;1;0;POINT (13.29875679 52.50792137)
4;2018;8;9;6;2;3;6;0;0;1;0;1;0;0;0;POINT (13.28152771 52.51840218)
10;2018;8;17;3;3;0;3;0;0;1;0;0;0;1;0;POINT (13.57384635 52.4916638)
8;2018;8;22;6;2;0;7;2;1;0;0;0;0;0;0;POINT (13.44856183 52.47760799)
10;2018;7;14;1;3;2;6;0;0;1;0;0;0;0;0;POINT (13.57153919 52.5457218)
3;2018;8;10;3;2;6;2;0;0;1;0;0;0;1;0;POINT (13.42630568 52.54862695)
9;2018;7;18;1;3;4;6;0;1;0;0;0;0;0;0;POINT (13.67818476 52.42538162)
2;2018;8;5;6;2;5;2;0;1;1;0;0;0;0;0;POINT (13.4416801 52.50122787)
6;2018;8;16;3;3;5;2;0;0;1;0;1;0;0;0;POINT (13.27339222 52.41657467)
7;2018;7;18;1;3;6;7;0;0;1;1;0;0;0;0;POINT (13.34425195 52.50299406)
7;2018;8;16;3;3;2;6;0;0;1;0;1;0;0;0;POINT (13.39401249 52.41106972)
7;2018;7;8;1;3;3;6;0;1;0;0;0;0;0;0;POINT (13.40086256 52.4836467)
3;2018;8;19;5;3;6;2;0;0;1;1;0;0;0;0;POINT (13.4641396 52.54597424)
3;2018;8;15;3;3;1;5;0;0;1;0;1;0;0;0;POINT (13.43065473 52.53250016)
4;2018;8;19;5;3;2;6;0;0;1;0;0;0;0;0;POINT (13.30168686 52.50999957)
10;2018;7;16;1;2;5;2;0;0;1;0;1;0;0;0;POINT (13.56562399 52.57043808)
4;2018;7;16;1;3;5;2;0;1;0;0;1;0;0;0;POINT (13.3316004 52.51338303)
1;2018;8;17;5;3;3;6;0;1;1;0;0;0;0;0;POINT (13.39302053 52.52524801)
3;2018;8;15;3;3;5;3;0;0;1;0;0;0;0;0;POINT (13.39833109 52.5923905)
1;2018;8;16;5;3;5;2;0;1;1;0;0;0;0;0;POINT (13.39264921 52.56414275)
1;2018;7;16;1;2;0;4;0;0;0;1;1;0;0;0;POINT (13.38843219 52.51984456)
4;2018;8;16;5;3;5;7;0;0;1;0;1;0;0;0;POINT (13.31532226 52.48954848)
11;2018;8;15;3;3;5;2;0;0;1;0;0;0;0;0;POINT (13.50872152 52.49025015)
9;2018;8;17;5;3;5;3;0;1;1;0;0;0;0;0;POINT (13.56556381 52.43810431)
2;2018;7;16;1;3;4;1;0;1;1;0;0;0;0;0;POINT (13.45265649 52.51057515)
4;2018;8;12;3;3;5;2;0;1;1;0;0;0;0;0;POINT (13.31345539 52.51516545)
3;2018;7;15;1;2;5;3;0;0;1;0;0;0;0;0;POINT (13.42419424 52.55283894)
9;2018;8;15;5;3;5;3;0;0;1;0;0;0;0;0;POINT (13.63684746 52.45071761)
1;2018;8;11;3;3;5;3;0;1;1;0;0;0;0;0;POINT (13.40987361 52.52902504)
4;2018;8;16;5;3;5;3;0;0;1;0;1;0;0;0;POINT (13.31983797 52.46880704)
7;2018;7;15;1;3;5;7;0;0;1;0;1;0;0;0;POINT (13.3954884 52.44527126)
7;2018;7;15;1;3;2;6;0;0;1;0;0;0;1;0;POINT (13.37408271 52.46866923)
11;2018;8;19;5;3;4;6;0;0;1;0;0;0;0;0;POINT (13.49049179 52.50955875)
7;2018;8;11;3;3;5;2;0;0;1;0;1;0;0;0;POINT (13.39839414 52.41954102)
12;2018;8;19;5;3;0;1;0;0;1;0;1;0;0;0;POINT (13.34973532 52.57161268)
11;2018;8;10;3;3;5;2;0;1;1;0;0;0;0;0;POINT (13.47131083 52.50516938)
3;2018;8;20;5;3;5;3;1;1;0;0;1;0;0;0;POINT (13.44738657 52.53062324)
7;2018;7;15;1;3;2;6;0;0;1;0;0;0;0;0;POINT (13.3855146 52.46482072)
3;2018;8;18;6;3;2;7;0;0;1;0;0;0;0;0;POINT (13.3978526 52.56735754)
9;2018;7;17;1;2;4;6;0;1;0;0;0;0;0;0;POINT (13.57443262 52.44433848)
7;2018;8;17;5;3;1;5;0;0;1;0;1;0;0;0;POINT (13.35864053 52.49439326)
6;2018;8;9;3;3;5;3;0;0;1;0;0;0;0;0;POINT (13.26589212 52.41590557)
5;2018;8;21;5;3;5;3;1;0;1;0;1;0;0;0;POINT (13.16126888 52.54837887)
10;2018;7;15;1;3;5;2;0;0;1;0;0;0;0;0;POINT (13.56560021 52.57044598)
11;2018;8;13;5;3;5;2;0;1;1;0;0;0;0;0;POINT (13.50355375 52.5097282)
3;2018;8;13;3;2;5;2;0;0;1;0;0;0;0;0;POINT (13.42908367 52.55632717)
12;2018;8;17;5;3;2;2;0;0;1;0;0;0;0;0;POINT (13.32777346 52.56410875)
2;2018;8;13;3;3;0;5;0;0;1;0;0;0;1;0;POINT (13.43120559 52.50608065)
1;2018;7;15;1;3;2;6;0;0;1;0;0;0;0;0;POINT (13.3506899 52.51258784)
8;2018;8;11;6;3;1;5;0;1;1;0;0;0;0;0;POINT (13.44827947 52.48774095)
7;2018;8;13;3;3;6;2;0;0;1;1;0;0;0;0;POINT (13.34490401 52.4889223)
5;2018;7;14;1;3;5;3;0;0;1;0;0;0;0;0;POINT (13.25329838 52.537621)
2;2018;8;20;5;3;0;7;1;0;1;0;1;0;0;1;POINT (13.47537663 52.51182321)
2;2018;8;13;3;3;5;3;0;0;0;0;1;0;0;0;POINT (13.4402259 52.50207112)
11;2018;8;20;5;3;3;6;0;0;1;0;0;0;0;0;POINT (13.5245476 52.49561237)
11;2018;7;14;1;3;2;6;0;0;1;0;0;0;0;0;POINT (13.48256189 52.53335591)
2;2018;8;16;6;3;1;5;0;1;0;0;0;0;1;0;POINT (13.45590887 52.50996435)
4;2018;8;15;7;3;2;6;0;0;1;0;1;0;0;0;POINT (13.31906171 52.47167347)
2;2018;7;14;1;3;6;3;0;0;0;1;0;0;1;0;POINT (13.4407763 52.52443003)
4;2018;8;17;5;3;0;1;0;0;0;0;1;0;0;0;POINT (13.2932128 52.53423478)
8;2018;8;14;3;3;3;5;0;1;0;0;0;0;1;0;POINT (13.4369477 52.48112405)
11;2018;8;15;5;3;6;2;0;0;1;1;0;0;0;0;POINT (13.47125662 52.50506182)
6;2018;8;9;3;3;3;6;0;1;0;0;0;1;0;0;POINT (13.31302446 52.4349093)
12;2018;7;13;1;3;5;3;0;0;1;0;1;0;0;0;POINT (13.29399568 52.57729156)
11;2018;8;8;3;3;6;4;0;1;0;1;0;0;0;0;POINT (13.46806282 52.52829623)
4;2018;8;13;5;3;2;6;0;0;1;0;0;0;0;0;POINT (13.24904248 52.52395688)
5;2018;8;14;3;3;5;3;0;1;1;0;0;0;0;0;POINT (13.19591031 52.55505349)
4;2018;7;13;1;2;5;7;0;0;1;0;1;0;0;0;POINT (13.29867838 52.50684596)
8;2018;8;22;6;2;5;7;2;0;1;0;1;0;0;0;POINT (13.42480672 52.48356089)
3;2018;7;13;1;3;5;7;0;0;1;0;1;0;0;0;POINT (13.43607862 52.52948585)
2;2018;8;7;3;2;5;2;0;0;0;0;1;0;1;0;POINT (13.4408906 52.51329348)
1;2018;8;15;5;3;0;2;0;0;1;0;0;0;1;0;POINT (13.36756918 52.52577748)
8;2018;8;6;3;2;3;6;0;0;1;0;1;0;0;0;POINT (13.46532627 52.42951161)
1;2018;7;15;1;3;2;6;0;0;1;0;0;0;0;0;POINT (13.34770142 52.54111896)
6;2018;8;17;6;2;5;3;0;0;1;0;1;0;0;0;POINT (13.19173449 52.4336605)
7;2018;8;8;3;3;6;2;0;0;1;1;0;0;0;0;POINT (13.33743482 52.46720104)
4;2018;7;23;1;3;3;6;2;0;1;0;0;0;1;0;POINT (13.33069934 52.50706931)
6;2018;8;13;5;2;5;2;0;1;1;0;0;0;0;0;POINT (13.28402414 52.44570844)
2;2018;8;4;3;3;6;4;0;0;1;1;1;0;0;0;POINT (13.3942096 52.50694956)
8;2018;8;12;5;2;5;3;0;0;1;0;1;0;0;0;POINT (13.43675441 52.4570527)
2;2018;7;20;1;3;5;3;1;1;1;0;0;0;0;0;POINT (13.46147642 52.51204626)
1;2018;8;16;6;2;0;7;0;1;0;0;0;0;0;0;POINT (13.36341536 52.50549377)
2;2018;7;20;1;3;1;5;0;0;1;0;1;0;0;0;POINT (13.39080601 52.50495138)
12;2018;8;10;3;2;5;2;0;1;1;0;0;0;0;0;POINT (13.24497983 52.61435509)
4;2018;8;12;5;3;2;6;0;0;1;0;0;0;0;0;POINT (13.3263199 52.53784885)
6;2018;8;12;3;3;0;1;0;0;0;0;1;0;0;0;POINT (13.3496484 52.44964678)
1;2018;7;19;1;3;5;3;0;1;1;0;0;0;0;0;POINT (13.37929592 52.50703345)
12;2018;8;8;3;2;0;7;0;0;0;0;0;1;0;0;POINT (13.31991852 52.60704959)
1;2018;7;19;1;3;4;2;0;1;1;0;0;0;0;0;POINT (13.38678032 52.52253662)
2;2018;8;12;5;3;5;3;0;1;0;0;0;0;0;0;POINT (13.46893244 52.50477468)
3;2018;8;1;3;2;0;1;2;1;0;0;0;0;0;0;POINT (13.4271739 52.57187839)
1;2018;7;18;1;3;2;6;0;0;1;0;1;0;0;0;POINT (13.41647395 52.52682197)
4;2018;8;14;6;3;2;2;0;0;1;0;0;0;0;0;POINT (13.2918763 52.49722087)
1;2018;7;14;1;3;5;2;0;1;0;0;0;1;0;0;POINT (13.41672333 52.52186378)
11;2018;8;11;5;3;5;3;0;1;1;0;0;0;0;0;POINT (13.48999118 52.49339702)
11;2018;8;15;3;2;0;1;0;1;0;0;0;0;0;0;POINT (13.48504245 52.51553533)
10;2018;8;10;5;2;5;2;0;0;1;0;1;0;0;0;POINT (13.58365541 52.51500942)
4;2018;8;12;6;3;0;7;0;1;1;0;0;0;0;0;POINT (13.29820108 52.52425023)
5;2018;8;11;3;3;2;6;0;1;0;0;0;0;1;0;POINT (13.20995054 52.55059862)
6;2018;7;12;1;3;5;2;0;1;0;0;0;0;1;0;POINT (13.27673409 52.41298875)
6;2018;8;10;5;3;5;3;0;1;1;0;0;0;0;0;POINT (13.21650194 52.43618918)
8;2018;8;10;3;2;0;7;0;1;0;0;0;0;0;0;POINT (13.4600012 52.44088519)
2;2018;8;9;5;2;6;7;0;0;0;1;0;0;1;0;POINT (13.40371402 52.5033838)
3;2018;8;10;6;3;5;3;0;1;1;0;0;0;0;0;POINT (13.4143833 52.55360275)
12;2018;7;12;1;3;4;6;0;1;0;0;0;0;0;0;POINT (13.29481066 52.57648386)
8;2018;8;7;5;3;2;6;0;1;0;0;0;1;0;0;POINT (13.42963975 52.47029626)
4;2018;8;9;3;1;3;2;0;1;0;0;0;1;0;0;POINT (13.2658174 52.48332355)
4;2018;7;11;1;3;5;7;0;1;1;0;0;0;0;0;POINT (13.33310288 52.48748906)
7;2018;8;13;2;3;2;6;0;0;1;0;0;0;0;0;POINT (13.37838541 52.40731658)
6;2018;7;11;1;3;2;2;0;0;1;0;0;0;0;0;POINT (13.27897764 52.43086575)
5;2018;8;13;5;3;0;1;0;0;0;0;1;0;0;0;POINT (13.24699961 52.54415424)
3;2018;8;21;2;3;0;2;1;1;1;0;0;0;0;0;POINT (13.48010966 52.55327037)
1;2018;8;8;5;2;3;6;0;1;0;0;0;0;1;0;POINT (13.40626422 52.53522579)
5;2018;7;10;1;2;6;2;0;0;1;1;0;0;0;0;POINT (13.2086572 52.56159175)
5;2018;8;8;6;3;5;3;0;0;1;0;0;0;0;0;POINT (13.19639841 52.55813076)
12;2018;7;11;1;3;2;2;0;0;1;0;0;0;0;0;POINT (13.31506339 52.57657475)
9;2018;8;20;5;3;6;4;0;0;1;1;0;0;0;0;POINT (13.54864215 52.43810901)
10;2018;8;15;2;3;5;2;0;1;1;0;0;0;0;0;POINT (13.55572593 52.54834272)