bez;ujahr;umonat;ustunde;uwochentag;ukategorie;uart;utyp1;ulichtverh;istrad;istpkw;istfuss;istkrad;istgkfz;istsonstige;ustrzustand;geometry
12;2018;8;6;5;3;1;5;0;0;1;0;0;0;0;0;POINT (13.30970649 52.62185665)
1;2018;7;10;1;3;5;3;0;0;1;0;1;0;0;0;POINT (13.40277757 52.52346477)
11;2018;8;5;5;3;0;1;1;1;1;0;0;0;0;0;POINT (13.49776579 52.51247522)
2;2018;8;19;2;3;5;2;0;1;1;0;0;0;0;0;POINT (13.3879706 52.492986)
9;2018;8;23;5;3;3;6;2;0;1;0;0;0;0;0;POINT (13.69453645 52.3715986)
6;2018;7;9;1;3;0;2;0;0;0;0;0;0;1;0;POINT (13.3098472 52.43136502)
7;2018;7;9;1;3;5;2;0;1;1;0;0;0;0;0;POINT (13.40032313 52.48370945)
9;2018;8;13;5;1;5;3;0;0;1;0;0;0;1;0;POINT (13.71842617 52.43148517)
1;2018;8;19;2;3;2;6;0;0;1;0;0;0;1;0;POINT (13.3790853 52.55290602)
4;2018;8;20;4;3;3;6;0;1;0;0;0;0;0;0;POINT (13.30867586 52.50282939)
7;2018;7;13;1;3;2;6;0;0;1;0;0;0;1;0;POINT (13.37640394 52.4593088)
9;2018;8;19;2;3;5;2;0;1;1;0;0;0;0;0;POINT (13.56723183 52.45498015)
8;2018;7;23;7;3;5;3;2;1;1;0;0;0;0;0;POINT (13.45385046 52.48244281)
1;2018;8;6;4;3;6;4;0;1;0;1;0;0;0;0;POINT (13.42093003 52.52493674)
1;2018;8;18;2;3;2;2;0;0;1;0;1;0;0;0;POINT (13.41022895 52.52872005)
7;2018;8;16;4;2;2;6;0;1;0;0;0;0;0;0;POINT (13.41944244 52.38751243)
1;2018;7;22;7;3;2;6;2;0;1;0;0;0;0;0;POINT (13.34310914 52.52649319)
1;2018;8;9;6;3;2;6;0;0;1;0;0;0;0;0;POINT (13.33856328 52.54320265)
3;2018;7;21;7;3;5;2;0;0;1;0;0;0;0;0;POINT (13.42887701 52.57205043)
7;2018;8;19;4;3;0;2;0;1;1;0;0;0;0;0;POINT (13.34745521 52.47050569)
1;2018;8;17;2;3;6;2;0;0;1;1;0;0;0;0;POINT (13.34953645 52.52446668)
6;2018;8;13;4;3;1;5;0;1;0;0;0;0;1;0;POINT (13.25838985 52.43056899)
3;2018;8;10;7;3;5;3;0;1;0;0;1;0;0;0;POINT (13.41336357 52.53815707)
1;2018;7;20;7;3;5;2;0;1;1;0;0;0;0;0;POINT (13.40636298 52.52493984)
9;2018;8;13;4;3;5;2;0;0;0;0;1;0;1;0;POINT (13.6074065 52.45299884)
12;2018;8;18;2;2;5;7;0;0;1;0;1;0;0;0;POINT (13.34810627 52.61540961)
4;2018;8;13;4;3;1;5;0;0;1;0;0;0;0;0;POINT (13.3195182 52.50214382)
12;2018;8;18;2;3;0;1;0;0;0;0;1;0;0;0;POINT (13.30268976 52.58064317)
4;2018;7;20;7;3;6;4;1;1;0;1;0;0;0;0;POINT (13.3312939 52.50343025)
3;2018;8;10;6;3;5;3;0;0;1;0;0;0;0;0;POINT (13.45941138 52.54812277)
2;2018;8;17;2;3;5;2;0;1;1;0;0;0;0;0;POINT (13.41995931 52.50221377)
1;2018;7;20;7;3;2;7;0;0;1;0;1;0;0;0;POINT (13.34005485 52.54858435)
6;2018;8;12;4;3;2;6;0;1;0;0;0;0;1;0;POINT (13.32402222 52.46023822)
5;2018;8;17;2;3;5;2;0;0;1;0;1;0;0;0;POINT (13.23770933 52.54234667)
2;2018;8;11;4;3;2;6;0;0;1;0;1;0;0;0;POINT (13.39411035 52.49148909)
8;2018;7;19;7;3;2;6;0;0;1;0;0;0;0;0;POINT (13.42892382 52.48607899)
1;2018;8;6;6;3;8;1;0;0;0;0;1;0;0;0;POINT (13.376824 52.51048828)
8;2018;7;19;7;3;6;4;0;1;0;1;0;0;0;0;POINT (13.44076762 52.48653897)
5;2018;8;17;2;3;3;6;0;0;1;0;1;0;0;0;POINT (13.24036556 52.54304059)
12;2018;7;19;7;3;2;6;0;0;1;0;0;0;0;0;POINT (13.30561529 52.56811956)
9;2018;8;11;4;2;2;2;0;0;1;0;0;0;0;0;POINT (13.63289004 52.45672678)
8;2018;8;17;2;3;5;3;0;0;1;0;0;0;0;0;POINT (13.46934633 52.46058389)
6;2018;8;10;4;3;2;6;0;0;1;0;0;0;0;0;POINT (13.31709023 52.46569434)
1;2018;7;17;7;3;5;2;0;1;1;0;0;0;0;0;POINT (13.42218589 52.50545797)
1;2018;7;16;7;3;2;6;0;1;1;0;0;0;0;0;POINT (13.39244492 52.54074362)
9;2018;8;10;4;3;2;2;0;0;1;0;0;0;0;0;POINT (13.55424025 52.45571462)
3;2018;8;17;2;3;5;3;0;0;1;0;0;0;0;0;POINT (13.44127297 52.54950447)
9;2018;8;9;4;3;2;6;0;0;1;0;0;0;1;0;POINT (13.5603446 52.4562763)
4;2018;8;16;2;3;2;6;0;0;1;0;0;0;0;0;POINT (13.29679212 52.54801237)
8;2018;7;15;7;3;5;3;0;0;1;0;0;0;0;0;POINT (13.45231739 52.45255534)
9;2018;8;16;2;3;1;5;0;1;1;0;0;0;0;0;POINT (13.59281296 52.4262313)
3;2018;8;8;4;3;1;5;0;1;1;0;0;0;0;0;POINT (13.42355943 52.53197173)
1;2018;8;16;2;3;2;6;0;0;1;0;0;0;1;0;POINT (13.33781132 52.52658286)
1;2018;8;16;2;3;5;2;0;0;1;0;1;0;0;0;POINT (13.35011219 52.53602132)
1;2018;7;14;7;3;6;2;0;0;1;1;0;0;0;0;POINT (13.40437245 52.53310964)
1;2018;8;7;4;3;5;3;0;1;0;0;0;0;1;0;POINT (13.37404046 52.55661675)
12;2018;8;16;2;2;0;7;0;0;1;0;0;0;0;0;POINT (13.3486522 52.58397311)
2;2018;8;6;4;2;5;2;0;0;1;0;1;0;0;0;POINT (13.43188344 52.50565025)
6;2018;7;13;7;3;1;5;0;0;1;0;0;0;1;0;POINT (13.34844841 52.44977688)
4;2018;7;11;7;3;4;6;0;1;1;0;0;0;0;0;POINT (13.26399452 52.49556342)
2;2018;8;22;4;3;4;6;2;0;1;0;1;0;0;0;POINT (13.3956047 52.49876121)
8;2018;8;15;2;3;5;2;0;1;1;0;0;0;0;0;POINT (13.43367463 52.48208647)
1;2018;7;11;7;3;1;5;0;1;1;0;0;0;0;0;POINT (13.37101975 52.53374312)
8;2018;8;15;2;3;3;6;0;1;1;0;0;0;0;0;POINT (13.42786478 52.47392062)
2;2018;8;15;2;3;1;5;0;1;1;0;0;0;0;0;POINT (13.46053048 52.51229582)
4;2018;8;21;4;3;3;6;0;0;1;0;0;0;0;0;POINT (13.31058027 52.54762811)
7;2018;8;15;2;3;5;3;0;0;1;0;0;0;0;0;POINT (13.41250318 52.39429665)
4;2018;7;4;7;3;5;2;2;0;1;0;0;0;0;1;POINT (13.33942494 52.50312928)
1;2018;8;14;2;3;5;2;0;0;1;0;1;0;0;0;POINT (13.38901705 52.51562663)
4;2018;7;9;7;3;0;7;0;0;1;1;0;0;0;0;POINT (13.30287544 52.51905333)
9;2018;8;20;4;3;5;2;0;1;1;0;0;0;0;0;POINT (13.66642192 52.40978993)
1;2018;8;13;2;2;2;6;0;0;1;0;0;0;1;0;POINT (13.33415033 52.54105371)
9;2018;7;18;6;3;5;2;0;0;1;0;1;0;0;0;POINT (13.57828272 52.4611169)
2;2018;8;13;2;3;0;1;0;1;0;0;0;0;0;0;POINT (13.45679571 52.50976134)
9;2018;7;16;6;3;6;4;0;0;1;1;0;0;0;0;POINT (13.57678014 52.45531756)
5;2018;8;16;4;3;4;6;0;1;0;0;0;0;1;0;POINT (13.26962466 52.538083)
6;2018;8;13;2;3;6;4;0;0;1;1;0;0;0;0;POINT (13.24018758 52.44291136)
2;2018;8;18;4;3;1;5;0;1;1;0;1;0;0;0;POINT (13.46971897 52.51206107)
7;2018;7;15;6;3;6;6;0;1;0;1;0;0;0;0;POINT (13.34745753 52.50200405)
11;2018;8;16;4;3;2;6;0;0;1;0;0;0;0;0;POINT (13.51919948 52.51325428)
2;2018;8;13;2;3;0;6;0;0;1;0;0;0;1;0;POINT (13.40993107 52.50388104)
7;2018;7;15;6;3;0;3;0;1;0;0;1;0;0;0;POINT (13.3923549 52.41502017)
1;2018;8;13;2;3;5;2;0;1;1;0;0;0;0;0;POINT (13.36556069 52.50311828)
1;2018;7;15;6;3;6;4;0;0;1;1;0;0;0;0;POINT (13.38908223 52.51542981)
9;2018;8;16;4;3;1;5;0;1;0;0;0;0;1;0;POINT (13.50946854 52.45321378)
8;2018;8;12;2;2;5;2;0;0;1;0;0;0;0;0;POINT (13.43620845 52.44890016)
9;2018;8;15;4;3;5;2;0;0;1;0;1;0;0;0;POINT (13.5580962 52.45568943)
1;2018;7;17;6;2;5;2;0;0;1;0;1;0;0;0;POINT (13.35998264 52.54682899)
8;2018;7;13;6;2;5;2;0;0;1;0;1;0;0;0;POINT (13.46470337 52.47020069)
2;2018;8;15;4;3;5;7;0;1;1;0;0;1;0;0;POINT (13.42879529 52.49846721)
5;2018;8;11;2;3;2;6;0;0;1;0;0;0;0;0;POINT (13.22211098 52.55974687)
6;2018;7;10;6;3;6;4;0;1;0;1;0;0;0;0;POINT (13.3365383 52.43012163)
9;2018;8;14;4;3;2;7;0;1;1;0;0;0;0;0;POINT (13.56960303 52.47064436)
2;2018;8;11;2;3;5;3;0;0;1;0;1;0;0;0;POINT (13.43142059 52.50290252)
9;2018;7;10;6;3;5;3;0;1;0;0;0;0;1;0;POINT (13.56259612 52.45636633)
6;2018;7;9;6;3;5;2;0;0;1;0;1;0;0;0;POINT (13.19317945 52.43380146)
10;2018;8;14;4;3;6;4;0;0;1;1;0;0;0;0;POINT (13.60750861 52.54331785)
5;2018;8;10;2;3;1;5;0;0;1;0;0;0;1;0;POINT (13.17666157 52.52492444)
1;2018;8;14;4;3;0;1;0;1;0;0;0;0;0;0;POINT (13.41556963 52.52724868)
6;2018;7;7;6;3;6;4;0;1;0;1;0;0;0;0;POINT (13.33587505 52.46362643)
7;2018;8;14;4;3;5;3;0;1;1;0;0;0;0;0;POINT (13.41081287 52.39705548)
5;2018;8;9;2;3;2;6;0;0;1;0;0;0;0;0;POINT (13.1970531 52.53326369)
5;2018;8;13;4;3;2;6;0;0;1;0;0;1;0;0;POINT (13.20127985 52.51216331)
2;2018;7;17;6;3;6;4;0;1;0;1;0;0;0;0;POINT (13.43795263 52.50035265)
2;2018;8;9;2;3;5;2;0;1;1;0;0;0;0;0;POINT (13.42946107 52.52120033)
11;2018;7;1;6;3;5;2;2;1;1;0;0;0;0;0;POINT (13.47535084 52.50192225)
2;2018;8;13;4;3;6;4;0;0;0;1;1;0;0;0;POINT (13.43811651 52.5117589)
8;2018;8;8;2;2;0;6;0;0;1;0;0;0;1;0;POINT (13.44983834 52.44555393)
2;2018;8;13;4;3;0;7;0;1;0;0;0;0;0;0;POINT (13.40681626 52.4989981)
10;2018;7;1;6;2;0;1;2;0;0;0;1;0;0;0;POINT (13.51718436 52.53538883)
2;2018;8;9;4;2;6;4;0;0;0;1;1;0;0;0;POINT (13.41934267 52.50134606)
4;2018;8;0;5;2;5;3;2;0;1;0;0;0;0;0;POINT (13.31869912 52.49809746)
6;2018;8;15;4;3;5;2;0;1;1;0;0;0;0;0;POINT (13.34654776 52.43070766)
3;2018;8;15;4;2;5;3;0;1;1;0;0;0;0;0;POINT (13.42761446 52.56047155)
10;2018;8;17;7;3;3;6;0;0;1;0;0;0;0;0;POINT (13.60425849 52.53867751)
1;2018;8;8;4;3;2;2;0;1;1;0;0;0;0;0;POINT (13.4024244 52.51189316)
3;2018;8;14;4;3;5;2;0;1;1;0;0;0;0;0;POINT (13.4391176 52.5473305)
10;2018;8;15;5;3;2;6;0;0;1;0;0;0;0;0;POINT (13.62122557 52.52421897)
3;2018;8;8;4;3;1;5;0;1;1;0;0;0;0;0;POINT (13.44253096 52.53375561)
1;2018;8;19;7;3;5;2;0;1;1;0;0;0;0;0;POINT (13.32978749 52.52277817)
7;2018;8;8;4;3;6;2;0;0;1;1;0;0;0;0;POINT (13.37905594 52.44818741)
7;2018;8;15;6;3;1;5;0;1;1;0;0;0;0;0;POINT (13.38345118 52.43100906)
1;2018;8;8;4;3;5;2;0;1;1;0;0;0;0;0;POINT (13.42563889 52.52330622)
9;2018;8;7;4;3;5;2;0;1;1;0;0;0;0;0;POINT (13.53348271 52.45204965)
2;2018;8;21;5;3;4;6;2;0;1;0;1;0;0;0;POINT (13.45225463 52.51064695)
8;2018;8;19;6;3;2;6;1;1;1;0;0;0;0;0;POINT (13.44307415 52.48015852)
3;2018;8;7;4;3;5;2;0;1;0;0;0;0;1;0;POINT (13.4292477 52.55638259)
3;2018;8;19;5;3;6;4;0;0;0;1;0;0;1;0;POINT (13.41143282 52.54021544)
7;2018;8;6;4;2;5;3;0;1;0;0;0;0;0;0;POINT (13.35534811 52.49463503)
4;2018;8;12;5;3;5;3;0;0;1;0;1;0;0;0;POINT (13.33142088 52.49316081)
5;2018;8;6;4;2;1;5;0;0;0;0;1;0;1;0;POINT (13.23149793 52.54542102)
9;2018;8;0;4;3;2;6;2;0;1;0;0;0;0;0;POINT (13.5723421 52.45073031)
11;2018;8;11;1;2;5;3;0;0;1;0;0;0;1;0;POINT (13.51964841 52.50587541)
3;2018;8;15;4;3;2;6;0;0;1;0;0;0;0;0;POINT (13.43142521 52.59297394)
1;2018;8;15;4;3;3;6;0;0;0;0;1;0;1;0;POINT (13.33445044 52.54144102)
9;2018;8;14;6;3;0;6;0;0;1;0;0;0;1;0;POINT (13.56368893 52.45636565)
7;2018;8;15;4;3;2;6;0;0;1;0;0;0;0;0;POINT (13.40066439 52.43983514)
4;2018;8;6;5;3;5;2;0;1;1;0;0;0;0;0;POINT (13.27825053 52.50684154)
12;2018;8;15;4;3;5;2;0;1;1;0;0;0;0;0;POINT (13.37336643 52.57476949)
2;2018;8;8;5;3;5;2;0;0;1;0;1;0;0;0;POINT (13.46109364 52.51708627)
12;2018;8;14;4;3;5;2;0;1;1;0;0;0;0;0;POINT (13.32585489 52.56464613)
7;2018;8;13;4;3;5;3;0;0;1;0;0;0;0;0;POINT (13.38217747 52.43602213)
9;2018;8;11;7;3;4;6;0;1;0;0;0;0;0;0;POINT (13.65758518 52.37418145)
6;2018;8;13;4;3;0;2;0;0;1;1;0;0;0;0;POINT (13.35505454 52.42763305)
9;2018;8;13;4;3;2;6;0;0;1;0;0;0;0;0;POINT (13.57773517 52.45261057)
12;2018;8;21;6;3;9;1;2;0;1;0;0;0;0;0;POINT (13.29772816 52.59117421)
5;2018;8;12;4;3;5;2;0;0;1;0;0;0;0;0;POINT (13.18734662 52.52018357)
11;2018;8;14;5;3;5;2;0;1;1;0;0;0;0;0;POINT (13.51988425 52.50583557)
3;2018;8;12;4;3;2;6;0;1;1;0;0;0;0;0;POINT (13.43405005 52.54592377)
8;2018;8;12;4;3;2;6;0;0;1;0;0;0;0;0;POINT (13.49611556 52.41554715)
3;2018;8;21;7;2;9;1;2;0;1;0;1;0;0;0;POINT (13.42910478 52.55633401)
6;2018;8;12;4;3;5;7;0;0;1;0;0;0;0;0;POINT (13.2973928 52.44233053)
5;2018;8;19;4;3;5;2;0;0;1;0;0;0;0;0;POINT (13.18030698 52.4901495)
6;2018;8;19;4;3;5;2;0;0;1;0;0;0;1;0;POINT (13.34280429 52.4504638)
2;2018;8;17;7;3;5;2;0;1;1;0;0;0;0;0;POINT (13.39780401 52.49538763)
4;2018;8;17;4;3;5;3;0;0;1;0;0;0;0;0;POINT (13.21826371 52.50880824)
7;2018;8;16;4;3;5;2;0;0;1;0;0;0;0;0;POINT (13.37629494 52.40915166)
2;2018;8;2;6;3;5;3;2;1;1;0;0;0;0;0;POINT (13.38536334 52.49904008)
8;2018;8;19;5;2;5;2;0;0;1;0;1;0;0;0;POINT (13.43662478 52.42363962)
4;2018;8;12;3;3;2;6;0;0;1;0;0;0;0;0;POINT (13.28264629 52.51847135)
4;2018;8;16;5;3;2;7;0;1;1;0;0;0;0;0;POINT (13.30790891 52.49761008)
1;2018;8;12;3;3;2;7;0;0;1;0;1;0;0;0;POINT (13.3605975 52.50035576)
3;2018;8;11;3;3;0;3;0;1;0;0;0;0;1;0;POINT (13.4138646 52.5521209)
1;2018;8;20;5;3;6;4;1;1;0;1;0;0;0;0;POINT (13.40312749 52.5274296)
2;2018;8;20;6;3;2;6;1;0;1;0;1;0;0;0;POINT (13.41753771 52.49885267)
4;2018;8;11;3;3;6;4;0;0;1;1;0;0;0;0;POINT (13.2997971 52.52127156)
12;2018;8;18;5;3;5;3;0;0;1;0;0;0;0;0;POINT (13.31134613 52.56979198)
12;2018;8;11;3;3;6;2;0;0;1;1;0;0;0;0;POINT (13.2873553 52.63225129)
8;2018;8;13;5;3;5;3;0;0;1;0;0;0;0;0;POINT (13.48359148 52.43122633)
4;2018;8;10;3;3;0;6;0;0;1;0;1;0;0;0;POINT (13.28014112 52.47634698)
4;2018;8;21;5;3;2;2;2;0;1;0;0;0;0;0;POINT (13.3104449 52.5161057)
12;2018;8;10;3;3;2;2;0;0;1;0;0;0;0;0;POINT (13.29548416 52.55018895)
4;2018;8;14;5;3;6;4;0;0;1;1;0;0;0;0;POINT (13.32153682 52.50579362)
2;2018;8;9;3;3;5;2;0;1;1;0;0;0;0;0;POINT (13.46840039 52.49966275)
9;2018;8;18;7;2;2;6;0;0;1;0;1;0;0;0;POINT (13.5507132 52.4290574)
2;2018;8;8;3;3;5;7;0;0;1;0;0;0;0;0;POINT (13.43620219 52.50964122)
5;2018;8;19;5;3;5;3;0;1;1;0;0;0;0;0;POINT (13.22599047 52.55444149)
4;2018;8;18;6;3;5;3;0;0;1;0;0;0;0;0;POINT (13.32506522 52.50867827)
7;2018;8;20;3;3;5;2;0;0;1;0;1;0;0;0;POINT (13.400549 52.43984487)
1;2018;8;19;3;3;2;6;0;1;0;0;0;0;0;0;POINT (13.3985496 52.53255355)
6;2018;8;10;5;3;0;1;0;0;0;0;1;0;0;0;POINT (13.29779545 52.44196723)
7;2018;8;18;3;2;5;2;0;0;1;0;1;0;0;0;POINT (13.3779222 52.46863147)
2;2018;8;17;3;3;0;2;0;1;1;0;0;0;0;0;POINT (13.39361605 52.48913565)
12;2018;8;16;7;3;2;6;0;0;1;0;0;0;1;0;POINT (13.32368902 52.58725847)
1;2018;8;11;3;2;0;1;0;1;0;0;0;0;0;0;POINT (13.40234885 52.53105617)
4;2018;8;12;3;3;5;3;0;0;1;0;0;0;0;0;POINT (13.31103331 52.54767249)
11;2018;8;17;7;3;2;6;0;0;1;0;0;0;0;0;POINT (13.4807741 52.51621244)
12;2018;8;14;6;3;0;5;0;0;1;0;0;0;1;0;POINT (13.32977815 52.56313381)
9;2018;8;17;3;2;0;1;0;1;0;0;0;0;0;0;POINT (13.66405565 52.44925761)
3;2018;8;7;5;3;5;3;0;1;0;0;0;0;0;0;POINT (13.43299382 52.56052919)
3;2018;8;17;3;3;1;5;0;1;0;0;0;0;1;0;POINT (13.44348813 52.55290063)
1;2018;8;12;3;2;0;1;0;1;0;0;0;0;0;0;POINT (13.366797 52.5255404)
3;2018;8;14;7;3;2;6;0;0;1;0;0;0;0;0;POINT (13.4332805 52.60645284)
9;2018;8;17;3;3;5;2;0;1;1;0;0;0;0;0;POINT (13.53950844 52.43465756)
5;2018;8;15;5;3;6;4;0;0;0;1;0;0;1;0;POINT (13.19401831 52.52550117)
9;2018;8;17;7;3;1;5;0;1;1;0;0;0;0;0;POINT (13.5106156 52.45709938)
12;2018;8;16;3;3;5;2;0;1;1;0;0;0;0;0;POINT (13.3028736 52.58073176)
3;2018;8;11;6;3;1;5;0;1;1;0;0;0;0;0;POINT (13.4218396 52.53988512)
1;2018;8;16;3;3;0;1;0;1;0;0;0;0;0;0;POINT (13.39388721 52.53218606)
6;2018;8;12;5;2;5;2;0;1;1;0;0;0;0;0;POINT (13.33507224 52.46427577)
9;2018;8;16;3;3;2;6;0;0;1;0;0;0;0;0;POINT (13.58328791 52.4628398)
2;2018;8;13;6;3;0;2;0;1;1;0;0;0;0;0;POINT (13.43888894 52.49495934)
11;2018;8;16;3;3;3;6;0;1;0;0;0;0;0;0;POINT (13.49289245 52.49116698)
11;2018;8;16;5;3;5;3;0;0;1;0;0;0;0;0;POINT (13.50972766 52.56185879)
9;2018;8;16;3;2;0;6;0;0;1;0;0;0;1;0;POINT (13.58197637 52.4610214)
9;2018;8;15;3;3;5;2;0;1;1;0;0;0;0;0;POINT (13.62842697 52.44668813)
3;2018;8;19;7;3;5;2;0;1;1;0;0;0;0;0;POINT (13.41194525 52.54104238)
12;2018;8;15;3;3;2;2;0;0;0;0;1;0;1;0;POINT (13.36355598 52.6068355)
9;2018;8;8;4;3;5;3;0;1;0;0;0;0;1;0;POINT (13.61422757 52.37648535)
2;2018;8;15;3;3;2;6;0;1;0;0;1;0;0;0;POINT (13.44482724 52.49860861)
7;2018;8;13;5;3;5;7;0;0;1;0;1;0;0;0;POINT (13.34582158 52.49398517)
1;2018;8;18;5;2;5;3;0;1;0;0;0;0;0;0;POINT (13.34807695 52.54860467)
8;2018;8;15;3;2;6;4;0;0;0;1;1;0;0;0;POINT (13.46613093 52.47113031)
3;2018;8;15;3;3;5;3;0;1;0;0;0;0;0;0;POINT (13.47809221 52.55806678)
1;2018;8;20;4;3;2;6;0;0;1;0;0;0;0;0;POINT (13.38581001 52.55003142)
4;2018;8;15;3;3;5;2;0;1;1;0;0;0;0;0;POINT (13.30384014 52.49936485)
6;2018;8;14;3;3;2;7;0;0;1;0;0;0;0;0;POINT (13.22030273 52.43173819)
3;2018;8;14;3;2;0;1;0;1;0;0;0;0;0;0;POINT (13.46095309 52.52411994)
4;2018;8;21;7;3;2;6;2;0;1;0;0;0;0;0;POINT (13.29637802 52.548548)
4;2018;8;14;3;3;1;5;0;1;1;0;0;0;0;0;POINT (13.31644503 52.50122647)
12;2018;8;20;4;2;4;6;2;0;1;0;1;0;0;0;POINT (13.36456621 52.61891333)
8;2018;8;14;3;3;5;3;0;0;1;0;1;0;0;0;POINT (13.48979229 52.42005688)
4;2018;8;14;5;3;5;7;0;0;1;0;1;0;0;0;POINT (13.30300103 52.547884)
3;2018;8;13;3;3;5;2;0;0;1;0;0;0;1;0;POINT (13.38249863 52.59332041)
8;2018;8;21;7;3;1;5;2;0;0;0;1;0;0;0;POINT (13.43812926 52.42061072)
4;2018;8;23;4;3;2;3;2;0;1;0;0;0;0;0;POINT (13.31375647 52.50623039)
2;2018;8;12;3;3;6;4;0;1;0;1;0;0;0;0;POINT (13.42762172 52.49897515)
10;2018;8;15;6;3;5;3;0;1;1;0;0;0;0;0;POINT (13.59912897 52.52831474)
2;2018;8;21;4;3;9;1;2;0;1;0;0;0;0;0;POINT (13.39442614 52.48856933)
12;2018;8;15;2;3;5;2;0;0;1;0;0;0;0;0;POINT (13.33298849 52.59545884)
3;2018;8;9;5;3;2;6;0;0;1;0;1;0;0;0;POINT (13.41341186 52.54766098)
5;2018;8;20;6;2;5;7;2;1;1;0;0;0;0;0;POINT (13.19737619 52.51599023)
2;2018;8;11;2;3;6;7;0;1;0;1;0;0;0;0;POINT (13.41781214 52.50169258)
3;2018;8;22;2;3;5;2;2;1;1;0;0;0;0;0;POINT (13.41470391 52.55357195)
5;2018;8;12;5;3;3;6;0;0;1;0;1;0;0;0;POINT (13.23318566 52.53953819)
7;2018;8;20;2;3;6;4;2;0;1;1;0;0;0;0;POINT (13.34426674 52.46748091)
9;2018;8;18;2;3;0;3;0;0;1;0;1;0;0;1;POINT (13.55393616 52.43156753)
11;2018;8;10;1;3;5;2;0;1;0;0;0;0;1;0;POINT (13.47553288 52.50245109)
10;2018;8;18;2;3;0;7;0;1;0;0;0;0;0;0;POINT (13.60586431 52.51829543)
7;2018;8;16;4;3;5;2;0;1;0;0;0;0;1;0;POINT (13.4001285 52.44505261)
11;2018;8;17;2;3;5;3;0;0;1;0;0;0;0;0;POINT (13.49636849 52.50345783)
1;2018;8;14;6;3;0;1;0;0;0;0;1;0;0;0;POINT (13.33404128 52.54099657)
2;2018;8;17;2;3;5;2;0;1;1;0;0;0;0;0;POINT (13.44061141 52.51702323)
4;2018;8;7;5;3;5;2;0;0;1;0;0;0;1;0;POINT (13.32623697 52.53803843)
1;2018;8;17;2;3;5;5;0;1;1;0;0;0;0;0;POINT (13.37743692 52.53180368)
11;2018;8;15;2;3;5;2;0;1;1;0;0;0;0;0;POINT (13.51986207 52.50592248)
4;2018;8;16;7;3;6;7;0;0;1;1;0;0;0;0;POINT (13.23056381 52.51119982)
2;2018;8;15;2;3;5;3;0;0;1;0;0;0;0;0;POINT (13.4175065 52.50411775)
7;2018;8;15;2;3;5;3;0;1;0;0;1;0;0;0;POINT (13.34248115 52.50215982)
6;2018;8;11;7;3;2;7;0;1;0;0;0;0;1;0;POINT (13.17951622 52.42185051)
7;2018;8;15;2;3;6;7;0;0;1;1;0;0;0;0;POINT (13.38038863 52.47483894)
12;2018;8;10;4;3;2;6;0;0;1;0;0;0;0;0;POINT (13.30429745 52.57775898)
7;2018;8;15;2;3;5;2;0;1;0;0;0;0;1;0;POINT (13.40090237 52.41453059)
1;2018;8;21;6;3;2;6;2;0;1;0;0;0;0;0;POINT (13.36033519 52.53732393)
4;2018;8;13;2;3;6;2;0;0;1;1;0;0;0;0;POINT (13.33063704 52.50054074)
12;2018;8;16;5;2;6;4;0;0;1;1;0;0;0;0;POINT (13.37095884 52.56409524)
1;2018;8;12;2;3;6;4;0;1;0;1;0;0;0;0;POINT (13.39168641 52.51149006)
4;2018;8;20;2;3;5;5;1;0;1;0;0;0;0;0;POINT (13.32690518 52.54045014)
12;2018;8;11;7;2;2;6;0;0;1;0;1;0;0;0;POINT (13.335142 52.56501689)
8;2018;8;21;2;3;2;6;2;0;0;0;1;0;0;0;POINT (13.44027996 52.41956326)
3;2018;8;16;4;3;5;2;0;1;1;0;0;0;0;0;POINT (13.40622447 52.55408782)
1;2018;8;16;2;3;0;2;0;0;0;1;1;0;0;0;POINT (13.33034981 52.52727571)
2;2018;8;7;5;3;5;2;0;1;1;0;0;0;0;0;POINT (13.44080638 52.51344111)
3;2018;8;15;2;2;5;2;0;1;1;0;0;0;0;0;POINT (13.38970285 52.58608621)
4;2018;8;11;4;3;0;7;0;0;0;0;1;0;0;0;POINT (13.33304252 52.50517215)
10;2018;8;16;2;2;5;3;0;0;1;0;1;0;0;0;POINT (13.58829057 52.50259679)
3;2018;8;9;6;3;5;2;0;0;1;0;0;0;0;0;POINT (13.42880291 52.57205821)
3;2018;8;14;2;2;5;3;0;0;1;0;1;0;0;0;POINT (13.42507183 52.57141939)
12;2018;8;19;5;3;1;5;1;1;1;0;0;0;1;0;POINT (13.31216007 52.5722206)
1;2018;8;14;2;3;1;5;0;1;0;0;0;0;1;0;POINT (13.35089643 52.52631865)
8;2018;8;17;4;3;1;5;0;1;1;0;0;0;0;0;POINT (13.4291444 52.48203833)
9;2018;8;14;2;3;5;3;0;0;1;0;0;0;0;0;POINT (13.53667269 52.4598744)
11;2018;8;18;7;3;5;3;0;0;1;0;0;0;0;0;POINT (13.48542099 52.52667778)
8;2018;8;10;2;3;0;6;0;0;1;0;1;0;0;0;POINT (13.42431813 52.48062907)
1;2018;8;18;4;2;0;7;0;0;0;0;1;0;1;1;POINT (13.34986818 52.50279053)
7;2018;8;22;5;3;5;3;2;0;1;0;0;0;0;0;POINT (13.35716974 52.49896011)