bez;ujahr;umonat;ustunde;uwochentag;ukategorie;uart;utyp1;ulichtverh;istrad;istpkw;istfuss;istkrad;istgkfz;istsonstige;ustrzustand;geometry
12;2018;8;10;2;3;1;5;0;1;1;0;0;0;0;0;POINT (13.33076801 52.57192093)
1;2018;8;15;5;3;6;4;0;1;0;1;0;0;0;0;POINT (13.4020534 52.53070978)
8;2018;8;9;2;3;5;2;0;0;1;0;0;0;0;0;POINT (13.49035898 52.42794268)
6;2018;8;8;2;3;5;3;0;1;1;0;0;0;0;0;POINT (13.32528966 52.46172975)
6;2018;8;18;4;3;2;2;0;0;1;0;0;0;0;0;POINT (13.27963255 52.43240199)
6;2018;8;8;2;3;2;6;0;1;0;0;0;0;0;0;POINT (13.33110403 52.44414499)
9;2018;8;7;2;3;3;6;0;1;1;0;0;0;0;0;POINT (13.56962973 52.45286108)
2;2018;8;17;4;3;5;2;0;1;1;0;0;0;0;0;POINT (13.38628153 52.49007686)
12;2018;8;7;2;3;5;3;0;1;1;0;0;0;0;0;POINT (13.36578487 52.56300165)
9;2018;8;16;6;2;5;2;0;0;1;0;0;0;1;0;POINT (13.48132021 52.46084891)
5;2018;8;10;2;2;5;2;0;0;1;0;1;0;0;0;POINT (13.19853527 52.5428808)
5;2018;8;18;4;3;5;2;0;1;0;0;0;0;0;0;POINT (13.24125668 52.52610789)
5;2018;8;5;2;2;5;7;1;1;1;0;0;0;0;0;POINT (13.25332537 52.53773672)
10;2018;8;10;5;3;5;2;0;1;1;0;0;0;0;0;POINT (13.51984447 52.52584359)
8;2018;8;22;5;3;2;6;2;0;1;0;0;0;0;0;POINT (13.44168985 52.46949284)
5;2018;8;8;2;3;2;6;0;0;1;0;0;0;0;0;POINT (13.2185359 52.53737979)
4;2018;8;11;2;2;5;2;0;1;1;0;0;0;0;0;POINT (13.32893957 52.48012271)
12;2018;8;10;1;3;5;3;0;1;0;0;1;0;0;0;POINT (13.28107741 52.59370507)
1;2018;8;18;2;3;5;2;0;1;1;0;0;0;0;0;POINT (13.3658115 52.50306538)
9;2018;8;18;4;3;6;7;0;0;0;1;0;0;1;0;POINT (13.570488 52.44796517)
1;2018;8;8;1;3;6;4;0;1;0;1;0;0;0;0;POINT (13.3510348 52.5242785)
11;2018;8;10;6;2;5;7;0;1;1;0;0;0;0;0;POINT (13.52719068 52.48189207)
11;2018;8;18;4;2;2;6;0;0;1;0;0;0;0;0;POINT (13.47810478 52.53324495)
8;2018;8;13;1;3;2;6;0;0;1;0;0;0;1;0;POINT (13.4241702 52.46550958)
5;2018;8;15;6;2;5;2;0;1;0;0;0;0;1;0;POINT (13.1381309 52.45826068)
1;2018;8;19;4;3;5;2;0;1;1;0;0;0;0;0;POINT (13.41633717 52.51998467)
1;2018;8;11;1;3;5;2;0;1;1;0;0;0;0;0;POINT (13.40975114 52.52401694)
3;2018;8;8;5;3;5;3;0;1;1;0;0;0;0;0;POINT (13.4199448 52.53820016)
8;2018;8;22;1;3;5;3;2;1;0;0;0;0;0;0;POINT (13.43034186 52.49272975)
12;2018;8;21;1;3;2;2;2;0;1;0;0;0;0;0;POINT (13.30931162 52.60348204)
1;2018;8;12;7;3;5;2;0;1;1;0;0;0;0;0;POINT (13.39886278 52.53906472)
1;2018;8;21;1;3;5;2;2;0;1;0;1;0;0;0;POINT (13.38989087 52.51038503)
6;2018;8;17;4;3;5;7;0;0;1;0;0;0;0;0;POINT (13.32897695 52.42446053)
1;2018;8;19;1;3;5;2;0;1;1;0;0;0;0;0;POINT (13.39575754 52.529008)
7;2018;8;11;6;3;5;2;0;0;1;0;1;0;0;0;POINT (13.39867762 52.44349768)
4;2018;8;8;1;3;0;6;0;0;1;0;1;0;0;0;POINT (13.21446595 52.50878168)
12;2018;8;12;5;2;5;3;0;0;1;0;1;0;0;0;POINT (13.2812636 52.58539653)
1;2018;8;17;1;3;5;2;0;1;0;0;0;0;0;0;POINT (13.39097107 52.5148737)
1;2018;8;17;1;3;2;6;0;0;1;0;1;0;0;1;POINT (13.39915581 52.52952556)
2;2018;8;5;5;3;5;3;0;0;1;0;0;0;0;0;POINT (13.42958038 52.49813222)
12;2018;8;17;1;3;0;2;0;1;1;0;0;0;0;0;POINT (13.32196604 52.56549984)
1;2018;8;16;1;3;3;6;0;0;0;0;1;0;1;0;POINT (13.33495795 52.55632706)
7;2018;8;17;7;3;5;2;0;0;1;0;0;0;0;0;POINT (13.39231085 52.41485874)
8;2018;8;16;1;3;2;6;0;1;1;0;0;0;0;0;POINT (13.42411256 52.48614532)
10;2018;8;16;4;3;0;2;0;0;1;0;0;0;1;0;POINT (13.55223822 52.53400925)
2;2018;8;15;1;3;4;6;0;1;0;0;0;0;0;0;POINT (13.43182675 52.50951896)
11;2018;8;15;6;3;3;6;0;0;1;0;1;0;0;0;POINT (13.4799803 52.51821919)
1;2018;8;17;5;3;2;2;0;0;1;0;0;0;1;0;POINT (13.39232709 52.55528641)
5;2018;8;15;1;3;6;4;0;0;1;1;0;0;0;0;POINT (13.16498726 52.5511752)
2;2018;8;15;1;3;0;6;0;0;1;0;1;0;0;0;POINT (13.39807508 52.49825556)
8;2018;8;10;4;3;5;2;0;1;0;0;0;1;0;0;POINT (13.4349063 52.44030117)
3;2018;8;15;1;3;5;3;0;1;1;0;0;0;0;0;POINT (13.42744211 52.56055615)
9;2018;8;17;6;3;5;3;0;0;1;0;0;0;0;0;POINT (13.54123843 52.43536307)
9;2018;8;14;1;3;2;6;0;0;1;0;1;0;0;0;POINT (13.50884679 52.47386516)
8;2018;8;10;4;3;3;6;0;0;0;0;1;1;0;0;POINT (13.43053078 52.46883961)
7;2018;8;14;1;3;5;7;0;1;1;0;0;0;0;0;POINT (13.36712711 52.49331798)
11;2018;8;13;1;3;5;3;0;0;0;0;1;0;1;0;POINT (13.4785932 52.50286448)
10;2018;8;5;7;2;8;1;1;0;1;0;0;0;0;0;POINT (13.56517888 52.5445609)
9;2018;8;16;1;2;5;2;0;1;1;0;0;0;0;0;POINT (13.54855661 52.42761049)
7;2018;8;16;1;2;5;3;0;0;1;0;0;0;0;0;POINT (13.37266183 52.46031236)
3;2018;8;14;5;3;5;3;0;1;1;0;0;0;0;0;POINT (13.36963001 52.59751136)
3;2018;8;12;1;2;6;4;0;1;0;1;0;0;0;0;POINT (13.43876155 52.55536085)
1;2018;8;20;7;3;5;2;1;1;1;0;0;0;0;0;POINT (13.37645329 52.5431177)
7;2018;8;13;1;2;1;5;0;0;1;0;0;0;1;0;POINT (13.38013656 52.4414487)
2;2018;8;15;6;3;5;2;0;1;1;0;0;0;0;0;POINT (13.37683959 52.48942722)
6;2018;8;13;1;2;0;6;0;0;1;0;1;0;0;0;POINT (13.332572 52.45849528)
8;2018;8;16;1;3;6;7;0;1;1;1;1;0;0;0;POINT (13.41827058 52.44467732)
9;2018;8;9;5;3;2;6;0;0;1;0;0;0;0;0;POINT (13.48079597 52.48307049)
7;2018;8;21;1;3;0;1;2;0;0;0;1;0;0;0;POINT (13.35006082 52.48948302)
10;2018;8;12;5;3;2;6;0;0;1;0;0;0;0;0;POINT (13.58363141 52.54916319)
12;2018;8;17;1;3;2;6;0;0;1;0;0;0;0;0;POINT (13.26142522 52.57366427)
11;2018;8;16;1;3;0;7;0;0;0;1;0;0;1;0;POINT (13.51375371 52.56639041)
1;2018;8;10;1;3;2;7;0;0;1;0;0;0;0;0;POINT (13.36798939 52.54619237)
4;2018;8;12;1;3;2;6;0;0;1;0;0;0;0;0;POINT (13.32612249 52.53831612)
6;2018;8;12;1;2;1;5;0;0;1;0;1;0;0;0;POINT (13.25612567 52.43885882)
4;2018;8;14;6;3;6;4;0;0;1;1;0;0;0;0;POINT (13.30590561 52.52343751)
9;2018;8;11;1;2;6;4;0;0;1;1;0;0;0;0;POINT (13.45321964 52.48947262)
4;2018;8;7;5;3;2;6;0;0;1;0;1;0;0;0;POINT (13.33021036 52.49505973)
11;2018;8;11;1;3;0;1;0;0;0;0;1;0;0;0;POINT (13.51653543 52.50557723)
4;2018;8;10;1;2;5;3;0;0;1;0;0;0;0;0;POINT (13.29665019 52.50139863)
4;2018;8;16;7;3;2;6;0;0;1;0;1;0;0;0;POINT (13.33399203 52.50744942)
1;2018;8;10;1;3;5;7;0;0;1;0;1;0;0;0;POINT (13.35819352 52.53632482)
7;2018;8;16;7;3;5;2;0;1;1;0;0;0;0;0;POINT (13.40625692 52.39848607)
9;2018;8;9;1;3;1;5;0;1;1;0;0;0;0;0;POINT (13.47835545 52.44630748)
2;2018;8;10;6;2;5;3;0;1;1;0;0;0;0;0;POINT (13.42317493 52.48649252)
7;2018;8;10;1;2;5;3;0;1;1;0;0;0;0;0;POINT (13.34409287 52.47832779)
1;2018;8;10;7;3;1;5;0;1;1;0;0;0;0;0;POINT (13.39940676 52.53272994)
1;2018;8;10;1;3;1;5;0;1;1;0;0;0;1;0;POINT (13.36837574 52.5258121)
8;2018;8;9;1;3;1;5;0;1;1;0;0;0;0;0;POINT (13.42098225 52.41415156)
4;2018;8;13;6;3;5;2;0;0;1;0;0;0;0;0;POINT (13.29508055 52.50684921)
7;2018;8;8;1;3;0;1;0;0;0;0;1;0;0;0;POINT (13.35730242 52.49893255)
6;2018;8;15;5;3;2;6;0;0;1;0;0;0;0;0;POINT (13.32999812 52.46209633)
2;2018;8;1;7;2;0;1;2;1;0;0;0;0;0;0;POINT (13.38878816 52.48982124)
1;2018;8;5;7;3;5;2;2;0;1;0;0;0;0;0;POINT (13.36569837 52.50309176)
7;2018;8;13;7;2;5;3;0;0;1;0;1;0;0;0;POINT (13.39275282 52.41263894)
3;2018;8;16;7;3;5;3;0;0;1;0;0;0;0;0;POINT (13.44524522 52.58161381)
1;2018;8;13;5;3;1;5;0;1;1;0;0;0;0;0;POINT (13.3790361 52.52597873)
1;2018;8;15;5;3;1;5;0;0;1;0;1;0;0;0;POINT (13.40077214 52.5303032)
3;2018;8;19;7;3;5;3;0;1;1;0;0;0;0;0;POINT (13.42882346 52.55135035)
5;2018;8;19;3;2;5;3;0;1;1;0;0;0;0;0;POINT (13.1938158 52.53368709)
4;2018;8;18;2;3;5;3;0;1;1;0;0;0;0;0;POINT (13.30935211 52.49208434)
1;2018;8;17;2;3;0;7;0;0;1;0;0;0;0;0;POINT (13.40655641 52.52493375)
4;2018;8;17;2;3;5;2;0;1;1;0;0;0;0;0;POINT (13.30933589 52.51188726)
3;2018;8;7;3;3;5;3;0;1;1;0;0;0;0;0;POINT (13.41233668 52.53268855)
2;2018;8;23;2;3;0;1;2;0;0;0;1;0;0;0;POINT (13.39741373 52.48897847)
10;2018;8;12;3;3;3;6;0;0;1;0;0;0;1;0;POINT (13.58373012 52.54918784)
9;2018;8;17;2;3;2;2;0;0;1;0;0;0;0;0;POINT (13.55445015 52.45568567)
4;2018;8;19;2;3;5;3;0;0;1;0;0;0;0;0;POINT (13.30952792 52.5135058)
8;2018;8;16;2;3;0;7;0;0;1;0;0;0;0;0;POINT (13.4384346 52.45199949)
8;2018;8;9;1;3;5;2;0;1;1;0;0;0;0;0;POINT (13.45420966 52.4528935)
12;2018;8;11;3;3;6;7;0;0;1;1;0;0;0;0;POINT (13.3507443 52.59780327)
9;2018;8;16;2;3;5;5;0;1;1;0;0;0;0;0;POINT (13.51499604 52.45548345)
12;2018;8;11;3;3;0;6;0;0;1;0;0;0;1;0;POINT (13.34737137 52.57201142)
2;2018;8;15;2;3;5;3;0;1;1;0;0;0;0;0;POINT (13.38215168 52.50439514)
9;2018;8;15;2;2;5;2;1;1;1;0;0;0;0;0;POINT (13.51769038 52.45619212)
4;2018;8;9;3;3;2;6;0;0;1;0;0;0;0;0;POINT (13.31874944 52.48748712)
6;2018;8;15;2;3;5;3;0;1;1;0;0;0;0;0;POINT (13.29279185 52.43261858)
5;2018;8;15;3;2;5;2;0;1;1;0;0;0;0;0;POINT (13.19558671 52.53614696)
4;2018;8;10;3;3;1;5;0;1;0;0;0;0;1;0;POINT (13.30233618 52.52668755)
10;2018;8;14;2;2;5;3;0;0;1;0;0;0;0;0;POINT (13.59913221 52.52831432)
2;2018;8;16;3;3;1;5;0;1;1;0;0;0;1;0;POINT (13.38490885 52.49003294)
9;2018;8;14;2;3;5;3;0;1;1;0;0;0;0;0;POINT (13.71844046 52.43148369)
4;2018;8;19;7;3;0;6;0;0;1;0;0;0;1;0;POINT (13.31434023 52.50633438)
12;2018;8;14;2;3;2;6;0;0;1;0;0;0;0;0;POINT (13.34949598 52.60455262)
5;2018;8;20;3;2;6;4;2;0;1;1;0;0;0;0;POINT (13.17838523 52.54880283)
6;2018;8;13;7;3;2;6;0;0;1;0;0;0;0;0;POINT (13.31459362 52.41752051)
3;2018;8;13;2;3;2;2;0;0;1;0;0;0;0;0;POINT (13.45777621 52.52903197)
9;2018;8;15;2;3;5;3;0;0;1;0;0;0;0;0;POINT (13.58323061 52.44348276)
5;2018;8;19;7;3;0;1;0;0;0;0;1;0;0;0;POINT (13.18412592 52.5455866)
1;2018;8;16;7;3;0;1;0;0;0;0;1;0;0;0;POINT (13.41792175 52.52576426)
1;2018;8;13;2;3;5;2;0;1;1;0;0;0;0;0;POINT (13.37197817 52.51940108)
6;2018;8;8;7;3;5;2;0;0;1;0;1;0;0;0;POINT (13.27358911 52.43330522)
5;2018;8;8;7;3;5;3;0;1;0;0;0;0;1;0;POINT (13.19894062 52.5330656)
2;2018;8;16;6;3;2;6;0;0;1;0;0;0;0;1;POINT (13.42404138 52.50170452)
9;2018;8;13;2;2;5;3;0;0;1;0;1;0;0;0;POINT (13.54408757 52.42805644)
11;2018;8;20;6;3;2;6;2;0;1;0;0;0;0;0;POINT (13.47568123 52.50140233)
1;2018;8;20;6;3;3;2;1;0;1;0;0;0;0;0;POINT (13.35107165 52.54101045)
3;2018;8;17;2;2;5;2;0;0;1;0;1;0;0;0;POINT (13.41462234 52.55059649)
4;2018;8;9;1;3;1;5;0;0;1;0;1;0;0;0;POINT (13.33078823 52.48795071)
7;2018;8;18;3;3;5;3;0;1;1;0;0;0;0;0;POINT (13.37788796 52.46586148)
6;2018;8;11;6;3;4;6;0;0;1;0;0;0;0;0;POINT (13.21578339 52.43772462)
4;2018;8;13;2;3;2;6;0;0;1;0;0;0;0;0;POINT (13.26529676 52.50881091)
1;2018;8;21;2;3;5;3;2;1;1;0;0;0;0;0;POINT (13.32990871 52.52291626)
3;2018;8;13;6;3;6;7;0;1;0;1;0;0;0;0;POINT (13.41459035 52.54462256)
1;2018;8;13;6;3;2;6;0;0;1;0;0;0;0;0;POINT (13.38845599 52.51914836)
1;2018;8;12;2;3;1;5;0;1;1;0;0;0;0;0;POINT (13.39839951 52.52887087)
8;2018;8;12;6;3;1;5;0;1;1;0;0;0;0;0;POINT (13.43153652 52.49235076)
2;2018;8;8;1;2;1;5;0;0;1;0;1;0;0;0;POINT (13.42776292 52.50091824)
11;2018;8;13;3;3;5;3;0;1;1;0;0;0;0;0;POINT (13.50569658 52.48448413)
6;2018;8;11;6;3;2;2;0;0;1;0;0;0;0;0;POINT (13.30012042 52.4398623)
11;2018;8;12;2;2;1;7;0;1;1;0;0;0;0;0;POINT (13.48615393 52.54079784)
9;2018;8;17;3;2;6;4;0;0;1;1;0;0;0;0;POINT (13.62897315 52.44668189)
3;2018;8;10;6;3;6;2;0;0;1;1;0;0;0;0;POINT (13.44835706 52.56467238)
4;2018;8;14;3;3;1;5;0;0;1;0;1;0;0;0;POINT (13.28446655 52.47625852)
3;2018;8;8;6;3;2;6;0;0;1;0;0;0;1;0;POINT (13.41398371 52.55362913)
12;2018;8;12;2;3;5;2;0;1;1;0;0;0;0;0;POINT (13.31440068 52.57666913)
7;2018;8;17;3;3;0;5;0;0;1;0;0;0;0;0;POINT (13.36021367 52.41270097)
3;2018;8;6;6;3;5;3;0;1;1;0;0;0;0;0;POINT (13.43051303 52.55121371)
1;2018;8;18;2;3;1;5;0;0;1;0;1;0;0;0;POINT (13.37951496 52.52325869)
4;2018;8;12;6;2;5;2;0;0;1;0;0;0;0;0;POINT (13.31091438 52.54761137)
4;2018;8;11;6;3;2;6;0;0;1;0;0;0;0;0;POINT (13.28155228 52.5184037)
1;2018;8;8;2;3;5;3;0;1;1;0;0;0;0;0;POINT (13.36393952 52.50613605)
8;2018;8;18;6;3;2;2;1;0;1;0;0;0;0;1;POINT (13.44282181 52.46504727)
6;2018;8;10;3;3;5;3;0;1;1;0;0;0;0;0;POINT (13.34674263 52.43073218)
3;2018;8;10;6;3;2;6;0;0;1;0;0;0;0;0;POINT (13.38505004 52.59120533)
11;2018;8;11;2;3;5;3;0;1;1;0;0;0;0;0;POINT (13.49483708 52.54542845)
5;2018;8;9;3;2;5;3;0;0;1;0;1;0;0;0;POINT (13.18317337 52.51348231)
8;2018;8;17;6;3;5;3;0;1;0;0;0;0;0;0;POINT (13.42593452 52.49332718)
11;2018;8;11;6;3;2;7;0;1;1;0;0;0;0;0;POINT (13.47063843 52.54006705)
6;2018;8;11;2;3;5;2;0;0;1;0;1;0;0;0;POINT (13.35055534 52.4202175)
8;2018;8;17;6;3;2;2;0;0;1;0;0;0;0;0;POINT (13.44513604 52.47913787)
7;2018;8;16;6;2;5;3;0;1;1;0;0;0;0;1;POINT (13.3491736 52.46954063)
4;2018;8;16;6;3;6;2;0;0;1;1;0;0;0;0;POINT (13.31339246 52.51509114)
3;2018;8;10;2;3;5;2;0;0;1;0;0;0;0;0;POINT (13.43006219 52.55139272)
12;2018;8;9;3;3;2;6;0;0;1;0;0;1;0;0;POINT (13.33506172 52.58752651)
1;2018;8;15;6;3;5;2;0;1;1;0;0;0;0;1;POINT (13.38661576 52.53143841)
1;2018;8;10;2;3;0;1;0;0;0;0;1;0;0;0;POINT (13.40274888 52.52134226)
10;2018;8;16;3;2;5;3;0;1;1;0;0;0;0;0;POINT (13.59140516 52.53462956)
10;2018;8;15;6;3;5;3;0;1;1;0;0;0;0;0;POINT (13.56103815 52.51716182)
2;2018;8;15;6;3;5;3;0;0;1;0;1;0;0;0;POINT (13.47108976 52.50703219)
5;2018;8;9;2;3;5;3;0;0;1;0;1;0;0;0;POINT (13.18493372 52.53419665)
7;2018;8;15;6;3;2;6;0;0;1;0;0;0;1;1;POINT (13.37459154 52.46837613)
11;2018;8;14;6;2;8;1;0;0;1;0;0;0;0;0;POINT (13.5193294 52.57449982)
1;2018;8;8;2;3;3;2;0;1;0;0;0;1;0;0;POINT (13.38578885 52.51688627)
1;2018;8;19;3;2;5;2;1;1;1;0;0;0;0;0;POINT (13.39286567 52.5249503)
3;2018;8;14;6;3;1;5;0;1;1;0;0;0;0;0;POINT (13.40752534 52.54758393)
1;2018;8;8;2;3;2;6;0;0;1;0;0;0;0;0;POINT (13.35124442 52.53284316)
4;2018;8;14;6;3;5;2;0;0;1;0;0;0;0;0;POINT (13.28139778 52.51283628)
2;2018;8;8;2;3;5;2;0;1;1;0;0;0;0;0;POINT (13.46611598 52.50004617)
6;2018;8;8;3;3;5;3;0;1;1;0;0;0;0;0;POINT (13.30363809 52.45903753)
4;2018;8;13;6;2;0;6;0;1;0;0;0;0;0;0;POINT (13.33098465 52.49402719)
12;2018;8;8;2;3;6;4;0;1;0;1;0;0;0;0;POINT (13.30009248 52.56981546)
3;2018;8;15;3;2;5;3;0;1;0;0;0;0;0;0;POINT (13.43795976 52.5463983)
12;2018;8;13;6;3;5;2;0;1;1;0;0;0;0;0;POINT (13.2428922 52.60141617)
9;2018;8;13;6;3;2;6;0;0;1;0;0;0;0;0;POINT (13.46167102 52.48355517)
3;2018;8;8;2;2;5;2;0;1;1;0;0;0;0;0;POINT (13.42070963 52.56587977)
2;2018;8;12;5;3;4;6;0;1;0;0;0;0;0;0;POINT (13.42160905 52.4872417)
4;2018;8;15;5;3;5;3;0;0;1;0;0;0;0;0;POINT (13.21801082 52.50862724)
7;2018;8;8;2;3;1;7;0;1;1;0;0;0;0;0;POINT (13.37824286 52.42471145)
9;2018;8;0;1;3;1;1;2;0;1;0;0;0;1;0;POINT (13.54999184 52.4564915)
7;2018;8;18;3;3;2;7;0;1;1;0;0;0;0;0;POINT (13.32896772 52.46555304)
9;2018;8;22;5;3;2;6;2;0;1;0;0;0;0;0;POINT (13.57751868 52.4440761)
1;2018;8;20;2;3;0;5;2;0;1;0;1;0;0;0;POINT (13.38850526 52.56127398)
8;2018;8;23;5;3;2;6;2;0;1;0;0;0;0;0;POINT (13.42607298 52.47774372)
2;2018;8;21;5;3;2;2;2;1;1;0;0;0;0;0;POINT (13.41046207 52.50345395)
3;2018;8;17;2;3;2;2;0;1;1;0;0;0;0;0;POINT (13.45743734 52.52896477)
10;2018;8;20;5;3;5;3;1;1;1;0;0;0;0;0;POINT (13.56466276 52.55886264)
4;2018;8;20;5;3;3;6;2;0;1;0;0;0;0;0;POINT (13.27150437 52.50968732)
11;2018;8;7;2;3;5;5;0;1;1;0;0;0;0;0;POINT (13.51689245 52.49257677)
3;2018;8;18;5;3;6;4;0;0;1;1;0;0;0;0;POINT (13.4402692 52.55187674)
12;2018;8;18;3;3;5;3;0;1;1;0;0;0;0;0;POINT (13.32937437 52.56347375)
12;2018;8;18;5;3;5;3;0;1;1;0;0;0;0;0;POINT (13.29166496 52.57998326)
1;2018;8;7;2;3;5;2;0;0;1;0;0;0;1;0;POINT (13.34583013 52.54479124)
2;2018;8;17;3;3;5;7;0;1;1;0;0;0;0;0;POINT (13.42877248 52.51949754)
6;2018;8;18;5;3;5;2;0;0;1;0;0;0;0;0;POINT (13.31560059 52.44314061)
4;2018;8;10;5;3;3;5;0;1;0;0;0;0;1;0;POINT (13.32536468 52.5024414)
4;2018;8;17;5;3;5;7;0;0;1;0;0;0;1;0;POINT (13.29008791 52.51892053)
4;2018;8;6;2;3;2;7;0;1;0;0;0;0;1;0;POINT (13.28538662 52.48042449)
5;2018;8;9;3;3;5;2;0;1;1;0;0;0;0;0;POINT (13.19331433 52.54902086)
4;2018;8;17;5;3;2;6;0;0;1;0;0;0;0;0;POINT (13.3136167 52.50062816)
11;2018;8;6;2;3;5;2;0;0;1;0;0;0;1;0;POINT (13.52782703 52.48995641)
2;2018;8;5;2;3;5;3;1;1;1;0;0;0;0;0;POINT (13.39585108 52.49902663)
11;2018;8;16;5;2;5;3;0;1;0;0;0;0;0;0;POINT (13.52356163 52.49711851)
6;2018;8;11;3;3;0;7;0;0;0;0;0;0;1;0;POINT (13.26882055 52.4511068)
4;2018;8;16;5;3;5;2;0;1;1;0;0;0;0;0;POINT (13.31293647 52.4806082)
5;2018;8;11;1;2;0;2;0;0;1;0;0;0;0;0;POINT (13.18467475 52.51543944)
5;2018;8;17;3;2;6;4;0;0;1;1;0;0;0;0;POINT (13.26323324 52.54848585)
5;2018;8;15;5;3;5;3;0;1;1;0;0;0;0;0;POINT (13.12773883 52.47462462)
7;2018;8;13;5;3;5;3;0;1;0;0;1;0;0;1;POINT (13.38553049 52.46858787)
1;2018;8;1;1;3;6;2;2;0;1;1;0;0;0;0;POINT (13.37326772 52.55725042)
9;2018;8;13;5;3;5;2;0;0;1;0;0;0;0;0;POINT (13.4805996 52.46096729)
2;2018;8;12;5;3;3;6;0;0;1;0;1;0;0;0;POINT (13.42729762 52.51169471)
2;2018;8;15;1;3;0;3;0;1;0;0;0;0;1;1;POINT (13.41028837 52.50378598)
1;2018;8;23;3;3;5;3;2;1;1;0;0;0;0;0;POINT (13.34828249 52.50684309)
9;2018;8;12;5;3;5;3;0;0;1;0;1;0;0;1;POINT (13.52233436 52.42853561)
4;2018;8;23;1;3;5;2;2;0;1;0;0;0;0;0;POINT (13.32610873 52.53835873)
3;2018;8;15;3;3;0;3;0;1;1;0;0;0;0;0;POINT (13.38967398 52.57419654)
1;2018;8;12;5;3;5;2;0;1;1;0;0;0;0;0;POINT (13.38742017 52.53352674)
12;2018;8;10;5;3;2;6;0;0;1;0;0;0;0;0;POINT (13.29548416 52.55018895)
7;2018;8;23;1;3;6;2;2;0;1;1;0;0;0;0;POINT (13.35464774 52.49713471)
8;2018;8;16;3;3;6;4;0;0;1;1;0;0;0;0;POINT (13.43033991 52.46431126)
4;2018;8;9;5;3;2;6;0;1;1;0;0;0;0;0;POINT (13.31500107 52.51799475)
11;2018;8;9;5;3;5;2;0;1;1;0;0;0;0;0;POINT (13.52808853 52.55701349)
8;2018;8;23;1;3;1;5;2;0;1;0;0;0;1;0;POINT (13.43816262 52.45418932)
2;2018;8;8;5;3;6;4;0;1;0;1;0;0;0;0;POINT (13.43420278 52.52332381)
10;2018;8;7;5;2;5;2;0;1;1;0;0;0;0;0;POINT (13.59052255 52.52958279)
9;2018;8;22;1;3;2;2;2;0;1;0;1;0;0;0;POINT (13.5521086 52.43938084)
3;2018;8;1;3;3;0;1;2;0;0;0;1;0;0;0;POINT (13.43049373 52.54620493)
3;2018;8;7;5;3;5;2;0;1;1;0;0;0;0;0;POINT (13.41206526 52.53798446)
4;2018;8;21;1;3;0;7;2;0;0;0;1;0;1;1;POINT (13.27216373 52.49878512)
10;2018;8;14;3;3;5;2;0;1;1;0;0;0;0;0;POINT (13.604196 52.53860919)
8;2018;8;7;5;3;2;6;0;0;1;0;0;0;0;0;POINT (13.4348438 52.46677684)
3;2018;8;7;5;3;5;7;0;1;1;0;0;0;0;0;POINT (13.39796474 52.59274129)
9;2018;8;19;1;3;1;5;0;1;1;0;0;0;0;0;POINT (13.52327987 52.46432655)
10;2018;8;7;5;3;5;3;0;0;1;0;0;0;0;0;POINT (13.62929701 52.52009706)
3;2018;8;6;5;3;5;2;0;1;1;0;0;0;0;0;POINT (13.41760172 52.5908626)
8;2018;8;9;1;3;2;6;0;0;1;0;0;0;0;0;POINT (13.43493045 52.44003471)
9;2018;8;6;5;3;5;2;0;1;1;0;0;0;0;0;POINT (13.57608612 52.45285446)
3;2018;8;6;5;3;5;3;0;1;1;0;0;0;0;0;POINT (13.39876841 52.57056947)
8;2018;8;19;1;3;5;2;0;0;1;0;1;0;0;0;POINT (13.43567752 52.48380417)
11;2018;8;19;3;3;4;6;0;1;1;0;0;0;0;0;POINT (13.49641381 52.50688501)
6;2018;8;6;5;3;5;2;0;0;1;0;0;0;0;0;POINT (13.27404656 52.41852649)
11;2018;8;19;1;3;0;1;2;1;0;0;0;0;0;0;POINT (13.47984971 52.5061314)
3;2018;8;15;2;3;6;7;0;1;0;1;0;0;0;0;POINT (13.40095627 52.57166767)
3;2018;8;6;5;3;5;3;1;1;1;0;0;0;0;0;POINT (13.41082668 52.5306456)
2;2018;8;17;5;3;0;1;0;0;0;0;1;0;0;0;POINT (13.43191649 52.50568818)
1;2018;8;18;1;2;0;7;0;0;0;0;1;0;0;0;POINT (13.40174221 52.53034493)
6;2018;8;15;5;2;0;1;0;1;0;0;0;0;0;0;POINT (13.31827091 52.45835973)
4;2018;8;13;3;3;5;3;0;1;1;0;0;0;0;0;POINT (13.30238188 52.50197356)
3;2018;8;16;5;3;0;1;0;1;0;0;0;0;0;0;POINT (13.40971096 52.53854732)
7;2018;8;18;1;3;1;5;0;1;1;0;0;0;0;0;POINT (13.3472786 52.48519226)
10;2018;8;17;3;3;2;6;0;0;1;0;0;0;0;0;POINT (13.56012213 52.53409575)
5;2018;8;7;4;3;3;6;0;0;1;0;0;0;0;0;POINT (13.27477786 52.53574613)
1;2018;8;17;4;3;0;6;0;1;1;0;0;0;0;0;POINT (13.38676904 52.52742954)
2;2018;8;1;3;3;6;7;2;0;1;1;0;0;0;0;POINT (13.42887283 52.49855965)
2;2018;8;9;4;3;0;2;0;1;1;0;0;0;0;0;POINT (13.38020009 52.49866361)