bez;ujahr;umonat;ustunde;uwochentag;ukategorie;uart;utyp1;ulichtverh;istrad;istpkw;istfuss;istkrad;istgkfz;istsonstige;ustrzustand;geometry
10;2018;8;19;2;3;0;4;0;0;1;1;0;0;0;0;POINT (13.54900621 52.54344527)
10;2018;8;9;4;3;0;6;0;0;0;0;0;0;1;0;POINT (13.59909933 52.53505446)
1;2018;8;18;4;3;5;3;1;1;0;0;1;0;0;0;POINT (13.38479208 52.51436182)
6;2018;8;16;1;3;1;5;0;0;1;0;0;0;0;0;POINT (13.28227724 52.41629047)
3;2018;8;16;4;3;6;4;0;0;1;1;0;0;0;0;POINT (13.42572499 52.57981856)
1;2018;8;10;3;3;2;2;0;1;0;0;0;0;1;0;POINT (13.38604525 52.51551172)
5;2018;8;16;4;3;5;2;0;1;0;0;0;0;0;0;POINT (13.20127985 52.51216331)
4;2018;8;16;1;3;3;6;0;0;1;0;1;0;0;0;POINT (13.32469182 52.54184586)
5;2018;8;10;3;3;0;1;0;1;0;0;0;0;0;0;POINT (13.14878919 52.55675373)
3;2018;8;19;4;2;1;5;0;1;1;0;0;0;0;0;POINT (13.40314245 52.55865277)
7;2018;8;19;4;3;5;3;0;0;1;0;0;0;0;0;POINT (13.40314424 52.46342927)
4;2018;8;16;1;3;1;5;0;0;1;0;1;0;0;0;POINT (13.29220272 52.51912951)
12;2018;8;19;4;3;5;2;0;1;1;0;0;0;0;0;POINT (13.34645892 52.58967241)
8;2018;8;18;4;2;6;4;0;0;1;1;0;0;0;0;POINT (13.43135337 52.4663619)
6;2018;8;16;1;3;5;7;0;0;1;0;0;0;0;0;POINT (13.30474093 52.44858157)
12;2018;8;8;3;3;2;6;0;1;1;0;0;0;0;0;POINT (13.29116241 52.60873611)
12;2018;8;18;4;3;2;6;1;0;1;0;0;0;0;0;POINT (13.37290383 52.5642543)
3;2018;8;15;1;3;4;5;0;1;0;0;0;0;1;0;POINT (13.45567922 52.53744661)
6;2018;8;9;3;3;5;3;0;1;1;0;0;0;0;0;POINT (13.3435871 52.41543437)
6;2018;8;18;4;2;0;4;0;0;1;1;0;0;0;0;POINT (13.35137492 52.44000779)
2;2018;8;15;1;3;5;3;0;1;1;0;0;0;0;0;POINT (13.40785896 52.50428357)
3;2018;8;16;3;3;5;3;0;0;1;0;0;0;0;0;POINT (13.45020746 52.54348971)
9;2018;8;17;4;3;5;2;0;0;1;0;0;0;0;0;POINT (13.54646236 52.42637424)
3;2018;8;17;4;3;5;3;0;1;1;0;0;0;0;0;POINT (13.42255198 52.54460907)
10;2018;8;15;1;3;2;6;0;0;1;0;0;0;0;0;POINT (13.61001883 52.49416691)
1;2018;8;17;4;2;5;2;0;0;1;0;1;0;0;0;POINT (13.31438234 52.53032677)
1;2018;8;20;4;3;5;2;1;0;1;0;1;0;0;0;POINT (13.37555693 52.54120953)
1;2018;8;15;1;3;0;1;0;1;0;0;0;0;0;1;POINT (13.35465944 52.51701474)
4;2018;8;19;3;3;0;6;0;0;1;0;0;0;0;0;POINT (13.29371871 52.53473081)
12;2018;8;21;4;3;5;2;2;0;1;0;1;0;0;0;POINT (13.37754045 52.56271705)
3;2018;8;15;1;3;2;6;0;1;1;0;0;0;0;0;POINT (13.4512102 52.53993497)
8;2018;8;15;2;2;5;3;0;1;1;0;0;0;0;0;POINT (13.46653534 52.43338231)
1;2018;8;16;4;2;2;2;0;0;1;0;0;0;0;0;POINT (13.37834533 52.5343337)
1;2018;8;16;4;3;6;4;0;1;0;1;0;0;0;0;POINT (13.40364775 52.52578417)
11;2018;8;6;1;3;2;6;0;0;1;0;0;0;1;0;POINT (13.50596225 52.53473475)
4;2018;8;15;3;3;6;7;0;1;0;0;0;0;1;0;POINT (13.30609682 52.50855442)
9;2018;8;13;4;2;5;3;0;0;0;0;0;1;1;0;POINT (13.59341882 52.44956502)
2;2018;8;16;4;3;5;2;0;0;1;0;1;0;0;0;POINT (13.46150261 52.51210328)
11;2018;8;7;1;3;0;7;0;1;1;0;0;0;0;0;POINT (13.50287607 52.52629756)
9;2018;8;15;4;3;2;7;0;0;1;0;0;0;0;0;POINT (13.48717425 52.47596562)
7;2018;8;14;4;3;5;2;0;0;1;0;0;0;0;0;POINT (13.35025395 52.41431981)
4;2018;8;15;1;3;5;2;0;0;1;0;0;0;0;1;POINT (13.29668576 52.54810568)
4;2018;8;9;1;2;5;3;0;0;1;0;0;0;0;0;POINT (13.25889598 52.51185712)
9;2018;8;18;3;3;2;6;0;0;1;0;0;0;0;0;POINT (13.54608462 52.45706741)
5;2018;8;21;4;3;1;5;2;1;1;0;0;0;0;0;POINT (13.19748566 52.54071307)
11;2018;8;6;2;3;5;3;0;1;1;0;0;0;0;0;POINT (13.51974962 52.57862403)
7;2018;8;14;4;3;5;2;0;0;1;0;1;0;0;0;POINT (13.37880844 52.43765713)
1;2018;8;14;4;3;6;4;0;0;0;1;1;0;0;0;POINT (13.40494676 52.51744969)
8;2018;8;15;1;3;5;7;0;0;1;0;1;0;0;0;POINT (13.45698606 52.45335021)
6;2018;8;14;4;3;4;6;0;0;1;1;0;0;1;0;POINT (13.33069039 52.4448573)
1;2018;8;13;3;3;2;6;0;0;1;0;0;0;1;0;POINT (13.34807697 52.54860468)
8;2018;8;13;4;3;6;4;0;0;1;1;0;0;0;0;POINT (13.43237722 52.46648296)
9;2018;8;13;4;3;2;6;0;0;1;0;1;0;0;0;POINT (13.58413983 52.44395406)
7;2018;8;15;1;3;5;2;0;1;1;0;0;0;0;0;POINT (13.3470103 52.50087993)
2;2018;8;12;4;3;5;2;0;0;1;0;1;0;0;0;POINT (13.40648268 52.49832609)
12;2018;8;16;3;3;2;6;0;0;1;0;0;0;0;0;POINT (13.34017841 52.5881074)
4;2018;8;11;4;3;1;5;0;1;1;0;0;0;0;0;POINT (13.31862585 52.4961884)
4;2018;8;15;1;3;5;3;0;0;1;0;0;0;0;0;POINT (13.32031213 52.49804092)
3;2018;8;17;3;2;5;3;0;0;1;0;0;0;1;0;POINT (13.47077444 52.61027534)
10;2018;8;8;4;3;0;3;0;0;0;0;0;0;1;0;POINT (13.60520756 52.48792641)
12;2018;8;9;4;3;0;7;0;0;1;0;1;0;0;0;POINT (13.34006397 52.58807992)
3;2018;8;9;4;3;0;4;0;1;0;1;0;0;0;0;POINT (13.44404878 52.5338481)
8;2018;8;15;1;3;5;3;0;0;1;0;1;0;0;0;POINT (13.4492687 52.46850649)
1;2018;8;8;4;3;4;6;0;0;1;0;1;0;0;0;POINT (13.38699198 52.5383517)
9;2018;8;10;3;3;5;2;0;1;1;0;0;0;0;0;POINT (13.50745898 52.46324359)
1;2018;8;19;4;3;0;7;0;1;0;0;0;0;0;0;POINT (13.39137753 52.53045781)
3;2018;8;14;1;3;5;2;0;0;1;0;1;0;0;0;POINT (13.47755262 52.56057497)
12;2018;8;6;3;3;0;1;0;0;0;0;1;0;0;0;POINT (13.32624825 52.59168664)
8;2018;8;12;4;2;0;7;0;0;1;0;0;0;0;0;POINT (13.45129328 52.46516153)
12;2018;8;14;1;3;2;6;0;0;1;0;1;0;0;0;POINT (13.28829745 52.59559546)
9;2018;8;11;3;3;3;6;0;0;1;0;0;0;0;0;POINT (13.54834923 52.42748191)
3;2018;8;19;4;2;0;1;0;1;0;0;0;0;0;0;POINT (13.47275621 52.60698338)
2;2018;8;8;4;3;0;7;0;1;0;0;0;0;1;1;POINT (13.41772159 52.49926201)
1;2018;8;14;1;2;0;7;0;1;0;0;0;0;0;0;POINT (13.35762432 52.54538191)
1;2018;8;21;4;3;0;1;2;1;0;0;0;0;0;1;POINT (13.3614145 52.50324064)
4;2018;8;8;4;3;2;4;0;0;1;1;0;0;0;0;POINT (13.33253216 52.5060221)
12;2018;8;14;1;3;8;1;0;0;0;0;0;0;1;0;POINT (13.30350906 52.57787937)
3;2018;8;9;3;3;2;6;0;0;1;0;0;0;0;0;POINT (13.47343316 52.54868712)
5;2018;8;8;4;3;5;3;0;0;1;0;0;0;0;0;POINT (13.19480787 52.53439592)
4;2018;8;14;1;2;5;2;0;0;1;0;1;0;0;1;POINT (13.30815402 52.47786561)
1;2018;8;8;3;3;3;6;0;0;0;0;1;0;1;0;POINT (13.3251032 52.52513608)
2;2018;8;8;4;3;0;7;0;1;0;0;0;0;1;1;POINT (13.41769648 52.49926927)
5;2018;8;8;4;3;5;2;0;0;1;0;0;0;0;0;POINT (13.23222891 52.54066411)
7;2018;8;14;1;3;5;3;0;1;1;0;0;0;0;0;POINT (13.3460323 52.49583364)
4;2018;8;8;4;3;5;2;0;1;1;0;0;0;0;0;POINT (13.32228695 52.52111677)
4;2018;8;7;4;3;0;3;0;1;1;0;0;0;0;0;POINT (13.29595125 52.48117339)
4;2018;8;13;1;3;2;6;0;0;1;0;0;0;0;0;POINT (13.27776395 52.51839311)
10;2018;8;7;4;3;5;3;0;1;1;0;0;0;0;0;POINT (13.5505067 52.53394823)
4;2018;8;12;1;3;2;6;0;0;1;0;1;0;0;0;POINT (13.33143388 52.4965319)
9;2018;8;7;4;3;5;2;0;0;1;0;1;0;0;0;POINT (13.51710539 52.44458904)
1;2018;8;6;4;3;0;7;0;1;0;0;0;0;0;0;POINT (13.38419555 52.52965373)
2;2018;8;12;1;3;5;2;0;1;1;0;0;0;0;0;POINT (13.43288093 52.51781931)
4;2018;8;22;3;3;5;3;2;0;1;0;0;0;0;0;POINT (13.27353374 52.54168918)
2;2018;8;5;4;2;3;2;0;1;0;0;0;1;0;0;POINT (13.45356431 52.51413557)
12;2018;8;12;1;3;5;3;0;0;1;0;0;0;0;0;POINT (13.31251217 52.56953511)
4;2018;8;14;3;3;5;2;0;0;1;0;0;0;0;0;POINT (13.28096969 52.47683056)
1;2018;8;5;4;2;6;4;2;0;0;1;1;0;0;0;POINT (13.41530803 52.52687577)
5;2018;8;10;4;3;5;2;0;1;1;0;0;0;0;0;POINT (13.22579598 52.55443955)
8;2018;8;7;1;3;5;2;0;1;1;0;0;0;0;0;POINT (13.43436357 52.45150534)
12;2018;8;5;3;3;5;7;1;1;1;0;0;0;0;0;POINT (13.24113348 52.61813948)
7;2018;8;7;1;3;5;7;0;1;1;0;0;0;0;0;POINT (13.36416215 52.4758967)
10;2018;8;11;1;2;6;2;0;0;0;1;0;0;1;0;POINT (13.55267047 52.50751623)
12;2018;8;7;3;3;5;2;0;0;1;0;0;0;0;0;POINT (13.36250491 52.56725856)
3;2018;9;16;1;2;5;3;0;0;1;0;1;0;0;0;POINT (13.43314037 52.60621246)
5;2018;8;6;4;3;3;6;1;0;1;0;0;0;0;0;POINT (13.24875101 52.53796189)
1;2018;9;23;1;3;0;1;2;1;0;0;0;0;0;0;POINT (13.39873383 52.53258011)
4;2018;9;17;1;3;5;2;0;0;1;0;1;0;0;0;POINT (13.28680019 52.49581754)
7;2018;8;7;4;2;5;5;0;1;1;0;0;0;0;1;POINT (13.34318434 52.48620031)
6;2018;8;15;4;3;5;3;0;0;1;0;0;0;1;1;POINT (13.35997634 52.43432589)
4;2018;9;13;1;3;5;3;0;0;1;0;0;0;0;0;POINT (13.31461129 52.54745811)
3;2018;8;9;4;2;4;1;0;0;1;0;0;0;0;1;POINT (13.46328872 52.58397595)
7;2018;9;16;1;3;1;5;0;0;1;0;0;0;0;0;POINT (13.40110444 52.42591864)
6;2018;8;13;4;3;2;6;0;0;1;0;0;1;0;1;POINT (13.27333074 52.40980445)
8;2018;9;14;1;3;8;1;0;0;0;0;1;0;0;0;POINT (13.45840515 52.47271178)
6;2018;9;15;1;3;8;1;0;0;1;0;0;0;0;0;POINT (13.18922518 52.45519305)
11;2018;8;11;4;3;5;2;0;0;1;0;0;0;0;1;POINT (13.48051947 52.49905929)
6;2018;8;12;4;3;5;2;0;0;1;0;0;0;0;1;POINT (13.10925267 52.41401069)
5;2018;8;11;4;2;2;6;0;0;1;0;0;0;0;1;POINT (13.19836502 52.54286398)
7;2018;9;13;1;3;5;3;0;1;0;0;0;0;0;0;POINT (13.38539191 52.46573261)
6;2018;9;13;1;3;5;3;0;1;1;0;0;0;0;0;POINT (13.34651504 52.45990299)
4;2018;8;10;4;3;5;3;0;0;1;0;0;0;0;0;POINT (13.30892797 52.54759089)
3;2018;8;8;4;2;5;5;0;0;1;0;0;0;0;0;POINT (13.4870016 52.62140926)
5;2018;9;13;1;2;1;5;0;1;1;0;0;0;0;0;POINT (13.16839467 52.51733175)
12;2018;8;9;4;3;9;1;0;0;1;0;0;0;0;1;POINT (13.33919551 52.59583105)
8;2018;8;10;7;3;0;4;0;1;0;1;0;0;0;0;POINT (13.4611098 52.47140101)
4;2018;9;13;1;3;2;6;0;0;1;0;1;0;0;0;POINT (13.29998706 52.51961736)
4;2018;8;23;4;3;5;2;2;0;1;0;1;0;0;1;POINT (13.33691528 52.50085244)
6;2018;9;12;1;3;6;4;0;0;1;1;0;0;0;0;POINT (13.30274897 52.43749762)
2;2018;9;12;1;3;0;2;0;1;1;0;0;0;0;0;POINT (13.41893539 52.49888383)
2;2018;8;21;4;3;1;1;2;1;1;0;0;0;0;1;POINT (13.45235126 52.51062976)
9;2018;8;21;4;3;5;3;2;0;1;0;0;0;0;1;POINT (13.71367466 52.43197768)
4;2018;9;11;1;3;2;7;0;0;1;0;1;0;0;0;POINT (13.32179276 52.52102004)
2;2018;8;20;4;3;0;3;2;0;1;0;0;0;1;1;POINT (13.39777897 52.49536028)
3;2018;8;19;4;3;2;6;1;1;1;0;0;0;0;0;POINT (13.36698874 52.58574207)
5;2018;9;10;1;3;5;3;0;0;1;0;0;0;0;0;POINT (13.17083179 52.53367465)
2;2018;9;10;1;3;5;2;0;1;0;0;0;1;0;0;POINT (13.44670947 52.50261179)
4;2018;8;19;4;3;5;2;2;1;1;0;0;0;0;1;POINT (13.325024 52.51750784)
8;2018;9;10;1;2;5;2;0;1;1;0;0;0;0;0;POINT (13.50345419 52.41161925)
1;2018;9;9;1;3;5;3;0;1;1;0;0;0;0;0;POINT (13.33491166 52.52480448)
11;2018;9;5;1;3;3;6;2;1;1;0;0;0;0;0;POINT (13.52532873 52.48137775)
1;2018;8;18;4;3;2;6;0;0;1;0;1;0;0;1;POINT (13.42108642 52.52451859)
2;2018;9;8;1;3;1;5;0;1;1;0;0;0;0;0;POINT (13.38857814 52.50659961)
8;2018;9;9;1;3;5;7;0;0;1;0;0;0;0;0;POINT (13.43399216 52.44283041)
5;2018;8;18;4;3;6;4;0;0;1;1;0;0;0;1;POINT (13.21280199 52.56105613)
10;2018;8;18;4;3;2;1;0;0;1;0;0;0;0;1;POINT (13.57707486 52.5401015)
2;2018;9;8;1;2;3;6;0;1;0;0;0;0;0;0;POINT (13.38625269 52.50608586)
2;2018;8;18;4;3;2;6;1;0;1;0;1;0;0;1;POINT (13.42623255 52.4993554)
4;2018;9;8;1;3;0;3;0;1;0;0;1;0;0;0;POINT (13.32172836 52.50187389)
5;2018;9;8;1;2;5;2;0;0;1;0;1;0;0;0;POINT (13.24168325 52.54338822)
1;2018;8;17;4;3;0;3;0;1;1;0;0;0;0;1;POINT (13.40987296 52.52902687)
6;2018;9;8;1;3;5;2;0;1;0;0;0;1;0;0;POINT (13.31580438 52.4430759)
3;2018;9;7;1;2;3;6;0;1;0;0;0;0;0;0;POINT (13.4091174 52.54129249)
3;2018;8;17;4;2;0;3;0;0;1;0;1;0;0;1;POINT (13.5015314 52.63018314)
1;2018;8;16;4;3;5;3;0;0;1;0;0;0;0;0;POINT (13.39500856 52.50976556)
9;2018;9;7;1;3;3;2;0;1;1;0;0;0;0;0;POINT (13.51305693 52.46719975)
1;2018;8;20;4;2;0;1;2;1;0;0;0;0;0;0;POINT (13.37088903 52.52344605)
2;2018;8;18;4;3;0;1;0;0;0;0;1;0;0;1;POINT (13.40707412 52.50467335)
5;2018;8;17;4;3;0;1;0;0;0;0;1;0;0;1;POINT (13.18017311 52.50915129)
10;2018;9;8;1;3;0;4;0;0;0;1;1;0;0;0;POINT (13.52446948 52.53642878)
12;2018;8;11;4;3;5;2;0;0;1;0;0;0;1;1;POINT (13.32654192 52.58744885)
1;2018;8;6;4;3;5;7;0;1;0;0;0;0;1;0;POINT (13.40249199 52.53122399)
5;2018;9;7;1;3;5;7;0;0;1;0;1;0;0;0;POINT (13.182975 52.53835485)
1;2018;8;12;7;3;2;6;0;1;0;0;0;0;0;0;POINT (13.39626437 52.53833902)
2;2018;9;7;1;3;5;2;0;0;1;0;0;0;0;0;POINT (13.40662879 52.4984714)
6;2018;8;13;3;3;0;3;0;0;1;0;0;0;1;0;POINT (13.33456393 52.46409937)
8;2018;9;7;1;3;5;3;0;1;1;0;0;0;0;0;POINT (13.44058267 52.46205677)
12;2018;9;7;1;3;2;6;0;1;1;0;0;0;0;0;POINT (13.36097917 52.57432227)
1;2018;8;18;3;2;3;6;0;0;1;0;1;0;0;0;POINT (13.35665738 52.55267993)
10;2018;8;19;3;3;5;2;1;0;1;0;1;0;0;0;POINT (13.60434212 52.53866609)
5;2018;9;7;1;3;5;2;0;1;1;0;0;0;0;0;POINT (13.16269701 52.52006876)
2;2018;8;22;3;3;5;3;2;1;1;0;0;0;0;0;POINT (13.42976847 52.49826054)
5;2018;8;13;7;3;5;3;0;1;1;0;0;0;0;0;POINT (13.1719358 52.55012102)
3;2018;9;7;1;3;0;1;0;1;0;0;0;0;0;0;POINT (13.45704797 52.52955718)
6;2018;8;20;3;3;0;7;1;0;1;0;1;0;0;0;POINT (13.33257553 52.46594921)
3;2018;9;6;1;3;5;2;0;1;1;0;0;0;0;0;POINT (13.45781589 52.52904017)
2;2018;9;5;1;2;6;2;2;0;1;1;0;0;0;1;POINT (13.43206287 52.50571584)
9;2018;8;20;3;3;5;2;2;0;1;0;0;0;0;0;POINT (13.47875032 52.47759269)
4;2018;9;6;1;3;4;1;0;0;1;0;0;0;0;1;POINT (13.33116067 52.51214183)
12;2018;8;19;3;3;0;3;1;0;1;0;1;0;0;0;POINT (13.3387096 52.605595)
12;2018;9;5;1;3;5;3;0;0;1;0;1;0;0;0;POINT (13.22971632 52.60661192)
1;2018;9;15;1;3;3;6;0;1;0;0;0;0;1;0;POINT (13.38772636 52.52341984)
3;2018;8;17;3;3;5;2;0;0;1;0;0;0;0;0;POINT (13.46847816 52.56214229)
1;2018;9;17;1;3;5;3;0;1;1;0;0;0;0;0;POINT (13.36043137 52.54859949)
3;2018;8;19;3;2;6;2;0;0;0;1;0;1;0;0;POINT (13.45740413 52.5289585)
1;2018;8;18;3;3;6;4;0;0;1;1;0;0;0;0;POINT (13.36815195 52.52595544)
8;2018;9;20;1;2;6;4;2;0;0;1;1;0;0;0;POINT (13.42819139 52.47332473)
9;2018;8;16;3;3;0;1;0;1;0;0;0;0;0;0;POINT (13.52246492 52.44805834)
1;2018;9;18;7;3;2;6;0;0;1;0;0;0;0;0;POINT (13.39247014 52.56404933)
3;2018;8;16;3;3;2;2;0;0;1;0;0;0;0;0;POINT (13.48769672 52.61815163)
2;2018;9;19;7;3;5;3;0;1;0;0;0;0;0;0;POINT (13.41212629 52.49867962)
3;2018;9;20;7;3;5;2;2;1;0;0;0;0;1;0;POINT (13.42793673 52.54550926)
7;2018;8;15;3;3;1;5;0;1;1;0;0;0;0;0;POINT (13.34668633 52.498909)
6;2018;8;15;3;3;5;3;0;0;1;0;0;0;1;0;POINT (13.36199381 52.43468542)
1;2018;9;20;7;3;6;4;2;1;0;1;0;0;0;0;POINT (13.38645351 52.52167479)
11;2018;8;15;3;3;5;3;0;0;1;0;0;0;0;0;POINT (13.52364242 52.48704237)
6;2018;8;14;3;3;5;3;0;0;1;0;0;0;0;0;POINT (13.32914135 52.42302502)
4;2018;8;14;3;3;5;2;0;1;1;0;0;0;0;0;POINT (13.30294354 52.51866744)
4;2018;9;18;7;3;5;7;0;0;0;0;1;0;1;0;POINT (13.31468691 52.51141198)
1;2018;9;5;7;3;5;2;2;0;1;0;0;0;0;0;POINT (13.41816886 52.51559021)
8;2018;8;14;3;3;1;6;0;0;1;0;1;0;0;0;POINT (13.42373882 52.4198342)
9;2018;9;10;7;3;5;3;0;0;1;0;1;0;0;0;POINT (13.54061496 52.40380052)
5;2018;9;14;7;3;2;6;0;0;1;0;0;0;0;0;POINT (13.21397543 52.53854492)
9;2018;8;14;3;3;5;2;0;1;1;0;0;0;0;0;POINT (13.59320697 52.45267506)
2;2018;8;14;3;3;6;4;0;0;1;1;0;0;0;0;POINT (13.40384861 52.49522896)
8;2018;9;14;7;3;5;3;0;1;0;0;0;0;0;0;POINT (13.495092 52.43174871)
4;2018;8;14;3;3;0;2;0;0;1;0;0;0;1;0;POINT (13.28770211 52.4960835)
2;2018;8;13;3;3;5;3;0;0;1;0;0;0;0;0;POINT (13.41390222 52.50037029)
9;2018;9;15;7;3;5;3;0;0;0;0;1;0;1;0;POINT (13.49225964 52.44996352)
1;2018;9;14;7;3;6;7;0;1;0;1;0;0;0;0;POINT (13.38432977 52.55091745)
9;2018;8;12;3;3;5;3;0;1;1;0;0;0;0;0;POINT (13.46084958 52.45421207)
4;2018;9;13;7;2;5;7;0;0;1;0;0;0;0;1;POINT (13.31751297 52.50611444)
3;2018;8;12;3;3;5;3;0;1;1;0;0;0;0;0;POINT (13.45749981 52.52909438)
1;2018;9;3;7;3;0;7;2;1;0;0;0;0;0;0;POINT (13.37911028 52.55244458)
3;2018;9;4;7;2;0;1;2;1;0;0;0;0;0;0;POINT (13.39081996 52.56783942)
1;2018;8;12;3;3;0;6;0;1;1;0;0;0;0;0;POINT (13.37982731 52.55290566)
2;2018;9;12;6;3;5;3;0;1;1;0;0;0;0;0;POINT (13.45227333 52.52745697)
3;2018;9;11;6;3;2;7;0;0;1;0;1;0;0;0;POINT (13.40332701 52.56553849)
12;2018;8;11;3;3;2;6;0;0;1;0;0;0;0;0;POINT (13.30876588 52.55743321)
6;2018;8;10;3;3;1;5;0;1;1;0;0;0;1;0;POINT (13.33041313 52.42924388)
1;2018;9;23;6;3;4;6;2;1;1;0;0;0;0;0;POINT (13.36850628 52.54629049)
6;2018;8;10;3;2;1;5;0;1;0;0;0;1;0;0;POINT (13.23048493 52.42752408)
7;2018;8;9;3;2;6;4;0;0;1;1;0;0;0;0;POINT (13.39287562 52.41272133)
3;2018;9;13;6;3;2;6;0;1;0;0;0;0;0;0;POINT (13.40095597 52.55108627)
5;2018;8;17;7;3;5;2;0;0;1;0;0;0;1;0;POINT (13.19948158 52.53477409)
2;2018;9;15;6;3;6;4;0;1;0;1;0;0;0;0;POINT (13.42383114 52.48833302)
1;2018;8;9;3;3;5;3;0;1;1;0;0;0;0;0;POINT (13.34689773 52.51969648)
1;2018;9;18;6;3;4;5;0;0;1;0;1;0;0;0;POINT (13.3311867 52.52561887)
4;2018;8;9;3;3;6;4;0;1;0;1;0;0;0;0;POINT (13.30189604 52.52575089)
3;2018;8;8;3;3;0;1;0;0;0;0;1;0;0;0;POINT (13.41837691 52.52851548)
2;2018;9;19;6;3;0;6;1;1;1;0;0;0;0;0;POINT (13.42961395 52.52556663)
11;2018;8;8;3;3;0;3;0;0;1;0;0;0;1;0;POINT (13.49688332 52.5701353)
1;2018;8;8;3;3;5;2;0;0;1;0;1;0;0;0;POINT (13.34289588 52.52537457)
1;2018;9;17;6;2;3;6;0;0;1;0;1;0;0;0;POINT (13.34333443 52.53148542)
11;2018;8;7;3;2;6;4;0;0;1;1;0;0;0;0;POINT (13.51835233 52.50564801)
2;2018;9;18;6;2;1;5;0;1;1;0;0;0;0;0;POINT (13.40652841 52.50034657)
3;2018;8;7;3;3;5;2;0;1;1;0;0;0;0;0;POINT (13.45345726 52.59138343)
8;2018;9;12;6;3;3;3;0;0;1;0;0;0;0;0;POINT (13.42710096 52.48729148)
7;2018;9;15;6;3;1;5;0;1;1;0;0;0;0;0;POINT (13.34635108 52.48922537)
1;2018;8;6;3;3;5;2;0;0;1;0;1;0;0;0;POINT (13.40247661 52.51186982)
4;2018;8;6;3;3;5;2;0;1;1;0;0;0;0;0;POINT (13.31529261 52.51473555)
9;2018;8;2;3;2;9;7;2;0;1;0;0;0;0;0;POINT (13.59248402 52.45484706)
11;2018;9;16;6;3;6;4;0;1;1;1;0;0;0;0;POINT (13.51722721 52.48780597)
4;2018;9;14;6;3;5;2;0;0;1;0;0;0;0;0;POINT (13.29639301 52.52928364)
2;2018;8;8;3;3;1;5;0;1;1;0;0;0;0;0;POINT (13.40818368 52.504366)
9;2018;9;18;6;3;3;6;0;0;1;0;0;0;1;0;POINT (13.54223417 52.45761947)
4;2018;9;10;6;3;5;3;0;0;1;0;1;0;0;0;POINT (13.31117128 52.49608467)
10;2018;8;15;2;3;0;3;0;1;0;0;0;0;1;0;POINT (13.5657232 52.50438689)
8;2018;9;13;6;2;0;1;0;1;0;0;0;0;0;0;POINT (13.49421895 52.43076493)
1;2018;8;15;2;3;0;6;0;1;0;0;0;0;0;0;POINT (13.41115557 52.509651)
2;2018;9;14;6;2;0;1;0;0;0;0;1;0;0;0;POINT (13.41233561 52.50317902)
4;2018;9;9;6;3;7;7;0;0;0;0;0;0;1;0;POINT (13.3312105 52.51614008)
4;2018;8;17;2;3;1;7;0;1;1;0;0;0;0;0;POINT (13.30886381 52.48736797)
4;2018;8;16;2;3;0;4;0;0;0;1;1;0;0;0;POINT (13.30089602 52.53949052)
12;2018;9;20;6;3;1;5;2;1;1;0;1;0;0;0;POINT (13.28889266 52.5809285)
1;2018;8;15;2;3;2;6;0;1;0;0;0;0;0;0;POINT (13.35044696 52.51284118)
4;2018;8;15;2;3;6;7;0;0;1;1;0;0;0;0;POINT (13.32026537 52.47159718)
6;2018;9;8;6;3;1;5;0;1;1;0;0;0;0;0;POINT (13.30205035 52.45700328)
3;2018;9;6;6;3;1;6;0;0;1;0;0;0;0;0;POINT (13.39890258 52.56577116)
12;2018;8;14;2;3;5;2;0;0;1;0;0;0;0;0;POINT (13.31312925 52.57495036)
9;2018;9;20;6;3;5;3;2;0;1;0;0;0;0;0;POINT (13.55228959 52.43933581)
7;2018;9;20;6;3;5;2;2;1;1;0;0;0;0;0;POINT (13.34699345 52.50088354)
8;2018;8;14;2;3;2;6;0;0;1;0;1;0;0;0;POINT (13.44677181 52.43985197)
2;2018;8;13;2;3;5;7;0;0;1;0;1;0;0;0;POINT (13.40876972 52.5042017)
2;2018;9;4;6;3;5;3;2;1;1;0;0;0;0;0;POINT (13.42616561 52.51589825)
1;2018;9;2;6;2;0;1;2;1;0;0;0;0;0;0;POINT (13.39875982 52.53258512)
4;2018;8;11;2;3;3;6;0;1;0;0;0;0;1;0;POINT (13.31756158 52.4881651)
6;2018;8;9;2;3;1;5;0;1;1;0;0;0;0;0;POINT (13.27406589 52.45746142)
8;2018;9;18;6;2;5;2;0;0;1;0;1;0;0;0;POINT (13.44519557 52.4791521)
7;2018;8;9;2;3;5;3;0;1;1;0;0;0;0;0;POINT (13.3693186 52.4928062)
1;2018;8;9;2;3;5;3;0;1;1;0;0;0;0;0;POINT (13.31441557 52.53023741)
10;2018;9;21;6;2;0;1;2;0;0;0;1;0;0;0;POINT (13.57463291 52.55514944)
12;2018;8;8;5;3;6;7;0;1;0;1;0;0;0;0;POINT (13.30690138 52.57100116)
2;2018;8;7;2;3;0;2;0;1;1;0;0;0;0;0;POINT (13.45391992 52.51223521)
9;2018;8;16;5;3;5;2;0;0;1;0;0;0;0;0;POINT (13.52665666 52.42649577)
5;2018;8;19;5;3;2;7;0;0;1;0;0;0;0;0;POINT (13.18771689 52.54703431)
9;2018;8;7;2;3;6;2;0;0;1;1;0;0;0;0;POINT (13.55403933 52.43788233)