bez;ujahr;umonat;ustunde;uwochentag;ukategorie;uart;utyp1;ulichtverh;istrad;istpkw;istfuss;istkrad;istgkfz;istsonstige;ustrzustand;geometry
3;2018;8;7;2;3;2;6;0;0;1;0;0;0;0;0;POINT (13.44506515 52.6154803)
7;2018;8;12;5;3;6;2;0;0;1;1;0;0;0;0;POINT (13.34056345 52.5024262)
8;2018;8;15;2;2;6;4;0;0;1;1;0;0;0;0;POINT (13.44583501 52.47241702)
5;2018;8;15;2;2;0;7;0;1;0;0;0;0;0;0;POINT (13.19797274 52.53918687)
1;2018;8;17;5;3;5;2;0;1;1;0;0;0;0;0;POINT (13.34508473 52.54662679)
6;2018;8;15;2;3;0;1;0;0;0;0;1;0;0;0;POINT (13.31796062 52.45423689)
7;2018;8;14;2;3;3;3;0;1;1;0;0;0;0;0;POINT (13.34957327 52.48581296)
5;2018;8;17;5;3;5;3;0;1;1;0;0;0;0;0;POINT (13.17728505 52.51557132)
8;2018;8;17;5;3;5;2;0;0;1;0;1;0;0;0;POINT (13.43519656 52.4264281)
10;2018;8;12;2;3;0;7;0;1;0;0;0;0;0;0;POINT (13.55216281 52.53380549)
1;2018;8;17;5;3;6;4;0;0;1;1;0;0;0;0;POINT (13.38739031 52.54996447)
2;2018;8;15;5;3;6;4;0;0;1;1;0;0;0;0;POINT (13.43800224 52.52156989)
6;2018;8;11;2;3;0;7;0;0;0;0;1;0;1;0;POINT (13.28824926 52.42010221)
1;2018;8;21;2;3;6;4;2;1;0;1;0;0;0;0;POINT (13.40281493 52.52415491)
4;2018;8;15;5;3;5;3;0;1;1;0;0;0;0;0;POINT (13.31680433 52.49127694)
2;2018;8;18;2;3;1;5;0;1;1;0;0;0;0;0;POINT (13.38327463 52.49291786)
3;2018;8;14;5;3;6;2;0;0;1;1;0;0;0;0;POINT (13.44109956 52.54955394)
7;2018;8;18;2;3;0;3;0;1;1;0;0;0;0;0;POINT (13.33002094 52.46635798)
7;2018;8;15;5;3;5;3;0;0;1;0;0;0;0;0;POINT (13.37306942 52.42488723)
2;2018;8;14;5;3;6;3;0;0;1;1;0;0;0;0;POINT (13.43173046 52.51454388)
2;2018;8;17;2;2;3;6;0;0;0;0;1;0;1;0;POINT (13.45165494 52.51076054)
12;2018;8;17;2;2;5;2;0;1;1;0;0;0;0;0;POINT (13.34602243 52.59153662)
12;2018;8;14;5;3;5;2;0;1;1;0;0;0;0;0;POINT (13.3286089 52.56940152)
11;2018;8;22;2;2;2;6;2;1;0;0;0;0;1;0;POINT (13.52623434 52.49311417)
4;2018;8;13;5;3;5;3;0;0;1;0;0;0;0;0;POINT (13.29674626 52.54812398)
8;2018;8;16;2;3;5;3;0;0;1;0;0;0;1;0;POINT (13.45219949 52.48118797)
8;2018;8;7;2;1;5;2;0;0;0;0;1;1;0;0;POINT (13.41688292 52.41822171)
1;2018;8;13;5;3;5;7;0;1;1;0;0;0;0;0;POINT (13.39841414 52.52651824)
9;2018;8;10;1;3;1;5;0;1;1;0;0;0;0;0;POINT (13.55300497 52.43879385)
9;2018;8;15;5;3;2;6;0;0;1;0;0;0;0;0;POINT (13.55354114 52.43122156)
1;2018;8;15;1;3;0;2;0;0;1;0;1;0;0;0;POINT (13.36556482 52.52531382)
8;2018;8;17;5;3;2;6;0;0;1;0;0;0;0;0;POINT (13.45566806 52.43029976)
9;2018;8;16;5;3;2;6;0;0;1;0;0;0;0;0;POINT (13.58273074 52.44256694)
11;2018;8;16;1;3;2;6;0;0;1;0;0;0;0;0;POINT (13.52244251 52.47618717)
1;2018;8;22;1;3;6;4;2;1;0;1;0;0;0;0;POINT (13.40293649 52.51033394)
5;2018;8;13;5;2;2;2;0;1;1;0;0;0;0;0;POINT (13.19844291 52.53963354)
1;2018;8;20;1;3;2;6;1;0;1;0;1;0;0;0;POINT (13.41000969 52.5287596)
8;2018;8;18;1;3;6;4;0;0;1;1;0;0;0;0;POINT (13.43325824 52.46416439)
3;2018;8;14;5;3;5;3;0;0;1;0;0;0;1;0;POINT (13.49884463 52.63353455)
1;2018;8;19;5;3;9;1;1;0;1;0;0;0;0;0;POINT (13.37922529 52.52944943)
1;2018;8;18;1;3;3;6;0;1;0;0;1;0;0;0;POINT (13.3801666 52.52974974)
3;2018;8;13;5;3;5;3;0;1;0;0;0;0;0;0;POINT (13.42653588 52.5438452)
1;2018;9;17;1;3;2;7;0;1;0;0;0;0;1;0;POINT (13.40151644 52.52940647)
4;2018;8;22;5;2;3;6;2;0;1;0;1;0;0;0;POINT (13.27409553 52.50031541)
2;2018;8;18;1;3;2;6;0;0;1;0;1;0;0;0;POINT (13.41696399 52.49071439)
11;2018;8;21;5;3;0;6;2;1;0;0;0;0;1;0;POINT (13.49868862 52.51569038)
1;2018;8;21;5;3;1;7;2;0;1;0;0;0;0;0;POINT (13.37154872 52.55480335)
8;2018;8;18;1;3;5;3;0;1;1;0;0;0;0;0;POINT (13.44505607 52.45256759)
9;2018;8;17;1;3;2;2;0;0;1;0;0;0;0;0;POINT (13.51460507 52.46891168)
1;2018;8;21;5;3;2;2;2;1;1;0;0;0;0;0;POINT (13.40624423 52.53224335)
4;2018;8;17;1;3;5;2;0;1;0;0;0;0;0;0;POINT (13.33311693 52.48712129)
7;2018;9;16;1;3;6;4;0;1;0;1;0;0;0;0;POINT (13.371594 52.49252327)
8;2018;8;17;1;3;5;2;0;0;1;0;1;0;0;0;POINT (13.45039122 52.48624327)
5;2018;8;20;5;3;0;6;2;0;0;0;1;0;0;0;POINT (13.19475607 52.54513356)
8;2018;8;19;5;3;5;3;0;1;0;0;0;0;1;0;POINT (13.49857605 52.41039484)
8;2018;8;17;1;3;5;2;0;1;1;0;0;0;0;0;POINT (13.43416942 52.4430086)
2;2018;8;18;5;2;5;3;0;1;0;0;1;0;0;0;POINT (13.40658489 52.49847108)
10;2018;8;18;5;3;5;3;0;1;1;0;0;0;0;0;POINT (13.62417792 52.5118844)
2;2018;8;15;1;3;2;6;0;1;1;0;0;0;0;0;POINT (13.42387257 52.50001247)
2;2018;8;18;1;3;0;1;0;0;0;0;1;0;0;0;POINT (13.46710234 52.5094256)
8;2018;8;17;5;3;2;6;0;0;1;0;0;0;1;0;POINT (13.4311472 52.48586327)
3;2018;8;10;5;3;5;2;0;1;0;0;0;0;1;0;POINT (13.45899852 52.52928461)
12;2018;8;18;1;3;5;3;1;0;1;0;0;0;0;0;POINT (13.35691426 52.60078581)
11;2018;8;19;1;2;8;1;1;0;0;0;1;0;0;0;POINT (13.48647715 52.49647009)
7;2018;8;10;5;3;1;5;0;1;1;0;0;0;0;0;POINT (13.41244531 52.39132066)
1;2018;8;15;1;3;0;6;0;0;1;0;0;0;0;0;POINT (13.42182473 52.52458721)
8;2018;9;17;1;3;2;2;0;1;1;0;0;0;0;0;POINT (13.42773334 52.42069609)
2;2018;8;17;1;3;5;3;0;1;1;0;0;0;0;0;POINT (13.38881176 52.49975117)
4;2018;8;10;5;3;0;6;0;0;1;0;0;0;1;0;POINT (13.30610683 52.49797681)
1;2018;8;14;7;3;2;6;0;1;1;0;0;0;0;0;POINT (13.37314302 52.55715243)
9;2018;8;9;5;3;2;6;0;0;1;0;0;0;0;0;POINT (13.48987895 52.46790421)
3;2018;8;17;1;2;5;7;0;0;1;0;1;0;0;0;POINT (13.41080733 52.58217037)
7;2018;8;9;5;3;2;6;0;0;1;0;0;0;0;0;POINT (13.34488091 52.48104968)
1;2018;8;7;1;3;5;3;0;0;1;0;0;0;0;0;POINT (13.34942145 52.54205396)
12;2018;9;15;1;3;5;2;0;0;1;0;1;0;0;0;POINT (13.32605593 52.56168422)
11;2018;8;7;1;3;6;4;0;0;1;1;0;0;0;0;POINT (13.4770643 52.52298524)
2;2018;8;9;5;2;6;4;0;1;0;1;0;0;0;0;POINT (13.44683217 52.4984535)
8;2018;8;8;1;3;5;2;0;1;1;0;0;0;0;0;POINT (13.43458461 52.48280798)
5;2018;9;13;1;2;5;3;0;1;1;0;0;0;0;0;POINT (13.17001911 52.52209143)
1;2018;8;9;5;3;3;6;0;1;1;0;0;0;0;0;POINT (13.34703928 52.54389053)
1;2018;8;2;1;2;6;4;2;0;1;1;0;0;0;0;POINT (13.37248047 52.50773418)
5;2018;8;8;1;3;5;3;0;0;1;0;0;0;0;0;POINT (13.19545228 52.53337903)
2;2018;8;8;5;3;3;6;0;0;1;0;0;0;0;0;POINT (13.42866432 52.51885234)
2;2018;8;8;1;3;0;1;0;0;0;0;1;0;0;0;POINT (13.3823267 52.50447846)
12;2018;8;8;5;2;5;2;0;0;1;0;1;0;0;0;POINT (13.29204529 52.59056211)
3;2018;8;9;1;3;2;2;0;1;1;0;0;0;0;0;POINT (13.4131792 52.54768092)
4;2018;8;7;5;3;5;7;0;0;1;0;1;0;0;0;POINT (13.32180021 52.50625799)
11;2018;8;7;5;3;5;3;0;1;0;0;0;0;0;0;POINT (13.49520559 52.5048325)
1;2018;8;11;1;3;3;6;0;0;1;0;1;0;0;0;POINT (13.39904331 52.53238649)
2;2018;8;11;1;3;0;6;0;1;0;0;0;0;0;0;POINT (13.40544482 52.49689017)
8;2018;8;12;1;3;5;2;0;1;1;0;0;0;0;0;POINT (13.42899296 52.48647475)
9;2018;8;7;5;3;5;3;0;0;1;0;1;0;0;0;POINT (13.56914825 52.44269035)
6;2018;8;13;1;3;6;4;0;0;1;1;0;0;0;0;POINT (13.28962977 52.45806989)
10;2018;8;6;5;3;0;6;1;0;0;0;1;0;1;0;POINT (13.54380022 52.56410779)
4;2018;8;9;1;3;5;2;0;0;1;0;1;0;0;0;POINT (13.29884482 52.50766203)
11;2018;8;5;5;3;5;2;1;1;1;0;0;0;0;0;POINT (13.46942157 52.54262012)
3;2018;8;8;5;2;5;3;0;1;0;0;0;0;1;0;POINT (13.42260897 52.5445539)
4;2018;8;18;1;3;5;2;0;0;1;0;0;0;0;0;POINT (13.26879721 52.51138389)
7;2018;8;11;5;2;5;2;0;1;1;0;0;0;0;0;POINT (13.41306821 52.39442853)
6;2018;8;11;5;3;0;1;0;0;0;0;1;0;0;0;POINT (13.32854701 52.42877334)
9;2018;8;14;1;3;2;6;0;1;1;0;0;0;0;0;POINT (13.57157058 52.4444424)
4;2018;8;8;1;3;5;2;0;1;1;0;0;0;0;0;POINT (13.31427434 52.525785)
4;2018;8;13;4;3;6;7;0;0;1;1;0;0;0;0;POINT (13.28066671 52.47749063)
9;2018;8;15;1;3;5;3;0;0;1;0;1;0;0;0;POINT (13.52387736 52.45302256)
9;2018;8;15;1;3;2;2;0;1;1;0;0;0;0;0;POINT (13.50737338 52.43833146)
5;2018;8;9;4;3;5;5;0;0;1;0;1;0;0;1;POINT (13.15800636 52.56157567)
4;2018;8;9;4;3;2;6;0;0;1;0;0;0;0;1;POINT (13.28264629 52.51847135)
11;2018;8;15;1;3;6;2;0;0;1;1;0;0;0;0;POINT (13.52059122 52.56881892)
12;2018;8;10;4;3;3;6;0;0;1;0;0;0;0;1;POINT (13.36565313 52.56289557)
1;2018;8;10;4;3;5;2;0;1;1;0;0;0;0;1;POINT (13.38083081 52.51637921)
1;2018;8;15;1;3;5;3;0;0;1;0;0;0;0;0;POINT (13.39337281 52.52639552)
9;2018;8;15;1;3;5;3;0;0;1;0;1;0;0;0;POINT (13.50823116 52.45036574)
9;2018;8;11;4;3;5;3;0;1;1;0;0;0;0;1;POINT (13.5345607 52.46058355)
12;2018;8;16;1;3;2;6;0;0;1;0;0;0;0;0;POINT (13.31727063 52.57979417)
1;2018;8;14;1;3;5;7;0;0;1;0;0;0;0;0;POINT (13.37780458 52.51083147)
1;2018;8;11;4;3;5;2;0;1;0;0;0;1;0;1;POINT (13.42124868 52.50974807)
12;2018;8;10;1;2;4;6;0;0;1;0;0;0;0;0;POINT (13.2241912 52.59151759)
4;2018;8;11;4;3;5;2;0;0;1;0;0;0;1;1;POINT (13.28528264 52.47957427)
3;2018;8;11;1;3;0;1;0;0;0;0;1;0;0;1;POINT (13.41502201 52.57226838)
4;2018;8;5;1;3;0;1;1;0;0;0;1;0;0;0;POINT (13.29839768 52.47152975)
4;2018;8;9;4;3;3;6;0;1;0;0;0;0;1;0;POINT (13.33238377 52.50520093)
7;2018;8;12;4;3;5;7;0;1;1;0;0;0;0;1;POINT (13.34405222 52.46483361)
9;2018;8;17;1;3;0;1;0;0;0;0;1;0;1;0;POINT (13.59333566 52.4413979)
7;2018;8;14;4;3;5;3;0;0;1;0;0;0;0;0;POINT (13.38578393 52.39141918)
7;2018;8;9;4;3;5;3;0;1;1;0;0;0;0;0;POINT (13.40411783 52.39384719)
4;2018;8;14;7;3;2;6;0;0;1;0;0;0;0;0;POINT (13.28766081 52.51886648)
1;2018;8;18;7;3;5;2;0;1;1;0;0;0;0;0;POINT (13.36990411 52.54288085)
12;2018;8;9;4;3;2;6;0;0;1;0;0;0;0;1;POINT (13.33626129 52.5956768)
2;2018;8;10;7;3;6;4;0;0;1;1;0;0;0;0;POINT (13.43127464 52.49851918)
2;2018;8;9;4;3;5;2;0;1;1;0;0;0;0;1;POINT (13.44450354 52.5010028)
7;2018;8;12;7;3;6;7;0;0;0;1;1;0;0;0;POINT (13.3290064 52.46559278)
12;2018;9;17;4;2;5;2;0;1;1;0;0;0;0;0;POINT (13.31900359 52.57606651)
8;2018;9;6;2;2;2;6;2;0;1;0;1;0;0;0;POINT (13.49455404 52.43200249)
2;2018;9;17;4;3;1;5;0;1;1;0;0;0;0;0;POINT (13.41858866 52.50147453)
8;2018;9;17;4;3;5;2;0;1;1;0;0;0;0;0;POINT (13.43448215 52.44649972)
5;2018;9;5;2;3;3;6;1;0;1;0;1;0;0;0;POINT (13.21162911 52.53834252)
6;2018;9;13;2;3;5;3;0;1;1;0;0;0;0;0;POINT (13.32292582 52.44915245)
11;2018;9;16;4;2;2;6;0;0;1;0;0;0;0;0;POINT (13.53470765 52.48989738)
3;2018;9;5;2;3;5;7;2;0;1;0;1;0;0;1;POINT (13.40972548 52.58205257)
3;2018;9;15;4;3;2;6;0;0;1;0;0;0;0;0;POINT (13.43025912 52.62070721)
1;2018;9;12;2;3;6;2;0;0;1;1;0;0;0;0;POINT (13.32650876 52.53259963)
2;2018;9;15;4;3;3;6;0;1;0;0;0;0;1;0;POINT (13.39203229 52.49795485)
12;2018;9;18;4;3;5;3;0;0;1;0;0;0;0;0;POINT (13.22693084 52.58451615)
4;2018;9;11;2;3;2;6;0;0;0;0;1;0;1;0;POINT (13.30424369 52.50387531)
3;2018;9;11;2;2;5;3;0;1;0;0;0;0;1;0;POINT (13.4218298 52.56270813)
10;2018;9;11;2;3;5;2;0;1;1;0;0;0;0;0;POINT (13.60369343 52.5466086)
1;2018;9;14;4;3;2;6;0;0;1;0;1;0;1;0;POINT (13.4111639 52.52395147)
7;2018;9;14;4;3;0;4;0;0;0;1;0;0;1;0;POINT (13.34601685 52.49628255)
12;2018;9;9;2;3;5;3;0;0;1;0;0;0;0;0;POINT (13.37149241 52.56064562)
3;2018;9;9;2;3;5;3;0;1;1;0;0;0;0;0;POINT (13.49135095 52.63774084)
11;2018;9;15;2;3;2;6;0;0;1;0;0;0;0;0;POINT (13.49619699 52.53412257)
3;2018;9;14;4;3;5;3;0;0;1;0;1;0;0;0;POINT (13.43407197 52.55564415)
2;2018;9;9;2;3;1;5;0;0;1;0;0;0;0;0;POINT (13.38865823 52.50437989)
9;2018;9;8;2;2;5;2;0;1;1;0;0;0;0;0;POINT (13.51074978 52.4641414)
1;2018;9;13;4;3;3;6;0;1;1;0;0;0;0;0;POINT (13.37688814 52.51156384)
4;2018;9;9;2;3;2;6;0;0;1;0;0;0;0;0;POINT (13.29817727 52.49825645)
9;2018;9;13;4;3;5;3;0;0;1;0;0;0;0;0;POINT (13.53137527 52.40509545)
4;2018;9;10;4;3;6;4;0;0;1;1;0;0;0;0;POINT (13.2955683 52.50615267)
3;2018;9;9;2;3;6;4;0;0;1;1;0;0;0;0;POINT (13.40074665 52.56515747)
2;2018;9;13;2;3;2;6;0;0;1;0;0;0;0;0;POINT (13.4278591 52.51819586)
11;2018;9;10;4;3;5;3;0;1;1;0;0;0;0;0;POINT (13.47437452 52.50462906)
3;2018;9;13;2;3;5;3;0;0;1;0;1;0;0;0;POINT (13.43683341 52.52957161)
6;2018;9;17;1;3;5;7;0;0;1;0;0;0;0;0;POINT (13.35333762 52.44153594)
2;2018;9;9;4;3;0;2;0;1;1;0;0;0;0;0;POINT (13.41940403 52.50124684)
1;2018;9;9;4;3;2;7;0;1;1;0;0;0;0;0;POINT (13.40847711 52.52433126)
4;2018;9;13;1;3;0;1;0;1;1;0;0;0;0;0;POINT (13.29850814 52.49536803)
3;2018;9;9;4;3;5;3;0;0;1;0;0;0;0;0;POINT (13.49588229 52.6260391)
2;2018;9;8;4;3;5;2;0;1;1;0;0;0;0;0;POINT (13.40038809 52.49051453)
7;2018;9;8;4;3;3;2;0;1;0;0;1;0;0;0;POINT (13.35328386 52.49193897)
6;2018;9;18;1;3;2;6;0;0;1;0;0;0;0;0;POINT (13.26262416 52.43895081)
4;2018;9;7;4;3;5;2;0;1;1;0;0;0;0;0;POINT (13.32306378 52.49066107)
4;2018;9;7;4;3;5;3;0;1;0;0;0;0;0;0;POINT (13.31380983 52.48626725)
2;2018;9;18;1;3;5;2;0;1;1;0;0;0;0;0;POINT (13.4422631 52.50090328)
4;2018;9;17;1;3;5;2;0;1;1;0;0;0;0;0;POINT (13.33158914 52.51345671)
5;2018;9;6;4;3;5;2;0;0;1;0;1;0;0;0;POINT (13.21456402 52.5632478)
5;2018;9;17;1;3;2;6;0;0;1;0;0;0;1;0;POINT (13.16277532 52.46513299)
4;2018;9;13;4;3;5;3;0;0;1;0;0;0;1;0;POINT (13.30385396 52.49951837)
7;2018;9;11;4;3;3;6;0;1;0;0;0;0;0;0;POINT (13.40263124 52.4472271)
4;2018;9;17;1;3;3;2;0;0;1;0;1;0;0;0;POINT (13.24051682 52.51190423)
10;2018;9;13;4;3;5;3;0;1;1;0;0;0;0;0;POINT (13.55175409 52.5615494)
1;2018;9;9;4;3;5;2;0;1;1;1;0;0;0;0;POINT (13.34278414 52.5046121)
4;2018;9;16;1;2;5;2;0;0;1;0;1;0;0;0;POINT (13.31278228 52.48046489)
1;2018;9;16;1;2;6;4;0;0;1;1;0;0;0;0;POINT (13.37910996 52.53242665)
8;2018;9;13;4;3;2;2;0;1;1;0;0;0;0;0;POINT (13.42947006 52.47085497)
3;2018;9;15;1;3;5;3;0;1;1;0;0;0;0;0;POINT (13.3697741 52.58939539)
1;2018;9;15;1;3;2;6;0;0;1;0;1;0;0;0;POINT (13.39076352 52.54491423)
6;2018;9;14;1;3;2;6;0;0;1;0;0;0;1;0;POINT (13.31490723 52.41731293)
4;2018;9;9;4;2;5;2;0;0;1;0;1;0;0;0;POINT (13.30311737 52.49585684)
10;2018;9;14;1;3;5;2;0;1;1;0;0;0;0;0;POINT (13.57188189 52.54630585)
6;2018;9;13;1;2;5;2;0;1;1;0;0;0;0;0;POINT (13.27243913 52.43724266)
2;2018;9;8;4;3;5;3;0;0;1;0;1;0;0;0;POINT (13.39240815 52.5068811)
11;2018;9;8;2;3;2;6;0;0;0;0;0;1;0;0;POINT (13.52766228 52.48931595)
8;2018;9;8;4;3;9;1;0;0;1;0;0;0;0;0;POINT (13.4475094 52.46537105)
8;2018;9;12;1;3;3;6;0;1;0;0;0;1;0;0;POINT (13.4427307 52.46779124)
8;2018;9;7;4;2;5;3;0;1;0;0;0;0;0;0;POINT (13.44513289 52.44945598)
10;2018;9;13;4;3;5;3;0;1;1;0;0;0;0;0;POINT (13.60215576 52.53608742)
5;2018;9;12;1;3;2;2;0;0;1;0;0;0;1;0;POINT (13.21400263 52.53837919)
4;2018;9;12;1;3;3;6;0;0;0;0;1;0;1;0;POINT (13.32144137 52.48641582)
2;2018;9;14;2;3;3;6;0;0;1;0;0;1;0;0;POINT (13.44202901 52.5009253)
7;2018;9;12;4;3;5;2;0;0;1;0;0;0;0;0;POINT (13.37540114 52.45555704)
8;2018;9;11;1;3;6;4;0;0;0;1;0;0;1;0;POINT (13.42591625 52.47815862)
12;2018;9;8;2;3;5;2;0;1;0;0;0;1;0;0;POINT (13.32844698 52.5624309)
12;2018;9;12;4;2;0;7;0;1;1;0;0;0;0;0;POINT (13.25423576 52.61031577)
2;2018;9;14;1;3;2;6;0;0;1;0;0;0;0;0;POINT (13.41674408 52.49878212)
5;2018;9;12;4;2;5;3;0;0;1;0;0;0;0;0;POINT (13.27090975 52.53955424)
8;2018;9;12;4;3;3;6;0;0;1;0;1;0;0;0;POINT (13.43475646 52.46205043)
7;2018;9;16;1;3;0;7;0;1;0;0;0;0;0;0;POINT (13.3401814 52.48564304)
12;2018;9;15;2;3;5;2;0;1;1;0;0;0;0;0;POINT (13.31690504 52.58825771)
5;2018;9;11;4;3;5;2;0;0;1;0;0;0;0;0;POINT (13.1578276 52.54304727)
1;2018;9;20;1;2;6;4;2;0;1;1;0;0;0;0;POINT (13.33999499 52.55733457)
9;2018;9;11;4;3;3;6;0;1;0;0;0;0;0;0;POINT (13.49757973 52.43353233)
7;2018;9;11;4;3;1;3;0;0;1;0;0;0;1;0;POINT (13.37734583 52.45882953)
9;2018;9;10;1;3;2;6;0;0;1;0;0;0;0;0;POINT (13.50792792 52.47470758)
4;2018;9;11;4;3;2;2;0;0;1;0;0;0;0;0;POINT (13.31095894 52.5063804)
4;2018;9;10;1;3;5;3;0;1;1;0;0;0;0;0;POINT (13.31318715 52.49583715)
12;2018;9;10;1;3;2;6;0;0;1;0;0;0;0;0;POINT (13.31597783 52.58669245)
3;2018;9;14;2;2;0;1;0;1;0;0;0;0;0;0;POINT (13.44102984 52.55163638)
5;2018;9;10;4;3;2;6;0;1;0;0;0;0;1;0;POINT (13.22331423 52.54879259)
5;2018;9;9;1;3;5;3;0;1;1;0;0;0;0;0;POINT (13.19601915 52.52734462)
6;2018;9;7;4;3;6;7;0;1;0;1;0;0;0;0;POINT (13.2740033 52.44421508)
2;2018;9;9;1;3;2;6;0;0;1;0;0;0;0;0;POINT (13.39840351 52.50726024)
2;2018;9;15;4;2;3;6;0;0;0;0;0;0;1;0;POINT (13.38593332 52.48431333)
10;2018;9;7;3;3;2;7;0;0;1;0;0;0;0;0;POINT (13.53490079 52.52576442)
7;2018;9;9;1;3;3;6;0;1;1;0;0;0;0;0;POINT (13.37705713 52.48324941)
4;2018;9;16;1;3;5;2;0;1;1;0;0;0;0;0;POINT (13.2826018 52.5338847)
4;2018;9;11;3;3;2;6;0;0;1;0;0;0;0;0;POINT (13.28510424 52.49346483)
10;2018;9;9;1;2;6;4;0;0;1;1;0;0;0;0;POINT (13.57507387 52.56841228)
10;2018;9;22;1;3;6;2;2;0;1;1;0;0;0;0;POINT (13.56831985 52.55078336)
1;2018;9;21;1;3;5;7;2;0;1;0;1;0;0;0;POINT (13.38391867 52.53081051)
1;2018;9;18;3;3;0;2;0;1;1;0;0;0;0;0;POINT (13.38630721 52.55875701)
1;2018;9;20;3;3;3;6;2;0;1;0;1;0;0;0;POINT (13.40123131 52.53973322)
1;2018;9;21;1;3;5;2;2;1;1;0;0;0;0;0;POINT (13.3819652 52.53144414)
6;2018;9;18;3;3;2;6;0;0;1;0;1;0;0;0;POINT (13.28075542 52.43546164)
9;2018;9;20;3;3;5;2;1;1;1;0;0;0;0;0;POINT (13.55074997 52.42893165)
12;2018;9;20;1;3;5;7;2;0;1;0;0;0;1;0;POINT (13.33548003 52.61093562)
11;2018;9;19;1;3;2;6;2;0;1;0;0;0;0;0;POINT (13.51844501 52.55262761)
4;2018;9;19;3;3;1;5;0;0;1;0;1;0;0;0;POINT (13.29921666 52.50192066)
10;2018;9;19;1;3;2;3;1;1;1;0;0;0;0;0;POINT (13.56279939 52.51420854)
1;2018;9;9;5;3;5;3;0;1;0;0;0;0;0;0;POINT (13.38523367 52.53126575)
6;2018;9;16;2;3;5;2;0;1;1;0;0;0;0;0;POINT (13.23629733 52.46945175)
4;2018;9;19;1;3;0;3;0;0;1;0;1;0;0;0;POINT (13.30380917 52.525685)
5;2018;9;18;3;2;0;7;0;1;0;0;0;0;0;0;POINT (13.21068095 52.56034416)
7;2018;9;18;3;3;3;5;0;0;1;0;0;0;0;0;POINT (13.38007189 52.44819003)
7;2018;9;19;1;3;0;4;0;0;0;1;0;0;1;0;POINT (13.4191531 52.39475599)
12;2018;9;17;3;3;5;2;0;1;1;0;0;0;0;0;POINT (13.32433169 52.5649256)
4;2018;9;9;1;3;3;6;0;0;0;0;0;0;1;0;POINT (13.2974918 52.49812676)
1;2018;9;17;3;3;0;3;0;0;1;0;1;0;0;0;POINT (13.40122029 52.51113086)
6;2018;9;17;3;3;2;6;0;0;1;0;1;0;0;0;POINT (13.34540208 52.4365861)
1;2018;9;8;1;3;5;3;0;1;1;0;0;0;0;0;POINT (13.35902965 52.50987967)
8;2018;9;13;3;3;2;6;0;0;1;0;0;0;1;0;POINT (13.45218466 52.47564749)
11;2018;9;16;3;3;2;6;0;0;1;0;0;0;0;0;POINT (13.50504777 52.53453683)
4;2018;9;8;1;3;5;2;0;0;1;0;0;0;0;0;POINT (13.31530435 52.51473186)
9;2018;9;21;1;2;8;1;2;0;1;0;0;0;1;0;POINT (13.5464157 52.45706137)
6;2018;9;16;3;2;3;6;0;1;1;0;0;0;0;0;POINT (13.28520323 52.45247242)
1;2018;9;21;1;2;0;1;2;1;0;0;0;0;0;0;POINT (13.3890292 52.51577819)
3;2018;9;8;5;3;2;7;0;0;0;0;1;0;1;1;POINT (13.37505086 52.58698938)
2;2018;9;20;1;2;0;1;1;1;0;0;0;0;0;0;POINT (13.45531271 52.51008708)
7;2018;9;16;3;3;5;3;0;1;1;0;0;0;0;0;POINT (13.37343944 52.41637688)
7;2018;9;13;2;3;0;1;0;0;0;0;1;0;0;0;POINT (13.36941017 52.45840553)
9;2018;9;16;3;3;2;6;0;0;1;0;1;0;0;0;POINT (13.49599502 52.4488914)
9;2018;9;8;1;3;2;2;0;1;1;0;0;0;0;0;POINT (13.53116591 52.41546393)
7;2018;9;16;3;3;5;3;0;0;1;0;1;0;0;0;POINT (13.38546269 52.46573513)
6;2018;9;7;1;3;5;2;0;1;1;0;0;0;0;0;POINT (13.25601759 52.43584208)
11;2018;9;14;5;3;5;2;0;1;1;0;0;0;0;0;POINT (13.47678418 52.51332955)
1;2018;9;7;1;3;0;4;0;1;0;1;0;0;0;0;POINT (13.34745573 52.50706364)
3;2018;9;13;3;3;5;3;0;0;1;0;0;0;1;0;POINT (13.37767472 52.59654473)
9;2018;9;5;1;3;5;2;1;0;0;0;1;0;1;0;POINT (13.56256396 52.45661038)
12;2018;9;9;1;3;2;6;0;0;1;0;0;0;0;0;POINT (13.34082061 52.58826162)
6;2018;9;13;3;3;5;3;0;1;1;0;0;0;0;0;POINT (13.27658415 52.43022265)
5;2018;9;16;1;2;6;7;0;0;1;1;0;0;0;0;POINT (13.19568077 52.53353931)
1;2018;9;8;5;3;3;6;0;0;1;0;1;0;0;1;POINT (13.41853434 52.5104626)
7;2018;9;10;3;2;5;2;0;1;1;0;0;0;0;0;POINT (13.34694883 52.50089312)
3;2018;9;14;7;3;5;3;0;1;1;0;0;0;0;0;POINT (13.40834984 52.584315)
1;2018;9;10;3;3;5;2;0;1;1;0;0;0;0;0;POINT (13.37698613 52.51242083)
4;2018;9;15;3;2;6;4;0;0;0;1;1;0;0;0;POINT (13.27912358 52.50671306)
8;2018;9;15;7;3;3;6;0;0;1;0;0;0;0;0;POINT (13.43510217 52.4287459)