bez;ujahr;umonat;ustunde;uwochentag;ukategorie;uart;utyp1;ulichtverh;istrad;istpkw;istfuss;istkrad;istgkfz;istsonstige;ustrzustand;geometry
5;2018;9;14;7;3;5;2;0;0;1;0;0;0;0;0;POINT (13.14160237 52.53245756)
4;2018;9;13;5;3;2;6;0;0;1;0;1;0;0;0;POINT (13.31138155 52.51598252)
11;2018;9;14;7;3;1;7;0;0;1;0;0;0;0;0;POINT (13.47953314 52.5259894)
8;2018;9;14;3;3;2;6;0;0;1;0;0;0;0;0;POINT (13.45337625 52.42937639)
1;2018;9;12;5;3;1;5;0;1;1;0;0;0;0;0;POINT (13.38758675 52.52434904)
1;2018;9;10;3;3;1;5;0;0;1;0;0;0;0;0;POINT (13.3727125 52.5528134)
6;2018;9;14;7;3;5;5;0;0;1;0;0;0;0;0;POINT (13.28250521 52.44109842)
3;2018;9;15;3;3;0;3;0;1;1;0;0;0;0;0;POINT (13.38362257 52.57270387)
8;2018;9;15;3;3;5;2;0;1;1;0;0;0;0;0;POINT (13.45219229 52.47110067)
4;2018;9;13;7;2;5;2;0;1;1;0;0;0;0;0;POINT (13.19735433 52.48011479)
3;2018;9;14;3;3;6;4;0;0;1;1;0;0;0;0;POINT (13.45272952 52.54881499)
2;2018;9;13;7;3;5;3;0;0;1;0;0;0;0;0;POINT (13.45781348 52.51276675)
1;2018;9;14;3;3;6;4;0;0;1;1;0;0;0;0;POINT (13.38450157 52.55636237)
1;2018;9;14;3;3;5;3;0;1;1;0;0;0;0;0;POINT (13.32974381 52.53308754)
5;2018;9;11;7;3;5;2;0;1;1;0;0;0;0;0;POINT (13.19769361 52.52298639)
7;2018;9;10;7;3;5;2;0;0;1;0;0;0;1;0;POINT (13.3720305 52.46983982)
8;2018;9;14;3;3;5;3;0;0;1;0;1;0;0;0;POINT (13.42763795 52.48112918)
6;2018;9;10;7;3;5;3;0;1;0;0;0;0;0;0;POINT (13.23625505 52.46945986)
1;2018;9;8;5;3;1;5;0;1;1;0;0;0;0;1;POINT (13.38394658 52.51043929)
9;2018;9;21;7;2;4;2;2;0;1;0;0;0;1;0;POINT (13.56278151 52.4458619)
4;2018;9;10;3;3;1;5;0;1;0;0;0;0;1;0;POINT (13.31117915 52.49505317)
3;2018;9;9;3;3;1;5;0;1;1;0;0;0;0;0;POINT (13.40885472 52.55480805)
1;2018;9;7;7;2;8;1;0;0;1;0;0;0;0;0;POINT (13.36092096 52.52384808)
11;2018;9;9;3;3;5;3;0;1;0;0;0;0;0;0;POINT (13.50150594 52.52632352)
2;2018;9;8;3;3;1;5;0;1;1;0;0;0;0;0;POINT (13.40939169 52.50192294)
1;2018;9;21;7;3;0;7;2;0;1;0;1;0;0;0;POINT (13.35047218 52.54949328)
9;2018;9;6;7;2;1;1;0;0;1;0;0;0;0;0;POINT (13.54594447 52.45706996)
12;2018;9;8;3;3;0;1;0;1;0;0;0;0;0;0;POINT (13.27440787 52.59883745)
7;2018;9;7;3;3;5;2;0;1;1;0;0;0;0;0;POINT (13.40199228 52.44681892)
6;2018;9;18;7;3;5;2;0;0;1;0;1;0;0;0;POINT (13.25811423 52.41209662)
4;2018;9;17;7;3;1;5;0;1;1;0;0;0;1;0;POINT (13.34046231 52.50410891)
4;2018;9;5;3;3;0;2;2;1;0;0;0;0;1;0;POINT (13.25807891 52.50830893)
2;2018;9;1;7;3;0;1;2;1;0;0;0;0;0;0;POINT (13.43034291 52.51064856)
2;2018;9;8;5;3;5;3;0;0;1;0;1;0;0;1;POINT (13.39258738 52.49179143)
1;2018;9;11;7;2;0;1;0;1;0;0;0;0;0;0;POINT (13.40022381 52.53096529)
7;2018;9;0;3;2;5;3;2;0;1;0;1;0;0;0;POINT (13.41887113 52.46103846)
2;2018;9;21;3;3;2;2;2;0;1;0;0;0;0;0;POINT (13.42643565 52.49938243)
1;2018;9;16;7;3;2;6;0;0;1;0;1;0;0;0;POINT (13.41545158 52.52659171)
8;2018;9;10;3;1;6;2;0;0;0;1;0;1;0;0;POINT (13.42760041 52.42089668)
4;2018;9;17;2;3;6;4;0;1;0;1;0;0;0;0;POINT (13.33079649 52.49112407)
7;2018;9;15;7;3;3;6;0;0;1;0;1;0;0;0;POINT (13.3803569 52.45604409)
3;2018;9;20;7;2;5;2;2;0;1;0;1;0;0;0;POINT (13.42874338 52.54777381)
3;2018;9;16;2;3;5;3;0;0;1;0;1;0;0;0;POINT (13.36842012 52.58969311)
11;2018;9;17;7;2;0;1;0;1;0;0;0;0;0;0;POINT (13.52548681 52.48165398)
8;2018;9;8;5;2;5;2;0;0;1;0;1;0;0;1;POINT (13.4241693 52.44162812)
1;2018;9;20;6;3;6;4;1;1;0;1;0;0;0;0;POINT (13.40720399 52.52478099)
8;2018;9;15;2;3;5;2;0;1;1;0;0;0;0;0;POINT (13.44698459 52.42691899)
5;2018;9;13;6;3;1;1;0;0;1;0;0;0;0;0;POINT (13.23263638 52.54300975)
10;2018;9;7;5;3;5;3;0;0;1;0;0;0;0;1;POINT (13.62133949 52.53205281)
3;2018;9;12;6;3;6;7;0;0;1;1;0;0;0;0;POINT (13.41614364 52.60811688)
10;2018;9;15;2;3;5;3;0;1;1;0;0;0;0;0;POINT (13.57289632 52.48378838)
12;2018;9;15;2;3;5;2;0;1;1;0;0;0;0;0;POINT (13.28120996 52.58548923)
8;2018;9;13;6;3;5;3;0;0;1;0;0;0;0;0;POINT (13.45384123 52.48254982)
1;2018;9;15;2;3;6;4;0;1;0;1;0;0;0;0;POINT (13.37618287 52.54621435)
1;2018;9;14;2;3;1;1;0;0;1;0;1;0;0;0;POINT (13.3858281 52.52834061)
2;2018;9;12;6;3;1;5;0;1;1;0;0;0;1;0;POINT (13.4396607 52.50226011)
4;2018;9;7;5;2;0;5;0;1;1;0;0;0;0;1;POINT (13.32007327 52.47129162)
1;2018;9;11;6;3;5;2;0;1;1;0;0;0;0;0;POINT (13.34688244 52.56070668)
4;2018;9;14;2;2;3;6;0;0;1;0;1;0;0;0;POINT (13.27651974 52.50720357)
11;2018;9;11;6;3;5;2;0;1;1;0;0;0;0;0;POINT (13.50697768 52.56404982)
7;2018;9;6;5;3;5;3;1;1;1;0;0;0;0;1;POINT (13.34401991 52.46713827)
6;2018;9;15;2;2;5;3;0;1;0;0;0;0;0;0;POINT (13.29448919 52.42701234)
4;2018;9;13;2;3;5;2;0;1;1;0;0;0;0;0;POINT (13.26433976 52.5109566)
4;2018;9;11;6;3;2;6;0;0;1;0;0;0;0;0;POINT (13.26126506 52.51610866)
4;2018;9;13;2;3;1;5;0;1;1;0;0;0;0;0;POINT (13.29289564 52.49142696)
7;2018;9;13;2;3;2;2;0;1;1;0;0;0;0;0;POINT (13.40128901 52.38213465)
1;2018;9;11;6;3;5;2;0;0;1;0;0;0;0;0;POINT (13.36550762 52.55682021)
4;2018;9;11;6;2;2;3;0;1;1;0;0;0;0;0;POINT (13.29271477 52.50670312)
2;2018;9;16;4;3;5;7;0;0;1;0;0;0;0;0;POINT (13.44829886 52.52413754)
10;2018;9;13;2;3;2;6;0;0;1;0;0;0;0;0;POINT (13.57187979 52.54679271)
7;2018;9;10;6;3;2;7;0;1;1;0;0;0;0;0;POINT (13.36481013 52.48826907)
1;2018;9;12;2;3;5;2;0;1;1;0;0;0;0;0;POINT (13.36669208 52.55723819)
4;2018;9;6;6;3;2;4;1;0;1;1;1;0;0;0;POINT (13.33278256 52.47859944)
9;2018;9;13;4;3;2;2;0;0;1;0;0;0;0;0;POINT (13.55913616 52.44840314)
9;2018;9;10;6;3;9;1;0;0;1;0;0;0;0;0;POINT (13.65683667 52.41516359)
6;2018;9;12;2;3;2;6;0;0;1;0;0;0;0;0;POINT (13.30674597 52.43389348)
9;2018;9;18;6;2;4;6;0;0;1;0;0;0;0;0;POINT (13.57786735 52.46119463)
12;2018;9;14;4;3;9;1;0;0;1;0;0;0;0;0;POINT (13.29312567 52.60850822)
1;2018;9;12;2;3;5;2;0;1;1;0;0;0;0;0;POINT (13.36226119 52.50546151)
1;2018;9;18;6;3;6;4;0;0;0;1;0;0;1;0;POINT (13.39305367 52.5643577)
7;2018;9;14;2;3;5;2;0;0;1;0;0;1;0;0;POINT (13.40014884 52.45913258)
4;2018;9;16;2;3;3;6;0;0;1;0;1;0;0;0;POINT (13.30695031 52.50055848)
5;2018;9;10;2;3;2;6;0;0;1;0;0;0;0;0;POINT (13.17056239 52.5184308)
6;2018;9;18;6;3;5;2;0;0;1;0;0;0;0;0;POINT (13.33128615 52.45312007)
1;2018;9;18;6;3;5;2;0;0;1;0;0;0;0;0;POINT (13.34979016 52.50319936)
4;2018;9;9;2;3;6;4;0;0;0;1;1;0;0;0;POINT (13.30820925 52.51832833)
1;2018;9;17;6;3;5;7;0;0;1;0;1;0;0;0;POINT (13.39981963 52.53546033)
4;2018;9;16;6;3;5;2;0;1;1;0;0;0;0;0;POINT (13.32368527 52.49361264)
7;2018;9;9;2;3;0;1;0;0;1;0;1;0;0;0;POINT (13.34505972 52.50040893)
3;2018;9;22;2;2;5;3;2;1;1;0;0;0;0;0;POINT (13.42082358 52.54878098)
2;2018;9;16;6;3;2;6;0;1;1;0;0;0;0;0;POINT (13.41524354 52.49858766)
8;2018;9;21;2;3;5;3;2;1;0;0;0;0;1;0;POINT (13.41496208 52.42117488)
8;2018;9;16;4;3;6;4;0;1;0;1;0;0;0;0;POINT (13.44453579 52.46799003)
12;2018;9;20;2;3;5;3;1;0;1;0;1;0;0;0;POINT (13.37147616 52.56064528)
2;2018;9;15;6;3;5;3;0;1;1;0;0;0;0;0;POINT (13.4383964 52.49733055)
8;2018;9;19;2;3;6;7;0;0;1;1;0;0;0;0;POINT (13.43762736 52.47884249)
5;2018;9;9;2;3;2;6;0;0;1;0;0;0;0;0;POINT (13.21083931 52.52746517)
4;2018;9;15;6;2;0;1;0;1;0;0;0;0;0;0;POINT (13.27025173 52.49721675)
1;2018;9;15;6;3;5;3;0;1;0;0;1;0;0;0;POINT (13.39662516 52.53745612)
1;2018;9;19;2;3;5;2;0;1;1;0;0;0;0;0;POINT (13.37831423 52.52917996)
8;2018;9;13;6;3;6;4;0;0;0;1;0;0;1;0;POINT (13.45076217 52.47244689)
7;2018;9;20;4;3;6;7;2;1;0;1;0;0;0;0;POINT (13.33526234 52.47218239)
4;2018;9;15;6;3;1;5;0;1;1;0;0;0;0;0;POINT (13.31005753 52.50786312)
2;2018;9;0;2;3;5;2;2;1;1;0;0;0;0;0;POINT (13.41591655 52.488025)
11;2018;9;9;2;3;5;3;0;1;1;0;0;0;0;0;POINT (13.50015527 52.56169586)
6;2018;9;21;6;2;0;6;2;1;1;0;0;0;0;0;POINT (13.35247144 52.43477268)
11;2018;9;9;2;2;0;3;0;0;1;0;1;0;0;0;POINT (13.47603001 52.53300297)
10;2018;9;18;2;2;6;4;0;0;1;1;0;0;0;0;POINT (13.60705838 52.53893697)
10;2018;9;22;6;3;5;2;2;0;1;0;0;0;1;0;POINT (13.57435348 52.56745211)
1;2018;9;21;6;2;2;6;2;1;1;0;0;0;0;0;POINT (13.42330886 52.52017616)
1;2018;9;9;2;2;5;3;0;1;0;0;0;1;0;0;POINT (13.39123638 52.55029494)
12;2018;9;9;2;2;5;2;0;1;0;0;0;0;1;0;POINT (13.30839966 52.58341992)
6;2018;9;19;6;3;5;7;2;0;1;0;1;0;0;0;POINT (13.31413875 52.42444524)
7;2018;9;19;6;3;2;6;0;0;1;0;1;0;0;0;POINT (13.34527355 52.49208231)
3;2018;9;8;2;3;0;1;0;0;0;0;1;0;0;0;POINT (13.44107268 52.5493715)
5;2018;9;13;6;3;5;3;0;1;1;0;0;0;0;0;POINT (13.20836587 52.56191926)
11;2018;9;19;4;3;5;2;1;1;1;0;0;0;0;0;POINT (13.50712749 52.49681496)
4;2018;9;13;6;3;0;2;0;1;1;0;0;0;0;0;POINT (13.31297733 52.48030317)
7;2018;9;8;2;3;2;6;0;0;1;0;1;0;0;0;POINT (13.3775148 52.49190763)
7;2018;9;6;2;3;5;7;0;0;1;0;0;0;1;0;POINT (13.39919461 52.46464219)
11;2018;9;8;2;3;2;6;0;0;1;0;0;0;0;0;POINT (13.45923464 52.52589776)
2;2018;9;1;6;3;5;7;2;0;1;0;0;0;1;0;POINT (13.39566054 52.49898286)
2;2018;9;18;2;3;2;6;1;0;1;0;1;0;0;0;POINT (13.46473669 52.51460432)
3;2018;9;20;6;1;0;7;1;1;0;0;0;1;0;0;POINT (13.41148277 52.54019906)
6;2018;9;19;4;2;5;2;0;1;1;0;0;0;0;0;POINT (13.30379691 52.45912351)
12;2018;9;23;5;3;2;6;2;0;1;0;0;0;0;1;POINT (13.3273837 52.5641584)
9;2018;9;18;2;3;2;6;1;0;1;0;1;0;0;0;POINT (13.55921559 52.44763695)
5;2018;9;20;5;3;6;7;1;0;0;1;0;1;0;0;POINT (13.20268923 52.5368316)
3;2018;9;18;4;3;5;3;0;1;1;0;0;0;0;0;POINT (13.49927346 52.63061316)
7;2018;9;18;2;3;5;2;1;1;1;0;0;0;0;0;POINT (13.34515827 52.48898356)
2;2018;9;20;5;3;1;5;2;1;1;0;0;0;0;0;POINT (13.41734424 52.48771183)
1;2018;9;22;5;3;5;2;2;0;1;0;0;0;0;0;POINT (13.41814812 52.51556819)
6;2018;9;8;2;3;0;1;0;1;0;0;0;0;0;0;POINT (13.26758438 52.40761764)
10;2018;9;7;5;3;0;3;0;0;0;0;1;1;0;1;POINT (13.52879955 52.55656583)
4;2018;9;18;2;3;5;2;0;0;1;0;0;0;0;0;POINT (13.30713463 52.50008311)
6;2018;9;19;5;2;6;7;2;0;1;1;0;0;0;0;POINT (13.3197637 52.45722847)
9;2018;9;18;2;3;2;6;0;0;1;0;0;0;0;0;POINT (13.55083023 52.4290789)
5;2018;9;7;2;3;4;2;0;1;1;0;0;0;0;0;POINT (13.12194052 52.45147594)
8;2018;9;19;5;3;3;6;1;1;0;0;1;0;0;0;POINT (13.44814378 52.46837286)
5;2018;9;19;5;3;5;2;0;1;1;0;0;0;0;0;POINT (13.18887206 52.52154111)
2;2018;9;18;5;3;5;3;0;1;1;0;0;0;0;0;POINT (13.4296202 52.52327866)
5;2018;9;17;2;3;5;3;0;1;1;0;0;0;0;0;POINT (13.16202025 52.52296342)
1;2018;9;18;5;3;2;4;0;0;1;1;1;0;0;0;POINT (13.38627052 52.54958434)
9;2018;9;7;2;3;2;6;0;0;1;0;0;0;1;0;POINT (13.54529938 52.39910486)
3;2018;9;18;5;2;5;3;0;0;1;0;1;0;0;0;POINT (13.40270618 52.59315727)
1;2018;9;17;2;3;3;6;0;0;1;0;1;0;0;0;POINT (13.35514333 52.50178081)
12;2018;9;17;2;3;2;6;0;0;1;0;0;0;0;0;POINT (13.31018284 52.56796122)
7;2018;9;18;5;3;5;2;0;0;1;0;1;0;0;0;POINT (13.34585684 52.50132579)
8;2018;9;16;2;3;6;4;0;0;1;1;0;0;0;0;POINT (13.4957125 52.41770202)
9;2018;9;16;2;3;2;6;0;0;1;0;0;0;0;0;POINT (13.55401979 52.45595335)
1;2018;9;17;5;3;1;5;0;1;1;0;0;0;1;0;POINT (13.35444041 52.5515283)
9;2018;9;15;5;3;1;5;0;1;0;0;0;0;0;0;POINT (13.56513444 52.44537147)
1;2018;9;16;2;3;2;2;0;1;1;0;0;0;0;0;POINT (13.33393057 52.52448804)
4;2018;9;15;5;3;0;1;0;0;0;0;1;0;0;0;POINT (13.26470636 52.50878887)
4;2018;9;14;5;3;3;6;0;0;1;0;0;0;0;0;POINT (13.28137304 52.50097613)
6;2018;9;0;2;3;5;3;2;0;1;0;0;0;0;0;POINT (13.30676726 52.42892866)
8;2018;9;18;2;3;0;1;0;0;0;0;1;0;0;0;POINT (13.43354936 52.44416378)
7;2018;9;14;5;3;2;6;0;0;1;0;0;0;0;0;POINT (13.33542189 52.47153975)
4;2018;9;0;2;3;5;7;2;0;1;0;0;0;0;0;POINT (13.31480337 52.50630887)
4;2018;9;23;2;3;5;3;2;0;1;0;0;0;0;0;POINT (13.33232581 52.50629925)
1;2018;9;14;5;3;5;3;0;0;1;0;0;0;0;0;POINT (13.35979435 52.52346518)
11;2018;9;13;5;3;6;7;0;0;0;1;0;0;1;0;POINT (13.55000353 52.56888868)
2;2018;9;22;2;3;6;7;2;0;1;1;0;0;0;0;POINT (13.41515593 52.49533737)
1;2018;9;1;5;3;5;3;2;1;1;0;0;0;0;0;POINT (13.41833299 52.51559372)
12;2018;9;15;2;2;1;7;0;0;1;0;1;0;0;0;POINT (13.29614839 52.61065091)
4;2018;9;9;5;3;5;2;0;1;0;0;0;0;1;1;POINT (13.32239295 52.48637423)
8;2018;9;13;2;3;5;2;0;1;1;0;0;0;0;0;POINT (13.4548166 52.43471906)
12;2018;9;9;5;3;0;1;0;0;0;1;1;0;0;1;POINT (13.33205055 52.56336901)
12;2018;9;6;2;3;5;3;0;1;1;0;0;0;0;0;POINT (13.29756399 52.61728171)
6;2018;9;7;5;3;2;1;0;0;1;0;0;0;1;1;POINT (13.25495757 52.42771699)
1;2018;9;9;5;2;5;2;0;1;0;0;1;0;0;0;POINT (13.33545625 52.52680433)
11;2018;9;19;1;3;5;3;1;1;1;0;0;0;0;0;POINT (13.50177629 52.49821527)
4;2018;9;17;1;3;5;2;0;0;1;0;0;0;0;0;POINT (13.30826461 52.49618551)
12;2018;9;9;5;3;2;6;0;0;1;0;0;1;0;1;POINT (13.32660785 52.56228888)
8;2018;9;16;1;3;5;2;0;0;1;0;0;0;1;0;POINT (13.40695793 52.41584603)
7;2018;9;17;1;3;0;2;0;0;1;1;0;0;0;0;POINT (13.38149936 52.45844461)
4;2018;9;9;5;3;2;6;0;0;1;0;0;0;0;1;POINT (13.32752271 52.50547631)
4;2018;9;9;5;3;2;7;0;0;1;0;1;0;0;1;POINT (13.27423321 52.51034513)
3;2018;9;17;1;3;2;6;0;0;1;0;0;0;0;0;POINT (13.44085268 52.57929979)
11;2018;9;9;5;3;2;6;0;1;1;0;0;0;0;1;POINT (13.47138552 52.5262684)
8;2018;9;17;1;3;5;2;0;1;1;0;0;0;0;0;POINT (13.44468108 52.4680052)
4;2018;9;20;3;3;5;7;2;1;1;0;0;0;0;0;POINT (13.33275377 52.47869341)
6;2018;9;0;6;3;2;2;2;0;1;0;0;0;0;0;POINT (13.35750513 52.44849495)
11;2018;9;13;3;2;0;1;0;0;0;0;1;0;0;0;POINT (13.47787266 52.51647446)
5;2018;9;10;5;2;9;1;0;0;0;0;0;0;1;0;POINT (13.21830461 52.51989839)
12;2018;9;19;3;3;5;2;2;1;1;0;0;0;0;0;POINT (13.34677129 52.56857013)
7;2018;9;23;6;3;5;3;2;0;1;0;0;0;0;1;POINT (13.37760602 52.47563228)
1;2018;9;20;6;3;6;4;2;0;0;1;1;0;0;0;POINT (13.37132158 52.5209124)
3;2018;9;19;3;3;0;3;1;1;1;0;0;0;0;0;POINT (13.40153165 52.56912053)
1;2018;9;19;6;2;5;2;1;0;1;0;0;0;1;0;POINT (13.37158834 52.55399657)
3;2018;9;17;3;3;1;5;0;1;1;0;0;0;0;0;POINT (13.41726097 52.55329751)
2;2018;9;19;6;3;2;6;0;1;1;0;0;0;0;0;POINT (13.43875738 52.50572182)
2;2018;9;17;3;3;3;2;0;1;1;0;0;0;0;0;POINT (13.4300122 52.51021004)
1;2018;9;13;3;3;2;6;0;0;1;0;1;0;0;0;POINT (13.32101314 52.52821102)
4;2018;9;17;6;3;5;2;0;1;1;0;0;0;0;0;POINT (13.28523334 52.47948141)
1;2018;9;20;4;2;0;1;2;1;0;0;0;0;0;0;POINT (13.39594431 52.5199336)
7;2018;9;15;6;3;2;2;0;0;1;0;0;0;1;0;POINT (13.38593332 52.48431333)
3;2018;9;13;6;3;5;3;0;1;1;0;0;0;0;0;POINT (13.42688367 52.5643263)
3;2018;9;11;3;3;5;2;0;1;1;0;0;0;0;0;POINT (13.44108454 52.54955799)
3;2018;9;18;4;3;2;7;1;0;1;0;0;0;0;0;POINT (13.4673897 52.54815304)
7;2018;9;11;3;3;5;2;0;1;0;0;0;0;1;0;POINT (13.37819828 52.46760962)
1;2018;9;11;6;3;6;4;0;0;1;1;0;0;0;0;POINT (13.37994768 52.5528796)
12;2018;9;23;6;2;8;1;2;0;0;0;1;0;0;0;POINT (13.35098946 52.56757768)
2;2018;9;16;4;3;5;3;0;1;1;0;0;0;0;0;POINT (13.44666141 52.50257025)
6;2018;9;11;3;3;1;5;0;1;0;0;0;0;1;0;POINT (13.26124365 52.41174557)
1;2018;9;19;5;3;6;4;1;1;0;1;0;0;0;0;POINT (13.40564394 52.53456427)
4;2018;9;15;4;3;6;4;0;1;0;1;0;0;0;0;POINT (13.33705328 52.48580448)
2;2018;9;10;3;3;5;3;0;1;1;0;0;0;0;0;POINT (13.44841504 52.5218114)
12;2018;9;23;5;3;5;2;2;0;1;0;1;0;0;0;POINT (13.29735626 52.57764617)
3;2018;9;9;3;3;5;3;0;0;1;0;0;0;0;0;POINT (13.44589925 52.544751)
1;2018;9;10;3;3;1;5;0;1;0;0;0;0;1;0;POINT (13.41201571 52.52557855)
8;2018;9;18;5;3;1;5;0;1;1;0;0;0;0;0;POINT (13.4253409 52.47991646)
8;2018;9;19;5;3;5;2;0;1;1;0;0;0;0;0;POINT (13.42770206 52.48113599)
4;2018;9;10;4;3;6;7;0;0;1;1;0;0;0;0;POINT (13.32160597 52.50031836)
4;2018;9;8;3;3;5;3;0;0;1;0;0;0;0;0;POINT (13.31116691 52.49607406)
2;2018;9;19;5;3;4;6;1;1;0;0;0;0;0;0;POINT (13.43249058 52.52316272)
4;2018;9;8;5;3;1;5;0;1;1;0;0;0;0;0;POINT (13.32896435 52.50550794)
3;2018;9;9;3;3;1;5;0;1;1;0;0;0;0;0;POINT (13.43388565 52.55324178)
2;2018;9;9;3;3;2;2;0;1;1;0;0;0;0;0;POINT (13.42058126 52.50311556)
10;2018;9;23;5;2;5;3;2;1;1;0;0;0;0;0;POINT (13.57529624 52.54701539)
10;2018;9;16;3;3;6;4;0;0;1;1;0;0;0;0;POINT (13.616976 52.54000909)
2;2018;9;16;3;3;2;6;0;1;1;0;0;0;0;0;POINT (13.46703779 52.51277537)
10;2018;9;16;3;2;6;4;0;0;1;1;0;0;0;0;POINT (13.60452122 52.53654869)
2;2018;9;22;5;3;2;2;2;0;1;0;0;0;0;0;POINT (13.41052986 52.50336654)
10;2018;9;16;3;2;5;2;0;1;1;0;0;0;0;0;POINT (13.55257279 52.50023788)
2;2018;9;15;3;3;5;2;0;1;1;0;0;0;0;0;POINT (13.41045238 52.50380079)
12;2018;9;10;5;3;5;7;0;1;1;0;0;0;0;0;POINT (13.34131656 52.57523602)
9;2018;9;9;5;3;2;2;0;0;1;0;0;0;0;0;POINT (13.50223217 52.48154396)
2;2018;9;8;4;3;0;1;0;1;0;0;0;0;0;0;POINT (13.39606273 52.49606028)
3;2018;9;15;3;3;1;5;0;1;1;0;0;0;0;0;POINT (13.43943811 52.59747565)
7;2018;9;9;5;3;0;6;0;0;1;0;0;1;0;0;POINT (13.33400147 52.46841874)
2;2018;9;15;3;3;5;3;0;1;1;0;0;0;0;0;POINT (13.40065336 52.49046103)
2;2018;9;15;3;3;3;6;0;1;0;0;0;0;0;0;POINT (13.39964904 52.4984616)
5;2018;9;9;5;2;1;5;0;1;1;0;0;0;0;0;POINT (13.27491839 52.53589397)
6;2018;9;14;3;3;5;3;0;1;1;0;0;0;0;0;POINT (13.33250872 52.44030082)
1;2018;9;9;5;3;0;6;0;1;1;0;0;0;0;0;POINT (13.3406383 52.51977035)
9;2018;9;15;3;3;2;6;0;0;1;0;0;0;0;0;POINT (13.4984789 52.43408921)
8;2018;9;18;5;2;6;4;1;1;0;1;0;0;0;0;POINT (13.44958201 52.47908432)
6;2018;9;8;5;3;6;7;0;1;0;1;0;0;0;0;POINT (13.32698015 52.4296333)
4;2018;9;16;3;3;2;6;0;0;1;0;0;0;0;0;POINT (13.29602187 52.53027658)
6;2018;9;0;5;3;0;5;2;1;1;0;0;0;0;0;POINT (13.2889405 52.46590657)
4;2018;9;18;5;3;2;6;0;0;1;0;1;0;0;0;POINT (13.30774573 52.5065822)
1;2018;9;10;5;3;0;1;0;1;0;0;0;0;0;0;POINT (13.40917817 52.52844761)
8;2018;9;6;4;2;5;7;0;0;1;0;1;0;0;0;POINT (13.43265076 52.48172067)
4;2018;9;15;3;3;0;1;0;1;0;0;0;0;0;0;POINT (13.30393785 52.51834676)
4;2018;9;8;5;3;5;5;0;0;1;0;1;0;0;0;POINT (13.29243293 52.49785475)
8;2018;9;18;5;2;3;6;0;1;0;0;0;0;1;0;POINT (13.42912806 52.48657308)
4;2018;9;13;3;2;0;4;0;0;0;1;0;1;1;0;POINT (13.29425833 52.49770513)
1;2018;9;15;4;2;3;6;0;1;1;0;0;0;0;0;POINT (13.40724919 52.52929007)
8;2018;9;17;3;3;6;4;0;0;1;1;0;0;0;0;POINT (13.46700012 52.42839297)
2;2018;9;8;5;3;6;4;0;1;0;1;0;0;0;1;POINT (13.42437389 52.48827633)
7;2018;9;17;3;3;5;2;0;1;0;0;1;0;0;0;POINT (13.341216 52.48556915)
6;2018;9;19;4;3;1;5;2;1;1;0;0;0;0;0;POINT (13.3493832 52.44758092)
11;2018;9;16;3;3;5;3;0;0;1;0;0;0;0;0;POINT (13.52758922 52.48440709)
10;2018;9;17;5;3;2;6;0;1;1;0;0;0;0;0;POINT (13.5405572 52.52595652)
8;2018;9;7;5;3;6;4;0;0;1;1;0;0;0;0;POINT (13.43057142 52.46433927)
7;2018;9;16;4;3;2;7;0;0;1;0;0;0;0;0;POINT (13.32930219 52.46566919)
1;2018;9;12;3;3;5;7;0;0;1;0;0;0;0;0;POINT (13.3766457 52.51010417)
10;2018;9;7;5;3;5;3;0;1;1;0;0;0;0;1;POINT (13.58380966 52.50957127)
7;2018;9;15;4;3;5;3;0;1;1;0;0;0;0;0;POINT (13.36708587 52.49321318)
11;2018;9;12;3;3;2;2;0;0;1;0;0;0;0;0;POINT (13.50003837 52.49894235)
11;2018;9;7;5;2;5;3;0;0;1;0;1;0;0;0;POINT (13.49970561 52.52519289)
11;2018;9;17;3;3;2;6;0;0;1;0;0;0;0;0;POINT (13.52727673 52.59190108)
2;2018;9;11;3;3;5;3;0;1;0;0;0;0;0;0;POINT (13.39225461 52.49215361)
2;2018;9;7;5;3;0;1;0;0;0;0;1;0;0;0;POINT (13.3929534 52.50438059)
11;2018;9;17;4;2;5;2;0;1;1;0;0;0;0;0;POINT (13.54947035 52.5687642)
1;2018;9;17;3;2;0;1;0;1;0;0;0;0;0;0;POINT (13.40539344 52.53429711)
2;2018;9;16;5;3;3;6;0;1;1;0;0;0;0;0;POINT (13.43714838 52.49319586)
2;2018;9;9;3;3;3;6;0;1;0;0;0;0;1;0;POINT (13.45283998 52.51241074)
1;2018;9;8;3;3;6;2;0;0;0;1;0;0;1;0;POINT (13.39098307 52.54486572)
12;2018;9;16;5;3;5;3;0;0;1;0;0;0;0;0;POINT (13.29827905 52.59843073)
4;2018;9;18;4;3;0;7;0;0;1;0;0;0;1;0;POINT (13.29753284 52.49813452)
4;2018;9;9;3;3;5;2;0;1;1;0;0;0;0;0;POINT (13.3170025 52.50267404)
1;2018;9;16;5;3;6;6;0;1;0;1;0;0;0;0;POINT (13.39382504 52.52774058)
12;2018;9;15;5;2;5;2;0;0;1;0;1;0;0;0;POINT (13.29524003 52.57554894)
1;2018;9;16;4;3;6;4;0;1;0;1;0;0;0;0;POINT (13.40327452 52.52151575)