bez;ujahr;umonat;ustunde;uwochentag;ukategorie;uart;utyp1;ulichtverh;istrad;istpkw;istfuss;istkrad;istgkfz;istsonstige;ustrzustand;geometry
4;2018;9;9;3;3;0;3;0;0;1;0;1;0;0;0;POINT (13.27444167 52.50800533)
4;2018;9;20;5;3;1;5;2;1;0;0;0;0;1;0;POINT (13.33056583 52.50697144)
8;2018;9;7;3;3;5;3;0;0;1;0;1;0;0;0;POINT (13.44894393 52.48503691)
1;2018;9;15;5;3;5;2;0;0;1;0;1;0;0;0;POINT (13.33847012 52.51699296)
11;2018;9;6;3;3;5;3;0;1;1;0;0;0;0;0;POINT (13.4948362 52.54542906)
1;2018;9;16;3;3;6;7;0;1;0;1;0;0;0;0;POINT (13.41442591 52.51960197)
12;2018;9;15;5;2;1;5;0;1;1;0;0;0;0;0;POINT (13.32392959 52.57383634)
1;2018;9;15;5;3;1;5;0;1;1;0;0;0;0;0;POINT (13.34872704 52.52464735)
7;2018;9;10;4;3;6;7;0;1;0;1;0;0;0;0;POINT (13.37331885 52.46910485)
1;2018;9;5;3;3;2;6;1;0;1;0;0;0;0;0;POINT (13.3929687 52.53728091)
3;2018;9;14;5;3;6;2;0;0;0;1;0;0;1;0;POINT (13.49138095 52.6377623)
5;2018;9;12;4;2;5;2;0;0;1;0;0;0;0;0;POINT (13.18460548 52.54755923)
8;2018;9;13;5;3;5;7;0;1;1;0;0;0;0;0;POINT (13.43367666 52.48675584)
5;2018;9;13;5;3;2;6;0;0;1;0;1;0;0;0;POINT (13.24910949 52.55197916)
9;2018;9;15;3;1;8;1;0;0;0;0;1;0;0;0;POINT (13.4918758 52.45809046)
8;2018;9;14;2;3;5;2;0;0;1;0;0;0;0;0;POINT (13.45458184 52.47451768)
4;2018;9;11;5;3;5;2;0;1;1;0;0;0;0;0;POINT (13.33079072 52.48613619)
4;2018;9;12;2;3;6;4;0;0;1;1;0;0;0;0;POINT (13.32678002 52.5086902)
2;2018;9;11;2;3;5;2;0;1;1;0;0;0;0;0;POINT (13.42763816 52.49917147)
7;2018;9;9;5;2;6;4;0;0;1;1;0;0;0;0;POINT (13.38480363 52.46571162)
3;2018;9;20;4;3;3;6;2;1;0;0;0;0;0;0;POINT (13.45121367 52.53551114)
2;2018;9;7;4;3;5;3;0;1;1;0;0;0;0;0;POINT (13.4121799 52.49866911)
4;2018;9;11;2;3;5;2;0;0;0;0;1;0;0;0;POINT (13.33045926 52.511106)
3;2018;9;17;4;3;5;3;0;1;1;0;0;0;0;0;POINT (13.42260973 52.54458357)
4;2018;9;14;4;3;5;3;0;0;1;0;0;0;0;0;POINT (13.32097907 52.51307718)
9;2018;9;16;4;3;2;6;0;0;1;0;0;0;1;0;POINT (13.48087043 52.46088454)
10;2018;9;22;4;3;6;4;2;0;1;1;0;0;0;1;POINT (13.60413989 52.53865136)
4;2018;9;11;2;3;2;6;0;0;1;0;0;0;0;0;POINT (13.30035444 52.5222931)
5;2018;9;10;2;3;1;5;0;1;1;0;0;0;0;0;POINT (13.19961623 52.52479649)
4;2018;9;22;4;3;6;2;2;0;1;1;0;0;0;1;POINT (13.28226897 52.53392922)
6;2018;9;10;2;3;5;2;0;0;1;0;1;0;0;0;POINT (13.34511844 52.44885788)
9;2018;9;22;4;3;5;2;2;1;1;0;0;0;0;0;POINT (13.45401913 52.48893069)
2;2018;9;9;2;3;5;3;0;1;1;0;0;0;0;0;POINT (13.45784698 52.51283786)
1;2018;9;9;2;3;5;2;0;1;1;0;0;0;0;0;POINT (13.41016337 52.52399554)
5;2018;9;19;4;3;0;7;0;0;0;0;1;0;0;0;POINT (13.19724364 52.54102791)
1;2018;9;9;2;3;5;2;0;1;0;0;1;0;0;0;POINT (13.34926271 52.54223231)
7;2018;9;9;2;3;0;6;0;0;0;0;1;0;1;0;POINT (13.34759015 52.49447954)
1;2018;9;19;4;3;5;2;2;0;1;0;0;0;0;1;POINT (13.38641424 52.5495002)
2;2018;9;19;4;3;2;6;2;0;1;0;1;0;0;1;POINT (13.39232483 52.49740199)
10;2018;9;6;4;3;1;5;1;1;1;0;0;0;0;0;POINT (13.56609245 52.55142634)
2;2018;9;6;2;3;6;4;1;1;0;1;0;0;0;0;POINT (13.40742891 52.48924293)
4;2018;9;11;4;3;1;5;0;1;1;0;0;0;0;1;POINT (13.29424043 52.49715663)
3;2018;9;14;4;3;1;5;0;0;1;0;1;0;0;0;POINT (13.39969539 52.56572776)
2;2018;9;19;4;3;5;3;1;0;1;0;0;0;0;0;POINT (13.39966797 52.49841426)
7;2018;9;8;2;2;0;7;0;0;1;1;0;0;0;0;POINT (13.38854685 52.43915689)
6;2018;9;15;4;3;2;6;0;0;1;0;0;0;0;0;POINT (13.30707179 52.41971892)
8;2018;9;6;2;3;5;2;0;1;1;0;0;0;0;0;POINT (13.50348172 52.41167952)
4;2018;9;15;4;3;2;6;0;0;1;0;0;0;0;0;POINT (13.30463863 52.50991785)
8;2018;9;0;4;3;1;5;1;0;1;0;0;0;1;0;POINT (13.4012137 52.41762939)
12;2018;9;8;2;3;1;5;0;0;1;0;0;0;0;0;POINT (13.35454195 52.56210106)
8;2018;9;13;4;3;3;2;0;1;1;0;0;0;0;0;POINT (13.43034728 52.46914794)
5;2018;9;14;4;3;2;6;0;0;1;0;0;0;0;0;POINT (13.21528058 52.52681251)
1;2018;9;11;4;3;5;7;0;0;1;0;0;0;0;1;POINT (13.40174049 52.53326934)
1;2018;9;6;5;3;0;2;1;1;0;0;0;0;1;0;POINT (13.39156859 52.55543128)
10;2018;9;8;2;3;3;6;0;1;1;0;0;0;0;0;POINT (13.57657778 52.51323102)
8;2018;9;18;4;3;4;6;0;0;1;0;0;0;0;0;POINT (13.43012249 52.46030232)
1;2018;9;11;4;3;5;2;0;1;0;0;0;1;0;1;POINT (13.38332341 52.55473147)
9;2018;9;11;2;3;0;1;0;0;0;0;1;0;0;0;POINT (13.56048404 52.44261009)
10;2018;9;18;4;3;9;1;1;0;1;0;0;0;0;1;POINT (13.57020886 52.54072653)
7;2018;9;4;4;3;5;3;2;0;1;0;1;0;0;0;POINT (13.34589011 52.49457124)
7;2018;9;15;2;3;1;5;0;1;1;0;0;0;0;0;POINT (13.3449428 52.48736614)
7;2018;9;10;4;3;0;7;0;0;1;0;1;0;0;1;POINT (13.34689908 52.48927897)
8;2018;9;17;2;2;5;2;0;0;1;0;0;0;0;0;POINT (13.49557933 52.41529097)
2;2018;9;17;2;3;3;2;0;0;0;0;1;0;1;0;POINT (13.42867965 52.51888998)
1;2018;9;10;4;3;5;3;0;0;1;0;0;0;0;1;POINT (13.34606456 52.54490357)
2;2018;9;17;4;3;2;6;0;0;1;0;0;0;0;0;POINT (13.42987114 52.50991019)
4;2018;9;9;4;2;5;3;0;1;1;0;0;0;0;1;POINT (13.31451587 52.4903082)
4;2018;9;13;4;3;3;6;0;1;1;0;0;0;0;0;POINT (13.20002796 52.49550361)
2;2018;9;9;4;3;5;3;0;1;0;0;0;0;0;1;POINT (13.39162298 52.50093888)
4;2018;9;17;2;3;5;2;0;1;1;0;0;0;0;0;POINT (13.2948519 52.53958843)
1;2018;9;0;4;3;5;3;2;0;1;0;0;0;0;0;POINT (13.35749457 52.53596578)
3;2018;9;17;2;3;1;5;0;0;1;0;0;0;0;0;POINT (13.4558411 52.5482321)
1;2018;9;9;4;3;2;2;0;0;1;0;0;0;0;1;POINT (13.38069876 52.51666268)
5;2018;9;21;2;2;5;3;2;0;1;0;0;0;0;0;POINT (13.23184315 52.54515717)
6;2018;9;21;2;3;8;7;2;0;1;0;0;0;0;0;POINT (13.19649415 52.44792238)
1;2018;9;9;4;3;5;3;0;1;0;0;0;0;0;1;POINT (13.41055421 52.52801311)
12;2018;9;19;2;3;2;2;1;0;1;0;0;0;0;0;POINT (13.32968766 52.60209476)
1;2018;9;8;4;3;3;6;0;1;1;0;0;0;0;1;POINT (13.38050673 52.53261964)
1;2018;9;18;2;3;5;7;0;0;1;0;1;0;0;0;POINT (13.34435809 52.53790759)
3;2018;9;18;2;3;5;3;0;1;0;0;0;0;1;0;POINT (13.45273786 52.54860383)
12;2018;9;8;4;3;5;3;0;0;1;0;0;0;0;1;POINT (13.32488508 52.60823645)
12;2018;9;7;4;3;5;7;0;0;1;0;1;0;0;1;POINT (13.32944002 52.59408409)
9;2018;9;12;4;3;5;3;0;0;1;0;0;0;0;0;POINT (13.57444303 52.41391276)
1;2018;9;18;2;3;6;4;0;1;0;1;0;0;0;0;POINT (13.37826217 52.5077632)
11;2018;9;6;4;3;6;4;1;0;1;1;0;0;0;0;POINT (13.49910759 52.5175982)
8;2018;9;17;4;3;5;2;0;1;0;0;0;0;1;0;POINT (13.44491493 52.46802997)
5;2018;9;18;4;3;5;3;1;0;1;0;0;0;0;1;POINT (13.17810132 52.54881264)
1;2018;9;18;2;3;5;2;0;0;0;0;1;0;1;0;POINT (13.33930709 52.52570672)
2;2018;9;17;2;3;6;4;0;0;1;1;0;0;0;0;POINT (13.47331112 52.5150357)
1;2018;9;18;4;3;5;3;0;0;1;0;1;0;0;1;POINT (13.42877533 52.50868988)
10;2018;9;16;2;3;1;5;0;1;1;0;0;0;0;0;POINT (13.55701594 52.5405969)
3;2018;9;15;2;2;5;2;0;0;1;0;1;0;0;0;POINT (13.43645931 52.54851969)
3;2018;9;8;4;2;0;1;0;0;0;0;1;0;0;1;POINT (13.49920123 52.6304787)
5;2018;9;8;4;3;2;6;0;0;1;0;0;1;0;1;POINT (13.18532969 52.51536459)
1;2018;9;7;4;3;5;3;0;1;1;0;0;0;0;0;POINT (13.40265556 52.53854543)
4;2018;9;15;2;3;5;3;0;0;1;0;0;0;0;0;POINT (13.2887321 52.51226003)
2;2018;9;14;2;3;5;7;0;0;1;0;1;0;0;0;POINT (13.44146695 52.52583152)
1;2018;9;18;4;3;2;1;0;0;1;0;1;0;0;1;POINT (13.3767682 52.54336117)
12;2018;9;11;4;3;0;1;0;0;0;0;1;0;0;1;POINT (13.36102691 52.57709247)
3;2018;9;9;4;3;1;5;0;0;1;0;1;0;0;0;POINT (13.48064251 52.572362)
1;2018;9;14;2;3;5;2;0;0;1;0;0;0;0;0;POINT (13.3769724 52.55755033)
10;2018;9;10;4;3;0;1;0;0;0;0;1;0;0;1;POINT (13.58262583 52.52240862)
5;2018;9;16;4;3;2;6;0;0;1;0;0;0;1;0;POINT (13.23220149 52.54025272)
7;2018;9;16;4;3;5;3;0;1;1;0;0;0;0;0;POINT (13.38532357 52.46858872)
2;2018;9;13;2;3;5;3;0;0;1;0;0;0;0;0;POINT (13.41676998 52.50431146)
7;2018;9;12;2;3;5;3;0;0;1;0;0;0;0;0;POINT (13.40208921 52.40661331)
4;2018;9;16;4;3;5;2;0;1;1;0;0;0;0;0;POINT (13.29008295 52.51894984)
10;2018;9;14;2;2;0;1;0;0;0;0;1;0;0;0;POINT (13.53851882 52.52461237)
1;2018;9;9;5;3;5;2;0;1;1;0;0;0;0;0;POINT (13.40978578 52.52401505)
4;2018;9;17;1;3;0;2;0;1;1;0;0;0;0;0;POINT (13.32803687 52.47991105)
2;2018;9;15;4;3;3;6;0;0;1;0;1;0;0;0;POINT (13.39836606 52.50720857)
6;2018;9;15;4;3;5;3;0;0;1;0;0;0;0;0;POINT (13.34420196 52.44589957)
9;2018;9;22;1;3;0;3;2;1;1;0;0;0;0;0;POINT (13.48457523 52.46351704)
4;2018;9;15;4;3;5;2;0;1;1;0;0;0;0;0;POINT (13.31377156 52.50636563)
7;2018;9;17;4;3;2;4;0;1;0;1;0;0;0;0;POINT (13.32826472 52.47728124)
1;2018;9;8;4;3;2;6;0;0;1;0;0;0;0;0;POINT (13.39914071 52.52952481)
1;2018;9;22;1;3;1;5;2;0;1;0;1;0;0;0;POINT (13.34515228 52.52976255)
8;2018;9;9;4;3;3;6;0;0;0;0;1;1;0;1;POINT (13.43698515 52.42372493)
3;2018;9;7;4;3;0;2;1;1;1;0;0;0;0;0;POINT (13.37545467 52.59718211)
1;2018;9;10;4;3;2;6;0;0;1;0;0;1;0;1;POINT (13.35213291 52.5053654)
1;2018;9;15;1;3;2;6;0;1;1;0;0;0;0;0;POINT (13.38623736 52.51448362)
3;2018;9;14;1;3;5;3;0;0;1;0;1;0;0;0;POINT (13.44058517 52.55375532)
5;2018;9;18;3;3;5;3;0;1;1;0;0;0;0;0;POINT (13.15714885 52.53441178)
1;2018;9;14;1;3;5;2;0;1;1;0;0;0;0;0;POINT (13.39562983 52.53863761)
12;2018;9;21;4;3;5;2;2;0;1;0;0;0;0;0;POINT (13.32383353 52.58750663)
8;2018;9;13;1;3;5;2;0;1;1;0;0;0;0;0;POINT (13.49467858 52.42130547)
1;2018;9;16;3;3;2;7;0;0;1;0;0;0;0;0;POINT (13.34614234 52.52497583)
3;2018;9;7;3;3;1;5;0;1;1;0;0;0;0;0;POINT (13.43271056 52.55272596)
10;2018;9;8;3;3;5;3;0;1;1;0;0;0;0;0;POINT (13.52779838 52.5196639)
8;2018;9;13;1;3;5;3;0;1;1;0;0;0;0;0;POINT (13.42582659 52.41368539)
2;2018;9;19;3;3;5;5;1;0;1;0;1;0;0;0;POINT (13.37660138 52.48576445)
2;2018;9;19;3;3;6;4;1;1;0;1;0;0;0;0;POINT (13.45012225 52.52224735)
10;2018;9;16;4;3;5;3;0;1;1;0;0;0;0;0;POINT (13.59859773 52.49436241)
1;2018;9;13;1;3;2;6;0;0;0;0;1;0;1;0;POINT (13.36539532 52.510162)
7;2018;9;18;3;3;5;2;0;1;1;0;0;0;0;0;POINT (13.34624755 52.41503031)
4;2018;9;19;1;3;5;3;2;1;1;0;0;0;0;0;POINT (13.28662474 52.51888461)
3;2018;9;13;1;3;2;7;0;0;1;0;1;0;0;0;POINT (13.5005299 52.63266878)
10;2018;9;18;3;3;1;7;0;1;1;0;0;0;0;0;POINT (13.61690693 52.53629541)
6;2018;9;12;4;3;5;2;0;1;1;0;0;0;0;0;POINT (13.22028372 52.43168954)
3;2018;9;7;3;3;2;6;0;0;1;0;0;0;0;0;POINT (13.44243201 52.61443463)
2;2018;9;23;3;2;0;5;2;0;0;0;1;0;1;0;POINT (13.37869926 52.48957436)
8;2018;9;11;1;2;5;2;0;0;1;0;1;0;0;0;POINT (13.4271618 52.47518884)
3;2018;9;7;3;3;0;7;0;0;1;0;0;0;0;0;POINT (13.41846813 52.53827987)
6;2018;9;18;4;3;2;6;0;1;1;0;0;0;0;0;POINT (13.25559756 52.43082889)
4;2018;9;11;1;3;1;5;0;0;1;0;0;0;1;0;POINT (13.29194235 52.50668089)
12;2018;9;7;3;2;1;5;0;1;0;0;0;0;1;0;POINT (13.37833172 52.5657907)
4;2018;9;10;3;3;2;7;0;1;1;0;0;0;0;0;POINT (13.31951657 52.49360628)
11;2018;9;7;3;3;1;5;0;1;1;0;0;0;0;0;POINT (13.50202916 52.57162236)
2;2018;9;19;1;3;6;4;1;0;0;1;1;0;0;0;POINT (13.45576075 52.50088704)
3;2018;9;7;3;3;5;3;0;1;0;0;0;0;0;0;POINT (13.41854686 52.58288706)
3;2018;9;16;3;3;5;3;0;1;1;0;0;0;0;0;POINT (13.37835607 52.57651386)
9;2018;9;9;1;3;6;2;0;0;1;1;0;0;0;0;POINT (13.50025543 52.44127093)
4;2018;9;14;3;2;5;2;0;1;0;0;1;0;0;0;POINT (13.31880508 52.49184125)
4;2018;9;9;1;3;5;3;0;1;0;0;0;0;1;0;POINT (13.27246494 52.53894171)
1;2018;9;5;4;3;5;3;2;1;1;0;0;0;0;0;POINT (13.3299159 52.52291422)
2;2018;9;18;1;2;1;5;1;1;1;0;0;0;0;0;POINT (13.46171122 52.51204766)
2;2018;9;7;3;2;6;4;0;1;0;1;0;0;0;0;POINT (13.43590604 52.51523498)
1;2018;9;13;3;3;7;7;0;1;0;0;0;0;0;0;POINT (13.34318358 52.52681663)
4;2018;9;10;4;3;0;1;0;0;0;0;1;0;0;0;POINT (13.30874702 52.52574275)
9;2018;9;9;1;3;6;2;0;0;0;1;0;0;1;0;POINT (13.47870455 52.47756813)
1;2018;9;13;3;2;1;5;0;1;1;0;0;0;0;0;POINT (13.34709224 52.50369198)
8;2018;9;11;3;3;3;6;0;1;1;0;0;0;0;0;POINT (13.43220584 52.48166857)
1;2018;9;9;1;3;1;5;0;1;1;0;0;0;1;0;POINT (13.39490514 52.52447548)
1;2018;9;7;1;2;5;3;0;1;0;0;1;0;0;0;POINT (13.33908636 52.54387928)
1;2018;9;11;3;3;5;2;0;1;1;0;0;0;0;0;POINT (13.34278362 52.50460486)
9;2018;9;7;1;2;5;3;0;1;1;0;0;0;0;0;POINT (13.53005916 52.43592646)
1;2018;9;14;3;2;0;1;0;1;0;0;0;0;0;0;POINT (13.4017281 52.52915233)
9;2018;9;7;1;3;5;3;0;0;1;0;1;0;0;0;POINT (13.4511802 52.48894556)
6;2018;9;11;3;3;5;3;0;1;1;0;0;0;0;0;POINT (13.33135704 52.4421196)
4;2018;9;18;1;3;5;3;1;1;1;0;0;0;0;0;POINT (13.3101647 52.49376498)
5;2018;9;12;1;3;3;6;0;0;1;0;1;0;0;0;POINT (13.1886696 52.53433309)
4;2018;9;9;3;3;5;3;0;1;1;0;0;0;0;0;POINT (13.31916941 52.49980495)
4;2018;9;18;3;3;5;7;0;1;1;0;0;0;0;0;POINT (13.30478587 52.52559515)
4;2018;9;8;4;3;2;6;0;0;1;0;0;0;0;0;POINT (13.30416152 52.49670546)
1;2018;9;18;1;2;5;3;0;0;0;0;1;0;1;0;POINT (13.34941899 52.50856542)
3;2018;9;18;3;3;2;6;0;0;1;0;1;0;0;0;POINT (13.41400283 52.55362796)
12;2018;9;13;3;2;5;2;0;0;1;0;1;0;0;0;POINT (13.36216934 52.56789788)
1;2018;9;9;3;3;0;1;0;1;0;0;0;0;0;0;POINT (13.40920419 52.52848017)
2;2018;9;18;1;3;2;6;0;0;1;0;1;0;0;0;POINT (13.45415574 52.5222545)
6;2018;9;17;1;3;5;2;0;0;1;0;1;0;0;0;POINT (13.2960494 52.44356675)
1;2018;9;18;3;3;5;2;0;1;1;0;0;0;0;0;POINT (13.34206941 52.55599536)
7;2018;9;17;1;3;1;1;0;0;1;0;1;0;0;0;POINT (13.35482944 52.48753365)
1;2018;9;14;5;3;6;4;0;0;1;1;0;0;0;0;POINT (13.33668422 52.52668823)
10;2018;9;16;1;3;5;2;0;0;0;0;1;0;1;0;POINT (13.57405824 52.54036972)
12;2018;9;8;3;2;6;2;0;0;1;1;0;0;0;0;POINT (13.35407089 52.56501402)
3;2018;9;17;3;3;2;3;0;0;1;0;0;0;0;0;POINT (13.45613169 52.56144143)
8;2018;9;16;1;3;6;7;0;0;1;1;0;0;0;0;POINT (13.43381838 52.48090532)
3;2018;9;17;1;3;3;6;0;1;1;0;0;0;0;0;POINT (13.43114918 52.534362)
1;2018;9;8;3;3;6;4;0;1;0;1;0;0;0;0;POINT (13.40306057 52.52751595)
8;2018;9;17;3;3;3;6;0;1;1;0;0;0;0;0;POINT (13.43764604 52.47881624)
9;2018;9;6;4;3;3;6;0;0;1;0;1;0;0;0;POINT (13.51693213 52.47062106)
10;2018;9;16;1;3;6;7;0;1;0;1;0;0;0;0;POINT (13.5504858 52.54245999)
1;2018;9;16;3;3;0;2;0;1;1;0;0;0;0;0;POINT (13.34302281 52.52616607)
12;2018;9;13;3;3;5;7;0;0;1;0;0;0;1;0;POINT (13.34066748 52.59587036)
10;2018;9;16;3;3;5;3;0;1;1;0;0;0;0;0;POINT (13.60645633 52.52740694)
6;2018;9;15;1;3;5;7;0;1;1;0;0;0;0;0;POINT (13.34986949 52.42121392)
6;2018;9;14;4;3;5;3;0;1;1;0;0;0;0;0;POINT (13.30381599 52.45876815)
7;2018;9;15;1;3;1;5;0;0;1;0;0;0;0;0;POINT (13.38421934 52.40501604)
2;2018;9;8;3;3;5;3;0;1;0;0;0;0;0;0;POINT (13.43185811 52.4998388)
3;2018;9;19;4;3;5;3;2;0;1;0;0;0;0;0;POINT (13.4450503 52.59061315)
9;2018;9;15;1;3;2;2;0;0;1;0;0;0;0;0;POINT (13.56962674 52.4418746)
6;2018;9;23;3;3;2;6;2;0;1;0;0;0;1;0;POINT (13.28601461 52.45329126)
8;2018;9;13;3;3;5;3;0;1;1;0;0;0;0;0;POINT (13.43618213 52.47280258)
3;2018;9;16;3;3;2;6;0;0;1;0;1;0;0;0;POINT (13.45268666 52.53939052)
1;2018;9;23;1;3;3;6;2;1;0;0;1;0;0;0;POINT (13.42024552 52.50706972)
7;2018;9;15;3;3;5;2;0;1;1;0;0;0;0;0;POINT (13.37745394 52.46487022)
1;2018;9;21;3;3;5;2;2;0;1;0;0;0;0;0;POINT (13.35020851 52.54971914)
1;2018;9;11;1;3;0;2;0;1;1;0;0;0;0;0;POINT (13.38083762 52.5163662)
11;2018;9;8;3;3;5;2;0;1;0;0;0;0;1;0;POINT (13.51386999 52.50548628)
4;2018;9;17;3;3;3;6;0;1;1;0;0;0;0;0;POINT (13.2021112 52.49324854)
5;2018;9;23;7;3;5;3;2;0;1;0;0;0;1;0;POINT (13.15193252 52.55367208)
8;2018;9;21;3;3;5;2;2;0;1;0;0;0;0;0;POINT (13.44689398 52.42699146)
8;2018;9;21;7;3;5;3;2;1;1;0;0;0;0;0;POINT (13.43525635 52.48602367)
8;2018;9;8;3;3;5;2;0;1;0;0;0;0;1;0;POINT (13.43340802 52.44411216)
6;2018;9;17;7;2;3;6;0;1;0;0;0;0;0;0;POINT (13.26579265 52.41623451)
12;2018;9;16;7;3;5;3;0;0;1;0;0;0;0;0;POINT (13.32940502 52.56808149)
9;2018;9;20;3;3;5;5;2;0;1;0;0;0;0;0;POINT (13.48307801 52.46228411)
1;2018;9;22;4;3;1;5;2;1;1;0;0;0;1;0;POINT (13.35112867 52.5498089)
9;2018;9;8;3;3;2;6;0;0;1;0;0;0;1;0;POINT (13.58463723 52.45170946)
2;2018;9;8;3;3;5;7;0;1;1;0;0;0;0;0;POINT (13.40722047 52.4860594)
4;2018;9;15;7;3;2;7;0;0;1;0;1;0;0;0;POINT (13.33036973 52.50037637)
3;2018;9;15;3;3;2;7;0;0;1;0;1;0;0;0;POINT (13.38914748 52.5835568)
1;2018;9;15;7;3;3;6;0;1;0;0;1;0;0;0;POINT (13.39922004 52.54641758)
7;2018;9;16;3;2;5;3;0;0;1;0;1;0;0;0;POINT (13.37161046 52.4235997)
3;2018;9;13;7;3;5;3;0;0;1;0;0;0;1;0;POINT (13.40814901 52.54143966)
8;2018;9;13;7;3;5;3;0;1;0;0;1;0;0;0;POINT (13.40730976 52.48242726)
5;2018;9;15;3;2;6;4;0;0;1;1;0;0;0;0;POINT (13.2108644 52.55058534)
9;2018;9;13;7;2;5;2;0;0;1;0;0;0;0;0;POINT (13.52666175 52.4287915)
1;2018;9;12;7;3;3;6;0;0;1;0;0;0;0;0;POINT (13.36065539 52.53747688)
7;2018;9;7;3;3;5;3;0;1;1;0;0;0;0;0;POINT (13.37611636 52.40932919)
1;2018;9;15;3;2;5;5;0;0;1;0;1;0;0;0;POINT (13.38956763 52.55016726)
8;2018;9;11;4;3;2;6;0;0;1;0;0;0;1;0;POINT (13.43232595 52.46647685)
2;2018;9;12;7;3;5;3;0;0;1;0;0;0;0;0;POINT (13.46425137 52.50959274)
4;2018;9;15;3;3;0;3;0;1;1;0;0;0;0;0;POINT (13.28468774 52.46964457)
8;2018;9;13;3;3;5;3;0;1;1;0;0;0;0;0;POINT (13.45908933 52.4404279)
6;2018;9;11;7;3;2;6;0;0;1;0;0;0;0;0;POINT (13.30398879 52.42646562)
4;2018;9;10;7;2;0;1;0;0;0;0;1;0;0;0;POINT (13.27724141 52.50208203)
9;2018;9;8;3;3;0;2;0;1;0;0;1;0;0;0;POINT (13.45209717 52.4902685)
12;2018;9;9;7;3;5;3;0;0;1;0;0;0;0;0;POINT (13.22608291 52.58733448)
7;2018;9;8;7;3;6;4;0;0;1;1;0;0;0;0;POINT (13.34753707 52.48923516)
7;2018;9;17;2;3;2;6;0;1;1;0;0;0;0;0;POINT (13.37559775 52.45537778)
6;2018;9;7;2;3;1;5;1;1;0;0;0;0;1;0;POINT (13.27519251 52.41944113)
12;2018;9;7;4;3;5;3;0;1;1;0;0;0;0;0;POINT (13.31222304 52.62761086)
9;2018;9;12;7;3;2;2;0;0;1;0;0;0;0;0;POINT (13.50968753 52.47295507)
8;2018;9;13;2;3;1;5;0;0;1;0;0;0;0;0;POINT (13.50684686 52.40317403)
2;2018;9;16;4;2;5;3;0;0;1;0;1;0;0;0;POINT (13.39958356 52.49837546)
4;2018;9;21;2;3;0;6;2;0;1;0;1;0;0;0;POINT (13.30519567 52.52571279)
8;2018;9;10;6;3;2;6;0;0;1;0;0;0;0;0;POINT (13.48808663 52.42188648)
1;2018;9;19;2;3;0;3;1;0;1;0;1;0;0;0;POINT (13.38620154 52.51367549)
3;2018;9;10;4;3;5;5;0;1;1;0;0;0;0;0;POINT (13.40871073 52.54999166)
2;2018;9;6;6;3;5;2;0;1;1;0;0;0;0;0;POINT (13.46740461 52.49592063)
1;2018;9;22;2;3;0;3;2;0;1;0;1;0;0;0;POINT (13.42194416 52.50512475)
1;2018;9;18;2;3;0;1;0;1;0;0;0;0;0;0;POINT (13.36121867 52.55505024)
1;2018;9;5;6;3;0;4;2;0;1;1;0;0;0;0;POINT (13.36117128 52.55502536)
1;2018;9;9;6;3;0;2;0;0;1;0;1;0;0;0;POINT (13.37929737 52.52253475)
2;2018;9;18;2;3;6;4;0;0;1;1;0;0;0;0;POINT (13.42042087 52.4984731)
10;2018;9;11;6;3;2;2;0;1;1;0;0;0;1;0;POINT (13.61475402 52.54050949)
1;2018;9;9;5;3;0;7;0;0;1;0;1;0;0;0;POINT (13.35122825 52.50949077)
5;2018;9;11;6;3;5;3;0;0;1;0;0;0;0;0;POINT (13.21621573 52.56059878)
4;2018;9;18;2;2;5;3;0;0;1;0;1;0;0;0;POINT (13.32028051 52.49788263)
4;2018;9;18;2;3;0;5;0;1;1;0;0;0;0;0;POINT (13.32328686 52.49778606)
3;2018;9;10;6;3;2;6;0;0;1;0;0;0;0;0;POINT (13.46155808 52.55915275)
2;2018;9;17;2;3;3;6;0;0;1;0;1;0;0;0;POINT (13.38236134 52.49319169)
6;2018;9;9;3;3;5;3;0;0;1;0;0;0;0;0;POINT (13.32639275 52.42111834)
1;2018;9;14;2;2;5;2;0;1;1;0;0;0;0;0;POINT (13.39155491 52.5554336)
4;2018;9;14;2;3;1;5;0;1;1;0;0;0;0;0;POINT (13.29036566 52.47402514)
12;2018;9;8;2;3;5;2;0;1;1;0;0;0;0;0;POINT (13.36434886 52.56264401)
6;2018;9;14;2;3;5;3;0;1;1;0;0;0;0;0;POINT (13.32962771 52.45812742)
12;2018;9;18;4;3;4;6;0;1;0;0;0;0;0;0;POINT (13.24239572 52.61671087)
1;2018;9;9;2;3;4;2;0;1;1;0;0;0;0;0;POINT (13.38083762 52.5163662)
7;2018;9;18;3;3;9;1;0;0;0;0;1;0;0;0;POINT (13.32854145 52.47483326)
1;2018;9;11;2;3;1;5;0;0;0;0;1;0;1;0;POINT (13.38829032 52.55006859)
3;2018;9;7;1;3;5;3;0;0;1;0;1;0;0;0;POINT (13.44275604 52.55108129)
3;2018;9;16;2;3;1;5;0;1;0;0;0;0;1;0;POINT (13.41397713 52.54761178)
1;2018;9;17;1;3;5;3;0;0;1;0;0;0;0;1;POINT (13.39176166 52.53884264)
2;2018;9;9;2;3;6;2;0;0;1;1;0;0;0;0;POINT (13.39820622 52.50698588)