bez;ujahr;umonat;ustunde;uwochentag;ukategorie;uart;utyp1;ulichtverh;istrad;istpkw;istfuss;istkrad;istgkfz;istsonstige;ustrzustand;geometry
7;2018;9;17;4;3;3;6;0;0;1;0;1;0;0;0;POINT (13.37752769 52.46502478)
7;2018;9;17;1;3;2;6;0;0;1;0;0;0;0;1;POINT (13.40990002 52.45992075)
4;2018;9;9;2;3;2;6;0;0;1;0;1;0;0;0;POINT (13.28925162 52.50664179)
2;2018;9;14;1;3;2;7;0;0;1;0;0;0;1;0;POINT (13.41355119 52.49166708)
12;2018;9;16;4;3;2;7;0;0;1;0;0;0;1;0;POINT (13.30159661 52.58001894)
1;2018;9;16;1;3;2;2;0;1;1;0;0;0;0;1;POINT (13.3759798 52.53624924)
2;2018;9;16;3;3;3;2;0;0;1;0;0;0;0;0;POINT (13.43968042 52.52393423)
9;2018;9;16;1;3;2;6;0;0;1;0;0;0;0;1;POINT (13.48779747 52.46617622)
4;2018;9;16;1;2;0;1;0;0;0;0;1;0;0;1;POINT (13.30926687 52.50649217)
11;2018;9;13;2;3;5;2;0;1;1;0;0;0;0;0;POINT (13.47545496 52.52039544)
4;2018;9;16;1;3;2;7;0;0;1;0;0;0;0;1;POINT (13.28724083 52.51688783)
1;2018;9;15;5;3;5;2;0;0;1;0;0;0;0;0;POINT (13.33733894 52.55864404)
11;2018;9;16;5;3;5;3;0;1;0;0;0;0;1;0;POINT (13.52549456 52.4821382)
3;2018;9;17;2;3;5;3;0;0;1;0;1;0;0;0;POINT (13.4388166 52.54427943)
8;2018;9;16;1;2;6;4;0;0;1;1;0;0;0;1;POINT (13.44704846 52.43693923)
5;2018;9;15;4;3;5;2;0;1;1;0;0;0;0;0;POINT (13.19454869 52.54568694)
1;2018;9;15;1;3;0;5;0;1;1;0;0;0;0;0;POINT (13.40666251 52.52282552)
7;2018;9;18;3;3;6;4;1;1;0;1;0;0;0;0;POINT (13.35925688 52.49826607)
5;2018;9;15;1;2;6;4;0;1;0;1;0;0;0;0;POINT (13.17949284 52.50728284)
3;2018;9;15;1;3;2;7;0;0;1;0;0;0;0;1;POINT (13.41151906 52.58226387)
1;2018;9;9;2;3;1;5;0;0;1;0;1;0;0;0;POINT (13.38937627 52.51360118)
5;2018;9;15;1;3;5;2;0;1;0;0;0;0;1;1;POINT (13.19824794 52.53302369)
3;2018;9;16;3;3;5;3;0;1;1;0;0;0;0;0;POINT (13.4117604 52.54306177)
10;2018;9;15;1;2;3;6;0;1;1;0;0;0;0;1;POINT (13.53564375 52.53900994)
1;2018;9;14;1;3;2;6;0;0;1;0;0;0;0;1;POINT (13.37495976 52.55677357)
7;2018;9;11;2;3;5;2;0;0;1;0;0;0;0;0;POINT (13.37205981 52.46976622)
12;2018;9;14;1;3;2;6;0;0;1;0;0;0;0;1;POINT (13.28538018 52.59511432)
1;2018;9;15;5;3;5;2;0;1;1;0;0;0;0;0;POINT (13.38544362 52.51851331)
4;2018;9;18;4;3;5;2;1;1;1;0;0;0;0;0;POINT (13.30048238 52.50020421)
6;2018;9;10;2;2;5;2;0;1;0;0;0;1;0;0;POINT (13.31864839 52.45412002)
6;2018;9;14;1;3;2;6;0;0;1;0;0;0;0;1;POINT (13.3235902 52.42876295)
5;2018;9;10;4;3;2;1;0;0;1;0;1;0;0;0;POINT (13.20267853 52.53797192)
9;2018;9;14;1;3;2;6;0;0;1;0;1;0;0;1;POINT (13.5256151 52.46461009)
3;2018;9;11;3;3;5;2;0;0;1;0;0;0;0;0;POINT (13.43014088 52.55136122)
12;2018;9;14;1;3;2;6;0;0;1;0;0;0;0;1;POINT (13.30900045 52.59054729)
5;2018;9;14;1;3;2;6;0;0;1;0;0;0;1;0;POINT (13.24320402 52.54379462)
7;2018;9;11;2;2;1;5;0;1;1;0;0;0;0;0;POINT (13.33021011 52.46653847)
5;2018;9;23;1;3;2;4;2;0;1;1;0;0;0;1;POINT (13.22100692 52.52853689)
1;2018;9;20;4;3;5;2;2;1;1;0;0;0;0;0;POINT (13.3471968 52.53077269)
7;2018;9;22;1;3;5;3;2;0;1;0;0;0;0;0;POINT (13.40011275 52.4590676)
12;2018;9;13;5;3;2;6;0;0;1;0;0;0;1;0;POINT (13.35454054 52.56210103)
8;2018;9;8;4;3;3;6;0;1;1;0;0;0;0;0;POINT (13.43065019 52.48148097)
1;2018;9;10;2;2;5;3;0;1;1;0;0;0;0;0;POINT (13.40059465 52.51003671)
7;2018;9;21;1;2;5;3;1;1;1;0;0;0;0;0;POINT (13.35020616 52.41422409)
5;2018;9;15;4;2;5;3;0;0;1;0;1;0;0;0;POINT (13.24744347 52.54145851)
4;2018;9;19;1;3;2;1;1;0;1;0;1;0;0;1;POINT (13.32392952 52.49388618)
12;2018;9;9;3;3;0;6;0;1;0;0;0;0;1;0;POINT (13.31582971 52.5595244)
4;2018;9;17;1;3;5;3;0;1;1;0;0;0;0;1;POINT (13.29736299 52.51060361)
1;2018;9;18;1;3;5;7;1;0;1;0;1;0;0;1;POINT (13.36194477 52.5044274)
1;2018;9;17;2;3;5;2;0;1;0;0;0;0;0;0;POINT (13.38064194 52.51662246)
6;2018;9;17;1;3;1;5;0;0;1;0;0;0;0;0;POINT (13.27686718 52.4643091)
3;2018;9;18;4;3;5;2;1;1;1;0;0;0;0;0;POINT (13.38811423 52.58881935)
4;2018;9;16;1;3;0;7;1;0;1;0;1;0;0;1;POINT (13.27125009 52.51021483)
9;2018;9;17;3;2;5;3;0;0;1;0;0;0;0;0;POINT (13.53230183 52.46164137)
3;2018;9;17;1;3;0;3;0;0;1;0;0;0;0;0;POINT (13.46629593 52.52323459)
4;2018;9;17;1;3;3;6;0;1;0;0;0;0;0;1;POINT (13.33435852 52.50544699)
1;2018;9;15;2;3;2;6;0;0;1;0;0;0;0;0;POINT (13.41811681 52.51591418)
9;2018;9;21;1;3;2;7;2;0;1;0;1;0;0;1;POINT (13.49078786 52.46866977)
1;2018;9;10;3;3;0;3;0;1;1;0;0;0;0;0;POINT (13.40524787 52.53396278)
3;2018;9;21;1;3;0;7;2;0;0;0;1;1;0;1;POINT (13.4408677 52.63531689)
6;2018;9;13;1;2;2;1;0;0;1;0;1;0;0;0;POINT (13.31573346 52.45872978)
9;2018;9;7;3;3;0;6;0;0;1;0;1;0;0;1;POINT (13.57977476 52.40478923)
6;2018;9;13;1;2;5;7;0;0;1;0;1;0;0;0;POINT (13.33928467 52.45088124)
9;2018;9;8;2;3;3;6;0;0;1;0;0;0;0;0;POINT (13.50823449 52.4636379)
1;2018;9;12;1;3;6;4;0;0;0;1;0;1;0;0;POINT (13.38395947 52.55563845)
8;2018;9;17;4;3;5;2;0;0;1;0;1;0;0;0;POINT (13.44238647 52.46577535)
1;2018;9;12;1;2;5;3;0;0;1;0;1;0;0;0;POINT (13.39376983 52.52858171)
3;2018;9;15;3;3;3;6;0;1;1;0;0;0;0;0;POINT (13.50362603 52.63073148)
8;2018;9;12;1;3;6;7;0;0;1;1;0;0;0;0;POINT (13.45886259 52.44019001)
4;2018;9;12;1;3;0;6;0;0;1;0;0;0;1;0;POINT (13.33675005 52.50426505)
9;2018;9;13;2;3;2;7;0;0;1;0;0;0;0;0;POINT (13.53755999 52.41868694)
7;2018;9;12;1;3;2;1;0;0;1;0;0;0;1;0;POINT (13.3449667 52.48634112)
2;2018;9;15;5;3;5;3;0;1;0;0;1;0;0;0;POINT (13.44378058 52.50362811)
4;2018;9;11;5;3;5;2;0;1;1;0;0;0;0;0;POINT (13.33076247 52.48507916)
1;2018;9;8;2;3;3;6;0;1;1;0;0;0;0;0;POINT (13.37939831 52.52397325)
2;2018;9;11;1;3;5;2;0;1;1;0;0;0;0;0;POINT (13.42870118 52.51894285)
1;2018;9;13;4;3;5;3;0;0;1;0;0;0;0;0;POINT (13.36226654 52.50546107)
1;2018;9;8;5;3;5;2;0;1;0;0;0;0;1;0;POINT (13.3803724 52.51808416)
6;2018;9;8;2;3;5;2;0;0;1;0;0;0;0;0;POINT (13.23003166 52.43091588)
5;2018;9;15;4;3;6;4;0;1;0;1;0;0;0;0;POINT (13.20695159 52.53338213)
2;2018;9;8;1;3;5;3;0;0;1;0;0;0;0;0;POINT (13.43205592 52.49933514)
7;2018;9;23;3;2;3;6;2;1;1;0;0;0;0;0;POINT (13.37770676 52.46582615)
7;2018;9;11;1;3;0;3;0;0;1;0;1;0;0;0;POINT (13.41732837 52.39472437)
1;2018;9;11;1;3;0;2;0;1;1;0;0;0;0;1;POINT (13.33312184 52.56047021)
6;2018;9;10;2;3;5;3;0;1;1;0;0;0;0;0;POINT (13.32120184 52.42946298)
5;2018;9;9;1;3;2;6;0;0;1;0;0;0;0;0;POINT (13.22489697 52.52886956)
4;2018;9;8;5;2;5;2;0;1;1;0;0;0;0;0;POINT (13.33607703 52.51423561)
7;2018;9;9;4;3;1;5;0;1;1;0;0;0;0;0;POINT (13.37797218 52.47319497)
1;2018;9;8;2;3;5;2;0;1;1;0;0;0;0;0;POINT (13.35113864 52.50963398)
3;2018;9;8;1;3;5;3;0;1;1;0;0;0;0;0;POINT (13.42307086 52.60716137)
6;2018;9;13;4;2;6;4;0;0;1;1;0;0;0;0;POINT (13.2673105 52.4094611)
10;2018;9;8;1;3;2;6;0;0;0;0;1;0;1;0;POINT (13.53704238 52.53966591)
6;2018;9;10;3;3;2;2;0;0;1;0;0;0;0;0;POINT (13.33199012 52.44251903)
7;2018;9;8;1;3;5;3;0;0;1;0;0;0;0;0;POINT (13.34986087 52.50041591)
4;2018;9;8;1;3;0;3;0;1;0;0;0;0;1;1;POINT (13.31734813 52.51210123)
6;2018;9;7;1;3;2;2;0;0;1;0;0;0;0;1;POINT (13.14772181 52.41815928)
3;2018;9;13;3;3;5;2;0;1;1;0;0;0;0;0;POINT (13.46182965 52.56478039)
12;2018;9;6;1;3;2;2;2;0;1;0;0;0;0;1;POINT (13.32387758 52.5876386)
8;2018;9;5;1;3;8;1;2;0;1;0;0;0;0;1;POINT (13.43421273 52.44281422)
8;2018;9;16;1;3;2;6;0;0;1;0;0;0;1;0;POINT (13.45365463 52.43511644)
12;2018;9;22;4;2;5;3;2;0;1;0;0;0;0;0;POINT (13.31510742 52.57650041)
4;2018;9;17;2;3;5;2;0;1;1;0;0;0;0;0;POINT (13.28502769 52.49397423)
8;2018;9;5;7;3;5;3;2;0;1;0;0;0;0;0;POINT (13.49858251 52.41037582)
1;2018;9;12;4;3;0;7;0;1;0;0;0;0;0;0;POINT (13.37714757 52.5281569)
8;2018;9;23;7;3;5;3;2;0;1;0;0;0;0;1;POINT (13.45235033 52.48129715)
12;2018;9;8;3;2;5;2;0;0;1;0;1;0;0;0;POINT (13.37759982 52.56294314)
5;2018;9;19;7;3;6;2;2;0;1;1;0;0;0;1;POINT (13.15945047 52.55235749)
7;2018;9;8;2;2;6;6;0;0;1;1;0;0;0;0;POINT (13.40359401 52.39390837)
2;2018;9;19;7;3;5;3;2;0;1;0;0;0;0;1;POINT (13.42855712 52.51954266)
4;2018;9;17;4;3;5;2;0;1;1;0;0;0;0;0;POINT (13.29665981 52.51364599)
9;2018;9;7;2;3;2;6;0;0;1;0;0;0;0;0;POINT (13.55371137 52.42715221)
7;2018;9;19;7;2;6;4;1;0;1;1;0;0;0;1;POINT (13.36085677 52.49444181)
5;2018;9;19;4;2;1;5;1;0;0;0;1;1;0;0;POINT (13.17456332 52.54952299)
1;2018;9;18;7;3;5;3;1;0;1;0;0;1;0;1;POINT (13.38314352 52.53060488)
9;2018;9;17;3;3;5;2;0;1;1;0;0;0;0;0;POINT (13.45417842 52.4938587)
1;2018;9;17;7;3;5;3;0;0;1;0;0;0;0;1;POINT (13.35048222 52.54718007)
9;2018;9;17;7;3;2;6;0;0;1;0;0;0;0;1;POINT (13.54168421 52.42319794)
3;2018;9;11;3;2;2;2;0;0;1;0;0;0;0;1;POINT (13.43293553 52.59604547)
3;2018;9;16;7;3;5;3;1;1;0;0;0;0;1;1;POINT (13.42696769 52.54367907)
3;2018;9;7;2;3;5;2;0;0;1;0;1;0;0;0;POINT (13.47193054 52.61609147)
5;2018;9;16;4;3;6;7;0;0;1;1;0;0;0;0;POINT (13.18666988 52.55119246)
9;2018;9;15;7;3;2;2;0;0;1;0;0;0;1;1;POINT (13.45828532 52.48579358)
3;2018;9;15;3;3;0;2;0;1;0;0;0;0;1;0;POINT (13.46645098 52.55053416)
10;2018;9;13;7;3;0;3;0;1;1;0;0;0;0;1;POINT (13.57716375 52.56452044)
2;2018;9;12;7;3;2;2;0;0;1;0;0;0;0;0;POINT (13.44074096 52.51745255)
11;2018;9;12;7;2;5;3;0;1;1;0;0;0;0;0;POINT (13.50162163 52.51027899)
7;2018;9;16;3;3;2;6;0;0;1;0;0;0;0;0;POINT (13.34489514 52.48182003)
4;2018;9;11;7;3;3;6;0;1;1;0;0;0;0;0;POINT (13.29896098 52.46888072)
4;2018;9;5;7;2;6;4;2;0;1;1;0;0;0;0;POINT (13.29642944 52.48576602)
7;2018;9;20;2;3;5;2;2;1;1;0;0;0;0;0;POINT (13.36707986 52.49319883)
4;2018;9;3;7;2;9;1;2;0;1;0;0;0;0;0;POINT (13.33654875 52.5041069)
9;2018;9;15;5;3;5;3;0;1;1;0;0;0;0;0;POINT (13.56334273 52.43768602)
4;2018;9;23;5;3;0;7;2;0;1;0;0;0;0;0;POINT (13.33146199 52.50392173)
6;2018;9;19;2;3;5;2;1;1;1;0;0;0;0;0;POINT (13.32877701 52.45415919)
12;2018;9;0;7;2;2;2;2;0;0;0;0;0;1;1;POINT (13.34265806 52.59926703)
4;2018;9;17;4;3;5;3;0;0;1;0;0;0;0;0;POINT (13.30367519 52.52560964)
4;2018;9;8;7;3;5;3;0;1;1;0;0;0;0;0;POINT (13.32209209 52.5118164)
6;2018;9;19;3;3;5;3;2;0;1;0;0;0;0;0;POINT (13.32013809 52.43406195)
6;2018;9;18;7;3;0;1;1;0;0;0;1;0;0;1;POINT (13.3398669 52.44511719)
1;2018;9;22;7;3;5;3;2;0;1;0;0;0;1;1;POINT (13.39032056 52.50768719)
7;2018;9;18;2;3;5;3;0;1;1;0;0;0;0;0;POINT (13.34078462 52.48856143)
7;2018;9;16;6;3;5;7;0;0;1;0;0;0;0;0;POINT (13.39281869 52.45297033)
1;2018;9;14;5;3;6;4;0;1;0;1;0;0;0;0;POINT (13.395192 52.52440304)
9;2018;9;8;4;2;3;6;0;1;1;0;0;0;0;0;POINT (13.51363728 52.4642122)
5;2018;9;7;2;3;2;6;0;0;1;0;0;0;0;0;POINT (13.2504057 52.53805926)
1;2018;9;15;6;3;6;4;0;0;1;1;0;0;0;0;POINT (13.36014711 52.54693323)
12;2018;9;12;2;3;2;6;0;0;1;0;1;0;0;0;POINT (13.33241124 52.57612566)
12;2018;9;15;6;3;5;3;0;0;1;0;0;0;0;0;POINT (13.24012728 52.60769235)
9;2018;9;15;5;3;5;2;0;1;1;0;0;0;0;0;POINT (13.51818215 52.46150453)
3;2018;9;14;4;3;1;5;0;1;0;0;0;0;1;0;POINT (13.46427546 52.55006664)
7;2018;9;5;2;3;6;2;2;0;1;1;0;0;0;0;POINT (13.40147776 52.41454871)
11;2018;9;14;6;3;5;3;0;0;1;0;0;0;0;0;POINT (13.51182674 52.55069507)
8;2018;9;11;4;3;5;3;0;1;1;0;0;0;0;0;POINT (13.43721155 52.46435561)
7;2018;9;17;7;3;5;3;0;0;1;0;1;0;0;0;POINT (13.3795788 52.48129886)
1;2018;9;13;6;3;5;2;0;0;1;0;0;0;0;0;POINT (13.36564713 52.55682783)
2;2018;9;12;3;3;0;5;0;1;0;0;0;0;1;0;POINT (13.4617795 52.51843551)
7;2018;9;12;6;3;3;6;0;1;1;0;0;0;0;1;POINT (13.34797683 52.46554378)
7;2018;9;17;7;3;6;4;0;0;1;1;0;0;0;0;POINT (13.36909437 52.48853205)
1;2018;9;12;6;2;5;3;0;0;1;0;1;0;0;0;POINT (13.32584734 52.52492711)
3;2018;9;17;2;3;4;1;0;0;1;0;0;0;0;0;POINT (13.46701902 52.56724894)
9;2018;9;11;6;3;2;6;0;0;1;0;0;0;0;0;POINT (13.51713163 52.4543014)
2;2018;9;16;7;3;4;6;0;1;1;0;0;0;0;0;POINT (13.46921683 52.49804995)
3;2018;9;20;4;2;0;3;2;1;1;0;0;0;0;0;POINT (13.47579937 52.55056325)
9;2018;9;12;7;3;2;6;0;0;1;0;0;0;1;0;POINT (13.57493663 52.44628893)
12;2018;9;9;6;3;5;3;0;0;1;0;0;0;0;1;POINT (13.33851909 52.58995058)
9;2018;9;15;7;3;2;6;0;1;0;0;0;0;0;0;POINT (13.57460698 52.45307977)
12;2018;9;19;4;2;0;1;1;0;0;0;1;0;0;0;POINT (13.33063256 52.60981718)
6;2018;9;14;7;3;5;3;0;0;1;0;1;0;0;0;POINT (13.27790447 52.42858911)
4;2018;9;8;6;3;5;3;0;1;1;0;0;0;0;0;POINT (13.33142557 52.50524523)
2;2018;9;13;7;3;3;6;0;0;1;0;1;0;0;0;POINT (13.42192713 52.48920801)
3;2018;9;12;4;2;5;3;0;1;1;0;0;0;0;0;POINT (13.42938198 52.58864637)
9;2018;9;11;7;2;0;7;0;1;0;0;0;0;0;0;POINT (13.49976413 52.46859547)
8;2018;9;2;6;3;1;1;2;0;1;0;0;0;0;0;POINT (13.44759895 52.48728135)
1;2018;9;9;3;3;2;6;0;0;1;0;1;0;0;0;POINT (13.39822472 52.51547889)
2;2018;9;1;6;3;6;4;2;0;1;1;0;0;0;0;POINT (13.44471409 52.50096013)
11;2018;9;19;7;2;5;3;2;0;1;0;0;0;0;0;POINT (13.53254388 52.51064373)
8;2018;9;2;6;3;6;7;2;0;1;1;0;0;0;1;POINT (13.42222543 52.46749032)
8;2018;9;16;2;3;6;4;0;0;1;1;0;0;0;0;POINT (13.46282529 52.46923749)
11;2018;9;21;6;2;5;2;2;0;1;0;1;0;0;0;POINT (13.50539711 52.50909089)
9;2018;9;15;7;2;1;1;0;0;1;0;0;0;0;0;POINT (13.57886753 52.44376833)
11;2018;9;18;4;2;5;2;0;0;1;0;1;0;0;0;POINT (13.51424205 52.53524214)
9;2018;9;18;7;2;8;1;0;0;0;0;1;0;0;0;POINT (13.64469834 52.45568312)
5;2018;9;21;6;3;2;6;2;0;1;0;0;0;0;1;POINT (13.19655219 52.52617443)
6;2018;9;14;7;3;0;1;0;0;0;0;1;0;0;0;POINT (13.27500569 52.46051809)
12;2018;9;17;3;2;5;2;0;0;1;0;0;0;1;0;POINT (13.3605138 52.59693631)
10;2018;9;20;6;3;5;2;2;0;1;0;0;0;0;0;POINT (13.58361395 52.5149356)
5;2018;9;23;7;3;5;3;2;0;0;0;0;0;1;0;POINT (13.16121055 52.52540205)
4;2018;9;18;6;2;5;3;0;1;1;0;0;0;0;0;POINT (13.27811999 52.506728)
1;2018;9;19;2;3;0;2;0;1;1;0;0;0;0;0;POINT (13.39625328 52.52504432)
8;2018;9;17;6;3;6;4;0;0;1;1;0;0;0;0;POINT (13.42749788 52.48699696)
1;2018;9;1;6;2;8;1;2;0;1;0;0;0;0;0;POINT (13.32844627 52.53264567)
4;2018;9;16;2;3;5;2;0;1;0;0;0;1;0;0;POINT (13.3059926 52.53169589)
2;2018;9;1;6;2;5;3;2;0;1;0;0;0;0;0;POINT (13.39438728 52.5070114)
7;2018;9;7;3;3;5;2;0;1;1;0;0;0;0;0;POINT (13.39143563 52.48419112)
11;2018;9;22;6;3;5;2;2;0;1;0;0;0;0;1;POINT (13.47619701 52.53309284)
12;2018;9;16;6;3;5;2;0;0;1;0;0;0;0;0;POINT (13.28091318 52.59378059)
2;2018;9;10;2;3;3;6;0;0;1;0;0;0;1;0;POINT (13.39882603 52.50693428)
9;2018;9;11;5;3;5;7;0;0;1;0;0;0;0;0;POINT (13.57754394 52.44740432)
2;2018;9;15;6;2;6;7;0;0;1;1;0;0;0;0;POINT (13.42380557 52.48834283)
7;2018;9;6;4;2;2;2;2;0;1;0;1;1;0;0;POINT (13.37640359 52.46012237)
5;2018;9;15;6;3;5;3;0;0;1;0;1;0;0;0;POINT (13.17915047 52.53305881)
8;2018;9;7;5;3;5;3;0;1;1;0;0;0;0;0;POINT (13.42789218 52.47339409)
6;2018;9;15;6;3;0;1;0;0;0;0;1;0;0;0;POINT (13.26728484 52.41818933)
8;2018;9;15;3;3;5;2;0;1;1;0;0;0;0;0;POINT (13.42400563 52.48652767)
4;2018;9;22;5;3;6;4;2;1;0;1;0;0;0;1;POINT (13.29686191 52.52751946)
5;2018;9;22;6;3;1;1;2;0;1;0;0;0;0;0;POINT (13.21483845 52.56033823)
1;2018;9;7;5;3;5;3;0;1;1;0;0;0;0;0;POINT (13.38383428 52.55501384)
7;2018;9;13;2;3;1;5;0;1;1;0;0;0;0;0;POINT (13.40338316 52.43632526)
9;2018;9;7;5;3;5;7;0;1;1;0;0;0;0;0;POINT (13.45568038 52.49565997)
5;2018;9;21;6;3;2;6;2;0;1;0;0;0;0;0;POINT (13.22726077 52.54947948)
6;2018;9;15;5;3;2;6;0;0;1;0;0;0;0;0;POINT (13.35381541 52.44553971)
1;2018;9;0;5;3;0;1;2;1;0;0;0;0;0;0;POINT (13.4102062 52.51748978)
6;2018;9;13;6;3;5;2;0;1;1;0;0;0;0;0;POINT (13.25157112 52.42384798)
7;2018;9;16;2;2;5;3;0;1;1;0;0;0;0;0;POINT (13.35333555 52.48987203)
1;2018;9;7;5;3;4;6;0;1;0;0;0;0;0;0;POINT (13.39877463 52.53294176)
7;2018;9;19;6;3;5;7;2;0;1;0;1;0;0;0;POINT (13.40474794 52.44930346)
7;2018;9;14;4;3;5;7;0;1;1;0;0;0;0;0;POINT (13.39012126 52.45310696)
2;2018;9;18;6;3;0;6;1;0;1;0;1;0;0;0;POINT (13.38605579 52.4873681)
12;2018;9;22;5;3;2;6;2;0;1;0;0;0;1;1;POINT (13.31478061 52.57661502)
11;2018;9;14;3;2;2;6;0;0;1;0;0;0;1;0;POINT (13.5191363 52.50956092)
1;2018;9;21;5;3;9;1;2;0;1;0;0;0;0;1;POINT (13.36342344 52.55658245)
3;2018;9;17;4;3;5;2;0;1;0;0;0;0;1;0;POINT (13.40252519 52.55430068)
1;2018;9;13;6;3;6;4;0;0;1;1;0;0;0;0;POINT (13.38388472 52.54881295)
11;2018;9;20;5;3;5;3;2;0;1;0;1;0;0;1;POINT (13.48802416 52.54171969)
4;2018;9;15;3;2;0;7;0;1;0;0;0;0;0;1;POINT (13.24471156 52.52426891)
1;2018;9;20;5;3;5;3;2;0;1;0;1;0;0;1;POINT (13.39894595 52.50822738)
7;2018;9;17;6;3;5;3;0;1;1;0;0;0;0;0;POINT (13.34819497 52.49796674)
9;2018;9;17;5;3;5;3;1;0;1;0;0;0;0;1;POINT (13.55911187 52.44845419)
5;2018;9;10;2;3;3;6;0;0;1;0;1;0;0;0;POINT (13.24081956 52.53892305)
10;2018;9;7;5;3;2;6;0;0;1;0;0;0;0;0;POINT (13.60351985 52.54389989)
6;2018;9;13;6;3;5;3;0;0;1;0;0;0;0;0;POINT (13.20625074 52.43522176)
5;2018;9;14;5;3;3;6;0;0;1;0;0;0;0;0;POINT (13.21313877 52.52712272)
8;2018;9;17;4;3;5;3;0;1;0;0;0;0;0;0;POINT (13.50588932 52.41840068)
5;2018;9;16;6;2;6;4;0;0;1;1;0;0;0;0;POINT (13.19608731 52.53000669)
4;2018;9;16;2;3;0;2;0;1;0;0;0;1;0;0;POINT (13.27423574 52.50042865)
6;2018;9;9;5;3;5;3;0;0;1;0;0;0;0;0;POINT (13.26538546 52.44225889)
8;2018;9;13;6;3;1;5;0;1;1;0;0;0;0;0;POINT (13.42363671 52.48055249)
6;2018;9;18;4;2;1;1;0;0;1;0;0;0;0;0;POINT (13.28133765 52.4328422)
2;2018;9;16;6;2;0;7;0;0;0;0;1;0;0;0;POINT (13.41205676 52.48840428)
9;2018;9;19;5;3;6;2;2;0;1;1;0;0;0;1;POINT (13.53876865 52.42047956)
10;2018;9;11;3;3;5;2;0;0;1;0;0;0;0;0;POINT (13.56174909 52.49360994)
10;2018;9;16;5;2;5;2;0;1;1;0;0;0;0;0;POINT (13.55944573 52.53407091)
7;2018;9;12;6;2;1;5;0;0;1;0;0;0;0;0;POINT (13.33587414 52.46769392)
2;2018;9;19;5;2;5;3;2;1;1;0;0;0;0;1;POINT (13.41036731 52.50371579)
4;2018;9;16;2;3;5;2;0;0;1;0;0;0;0;0;POINT (13.26288965 52.52106834)
4;2018;9;18;5;3;0;1;0;0;0;0;1;0;0;1;POINT (13.32014612 52.47025988)
4;2018;9;11;6;3;0;1;0;0;0;0;1;0;0;0;POINT (13.32289424 52.50221573)
12;2018;9;9;6;3;5;3;0;0;1;0;0;0;0;0;POINT (13.29442728 52.62956288)
7;2018;9;18;5;3;5;2;1;0;1;0;0;0;0;1;POINT (13.36922347 52.46712628)
4;2018;9;18;5;3;2;6;2;0;1;0;0;0;1;1;POINT (13.28280899 52.53386058)
8;2018;9;7;6;3;6;7;0;1;0;1;0;0;0;0;POINT (13.45443537 52.43192506)
2;2018;9;9;4;3;0;6;0;1;1;0;0;0;0;0;POINT (13.41999357 52.50108801)
1;2018;9;3;6;3;9;1;2;0;1;0;0;0;0;0;POINT (13.42329971 52.50688982)
11;2018;9;16;2;2;5;7;0;0;1;0;1;0;0;0;POINT (13.49996932 52.5295095)
12;2018;9;17;5;3;0;1;0;0;0;0;1;0;0;1;POINT (13.27727361 52.58500408)
11;2018;9;4;6;3;3;6;2;1;0;0;0;0;1;0;POINT (13.53207188 52.57020962)
5;2018;9;16;4;3;5;3;0;0;1;0;1;0;0;0;POINT (13.15463369 52.53303602)
6;2018;9;23;5;2;5;3;2;0;1;0;1;0;0;0;POINT (13.30937621 52.46702837)
11;2018;9;17;5;3;2;2;0;0;1;0;0;0;0;1;POINT (13.47731071 52.5005243)
3;2018;9;8;3;2;0;1;0;0;0;0;1;0;0;0;POINT (13.41543638 52.54505874)
5;2018;9;17;5;2;6;4;0;0;1;1;0;0;0;1;POINT (13.19913056 52.53484658)
4;2018;9;22;5;2;5;3;2;0;1;0;0;0;0;0;POINT (13.30095307 52.51345477)
4;2018;9;15;2;3;2;1;0;0;1;0;0;0;0;0;POINT (13.29842392 52.49846595)
6;2018;9;17;5;3;2;7;0;1;1;0;0;0;0;0;POINT (13.34680616 52.43073709)
1;2018;9;21;5;2;5;3;2;0;1;0;1;0;0;0;POINT (13.36128044 52.55508267)
1;2018;9;10;4;3;2;6;0;0;1;0;0;0;0;0;POINT (13.3775778 52.55361364)
12;2018;9;19;5;3;5;3;2;0;1;0;0;0;0;0;POINT (13.28193796 52.5836461)
1;2018;9;17;5;3;2;7;0;1;1;0;0;0;0;1;POINT (13.4026039 52.52129547)
3;2018;9;19;5;3;5;3;2;1;1;0;0;0;0;0;POINT (13.48261352 52.61162476)
4;2018;9;16;3;3;5;3;0;0;1;0;0;0;0;0;POINT (13.3203204 52.48653762)
5;2018;9;16;5;3;5;3;0;0;1;0;0;1;0;1;POINT (13.21573105 52.53806572)
11;2018;9;17;5;3;5;3;0;1;1;0;0;0;0;0;POINT (13.51424748 52.5566655)
1;2018;9;19;4;3;5;2;1;1;0;0;1;0;0;0;POINT (13.4265831 52.50804816)
2;2018;9;17;5;3;6;4;0;0;1;1;0;0;0;0;POINT (13.43119899 52.50299402)
2;2018;9;15;5;3;5;3;0;1;1;0;0;0;0;0;POINT (13.44123936 52.51369597)
1;2018;9;17;5;3;2;6;0;0;1;0;0;0;0;0;POINT (13.34784107 52.5209585)