bez;ujahr;umonat;ustunde;uwochentag;ukategorie;uart;utyp1;ulichtverh;istrad;istpkw;istfuss;istkrad;istgkfz;istsonstige;ustrzustand;geometry
9;2018;9;12;3;2;2;2;0;0;1;0;1;0;0;0;POINT (13.55466589 52.45587726)
5;2018;9;15;5;2;3;6;0;0;1;0;1;0;0;0;POINT (13.16833325 52.53356799)
9;2018;9;17;5;3;5;3;0;0;1;0;0;0;0;0;POINT (13.54430327 52.41048611)
1;2018;9;15;5;3;5;5;0;1;1;0;0;0;0;0;POINT (13.39270653 52.5122877)
10;2018;9;15;3;3;5;3;0;1;1;0;0;0;0;0;POINT (13.60113205 52.47923732)
12;2018;9;15;5;3;5;2;0;0;1;0;0;0;0;0;POINT (13.29208146 52.59056595)
3;2018;9;16;5;3;2;6;0;1;1;0;0;0;0;0;POINT (13.41639878 52.54716204)
11;2018;9;15;2;3;5;3;0;1;1;0;0;0;0;0;POINT (13.4819147 52.52865333)
1;2018;9;21;5;3;0;6;2;0;1;0;1;0;0;0;POINT (13.41679601 52.5193519)
8;2018;9;18;4;3;5;3;0;1;1;0;0;0;0;0;POINT (13.45363601 52.4555658)
2;2018;9;19;5;3;5;3;1;1;1;0;0;0;0;0;POINT (13.46100208 52.5110201)
10;2018;9;14;5;3;5;3;0;1;1;0;0;0;0;0;POINT (13.60292766 52.5362383)
5;2018;9;16;5;3;6;4;0;0;0;1;0;0;1;0;POINT (13.20996877 52.55054355)
12;2018;9;15;3;3;5;2;0;0;1;0;0;0;0;0;POINT (13.33932862 52.59582164)
7;2018;9;15;5;3;5;3;0;0;1;0;0;0;0;0;POINT (13.39580178 52.45430228)
1;2018;9;11;5;3;6;2;0;0;1;1;0;0;0;0;POINT (13.38564412 52.50742442)
11;2018;9;14;5;3;2;2;0;0;1;0;1;0;0;0;POINT (13.5029981 52.55433035)
5;2018;9;13;2;3;0;2;0;0;1;0;1;0;0;0;POINT (13.2020525 52.53476916)
3;2018;9;15;5;3;5;3;0;0;1;0;0;0;0;0;POINT (13.45843589 52.55763683)
11;2018;9;10;5;3;5;3;0;0;1;0;0;0;0;0;POINT (13.50504439 52.56310012)
1;2018;9;7;5;3;5;3;1;0;1;1;1;0;0;0;POINT (13.38405874 52.55577698)
9;2018;9;20;5;1;8;1;2;0;0;0;1;0;0;0;POINT (13.64327651 52.47905179)
2;2018;9;15;5;3;5;2;0;0;1;0;0;0;0;0;POINT (13.39763082 52.50617432)
9;2018;9;22;2;3;8;1;2;0;1;0;0;0;0;0;POINT (13.49980434 52.44033339)
2;2018;9;14;5;3;5;3;0;1;0;0;0;0;1;0;POINT (13.43557027 52.49160024)
7;2018;9;9;5;2;5;3;0;1;1;0;0;0;0;0;POINT (13.40949692 52.38224302)
1;2018;9;16;5;3;2;6;0;1;1;0;0;0;0;0;POINT (13.39099156 52.51565519)
1;2018;9;12;5;3;0;1;0;1;0;0;0;0;0;0;POINT (13.39134247 52.51907786)
5;2018;9;14;5;3;2;6;0;0;1;0;0;1;0;0;POINT (13.2072054 52.53888273)
5;2018;9;15;2;3;2;6;0;0;1;0;0;0;0;0;POINT (13.12025267 52.52896269)
4;2018;9;14;5;3;5;2;0;0;1;0;1;1;0;0;POINT (13.33400727 52.50552125)
7;2018;9;13;5;3;5;3;0;1;1;0;0;0;0;0;POINT (13.33245722 52.46904314)
3;2018;9;15;4;3;5;3;0;0;1;0;0;0;1;0;POINT (13.43322937 52.60636513)
12;2018;9;13;5;3;2;6;0;0;1;0;0;0;0;0;POINT (13.32498948 52.58871166)
4;2018;9;14;5;3;5;3;0;1;0;0;0;0;1;0;POINT (13.32154111 52.50579337)
8;2018;9;22;3;3;5;3;2;0;1;0;0;0;0;0;POINT (13.45237095 52.48121171)
5;2018;9;14;5;3;1;5;0;1;1;0;0;0;0;0;POINT (13.2300286 52.54341389)
1;2018;9;13;5;3;2;2;0;0;1;0;0;0;0;0;POINT (13.31414861 52.53030383)
8;2018;9;13;5;3;2;2;0;1;0;0;0;0;1;0;POINT (13.43820086 52.4200916)
6;2018;9;10;2;3;2;2;0;0;1;0;1;0;0;1;POINT (13.22409543 52.42949203)
2;2018;9;13;5;3;2;6;0;0;1;0;0;1;0;0;POINT (13.45340239 52.51579909)
9;2018;9;13;5;3;6;4;0;0;0;1;1;0;0;0;POINT (13.48770297 52.46609849)
1;2018;9;14;5;2;6;2;0;0;0;1;0;0;1;0;POINT (13.36675985 52.55214885)
4;2018;9;9;4;3;5;3;0;0;1;0;0;0;0;0;POINT (13.30627987 52.52116371)
6;2018;9;9;5;3;5;2;0;1;1;0;0;0;0;0;POINT (13.27775387 52.43191138)
11;2018;9;15;2;2;1;7;0;0;1;0;0;0;0;0;POINT (13.48269046 52.53156789)
5;2018;9;13;5;3;2;6;0;0;1;0;1;0;0;0;POINT (13.18774663 52.5150348)
11;2018;9;13;5;3;5;2;0;1;1;0;0;0;0;0;POINT (13.52422588 52.49579595)
6;2018;9;13;4;2;5;2;0;0;1;0;1;0;0;0;POINT (13.27337096 52.40981783)
1;2018;9;9;5;3;2;6;0;1;1;0;0;0;0;0;POINT (13.34319249 52.52737876)
4;2018;9;12;5;3;3;6;0;1;1;0;0;0;0;0;POINT (13.31646281 52.49911834)
12;2018;9;12;5;3;5;7;0;0;1;0;1;0;0;0;POINT (13.35966814 52.59687024)
10;2018;9;15;2;3;2;1;0;0;1;0;0;0;0;0;POINT (13.52517824 52.53664325)
1;2018;9;12;5;2;5;2;0;1;0;0;0;0;1;0;POINT (13.35466828 52.51702587)
1;2018;9;12;5;3;2;6;0;1;0;0;0;0;0;0;POINT (13.40118762 52.51123869)
6;2018;9;11;4;3;5;3;0;1;1;0;0;0;0;0;POINT (13.16718824 52.42034224)
12;2018;9;8;5;3;2;6;0;0;1;0;0;0;0;0;POINT (13.29403187 52.55205287)
6;2018;9;11;5;3;5;2;0;1;1;0;0;0;0;0;POINT (13.34033913 52.44544682)
2;2018;9;12;3;3;6;4;0;0;0;1;0;0;1;0;POINT (13.39776478 52.48639367)
12;2018;9;11;5;3;5;3;0;0;1;0;0;0;0;0;POINT (13.27699349 52.58496071)
7;2018;9;16;5;3;0;2;0;0;0;0;0;0;1;0;POINT (13.39849438 52.41956146)
10;2018;9;10;5;3;2;2;0;0;1;0;0;0;0;0;POINT (13.60460292 52.53859482)
5;2018;9;15;2;3;2;6;0;0;1;0;0;0;0;0;POINT (13.19628211 52.54434582)
8;2018;9;9;5;3;0;3;0;1;1;0;0;0;0;0;POINT (13.4268726 52.48821321)
7;2018;9;12;5;3;5;3;0;1;1;0;0;0;0;0;POINT (13.36617625 52.49527448)
2;2018;9;21;4;3;3;6;2;0;1;0;1;0;0;0;POINT (13.4272989 52.49931431)
4;2018;9;16;5;3;2;6;0;0;1;0;0;0;0;0;POINT (13.33478463 52.49941452)
3;2018;9;9;5;3;6;4;0;0;0;1;0;1;0;0;POINT (13.43407977 52.54980727)
7;2018;9;12;4;3;0;1;0;1;0;0;0;0;0;0;POINT (13.34615691 52.4959393)
11;2018;9;8;3;3;5;2;0;1;1;0;0;0;0;0;POINT (13.47369928 52.53615964)
4;2018;10;12;5;3;5;2;0;0;1;0;0;0;0;0;POINT (13.30794062 52.48853122)
8;2018;10;14;2;3;5;3;0;0;1;0;0;0;0;0;POINT (13.43878551 52.46536359)
2;2018;10;15;5;3;5;2;0;0;1;0;0;0;0;0;POINT (13.40651257 52.49832628)
8;2018;10;19;2;3;1;5;2;1;1;0;0;0;0;0;POINT (13.43854069 52.48770168)
9;2018;10;11;5;1;5;2;0;1;0;0;0;1;0;0;POINT (13.51955677 52.42849635)
6;2018;10;13;2;3;2;6;0;0;1;0;0;0;0;0;POINT (13.33103134 52.42712782)
11;2018;10;19;2;3;5;3;2;1;1;0;0;0;0;0;POINT (13.48610913 52.49664304)
1;2018;10;14;4;3;6;4;0;0;1;1;0;0;0;0;POINT (13.39209843 52.509584)
2;2018;10;13;2;3;5;3;0;1;1;0;0;0;0;0;POINT (13.40308413 52.49850847)
6;2018;10;17;4;3;5;3;0;1;1;0;0;0;0;0;POINT (13.26038946 52.41236909)
1;2018;10;18;2;3;1;5;2;1;1;0;0;0;1;0;POINT (13.38321201 52.55140357)
7;2018;10;16;4;3;5;3;0;0;1;0;0;0;0;0;POINT (13.39773216 52.38180768)
5;2018;10;13;2;3;5;2;0;0;1;0;1;0;0;0;POINT (13.18018332 52.50905914)
11;2018;10;16;4;3;2;6;0;0;0;0;1;0;0;0;POINT (13.51163968 52.54629633)
8;2018;10;12;2;3;5;2;0;0;1;0;0;0;1;0;POINT (13.43040058 52.48613091)
3;2018;10;16;4;3;5;2;0;0;1;0;1;0;0;0;POINT (13.43430366 52.52928014)
3;2018;10;18;2;2;5;3;1;0;1;0;1;0;0;0;POINT (13.40293122 52.59556734)
12;2018;10;16;4;3;1;5;0;0;1;0;1;0;0;0;POINT (13.37358411 52.56388455)
10;2018;10;18;2;2;5;2;0;1;1;0;0;0;0;0;POINT (13.60098248 52.47925603)
1;2018;10;17;2;3;6;4;0;0;0;1;0;0;1;0;POINT (13.34144031 52.52553955)
1;2018;10;15;4;3;5;3;0;1;1;0;0;0;0;0;POINT (13.4073112 52.52339575)
4;2018;10;12;2;3;5;2;0;0;1;0;0;0;0;0;POINT (13.30239705 52.54800414)
4;2018;10;15;4;3;5;3;0;0;1;0;0;0;0;0;POINT (13.27374704 52.48749048)
9;2018;10;17;2;2;5;3;0;1;0;0;0;0;0;0;POINT (13.51533453 52.46214794)
8;2018;10;15;4;3;1;5;0;0;1;0;1;0;0;0;POINT (13.46864795 52.44039082)
6;2018;10;15;4;3;2;6;0;0;1;0;0;0;0;0;POINT (13.2613563 52.43677053)
8;2018;10;16;2;3;5;2;0;1;1;0;0;0;0;0;POINT (13.45610956 52.48414245)
1;2018;10;13;4;3;5;2;0;0;1;0;0;0;0;0;POINT (13.3864596 52.54947365)
1;2018;10;16;2;3;5;3;0;0;1;0;0;0;0;0;POINT (13.38334115 52.51142677)
2;2018;10;13;4;3;5;3;0;0;0;0;1;0;1;0;POINT (13.41205858 52.49860476)
2;2018;10;11;2;3;1;5;0;1;1;0;0;0;0;0;POINT (13.37504202 52.5010682)
10;2018;10;9;4;3;2;6;0;0;1;0;1;0;0;0;POINT (13.54970728 52.54285182)
10;2018;10;16;2;3;6;2;0;0;1;1;0;0;0;0;POINT (13.5220745 52.5258887)
2;2018;10;10;4;3;2;6;0;0;1;0;1;0;0;0;POINT (13.42980311 52.51030155)
4;2018;10;9;4;3;0;2;0;1;1;0;0;0;0;0;POINT (13.32152876 52.52095771)
9;2018;10;10;2;2;5;3;0;0;1;0;0;0;1;0;POINT (13.55460813 52.45588208)
5;2018;10;8;4;3;2;7;0;0;1;0;0;0;0;0;POINT (13.23622842 52.52696166)
10;2018;10;6;2;3;2;6;2;0;1;0;0;0;0;0;POINT (13.56602419 52.5343276)
1;2018;10;8;4;3;5;3;0;1;1;0;0;0;0;0;POINT (13.36032332 52.53887145)
3;2018;10;8;4;3;6;7;0;1;0;1;0;0;1;0;POINT (13.40517681 52.56193265)
6;2018;10;9;2;2;8;1;0;0;1;0;0;0;0;0;POINT (13.24104881 52.4686116)
8;2018;10;8;4;2;6;7;0;0;1;1;0;0;0;0;POINT (13.42533953 52.49327609)
6;2018;10;8;4;3;4;1;0;0;1;0;0;0;0;0;POINT (13.3395885 52.41157481)
11;2018;10;21;2;3;0;1;2;0;0;0;1;0;0;0;POINT (13.48691285 52.50245399)
10;2018;10;7;4;3;5;2;0;1;1;0;0;0;0;0;POINT (13.57447799 52.554984)
7;2018;10;18;2;3;0;1;1;0;0;0;1;0;0;0;POINT (13.34591213 52.49464871)
5;2018;10;6;4;2;5;2;1;0;1;0;0;0;0;0;POINT (13.15801936 52.53316598)
1;2018;10;9;2;3;5;3;0;1;1;0;0;0;0;0;POINT (13.39025711 52.50859141)
8;2018;10;4;4;3;5;3;2;0;1;0;0;0;0;0;POINT (13.42714194 52.47552501)
5;2018;10;9;2;3;6;4;0;0;1;1;0;0;0;0;POINT (13.20611993 52.54218661)
4;2018;10;9;2;2;5;3;0;0;1;0;1;0;0;0;POINT (13.31749113 52.51388508)
2;2018;10;8;2;3;5;2;0;1;1;0;0;0;0;0;POINT (13.39440534 52.50690106)
6;2018;10;2;4;3;7;7;2;0;0;0;1;0;0;0;POINT (13.2386022 52.4514609)
7;2018;10;8;4;3;5;2;0;0;1;0;0;0;1;0;POINT (13.36330922 52.41199404)
1;2018;10;7;2;3;2;6;0;0;0;0;1;0;1;0;POINT (13.35762854 52.5358044)
5;2018;10;8;4;3;2;6;0;0;1;0;0;1;1;0;POINT (13.23819396 52.52677002)
5;2018;10;8;2;3;6;4;0;0;1;1;0;0;0;0;POINT (13.20194395 52.52406466)
8;2018;10;12;4;3;2;2;0;0;1;0;1;0;0;0;POINT (13.48692023 52.41880747)
6;2018;10;7;2;3;5;2;1;1;1;0;0;0;0;0;POINT (13.31517541 52.44703037)
8;2018;10;11;4;3;5;3;0;1;1;0;0;0;0;0;POINT (13.44954389 52.47918979)
2;2018;10;7;2;3;0;7;0;0;1;0;1;0;0;0;POINT (13.41458909 52.48807234)
6;2018;10;11;4;3;2;2;0;0;1;0;0;0;0;0;POINT (13.34812254 52.45122261)
1;2018;10;10;2;3;8;1;0;0;1;0;0;0;0;0;POINT (13.36409143 52.52275242)
1;2018;10;22;4;3;5;2;2;1;1;0;0;0;0;0;POINT (13.34140949 52.52058304)
4;2018;10;18;2;3;2;6;1;0;1;0;0;0;0;0;POINT (13.31340976 52.48033613)
2;2018;10;7;1;3;5;3;1;0;1;0;0;0;1;0;POINT (13.39771963 52.49533187)
2;2018;10;18;4;3;5;3;1;1;1;0;0;0;0;0;POINT (13.39499136 52.50315408)
7;2018;10;9;1;3;4;6;0;1;0;0;0;0;0;0;POINT (13.34420922 52.47842641)
1;2018;10;18;4;3;5;3;0;1;1;0;0;0;0;0;POINT (13.42610907 52.51590997)
12;2018;10;19;1;3;5;2;2;0;1;0;0;0;1;0;POINT (13.32178995 52.56567182)
4;2018;10;17;4;3;5;2;0;1;1;0;0;0;0;0;POINT (13.28830154 52.51306264)
1;2018;10;17;1;3;3;2;1;1;1;0;0;0;0;0;POINT (13.41237792 52.51576399)
1;2018;10;17;4;2;5;3;0;1;1;0;0;0;0;0;POINT (13.41547205 52.52071776)
8;2018;10;17;1;3;6;7;0;1;0;1;0;0;0;0;POINT (13.42905277 52.45539631)
9;2018;10;17;4;2;5;2;0;1;1;0;0;0;0;0;POINT (13.53215165 52.41614921)
10;2018;10;17;1;3;5;3;0;1;1;0;0;0;0;0;POINT (13.61561956 52.50525601)
3;2018;10;16;4;2;1;5;0;0;1;0;1;0;0;0;POINT (13.41801526 52.57245773)
11;2018;10;16;1;3;2;6;0;0;1;0;0;0;0;0;POINT (13.5259811 52.48338715)
1;2018;10;16;1;3;0;7;0;1;1;0;0;0;0;0;POINT (13.3968733 52.53246767)
3;2018;10;10;4;3;5;3;0;1;1;0;0;0;0;0;POINT (13.41325983 52.54870105)
12;2018;10;16;1;3;2;6;0;0;1;0;0;0;0;0;POINT (13.31200834 52.57178983)
8;2018;10;10;4;3;5;2;0;1;0;0;0;0;1;0;POINT (13.43359 52.48198921)
9;2018;10;16;1;2;4;7;0;0;1;0;0;0;0;0;POINT (13.56212152 52.45758242)
11;2018;10;20;3;2;0;7;2;1;0;0;0;0;0;0;POINT (13.49160075 52.53513011)
2;2018;10;18;3;3;6;4;2;0;0;1;1;0;0;1;POINT (13.41841453 52.50006156)
8;2018;10;16;1;3;5;3;0;0;1;0;1;0;0;0;POINT (13.47144583 52.43610424)
1;2018;10;17;3;2;2;6;1;0;1;0;0;0;0;0;POINT (13.37677765 52.55631823)
12;2018;10;23;1;3;0;3;2;0;1;0;1;0;0;0;POINT (13.31646852 52.56697979)
11;2018;10;2;3;3;5;7;2;0;1;0;0;0;0;0;POINT (13.49192956 52.4918089)
4;2018;10;7;3;2;5;3;1;0;1;0;0;0;0;1;POINT (13.32941362 52.48171692)
3;2018;10;8;3;3;6;4;0;0;0;1;1;0;0;1;POINT (13.39356436 52.56839166)
2;2018;10;15;1;3;5;5;0;1;1;0;0;0;0;0;POINT (13.43175823 52.52128344)
3;2018;10;17;3;3;6;4;0;0;1;1;0;0;0;0;POINT (13.41190757 52.54104571)
1;2018;10;20;1;3;5;2;1;1;0;0;0;0;1;0;POINT (13.41636163 52.5199615)
4;2018;10;16;3;3;0;3;0;0;1;0;1;0;0;0;POINT (13.31503212 52.5009019)
1;2018;10;15;1;3;0;1;0;1;0;0;0;0;0;0;POINT (13.4030955 52.52459318)
6;2018;10;15;3;2;6;7;0;0;1;1;0;0;0;1;POINT (13.3155251 52.44385233)
4;2018;10;17;4;3;2;2;0;1;1;0;0;0;0;0;POINT (13.32468513 52.48947189)
3;2018;10;19;1;3;2;6;1;0;1;0;1;0;0;0;POINT (13.42499162 52.54698305)
1;2018;10;15;3;3;2;6;0;0;1;0;0;0;0;1;POINT (13.38996997 52.56261328)
6;2018;10;14;3;3;2;2;0;0;1;0;0;0;0;0;POINT (13.28719134 52.45110839)
1;2018;10;19;1;2;5;2;2;0;1;0;1;0;0;0;POINT (13.37343459 52.50420533)
1;2018;10;14;3;3;2;6;0;0;1;0;0;0;0;0;POINT (13.38253682 52.5558648)
12;2018;10;15;4;3;0;3;0;1;1;0;0;0;0;0;POINT (13.32843228 52.56479632)
5;2018;10;19;1;3;6;7;1;0;1;1;0;0;0;0;POINT (13.24062077 52.54516909)
6;2018;10;13;3;3;0;2;0;0;0;0;1;0;0;1;POINT (13.25632017 52.42886931)
2;2018;10;14;1;3;5;2;0;1;1;0;0;0;0;0;POINT (13.4304933 52.51102791)
4;2018;10;13;4;3;5;3;0;0;1;0;1;0;0;0;POINT (13.27196882 52.49879683)
1;2018;10;12;3;3;5;2;0;0;1;0;0;0;0;1;POINT (13.39891236 52.53258275)
4;2018;10;13;4;3;3;6;0;0;1;0;0;1;0;0;POINT (13.27340439 52.50850841)
1;2018;10;15;1;3;5;2;0;1;1;0;0;0;0;0;POINT (13.33629578 52.54851331)
4;2018;10;12;4;3;5;2;0;1;0;0;0;0;1;0;POINT (13.28768871 52.4960769)
1;2018;10;18;1;3;2;6;1;0;1;0;1;0;0;0;POINT (13.34014077 52.50525746)
3;2018;10;12;4;3;5;2;0;1;1;0;0;0;0;0;POINT (13.41716373 52.6054615)
3;2018;10;11;3;3;2;7;0;0;1;0;0;0;0;1;POINT (13.42482566 52.54703812)
2;2018;10;16;4;3;0;2;0;1;1;0;0;0;0;0;POINT (13.38223603 52.4898913)
4;2018;10;14;1;3;2;6;0;0;1;0;0;0;0;0;POINT (13.32325415 52.49171756)
4;2018;10;11;4;3;3;6;0;0;1;0;0;0;1;0;POINT (13.27995347 52.5064188)
12;2018;10;16;4;3;5;2;0;1;1;0;0;0;0;0;POINT (13.35390396 52.56222529)
2;2018;10;9;1;3;5;3;0;1;0;0;0;0;0;0;POINT (13.43067485 52.51108848)
9;2018;10;11;3;3;5;2;0;0;1;0;0;0;0;1;POINT (13.51235847 52.47078114)
4;2018;10;12;1;3;9;1;0;0;1;1;0;0;0;0;POINT (13.32438997 52.49698169)
1;2018;10;2;3;3;5;2;2;0;0;0;0;0;1;1;POINT (13.40106185 52.51828467)
6;2018;10;16;4;3;2;2;0;1;1;0;0;0;0;0;POINT (13.28688758 52.41781952)
4;2018;10;11;1;3;2;7;0;1;1;0;0;0;0;0;POINT (13.32382978 52.4950097)
4;2018;10;23;2;3;5;7;2;0;1;0;1;0;0;1;POINT (13.31473197 52.48999442)
11;2018;10;6;1;3;2;2;0;0;1;0;0;0;1;0;POINT (13.52784199 52.49004244)
9;2018;10;16;4;3;1;5;0;1;1;0;0;0;0;0;POINT (13.53548958 52.43165045)
7;2018;10;21;2;3;6;2;2;0;0;1;0;0;1;1;POINT (13.37005277 52.45571137)
9;2018;10;15;4;3;5;3;0;1;1;0;0;0;0;0;POINT (13.45432239 52.49387082)
9;2018;10;11;1;3;5;2;0;1;1;0;0;0;0;0;POINT (13.55478399 52.45563962)
2;2018;10;20;2;3;0;5;2;1;0;0;0;0;1;1;POINT (13.47483036 52.51193256)
4;2018;10;15;4;3;3;6;0;1;1;0;0;0;0;0;POINT (13.29483186 52.5067695)
6;2018;10;11;1;3;5;2;0;1;1;0;0;0;0;0;POINT (13.24032577 52.44278017)
4;2018;10;23;2;3;6;2;2;0;1;1;0;0;0;1;POINT (13.30304554 52.5056073)
12;2018;10;8;1;3;5;2;0;0;1;0;0;0;0;0;POINT (13.29542932 52.61056607)
7;2018;10;16;2;3;0;3;2;0;1;0;1;0;0;1;POINT (13.36057408 52.41048539)
7;2018;10;15;4;3;2;7;0;0;1;0;1;0;0;0;POINT (13.34049092 52.50230343)
1;2018;10;8;1;3;5;3;0;0;1;0;0;0;0;0;POINT (13.38751185 52.55263361)
4;2018;10;12;2;3;2;6;0;0;1;0;0;0;0;0;POINT (13.27621106 52.51884199)
8;2018;10;7;1;3;5;3;0;0;1;0;0;0;0;0;POINT (13.42485309 52.48211892)
10;2018;10;15;4;3;6;4;0;0;1;1;0;0;0;0;POINT (13.6005952 52.47713025)
7;2018;10;6;1;3;5;7;2;0;1;0;1;0;0;0;POINT (13.37987803 52.42404434)
3;2018;10;13;2;3;1;5;0;1;1;0;0;0;0;1;POINT (13.41219087 52.54759508)
1;2018;10;15;4;3;6;4;0;0;1;1;0;0;0;0;POINT (13.41738127 52.51569847)
4;2018;10;5;1;3;5;3;2;0;1;0;0;0;0;0;POINT (13.30382189 52.525607)
8;2018;10;15;4;3;5;2;0;1;0;0;1;0;0;0;POINT (13.47200189 52.43660969)
1;2018;10;13;2;3;0;1;0;0;0;0;1;0;0;1;POINT (13.41634543 52.52169608)
4;2018;10;14;4;2;6;4;0;0;1;1;0;0;0;0;POINT (13.30535004 52.51103301)
2;2018;10;4;1;3;5;3;2;0;1;0;0;0;0;0;POINT (13.38969162 52.49605171)
3;2018;10;13;2;3;5;3;0;0;1;0;0;0;0;1;POINT (13.44909015 52.52886933)
8;2018;10;10;1;1;6;4;0;0;0;1;0;1;0;0;POINT (13.49571285 52.43147486)
4;2018;10;13;2;3;3;6;0;0;1;0;0;0;0;0;POINT (13.29387327 52.53475455)
2;2018;10;13;7;3;2;2;0;1;1;0;0;0;0;0;POINT (13.45287117 52.51240567)
9;2018;10;16;4;3;5;3;0;0;1;0;0;1;0;0;POINT (13.55736315 52.43548585)
6;2018;10;12;2;3;6;7;0;0;1;1;0;0;0;0;POINT (13.32165918 52.46115971)
5;2018;10;11;4;3;2;6;0;0;1;0;0;0;1;0;POINT (13.23988938 52.52628358)
12;2018;10;3;7;3;1;5;2;0;1;0;0;0;0;0;POINT (13.32603624 52.56975249)
5;2018;10;14;4;3;2;6;0;0;1;0;0;0;0;0;POINT (13.24784848 52.54865389)
9;2018;10;11;4;3;5;2;0;0;1;0;0;0;0;0;POINT (13.57379181 52.40184698)
10;2018;10;19;7;2;6;4;1;0;1;1;0;0;0;0;POINT (13.59274566 52.5476041)
12;2018;10;23;2;3;6;2;2;0;1;1;0;0;0;1;POINT (13.29501563 52.57633573)
3;2018;10;14;4;3;5;2;0;0;1;0;0;0;0;0;POINT (13.47956538 52.55318854)
10;2018;10;16;7;3;6;4;0;0;1;1;0;0;0;0;POINT (13.55981209 52.4793877)
3;2018;10;10;4;3;5;3;0;0;1;0;0;0;0;0;POINT (13.42866653 52.53751568)
5;2018;10;11;2;3;2;2;0;0;1;0;0;0;0;0;POINT (13.19971232 52.53464595)
9;2018;10;9;4;3;3;2;0;0;1;0;0;0;0;0;POINT (13.50979653 52.4728537)
7;2018;10;16;7;2;0;6;0;0;1;0;1;0;0;0;POINT (13.36945229 52.49296612)
4;2018;10;11;2;3;2;6;0;0;1;0;0;0;1;0;POINT (13.304939 52.50671687)
11;2018;10;11;2;3;5;3;0;1;1;0;0;0;0;0;POINT (13.49458042 52.50376449)
4;2018;10;16;7;3;0;6;0;0;1;0;0;0;0;0;POINT (13.31712572 52.51398543)
11;2018;10;10;2;3;5;7;0;0;1;0;0;0;1;0;POINT (13.49014816 52.49347757)
5;2018;10;16;4;2;2;6;0;0;1;0;0;0;0;0;POINT (13.19778875 52.51802801)
2;2018;10;15;7;3;1;5;0;1;1;0;0;0;0;0;POINT (13.37967666 52.49494417)
1;2018;10;20;2;3;5;3;2;0;0;0;1;0;1;1;POINT (13.39201153 52.56390382)
2;2018;10;15;7;3;2;6;0;0;1;0;0;0;0;0;POINT (13.44203408 52.50739741)
11;2018;10;9;4;3;2;6;0;0;1;0;1;0;0;0;POINT (13.47906383 52.49988495)
8;2018;10;20;2;3;6;2;2;0;1;1;0;0;0;1;POINT (13.44982868 52.44555432)
7;2018;10;8;4;3;2;2;0;0;1;0;0;0;1;0;POINT (13.3873384 52.44017746)
7;2018;10;14;6;3;6;7;0;1;0;1;0;0;0;0;POINT (13.34423903 52.48557777)
2;2018;10;8;4;3;0;6;0;0;0;0;0;0;1;0;POINT (13.40283629 52.50583707)
4;2018;10;10;2;3;6;7;0;0;1;1;0;0;0;0;POINT (13.30894837 52.51675655)
1;2018;10;8;4;3;6;7;0;0;1;1;0;0;0;0;POINT (13.34910567 52.52339469)
1;2018;10;23;6;3;6;2;2;0;1;1;0;0;0;0;POINT (13.38833301 52.51985821)
5;2018;10;8;2;3;0;2;0;0;0;0;0;0;1;0;POINT (13.2004044 52.53657672)
4;2018;10;8;2;3;5;2;0;1;1;0;0;0;0;0;POINT (13.28146736 52.51150978)
1;2018;10;22;6;3;3;6;2;1;0;0;0;0;1;0;POINT (13.38733329 52.5258523)
5;2018;10;21;2;2;8;1;2;0;1;0;0;0;0;1;POINT (13.24791889 52.53803224)
8;2018;10;7;4;3;6;4;1;0;0;1;1;0;0;0;POINT (13.47382195 52.43811982)
4;2018;10;7;2;3;2;2;0;1;1;0;0;0;0;0;POINT (13.26864736 52.50930468)
5;2018;10;16;4;3;0;1;0;0;0;0;1;0;0;0;POINT (13.20235252 52.53498734)
7;2018;10;21;6;3;1;1;2;0;1;0;0;0;1;0;POINT (13.34450613 52.46319475)
9;2018;10;20;2;2;5;3;2;0;1;0;1;0;0;1;POINT (13.48569781 52.46445211)
2;2018;10;20;2;3;6;2;2;0;1;1;0;0;0;1;POINT (13.38528181 52.50225243)
11;2018;10;6;2;3;5;3;1;0;1;0;0;0;0;0;POINT (13.4797073 52.52306359)
9;2018;10;15;4;3;0;1;0;0;0;0;1;0;0;0;POINT (13.51349238 52.42930131)
1;2018;10;19;2;3;5;3;2;1;1;0;0;0;0;1;POINT (13.37639894 52.51009027)
6;2018;10;20;6;3;5;2;2;1;1;0;0;0;0;0;POINT (13.3196439 52.45259863)
7;2018;10;20;4;3;0;3;2;1;1;0;0;0;0;0;POINT (13.34537646 52.48406206)
3;2018;10;19;2;3;5;2;1;0;1;0;0;0;0;1;POINT (13.42767708 52.56793841)
4;2018;10;19;4;3;5;2;2;0;1;0;1;0;0;0;POINT (13.30237546 52.50673886)
4;2018;10;19;6;3;3;6;1;0;1;0;0;0;0;0;POINT (13.30211838 52.50856341)
1;2018;10;12;4;3;5;3;0;1;0;0;0;0;1;0;POINT (13.38422474 52.55603579)