bez;ujahr;umonat;ustunde;uwochentag;ukategorie;uart;utyp1;ulichtverh;istrad;istpkw;istfuss;istkrad;istgkfz;istsonstige;ustrzustand;geometry
2;2018;10;6;2;3;5;3;2;0;1;0;0;0;0;1;POINT (13.39596196 52.49832367)
8;2018;10;16;3;3;5;3;0;0;1;0;0;0;0;0;POINT (13.43306408 52.4523629)
12;2018;10;19;6;3;8;2;2;0;1;0;0;0;0;0;POINT (13.24468845 52.61439095)
1;2018;10;18;2;3;5;3;1;0;1;0;1;0;0;1;POINT (13.41780415 52.50653934)
1;2018;10;8;6;3;6;4;0;1;0;1;0;0;0;0;POINT (13.40056797 52.52575843)
6;2018;10;14;3;3;6;4;0;0;1;1;0;0;0;0;POINT (13.30275172 52.43749514)
8;2018;10;17;6;3;1;5;1;1;1;0;0;0;0;0;POINT (13.43730895 52.46404005)
2;2018;10;18;2;3;6;4;1;0;1;1;0;0;0;1;POINT (13.4276347 52.49917125)
4;2018;10;17;6;3;6;2;0;0;1;1;0;0;0;0;POINT (13.33384233 52.50559028)
5;2018;10;15;3;2;2;6;0;0;1;0;0;0;0;0;POINT (13.19481043 52.53440246)
1;2018;10;16;6;3;1;7;0;0;1;0;1;0;0;0;POINT (13.38473002 52.54957496)
12;2018;10;17;2;3;2;6;1;0;1;0;0;0;0;1;POINT (13.32205 52.56059461)
11;2018;10;10;6;3;6;7;0;0;1;1;0;0;0;0;POINT (13.49514262 52.55057371)
2;2018;10;9;3;3;5;2;0;1;1;0;0;0;0;0;POINT (13.3767079 52.4893154)
1;2018;10;17;2;3;5;2;0;1;1;0;0;0;0;1;POINT (13.34336323 52.53186226)
11;2018;10;16;3;2;0;4;0;0;1;1;0;0;0;0;POINT (13.49428254 52.56896018)
12;2018;10;9;6;3;1;5;0;0;1;0;0;0;0;0;POINT (13.34648024 52.61468722)
11;2018;10;15;3;3;5;2;0;1;1;0;0;0;0;0;POINT (13.5164026 52.50562363)
5;2018;10;17;2;3;5;3;0;1;1;0;0;0;0;1;POINT (13.20926762 52.56550424)
3;2018;10;19;3;3;2;6;2;0;1;0;0;0;0;0;POINT (13.40676057 52.55405642)
1;2018;10;2;6;3;5;2;2;1;1;0;0;0;0;0;POINT (13.36358893 52.51760899)
5;2018;10;17;2;3;6;4;0;0;1;1;0;0;0;1;POINT (13.2025778 52.53795313)
10;2018;10;0;6;3;5;3;2;1;1;0;0;0;0;0;POINT (13.58335548 52.54898895)
1;2018;10;19;3;2;5;7;2;0;1;0;1;0;0;0;POINT (13.400005 52.52956787)
7;2018;10;11;6;2;5;3;0;0;1;0;0;1;0;0;POINT (13.40777656 52.45251575)
7;2018;10;17;2;3;2;6;0;0;1;0;1;0;0;1;POINT (13.37589265 52.45781248)
2;2018;10;18;3;3;3;6;1;1;0;0;0;0;1;0;POINT (13.46138503 52.51102511)
4;2018;10;11;6;2;2;6;0;0;1;0;0;0;0;0;POINT (13.29694379 52.52796038)
9;2018;10;19;3;3;6;6;2;0;1;1;0;0;0;0;POINT (13.56238595 52.45685231)
3;2018;10;16;2;3;5;2;0;1;0;0;0;0;1;1;POINT (13.42968262 52.57182072)
1;2018;10;19;3;2;6;4;2;0;1;1;0;0;0;0;POINT (13.38695912 52.52730791)
4;2018;10;16;6;3;5;3;0;1;1;0;0;0;0;0;POINT (13.30368201 52.50369288)
5;2018;10;16;2;3;2;6;0;0;1;0;1;0;0;1;POINT (13.21814546 52.53752211)
1;2018;10;15;6;3;6;4;0;0;0;1;0;0;1;0;POINT (13.40059726 52.52364481)
4;2018;10;14;2;2;4;1;0;0;1;0;0;0;1;1;POINT (13.20031836 52.46967775)
2;2018;10;19;3;3;0;7;1;1;1;0;0;0;0;0;POINT (13.44692842 52.49839832)
6;2018;10;15;6;3;5;2;0;0;1;0;0;0;0;0;POINT (13.33787893 52.45102312)
1;2018;10;15;2;3;2;6;0;0;1;0;1;0;0;1;POINT (13.3766598 52.55632771)
6;2018;10;18;3;3;5;3;1;0;1;0;0;0;1;0;POINT (13.33118435 52.42006751)
2;2018;10;15;6;3;6;4;0;1;0;1;0;0;0;0;POINT (13.4504895 52.50864707)
6;2018;10;14;2;3;5;2;0;1;1;0;0;0;0;1;POINT (13.25950766 52.43316944)
10;2018;10;14;6;3;2;6;0;0;1;0;0;0;0;0;POINT (13.58128034 52.50423524)
8;2018;10;18;3;3;1;5;2;1;1;0;0;0;0;0;POINT (13.44813487 52.48275417)
9;2018;10;14;6;3;3;6;0;1;0;0;0;0;0;0;POINT (13.58168482 52.44272534)
7;2018;10;14;2;2;5;2;0;0;1;0;0;0;0;1;POINT (13.37628109 52.40914955)
2;2018;10;18;3;3;2;6;1;1;0;0;0;0;0;0;POINT (13.39788899 52.48889401)
6;2018;10;14;6;3;5;2;0;0;1;0;0;0;0;0;POINT (13.35467512 52.4291539)
3;2018;10;17;3;3;0;1;0;1;0;0;0;0;0;0;POINT (13.46041221 52.55963016)
5;2018;10;0;2;2;1;5;2;0;1;0;0;1;1;0;POINT (13.24167477 52.53881703)
2;2018;10;17;3;3;5;2;0;1;1;0;0;0;0;0;POINT (13.44322824 52.50394099)
9;2018;10;13;6;3;5;3;0;1;0;0;0;0;0;0;POINT (13.63064302 52.45213917)
5;2018;10;18;2;3;0;1;1;0;1;0;1;0;0;1;POINT (13.20827399 52.53870407)
6;2018;10;16;2;3;0;1;0;0;0;0;1;0;0;1;POINT (13.34234509 52.42842685)
7;2018;10;13;6;3;2;6;0;0;1;0;0;1;0;0;POINT (13.37159498 52.47009461)
11;2018;10;9;2;3;5;3;0;0;1;0;0;0;0;0;POINT (13.48663462 52.54094429)
8;2018;10;17;3;3;0;6;0;0;1;0;1;0;0;0;POINT (13.46389378 52.47056371)
12;2018;10;12;6;3;5;2;0;1;1;0;0;0;0;0;POINT (13.29893823 52.57856981)
4;2018;10;13;1;3;6;2;0;0;1;1;0;0;0;0;POINT (13.30382679 52.49925698)
4;2018;10;11;6;2;2;1;0;0;1;0;0;0;1;0;POINT (13.32861396 52.47839345)
10;2018;10;17;3;3;2;7;0;0;1;0;1;0;0;0;POINT (13.57354073 52.55231734)
6;2018;10;16;1;3;0;2;0;1;1;0;0;0;0;1;POINT (13.35323765 52.44923747)
10;2018;10;17;3;3;2;6;0;0;1;0;0;0;0;0;POINT (13.5368843 52.52561042)
12;2018;10;17;1;3;5;3;0;1;1;0;0;0;0;0;POINT (13.35408159 52.56209105)
1;2018;10;20;5;3;5;3;2;1;1;0;0;0;0;0;POINT (13.40943709 52.5184503)
11;2018;10;16;3;3;2;2;0;1;1;0;0;0;0;0;POINT (13.53606538 52.47783539)
4;2018;10;17;1;3;0;2;0;1;1;0;0;0;0;1;POINT (13.32035109 52.48173311)
1;2018;10;16;3;3;6;7;0;0;1;1;0;0;0;0;POINT (13.39178969 52.54056024)
10;2018;10;19;5;3;5;2;2;1;1;0;0;0;0;0;POINT (13.59467306 52.51817875)
8;2018;10;15;3;3;2;6;0;0;1;0;0;0;1;0;POINT (13.47500845 52.43935153)
8;2018;10;22;1;3;6;4;2;1;0;1;0;0;0;0;POINT (13.44247564 52.48045268)
4;2018;10;15;3;3;2;6;0;0;1;0;1;0;1;0;POINT (13.27364314 52.49998005)
7;2018;10;18;5;3;5;3;2;0;1;0;1;0;0;0;POINT (13.39004885 52.4196545)
3;2018;10;20;1;3;5;3;2;1;1;0;0;0;0;0;POINT (13.4611469 52.52974587)
11;2018;10;17;1;2;5;3;0;1;1;0;0;0;0;1;POINT (13.50965892 52.50257596)
3;2018;10;18;5;3;5;3;0;1;1;0;0;0;0;0;POINT (13.42847942 52.57767595)
4;2018;10;17;1;2;2;2;0;1;1;0;0;0;0;0;POINT (13.28395631 52.51282587)
2;2018;10;15;3;3;6;4;0;0;0;1;1;0;0;0;POINT (13.43202683 52.50180767)
1;2018;10;18;5;3;6;4;1;0;1;1;0;0;0;0;POINT (13.33301258 52.52553819)
7;2018;10;15;1;3;5;2;0;1;1;0;0;0;0;0;POINT (13.37781991 52.47237763)
4;2018;10;17;5;3;0;2;0;0;1;0;1;0;0;0;POINT (13.29424271 52.53430684)
1;2018;10;15;3;3;3;6;0;0;1;0;0;0;1;0;POINT (13.35747368 52.53599094)
4;2018;10;22;1;3;5;2;2;0;1;0;1;0;0;0;POINT (13.3100118 52.49369561)
2;2018;10;15;3;3;5;2;0;1;1;0;0;0;0;0;POINT (13.46534395 52.50769786)
1;2018;10;23;5;3;6;4;2;0;1;1;0;0;0;0;POINT (13.41606986 52.52720549)
12;2018;10;22;3;3;5;3;2;0;1;0;0;0;0;0;POINT (13.21742131 52.61128464)
6;2018;10;15;1;3;6;4;0;0;1;1;0;0;0;0;POINT (13.32491018 52.46116146)
8;2018;10;21;3;2;5;3;2;0;1;0;1;0;0;0;POINT (13.45471164 52.43469447)
12;2018;10;22;5;2;6;4;2;0;1;1;0;0;0;0;POINT (13.30690869 52.55510616)
6;2018;10;21;5;3;5;3;2;1;1;0;0;0;0;0;POINT (13.33135932 52.44211636)
11;2018;10;20;3;3;3;6;2;0;1;0;0;1;0;0;POINT (13.52579737 52.49418474)
6;2018;10;12;3;2;5;3;0;1;1;0;0;0;0;0;POINT (13.28121294 52.44155483)
9;2018;10;17;5;2;5;2;1;1;1;0;0;0;0;0;POINT (13.5077155 52.47490233)
1;2018;10;14;1;3;6;7;0;0;1;1;0;0;0;0;POINT (13.38555572 52.55018176)
1;2018;10;17;5;3;5;7;1;0;0;0;1;0;0;0;POINT (13.38954037 52.55016517)
4;2018;10;14;1;3;0;4;0;0;0;1;1;0;0;1;POINT (13.33555429 52.50424446)
8;2018;10;14;3;3;6;4;0;0;1;1;0;0;0;0;POINT (13.51068923 52.40447336)
10;2018;10;15;5;3;5;3;0;1;1;0;0;0;0;0;POINT (13.6144769 52.49371)
12;2018;10;14;1;3;2;6;0;0;1;0;0;0;0;0;POINT (13.30672004 52.55530416)
1;2018;10;15;5;3;2;6;0;0;1;0;0;0;0;0;POINT (13.39721249 52.54734242)
10;2018;10;14;3;3;5;3;0;0;0;0;0;0;1;0;POINT (13.54155958 52.54284309)
4;2018;10;13;1;3;1;5;0;1;1;0;0;0;1;1;POINT (13.338179 52.50507419)
5;2018;10;13;3;3;5;3;0;0;1;0;1;0;0;0;POINT (13.19216609 52.53412588)
5;2018;10;15;5;3;5;7;0;1;1;0;0;0;0;0;POINT (13.12056981 52.47579624)
1;2018;10;13;1;3;6;3;0;0;1;1;0;0;0;0;POINT (13.34621888 52.52496621)
5;2018;10;13;3;3;2;6;0;0;1;0;0;1;0;0;POINT (13.23155533 52.52773468)
8;2018;10;18;5;3;6;4;0;0;1;1;0;0;0;0;POINT (13.50521271 52.40403877)
10;2018;10;7;1;3;5;3;0;1;1;0;0;0;0;0;POINT (13.61995455 52.53953806)
2;2018;10;7;5;3;5;3;0;1;0;0;0;0;1;0;POINT (13.43294662 52.51807934)
4;2018;10;13;3;3;3;6;0;1;1;0;0;0;0;0;POINT (13.29232508 52.49745272)
6;2018;10;15;5;3;0;2;0;1;1;0;0;0;0;0;POINT (13.33998357 52.44815376)
1;2018;10;17;1;3;5;2;0;1;0;0;1;0;0;1;POINT (13.40004357 52.50951576)
10;2018;10;12;3;3;5;3;0;0;1;0;1;0;0;0;POINT (13.61197946 52.49664952)
1;2018;10;16;5;3;6;4;0;1;0;1;0;0;0;0;POINT (13.40362068 52.52564143)
11;2018;10;17;1;2;0;3;0;0;1;0;0;0;1;0;POINT (13.49961887 52.52384087)
1;2018;10;16;5;2;5;3;0;0;1;1;0;0;1;0;POINT (13.36872403 52.50624874)
8;2018;10;12;3;3;5;3;0;1;0;0;0;0;1;0;POINT (13.46458015 52.4703169)
2;2018;10;15;5;3;6;4;0;0;1;1;0;0;0;0;POINT (13.45632547 52.50987604)
2;2018;10;15;1;3;2;6;0;0;1;0;0;0;0;1;POINT (13.42654884 52.49951445)
10;2018;10;12;3;3;5;3;0;1;1;0;0;0;0;0;POINT (13.60094383 52.47931579)
10;2018;10;16;5;3;2;6;0;0;1;0;0;0;0;0;POINT (13.61992052 52.54395096)
9;2018;10;11;3;3;5;3;0;1;1;0;0;0;0;0;POINT (13.54506187 52.42715089)
11;2018;10;16;1;3;3;6;0;0;1;0;0;0;1;0;POINT (13.4997481 52.52589871)
4;2018;10;10;3;3;5;3;0;0;1;0;0;0;0;0;POINT (13.31359651 52.48309282)
5;2018;10;9;5;3;5;2;0;0;1;0;0;0;0;0;POINT (13.20077622 52.53858317)
4;2018;10;13;1;3;1;5;0;1;1;0;0;0;1;0;POINT (13.29465392 52.47439569)
6;2018;10;16;5;2;0;1;0;1;0;0;0;0;0;0;POINT (13.30505623 52.42736478)
6;2018;10;8;1;3;0;3;0;1;0;0;0;0;1;0;POINT (13.23004776 52.43389063)
4;2018;10;12;5;2;4;7;0;0;1;1;0;0;1;0;POINT (13.32698033 52.52194267)
2;2018;10;9;3;3;3;6;0;1;1;0;0;0;0;0;POINT (13.41815656 52.49970914)
8;2018;10;17;5;3;1;5;0;0;1;0;0;0;0;0;POINT (13.46064138 52.43020581)
2;2018;10;7;1;3;0;7;0;1;0;0;0;0;1;0;POINT (13.46148958 52.51785363)
12;2018;10;9;3;3;5;3;0;1;1;0;0;0;0;0;POINT (13.23876959 52.60250526)
12;2018;10;16;5;3;5;3;0;0;1;0;1;0;0;0;POINT (13.34235374 52.60761507)
2;2018;10;9;3;3;5;2;0;1;0;0;0;0;1;0;POINT (13.44068485 52.51727064)
2;2018;10;7;1;2;5;2;0;1;1;0;0;0;0;0;POINT (13.3878375 52.49276723)
4;2018;10;15;3;3;0;2;0;1;1;0;0;0;0;0;POINT (13.23362169 52.50543456)
2;2018;10;13;5;3;1;5;0;1;1;0;0;0;1;0;POINT (13.42916631 52.51058022)
1;2018;10;8;1;3;2;6;0;0;1;0;0;0;0;0;POINT (13.33431428 52.54137123)
4;2018;10;8;1;2;0;2;0;1;1;0;0;0;0;0;POINT (13.28774946 52.48088113)
2;2018;10;18;3;3;0;6;1;0;1;0;1;0;0;0;POINT (13.46635649 52.50062309)
1;2018;10;9;1;3;6;4;0;1;0;1;0;0;0;0;POINT (13.36601233 52.52552511)
2;2018;10;8;3;3;3;6;0;1;1;0;0;0;0;0;POINT (13.41864816 52.4988991)
6;2018;10;13;5;2;5;3;0;0;1;0;1;0;0;0;POINT (13.3532335 52.44923822)
2;2018;10;10;1;3;2;6;0;0;1;0;0;0;0;0;POINT (13.39691184 52.50516406)
2;2018;10;11;1;3;5;3;0;1;1;0;0;0;0;0;POINT (13.43042975 52.51040841)
7;2018;10;11;5;2;6;4;0;0;1;1;0;0;0;0;POINT (13.34676571 52.50078511)
12;2018;10;7;1;3;5;2;0;1;0;0;0;0;1;0;POINT (13.37346379 52.57475759)
1;2018;10;8;3;2;3;6;0;1;0;0;0;0;1;0;POINT (13.32826869 52.53292735)
4;2018;10;11;5;3;2;6;0;0;1;0;0;0;0;0;POINT (13.29653768 52.54830404)
1;2018;10;13;1;3;5;3;0;0;1;0;0;0;0;0;POINT (13.36544525 52.55803102)
4;2018;10;13;5;3;5;3;0;0;1;0;1;0;0;0;POINT (13.33451889 52.49850524)
3;2018;10;7;3;3;5;2;0;1;1;0;0;0;0;0;POINT (13.46536777 52.56710825)
2;2018;10;7;1;2;0;7;0;1;0;0;0;0;0;0;POINT (13.41044543 52.50379617)
8;2018;10;7;3;3;5;3;0;1;1;0;0;0;0;0;POINT (13.44786563 52.4777833)
1;2018;10;10;5;3;2;6;0;0;1;0;0;0;1;0;POINT (13.35200146 52.50963497)
10;2018;10;12;3;3;6;7;0;0;1;1;0;0;0;0;POINT (13.58152214 52.51400882)
9;2018;10;7;1;3;8;1;0;0;1;0;0;0;0;0;POINT (13.58358904 52.4037461)
1;2018;10;19;3;3;5;2;2;1;0;0;0;0;1;0;POINT (13.35114425 52.50963475)
11;2018;10;10;5;3;5;2;0;1;1;0;0;0;0;0;POINT (13.50956934 52.49625105)
9;2018;9;17;7;3;5;3;1;0;1;0;0;0;0;0;POINT (13.59022953 52.43503881)
9;2018;9;20;7;2;3;6;2;0;1;0;1;0;0;0;POINT (13.58189179 52.43940348)
9;2018;10;13;5;3;5;2;0;1;1;0;0;0;0;0;POINT (13.57716479 52.45577233)
6;2018;9;12;7;3;6;4;0;1;0;1;0;0;0;0;POINT (13.28254683 52.44122799)
1;2018;10;8;2;3;0;2;0;0;0;0;1;0;1;0;POINT (13.3862239 52.5145664)
10;2018;10;9;5;3;2;1;0;1;1;0;0;0;0;0;POINT (13.53770556 52.53987417)
4;2018;9;10;7;3;0;7;0;0;0;0;1;0;0;0;POINT (13.29968508 52.50047592)
5;2018;10;12;5;2;5;2;0;0;1;0;0;0;0;1;POINT (13.18244186 52.53842241)
4;2018;10;15;2;3;1;5;0;1;1;0;0;0;0;0;POINT (13.30956225 52.50018088)
8;2018;10;9;5;3;2;2;0;1;1;0;0;0;0;0;POINT (13.44160413 52.47041106)
1;2018;9;10;7;3;3;2;0;0;1;0;0;0;0;0;POINT (13.37841418 52.53429373)
7;2018;10;16;2;3;1;5;0;1;1;0;0;0;0;0;POINT (13.34946226 52.49890339)
5;2018;10;12;5;3;0;7;0;0;1;0;1;0;0;1;POINT (13.18200038 52.53590967)
11;2018;9;7;7;3;1;5;0;0;1;0;0;1;0;0;POINT (13.49318421 52.56495097)
11;2018;10;9;5;2;5;3;0;0;1;0;1;0;0;0;POINT (13.49572456 52.52296006)
6;2018;10;16;2;2;1;5;0;0;1;0;0;0;0;0;POINT (13.27023131 52.43075002)
7;2018;9;0;7;3;0;1;2;1;1;0;0;0;0;0;POINT (13.35895578 52.49659746)
10;2018;10;15;2;3;0;2;0;1;1;0;0;0;0;0;POINT (13.57584264 52.49118203)
1;2018;10;9;5;3;3;2;0;1;1;0;0;0;0;0;POINT (13.38632454 52.52474219)
1;2018;10;22;2;3;5;2;2;1;1;0;0;0;0;0;POINT (13.40581824 52.53051887)
8;2018;9;20;7;3;5;3;2;1;1;0;0;0;0;0;POINT (13.43468112 52.47871828)
6;2018;10;11;2;2;0;7;0;0;1;0;0;0;0;0;POINT (13.3420436 52.45963629)
1;2018;10;8;5;3;5;3;0;1;1;0;0;0;0;0;POINT (13.38065483 52.5169034)
11;2018;9;18;7;3;5;7;0;0;1;0;1;0;0;0;POINT (13.47759391 52.53739751)
8;2018;10;12;5;3;0;6;0;0;1;0;0;0;1;0;POINT (13.45392821 52.42959878)
11;2018;10;20;2;2;6;4;2;0;1;1;0;0;0;0;POINT (13.52081728 52.56853927)
9;2018;9;18;7;3;5;2;0;1;1;0;0;0;0;0;POINT (13.5968975 52.43697337)
3;2018;10;16;4;3;6;7;0;0;1;1;0;0;0;0;POINT (13.42320338 52.5572911)
7;2018;10;7;1;3;3;6;0;1;1;0;0;0;1;0;POINT (13.40818479 52.38669685)
10;2018;10;7;1;3;5;2;0;0;1;0;1;0;0;0;POINT (13.58364221 52.51491011)
4;2018;10;8;4;3;5;2;0;1;1;0;0;0;0;0;POINT (13.32020524 52.47880593)
2;2018;10;5;1;3;2;6;2;0;1;0;1;0;0;0;POINT (13.46479005 52.49763366)
2;2018;10;16;4;3;5;2;0;1;1;0;0;0;0;0;POINT (13.47077075 52.51026915)
5;2018;10;4;1;2;4;6;2;0;1;0;0;1;0;0;POINT (13.22879179 52.53000595)
10;2018;10;10;2;3;5;3;0;0;1;0;0;1;0;1;POINT (13.56556607 52.5072469)
8;2018;10;8;4;3;5;7;0;1;1;0;0;0;0;0;POINT (13.43461918 52.49061699)
9;2018;10;14;1;2;5;3;0;1;1;0;0;0;0;0;POINT (13.57761137 52.40231774)
9;2018;10;6;2;3;5;3;2;1;1;0;0;0;0;0;POINT (13.59388711 52.44788143)
3;2018;10;14;1;3;0;1;0;1;0;0;0;0;0;0;POINT (13.41186168 52.54057975)
3;2018;10;15;4;3;5;3;0;1;1;0;0;0;0;0;POINT (13.4185103 52.55346808)
5;2018;10;13;1;3;5;3;0;1;1;0;0;0;0;0;POINT (13.20424983 52.54065865)
1;2018;10;12;2;3;0;1;0;1;0;0;0;0;0;1;POINT (13.38567494 52.52846348)
5;2018;10;15;4;2;5;7;1;1;1;0;0;0;0;0;POINT (13.15449122 52.53302038)
7;2018;10;18;1;3;7;7;2;1;0;0;0;0;0;1;POINT (13.34935361 52.45897988)
6;2018;10;14;4;2;5;3;0;1;1;0;0;0;0;0;POINT (13.35679051 52.42464856)
4;2018;10;13;1;3;5;3;0;1;0;0;0;0;1;1;POINT (13.3116851 52.50039769)
10;2018;10;13;1;3;3;6;0;0;1;0;0;0;1;0;POINT (13.58946102 52.51314834)
5;2018;10;14;4;3;6;2;0;0;1;1;0;0;0;0;POINT (13.26970861 52.53818048)
3;2018;10;14;1;3;5;3;0;1;1;0;0;0;0;0;POINT (13.42698404 52.55221385)
4;2018;10;12;1;3;2;6;0;0;1;0;0;0;0;1;POINT (13.33129292 52.50342284)
11;2018;10;14;4;2;1;5;0;0;1;0;0;0;1;0;POINT (13.4974678 52.50871211)
3;2018;10;11;1;3;6;7;0;0;1;1;0;0;0;1;POINT (13.42042355 52.60434502)
2;2018;10;12;1;3;5;3;0;0;1;0;0;0;1;0;POINT (13.44126756 52.50534707)
1;2018;10;11;1;3;5;2;0;1;1;0;0;0;0;1;POINT (13.38401634 52.51031621)
12;2018;10;18;4;3;0;1;2;0;0;0;1;0;0;1;POINT (13.29721659 52.57775479)
4;2018;10;11;1;2;5;2;0;0;1;0;1;0;0;0;POINT (13.32174439 52.49296538)
10;2018;10;11;1;3;0;1;0;0;0;0;1;0;0;1;POINT (13.58699629 52.52360949)
1;2018;10;11;1;3;0;6;0;0;1;0;0;0;1;0;POINT (13.40247661 52.51186982)
1;2018;10;10;4;3;0;1;0;1;0;0;0;0;0;0;POINT (13.40175397 52.53035871)
3;2018;10;11;1;3;5;7;0;1;1;0;0;0;0;0;POINT (13.43384291 52.54958772)
4;2018;10;10;1;2;5;3;0;1;1;0;0;0;0;0;POINT (13.2812992 52.49943266)
7;2018;10;20;4;3;0;1;2;0;0;0;1;0;0;1;POINT (13.38772899 52.453059)
5;2018;10;8;4;2;5;3;0;0;1;0;0;0;0;0;POINT (13.19485274 52.53256222)
7;2018;10;17;1;3;5;3;1;0;1;0;0;0;1;0;POINT (13.40405907 52.46347317)
1;2018;10;8;4;3;5;3;0;1;0;0;0;0;1;0;POINT (13.34851396 52.53582592)
8;2018;10;11;1;3;5;3;0;1;1;0;0;0;0;0;POINT (13.44003178 52.48160463)
10;2018;10;16;1;3;2;6;0;0;1;0;0;0;0;0;POINT (13.52354125 52.53604845)
1;2018;10;8;4;3;1;5;0;1;1;0;0;0;0;0;POINT (13.34113805 52.55280883)
1;2018;10;8;1;3;0;1;0;0;0;0;1;0;0;0;POINT (13.41279202 52.52811466)
7;2018;10;11;1;3;5;3;0;0;1;0;0;0;1;0;POINT (13.38908202 52.39835412)
3;2018;10;8;4;3;5;3;0;0;1;0;0;0;0;0;POINT (13.4590196 52.54894221)
6;2018;10;11;1;2;5;2;0;0;1;0;1;0;0;0;POINT (13.29359348 52.44580593)
1;2018;10;16;1;3;5;3;0;0;1;0;1;0;0;1;POINT (13.37690304 52.51076983)
6;2018;10;10;1;3;5;2;0;1;1;0;0;0;0;0;POINT (13.26775417 52.44555361)
2;2018;10;8;4;3;6;7;0;0;1;1;0;0;0;0;POINT (13.39411426 52.48959435)
5;2018;10;10;1;3;2;6;0;0;1;0;0;0;0;0;POINT (13.20952274 52.53839715)
2;2018;10;7;4;3;3;6;0;1;1;0;0;0;0;0;POINT (13.38691838 52.49005657)
5;2018;10;9;1;3;5;3;0;1;1;0;0;0;0;0;POINT (13.20424086 52.54064879)
1;2018;10;8;1;3;5;1;0;0;1;0;1;0;0;0;POINT (13.36407343 52.52793349)
1;2018;10;9;1;3;5;2;0;0;1;0;0;0;0;0;POINT (13.39597278 52.53825649)
3;2018;10;6;4;2;0;3;0;0;1;0;1;0;0;0;POINT (13.42312256 52.55115582)
7;2018;10;9;1;3;5;3;0;1;0;0;0;0;0;0;POINT (13.34199978 52.47018571)
4;2018;10;16;1;3;5;2;0;0;1;0;0;0;0;1;POINT (13.28013087 52.51847899)
1;2018;10;6;4;2;5;3;2;0;1;0;1;0;0;0;POINT (13.41831809 52.51559869)
2;2018;10;18;4;3;3;6;1;0;0;0;1;1;0;0;POINT (13.4466494 52.50255987)
4;2018;10;16;1;3;2;6;0;0;1;0;0;0;0;1;POINT (13.29440566 52.53440472)
3;2018;10;15;4;3;5;2;2;1;1;0;0;0;0;0;POINT (13.40260023 52.55426017)
3;2018;10;9;1;3;4;2;0;1;1;0;0;0;0;0;POINT (13.45026967 52.54605944)
4;2018;10;11;4;3;2;3;0;0;1;0;0;0;0;0;POINT (13.31402312 52.50635184)
2;2018;10;15;1;3;5;3;0;1;1;0;0;0;0;1;POINT (13.37650104 52.48494773)
1;2018;10;9;1;3;6;4;0;1;0;1;0;0;0;0;POINT (13.41785289 52.5179092)
2;2018;10;12;3;3;5;2;0;1;1;0;0;0;0;0;POINT (13.39904854 52.49456691)
4;2018;10;9;1;3;1;5;0;1;1;0;0;0;0;0;POINT (13.26678731 52.51256288)
1;2018;10;8;1;3;0;3;0;1;1;0;0;0;0;0;POINT (13.37941096 52.52942605)
4;2018;10;12;1;3;2;6;0;1;1;0;0;0;0;0;POINT (13.33115817 52.50670029)
4;2018;10;18;3;3;1;5;1;1;1;0;0;0;0;0;POINT (13.31438957 52.50779303)
6;2018;10;14;1;2;5;3;0;1;0;0;0;0;1;0;POINT (13.3456302 52.42869613)
12;2018;10;15;1;3;2;6;0;0;1;0;0;0;0;1;POINT (13.28580556 52.58762272)
8;2018;10;9;3;3;2;2;0;0;1;0;0;0;0;0;POINT (13.4560938 52.46564434)
10;2018;10;6;1;2;2;6;1;0;1;0;0;0;0;0;POINT (13.62581686 52.52906703)
2;2018;10;16;7;3;5;2;0;0;1;0;0;0;0;0;POINT (13.38534133 52.49897447)
5;2018;10;15;1;2;0;6;0;0;1;0;1;0;0;1;POINT (13.27133989 52.5365197)
6;2018;10;14;1;2;5;3;0;0;1;0;1;0;0;1;POINT (13.31526458 52.45136155)
2;2018;10;17;3;3;5;3;0;1;0;0;1;0;0;0;POINT (13.43068638 52.51530704)
7;2018;10;16;3;3;5;2;0;1;1;0;0;0;0;0;POINT (13.41882793 52.46493787)
6;2018;10;14;1;3;2;6;0;0;1;0;0;0;0;1;POINT (13.33835042 52.45108821)
1;2018;10;16;3;3;6;4;0;0;1;1;0;0;0;0;POINT (13.40375195 52.53337003)
8;2018;10;13;7;2;5;2;0;1;1;0;0;0;0;0;POINT (13.46808165 52.42761705)
5;2018;10;15;1;2;2;6;0;0;1;0;0;0;0;1;POINT (13.19962982 52.53508405)
3;2018;10;18;3;3;5;3;1;1;1;0;0;0;0;0;POINT (13.45337092 52.54207317)
4;2018;10;14;1;3;2;6;0;0;1;0;0;0;0;1;POINT (13.30859365 52.4679259)
6;2018;10;11;7;2;1;7;0;0;1;0;1;0;0;0;POINT (13.28060224 52.41530392)
7;2018;10;18;3;2;5;2;1;0;1;0;0;0;0;0;POINT (13.40656495 52.39376388)