bez;ujahr;umonat;ustunde;uwochentag;ukategorie;uart;utyp1;ulichtverh;istrad;istpkw;istfuss;istkrad;istgkfz;istsonstige;ustrzustand;geometry
5;2018;10;11;7;2;5;2;0;1;1;0;0;0;0;0;POINT (13.19964757 52.53452737)
7;2018;10;14;1;3;2;6;0;0;0;0;0;1;1;1;POINT (13.40343822 52.44821049)
4;2018;10;11;7;3;1;5;0;1;1;0;0;0;0;0;POINT (13.30302031 52.51405708)
4;2018;10;18;3;3;5;2;2;1;1;0;0;0;0;0;POINT (13.31478861 52.51211423)
4;2018;10;11;7;2;5;2;0;0;1;0;1;0;0;0;POINT (13.29591144 52.49592759)
9;2018;10;5;1;3;2;6;2;0;1;0;0;0;0;0;POINT (13.55905832 52.44856674)
5;2018;10;19;3;3;1;5;2;0;1;0;0;1;0;0;POINT (13.27462749 52.53579441)
3;2018;10;5;1;2;5;2;2;0;1;0;1;0;0;0;POINT (13.38018259 52.57495227)
11;2018;10;9;7;3;5;3;0;1;1;0;0;0;0;0;POINT (13.49843559 52.56391606)
11;2018;10;13;1;3;2;6;0;0;1;0;0;1;0;1;POINT (13.48023687 52.52044129)
9;2018;10;16;3;3;0;6;0;0;0;0;1;0;0;0;POINT (13.56368761 52.4563657)
9;2018;10;9;7;2;6;4;0;1;0;1;0;0;0;0;POINT (13.5820604 52.44236114)
8;2018;10;14;1;2;2;6;0;0;1;0;0;0;1;1;POINT (13.40420122 52.41519392)
11;2018;10;8;7;3;5;3;0;0;1;0;0;0;0;0;POINT (13.48966865 52.51228671)
4;2018;10;15;3;3;6;4;0;0;1;1;0;0;0;0;POINT (13.31391819 52.49039985)
5;2018;10;6;7;3;1;1;1;0;1;0;0;0;0;0;POINT (13.23264244 52.54297653)
2;2018;10;17;1;2;6;4;1;0;1;1;0;0;0;0;POINT (13.42739199 52.52305087)
9;2018;10;16;3;3;0;1;0;1;0;0;0;0;0;0;POINT (13.58480745 52.42838763)
11;2018;10;23;7;3;4;6;2;0;0;0;0;0;1;0;POINT (13.54384653 52.56809487)
1;2018;10;16;1;3;0;1;0;0;0;0;1;0;0;0;POINT (13.38932442 52.51394338)
10;2018;10;20;7;3;0;6;2;0;1;0;1;0;0;0;POINT (13.60524153 52.53644877)
4;2018;10;16;3;3;5;3;0;0;1;0;0;0;0;0;POINT (13.25625555 52.5211295)
1;2018;10;5;7;3;5;3;2;0;1;0;0;0;0;0;POINT (13.39157448 52.5121728)
7;2018;10;20;1;3;6;4;2;0;0;1;0;0;1;0;POINT (13.39771313 52.386677)
12;2018;10;15;3;3;0;1;0;1;0;0;0;0;0;1;POINT (13.30904971 52.57905007)
12;2018;10;19;7;2;0;7;2;0;1;0;1;0;0;1;POINT (13.31334814 52.57138706)
7;2018;10;19;1;2;5;2;2;1;0;0;0;0;1;0;POINT (13.38470809 52.46085094)
9;2018;10;15;3;3;5;3;0;0;1;0;0;0;0;0;POINT (13.59303909 52.43260601)
1;2018;10;19;1;3;6;2;2;0;1;1;0;0;0;0;POINT (13.38050787 52.52837002)
3;2018;10;19;7;3;1;5;2;0;1;0;0;0;0;0;POINT (13.3753654 52.584504)
1;2018;10;19;1;3;5;7;2;0;1;0;0;0;0;0;POINT (13.38582241 52.55817373)
4;2018;10;14;3;3;2;6;0;0;1;0;0;0;0;0;POINT (13.3132546 52.50072576)
4;2018;10;18;7;3;0;7;1;1;0;0;0;0;1;1;POINT (13.3342934 52.50857597)
1;2018;10;19;1;3;5;3;2;0;1;0;0;0;1;0;POINT (13.34169654 52.53483772)
6;2018;10;18;7;2;6;4;1;0;1;1;0;0;0;0;POINT (13.34694365 52.42856869)
9;2018;10;14;3;2;5;2;0;1;1;0;0;0;0;0;POINT (13.58206619 52.44281573)
4;2018;10;15;7;3;2;2;0;0;1;0;0;0;0;0;POINT (13.30030597 52.48769909)
6;2018;10;18;1;3;1;5;1;1;1;0;0;0;0;0;POINT (13.30793439 52.44715239)
5;2018;10;13;3;3;2;7;0;1;1;0;0;0;0;0;POINT (13.19164591 52.54593109)
12;2018;10;9;3;3;5;2;0;0;1;0;0;0;0;0;POINT (13.34229603 52.60752303)
2;2018;10;17;1;3;0;1;1;1;0;0;0;0;0;1;POINT (13.45082273 52.5127412)
7;2018;10;8;3;3;5;2;0;1;1;0;0;0;0;0;POINT (13.37714704 52.45366913)
1;2018;10;13;7;3;0;7;0;1;1;0;0;0;0;0;POINT (13.37727717 52.53519761)
2;2018;10;17;1;3;1;5;0;1;0;0;0;0;1;1;POINT (13.42777123 52.50092776)
1;2018;10;8;3;3;5;7;0;0;1;0;1;0;0;0;POINT (13.38210975 52.52298771)
4;2018;10;7;3;3;4;6;0;1;0;0;0;0;0;0;POINT (13.32659197 52.4866296)
1;2018;10;13;3;3;5;3;0;1;0;0;0;0;0;0;POINT (13.35065165 52.51201013)
1;2018;10;11;7;3;2;6;0;0;1;0;0;0;0;0;POINT (13.32832455 52.53466839)
8;2018;10;7;3;3;5;3;0;0;1;0;0;0;0;0;POINT (13.4454286 52.46727804)
1;2018;10;5;7;2;1;1;2;1;1;0;0;0;0;0;POINT (13.40243691 52.53115941)
9;2018;10;14;6;3;1;5;0;1;1;0;0;0;0;0;POINT (13.45482739 52.48835863)
10;2018;10;6;3;3;5;3;1;1;1;0;0;0;0;0;POINT (13.51939316 52.51802985)
7;2018;10;20;6;3;3;6;2;0;1;0;0;0;0;0;POINT (13.38877558 52.48450772)
5;2018;10;14;7;3;3;6;0;0;1;0;1;0;0;0;POINT (13.16984792 52.51858267)
10;2018;10;18;6;3;5;3;2;0;1;0;0;0;1;0;POINT (13.57396401 52.49170368)
1;2018;10;12;3;3;5;2;0;1;1;0;0;0;0;0;POINT (13.38061163 52.53253509)
4;2018;10;18;6;3;2;7;1;0;1;0;1;0;0;0;POINT (13.33130187 52.50349045)
3;2018;10;0;7;3;5;2;2;0;1;0;0;0;0;0;POINT (13.42890342 52.57204766)
11;2018;10;11;3;3;1;5;0;1;1;0;0;0;0;0;POINT (13.48099435 52.51898156)
1;2018;10;6;3;3;5;2;1;1;1;0;0;0;0;0;POINT (13.37864001 52.54480834)
1;2018;10;21;7;2;6;4;2;0;1;1;0;0;0;0;POINT (13.41537892 52.52271245)
6;2018;10;11;3;3;5;2;0;0;1;0;0;0;0;0;POINT (13.29550949 52.44256527)
1;2018;10;18;6;3;6;7;1;0;1;1;0;0;0;0;POINT (13.36746257 52.52574492)
5;2018;10;21;7;2;6;4;2;0;1;1;0;0;0;0;POINT (13.19797391 52.54753482)
5;2018;10;11;3;3;6;4;0;0;1;1;0;0;0;0;POINT (13.21012415 52.56679033)
1;2018;10;19;7;3;5;3;2;0;1;0;1;0;0;0;POINT (13.36147417 52.54799678)
6;2018;10;18;6;3;2;6;2;0;1;0;1;0;0;0;POINT (13.31389206 52.42500066)
5;2018;10;10;3;3;5;2;0;0;1;0;1;0;0;0;POINT (13.18457664 52.5155665)
7;2018;10;17;6;2;5;2;0;1;0;0;0;0;1;0;POINT (13.34627741 52.50124115)
10;2018;10;18;7;3;9;1;1;0;0;0;1;0;0;0;POINT (13.59048624 52.52990064)
3;2018;10;17;6;3;5;2;0;0;1;0;1;0;0;0;POINT (13.41712797 52.60548495)
3;2018;10;17;7;3;5;3;0;1;1;0;0;0;0;0;POINT (13.43564569 52.56991323)
1;2018;10;16;6;3;5;2;0;0;1;0;0;0;1;0;POINT (13.40061284 52.51005109)
4;2018;10;10;3;2;5;2;0;0;1;0;0;0;1;0;POINT (13.27408908 52.51924508)
4;2018;10;2;6;3;2;6;2;0;1;0;0;0;0;0;POINT (13.24971733 52.5239018)
7;2018;10;14;7;3;2;2;0;0;1;0;1;0;0;0;POINT (13.36945929 52.45666881)
1;2018;10;16;6;2;5;2;0;1;1;0;0;0;0;0;POINT (13.34959489 52.54207547)
6;2018;10;16;6;3;5;2;0;1;1;0;0;0;0;0;POINT (13.32083888 52.45692059)
2;2018;10;14;7;3;2;7;0;0;1;0;1;0;0;0;POINT (13.39471662 52.49615768)
1;2018;10;20;3;3;0;2;2;1;1;0;0;0;0;0;POINT (13.39034355 52.56289817)
2;2018;10;13;7;3;1;5;0;1;1;0;0;0;0;0;POINT (13.42130956 52.49792988)
4;2018;10;9;3;3;1;5;0;1;0;0;0;1;0;0;POINT (13.34026509 52.5041022)
9;2018;10;15;6;3;5;7;0;0;1;0;1;0;0;0;POINT (13.51243679 52.47071059)
2;2018;10;2;7;3;0;1;2;0;0;0;1;0;0;0;POINT (13.4444206 52.50076359)
4;2018;10;9;3;3;2;6;0;0;1;0;0;0;0;0;POINT (13.29666653 52.54841046)
1;2018;10;21;6;3;3;6;2;0;1;0;1;0;0;0;POINT (13.36357272 52.54923989)
4;2018;10;15;6;3;2;6;0;0;1;0;0;0;0;0;POINT (13.33293905 52.4875606)
1;2018;10;15;3;3;3;2;0;0;1;0;1;0;0;0;POINT (13.38052153 52.51820101)
4;2018;10;15;6;3;2;6;0;1;0;0;0;0;0;0;POINT (13.2971026 52.5124627)
9;2018;10;20;6;3;5;3;2;0;1;0;0;0;0;0;POINT (13.50074293 52.43515489)
11;2018;10;20;3;3;3;6;2;0;1;0;0;0;0;0;POINT (13.49114436 52.53386385)
1;2018;10;15;6;3;5;3;0;0;1;0;0;0;0;0;POINT (13.34858378 52.50748359)
12;2018;10;13;6;3;5;2;0;1;1;0;0;0;0;0;POINT (13.33921024 52.59583154)
2;2018;10;9;3;3;0;7;0;0;1;0;1;0;0;0;POINT (13.44423216 52.49453492)
7;2018;10;19;6;3;5;7;2;0;1;0;0;0;0;0;POINT (13.37978096 52.44162396)
9;2018;10;9;3;3;6;7;0;0;1;1;0;0;0;0;POINT (13.547084 52.43802475)
5;2018;10;15;6;3;5;3;0;0;1;0;0;0;0;0;POINT (13.12902122 52.52722454)
6;2018;10;18;6;3;5;3;2;0;1;0;1;0;0;0;POINT (13.31766518 52.46117415)
2;2018;10;19;3;3;1;5;2;1;1;0;0;0;0;0;POINT (13.46116724 52.51218763)
2;2018;10;17;6;3;1;5;1;1;1;0;0;0;1;0;POINT (13.41862008 52.50034508)
2;2018;10;15;6;3;6;7;0;0;1;1;0;0;0;0;POINT (13.47308522 52.51285883)
8;2018;10;16;6;3;9;1;0;0;1;0;0;0;0;0;POINT (13.48703292 52.42304888)
12;2018;10;18;2;3;5;3;1;0;1;0;0;0;0;0;POINT (13.28087188 52.58637803)
10;2018;10;16;6;2;6;7;0;1;0;1;0;0;0;0;POINT (13.61826046 52.52445451)
6;2018;10;15;6;3;6;7;0;0;1;1;0;0;0;0;POINT (13.3241537 52.46184917)
2;2018;10;14;6;3;1;5;0;1;1;0;0;0;0;0;POINT (13.4653318 52.49842205)
1;2018;10;17;2;3;0;1;2;0;0;0;1;0;0;1;POINT (13.37944695 52.556419)
1;2018;10;13;6;3;6;2;0;0;1;1;0;0;0;0;POINT (13.33927317 52.52580757)
6;2018;10;13;6;3;1;1;0;1;1;0;0;0;0;0;POINT (13.22851235 52.4245657)
4;2018;10;8;2;3;6;4;0;1;0;1;0;0;0;0;POINT (13.33310861 52.4884655)
9;2018;10;12;6;3;5;2;0;0;1;0;0;0;0;0;POINT (13.5820101 52.46388029)
2;2018;10;16;2;3;5;2;0;1;1;0;0;0;0;0;POINT (13.45075077 52.5271305)
7;2018;10;11;6;3;2;6;0;0;1;0;0;0;0;0;POINT (13.37224458 52.46971747)
7;2018;10;13;6;3;2;6;0;0;1;0;0;0;1;0;POINT (13.36948123 52.45691433)
4;2018;10;8;2;3;5;7;0;1;1;0;0;0;0;0;POINT (13.26911482 52.51195387)
6;2018;10;12;6;3;4;6;0;1;0;0;0;0;0;0;POINT (13.32974508 52.42907854)
3;2018;10;12;6;3;2;2;0;0;1;0;1;0;0;0;POINT (13.46300268 52.615788)
5;2018;10;12;6;3;2;6;0;0;1;0;0;0;1;0;POINT (13.23204628 52.52779689)
1;2018;10;12;6;3;5;3;0;1;0;0;0;0;0;0;POINT (13.40990832 52.51809215)
9;2018;10;2;6;2;9;1;2;0;1;0;0;0;0;0;POINT (13.66935695 52.40762672)
2;2018;10;19;2;3;3;5;2;0;1;0;0;0;0;0;POINT (13.38814797 52.49269803)
10;2018;10;11;6;3;2;6;0;0;1;0;0;0;0;0;POINT (13.52181596 52.53582919)
9;2018;10;19;6;2;0;1;2;0;0;0;1;0;0;0;POINT (13.50200556 52.47086311)
7;2018;10;11;6;3;5;3;0;0;1;0;1;0;0;0;POINT (13.4051283 52.42784831)
2;2018;10;17;2;3;5;2;0;1;1;0;0;0;0;0;POINT (13.38783859 52.49276699)
2;2018;10;11;6;3;1;5;0;0;1;0;0;0;0;0;POINT (13.42885795 52.51932782)
7;2018;10;16;5;3;2;6;0;0;1;0;0;0;0;0;POINT (13.37688838 52.45396617)
9;2018;10;23;2;3;0;1;2;0;0;0;1;0;0;0;POINT (13.50362066 52.43661349)
2;2018;10;22;2;3;6;4;2;1;0;1;0;0;0;0;POINT (13.45806172 52.50944178)
1;2018;10;16;5;3;5;3;0;1;0;0;0;0;0;0;POINT (13.39732105 52.5286821)
2;2018;10;19;2;3;1;5;2;1;1;0;0;0;0;0;POINT (13.42493265 52.49971732)
8;2018;10;11;6;2;5;3;0;1;1;0;0;0;0;0;POINT (13.44882084 52.48502932)
8;2018;10;15;5;3;2;2;0;0;1;0;0;0;0;0;POINT (13.42409657 52.48635198)
7;2018;10;18;2;3;2;6;1;0;1;0;1;0;0;0;POINT (13.33367494 52.47009499)
7;2018;10;15;5;3;2;6;0;0;1;0;0;0;0;0;POINT (13.37756753 52.44260218)
1;2018;10;10;6;3;5;3;0;0;1;0;0;0;0;0;POINT (13.37201659 52.50513211)
9;2018;10;18;2;3;5;3;1;1;1;0;0;0;0;0;POINT (13.50942261 52.46392075)
9;2018;10;10;6;3;5;7;0;0;1;0;1;0;0;0;POINT (13.71005111 52.4330102)
4;2018;10;15;5;3;5;3;0;1;1;0;0;0;0;0;POINT (13.2458737 52.52245168)
10;2018;10;10;6;3;5;2;0;0;1;0;0;0;1;0;POINT (13.60450189 52.53867747)
1;2018;10;17;2;3;3;6;1;0;1;0;0;0;0;0;POINT (13.41625715 52.52161249)
3;2018;10;10;6;2;5;3;0;1;1;0;0;0;0;0;POINT (13.4176987 52.5840971)
9;2018;10;15;5;3;3;6;0;1;0;0;0;0;0;0;POINT (13.62610176 52.45045709)
3;2018;10;17;2;3;5;3;1;1;1;0;0;0;0;0;POINT (13.48760475 52.61804014)
4;2018;10;17;2;3;5;3;0;0;1;0;0;0;0;0;POINT (13.31508827 52.5010065)
8;2018;10;15;5;3;5;3;0;0;1;0;0;0;0;0;POINT (13.48284135 52.41596077)
3;2018;10;16;2;3;5;2;0;1;1;0;0;0;0;0;POINT (13.47704673 52.56689922)
1;2018;10;10;6;3;5;3;0;0;1;0;0;0;0;0;POINT (13.36191489 52.55348582)
1;2018;10;16;2;3;4;6;0;1;0;0;0;0;0;0;POINT (13.34238117 52.52435732)
3;2018;10;9;6;3;5;2;0;1;1;0;0;0;0;0;POINT (13.37458558 52.58426184)
8;2018;10;22;5;3;0;3;2;0;1;0;0;0;1;0;POINT (13.42893814 52.48670878)
3;2018;10;16;2;3;2;6;0;0;1;0;0;0;0;0;POINT (13.37444511 52.59612371)
9;2018;10;15;2;3;5;2;0;1;1;0;0;0;0;0;POINT (13.51122899 52.44496913)
5;2018;10;15;2;3;5;2;0;1;1;0;0;0;0;0;POINT (13.15582835 52.52172726)
8;2018;10;9;6;3;5;2;0;1;1;0;0;0;0;0;POINT (13.43354626 52.44426563)
6;2018;10;15;2;3;2;7;0;0;1;0;0;0;1;1;POINT (13.23067565 52.42746422)
8;2018;10;20;5;3;6;2;2;0;1;1;0;0;0;0;POINT (13.46732067 52.46859193)
11;2018;10;7;6;2;8;1;2;0;1;0;0;0;0;0;POINT (13.48824222 52.50215738)
7;2018;10;8;2;3;5;3;0;1;1;0;0;0;0;0;POINT (13.36914569 52.48072287)
2;2018;10;2;6;3;5;2;2;0;1;0;0;0;0;0;POINT (13.46464199 52.4974182)
1;2018;10;20;5;3;0;6;2;1;1;0;0;0;0;0;POINT (13.39323956 52.52899932)
1;2018;10;14;6;2;6;4;0;0;1;1;0;0;0;0;POINT (13.38066846 52.56081085)
1;2018;10;8;2;3;2;6;0;1;1;0;0;0;0;0;POINT (13.37150517 52.54620333)
7;2018;10;14;5;3;6;2;0;0;1;1;0;0;0;0;POINT (13.36187966 52.4979933)
11;2018;10;18;5;3;5;3;1;1;1;0;0;0;0;0;POINT (13.52333077 52.56543087)
2;2018;10;8;2;3;5;2;0;1;1;0;0;0;0;0;POINT (13.46838066 52.507061)
2;2018;10;15;5;3;5;3;0;1;1;0;0;0;0;0;POINT (13.37981336 52.49427016)
6;2018;10;14;5;2;6;4;0;0;1;1;0;0;0;0;POINT (13.30271512 52.43752813)
4;2018;10;17;5;3;1;5;1;1;0;0;0;0;1;0;POINT (13.3149556 52.5043621)
1;2018;10;8;2;3;3;6;0;1;0;0;0;0;0;0;POINT (13.39792826 52.51541538)
9;2018;10;15;5;3;6;7;0;0;0;1;0;0;1;0;POINT (13.57634284 52.4547116)
5;2018;10;14;5;2;3;6;0;1;1;0;0;0;0;0;POINT (13.24600622 52.53765422)
4;2018;10;14;5;3;5;2;0;0;1;0;1;0;0;0;POINT (13.32095742 52.52063692)
1;2018;10;7;2;3;4;6;0;1;0;0;0;0;0;0;POINT (13.32817015 52.54126114)
4;2018;10;14;5;3;6;4;0;0;1;1;0;0;0;0;POINT (13.28706326 52.51749596)
4;2018;10;13;5;3;2;6;0;0;1;0;0;0;0;0;POINT (13.26123395 52.51656781)
3;2018;10;7;2;2;5;2;0;1;1;0;0;0;0;0;POINT (13.44014532 52.54085601)
4;2018;10;13;5;3;5;3;0;0;1;0;0;0;0;0;POINT (13.32609688 52.53843701)
1;2018;10;18;5;3;5;2;1;1;1;0;0;0;0;0;POINT (13.42171872 52.51421475)
9;2018;10;13;5;3;5;3;0;1;1;0;0;0;0;0;POINT (13.58593701 52.44129056)
4;2018;10;16;2;3;2;6;0;0;1;0;0;0;0;0;POINT (13.28386421 52.49670184)
4;2018;10;13;5;3;0;1;0;1;0;0;0;0;0;0;POINT (13.31130239 52.47965608)
7;2018;10;14;5;3;0;4;0;0;0;1;0;0;1;0;POINT (13.34428816 52.46748196)
3;2018;10;6;2;3;2;6;1;0;1;0;0;0;0;0;POINT (13.40603753 52.58167669)
2;2018;10;18;5;3;1;5;1;1;1;0;0;0;0;0;POINT (13.44834608 52.51757507)
4;2018;10;12;5;3;5;3;0;0;1;0;1;0;0;0;POINT (13.30948482 52.4919797)
4;2018;10;13;5;3;2;6;0;0;1;0;1;0;0;0;POINT (13.26393228 52.51481553)
5;2018;10;16;2;3;2;6;0;0;1;0;1;0;0;0;POINT (13.18665541 52.55119652)
11;2018;10;12;5;3;6;7;0;0;1;1;0;0;0;0;POINT (13.48764927 52.49219528)
7;2018;10;13;5;2;0;6;0;0;1;0;1;0;0;0;POINT (13.36197915 52.41228944)
2;2018;10;12;5;3;2;6;0;0;0;0;1;0;1;0;POINT (13.39568296 52.49810492)
2;2018;10;16;2;3;5;2;0;1;1;0;0;0;0;0;POINT (13.39586484 52.48939879)
1;2018;10;11;5;3;2;6;0;0;1;0;0;0;0;0;POINT (13.34486098 52.55440949)
4;2018;10;17;5;3;2;6;1;0;1;0;0;0;0;0;POINT (13.30322259 52.50533373)
5;2018;10;6;2;3;5;3;2;1;0;0;0;0;1;0;POINT (13.20535284 52.54177825)
1;2018;10;12;5;3;5;3;0;1;1;0;0;0;0;0;POINT (13.35660274 52.53569057)
1;2018;10;6;2;3;2;6;2;0;1;0;1;0;0;0;POINT (13.32126302 52.53162921)
11;2018;10;11;5;3;2;6;0;0;1;0;0;0;0;0;POINT (13.50914368 52.56464432)
3;2018;10;17;5;3;2;6;0;0;1;0;0;0;0;0;POINT (13.43125346 52.61242844)
6;2018;10;15;2;3;3;5;0;1;1;0;0;0;0;0;POINT (13.33636171 52.42552275)
1;2018;10;11;5;3;1;5;0;1;1;0;0;0;0;0;POINT (13.40493479 52.51744488)
3;2018;10;12;5;3;0;4;0;0;0;1;1;0;0;0;POINT (13.41428586 52.54425541)
4;2018;10;15;2;3;5;2;0;1;0;0;0;0;1;0;POINT (13.33023635 52.51327877)
1;2018;10;17;5;3;2;6;1;1;1;0;0;0;0;0;POINT (13.41616464 52.52651221)
11;2018;10;10;5;2;6;4;0;0;1;1;0;0;0;0;POINT (13.50079786 52.54703182)
1;2018;10;23;5;2;0;1;2;1;0;0;0;0;0;0;POINT (13.40216929 52.53084565)
2;2018;10;15;2;3;5;3;0;1;1;0;0;0;0;0;POINT (13.45070174 52.50861419)
4;2018;10;10;5;3;2;7;0;1;1;0;0;0;0;0;POINT (13.30399615 52.50672498)
1;2018;10;7;5;3;2;6;0;0;1;0;1;0;0;0;POINT (13.40851875 52.51192685)
11;2018;10;10;5;3;5;3;0;1;1;0;0;0;0;0;POINT (13.5161965 52.49241096)
3;2018;10;15;2;3;1;5;0;1;1;0;0;0;0;0;POINT (13.38147831 52.57963887)
4;2018;10;9;5;3;6;2;0;0;1;1;0;0;0;0;POINT (13.32996791 52.50359874)
2;2018;10;8;5;3;5;3;0;0;1;0;1;0;0;1;POINT (13.40307193 52.49536064)
3;2018;10;15;2;3;5;3;0;1;1;0;0;0;0;0;POINT (13.41445202 52.58320055)
6;2018;10;15;2;3;5;3;0;0;1;0;1;0;0;1;POINT (13.23003182 52.43080508)
2;2018;10;8;5;3;5;2;0;1;1;0;0;0;0;0;POINT (13.38934847 52.49610841)
6;2018;10;14;2;3;5;3;0;1;0;0;0;0;0;0;POINT (13.33769841 52.46225187)
7;2018;10;9;5;2;6;4;0;0;1;1;0;0;0;0;POINT (13.40161802 52.386684)
2;2018;10;9;5;3;6;4;0;0;0;1;0;0;1;0;POINT (13.43192087 52.50569321)
8;2018;10;15;2;3;2;2;0;0;1;0;0;0;0;0;POINT (13.41451273 52.43962368)
4;2018;10;10;5;2;2;6;0;0;1;0;0;0;0;0;POINT (13.30566423 52.499818)
2;2018;10;8;5;3;5;2;0;1;0;0;0;0;1;0;POINT (13.44323464 52.50393874)
12;2018;10;13;2;3;5;3;0;0;1;0;1;0;0;0;POINT (13.36379903 52.56514895)
1;2018;10;17;5;3;3;6;1;1;0;0;0;0;0;0;POINT (13.37742114 52.5148053)
8;2018;10;13;2;2;5;3;0;0;1;0;0;1;0;0;POINT (13.51461257 52.42384239)
3;2018;10;10;5;3;6;4;0;0;1;1;0;0;0;0;POINT (13.4079943 52.58492946)
3;2018;10;8;5;3;5;7;0;0;1;0;1;0;0;0;POINT (13.41858653 52.57256237)
5;2018;10;12;2;3;2;6;0;0;1;0;0;1;0;0;POINT (13.22891152 52.53805456)
12;2018;10;7;5;3;5;2;0;0;1;0;0;0;0;0;POINT (13.3393248 52.59583536)
6;2018;10;10;5;3;5;3;0;0;1;0;0;0;0;0;POINT (13.36624823 52.4302064)
3;2018;10;22;5;3;5;3;2;1;1;0;0;0;0;0;POINT (13.4128338 52.54439193)
6;2018;10;11;2;3;2;6;0;0;1;0;0;0;1;0;POINT (13.3415505 52.4338703)
3;2018;10;22;5;3;5;3;2;0;1;0;1;0;0;0;POINT (13.45575158 52.56000545)
1;2018;10;11;5;2;5;3;0;1;1;0;0;0;0;0;POINT (13.40424933 52.53316253)
8;2018;10;10;2;3;5;3;0;0;0;0;1;0;1;0;POINT (13.48237899 52.41135336)
4;2018;10;10;2;3;5;2;0;1;1;0;0;0;0;0;POINT (13.3201219 52.48356472)
1;2018;10;11;5;3;2;6;0;0;1;0;0;0;0;0;POINT (13.37663351 52.5543841)
8;2018;10;9;2;3;5;3;0;1;1;0;0;0;0;0;POINT (13.43720755 52.46436857)
3;2018;10;21;5;3;5;3;2;1;1;0;0;0;0;0;POINT (13.4274237 52.56055426)
8;2018;10;11;5;3;0;4;0;0;0;1;0;0;1;0;POINT (13.44017024 52.48159378)
2;2018;10;9;2;3;5;2;0;1;1;0;0;0;0;0;POINT (13.40915071 52.50177963)
2;2018;10;11;5;3;5;2;0;1;0;0;0;0;1;0;POINT (13.39233242 52.49051517)
12;2018;10;20;5;2;2;6;2;1;1;0;0;0;0;0;POINT (13.37612065 52.57109407)
6;2018;10;9;2;3;5;3;0;1;1;0;0;0;0;0;POINT (13.29819952 52.43894541)
8;2018;10;20;5;3;1;5;2;1;1;0;0;0;0;0;POINT (13.44088727 52.48227285)
1;2018;10;7;5;3;2;2;0;0;1;0;0;0;0;0;POINT (13.38073148 52.5165688)
11;2018;10;7;5;3;5;3;0;0;1;0;0;0;0;0;POINT (13.48550856 52.52399287)
9;2018;10;8;2;3;0;7;0;0;1;0;0;0;0;0;POINT (13.62867008 52.46900924)
12;2018;10;7;5;2;0;2;0;1;1;0;0;0;0;0;POINT (13.34549991 52.56677494)
1;2018;10;7;5;3;5;2;0;1;1;0;0;0;0;0;POINT (13.32641473 52.53708379)
10;2018;10;6;5;2;6;4;1;0;0;1;0;0;1;0;POINT (13.52747129 52.5162604)
1;2018;10;7;5;3;5;2;0;1;1;0;0;0;0;0;POINT (13.41874249 52.51040784)
1;2018;10;15;5;3;5;2;0;1;1;0;0;0;0;0;POINT (13.42174878 52.51420462)
11;2018;10;6;5;3;6;4;2;0;0;1;0;1;0;0;POINT (13.47657418 52.50100179)
4;2018;10;9;2;3;6;7;0;0;1;1;0;0;0;0;POINT (13.32967117 52.50353448)
12;2018;10;6;5;2;0;3;2;0;1;0;1;0;0;0;POINT (13.28150504 52.59245531)
3;2018;10;8;2;3;5;3;0;0;1;0;1;0;0;0;POINT (13.44316865 52.57121895)
12;2018;10;16;5;2;5;3;0;0;1;0;1;0;0;0;POINT (13.303436 52.64124546)
3;2018;10;6;5;3;5;3;2;0;1;0;0;0;1;0;POINT (13.42906464 52.55632101)
2;2018;10;13;2;3;0;3;0;0;1;0;1;0;0;0;POINT (13.43034161 52.49943568)
1;2018;10;3;5;3;0;1;2;1;0;0;0;0;0;0;POINT (13.39260537 52.52448013)
8;2018;10;6;5;3;2;1;1;0;1;0;1;0;0;0;POINT (13.43387473 52.46539022)
7;2018;10;8;2;3;6;2;0;0;1;1;0;0;0;0;POINT (13.35015632 52.41438628)
4;2018;10;16;5;3;2;6;0;0;1;0;0;0;0;0;POINT (13.25921832 52.51722257)
1;2018;10;0;5;3;5;3;2;0;1;0;0;0;0;0;POINT (13.39255415 52.54249376)
4;2018;10;11;1;3;5;2;0;1;1;0;0;0;0;0;POINT (13.31941936 52.49223593)
2;2018;10;17;5;3;5;3;0;1;0;0;0;0;1;0;POINT (13.41990768 52.5022866)
12;2018;10;10;5;3;5;2;0;0;1;0;0;0;1;0;POINT (13.31370971 52.57608899)
3;2018;10;18;1;3;5;3;0;1;1;0;0;0;0;0;POINT (13.42100066 52.56369263)
7;2018;10;15;4;3;5;2;0;1;1;0;0;0;0;0;POINT (13.335131 52.47136336)
1;2018;10;17;5;3;5;2;0;0;1;0;0;0;0;0;POINT (13.3391659 52.55038876)
1;2018;10;10;4;3;7;7;0;1;0;0;0;0;0;0;POINT (13.36218723 52.5496204)