bez;ujahr;umonat;ustunde;uwochentag;ukategorie;uart;utyp1;ulichtverh;istrad;istpkw;istfuss;istkrad;istgkfz;istsonstige;ustrzustand;geometry
2;2018;11;8;1;3;5;3;0;0;1;0;0;0;0;0;POINT (13.41405887 52.50041381)
10;2018;10;10;2;3;2;6;0;0;1;0;0;0;1;0;POINT (13.6046278 52.53688641)
6;2018;11;7;1;2;6;4;0;0;1;1;0;0;0;0;POINT (13.35764862 52.42288198)
1;2018;10;18;3;3;1;5;0;1;1;0;0;0;0;0;POINT (13.40949737 52.51120835)
9;2018;10;9;2;3;5;3;0;1;1;0;0;0;0;0;POINT (13.51168905 52.44534428)
6;2018;10;9;2;3;2;6;0;0;1;0;0;0;0;0;POINT (13.35701786 52.44529186)
4;2018;10;10;3;3;5;2;0;1;1;0;0;0;0;0;POINT (13.3194416 52.50165006)
3;2018;10;7;2;3;5;3;0;1;0;0;1;0;0;0;POINT (13.49935831 52.63497795)
12;2018;11;6;1;3;6;7;0;1;1;1;0;0;0;0;POINT (13.31864834 52.62613426)
5;2018;10;16;3;3;1;5;0;0;1;0;0;0;0;0;POINT (13.19001413 52.53844896)
1;2018;10;9;2;2;2;6;0;0;0;0;1;1;0;0;POINT (13.34404401 52.54648544)
8;2018;10;9;3;3;5;3;0;0;1;0;1;0;0;0;POINT (13.43694374 52.46525447)
12;2018;11;16;1;3;6;2;0;0;1;1;0;0;0;0;POINT (13.28697852 52.58629099)
1;2018;10;8;2;3;0;5;0;1;0;0;0;0;1;1;POINT (13.41672824 52.52378128)
1;2018;11;7;1;3;3;6;0;0;1;0;0;1;0;0;POINT (13.39705299 52.53690304)
7;2018;10;10;3;2;6;2;0;0;1;1;0;0;0;0;POINT (13.34977321 52.50050549)
8;2018;11;9;1;2;5;3;0;0;1;1;0;0;1;0;POINT (13.45011283 52.46860912)
4;2018;10;7;2;3;6;4;0;0;1;1;0;0;0;0;POINT (13.32642982 52.50266948)
12;2018;11;19;7;2;3;6;1;1;1;0;0;0;0;0;POINT (13.29981828 52.62303834)
9;2018;10;10;3;3;2;6;0;0;1;0;0;0;0;1;POINT (13.55799094 52.45571131)
8;2018;10;7;2;3;6;2;0;0;0;1;0;0;1;1;POINT (13.49784591 52.41881976)
1;2018;10;7;2;3;5;3;0;0;1;0;1;0;0;1;POINT (13.34644851 52.52493734)
12;2018;10;10;3;3;3;2;0;1;0;0;0;0;1;1;POINT (13.29187435 52.57995847)
4;2018;10;6;2;3;0;5;2;0;1;0;1;0;0;1;POINT (13.32550055 52.5216823)
2;2018;11;17;7;3;3;6;1;0;1;0;0;0;0;0;POINT (13.45014098 52.50747443)
4;2018;10;23;2;3;5;3;2;0;1;0;0;0;0;1;POINT (13.3202489 52.48653804)
8;2018;11;17;7;2;6;4;1;0;1;1;0;0;0;0;POINT (13.42537226 52.4759259)
3;2018;10;18;3;3;5;2;1;1;1;0;0;0;0;0;POINT (13.43114649 52.61212947)
9;2018;10;6;2;3;5;3;1;1;1;0;0;0;0;1;POINT (13.51205578 52.4644381)
3;2018;10;8;2;3;3;6;0;1;1;0;0;0;0;1;POINT (13.41065228 52.53945987)
3;2018;10;21;2;3;4;6;2;0;1;0;0;0;1;0;POINT (13.46253759 52.55874319)
7;2018;11;16;7;3;5;2;0;0;1;0;0;0;1;0;POINT (13.41635788 52.4515524)
11;2018;10;20;2;3;6;7;1;0;1;1;0;0;0;0;POINT (13.51886106 52.51348734)
11;2018;10;18;3;3;2;6;1;0;1;0;0;0;0;0;POINT (13.51499588 52.56686804)
2;2018;11;14;7;2;5;3;0;1;1;0;0;0;0;0;POINT (13.44528107 52.52339184)
7;2018;10;19;2;3;2;6;2;0;1;0;0;0;0;1;POINT (13.37627739 52.40903708)
8;2018;11;13;7;3;5;3;0;1;1;0;0;0;0;0;POINT (13.45081181 52.48656903)
1;2018;10;18;3;2;5;3;1;0;1;0;1;0;0;0;POINT (13.36916543 52.55949312)
6;2018;11;11;7;2;1;5;0;0;1;0;0;0;0;0;POINT (13.29238206 52.4470053)
4;2018;10;19;2;3;5;7;2;0;1;0;0;0;0;1;POINT (13.331102 52.50216541)
1;2018;11;17;7;3;9;1;1;0;0;0;1;0;0;0;POINT (13.37971309 52.52623206)
4;2018;10;18;3;2;6;4;1;0;1;1;0;0;0;0;POINT (13.31082778 52.49525223)
1;2018;10;19;2;3;5;7;2;1;1;0;0;0;0;1;POINT (13.41672248 52.51150885)
7;2018;10;18;3;3;1;5;1;1;1;0;0;0;1;0;POINT (13.3843831 52.41135452)
2;2018;11;6;7;3;9;1;1;0;1;0;0;0;0;1;POINT (13.39499296 52.49610065)
1;2018;10;17;3;3;6;2;0;0;1;1;0;0;0;0;POINT (13.3644453 52.54953462)
2;2018;10;19;2;3;0;4;2;1;0;1;0;0;0;1;POINT (13.39142902 52.48944605)
7;2018;10;17;3;3;2;6;0;0;1;0;0;0;1;0;POINT (13.3793351 52.44635333)
1;2018;11;4;7;3;0;1;2;1;0;0;0;0;0;0;POINT (13.42829504 52.50743641)
4;2018;10;17;3;3;2;6;0;0;1;0;0;0;0;0;POINT (13.3020622 52.50775338)
6;2018;10;19;2;3;1;7;2;0;1;0;0;0;1;1;POINT (13.34514616 52.43695019)
3;2018;10;16;3;3;5;3;0;1;1;0;0;0;0;0;POINT (13.38976868 52.57429345)
12;2018;11;3;7;3;9;1;2;0;1;0;0;0;0;0;POINT (13.37006623 52.61480265)
6;2018;10;18;2;2;6;4;2;1;0;1;0;0;0;1;POINT (13.32304259 52.46466151)
3;2018;11;15;6;3;2;6;0;0;1;0;0;0;0;0;POINT (13.40785865 52.55101194)
11;2018;10;15;3;3;5;7;0;0;1;0;0;0;0;0;POINT (13.50285164 52.526298)
4;2018;11;20;6;2;5;3;2;0;1;0;1;0;0;0;POINT (13.31373472 52.51809735)
2;2018;10;18;2;3;5;2;2;0;1;0;0;0;0;1;POINT (13.45887045 52.51142265)
2;2018;11;15;6;3;5;3;0;0;1;0;1;0;0;0;POINT (13.4133676 52.50298245)
3;2018;10;14;3;3;2;6;0;0;1;0;0;0;0;0;POINT (13.39982913 52.56874567)
4;2018;10;17;2;3;5;2;2;1;1;0;0;0;0;1;POINT (13.33443912 52.4984697)
11;2018;10;14;3;3;3;6;0;0;1;0;0;1;0;0;POINT (13.46835557 52.53137886)
2;2018;11;14;6;2;0;1;0;1;0;0;0;0;0;0;POINT (13.46021448 52.51533174)
4;2018;10;14;3;2;6;4;0;0;1;1;0;0;0;0;POINT (13.31898851 52.4996672)
4;2018;10;18;2;3;2;6;2;1;1;0;0;0;0;1;POINT (13.2695155 52.48091353)
1;2018;11;13;6;3;5;3;0;1;1;0;0;0;0;0;POINT (13.33473236 52.51145623)
4;2018;10;13;3;3;6;7;0;0;1;1;0;0;0;0;POINT (13.32245285 52.50511544)
4;2018;11;13;6;3;5;7;0;1;1;0;0;0;0;0;POINT (13.3136223 52.50623757)
5;2018;10;18;2;3;5;3;2;0;1;0;0;0;0;1;POINT (13.19779853 52.53503594)
6;2018;11;11;6;3;5;3;0;1;1;0;0;0;0;0;POINT (13.26793322 52.44546304)
5;2018;10;13;3;3;5;3;0;1;1;0;0;0;0;0;POINT (13.16003077 52.56454327)
3;2018;10;10;2;2;5;2;0;0;1;0;1;0;0;0;POINT (13.41485793 52.5896411)
2;2018;10;12;3;2;6;2;0;0;1;1;0;0;0;0;POINT (13.4375318 52.50029114)
1;2018;10;18;2;3;2;6;0;0;1;0;0;0;0;1;POINT (13.38045868 52.54340923)
1;2018;11;11;6;3;5;2;0;1;1;0;0;0;0;0;POINT (13.37662719 52.50939013)
1;2018;10;12;3;3;5;2;0;1;1;0;0;0;0;0;POINT (13.40365447 52.52598069)
2;2018;10;18;2;3;5;3;2;1;1;0;0;0;0;0;POINT (13.42155444 52.50448547)
2;2018;11;10;6;3;5;2;0;1;1;0;0;0;0;0;POINT (13.38248179 52.50446262)
12;2018;10;12;3;3;6;7;0;1;0;1;0;0;0;0;POINT (13.32676307 52.6255547)
1;2018;10;18;2;3;6;4;2;0;1;1;0;0;0;1;POINT (13.35221245 52.55027503)
1;2018;10;12;3;3;6;4;0;0;1;1;0;0;0;0;POINT (13.35377025 52.54920882)
1;2018;11;8;6;3;1;5;0;0;1;0;0;0;1;0;POINT (13.39017704 52.56277402)
7;2018;10;10;3;3;3;6;0;0;1;0;1;0;0;1;POINT (13.36618128 52.49342829)
5;2018;10;12;2;3;2;6;0;0;1;0;1;0;0;0;POINT (13.17809466 52.52516086)
1;2018;11;12;6;3;5;7;0;1;0;0;0;0;1;0;POINT (13.36117352 52.55542579)
10;2018;10;11;3;3;5;3;0;0;1;0;0;0;1;1;POINT (13.57736439 52.48669503)
6;2018;11;12;5;3;0;7;0;0;0;0;0;0;1;0;POINT (13.34708073 52.42786291)
11;2018;10;5;2;3;6;2;2;0;1;1;0;0;0;1;POINT (13.47842763 52.51186632)
8;2018;11;17;5;2;5;2;0;0;1;0;1;0;0;0;POINT (13.42808618 52.47341564)
2;2018;10;11;3;2;1;5;0;0;1;0;1;0;0;0;POINT (13.4482771 52.5131701)
6;2018;10;10;2;3;2;6;0;0;1;0;0;0;0;0;POINT (13.30133037 52.45631346)
3;2018;10;8;2;3;5;3;0;0;1;0;0;0;1;1;POINT (13.42849638 52.59950296)
6;2018;10;8;3;3;0;3;0;0;0;0;1;1;0;1;POINT (13.25171746 52.42383115)
8;2018;10;7;2;3;0;4;0;1;0;1;0;0;0;1;POINT (13.45513463 52.47433808)
2;2018;11;20;5;3;2;6;2;0;1;0;0;0;0;0;POINT (13.39166242 52.49738275)
5;2018;10;7;3;3;6;2;0;0;1;1;0;0;0;1;POINT (13.18177735 52.55248578)
1;2018;10;14;2;3;5;2;0;1;0;0;0;1;0;0;POINT (13.37327847 52.55704358)
5;2018;10;7;3;3;6;2;1;0;1;1;0;0;0;1;POINT (13.23263778 52.54064885)
4;2018;11;17;5;3;5;2;2;0;1;0;0;0;0;0;POINT (13.31377108 52.5062296)
1;2018;10;12;2;3;2;6;0;0;1;0;0;0;0;0;POINT (13.34527602 52.53934921)
2;2018;11;22;5;3;2;6;2;0;1;0;0;0;0;0;POINT (13.44044518 52.50483665)
6;2018;10;16;1;3;1;5;0;1;1;0;0;0;0;0;POINT (13.3040066 52.44838448)
8;2018;10;6;3;3;6;2;2;0;1;1;0;0;0;1;POINT (13.45102536 52.43681321)
2;2018;11;19;5;2;6;4;1;0;1;1;0;0;0;0;POINT (13.38396421 52.4948839)
10;2018;10;5;1;3;5;2;2;1;1;0;0;0;0;0;POINT (13.58689958 52.51269083)
7;2018;11;16;5;3;5;2;0;0;1;0;0;0;0;0;POINT (13.39143574 52.45301031)
10;2018;10;5;3;2;5;3;2;1;1;0;0;0;0;1;POINT (13.59639421 52.51883456)
1;2018;11;15;5;3;2;6;0;0;1;0;0;0;0;0;POINT (13.33006115 52.52379167)
9;2018;10;17;1;3;6;2;2;0;1;1;0;0;0;1;POINT (13.58430053 52.46420415)
6;2018;11;15;5;3;5;2;0;1;1;0;0;0;0;0;POINT (13.33454721 52.46412355)
11;2018;10;4;3;3;5;2;2;0;1;0;0;0;0;1;POINT (13.49973536 52.53427392)
1;2018;10;21;1;3;6;4;2;0;1;1;0;0;0;0;POINT (13.37341215 52.5569361)
1;2018;10;20;1;3;0;5;2;1;1;0;0;0;0;1;POINT (13.40030932 52.52958303)
8;2018;10;9;2;3;5;3;0;1;0;0;0;0;0;0;POINT (13.45585387 52.48170734)
2;2018;10;20;1;3;1;5;2;0;1;0;0;0;0;1;POINT (13.38424678 52.48498812)
1;2018;11;15;5;3;5;3;0;0;1;0;0;0;0;0;POINT (13.35922342 52.54646152)
9;2018;10;20;2;3;5;2;2;1;1;0;0;0;0;1;POINT (13.52272421 52.43277454)
2;2018;10;18;1;3;5;3;1;0;1;0;0;0;0;1;POINT (13.42976847 52.49826054)
3;2018;10;20;2;3;5;7;2;1;1;0;0;0;0;1;POINT (13.43876961 52.55536438)
8;2018;11;14;5;3;2;6;0;0;1;0;0;0;0;0;POINT (13.43555078 52.44965889)
9;2018;10;18;1;2;5;2;2;0;1;0;0;0;1;1;POINT (13.63126261 52.45835538)
1;2018;11;14;5;3;2;6;0;0;1;0;0;0;0;0;POINT (13.33774942 52.54317146)
1;2018;10;22;2;3;5;7;2;0;1;0;1;0;0;1;POINT (13.33039954 52.52659521)
1;2018;11;19;5;3;5;3;2;0;1;0;0;0;0;0;POINT (13.3707087 52.52351469)
1;2018;10;18;1;3;3;6;1;0;1;0;0;1;0;1;POINT (13.34283261 52.52501823)
7;2018;11;9;5;3;0;2;0;1;0;0;1;0;0;0;POINT (13.37102577 52.49263224)
9;2018;10;22;2;3;5;3;2;0;1;0;0;0;0;1;POINT (13.52142098 52.4663407)
12;2018;10;21;2;3;2;6;2;0;1;0;0;0;0;1;POINT (13.29760787 52.62681515)
4;2018;11;8;5;3;2;6;0;0;1;0;1;0;0;0;POINT (13.30618311 52.52419286)
9;2018;11;8;5;3;5;3;0;1;1;0;0;0;0;0;POINT (13.50021542 52.44128345)
12;2018;10;20;2;3;8;1;2;0;1;0;0;0;0;1;POINT (13.29137593 52.60688857)
6;2018;10;18;1;3;2;6;1;0;1;0;0;0;0;1;POINT (13.31768676 52.46110781)
11;2018;10;20;2;3;6;2;2;0;1;1;0;0;0;1;POINT (13.49441412 52.56908013)
1;2018;10;18;1;3;0;5;1;0;1;0;1;0;0;1;POINT (13.37462111 52.54027231)
9;2018;11;3;5;3;9;1;2;0;1;0;0;0;0;1;POINT (13.49761025 52.45804086)
7;2018;10;19;2;3;5;7;2;0;1;0;0;0;0;1;POINT (13.38086067 52.44213628)
3;2018;10;17;1;3;2;6;1;0;1;0;0;0;0;1;POINT (13.44391883 52.56529035)
7;2018;10;18;2;3;6;2;2;0;1;1;0;0;0;1;POINT (13.41953874 52.39471803)
8;2018;11;13;5;3;5;3;0;1;1;0;0;0;0;0;POINT (13.48217349 52.42548839)
1;2018;10;17;1;3;5;7;1;0;1;0;1;0;0;1;POINT (13.35274961 52.54314994)
4;2018;11;12;5;2;2;6;0;0;1;0;0;0;0;0;POINT (13.32467675 52.49909328)
12;2018;10;18;2;2;6;4;2;0;1;1;0;0;0;1;POINT (13.3702281 52.57466759)
3;2018;10;16;1;3;2;6;2;0;1;0;0;0;0;1;POINT (13.38993974 52.57422845)
5;2018;11;11;5;3;5;7;0;1;1;0;0;0;0;0;POINT (13.15676218 52.55760401)
4;2018;10;18;2;3;5;2;2;1;1;0;0;0;0;1;POINT (13.31437405 52.47210591)
3;2018;10;14;1;2;6;4;0;0;1;1;0;0;0;0;POINT (13.42992895 52.55144566)
4;2018;10;18;2;3;6;2;2;0;1;1;0;0;0;1;POINT (13.29023485 52.47527393)
6;2018;11;10;5;3;6;2;0;0;0;1;0;0;1;0;POINT (13.32066404 52.4567457)
1;2018;10;17;2;3;5;2;1;1;1;0;0;0;0;1;POINT (13.41822694 52.51736022)
5;2018;10;14;1;2;5;3;0;1;1;0;0;0;0;0;POINT (13.26238949 52.54132075)
9;2018;11;10;5;2;5;2;0;0;1;0;0;0;0;0;POINT (13.52667006 52.42879278)
1;2018;10;16;2;3;6;4;1;0;1;1;0;0;0;1;POINT (13.38627026 52.54958449)
8;2018;10;14;1;3;5;3;0;1;1;0;0;0;0;0;POINT (13.45398237 52.46920496)
1;2018;10;16;2;3;5;3;2;0;1;0;0;0;0;1;POINT (13.3989814 52.50822967)
8;2018;11;20;5;3;0;2;2;0;0;1;0;0;1;0;POINT (13.44817269 52.47763168)
6;2018;10;16;2;3;5;3;0;0;1;0;1;0;0;1;POINT (13.33130105 52.44350846)
4;2018;10;13;1;2;2;6;0;0;1;0;1;0;0;0;POINT (13.29316961 52.53448869)
4;2018;11;9;5;3;2;2;0;0;1;0;0;0;0;0;POINT (13.3069201 52.51355261)
2;2018;10;14;2;3;2;6;0;1;0;0;0;0;0;1;POINT (13.47087192 52.51535307)
1;2018;11;9;5;3;2;6;0;0;1;0;0;0;0;0;POINT (13.35843486 52.50681585)
3;2018;10;13;1;3;5;3;0;0;1;0;1;0;0;0;POINT (13.42619294 52.54866478)
2;2018;11;8;5;3;2;6;0;1;1;0;0;0;0;0;POINT (13.42056933 52.50309824)
7;2018;10;11;2;3;0;1;0;0;0;0;1;0;0;1;POINT (13.37164975 52.46949272)
1;2018;10;12;1;3;2;6;0;0;1;0;0;0;1;0;POINT (13.3717397 52.50948563)
8;2018;10;15;2;2;2;6;0;0;1;0;0;0;0;1;POINT (13.45511716 52.45304046)
4;2018;10;9;1;3;5;3;0;0;1;0;0;0;0;0;POINT (13.2943457 52.49162887)
1;2018;10;15;2;3;1;5;0;0;1;0;0;0;1;1;POINT (13.36364364 52.55629203)
6;2018;11;23;4;3;1;1;2;0;1;0;0;0;1;0;POINT (13.33284049 52.4576611)
7;2018;10;14;2;3;5;3;0;1;1;0;0;0;0;1;POINT (13.39284859 52.41730268)
9;2018;10;21;1;2;8;1;2;0;1;0;0;0;0;1;POINT (13.55204189 52.4148144)
2;2018;11;23;4;3;6;7;2;1;0;1;0;0;0;0;POINT (13.46562475 52.50470417)
10;2018;10;14;2;3;5;3;0;0;1;0;1;0;0;1;POINT (13.55456774 52.50372176)
2;2018;11;22;4;3;5;3;2;1;0;0;0;0;1;0;POINT (13.45356431 52.51413557)
2;2018;10;17;1;3;0;1;1;1;0;0;0;0;0;1;POINT (13.45489049 52.51377016)
1;2018;11;19;4;3;1;5;2;1;1;0;0;0;0;0;POINT (13.3998519 52.50926232)
4;2018;10;14;2;3;1;3;0;0;1;0;0;0;0;1;POINT (13.27865515 52.47489871)
2;2018;10;8;1;3;5;3;0;0;1;0;1;0;0;0;POINT (13.45774103 52.50951917)
10;2018;10;6;1;2;5;3;1;0;1;0;1;0;0;0;POINT (13.62697185 52.52997833)
4;2018;11;19;4;3;5;3;2;0;1;0;0;0;0;0;POINT (13.33682046 52.50079044)
9;2018;10;2;1;2;7;7;2;0;1;0;0;0;0;1;POINT (13.62391589 52.42501178)
1;2018;11;18;4;2;5;3;2;0;1;0;1;0;0;0;POINT (13.37705357 52.50853889)
11;2018;10;13;2;3;5;3;0;0;0;0;0;0;1;1;POINT (13.51947479 52.54626238)
8;2018;10;19;7;3;5;7;1;0;1;0;1;0;0;1;POINT (13.43479581 52.46168415)
1;2018;10;17;7;3;1;5;1;1;1;0;0;0;0;0;POINT (13.35741127 52.5414767)
7;2018;10;13;2;3;8;1;0;0;1;0;0;0;0;1;POINT (13.37662336 52.40858137)
6;2018;10;17;7;2;6;4;1;0;0;1;0;0;1;1;POINT (13.19283665 52.43242774)
4;2018;11;18;4;3;0;3;2;0;1;0;0;0;1;0;POINT (13.31503808 52.5009436)
8;2018;10;13;2;3;1;5;0;0;1;0;0;0;0;1;POINT (13.42875549 52.47222494)
8;2018;10;17;7;3;5;3;1;0;1;0;1;0;0;0;POINT (13.44286042 52.48390813)
2;2018;10;13;2;2;3;1;0;1;1;0;0;0;0;1;POINT (13.42887431 52.51936799)
6;2018;11;17;4;3;2;2;2;0;1;1;0;0;0;0;POINT (13.32478471 52.45820415)
1;2018;10;14;7;3;1;5;0;1;0;0;0;0;1;0;POINT (13.37892311 52.5133472)
11;2018;11;17;4;2;5;3;2;1;0;0;0;0;1;0;POINT (13.46980549 52.53170185)
10;2018;10;13;2;2;0;2;0;1;1;0;0;0;0;1;POINT (13.56565068 52.52898018)
4;2018;11;16;4;3;2;6;1;0;1;0;0;0;0;0;POINT (13.30174772 52.51078053)
8;2018;10;12;7;2;3;6;0;1;1;0;0;0;0;0;POINT (13.48216158 52.41136427)
3;2018;11;16;4;3;5;3;1;0;1;0;0;0;0;0;POINT (13.47381849 52.56735104)
8;2018;10;13;2;2;0;6;0;0;1;0;1;0;0;1;POINT (13.48808824 52.42188477)
1;2018;10;21;7;2;5;3;2;0;1;0;0;0;0;1;POINT (13.35978724 52.52346608)
4;2018;10;21;7;2;6;2;2;0;1;1;0;0;0;1;POINT (13.31303724 52.50043874)
12;2018;10;12;2;3;4;6;0;0;1;0;0;0;1;1;POINT (13.29168446 52.60730895)
3;2018;10;18;7;3;2;2;1;0;1;0;0;0;0;0;POINT (13.43049892 52.55177053)
7;2018;11;8;4;3;5;3;0;0;1;0;0;0;0;0;POINT (13.37676938 52.45431211)
12;2018;10;12;2;3;3;6;0;0;1;0;0;0;0;1;POINT (13.33131001 52.56224375)
1;2018;10;16;7;3;0;1;0;1;0;0;0;0;0;0;POINT (13.39443096 52.52868468)
3;2018;10;11;2;2;0;7;0;0;1;0;0;0;0;1;POINT (13.40209399 52.55133595)
1;2018;11;16;4;3;0;1;0;1;0;0;0;0;0;0;POINT (13.38599367 52.52820779)
1;2018;10;11;2;3;1;5;0;1;1;0;0;0;0;1;POINT (13.38025841 52.51905317)
7;2018;10;11;7;3;8;1;0;0;1;0;0;0;0;0;POINT (13.37536853 52.42599254)
9;2018;11;16;4;3;2;6;0;0;1;0;0;0;0;0;POINT (13.54829032 52.42744538)
4;2018;10;10;2;3;2;2;0;1;1;0;0;0;0;1;POINT (13.31540306 52.48654879)
12;2018;10;10;7;3;7;7;0;0;0;0;0;0;1;0;POINT (13.35457871 52.60506693)
6;2018;10;9;2;3;2;6;0;0;1;0;0;0;0;1;POINT (13.3150705 52.43061829)
3;2018;11;15;4;2;5;7;0;0;1;0;1;0;0;0;POINT (13.4097868 52.5626826)
1;2018;10;10;7;3;5;3;0;1;1;0;0;0;0;0;POINT (13.42831564 52.50730349)
7;2018;11;15;4;3;1;5;0;0;1;0;0;0;0;0;POINT (13.3467261 52.49601906)
4;2018;10;9;2;3;5;3;0;0;0;0;1;0;0;1;POINT (13.29638681 52.48553797)
8;2018;11;14;4;3;5;2;0;1;0;0;0;0;1;0;POINT (13.43263433 52.47834518)
2;2018;10;1;7;3;5;3;2;0;1;0;0;0;0;0;POINT (13.39940741 52.50456512)
7;2018;11;13;4;3;5;2;0;0;1;0;0;0;0;0;POINT (13.4012427 52.41449283)
11;2018;10;8;2;3;2;6;0;0;1;0;0;0;0;0;POINT (13.47947347 52.53332399)
8;2018;10;0;7;3;6;4;2;0;1;1;0;0;0;0;POINT (13.42903573 52.49136787)
10;2018;10;7;2;3;5;3;1;1;1;0;0;0;0;1;POINT (13.58951086 52.51663587)
10;2018;11;9;4;3;1;5;0;0;1;0;0;0;1;0;POINT (13.61135944 52.51442945)
4;2018;11;17;6;3;6;4;2;0;0;1;1;0;0;0;POINT (13.31925594 52.51358777)
4;2018;11;19;2;3;2;6;2;0;1;0;0;0;0;1;POINT (13.33102497 52.49061162)
8;2018;11;16;6;3;5;7;1;0;1;0;1;0;0;0;POINT (13.45543959 52.44179053)
6;2018;11;15;2;3;2;5;0;0;1;0;0;0;1;1;POINT (13.32050206 52.43460241)
9;2018;11;15;6;3;6;4;0;0;1;1;0;0;0;0;POINT (13.54269149 52.40326492)
3;2018;11;9;1;3;5;3;0;0;0;0;1;0;1;0;POINT (13.44018853 52.54859094)
8;2018;11;15;6;3;5;2;0;0;1;0;1;0;0;0;POINT (13.45614852 52.48417195)
5;2018;11;5;1;3;2;6;2;0;1;0;0;0;0;1;POINT (13.23023161 52.53808504)
1;2018;11;14;6;3;0;1;0;1;0;0;0;0;0;0;POINT (13.35237449 52.50641277)
5;2018;11;16;2;3;5;3;1;1;1;0;0;0;0;1;POINT (13.19114884 52.55001319)
3;2018;11;13;6;3;2;6;0;0;1;0;1;0;0;0;POINT (13.43018287 52.588276)
7;2018;11;8;2;3;2;6;0;0;1;0;0;0;0;1;POINT (13.34991478 52.41433227)
3;2018;11;13;6;3;5;3;0;1;1;0;0;0;0;0;POINT (13.42859673 52.58313326)
12;2018;11;12;6;3;2;6;0;0;1;0;0;0;0;0;POINT (13.28514934 52.59473788)
10;2018;11;14;2;3;2;6;0;0;1;0;1;0;0;1;POINT (13.56970896 52.56080015)
1;2018;11;12;6;3;5;3;0;0;1;0;0;0;0;0;POINT (13.33877808 52.55956635)
5;2018;11;17;7;2;0;1;1;0;0;0;1;0;0;1;POINT (13.19963824 52.55220038)
2;2018;11;17;7;2;0;5;2;0;1;0;1;0;0;1;POINT (13.42154399 52.50447082)
12;2018;11;11;6;3;5;3;0;1;1;0;0;0;0;0;POINT (13.24919216 52.55221515)
7;2018;11;20;7;3;0;7;2;1;0;0;0;0;0;0;POINT (13.34159378 52.49604309)
12;2018;11;7;6;3;5;3;0;0;1;0;0;0;0;0;POINT (13.36287547 52.56662401)
3;2018;11;10;6;3;5;3;0;1;1;0;0;0;0;0;POINT (13.41296405 52.56505657)
8;2018;11;12;2;2;2;6;0;0;1;0;0;0;0;1;POINT (13.4562225 52.47378016)
8;2018;11;11;6;3;0;3;0;1;1;0;0;0;0;0;POINT (13.46302905 52.46951518)
9;2018;11;11;6;3;5;2;0;0;1;0;0;0;1;1;POINT (13.57102605 52.39003072)
2;2018;11;8;2;3;5;2;0;1;1;0;0;0;0;1;POINT (13.43308399 52.51874056)
1;2018;11;11;6;3;2;6;0;0;1;0;0;0;0;0;POINT (13.35044062 52.51358413)
2;2018;11;21;6;3;5;3;2;0;1;0;0;0;0;0;POINT (13.39286854 52.50426523)
6;2018;11;18;5;3;2;7;2;0;1;0;1;0;0;0;POINT (13.25383667 52.45399609)
3;2018;11;7;5;3;5;3;0;0;1;0;0;0;0;0;POINT (13.4946544 52.61268261)
1;2018;11;7;5;3;0;2;0;1;0;0;0;0;1;1;POINT (13.3532769 52.50206098)
4;2018;11;13;5;3;1;5;0;1;1;0;0;0;0;0;POINT (13.30232116 52.50654818)
2;2018;11;9;2;3;5;3;0;1;1;0;0;0;0;1;POINT (13.39088639 52.4923089)
1;2018;11;21;5;3;3;6;2;0;1;0;1;0;0;0;POINT (13.33882251 52.52651324)
9;2018;11;19;5;3;4;2;2;1;1;0;0;0;0;0;POINT (13.57716479 52.45577233)
4;2018;11;0;1;3;2;6;2;0;1;0;0;0;0;1;POINT (13.29180274 52.49737079)
2;2018;11;8;5;3;0;2;0;1;0;0;0;0;1;1;POINT (13.38798819 52.49298276)
8;2018;11;18;5;2;1;5;2;0;1;0;0;0;0;0;POINT (13.43502695 52.43201339)
4;2018;11;9;5;3;6;4;0;0;1;1;0;0;0;1;POINT (13.29474218 52.47417966)
1;2018;11;7;2;3;6;4;2;0;1;1;0;0;0;1;POINT (13.38939424 52.5138855)
2;2018;11;9;5;3;0;1;0;1;0;0;0;0;0;1;POINT (13.43294615 52.51807706)
1;2018;11;15;5;3;5;3;0;0;1;0;0;0;0;0;POINT (13.39195725 52.50965942)
7;2018;11;7;2;3;5;3;0;0;1;0;1;0;0;1;POINT (13.36016299 52.41792117)
4;2018;11;9;5;3;5;3;0;1;1;0;0;0;0;1;POINT (13.33149817 52.48392089)
7;2018;11;15;5;3;8;1;0;0;1;0;0;0;0;0;POINT (13.39236469 52.39725635)
3;2018;11;18;1;2;6;4;2;0;1;1;0;0;0;0;POINT (13.44113812 52.55160166)
6;2018;11;8;5;3;2;6;0;0;1;0;0;1;0;1;POINT (13.29922643 52.41225392)
1;2018;11;15;1;3;0;5;0;1;1;0;0;0;0;0;POINT (13.39737248 52.53480902)
11;2018;11;17;7;2;3;6;1;0;1;0;0;1;0;1;POINT (13.48936012 52.53390403)