bez;ujahr;umonat;ustunde;uwochentag;ukategorie;uart;utyp1;ulichtverh;istrad;istpkw;istfuss;istkrad;istgkfz;istsonstige;ustrzustand;geometry
8;2018;11;15;5;3;6;7;0;0;1;1;0;0;0;0;POINT (13.45590669 52.4303959)
7;2018;11;18;2;3;5;3;2;1;1;0;0;0;0;1;POINT (13.34790492 52.41458565)
4;2018;11;8;5;3;5;3;0;0;1;0;0;0;0;1;POINT (13.26701133 52.51430904)
4;2018;11;14;2;3;2;6;0;0;1;0;0;0;0;1;POINT (13.29721767 52.52638004)
11;2018;11;15;5;3;5;3;0;0;1;0;0;0;0;0;POINT (13.50029568 52.50509667)
11;2018;11;17;7;3;5;3;1;0;1;0;0;0;0;1;POINT (13.50305907 52.50674037)
8;2018;11;17;7;3;5;3;1;0;1;0;0;0;0;1;POINT (13.4352312 52.47053642)
6;2018;11;8;5;3;5;2;0;0;1;0;0;0;0;1;POINT (13.24016759 52.44272079)
7;2018;11;13;1;3;3;6;0;0;1;0;0;0;0;0;POINT (13.37790483 52.47192781)
3;2018;11;8;5;3;1;5;0;1;1;0;0;0;0;1;POINT (13.45060233 52.54979651)
4;2018;11;11;1;2;5;2;0;0;1;0;1;0;0;1;POINT (13.28115415 52.48205662)
2;2018;11;18;7;2;6;4;2;0;1;1;0;0;0;1;POINT (13.38712547 52.48935594)
11;2018;11;14;5;3;5;3;0;0;1;0;0;0;0;0;POINT (13.49160502 52.50442936)
9;2018;11;7;1;2;0;1;0;1;0;0;0;0;0;1;POINT (13.57469449 52.42517588)
2;2018;11;14;5;3;6;4;0;0;1;1;0;0;0;0;POINT (13.40630645 52.49832494)
12;2018;11;14;2;3;8;1;0;0;1;0;0;0;0;1;POINT (13.32650187 52.5624749)
7;2018;11;8;5;3;6;2;0;0;1;1;0;0;0;1;POINT (13.33556257 52.47154023)
3;2018;11;13;2;3;2;6;0;0;1;0;0;0;0;1;POINT (13.42878288 52.58154305)
8;2018;11;14;5;3;6;4;0;0;1;1;0;0;0;0;POINT (13.44023928 52.48177013)
1;2018;11;17;7;2;1;5;2;0;1;0;1;0;0;1;POINT (13.35820711 52.54573649)
11;2018;11;6;5;3;2;6;0;0;1;0;0;1;0;1;POINT (13.50715431 52.49680739)
4;2018;11;21;7;3;2;6;2;0;1;0;1;0;0;1;POINT (13.30191596 52.54789843)
1;2018;11;5;5;3;5;3;2;0;1;0;0;0;1;1;POINT (13.39162663 52.51222286)
4;2018;11;13;5;3;5;7;0;0;1;0;0;0;0;0;POINT (13.27534509 52.50130682)
5;2018;11;12;2;2;5;7;0;0;1;0;0;0;0;1;POINT (13.15635218 52.55886662)
4;2018;11;7;5;3;1;5;1;1;1;0;0;0;0;1;POINT (13.33266071 52.51191599)
4;2018;11;13;5;3;2;6;0;1;1;0;0;0;0;0;POINT (13.30655949 52.50063657)
8;2018;11;14;2;3;0;4;0;1;0;1;0;0;0;1;POINT (13.43629738 52.45801457)
4;2018;11;1;5;3;0;1;2;1;0;0;0;0;0;0;POINT (13.31825106 52.50149763)
5;2018;11;12;5;3;4;6;0;1;0;0;0;0;0;0;POINT (13.19505373 52.52800394)
3;2018;11;12;2;3;0;7;0;0;1;0;0;0;0;1;POINT (13.44430682 52.57346246)
1;2018;11;5;5;3;2;6;1;0;1;0;1;0;0;1;POINT (13.35838713 52.55357551)
5;2018;11;8;2;2;6;2;0;0;1;1;0;0;0;1;POINT (13.19816835 52.53281904)
4;2018;11;12;5;3;5;2;0;0;1;0;0;0;1;1;POINT (13.30798096 52.48864351)
4;2018;11;12;5;3;5;2;0;0;1;0;0;0;0;1;POINT (13.28094576 52.47690464)
8;2018;11;11;5;3;5;3;0;0;1;0;0;0;0;0;POINT (13.43259878 52.46948054)
9;2018;11;11;5;3;5;2;0;0;1;0;0;0;0;0;POINT (13.52665602 52.42648641)
6;2018;11;7;2;3;6;4;0;0;1;1;0;0;0;1;POINT (13.24063565 52.44247556)
3;2018;11;10;5;3;5;3;0;0;1;0;0;0;0;0;POINT (13.46560113 52.5233833)
2;2018;11;13;5;3;0;7;0;0;1;0;0;0;0;0;POINT (13.37890364 52.49237099)
8;2018;11;15;7;3;0;1;0;0;1;0;0;0;0;1;POINT (13.42112016 52.48021285)
7;2018;11;19;7;3;8;1;2;0;1;0;0;0;0;1;POINT (13.3540476 52.49988158)
5;2018;11;19;1;3;5;2;1;0;1;0;0;0;0;0;POINT (13.24774907 52.5381124)
1;2018;11;18;5;3;2;6;2;0;1;0;0;0;0;0;POINT (13.38344206 52.55126509)
5;2018;11;16;1;3;5;2;1;1;1;0;0;0;0;0;POINT (13.18512849 52.53800195)
1;2018;11;17;5;3;3;6;2;1;1;0;0;0;0;0;POINT (13.38435207 52.55090391)
10;2018;11;17;5;3;2;6;2;0;1;0;0;0;0;0;POINT (13.51927801 52.53060901)
1;2018;11;17;2;3;3;6;2;1;0;0;0;0;1;0;POINT (13.36774683 52.49904981)
2;2018;11;7;2;3;5;2;0;0;1;0;1;0;0;1;POINT (13.43289037 52.52334275)
8;2018;11;8;5;3;0;2;0;1;1;0;0;0;0;0;POINT (13.43288637 52.46468323)
7;2018;11;18;4;3;1;5;2;1;1;0;0;0;0;0;POINT (13.34386295 52.46972893)
1;2018;11;15;7;3;1;1;0;0;1;0;1;0;0;1;POINT (13.36354034 52.55664268)
7;2018;11;12;1;3;5;3;0;0;1;0;0;0;1;0;POINT (13.39978677 52.4643032)
11;2018;11;22;4;3;5;3;2;0;1;0;0;0;1;0;POINT (13.51235545 52.56286157)
6;2018;11;14;1;3;2;6;0;0;1;0;0;0;0;0;POINT (13.32081386 52.45711815)
12;2018;11;17;7;3;5;2;2;0;1;0;0;0;0;1;POINT (13.3645519 52.56269335)
8;2018;11;21;4;3;1;5;2;1;1;0;0;0;0;0;POINT (13.42595981 52.47804331)
6;2018;11;17;2;2;6;4;2;0;1;1;0;0;0;1;POINT (13.34613981 52.43368438)
4;2018;11;19;4;3;2;6;2;0;1;0;1;0;0;0;POINT (13.29730311 52.54800297)
1;2018;11;13;7;3;5;3;0;0;1;0;0;0;0;1;POINT (13.38647336 52.54941137)
7;2018;11;14;2;3;5;3;0;0;1;0;0;0;0;1;POINT (13.39159581 52.45316205)
8;2018;11;19;4;2;6;4;2;0;1;1;0;0;0;0;POINT (13.45556823 52.47400391)
8;2018;11;19;4;3;0;1;2;1;0;0;0;0;0;0;POINT (13.44651429 52.48652914)
2;2018;11;15;2;3;5;2;0;0;1;0;0;0;0;1;POINT (13.38595072 52.4850313)
2;2018;11;14;4;3;3;6;0;0;1;0;1;0;0;0;POINT (13.3966038 52.5046851)
2;2018;11;13;7;3;5;2;0;1;1;0;0;0;0;1;POINT (13.46393566 52.51300161)
4;2018;11;10;1;3;5;7;0;1;1;0;0;0;0;0;POINT (13.29157335 52.51080874)
8;2018;11;13;4;2;6;4;0;1;0;1;0;0;0;0;POINT (13.50361909 52.42394014)
6;2018;11;6;1;3;5;2;1;0;1;0;0;0;0;1;POINT (13.30516582 52.41778879)
9;2018;11;12;4;2;6;4;0;0;0;1;1;0;0;0;POINT (13.52174343 52.40191468)
1;2018;11;16;2;3;5;3;1;0;1;0;0;0;0;1;POINT (13.33158015 52.52231993)
1;2018;11;19;4;2;3;6;1;0;1;0;1;0;0;0;POINT (13.40070995 52.51012782)
12;2018;11;13;7;3;5;3;0;0;1;0;0;0;0;1;POINT (13.28304416 52.59421399)
2;2018;11;9;2;3;5;2;0;1;1;0;0;0;0;1;POINT (13.37967781 52.49261308)
7;2018;11;19;4;3;5;7;2;1;1;0;0;0;0;0;POINT (13.34498375 52.49032305)
4;2018;11;11;7;3;5;3;0;0;1;0;0;0;0;1;POINT (13.27540525 52.47843858)
4;2018;11;10;4;3;6;4;0;1;0;1;0;0;0;0;POINT (13.30921262 52.49432311)
3;2018;11;18;4;3;1;5;2;1;1;0;0;0;0;0;POINT (13.45910504 52.52103807)
3;2018;11;19;7;3;0;6;2;0;1;0;1;0;0;0;POINT (13.42073704 52.57932189)
3;2018;11;10;4;3;5;3;0;1;1;0;0;0;0;0;POINT (13.41069151 52.55229646)
2;2018;11;18;4;3;2;6;2;0;1;0;0;0;0;0;POINT (13.46224499 52.51990194)
7;2018;11;12;2;3;2;6;0;0;1;0;0;0;0;1;POINT (13.34563535 52.48905968)
5;2018;11;9;4;3;5;2;0;1;1;0;0;0;0;0;POINT (13.15464829 52.46036009)
5;2018;11;8;4;3;3;6;0;0;1;0;1;0;1;0;POINT (13.23403765 52.53861814)
5;2018;11;9;7;2;6;2;0;0;1;1;0;0;0;1;POINT (13.19981718 52.53452548)
1;2018;11;8;2;3;2;6;0;0;1;0;1;0;0;1;POINT (13.34356239 52.54654537)
1;2018;11;8;4;3;0;2;0;1;1;0;0;0;0;0;POINT (13.34319874 52.52823248)
1;2018;11;18;4;3;2;6;2;0;1;0;0;0;0;0;POINT (13.3811264 52.55597467)
5;2018;11;8;4;3;2;6;0;0;1;0;0;0;1;0;POINT (13.17088965 52.51129719)
4;2018;11;7;4;2;5;2;0;0;1;0;0;0;0;1;POINT (13.31276683 52.48045571)
12;2018;11;7;2;3;2;6;0;0;1;0;0;0;0;1;POINT (13.2453983 52.61450197)
7;2018;11;7;4;3;6;4;0;0;1;1;0;0;0;0;POINT (13.41869538 52.39257296)
5;2018;11;17;4;3;5;2;2;1;1;0;0;0;0;0;POINT (13.18318068 52.53982643)
8;2018;11;7;4;2;1;5;0;1;1;0;0;0;0;0;POINT (13.42662893 52.48102187)
5;2018;11;7;4;3;5;3;1;1;1;0;0;0;0;0;POINT (13.19451223 52.53364472)
3;2018;11;10;2;3;5;3;0;0;1;0;0;1;0;1;POINT (13.45773255 52.5288291)
9;2018;11;6;4;3;2;6;2;0;1;0;0;0;0;0;POINT (13.57339211 52.44447357)
6;2018;11;17;4;3;5;3;2;0;1;0;0;0;0;0;POINT (13.33926196 52.45837599)
9;2018;11;9;7;3;5;3;0;1;0;0;0;0;1;1;POINT (13.54353293 52.43379923)
2;2018;11;8;1;3;6;4;1;0;1;1;0;0;0;0;POINT (13.43655342 52.49371762)
3;2018;11;16;4;3;5;2;2;1;1;0;0;0;0;0;POINT (13.47864204 52.5558761)
4;2018;11;15;4;3;2;6;1;0;0;0;1;0;1;0;POINT (13.28084674 52.50701016)
10;2018;11;16;4;3;5;2;2;1;1;0;0;0;0;0;POINT (13.5599853 52.48267105)
9;2018;11;7;2;3;5;3;1;1;1;0;0;0;0;1;POINT (13.55088721 52.43885204)
4;2018;11;10;4;3;0;1;0;0;0;0;1;0;0;0;POINT (13.30007818 52.50675432)
4;2018;11;9;7;3;6;7;0;1;0;1;0;0;0;1;POINT (13.2554936 52.50636396)
4;2018;11;17;1;2;6;4;2;0;1;1;0;0;0;0;POINT (13.33090847 52.50380239)
6;2018;11;16;4;2;5;2;2;0;1;0;1;0;0;1;POINT (13.2505327 52.45201825)
6;2018;11;14;1;2;6;4;1;1;0;1;0;0;0;0;POINT (13.25987301 52.43379867)
2;2018;11;2;7;3;5;7;2;0;1;0;0;0;0;0;POINT (13.44550303 52.50164096)
4;2018;11;13;1;3;6;4;0;1;0;1;0;0;0;1;POINT (13.29975289 52.5192831)
2;2018;11;16;4;3;3;7;2;1;1;0;0;0;0;0;POINT (13.44597147 52.50200507)
11;2018;11;8;1;3;5;2;0;1;0;0;0;1;0;1;POINT (13.48531752 52.52661174)
10;2018;11;16;4;3;0;3;1;0;0;0;0;0;1;0;POINT (13.60257019 52.51035661)
4;2018;11;19;2;3;0;2;2;1;1;0;0;0;0;1;POINT (13.30147044 52.49510969)
12;2018;11;15;4;3;2;6;0;0;1;0;0;0;1;0;POINT (13.32144069 52.60735938)
4;2018;11;15;7;3;2;6;0;0;1;0;0;0;0;1;POINT (13.28377585 52.51868928)
12;2018;11;6;2;3;0;1;1;0;0;0;1;0;0;1;POINT (13.33292084 52.57789896)
1;2018;11;15;4;3;2;2;0;0;1;0;0;0;0;0;POINT (13.36999033 52.5597589)
7;2018;11;12;7;3;0;7;0;0;0;0;1;0;0;1;POINT (13.37987852 52.43623547)
11;2018;11;18;7;2;1;5;2;0;1;0;1;0;0;1;POINT (13.49722334 52.52039873)
11;2018;11;14;4;3;2;6;0;0;0;0;0;0;1;0;POINT (13.49971457 52.52534165)
7;2018;11;5;1;3;2;6;2;0;1;0;0;0;0;1;POINT (13.41281487 52.38282546)
3;2018;11;18;4;3;5;2;2;0;1;0;0;0;0;0;POINT (13.41711983 52.58392165)
2;2018;11;13;2;3;2;7;0;0;1;0;1;0;0;1;POINT (13.42125258 52.49102044)
2;2018;11;1;4;3;6;4;2;1;0;1;0;0;0;0;POINT (13.41967733 52.50181699)
2;2018;11;10;7;3;9;1;0;0;1;0;0;0;0;1;POINT (13.44464769 52.50088104)
5;2018;11;17;4;3;2;6;2;0;1;0;0;0;0;0;POINT (13.19364178 52.53381339)
4;2018;11;16;2;3;6;2;2;0;1;1;0;0;0;1;POINT (13.28668027 52.51871832)
6;2018;11;18;3;3;0;6;2;0;1;0;0;0;1;0;POINT (13.33067287 52.45337292)
11;2018;11;13;7;2;0;1;0;1;0;0;0;0;0;1;POINT (13.47538806 52.50199585)
1;2018;11;13;2;3;5;2;0;1;1;0;0;0;0;1;POINT (13.3657224 52.55713266)
2;2018;11;22;3;3;0;7;2;1;0;0;0;0;0;0;POINT (13.43491157 52.4983739)
7;2018;11;22;7;3;5;2;2;1;1;0;0;0;0;0;POINT (13.33855428 52.4666964)
11;2018;11;21;3;2;0;1;2;1;0;0;0;0;0;0;POINT (13.50837118 52.54865576)
5;2018;11;14;7;3;2;6;0;0;1;0;0;0;1;1;POINT (13.16219121 52.52017707)
11;2018;11;20;7;3;5;3;2;0;1;0;0;0;0;1;POINT (13.5325267 52.51048783)
8;2018;11;21;3;3;1;5;2;1;1;0;0;0;0;0;POINT (13.42836076 52.48684358)
6;2018;11;20;3;3;5;3;1;0;1;0;0;0;0;0;POINT (13.30377583 52.45863204)
7;2018;11;12;2;2;0;1;0;1;0;0;0;0;0;1;POINT (13.35948428 52.48452541)
6;2018;11;20;3;2;5;3;2;0;1;0;0;0;0;0;POINT (13.27688558 52.43271464)
6;2018;11;18;3;3;6;4;2;1;0;1;0;0;0;0;POINT (13.29502321 52.44435639)
9;2018;11;19;6;2;6;4;2;0;1;1;0;0;0;0;POINT (13.58434709 52.45539458)
7;2018;11;17;2;3;6;2;2;0;1;1;0;0;0;1;POINT (13.39265798 52.41279268)
5;2018;11;17;3;3;6;2;2;0;1;1;0;0;0;0;POINT (13.20330424 52.5211355)
7;2018;11;18;6;3;1;1;2;0;1;0;0;0;0;0;POINT (13.34908574 52.47024408)
5;2018;11;17;3;3;0;2;2;0;1;0;0;0;1;0;POINT (13.19753189 52.53207499)
3;2018;11;8;2;3;5;5;0;0;1;0;0;0;0;1;POINT (13.45255564 52.56294565)
4;2018;11;16;3;3;2;7;1;0;1;0;1;0;0;0;POINT (13.33046703 52.49550362)
9;2018;11;18;7;3;4;2;2;0;1;0;0;0;0;1;POINT (13.56207865 52.42443836)
7;2018;11;16;3;3;6;2;1;0;0;1;0;0;1;0;POINT (13.40975836 52.38723344)
1;2018;11;15;3;3;2;6;0;0;1;0;0;0;0;0;POINT (13.40909023 52.51628128)
9;2018;11;15;3;3;2;6;1;1;1;0;0;0;0;0;POINT (13.45766135 52.48632332)
8;2018;11;7;2;3;5;3;0;0;1;0;0;0;0;1;POINT (13.46234471 52.43262649)
4;2018;11;15;3;3;5;7;0;0;1;0;0;0;1;0;POINT (13.32822855 52.52149921)
1;2018;11;7;3;3;2;6;0;1;1;0;0;0;0;1;POINT (13.3471971 52.52010682)
9;2018;11;15;7;3;0;3;0;1;1;0;0;0;0;0;POINT (13.55509304 52.44047838)
4;2018;11;19;1;3;0;3;2;1;0;0;0;0;0;0;POINT (13.30757486 52.51010982)
7;2018;11;15;3;2;5;3;0;0;0;0;1;0;1;0;POINT (13.41633211 52.39836431)
2;2018;11;7;1;3;2;7;0;0;1;0;0;0;1;0;POINT (13.38573453 52.49342232)
6;2018;11;7;3;3;5;3;0;1;1;0;0;0;0;1;POINT (13.30524154 52.46460263)
7;2018;11;7;3;3;5;3;0;1;1;0;0;0;0;0;POINT (13.32207105 52.4735386)
7;2018;11;18;2;3;2;6;2;0;1;0;0;0;0;0;POINT (13.34821835 52.45892753)
1;2018;11;7;2;3;2;6;1;0;1;0;0;0;0;1;POINT (13.35153513 52.50466199)
11;2018;11;7;3;2;5;2;0;1;0;0;0;0;0;0;POINT (13.49011542 52.49350941)
4;2018;11;7;3;3;5;7;0;1;1;0;0;0;0;0;POINT (13.31400596 52.48090874)
1;2018;11;23;6;3;1;5;2;1;1;0;0;0;0;0;POINT (13.38656971 52.55323575)
1;2018;11;17;1;2;6;2;2;0;1;1;0;0;0;1;POINT (13.38116747 52.55220132)
6;2018;11;7;3;2;5;3;0;0;1;0;0;0;1;1;POINT (13.32651144 52.42118315)
9;2018;11;7;1;3;6;4;0;1;0;1;0;0;0;0;POINT (13.50553384 52.44773655)
1;2018;11;16;7;3;0;1;1;0;0;0;1;0;0;1;POINT (13.39532932 52.53902546)
7;2018;11;14;3;2;5;3;0;0;1;0;0;0;0;0;POINT (13.35113959 52.49206989)
5;2018;11;17;2;3;5;2;2;1;1;0;0;0;0;1;POINT (13.18242703 52.53853245)
10;2018;11;13;3;3;2;6;0;0;1;0;0;0;1;0;POINT (13.51795127 52.53538999)
1;2018;11;23;6;3;2;6;2;0;1;0;0;0;0;0;POINT (13.40256252 52.52815338)
4;2018;11;14;2;3;2;6;0;0;1;0;0;0;0;1;POINT (13.30808598 52.48400959)
4;2018;11;13;3;3;5;2;0;0;1;0;0;0;0;0;POINT (13.24030881 52.51185954)
8;2018;11;22;6;3;6;2;2;0;1;1;0;0;0;0;POINT (13.42806727 52.4600429)
1;2018;11;12;3;2;5;2;0;1;1;0;0;0;0;0;POINT (13.38082226 52.51639554)
11;2018;11;16;1;3;2;6;0;0;1;0;0;0;0;0;POINT (13.50595681 52.5347344)
6;2018;11;16;2;3;2;2;2;0;1;0;0;0;0;1;POINT (13.35425342 52.44423719)
1;2018;11;11;3;3;2;6;0;0;1;0;1;0;0;0;POINT (13.38115406 52.55248454)
4;2018;11;10;1;3;1;5;0;1;1;0;0;0;0;0;POINT (13.31489709 52.50319559)
11;2018;11;11;3;3;5;2;0;0;1;0;0;0;0;0;POINT (13.51495605 52.55729071)
5;2018;11;7;1;2;5;3;0;0;1;0;1;0;0;1;POINT (13.17803351 52.51686366)
12;2018;11;10;3;2;6;4;0;0;1;1;0;0;0;0;POINT (13.33049761 52.57115589)
7;2018;11;16;2;3;6;2;2;0;1;1;0;0;0;1;POINT (13.39473344 52.46546975)
3;2018;11;10;3;3;2;6;0;0;1;0;0;0;0;1;POINT (13.44240204 52.54001839)
4;2018;11;9;2;3;5;7;0;0;1;0;0;0;0;1;POINT (13.31518512 52.51472348)
1;2018;11;10;3;3;5;7;0;1;1;0;0;0;0;0;POINT (13.38073685 52.52277041)
4;2018;11;10;3;3;5;2;0;1;0;0;0;0;0;0;POINT (13.29726602 52.52621769)
4;2018;11;9;3;3;5;3;0;0;1;0;0;0;0;0;POINT (13.29097897 52.50343032)
4;2018;11;8;3;2;5;2;0;0;1;0;1;0;0;0;POINT (13.29995471 52.50487814)
3;2018;11;11;2;3;2;6;0;0;1;0;0;0;0;1;POINT (13.44310019 52.61463363)
1;2018;11;8;3;3;5;2;0;1;1;0;0;0;0;0;POINT (13.40245465 52.51187964)
4;2018;11;8;3;3;5;7;0;1;1;0;0;0;0;0;POINT (13.30224141 52.51875726)
4;2018;11;7;3;3;6;7;0;0;1;1;0;0;0;1;POINT (13.33148138 52.51218026)
5;2018;11;12;2;3;2;6;0;0;1;0;0;0;0;1;POINT (13.20436566 52.53027963)
9;2018;11;7;3;3;0;1;0;0;0;0;1;0;0;1;POINT (13.53986538 52.3966901)
2;2018;11;6;3;3;6;2;1;0;1;1;0;0;0;0;POINT (13.39451764 52.49140809)
6;2018;11;8;2;3;2;6;0;0;1;0;0;0;1;1;POINT (13.34892218 52.45804349)
9;2018;11;5;3;3;2;2;2;1;1;0;0;0;0;1;POINT (13.45060975 52.48919308)
2;2018;11;10;3;3;3;6;0;1;1;0;0;0;0;0;POINT (13.42803347 52.50122776)
4;2018;11;14;3;3;8;1;0;0;1;0;0;0;0;0;POINT (13.29430318 52.50683963)
4;2018;11;8;3;2;0;1;0;1;0;0;0;0;0;1;POINT (13.32048766 52.47741025)
12;2018;11;7;2;3;5;3;0;1;1;0;0;0;0;1;POINT (13.29142415 52.60704427)
5;2018;11;19;2;3;0;6;2;0;0;0;0;0;1;0;POINT (13.19734614 52.56063304)
10;2018;11;21;2;3;5;3;0;1;0;0;0;0;1;0;POINT (13.61437704 52.53226215)
10;2018;11;18;7;2;5;2;2;1;1;0;0;0;0;1;POINT (13.54012811 52.52566473)
11;2018;11;18;1;3;2;2;2;1;1;0;0;0;0;1;POINT (13.49955024 52.52281284)
11;2018;11;9;2;3;0;3;0;1;1;0;0;0;0;0;POINT (13.47531378 52.50280546)
1;2018;11;8;1;3;5;3;0;1;1;0;0;0;0;0;POINT (13.39354371 52.52626327)
1;2018;11;19;2;3;0;1;2;0;0;0;1;0;0;0;POINT (13.41549483 52.52703271)
1;2018;11;11;2;3;3;6;0;0;1;0;0;0;0;1;POINT (13.32817079 52.53520767)
8;2018;11;19;2;2;2;1;2;0;1;0;1;0;0;0;POINT (13.42805282 52.48117536)
5;2018;11;18;2;3;5;2;2;1;0;0;0;0;1;0;POINT (13.21176317 52.52739686)
4;2018;11;18;2;3;0;7;2;0;1;0;1;0;0;0;POINT (13.32883741 52.50056946)
2;2018;11;7;2;3;2;6;1;0;1;0;1;0;0;1;POINT (13.45711584 52.50307228)
1;2018;11;18;2;3;5;2;2;1;0;0;1;0;0;0;POINT (13.35011057 52.50318367)
11;2018;11;12;1;3;6;4;0;0;1;1;0;0;0;1;POINT (13.51604574 52.5058259)
5;2018;11;7;1;3;2;6;0;0;1;0;0;0;0;0;POINT (13.18558396 52.55166761)
1;2018;11;16;7;3;2;6;0;0;1;0;0;0;0;1;POINT (13.35290105 52.55112003)
11;2018;11;10;2;3;2;6;0;0;1;0;0;0;0;0;POINT (13.51195074 52.56594519)
5;2018;11;15;2;3;3;6;1;1;0;0;0;0;0;1;POINT (13.20596566 52.53950351)
6;2018;11;17;4;3;4;7;2;1;0;0;0;0;0;0;POINT (13.32210327 52.42930415)
10;2018;11;12;7;3;0;2;0;0;0;1;1;0;0;0;POINT (13.60782938 52.52981722)
2;2018;11;8;3;3;5;2;0;1;1;0;0;0;0;0;POINT (13.41693904 52.49250779)
1;2018;11;20;7;3;5;2;2;1;1;0;0;0;0;0;POINT (13.38760572 52.53338552)
4;2018;11;19;3;3;5;3;2;0;1;0;0;0;0;0;POINT (13.27729198 52.51074022)
4;2018;11;12;7;2;5;2;0;1;1;0;0;0;0;0;POINT (13.29971321 52.47342149)
11;2018;11;10;3;3;2;6;0;1;0;0;0;0;1;0;POINT (13.49040716 52.49854767)
9;2018;11;10;7;3;5;3;0;0;1;0;0;0;0;0;POINT (13.50489818 52.46806547)
1;2018;11;7;3;3;5;2;0;1;1;0;0;0;0;0;POINT (13.38038892 52.52981602)
2;2018;11;8;4;3;0;1;0;0;1;0;1;0;0;0;POINT (13.39410311 52.49149052)
11;2018;11;8;7;3;1;5;0;0;1;0;0;0;0;0;POINT (13.47796411 52.53042763)
6;2018;11;7;3;3;6;4;0;0;1;1;0;0;0;0;POINT (13.32252227 52.45650838)
1;2018;11;1;7;3;6;4;2;0;1;1;0;0;0;0;POINT (13.41537892 52.52271245)
6;2018;11;6;3;3;2;2;0;0;1;0;0;0;0;0;POINT (13.29363067 52.44577027)
9;2018;11;22;7;3;1;5;2;0;1;0;0;0;0;1;POINT (13.58207192 52.44237399)
1;2018;11;13;5;3;2;6;0;0;1;0;0;0;1;0;POINT (13.37699695 52.55679601)
12;2018;11;22;7;3;5;2;2;0;1;0;0;0;1;1;POINT (13.33063169 52.56257372)
7;2018;11;6;3;2;1;1;0;0;1;0;1;0;0;0;POINT (13.38399633 52.41964872)
1;2018;11;17;7;3;5;3;1;0;1;0;1;0;0;1;POINT (13.35104676 52.52980811)
8;2018;11;18;7;3;1;5;2;1;1;0;0;0;0;1;POINT (13.42724353 52.48724072)
6;2018;11;11;3;3;0;2;0;0;1;0;0;0;1;0;POINT (13.34454719 52.43783551)
2;2018;11;4;4;2;5;2;2;0;1;0;0;0;0;0;POINT (13.44645935 52.50275188)
3;2018;11;18;7;3;2;2;2;1;1;0;0;0;0;1;POINT (13.41477023 52.55385953)
4;2018;11;19;7;3;3;6;2;0;1;0;0;0;0;0;POINT (13.28127079 52.4994048)
1;2018;11;20;2;3;1;5;2;1;1;0;0;0;0;0;POINT (13.39684397 52.53246639)
6;2018;11;20;7;2;0;1;2;0;1;0;0;0;0;1;POINT (13.19880255 52.43438041)
7;2018;11;3;6;2;3;6;2;1;0;0;0;0;1;0;POINT (13.34980387 52.4895665)
5;2018;11;15;2;3;5;2;0;0;1;0;0;0;0;0;POINT (13.20875831 52.5106641)
1;2018;11;17;6;3;2;5;2;0;1;0;0;0;0;0;POINT (13.33839415 52.52546214)
10;2018;11;7;5;2;6;4;1;0;1;1;0;0;0;1;POINT (13.59141258 52.53467493)
9;2018;11;7;6;3;5;3;1;1;1;0;0;0;0;0;POINT (13.52677271 52.43766627)
1;2018;11;17;3;3;5;2;2;0;1;0;0;0;0;0;POINT (13.39133684 52.55035669)
4;2018;11;20;6;2;9;1;2;0;1;0;0;0;0;0;POINT (13.2999387 52.52158055)
1;2018;11;20;6;2;6;2;2;0;1;1;0;0;0;0;POINT (13.37723639 52.55365126)
1;2018;11;19;3;3;2;2;2;1;1;0;0;0;0;1;POINT (13.3777089 52.50780086)
4;2018;11;12;6;3;1;5;0;1;1;0;0;0;1;0;POINT (13.31466753 52.49045502)
9;2018;11;11;6;3;2;2;0;0;1;0;0;0;0;0;POINT (13.55328579 52.46957752)
2;2018;11;17;2;1;6;4;2;0;0;1;0;0;1;0;POINT (13.45048802 52.52726386)
4;2018;11;11;6;3;5;2;0;1;1;0;0;0;0;0;POINT (13.29966585 52.51978915)
6;2018;11;11;6;3;0;7;0;0;1;0;0;0;1;0;POINT (13.34523514 52.43681527)
5;2018;11;22;2;2;5;2;2;0;1;0;0;0;0;0;POINT (13.18456239 52.51554798)
2;2018;11;10;6;3;5;3;0;0;0;0;1;0;1;0;POINT (13.41415053 52.49868198)
1;2018;11;19;4;3;1;5;2;0;1;0;0;0;0;0;POINT (13.38031735 52.53277226)
6;2018;11;10;6;3;5;3;0;0;1;0;0;0;0;0;POINT (13.26762529 52.44599569)
3;2018;11;9;3;3;2;6;0;1;0;0;0;0;0;0;POINT (13.42279175 52.53725164)
3;2018;11;6;6;3;0;7;2;0;1;0;0;0;0;0;POINT (13.41048977 52.6041813)
2;2018;11;21;2;3;5;2;2;1;1;0;0;0;0;0;POINT (13.40345339 52.49386041)