bez;ujahr;umonat;ustunde;uwochentag;ukategorie;uart;utyp1;ulichtverh;istrad;istpkw;istfuss;istkrad;istgkfz;istsonstige;ustrzustand;geometry
2;2018;11;0;6;3;1;1;2;0;1;0;1;0;0;0;POINT (13.45260632 52.52067764)
3;2018;11;20;6;3;5;3;2;1;1;0;0;0;0;0;POINT (13.41023146 52.56699383)
3;2018;11;21;2;2;6;2;2;0;1;1;0;0;0;0;POINT (13.40424762 52.58148335)
4;2018;11;18;6;3;9;1;2;0;1;0;0;0;0;0;POINT (13.32881193 52.48067218)
9;2018;11;15;6;3;3;6;0;0;1;0;0;0;1;0;POINT (13.50864358 52.45192777)
5;2018;11;21;2;3;5;3;2;0;1;0;0;0;0;0;POINT (13.24774052 52.53818069)
11;2018;11;15;6;3;1;5;0;0;1;0;0;1;0;0;POINT (13.48416364 52.54732965)
4;2018;11;21;2;3;9;1;1;0;0;0;1;0;0;0;POINT (13.32237428 52.51325541)
6;2018;11;16;4;3;5;3;2;1;1;0;0;0;0;0;POINT (13.33231684 52.45594119)
8;2018;11;14;6;3;2;6;0;0;1;0;0;0;0;0;POINT (13.43604447 52.44866967)
6;2018;11;19;2;3;0;3;2;0;1;0;1;0;0;0;POINT (13.300139 52.46515939)
2;2018;11;13;6;3;5;3;0;0;1;0;0;0;0;0;POINT (13.39755437 52.49525903)
7;2018;11;18;2;3;5;3;2;0;1;0;1;0;0;0;POINT (13.39135851 52.42045753)
1;2018;11;13;6;3;5;7;0;0;1;0;0;0;0;1;POINT (13.3374156 52.55863207)
4;2018;11;13;5;3;4;6;0;1;1;0;0;0;0;0;POINT (13.2594191 52.51239515)
2;2018;11;18;2;3;6;2;2;0;0;1;0;0;1;0;POINT (13.38637829 52.4900761)
7;2018;11;7;4;3;5;3;0;0;1;0;0;0;0;0;POINT (13.39969001 52.41405324)
1;2018;11;17;5;3;2;6;2;0;1;0;0;0;1;0;POINT (13.37981217 52.55117715)
7;2018;11;17;2;3;2;6;2;0;1;0;0;0;1;0;POINT (13.37693294 52.46240633)
2;2018;11;19;5;3;5;3;2;1;1;0;0;0;0;0;POINT (13.41028837 52.50378598)
4;2018;11;17;2;3;0;3;2;0;1;0;0;0;1;1;POINT (13.33132451 52.50366154)
1;2018;11;9;4;2;3;6;0;0;0;0;1;1;0;0;POINT (13.35318925 52.55127231)
5;2018;11;16;5;3;5;2;1;0;1;0;1;0;0;0;POINT (13.24323049 52.54380169)
1;2018;11;17;2;3;2;6;2;0;1;0;1;0;0;0;POINT (13.41125451 52.52394938)
3;2018;11;8;5;3;1;5;0;1;1;0;0;0;0;0;POINT (13.39907434 52.56576175)
2;2018;11;17;2;3;1;5;2;1;1;0;0;0;0;0;POINT (13.46241333 52.51086299)
7;2018;11;18;5;3;6;2;2;0;1;1;0;0;0;0;POINT (13.34613235 52.49434096)
2;2018;11;14;5;3;5;3;0;1;0;0;0;0;1;0;POINT (13.47279264 52.51206457)
12;2018;11;17;5;2;5;3;2;0;1;0;1;0;0;0;POINT (13.302152 52.62656828)
11;2018;11;8;2;3;3;6;0;1;0;0;0;1;0;0;POINT (13.49923768 52.52289184)
4;2018;11;20;3;2;0;1;2;1;0;0;0;0;0;1;POINT (13.29371084 52.53631528)
7;2018;11;17;5;2;1;7;2;0;1;0;0;0;0;0;POINT (13.39465955 52.40747904)
12;2018;11;16;5;3;1;5;2;1;1;0;0;0;1;0;POINT (13.32606257 52.56450745)
1;2018;11;7;2;3;3;6;0;0;1;0;0;0;0;0;POINT (13.34833082 52.54292506)
2;2018;11;15;5;3;0;4;1;0;1;1;0;0;0;0;POINT (13.37960719 52.503202)
7;2018;11;16;5;3;2;7;1;0;1;0;0;0;0;0;POINT (13.38272637 52.45248119)
9;2018;11;7;2;3;5;2;1;1;1;0;0;0;0;0;POINT (13.51412408 52.44648945)
1;2018;11;8;5;3;1;5;0;1;1;0;0;0;0;0;POINT (13.40420167 52.51519827)
5;2018;11;12;5;3;8;1;0;0;1;0;0;0;0;0;POINT (13.20427931 52.5303227)
11;2018;11;6;2;2;6;4;2;0;1;1;0;0;0;1;POINT (13.55612421 52.57031895)
8;2018;11;11;5;3;2;6;0;0;1;0;0;0;1;0;POINT (13.44392091 52.42576538)
8;2018;11;21;2;3;5;2;2;1;1;0;0;0;0;0;POINT (13.42559233 52.48766992)
1;2018;11;11;5;3;5;3;0;1;1;0;0;0;0;0;POINT (13.36820281 52.55006664)
11;2018;11;20;5;3;0;6;2;0;1;0;0;0;0;0;POINT (13.48616972 52.53356694)
4;2018;11;15;5;3;4;6;0;1;0;0;0;0;0;0;POINT (13.32189694 52.49308745)
2;2018;11;17;3;3;5;2;2;1;1;0;0;0;0;0;POINT (13.37326572 52.48504525)
4;2018;11;11;5;3;2;6;0;0;1;0;0;0;1;0;POINT (13.31588303 52.50097366)
12;2018;11;11;5;3;5;3;0;0;1;0;0;0;0;0;POINT (13.309834 52.62599973)
8;2018;11;16;2;3;2;6;1;0;1;0;1;0;0;1;POINT (13.42535337 52.49006328)
7;2018;11;10;5;2;6;4;0;0;1;1;0;0;0;0;POINT (13.41819217 52.46487744)
1;2018;11;10;5;3;0;2;0;1;0;0;1;0;0;1;POINT (13.35067736 52.53255932)
4;2018;11;16;2;3;6;4;1;1;0;1;0;0;0;0;POINT (13.322214 52.52186446)
8;2018;11;9;5;3;3;6;0;0;0;0;1;0;1;0;POINT (13.43283529 52.48509716)
4;2018;11;13;2;3;1;5;0;1;1;0;0;0;0;0;POINT (13.32114852 52.50581582)
11;2018;11;18;4;2;6;2;2;0;1;1;0;0;0;0;POINT (13.47813286 52.51455032)
2;2018;11;9;5;3;5;2;0;0;1;0;0;0;1;0;POINT (13.43196395 52.51519614)
4;2018;11;23;4;2;5;3;2;0;1;0;0;0;0;0;POINT (13.32610492 52.53877265)
1;2018;11;8;5;3;5;2;0;1;0;0;0;0;1;0;POINT (13.38988817 52.51040194)
4;2018;11;16;3;2;5;2;1;0;1;0;0;0;0;0;POINT (13.3201201 52.4720532)
4;2018;11;8;5;3;2;2;0;1;1;0;0;0;0;0;POINT (13.32032808 52.48385717)
6;2018;11;12;2;3;6;2;0;0;1;1;0;0;0;0;POINT (13.33619802 52.43074793)
3;2018;11;7;5;2;3;2;0;1;1;0;0;0;0;0;POINT (13.42241645 52.55984522)
1;2018;11;7;5;2;6;4;0;0;1;1;0;0;0;0;POINT (13.36266579 52.524388)
4;2018;11;12;2;3;5;3;0;1;1;0;0;0;0;0;POINT (13.28525246 52.5128739)
10;2018;11;7;5;3;0;2;0;1;1;0;0;0;0;0;POINT (13.56584005 52.52898402)
1;2018;11;11;2;3;5;7;0;1;1;0;0;0;0;0;POINT (13.3917067 52.51124672)
8;2018;11;13;4;3;5;3;0;1;0;0;0;0;1;0;POINT (13.4291106 52.48657913)
7;2018;11;18;4;3;1;5;2;1;1;0;0;0;0;0;POINT (13.33276049 52.47691914)
2;2018;11;10;2;3;3;6;0;1;1;0;0;0;0;0;POINT (13.39578077 52.49836622)
1;2018;11;18;4;3;5;3;2;1;1;0;0;0;0;0;POINT (13.40093667 52.51840378)
1;2018;11;8;2;3;5;2;0;1;1;0;0;0;0;0;POINT (13.33032116 52.52727863)
4;2018;11;17;4;3;0;1;2;1;0;0;0;0;0;0;POINT (13.31077398 52.51361344)
6;2018;11;17;4;2;1;5;2;0;1;0;0;0;0;0;POINT (13.27361158 52.42690535)
5;2018;11;8;2;3;5;2;0;0;1;0;0;0;0;0;POINT (13.2287661 52.53000905)
7;2018;11;16;4;3;5;2;1;1;1;0;0;0;0;0;POINT (13.3596069 52.41282833)
4;2018;11;8;2;3;4;6;0;1;1;0;0;0;0;0;POINT (13.29883049 52.52523398)
1;2018;11;15;4;3;5;3;0;1;0;0;0;0;1;0;POINT (13.41538756 52.52078903)
6;2018;11;8;2;3;2;7;0;0;1;0;0;0;1;0;POINT (13.32357935 52.42876688)
3;2018;11;9;4;2;1;5;0;1;1;0;0;0;1;0;POINT (13.45688875 52.52859593)
5;2018;11;15;4;3;5;2;0;0;1;0;0;0;1;0;POINT (13.20495848 52.53016296)
7;2018;11;19;1;3;5;2;2;1;1;0;0;0;0;0;POINT (13.33034692 52.47031746)
8;2018;11;15;4;2;5;2;0;0;1;0;1;0;0;1;POINT (13.4368198 52.45253978)
3;2018;11;19;1;3;6;6;2;0;1;1;0;0;0;1;POINT (13.49527557 52.64222237)
1;2018;11;17;4;3;5;2;1;1;1;0;0;0;0;0;POINT (13.34348126 52.53208878)
7;2018;11;14;5;2;6;4;0;0;1;1;0;0;0;0;POINT (13.41046105 52.45611369)
11;2018;11;14;4;2;6;4;0;0;0;1;0;0;1;0;POINT (13.5168158 52.48189824)
8;2018;11;19;3;3;5;7;2;1;1;0;0;0;0;0;POINT (13.43621563 52.48100798)
2;2018;11;22;4;3;0;7;2;0;1;0;1;0;0;0;POINT (13.43163204 52.4975113)
10;2018;11;19;1;3;6;4;2;1;0;1;0;0;0;1;POINT (13.54977062 52.49561467)
8;2018;11;7;4;3;2;2;1;0;1;0;0;0;0;0;POINT (13.4211639 52.41317598)
1;2018;11;12;4;3;6;4;0;0;1;1;0;0;0;0;POINT (13.40713981 52.52332885)
12;2018;11;19;4;3;5;2;2;0;1;0;0;0;0;0;POINT (13.31541403 52.57784439)
5;2018;11;18;1;3;4;1;1;0;1;0;0;0;0;1;POINT (13.23619979 52.55015652)
7;2018;11;12;4;3;1;5;0;1;1;0;0;0;0;0;POINT (13.37682815 52.48382134)
4;2018;11;12;4;3;5;3;0;1;1;0;0;0;0;0;POINT (13.30116871 52.51906065)
5;2018;11;18;1;3;2;6;2;0;1;0;0;0;0;1;POINT (13.20715972 52.52903661)
9;2018;11;12;4;3;2;6;0;0;1;0;0;0;0;0;POINT (13.57276425 52.42811569)
2;2018;11;7;5;3;5;2;0;1;0;0;0;1;0;0;POINT (13.42245588 52.49918156)
11;2018;11;18;4;2;6;4;2;0;1;1;0;0;0;0;POINT (13.50832951 52.49981573)
8;2018;11;17;3;2;6;7;2;0;1;1;0;0;0;0;POINT (13.44787091 52.47605773)
4;2018;11;17;4;3;5;2;2;0;1;0;1;0;0;0;POINT (13.30653744 52.52874768)
4;2018;11;12;4;3;1;5;0;1;1;0;0;0;0;0;POINT (13.29953216 52.49867109)
10;2018;11;16;1;3;5;3;2;0;1;0;0;0;0;1;POINT (13.60406911 52.53920415)
9;2018;11;11;4;3;0;7;0;1;1;0;0;0;0;0;POINT (13.57283379 52.42780858)
11;2018;11;10;4;3;5;3;0;0;1;0;0;0;1;0;POINT (13.49801177 52.51400392)
1;2018;11;9;4;3;0;1;0;0;0;0;1;0;0;0;POINT (13.39601115 52.53242994)
7;2018;11;9;4;3;2;2;0;0;1;0;0;0;0;0;POINT (13.36776751 52.49333896)
4;2018;11;15;1;3;5;2;0;0;1;0;0;0;1;1;POINT (13.28431683 52.486771)
2;2018;11;9;4;3;5;3;0;1;1;0;0;0;0;0;POINT (13.3982035 52.50698203)
7;2018;11;8;4;3;2;6;0;0;1;0;0;0;0;0;POINT (13.33903013 52.49953392)
12;2018;11;14;1;3;6;4;0;0;1;1;0;0;0;1;POINT (13.31800819 52.58064902)
4;2018;11;8;4;3;1;5;0;1;1;0;0;0;0;0;POINT (13.33761385 52.50152956)
7;2018;11;19;4;3;2;6;2;1;1;0;0;0;0;0;POINT (13.34497439 52.48586442)
2;2018;11;8;4;3;5;2;0;1;1;0;0;0;0;0;POINT (13.4493305 52.50212434)
1;2018;11;16;3;2;5;3;2;0;1;0;1;0;0;0;POINT (13.32571732 52.53245311)
7;2018;11;8;4;3;0;2;0;1;0;0;0;0;1;0;POINT (13.34874467 52.45913149)
8;2018;11;14;1;3;5;7;0;0;1;0;0;0;0;1;POINT (13.43484517 52.43030908)
9;2018;11;7;4;3;5;3;0;1;1;0;0;0;0;1;POINT (13.57361523 52.40259071)
3;2018;11;14;1;3;5;2;0;1;1;0;0;0;0;1;POINT (13.42746916 52.58756144)
2;2018;11;6;4;3;2;3;1;1;1;0;0;0;0;0;POINT (13.39644647 52.49140572)
1;2018;11;13;1;2;0;1;0;1;0;0;0;0;0;1;POINT (13.41685527 52.52388295)
7;2018;11;12;4;3;2;7;0;0;1;0;1;0;0;0;POINT (13.35007968 52.41065862)
12;2018;11;13;1;3;5;3;0;0;1;0;0;0;0;1;POINT (13.33073413 52.57182712)
9;2018;11;5;4;3;8;1;2;0;1;0;0;0;0;1;POINT (13.54872718 52.44887062)
6;2018;11;13;1;3;5;3;0;1;1;0;0;0;0;1;POINT (13.35726809 52.42297935)
12;2018;11;17;4;3;6;7;2;1;0;1;0;0;0;0;POINT (13.27784988 52.63019507)
2;2018;11;0;4;3;2;6;2;0;1;0;0;0;0;0;POINT (13.43197386 52.50575403)
12;2018;11;13;1;3;5;2;0;1;1;0;0;0;0;1;POINT (13.33319624 52.59549927)
1;2018;11;21;3;2;2;6;2;0;1;0;0;0;0;0;POINT (13.3432106 52.53210488)
1;2018;11;12;1;3;1;5;0;0;1;0;0;0;1;0;POINT (13.34769547 52.53103993)
4;2018;11;20;3;2;0;7;2;0;1;0;1;0;0;0;POINT (13.30778603 52.50302872)
1;2018;11;19;3;3;6;4;2;0;1;1;0;0;0;0;POINT (13.39112719 52.51399031)
10;2018;11;13;1;3;2;6;0;0;1;0;0;0;0;1;POINT (13.61332163 52.49925034)
6;2018;11;8;4;3;5;3;0;1;1;0;0;0;0;0;POINT (13.32959475 52.45634889)
2;2018;11;19;3;3;3;6;2;1;1;0;0;0;0;0;POINT (13.46524173 52.49722226)
1;2018;11;12;1;3;0;6;0;0;1;0;0;0;1;1;POINT (13.38847501 52.53163115)
1;2018;11;7;3;3;0;6;2;1;0;0;0;0;1;0;POINT (13.3760282 52.5360361)
4;2018;11;19;3;3;1;5;2;1;1;0;0;0;0;1;POINT (13.33622247 52.50019093)
6;2018;11;12;1;3;0;7;0;0;1;0;0;0;0;1;POINT (13.30847375 52.46152302)
4;2018;11;17;3;3;3;6;2;0;1;0;1;0;0;0;POINT (13.30215329 52.50683445)
6;2018;11;9;1;3;2;6;0;0;1;0;0;0;0;0;POINT (13.34581787 52.46084718)
7;2018;11;17;3;2;1;5;2;0;1;0;1;0;0;0;POINT (13.37669989 52.43734463)
11;2018;11;17;3;3;5;2;2;0;0;0;1;0;0;1;POINT (13.50328795 52.57581238)
3;2018;11;9;1;2;2;6;0;0;1;0;1;0;1;1;POINT (13.42367468 52.57430877)
8;2018;11;8;3;3;1;5;0;1;1;0;0;0;0;0;POINT (13.46953272 52.46049428)
3;2018;11;17;3;3;5;3;2;1;1;0;0;0;0;0;POINT (13.42502715 52.54099975)
7;2018;11;16;3;2;1;5;2;0;1;0;1;0;0;1;POINT (13.34372942 52.47073264)
8;2018;11;9;1;3;0;5;0;0;1;0;0;0;0;1;POINT (13.42447192 52.49119811)
9;2018;11;18;3;3;0;1;2;1;0;0;0;0;0;1;POINT (13.55878575 52.47011374)
1;2018;11;16;3;3;5;3;1;1;0;0;0;0;1;0;POINT (13.38909649 52.52764121)
5;2018;11;9;1;3;2;2;0;0;1;0;0;0;1;0;POINT (13.21010698 52.56682551)
7;2018;11;15;3;2;5;3;0;1;1;0;0;0;0;0;POINT (13.37788223 52.40766624)
3;2018;11;19;4;3;6;2;2;0;1;1;0;0;0;0;POINT (13.44972896 52.53724901)
7;2018;11;14;3;3;5;3;0;1;1;0;0;0;0;0;POINT (13.35345582 52.49344979)
6;2018;11;8;1;2;0;3;0;1;0;0;0;0;1;0;POINT (13.30033539 52.4398513)
12;2018;11;18;3;2;2;2;1;0;1;0;0;0;0;0;POINT (13.34006397 52.58807992)
10;2018;11;12;5;3;5;3;0;0;1;0;0;0;0;1;POINT (13.60861141 52.50918638)
2;2018;11;18;3;3;2;6;0;0;1;0;0;0;0;0;POINT (13.3953076 52.49772997)
11;2018;11;18;3;2;0;1;2;0;1;0;0;0;0;1;POINT (13.52489056 52.47991987)
2;2018;11;15;3;3;5;7;1;1;1;0;0;0;0;1;POINT (13.46662247 52.497262)
1;2018;11;17;3;3;5;7;1;1;1;0;0;0;0;0;POINT (13.39772503 52.51946008)
3;2018;11;9;1;3;5;2;0;1;0;0;0;0;1;1;POINT (13.41893095 52.53070633)
1;2018;11;12;3;3;1;5;0;1;0;0;0;0;1;0;POINT (13.3983785 52.51650455)
8;2018;11;7;3;3;2;2;0;0;1;0;0;0;0;1;POINT (13.47742134 52.43008319)
5;2018;11;17;1;3;0;7;2;0;0;0;1;0;0;1;POINT (13.19778381 52.53236949)
6;2018;11;7;3;3;5;2;0;0;1;0;0;0;0;1;POINT (13.19095968 52.43357537)
4;2018;11;17;1;3;2;6;2;1;1;0;0;0;0;0;POINT (13.33054814 52.48720179)
6;2018;11;18;4;3;1;5;2;1;1;0;0;0;0;0;POINT (13.30276222 52.40874551)
1;2018;11;6;3;3;1;5;1;1;1;0;0;0;0;0;POINT (13.35348835 52.53397244)
3;2018;11;9;3;3;6;4;0;0;0;1;1;0;0;0;POINT (13.4345218 52.53568742)
10;2018;11;5;3;3;3;6;2;0;1;0;1;0;0;1;POINT (13.57198602 52.5478654)
11;2018;11;17;3;3;5;2;2;1;1;0;0;0;0;0;POINT (13.52757336 52.48903921)
3;2018;11;13;3;3;5;2;0;0;0;0;1;0;1;0;POINT (13.41514989 52.54364849)
8;2018;11;7;1;3;5;3;1;1;1;0;0;0;0;0;POINT (13.50596235 52.42677895)
4;2018;11;14;3;3;2;6;0;0;1;0;0;0;0;0;POINT (13.33391525 52.498041)
2;2018;11;11;3;3;5;3;0;1;1;0;0;0;0;0;POINT (13.42192005 52.49309361)
10;2018;11;7;1;3;5;3;1;1;1;0;0;0;0;0;POINT (13.6031401 52.48441505)
5;2018;11;10;3;3;3;6;0;0;1;0;0;0;0;1;POINT (13.23220253 52.54048836)
8;2018;11;17;1;3;6;4;2;1;0;1;0;0;1;0;POINT (13.43003699 52.46837265)
5;2018;11;15;4;3;5;2;0;0;1;0;0;0;0;0;POINT (13.17817253 52.54884339)
1;2018;11;10;3;3;5;5;0;1;1;0;0;0;0;1;POINT (13.41207935 52.5048093)
3;2018;11;6;1;3;0;3;2;0;0;0;1;0;1;0;POINT (13.43386062 52.57049691)
7;2018;11;9;3;3;5;3;0;1;1;0;0;0;0;1;POINT (13.36592634 52.4952976)
3;2018;11;5;1;3;5;3;2;0;1;0;0;0;0;1;POINT (13.46717641 52.55995435)
1;2018;11;6;3;2;6;2;2;0;1;1;0;0;0;1;POINT (13.40115176 52.51130758)
6;2018;11;8;3;3;2;6;0;0;1;0;0;0;0;1;POINT (13.1468399 52.41664471)
7;2018;11;17;1;3;2;6;2;0;1;0;0;0;0;1;POINT (13.34054453 52.48563034)
12;2018;11;4;1;2;5;7;2;0;1;0;1;0;0;1;POINT (13.28937261 52.57555502)
1;2018;11;8;3;3;2;6;0;0;1;0;0;0;0;1;POINT (13.380203 52.56037928)
1;2018;11;3;1;3;0;3;2;0;1;0;1;0;0;1;POINT (13.39301959 52.54531328)
8;2018;11;8;3;3;2;6;0;0;1;0;0;0;0;1;POINT (13.47063479 52.42324734)
7;2018;11;3;1;3;1;7;2;0;1;0;0;0;0;1;POINT (13.40969692 52.39909552)
10;2018;11;9;4;3;5;2;0;0;1;0;0;0;0;1;POINT (13.59162916 52.54495845)
1;2018;11;8;3;3;0;7;0;1;1;0;0;0;0;1;POINT (13.34049538 52.54462107)
10;2018;11;16;1;3;2;6;2;0;1;0;0;0;0;1;POINT (13.58916393 52.51721226)
5;2018;11;12;3;2;2;6;0;0;1;0;0;0;0;0;POINT (13.18099633 52.52437281)
5;2018;11;2;1;3;1;1;2;0;1;0;0;0;1;1;POINT (13.19779835 52.51837717)
9;2018;11;9;3;2;5;3;0;1;0;0;1;0;0;1;POINT (13.55846139 52.45601047)
11;2018;11;15;5;3;6;4;0;0;1;1;0;0;0;0;POINT (13.49761177 52.53889917)
5;2018;11;8;3;2;5;2;0;1;1;0;0;0;0;1;POINT (13.21413301 52.53836134)
1;2018;11;20;3;3;2;6;2;0;1;0;1;0;0;1;POINT (13.34983233 52.50275348)
12;2018;11;8;3;3;2;6;0;0;1;0;0;0;0;1;POINT (13.34707265 52.59620492)
6;2018;11;13;3;3;5;2;0;0;1;0;0;0;0;0;POINT (13.30969024 52.43146351)
9;2018;11;16;1;3;2;2;2;0;1;0;0;0;0;1;POINT (13.55878853 52.47014)
10;2018;11;14;3;3;0;7;0;0;0;0;0;0;1;0;POINT (13.62746873 52.51863941)
3;2018;11;7;4;3;4;6;0;1;1;0;0;0;0;0;POINT (13.39976294 52.58108231)
4;2018;11;15;3;3;0;2;0;1;1;0;0;0;0;1;POINT (13.31055448 52.51624832)
1;2018;11;19;3;3;6;7;2;1;0;1;0;0;0;0;POINT (13.37081717 52.54667875)
1;2018;11;0;1;2;6;4;2;1;0;1;0;0;0;1;POINT (13.41585658 52.52737651)
2;2018;11;21;3;3;1;5;2;1;1;0;0;0;0;0;POINT (13.39139857 52.48945049)
7;2018;11;22;3;3;5;2;2;1;1;0;0;0;0;0;POINT (13.41902536 52.46101207)
3;2018;11;16;1;3;6;4;2;0;1;1;0;0;0;1;POINT (13.4599223 52.55984326)
9;2018;11;9;3;3;2;6;0;0;1;0;0;0;0;0;POINT (13.54703651 52.43144633)
3;2018;11;9;5;3;6;4;0;1;0;1;0;0;0;0;POINT (13.45992597 52.55984174)
6;2018;11;6;3;2;0;3;2;0;1;0;1;0;0;1;POINT (13.28929027 52.46724313)
6;2018;11;17;3;3;5;3;2;0;1;0;0;0;1;0;POINT (13.22668074 52.43973259)
12;2018;11;2;3;1;0;6;2;0;1;0;0;0;0;1;POINT (13.30501669 52.57765093)
1;2018;11;16;2;3;6;4;0;0;0;1;0;0;1;0;POINT (13.3901843 52.50869644)
4;2018;11;16;1;3;5;3;0;0;1;0;1;0;0;0;POINT (13.3226032 52.48763524)
9;2018;11;6;2;3;0;2;2;1;1;0;0;0;0;0;POINT (13.57815238 52.45713591)
2;2018;11;17;2;3;0;7;2;1;0;0;0;0;0;1;POINT (13.39907442 52.49827939)
11;2018;11;15;1;2;6;4;1;0;1;1;0;0;0;1;POINT (13.50323454 52.55380543)
7;2018;11;17;2;3;6;2;2;0;1;1;0;0;0;0;POINT (13.37572288 52.45576714)
1;2018;11;15;1;3;5;2;1;0;1;0;0;0;0;1;POINT (13.37021168 52.54469296)
1;2018;11;9;2;3;6;2;0;0;1;1;0;0;0;1;POINT (13.39806512 52.52728028)
5;2018;11;15;1;3;5;2;0;1;1;0;0;0;0;1;POINT (13.15773519 52.54311214)
11;2018;11;7;2;3;5;2;0;0;1;0;0;0;1;1;POINT (13.52824334 52.55690369)
1;2018;11;20;4;3;2;6;2;1;1;0;0;0;0;0;POINT (13.38646802 52.51191814)
3;2018;11;21;2;3;5;3;2;1;1;0;0;0;0;1;POINT (13.40882258 52.53121404)
5;2018;11;16;3;3;2;6;2;0;1;0;1;0;0;0;POINT (13.23667787 52.54207777)
1;2018;11;21;2;3;5;3;2;0;1;0;0;0;0;1;POINT (13.31434483 52.53042288)
4;2018;11;14;1;3;1;5;0;0;1;0;0;0;0;0;POINT (13.28294884 52.51282763)
6;2018;11;20;2;3;1;3;2;0;1;0;1;0;0;1;POINT (13.35998642 52.42898712)
5;2018;11;15;1;3;6;2;0;0;1;1;0;0;0;1;POINT (13.20346903 52.53562992)
11;2018;11;14;1;3;0;1;0;0;0;0;1;0;0;1;POINT (13.4770918 52.50534112)
11;2018;11;13;4;3;0;3;0;0;1;0;1;0;0;0;POINT (13.49457196 52.50374966)
7;2018;11;8;2;3;6;4;2;0;1;1;0;0;0;1;POINT (13.40438427 52.39382025)
9;2018;11;13;3;2;5;2;0;0;0;0;1;0;1;0;POINT (13.5625574 52.4566095)
1;2018;12;21;1;3;1;5;2;1;1;0;0;0;1;0;POINT (13.38794064 52.5221693)
11;2018;11;12;3;3;5;3;0;1;1;0;0;0;0;0;POINT (13.51339005 52.56337314)
6;2018;12;17;1;3;2;6;2;0;1;0;0;0;0;1;POINT (13.32684599 52.45493249)
8;2018;11;12;3;2;6;2;0;0;1;1;0;0;0;0;POINT (13.45479665 52.44555011)
8;2018;12;16;1;3;5;3;2;0;1;0;0;0;0;0;POINT (13.43362084 52.44532363)
3;2018;11;14;3;3;3;6;0;1;1;0;0;0;0;0;POINT (13.41584692 52.53176658)
12;2018;11;11;3;3;2;6;0;0;1;0;0;1;0;0;POINT (13.37762047 52.5630218)
5;2018;12;18;1;3;3;6;2;0;1;0;0;0;0;1;POINT (13.21715646 52.52719495)
12;2018;11;11;3;3;2;6;0;0;1;0;0;0;0;0;POINT (13.29264865 52.55294071)
3;2018;11;11;3;3;5;3;0;0;1;0;0;0;0;0;POINT (13.4167807 52.60317209)
10;2018;12;19;1;2;5;3;2;0;1;0;0;0;1;1;POINT (13.55797229 52.52964563)
7;2018;11;18;3;2;2;7;2;0;1;0;0;0;1;0;POINT (13.3567355 52.47297075)
1;2018;12;18;1;3;2;6;2;0;1;0;0;0;0;0;POINT (13.33351228 52.55997647)
11;2018;11;18;3;3;3;6;2;1;1;0;0;0;0;0;POINT (13.49811723 52.5137936)
9;2018;12;17;1;3;5;2;2;1;1;0;0;0;0;1;POINT (13.48735572 52.47576379)
11;2018;11;18;3;3;5;7;2;0;1;0;0;0;0;0;POINT (13.49796289 52.50950595)
4;2018;12;9;1;3;5;3;0;1;1;0;0;0;0;1;POINT (13.31054705 52.51633903)
3;2018;11;1;3;3;6;2;2;0;1;1;0;0;0;0;POINT (13.41350077 52.54965632)
5;2018;12;8;1;2;0;6;0;0;0;0;1;0;1;1;POINT (13.24781484 52.54854177)
7;2018;12;8;1;3;5;3;1;1;1;0;0;0;0;1;POINT (13.37639864 52.46010109)
4;2018;11;17;3;3;5;3;2;1;1;0;0;0;0;0;POINT (13.3311736 52.49542061)
7;2018;11;18;3;3;6;7;2;0;1;1;0;0;0;0;POINT (13.35091137 52.48173928)
5;2018;12;8;1;3;6;4;0;0;1;1;0;0;0;1;POINT (13.17761077 52.52529224)
4;2018;12;8;1;3;0;6;0;0;1;0;1;0;0;1;POINT (13.27978606 52.51275363)
10;2018;11;17;3;3;5;2;2;0;1;0;1;0;0;0;POINT (13.6125197 52.51082736)
6;2018;12;7;1;3;5;3;1;1;1;0;0;0;0;1;POINT (13.34856225 52.43506834)
9;2018;12;7;1;3;5;3;1;1;1;0;0;0;0;1;POINT (13.52674697 52.43765148)
5;2018;11;17;3;3;6;4;2;0;1;1;0;0;0;0;POINT (13.1231338 52.47156011)
8;2018;12;7;1;2;5;3;1;1;1;0;0;0;0;1;POINT (13.4061086 52.4156419)
4;2018;11;17;3;3;6;4;2;0;0;1;0;0;1;0;POINT (13.31001125 52.51624397)
8;2018;12;7;1;3;6;4;1;0;1;1;0;0;0;1;POINT (13.43821694 52.41997502)
9;2018;11;10;3;3;5;3;0;0;1;0;0;0;0;0;POINT (13.57060985 52.47349068)
1;2018;12;11;1;2;5;3;0;1;1;0;0;0;0;1;POINT (13.36103057 52.5553528)
5;2018;12;7;1;3;6;2;2;0;1;1;0;0;0;1;POINT (13.27185154 52.53674066)
4;2018;11;10;3;3;2;2;0;1;1;0;0;0;0;0;POINT (13.3199555 52.50588391)