bez;ujahr;umonat;ustunde;uwochentag;ukategorie;uart;utyp1;ulichtverh;istrad;istpkw;istfuss;istkrad;istgkfz;istsonstige;ustrzustand;geometry
7;2018;12;6;1;3;5;3;2;0;1;0;0;0;1;1;POINT (13.36590897 52.44920867)
11;2018;12;6;1;3;6;2;2;0;0;1;0;0;1;1;POINT (13.52082305 52.56853999)
12;2018;11;10;3;2;2;2;0;1;1;0;0;0;0;0;POINT (13.22909202 52.57335706)
1;2018;12;5;1;2;0;1;2;1;0;0;0;0;0;1;POINT (13.39849192 52.53255008)
3;2018;12;21;7;3;6;2;2;0;1;1;0;0;0;1;POINT (13.36753943 52.58643259)
3;2018;11;10;3;3;1;5;0;0;1;0;0;0;0;0;POINT (13.3775221 52.57718397)
5;2018;12;20;7;2;6;4;2;0;0;1;0;0;1;1;POINT (13.19545836 52.52811176)
9;2018;11;9;3;3;5;3;0;1;1;0;0;0;0;0;POINT (13.5437137 52.43800725)
3;2018;12;19;7;3;5;2;2;1;1;0;0;0;0;1;POINT (13.48456917 52.55629111)
7;2018;11;9;3;3;2;6;0;0;1;0;0;1;0;0;POINT (13.34207856 52.50189516)
10;2018;12;19;7;3;6;4;2;0;1;1;0;0;0;1;POINT (13.60827294 52.53896152)
1;2018;11;9;3;3;6;4;0;0;1;1;0;0;0;0;POINT (13.36220681 52.54114861)
1;2018;12;19;7;3;6;2;2;0;1;1;0;0;0;1;POINT (13.34969683 52.50327542)
1;2018;11;6;3;3;6;2;1;0;1;1;0;0;0;0;POINT (13.38342556 52.51135853)
5;2018;12;19;7;3;1;5;2;0;1;0;0;0;1;1;POINT (13.19604713 52.54276743)
4;2018;11;8;3;3;6;2;1;0;0;1;0;0;1;0;POINT (13.31992542 52.46711708)
12;2018;12;18;7;3;2;6;2;0;1;0;0;0;0;1;POINT (13.33152377 52.56197115)
6;2018;12;14;7;3;0;7;0;0;1;0;1;0;0;0;POINT (13.32926443 52.46380096)
1;2018;11;18;3;3;2;2;2;1;1;0;0;0;0;0;POINT (13.37572957 52.5310788)
8;2018;11;8;3;3;5;3;0;1;1;0;0;0;0;0;POINT (13.5083805 52.41067622)
11;2018;12;18;7;3;2;6;2;0;1;0;0;0;0;1;POINT (13.51879756 52.51083609)
8;2018;11;8;3;3;2;2;0;0;1;0;0;0;0;0;POINT (13.4745304 52.43889613)
2;2018;11;7;3;3;5;3;0;0;1;0;0;0;0;0;POINT (13.43203228 52.49933116)
1;2018;12;18;7;3;6;2;2;0;1;1;0;0;0;1;POINT (13.32979166 52.52277663)
7;2018;11;6;3;3;3;6;2;0;1;0;0;1;0;0;POINT (13.37735143 52.48032427)
2;2018;12;13;7;3;5;2;0;1;1;0;0;0;0;0;POINT (13.45241309 52.51247961)
3;2018;11;6;3;3;5;2;2;1;1;0;0;0;0;0;POINT (13.4275478 52.56794176)
4;2018;12;12;7;3;5;3;0;0;1;0;0;0;0;0;POINT (13.32812159 52.50808921)
2;2018;11;14;3;3;5;2;0;1;1;0;0;0;0;0;POINT (13.40584679 52.48951442)
11;2018;12;17;7;3;6;2;2;0;1;1;0;0;0;1;POINT (13.46998571 52.50226261)
3;2018;11;6;3;3;6;4;1;0;1;1;0;0;0;0;POINT (13.44694474 52.55482892)
12;2018;11;16;3;3;7;7;2;0;1;0;0;0;0;0;POINT (13.25863594 52.59931863)
11;2018;12;17;7;2;6;4;1;0;0;1;0;0;1;1;POINT (13.45869289 52.5276251)
3;2018;11;10;3;3;6;2;0;0;1;1;0;0;0;0;POINT (13.4642333 52.52360055)
7;2018;12;16;7;2;6;2;1;0;1;1;0;0;0;1;POINT (13.37933345 52.44530178)
3;2018;11;16;3;3;5;3;2;0;1;0;0;0;0;0;POINT (13.4768774 52.56325647)
3;2018;11;15;3;2;6;4;0;1;0;1;0;0;0;0;POINT (13.41207336 52.53124977)
1;2018;12;16;7;2;6;2;1;0;1;1;0;0;0;1;POINT (13.39602438 52.53836735)
2;2018;11;15;3;3;5;3;0;1;1;0;0;0;0;0;POINT (13.45821356 52.49962679)
5;2018;12;15;7;3;5;3;1;0;1;0;0;0;0;1;POINT (13.21960019 52.53708656)
4;2018;11;14;3;3;3;6;0;1;1;0;0;0;0;0;POINT (13.30059898 52.50353478)
1;2018;12;15;7;3;1;5;1;1;1;0;0;0;1;1;POINT (13.38857663 52.53264618)
1;2018;11;7;3;3;0;7;0;1;1;0;0;0;0;0;POINT (13.38630378 52.54973964)
3;2018;12;14;7;3;2;3;0;0;1;0;1;0;0;1;POINT (13.45514128 52.55937006)
1;2018;11;14;2;3;0;4;0;1;0;1;0;0;0;0;POINT (13.34877495 52.54856882)
5;2018;11;17;2;3;5;3;2;0;1;0;0;0;0;0;POINT (13.19766178 52.52034868)
2;2018;12;14;7;3;5;3;0;0;1;0;0;0;0;1;POINT (13.42971815 52.5210861)
2;2018;12;13;7;2;1;5;1;1;1;0;0;0;0;1;POINT (13.3880207 52.50267752)
7;2018;11;16;2;3;2;6;1;0;1;0;0;0;0;0;POINT (13.34679851 52.49438049)
8;2018;12;8;7;2;1;1;0;0;1;0;0;1;0;0;POINT (13.41005818 52.48184228)
7;2018;12;6;7;2;8;1;2;0;1;0;0;0;0;1;POINT (13.38524054 52.47199512)
2;2018;11;15;2;3;0;1;0;1;0;0;0;0;0;0;POINT (13.39756888 52.49525198)
10;2018;12;5;7;2;9;1;2;0;1;0;0;0;0;1;POINT (13.52817791 52.53741626)
8;2018;12;17;7;1;6;4;2;0;1;1;0;0;0;1;POINT (13.48995995 52.42013268)
8;2018;11;15;2;3;2;6;0;0;1;0;0;0;0;0;POINT (13.45521501 52.47417164)
10;2018;12;17;6;3;5;3;2;0;1;0;0;0;1;1;POINT (13.56206248 52.56648673)
7;2018;11;12;2;3;2;6;0;0;1;0;0;0;0;0;POINT (13.40282351 52.46342426)
7;2018;12;17;6;3;5;2;1;0;1;0;1;0;0;1;POINT (13.32850995 52.4650545)
2;2018;11;9;2;3;2;6;0;0;1;0;1;0;0;0;POINT (13.37814701 52.48953066)
8;2018;12;16;6;3;5;5;0;0;1;0;1;0;0;0;POINT (13.43388978 52.47781137)
6;2018;11;9;2;3;3;2;0;1;1;0;0;0;0;0;POINT (13.33642393 52.4632504)
7;2018;12;17;6;3;2;6;2;0;1;0;0;0;0;1;POINT (13.35959913 52.41912913)
3;2018;12;17;6;3;2;6;2;0;1;0;0;0;0;1;POINT (13.4455007 52.58195802)
1;2018;11;17;2;3;5;3;2;1;1;0;0;0;0;0;POINT (13.39512954 52.54600417)
4;2018;12;17;6;3;0;6;2;0;0;1;1;0;0;1;POINT (13.3196658 52.47177367)
8;2018;12;17;6;3;3;6;2;0;1;0;0;0;0;1;POINT (13.44980828 52.42807657)
1;2018;11;9;2;3;5;3;0;1;1;0;0;0;0;0;POINT (13.34302268 52.50480806)
3;2018;12;16;6;3;5;2;2;0;1;0;0;0;0;1;POINT (13.45769109 52.52888175)
8;2018;11;9;2;2;5;2;0;0;1;0;0;0;0;0;POINT (13.46009959 52.4319936)
11;2018;11;8;2;3;2;2;0;1;1;0;0;0;0;0;POINT (13.50542434 52.53702421)
12;2018;12;15;6;3;5;3;0;0;1;0;1;0;0;1;POINT (13.28618278 52.59190951)
2;2018;11;8;2;2;5;3;0;1;0;0;0;0;0;0;POINT (13.43022212 52.51012536)
6;2018;12;15;6;2;5;3;1;0;1;0;1;0;0;1;POINT (13.26731162 52.40896418)
7;2018;11;8;2;3;2;6;0;0;1;0;0;0;0;0;POINT (13.32861685 52.47320149)
4;2018;12;14;6;3;2;6;0;0;1;0;0;0;0;1;POINT (13.26914044 52.51146046)
8;2018;11;7;2;3;5;3;0;1;1;0;0;0;0;0;POINT (13.40975986 52.41663482)
6;2018;12;14;6;3;5;3;0;0;1;0;0;0;0;1;POINT (13.25751533 52.42119617)
12;2018;12;13;6;3;5;2;0;0;1;0;0;0;0;1;POINT (13.28234306 52.59089558)
11;2018;11;7;3;3;5;3;1;1;1;0;0;0;0;0;POINT (13.51876052 52.57625801)
10;2018;11;7;2;3;6;2;0;0;1;1;0;0;0;1;POINT (13.59218212 52.54644045)
9;2018;12;12;6;3;5;3;0;0;1;0;0;0;0;1;POINT (13.6545626 52.41103046)
4;2018;11;7;2;2;5;3;1;1;1;0;0;0;0;0;POINT (13.30374158 52.52552918)
3;2018;11;6;2;3;5;3;2;1;1;0;0;0;0;1;POINT (13.47779253 52.54811069)
6;2018;12;11;6;2;6;3;0;0;1;1;0;0;0;0;POINT (13.32340129 52.45710579)
10;2018;11;6;2;3;1;5;2;1;1;0;0;0;0;0;POINT (13.6121888 52.51351368)
10;2018;12;19;6;3;2;6;2;0;1;0;0;0;1;1;POINT (13.59253156 52.54848184)
6;2018;11;21;2;3;5;3;2;0;1;0;0;0;0;0;POINT (13.3530915 52.43329554)
2;2018;12;2;6;3;3;6;2;1;1;0;0;0;0;0;POINT (13.4182398 52.49982286)
6;2018;12;18;6;3;6;2;2;0;1;1;0;0;0;0;POINT (13.31431945 52.42404727)
2;2018;11;20;2;3;2;6;2;1;0;0;0;0;0;0;POINT (13.42483164 52.49974545)
2;2018;12;5;6;3;0;1;2;0;0;0;0;0;1;1;POINT (13.4407671 52.50481176)
9;2018;11;13;3;3;6;7;0;0;1;1;0;0;0;0;POINT (13.53240077 52.45711733)
8;2018;11;19;2;3;6;2;2;0;1;1;0;0;0;0;POINT (13.45560509 52.47950326)
4;2018;12;15;6;3;0;2;0;1;1;0;0;0;0;1;POINT (13.28950855 52.50949955)
1;2018;11;18;2;3;5;3;1;0;1;0;0;0;0;0;POINT (13.35971189 52.523458)
12;2018;11;1;2;2;1;5;2;0;1;0;1;0;0;0;POINT (13.25672036 52.5656768)
2;2018;11;21;5;3;0;7;2;0;1;0;0;0;0;1;POINT (13.38092137 52.48500435)
6;2018;11;8;1;2;1;5;0;1;1;0;0;0;1;0;POINT (13.30129325 52.456278)
2;2018;11;22;5;3;5;2;2;1;1;0;0;0;0;1;POINT (13.4028346 52.49387001)
12;2018;11;22;1;3;1;5;2;1;1;0;0;0;0;0;POINT (13.36784413 52.56842582)
5;2018;11;20;5;3;6;2;2;0;1;1;0;0;0;1;POINT (13.19864239 52.53303115)
7;2018;11;19;1;3;6;4;2;1;0;1;0;0;0;0;POINT (13.33274275 52.47620229)
12;2018;11;19;5;3;6;2;2;0;1;1;0;0;0;1;POINT (13.36053477 52.59678682)
4;2018;11;19;1;3;6;4;2;0;1;1;0;0;0;0;POINT (13.30473 52.51474918)
4;2018;11;14;3;3;5;3;0;1;1;0;0;0;0;0;POINT (13.33437905 52.49839571)
1;2018;11;19;5;3;0;2;2;0;1;0;1;0;0;1;POINT (13.37740002 52.5146149)
7;2018;11;19;1;3;5;7;2;0;1;0;0;0;0;0;POINT (13.4019918 52.4467365)
6;2018;11;18;1;2;5;7;2;0;1;0;0;0;0;0;POINT (13.35744729 52.42301258)
1;2018;11;19;5;3;6;2;2;0;1;1;0;0;0;1;POINT (13.3507065 52.53238988)
9;2018;11;19;5;3;0;2;2;1;0;0;0;1;0;1;POINT (13.58106764 52.41684245)
1;2018;11;18;1;3;1;5;2;0;1;0;1;0;0;0;POINT (13.3896784 52.52398021)
12;2018;11;19;5;3;2;7;2;0;1;0;0;0;0;1;POINT (13.28816058 52.58889641)
6;2018;11;18;5;3;5;3;2;1;1;0;0;0;0;1;POINT (13.26788184 52.44550366)
6;2018;11;18;1;3;5;2;2;0;1;0;0;0;1;0;POINT (13.23003337 52.43085898)
8;2018;11;18;5;3;6;7;2;0;1;1;0;0;0;1;POINT (13.42684759 52.48738172)
12;2018;11;18;1;3;3;2;2;0;1;0;0;0;1;1;POINT (13.28588048 52.59503824)
1;2018;11;18;5;2;6;2;2;0;1;1;0;0;0;1;POINT (13.33557297 52.52668949)
5;2018;11;17;1;3;2;7;2;0;1;0;0;0;0;0;POINT (13.21906742 52.52774803)
9;2018;11;14;5;3;2;6;0;0;1;0;0;0;1;1;POINT (13.5829046 52.46209936)
10;2018;11;14;5;3;5;3;0;1;1;0;0;0;0;1;POINT (13.62083684 52.50519297)
3;2018;11;17;1;2;6;6;2;0;1;1;0;0;0;0;POINT (13.41608665 52.56086565)
11;2018;11;14;5;3;0;2;0;1;1;0;0;0;0;1;POINT (13.50823181 52.56528844)
6;2018;11;14;5;3;5;3;1;1;1;0;0;0;0;1;POINT (13.26784781 52.44553057)
1;2018;11;13;5;2;1;5;0;0;1;0;0;1;0;1;POINT (13.3565106 52.52535396)
1;2018;11;18;5;3;5;3;2;1;1;0;0;0;0;1;POINT (13.34888375 52.51512184)
10;2018;11;16;1;3;5;3;2;0;1;0;0;0;0;0;POINT (13.60215608 52.53608591)
2;2018;11;11;5;3;5;3;0;0;1;0;0;1;0;1;POINT (13.42958692 52.49813877)
4;2018;11;18;5;3;6;2;2;0;1;1;0;0;0;1;POINT (13.32293061 52.50572406)
11;2018;11;16;1;3;0;1;2;1;0;0;0;0;0;0;POINT (13.48533385 52.52687713)
3;2018;11;9;5;3;5;2;0;0;1;0;0;0;0;0;POINT (13.45773165 52.52883024)
11;2018;11;16;1;3;3;6;2;0;1;0;0;0;0;0;POINT (13.47071397 52.50222327)
1;2018;11;10;5;2;5;2;0;1;1;0;0;0;0;1;POINT (13.34369842 52.54630401)
7;2018;11;15;1;3;6;6;1;0;0;1;0;1;0;0;POINT (13.38565574 52.44555918)
12;2018;11;9;5;3;5;3;0;0;1;0;0;0;0;0;POINT (13.28097573 52.63279366)
11;2018;11;15;1;3;1;5;1;0;1;0;0;0;0;0;POINT (13.46585125 52.52633531)
3;2018;11;8;5;3;6;4;0;0;1;1;0;0;0;0;POINT (13.46786286 52.55501152)
2;2018;11;18;3;3;0;7;2;1;0;0;0;0;0;1;POINT (13.37620803 52.48772155)
7;2018;12;16;1;3;6;2;2;0;1;1;0;0;0;1;POINT (13.35934741 52.45664134)
8;2018;11;17;1;3;2;6;1;0;1;0;0;0;0;0;POINT (13.41309452 52.48117951)
5;2018;11;8;5;3;5;7;0;0;1;0;0;0;1;0;POINT (13.20457011 52.54204061)
1;2018;11;14;1;3;0;7;0;0;0;0;0;0;1;0;POINT (13.40970344 52.52882028)
2;2018;11;9;1;3;1;7;0;0;1;0;0;0;0;0;POINT (13.44096872 52.51829515)
9;2018;12;11;1;3;6;7;0;1;0;1;0;0;0;0;POINT (13.51018257 52.45341543)
4;2018;11;8;1;3;2;2;0;0;1;0;0;0;1;0;POINT (13.28339446 52.51851781)
6;2018;11;7;5;3;5;2;1;0;1;0;0;0;0;0;POINT (13.32833947 52.46030848)
2;2018;11;12;1;3;3;6;0;1;0;0;0;0;1;0;POINT (13.40599635 52.49832291)
12;2018;11;15;1;3;0;5;2;0;1;0;0;0;1;0;POINT (13.36527637 52.59716449)
1;2018;11;0;5;3;9;1;2;0;1;0;0;0;0;0;POINT (13.32978475 52.53917536)
11;2018;11;15;1;3;5;7;0;0;0;0;0;1;1;0;POINT (13.49481139 52.55956595)
9;2018;11;17;5;3;6;2;2;0;1;1;0;0;0;1;POINT (13.5240013 52.45310635)
1;2018;12;15;1;3;0;7;0;1;1;0;0;0;0;1;POINT (13.35106424 52.53076488)
1;2018;11;13;1;3;1;5;0;0;1;0;0;1;0;0;POINT (13.38076086 52.55263897)
2;2018;11;17;5;3;6;7;2;1;0;1;0;0;0;1;POINT (13.44029804 52.51604381)
3;2018;11;14;3;3;5;3;0;0;1;0;0;0;1;0;POINT (13.39801245 52.58486633)
6;2018;12;15;1;3;5;3;0;1;1;0;0;0;0;1;POINT (13.27534483 52.46092295)
3;2018;11;16;5;3;5;2;2;1;1;0;0;0;0;1;POINT (13.44945374 52.53707317)
4;2018;11;12;1;3;1;5;0;1;1;0;0;0;1;0;POINT (13.33033306 52.50051596)
4;2018;11;12;1;3;5;3;0;0;1;0;0;0;1;0;POINT (13.33458948 52.49596848)
1;2018;11;16;5;3;4;7;2;1;1;0;0;0;0;1;POINT (13.37589652 52.5120101)
4;2018;11;12;1;3;5;2;0;1;0;0;0;0;1;0;POINT (13.28652847 52.51879884)
1;2018;11;16;5;3;3;2;2;0;1;0;1;0;0;1;POINT (13.35277783 52.50385317)
12;2018;12;13;1;3;0;1;0;0;0;0;1;0;0;1;POINT (13.33284269 52.57800495)
7;2018;11;17;5;3;6;4;2;0;1;1;0;0;0;1;POINT (13.35789348 52.49651814)
3;2018;11;11;1;3;5;3;0;1;0;0;0;0;1;0;POINT (13.42292543 52.60488339)
6;2018;11;15;5;3;2;2;2;0;1;0;0;0;0;1;POINT (13.26741079 52.40889774)
8;2018;12;21;1;3;6;2;2;0;1;1;0;0;0;1;POINT (13.46015593 52.43175222)
12;2018;11;11;1;3;2;6;0;0;1;0;0;0;0;0;POINT (13.30809172 52.57736049)
8;2018;11;16;5;3;2;6;2;0;1;0;0;0;0;1;POINT (13.44818485 52.47812876)
9;2018;12;20;1;3;6;3;2;0;1;1;0;0;0;1;POINT (13.61824335 52.45544018)
12;2018;11;16;5;3;2;6;2;0;1;0;0;0;0;1;POINT (13.34335114 52.5830612)
10;2018;11;10;1;3;5;3;0;1;1;0;0;0;0;0;POINT (13.57732419 52.54774183)
4;2018;11;10;1;3;2;2;0;0;1;0;0;0;0;0;POINT (13.33529531 52.49927549)
4;2018;11;16;5;3;6;4;2;0;1;1;0;0;0;1;POINT (13.29051886 52.4994397)
11;2018;11;17;5;2;6;4;2;0;0;1;0;0;1;1;POINT (13.50693751 52.56403473)
11;2018;11;10;1;3;5;2;0;1;1;0;0;0;0;0;POINT (13.45881976 52.52662065)
4;2018;11;19;5;3;2;6;2;0;1;0;0;0;0;1;POINT (13.30944623 52.49201003)
7;2018;11;16;5;3;6;4;2;0;1;1;0;0;0;1;POINT (13.35273587 52.4845356)
7;2018;12;19;1;3;0;2;2;1;1;0;0;0;0;0;POINT (13.34520064 52.4989024)
7;2018;11;17;7;3;5;3;1;0;1;0;0;0;0;0;POINT (13.38267705 52.46701412)
12;2018;11;17;5;3;1;5;2;1;1;0;0;0;0;1;POINT (13.28704482 52.58381678)
12;2018;11;17;7;3;2;7;2;0;1;0;0;0;0;0;POINT (13.29407813 52.55197213)
4;2018;12;18;1;3;5;2;2;0;1;0;1;0;0;1;POINT (13.32340896 52.51099993)
3;2018;11;16;5;3;5;3;2;1;1;0;0;0;0;1;POINT (13.44009905 52.5559428)
1;2018;11;19;7;3;2;6;2;0;1;0;0;0;0;0;POINT (13.34137035 52.52641161)
1;2018;11;15;5;3;6;4;1;0;1;1;0;0;0;1;POINT (13.34065227 52.55135616)
12;2018;11;16;7;3;0;2;2;1;1;0;0;0;0;0;POINT (13.32543049 52.58957366)
9;2018;12;13;1;3;6;7;0;1;0;1;0;0;0;1;POINT (13.5486303 52.43810457)
12;2018;11;15;5;3;1;5;0;0;1;0;0;0;0;1;POINT (13.30299198 52.62310799)
1;2018;11;16;7;3;1;5;1;1;1;0;0;0;0;0;POINT (13.40332064 52.53212327)
8;2018;11;17;5;3;5;3;2;0;1;0;0;0;0;1;POINT (13.45236337 52.48130697)
1;2018;11;5;5;1;1;5;2;0;1;0;0;0;1;0;POINT (13.41051589 52.52866829)
5;2018;11;14;7;3;2;2;0;0;1;0;0;0;0;0;POINT (13.17138476 52.51825565)
2;2018;11;19;4;3;5;2;2;1;1;0;0;0;0;0;POINT (13.44672824 52.50262801)
1;2018;11;11;4;3;1;5;0;1;1;0;0;0;0;0;POINT (13.3792364 52.52491294)
12;2018;12;17;1;2;6;4;2;0;1;1;0;0;0;1;POINT (13.33042385 52.56246514)
1;2018;11;12;7;3;5;3;0;1;1;0;0;0;0;0;POINT (13.37635753 52.51008785)
1;2018;11;11;4;2;5;2;0;0;1;0;0;0;0;0;POINT (13.35925118 52.5464457)
3;2018;11;11;7;3;5;3;0;0;1;0;0;0;0;0;POINT (13.41855396 52.55125027)
11;2018;11;6;7;3;2;6;2;0;1;0;0;0;0;1;POINT (13.47609084 52.50673537)
7;2018;11;11;4;3;6;2;0;0;1;1;0;0;0;0;POINT (13.3927537 52.41263746)
2;2018;11;3;7;3;2;6;2;0;1;0;0;0;0;0;POINT (13.43808998 52.50037288)
4;2018;11;9;4;3;2;6;0;0;1;0;1;0;0;0;POINT (13.30648836 52.51697758)
4;2018;11;1;7;3;1;5;2;1;1;0;0;0;0;0;POINT (13.31698133 52.51695829)
1;2018;11;8;4;3;3;6;0;1;0;0;0;0;0;0;POINT (13.37434237 52.55682174)
6;2018;11;12;6;3;6;7;0;1;0;1;0;0;0;1;POINT (13.25548355 52.43976041)
4;2018;11;7;4;3;1;5;0;1;1;0;0;0;0;0;POINT (13.29048229 52.47437472)
12;2018;11;7;4;3;4;7;1;1;1;0;0;0;0;0;POINT (13.29584985 52.59692767)
12;2018;11;18;3;3;6;2;2;0;1;1;0;0;0;0;POINT (13.29717155 52.57772833)
11;2018;12;17;1;3;2;2;2;0;1;0;0;0;0;1;POINT (13.4694844 52.50242781)
9;2018;11;20;6;3;5;2;2;0;1;0;0;0;1;0;POINT (13.51667158 52.47084905)
10;2018;11;7;4;3;5;2;0;1;1;0;0;0;0;0;POINT (13.58705033 52.50280962)
2;2018;11;19;6;3;5;3;2;1;0;0;0;0;0;0;POINT (13.46034386 52.5159345)
1;2018;11;16;6;3;3;6;2;0;1;0;0;0;0;0;POINT (13.34318815 52.52600031)
6;2018;11;20;4;3;5;3;2;1;1;0;0;0;0;0;POINT (13.31534068 52.45053144)
3;2018;11;16;6;3;2;6;2;0;1;0;0;0;0;0;POINT (13.41436275 52.56701603)
12;2018;11;17;4;3;5;3;2;1;1;0;0;0;0;0;POINT (13.33627259 52.59558488)
1;2018;12;17;1;3;3;6;2;0;1;0;0;0;1;1;POINT (13.3308969 52.52394051)
8;2018;11;15;6;3;5;3;1;1;0;0;0;0;1;0;POINT (13.45398237 52.46920496)
10;2018;11;11;4;3;2;7;0;0;1;0;0;0;0;0;POINT (13.57985583 52.51461297)
4;2018;11;14;3;3;1;5;0;1;1;0;0;0;0;0;POINT (13.27703091 52.51627379)
10;2018;12;17;1;3;2;6;2;0;1;0;0;0;0;0;POINT (13.5888358 52.54908443)
1;2018;11;10;4;3;0;6;0;0;1;0;0;0;1;0;POINT (13.34519888 52.52509373)
12;2018;11;15;6;3;3;6;1;1;1;0;0;0;0;0;POINT (13.31184356 52.58496008)
4;2018;11;14;6;3;1;5;0;0;1;0;0;0;0;0;POINT (13.316999 52.50264976)
10;2018;11;9;4;2;3;6;0;0;1;0;0;0;1;0;POINT (13.57804305 52.54792966)
6;2018;11;18;3;3;6;4;2;1;0;1;0;0;0;0;POINT (13.32469227 52.46406772)
7;2018;11;18;6;3;6;2;2;0;1;1;0;0;0;0;POINT (13.40635368 52.39376315)
11;2018;11;18;4;3;6;4;2;0;1;1;0;0;0;0;POINT (13.51077157 52.57540511)
7;2018;11;14;6;3;5;3;0;1;0;0;0;0;1;0;POINT (13.32773161 52.47252227)
1;2018;11;23;6;2;6;4;2;0;1;1;0;0;0;0;POINT (13.38246604 52.55183553)
4;2018;11;10;4;3;2;6;0;0;1;0;0;0;0;0;POINT (13.29432306 52.53337169)
8;2018;11;17;6;2;6;4;1;0;1;1;0;0;0;0;POINT (13.44774405 52.43695415)
2;2018;11;17;4;3;3;6;1;1;0;0;0;0;0;0;POINT (13.4278239 52.51811408)
7;2018;11;17;6;2;6;4;2;0;1;1;0;0;0;0;POINT (13.35956087 52.49820199)
8;2018;11;17;4;3;6;2;1;0;1;1;0;0;0;0;POINT (13.424611 52.48218585)
4;2018;11;13;6;2;5;3;0;1;1;0;0;0;0;0;POINT (13.32171765 52.50187224)
10;2018;11;16;4;3;5;7;2;0;1;0;1;0;0;0;POINT (13.62115164 52.50621193)
1;2018;11;13;6;2;5;3;0;0;1;0;1;0;0;0;POINT (13.40173412 52.52896056)
4;2018;11;15;4;3;5;2;1;1;1;0;0;0;0;0;POINT (13.31884624 52.49185531)
12;2018;11;15;4;3;5;3;1;0;1;0;0;0;0;0;POINT (13.32916665 52.57559995)
9;2018;11;21;6;3;6;2;2;0;1;1;0;0;0;1;POINT (13.47366074 52.47493178)
4;2018;11;15;4;3;0;3;1;0;1;0;0;0;1;0;POINT (13.31049702 52.5160867)
4;2018;11;12;6;3;5;2;0;0;1;0;0;0;1;0;POINT (13.30607007 52.52329425)
5;2018;11;14;4;3;2;6;0;0;1;0;0;0;0;0;POINT (13.17776036 52.54878122)
4;2018;11;14;4;3;6;2;0;0;1;1;0;0;0;0;POINT (13.32734965 52.52037971)
2;2018;11;11;6;3;1;5;0;1;1;0;0;0;0;0;POINT (13.43764666 52.51982579)
12;2018;11;13;4;3;5;3;0;1;1;0;0;0;0;0;POINT (13.32328334 52.57569898)
9;2018;11;13;4;3;5;3;0;1;1;0;0;0;0;0;POINT (13.51039938 52.44465135)
4;2018;11;10;6;3;5;7;0;0;1;0;1;0;0;0;POINT (13.32033337 52.48383139)
6;2018;11;13;4;2;5;2;0;0;1;0;0;0;0;0;POINT (13.33876242 52.44438627)
1;2018;11;1;6;3;0;1;2;1;0;0;0;0;0;0;POINT (13.38718939 52.52661117)
2;2018;11;13;4;3;5;2;0;1;0;0;0;0;0;0;POINT (13.44069061 52.51728932)
1;2018;11;3;6;3;5;3;2;0;1;0;0;0;0;1;POINT (13.41967866 52.50608207)
8;2018;11;12;4;2;5;3;0;0;1;0;1;0;0;0;POINT (13.44674095 52.43693752)
8;2018;11;12;4;3;5;2;0;0;1;0;0;0;0;0;POINT (13.46863139 52.46356798)
4;2018;11;15;6;3;5;3;1;1;0;0;1;0;0;0;POINT (13.30885368 52.51828648)
4;2018;11;0;4;3;9;1;2;0;1;0;0;0;0;0;POINT (13.31662405 52.50125549)
3;2018;11;13;4;2;5;3;0;0;1;0;0;0;1;0;POINT (13.41114853 52.55406868)
5;2018;11;19;5;3;2;6;2;0;1;0;0;0;0;0;POINT (13.20266414 52.53979495)
10;2018;11;15;3;3;6;4;1;0;1;1;0;0;0;1;POINT (13.57584338 52.49097535)
9;2018;11;21;5;3;1;5;2;1;1;0;0;0;0;1;POINT (13.57244849 52.42737753)
1;2018;11;9;3;3;2;7;0;1;0;0;0;0;1;1;POINT (13.40311152 52.52332034)
8;2018;11;21;5;3;3;6;2;0;1;0;0;1;0;0;POINT (13.44360309 52.46425707)
4;2018;11;12;3;3;6;4;0;0;1;1;0;0;0;0;POINT (13.29980194 52.52133523)
5;2018;11;20;5;2;6;4;2;0;1;1;0;0;0;0;POINT (13.18876649 52.54676683)
1;2018;11;20;3;3;2;6;0;0;1;0;0;0;0;0;POINT (13.38125886 52.53201344)
4;2018;11;20;5;2;6;4;2;0;1;1;0;0;0;0;POINT (13.32373573 52.54260501)
2;2018;11;19;3;3;1;5;2;0;1;0;0;0;1;0;POINT (13.43128404 52.5049623)
1;2018;11;19;5;3;5;2;2;0;1;0;0;0;0;0;POINT (13.39387488 52.52854915)
3;2018;11;19;3;3;1;5;2;1;1;0;0;0;0;0;POINT (13.40795777 52.53688726)
2;2018;11;23;3;3;5;2;2;0;1;0;0;0;0;0;POINT (13.39944571 52.49828824)