bez;ujahr;umonat;ustunde;uwochentag;ukategorie;uart;utyp1;ulichtverh;istrad;istpkw;istfuss;istkrad;istgkfz;istsonstige;ustrzustand;geometry
1;2018;11;18;5;3;2;6;1;1;1;0;0;0;0;0;POINT (13.3985642 52.53255442)
8;2018;11;16;5;2;5;7;2;0;1;0;1;0;0;1;POINT (13.46015026 52.43194055)
12;2018;11;16;5;3;1;5;2;1;1;0;0;0;0;0;POINT (13.33165849 52.57387738)
5;2018;12;12;5;3;2;6;0;0;1;0;0;0;0;1;POINT (13.17713101 52.51704679)
11;2018;12;15;3;3;5;3;0;1;1;0;0;0;0;0;POINT (13.48544461 52.52667723)
5;2018;12;13;5;3;5;3;0;0;1;0;1;0;0;1;POINT (13.19702078 52.53038184)
3;2018;12;14;3;3;5;2;0;0;1;0;1;0;0;0;POINT (13.42441044 52.59414813)
10;2018;12;12;5;3;5;2;0;0;1;0;0;0;1;1;POINT (13.60089425 52.47897132)
8;2018;12;17;3;3;2;2;2;0;1;0;0;0;0;0;POINT (13.43658933 52.42363038)
4;2018;12;11;5;3;5;7;0;1;1;0;0;0;0;1;POINT (13.3161213 52.51869143)
5;2018;12;10;5;2;6;4;0;0;0;1;0;1;0;1;POINT (13.19952895 52.53487314)
10;2018;12;13;3;3;2;6;0;0;1;0;0;0;0;0;POINT (13.56242121 52.54481136)
10;2018;12;11;5;3;5;3;0;1;1;0;0;0;0;1;POINT (13.60730924 52.53399801)
3;2018;12;9;5;3;5;3;0;0;1;0;0;0;0;1;POINT (13.42893294 52.57909812)
6;2018;12;12;3;3;2;6;0;0;1;0;0;0;0;1;POINT (13.26768427 52.44582206)
2;2018;12;9;5;2;5;3;0;1;1;0;0;0;0;1;POINT (13.43396695 52.5231526)
3;2018;12;11;3;3;2;6;0;0;1;0;0;0;0;1;POINT (13.4345414 52.54927388)
11;2018;12;7;5;2;5;3;0;1;1;0;0;0;0;1;POINT (13.49943176 52.56243783)
8;2018;12;6;3;3;5;2;1;0;1;0;0;0;0;1;POINT (13.49530133 52.43165619)
8;2018;12;7;5;3;2;6;1;0;1;0;0;0;0;1;POINT (13.47053848 52.46651234)
10;2018;12;6;3;3;5;3;2;1;1;0;0;0;0;1;POINT (13.61220824 52.51262719)
6;2018;12;7;5;3;6;2;1;0;1;1;0;0;0;1;POINT (13.35170461 52.42959159)
8;2018;12;10;3;3;3;6;0;0;1;0;0;0;1;0;POINT (13.43481096 52.450963)
4;2018;12;11;3;3;1;5;0;1;1;0;0;0;0;1;POINT (13.32671365 52.50273025)
11;2018;12;7;5;3;6;7;1;0;1;1;0;0;0;1;POINT (13.52376649 52.56555026)
4;2018;12;6;5;3;6;7;2;0;1;1;0;0;0;1;POINT (13.28331602 52.51204935)
9;2018;12;10;3;3;3;2;0;0;1;0;1;0;0;0;POINT (13.56239212 52.45658444)
1;2018;12;10;3;3;5;3;0;1;1;0;0;0;0;1;POINT (13.42229486 52.50544908)
5;2018;12;5;5;3;6;2;2;0;0;1;0;1;0;1;POINT (13.24702546 52.54397578)
1;2018;12;9;3;3;2;2;0;1;1;0;0;0;0;1;POINT (13.40997601 52.51069194)
12;2018;12;9;3;3;5;7;0;0;1;0;1;0;0;1;POINT (13.36047447 52.57629391)
3;2018;12;5;5;3;2;6;2;0;1;0;1;0;0;1;POINT (13.36648677 52.58512266)
11;2018;12;8;3;3;5;3;0;0;1;0;1;0;0;1;POINT (13.53203906 52.48401172)
2;2018;12;3;5;2;5;2;2;1;0;0;0;0;0;1;POINT (13.44749978 52.51752074)
5;2018;12;7;3;3;6;4;0;0;1;1;0;0;0;1;POINT (13.20606877 52.54210419)
4;2018;12;13;5;3;0;1;0;0;0;0;1;0;0;1;POINT (13.30426955 52.52565255)
3;2018;12;7;3;3;6;4;0;0;0;1;0;0;1;0;POINT (13.47501924 52.55329398)
1;2018;12;6;3;3;6;2;2;0;1;1;0;0;0;1;POINT (13.38297557 52.53063021)
8;2018;12;15;4;3;5;3;0;1;1;0;0;0;0;1;POINT (13.4659417 52.46503005)
7;2018;12;7;3;2;6;4;1;0;1;1;0;0;0;1;POINT (13.36190621 52.41487981)
1;2018;12;6;2;3;2;2;2;0;1;0;0;1;0;1;POINT (13.34893986 52.51510347)
2;2018;12;0;4;3;0;3;2;1;1;0;0;0;0;0;POINT (13.39144771 52.50098284)
8;2018;12;6;2;3;6;2;2;0;1;1;0;0;0;1;POINT (13.46473362 52.4701287)
3;2018;12;6;2;3;6;4;2;0;0;1;0;0;1;1;POINT (13.50333813 52.63659813)
7;2018;12;15;4;3;3;6;1;0;1;0;0;1;0;0;POINT (13.36886057 52.40973859)
8;2018;12;16;2;2;6;4;2;0;1;1;0;0;0;1;POINT (13.46262604 52.43777013)
3;2018;12;16;4;3;3;6;1;0;1;0;1;0;0;1;POINT (13.50565204 52.6367398)
12;2018;12;12;2;3;0;4;0;0;0;1;1;0;0;1;POINT (13.32917192 52.56330514)
11;2018;12;16;4;3;6;4;2;0;1;1;0;0;0;1;POINT (13.4730371 52.53597131)
4;2018;12;15;2;3;3;6;0;0;0;0;1;0;1;0;POINT (13.33371955 52.50564758)
2;2018;12;17;4;2;6;2;2;0;1;1;0;0;0;1;POINT (13.4300642 52.51055)
5;2018;12;19;2;3;2;3;2;0;1;0;0;0;0;1;POINT (13.2148141 52.56079585)
12;2018;12;20;4;3;6;4;2;0;1;1;0;0;0;1;POINT (13.32802341 52.56432962)
2;2018;12;19;2;3;5;7;2;1;1;0;0;0;0;1;POINT (13.45691039 52.50961981)
6;2018;12;19;4;3;0;6;2;0;1;0;1;0;0;1;POINT (13.31801074 52.45174994)
2;2018;12;18;2;3;5;3;2;1;1;0;0;0;0;1;POINT (13.41224647 52.50306743)
3;2018;12;15;2;3;1;5;1;1;1;0;0;0;0;1;POINT (13.42513324 52.58235388)
10;2018;12;17;4;3;2;6;2;0;1;0;0;0;0;1;POINT (13.61944082 52.53120356)
3;2018;12;19;4;3;2;3;2;0;1;0;1;0;0;1;POINT (13.41228334 52.53115338)
4;2018;12;17;2;3;5;7;2;0;1;0;0;0;1;1;POINT (13.29667844 52.50145604)
8;2018;12;17;4;3;1;5;2;1;1;0;0;0;0;1;POINT (13.49429748 52.43082539)
4;2018;12;18;4;3;2;6;2;0;1;0;0;0;0;1;POINT (13.29442502 52.49761353)
8;2018;12;16;2;3;6;2;2;0;1;1;0;0;0;1;POINT (13.49759129 52.41613802)
3;2018;12;16;4;3;5;3;2;1;1;0;0;0;0;1;POINT (13.42343585 52.60697251)
8;2018;12;16;2;3;6;4;2;0;1;1;0;0;0;1;POINT (13.46326339 52.47077443)
3;2018;12;16;4;3;0;1;2;0;0;0;1;0;0;1;POINT (13.41968287 52.53174438)
12;2018;12;16;2;3;1;5;2;0;1;0;0;0;1;1;POINT (13.30748079 52.61853339)
12;2018;12;16;4;3;5;3;2;0;1;0;1;0;0;1;POINT (13.32542107 52.58948237)
7;2018;12;18;3;3;5;2;2;0;1;0;1;0;0;0;POINT (13.37948749 52.44532406)
3;2018;12;16;2;3;5;2;2;1;1;0;0;0;0;1;POINT (13.40305377 52.58380161)
7;2018;12;17;4;3;5;2;2;1;1;0;0;0;0;0;POINT (13.38469965 52.46085163)
12;2018;12;16;4;3;6;4;2;0;1;1;0;0;0;1;POINT (13.3755614 52.56072949)
1;2018;12;15;2;3;5;2;2;1;1;0;0;0;0;1;POINT (13.34543466 52.54680912)
1;2018;12;17;4;3;6;2;2;0;1;1;0;0;0;1;POINT (13.41573679 52.52670194)
11;2018;12;15;2;3;5;7;1;0;1;0;0;0;0;1;POINT (13.50854225 52.49647734)
11;2018;12;17;4;3;0;2;2;0;1;1;0;0;0;1;POINT (13.46925081 52.53143032)
6;2018;12;18;4;2;6;4;2;0;1;1;0;0;0;0;POINT (13.30164852 52.4138331)
2;2018;12;15;2;3;5;3;1;0;1;0;0;0;0;1;POINT (13.41392309 52.50036411)
12;2018;12;18;4;2;6;2;2;0;1;1;0;0;0;1;POINT (13.34387593 52.61354044)
6;2018;12;14;2;3;0;7;0;0;1;0;1;0;0;1;POINT (13.34499808 52.41524667)
2;2018;12;18;4;2;6;2;2;0;1;1;0;0;0;1;POINT (13.43718999 52.51899787)
1;2018;12;14;2;3;6;2;0;0;1;1;0;0;0;1;POINT (13.36739513 52.52595971)
1;2018;12;16;4;3;1;5;2;0;0;0;0;0;1;1;POINT (13.39899251 52.54458401)
11;2018;12;8;2;3;2;6;0;0;1;0;0;0;1;1;POINT (13.49823247 52.56383569)
9;2018;12;17;4;2;6;4;2;0;1;1;0;0;0;1;POINT (13.53963996 52.45079641)
1;2018;12;19;4;2;3;6;2;0;1;0;1;0;0;1;POINT (13.35105002 52.51493214)
2;2018;12;9;2;3;6;4;0;0;0;1;0;0;1;1;POINT (13.3907439 52.5053403)
11;2018;12;14;2;3;0;1;0;0;0;0;1;0;0;1;POINT (13.48709295 52.52663947)
11;2018;12;15;4;3;5;3;1;0;1;0;0;0;0;0;POINT (13.49963083 52.53487855)
1;2018;12;9;2;3;6;4;0;0;1;1;0;0;0;1;POINT (13.3283557 52.53422351)
9;2018;12;14;2;3;2;6;0;0;1;0;0;0;0;1;POINT (13.63046926 52.45817664)
7;2018;12;20;4;2;5;2;2;0;1;0;1;0;0;1;POINT (13.40008113 52.4591244)
1;2018;12;9;2;3;1;5;0;1;1;0;0;0;0;1;POINT (13.40097757 52.52893792)
11;2018;12;9;2;3;5;3;0;1;1;0;0;0;0;1;POINT (13.50178533 52.49823426)
6;2018;12;17;4;3;2;6;2;0;1;0;0;0;0;1;POINT (13.26831653 52.4063466)
4;2018;12;10;2;3;6;7;0;0;1;1;0;0;0;1;POINT (13.32913711 52.50245193)
12;2018;12;17;4;3;1;5;2;0;1;0;0;0;0;1;POINT (13.30988775 52.59019582)
9;2018;12;12;2;3;2;6;0;0;1;0;0;0;0;1;POINT (13.59362354 52.44944607)
10;2018;12;19;4;3;2;6;2;0;1;0;0;0;0;1;POINT (13.56978629 52.54053453)
7;2018;12;13;2;2;5;3;0;0;1;0;0;0;0;1;POINT (13.3446553 52.46486316)
8;2018;12;15;4;3;2;6;1;0;1;0;0;0;0;0;POINT (13.42071578 52.48021842)
2;2018;12;13;2;3;2;6;0;1;0;0;0;0;1;1;POINT (13.44178519 52.50444296)
3;2018;12;14;2;3;5;2;0;0;1;0;0;0;0;1;POINT (13.42764639 52.56794027)
8;2018;12;18;4;3;2;6;2;0;1;0;0;0;1;1;POINT (13.45372041 52.45281426)
1;2018;12;14;2;3;5;3;0;0;1;0;0;0;0;1;POINT (13.3697333 52.55975878)
10;2018;12;7;2;3;6;4;1;0;1;1;0;0;0;1;POINT (13.5743058 52.48617871)
5;2018;12;21;5;3;5;3;2;0;1;0;0;0;0;1;POINT (13.17167646 52.51101591)
1;2018;12;18;4;3;0;7;2;0;1;0;0;0;1;0;POINT (13.37053232 52.52677545)
3;2018;12;7;2;3;6;2;1;0;1;1;0;0;0;1;POINT (13.47600911 52.55829232)
11;2018;12;13;4;3;5;3;0;1;0;0;0;0;1;0;POINT (13.46854616 52.54435452)
3;2018;12;19;4;3;0;4;2;0;0;1;0;0;1;1;POINT (13.40962563 52.53860499)
12;2018;12;6;2;3;6;2;2;0;1;1;0;0;0;1;POINT (13.36080583 52.57701861)
1;2018;12;21;4;3;5;2;2;0;1;0;0;0;0;1;POINT (13.41171151 52.52396409)
3;2018;12;7;2;3;6;4;1;0;1;1;0;0;0;1;POINT (13.43581263 52.55638118)
3;2018;12;12;4;3;5;3;0;0;1;0;0;0;0;0;POINT (13.47390636 52.6099235)
11;2018;12;7;2;3;1;5;2;0;1;0;0;0;0;1;POINT (13.49413189 52.51243041)
4;2018;12;12;4;3;6;2;0;0;1;1;0;0;0;0;POINT (13.31471413 52.49332546)
12;2018;12;14;2;3;6;2;0;0;1;1;0;0;0;1;POINT (13.3297704 52.5691066)
2;2018;12;17;2;3;1;5;2;1;1;0;0;0;0;1;POINT (13.4410467 52.50154868)
8;2018;12;10;4;3;5;3;0;0;1;0;0;0;1;0;POINT (13.43515165 52.42305428)
4;2018;12;16;5;3;2;2;2;0;1;0;0;0;1;1;POINT (13.29727208 52.51073131)
1;2018;12;13;4;3;3;6;0;0;1;0;0;0;1;0;POINT (13.34613775 52.52497641)
12;2018;12;17;2;3;3;6;2;0;1;0;0;1;0;1;POINT (13.32805404 52.56406967)
5;2018;12;10;4;3;6;4;0;0;1;1;0;0;0;1;POINT (13.23861303 52.54469036)
2;2018;12;10;4;3;1;5;0;1;1;0;0;0;0;0;POINT (13.43270482 52.5054404)
3;2018;12;17;3;3;5;3;2;0;1;0;0;0;0;0;POINT (13.42742621 52.55240631)
1;2018;12;17;2;3;6;4;2;0;1;1;0;0;0;1;POINT (13.37876822 52.52770304)
1;2018;12;9;4;3;6;2;0;1;0;1;0;0;0;0;POINT (13.38799283 52.52341266)
11;2018;12;18;2;3;1;5;2;1;0;0;0;1;1;1;POINT (13.48528296 52.51649505)
7;2018;12;16;5;3;6;4;2;0;1;1;0;0;0;1;POINT (13.3688288 52.49309481)
1;2018;12;8;4;3;2;6;0;1;1;0;0;0;0;0;POINT (13.3906149 52.50770479)
10;2018;12;17;2;3;6;4;2;0;1;1;0;0;0;1;POINT (13.58625834 52.53941654)
6;2018;12;18;1;3;1;5;2;1;1;0;0;0;0;0;POINT (13.33286579 52.46472636)
2;2018;12;8;4;3;0;3;0;1;1;0;0;0;0;0;POINT (13.42640604 52.51585846)
1;2018;12;18;1;3;5;3;2;0;1;0;1;0;0;1;POINT (13.3764901 52.51009552)
7;2018;12;7;4;2;5;2;0;0;1;0;0;0;0;0;POINT (13.34877238 52.45891978)
10;2018;12;7;5;3;6;6;2;1;1;1;0;0;0;1;POINT (13.57353057 52.55228855)
3;2018;12;5;3;3;5;2;2;1;1;0;0;0;0;0;POINT (13.42912618 52.54923732)
7;2018;12;18;1;3;5;2;2;1;1;0;0;0;0;1;POINT (13.36117765 52.49442496)
10;2018;12;13;3;3;2;6;0;0;1;0;0;0;0;0;POINT (13.56585497 52.52885895)
9;2018;12;15;3;3;0;2;0;1;1;0;0;0;0;0;POINT (13.55309011 52.43085398)
1;2018;12;18;1;3;0;2;2;1;1;0;0;0;0;1;POINT (13.38397966 52.51038092)
11;2018;12;15;3;3;5;7;0;0;1;0;0;0;1;0;POINT (13.52169684 52.4752596)
1;2018;12;18;1;3;3;6;2;0;1;0;1;0;0;1;POINT (13.34334526 52.5276485)
11;2018;12;16;5;2;6;4;2;0;0;1;0;0;1;1;POINT (13.48608541 52.49665419)
4;2018;12;15;3;3;2;6;0;0;1;0;1;0;0;0;POINT (13.27255374 52.4991026)
4;2018;12;16;1;3;6;3;1;0;1;1;0;0;0;1;POINT (13.33077695 52.4972141)
1;2018;12;14;3;2;1;5;0;0;1;0;0;0;1;0;POINT (13.37861283 52.51088673)
12;2018;12;16;5;3;0;3;2;0;0;0;0;0;1;1;POINT (13.28072253 52.62942731)
8;2018;12;16;1;3;2;6;2;0;1;0;0;0;0;0;POINT (13.42989319 52.46999446)
1;2018;12;14;3;3;6;4;0;1;0;1;0;0;0;0;POINT (13.37689633 52.51160766)
10;2018;12;13;3;3;5;3;0;1;1;0;0;0;0;0;POINT (13.60122968 52.48198046)
12;2018;12;16;1;3;5;3;2;0;1;0;0;0;0;1;POINT (13.37741308 52.57131093)
8;2018;12;12;3;3;3;6;0;0;1;0;1;0;0;0;POINT (13.42945205 52.46021951)
4;2018;12;12;3;2;5;3;0;0;1;0;1;0;0;0;POINT (13.30892926 52.54761782)
12;2018;12;15;1;3;2;2;0;0;1;0;0;0;0;0;POINT (13.31319917 52.5748316)
11;2018;12;15;1;3;6;4;1;1;0;1;0;0;0;1;POINT (13.47254517 52.5050922)
3;2018;12;12;3;3;1;5;0;1;1;0;0;0;0;0;POINT (13.48151712 52.60197397)
7;2018;12;15;1;2;6;4;2;0;1;1;0;0;0;0;POINT (13.36905933 52.48057581)
9;2018;12;17;1;2;6;4;2;0;1;1;0;0;0;1;POINT (13.52907394 52.46311017)
10;2018;12;11;3;3;6;3;0;0;1;1;0;0;0;0;POINT (13.54887773 52.54339143)
12;2018;12;18;1;3;0;3;2;0;1;0;0;0;1;1;POINT (13.35831501 52.5968001)
5;2018;12;10;3;3;1;5;0;0;1;0;0;0;0;0;POINT (13.19676976 52.52714484)
1;2018;12;16;1;3;2;2;0;0;1;0;0;0;0;1;POINT (13.38625806 52.54959163)
7;2018;12;10;3;3;6;7;0;0;1;1;0;0;0;0;POINT (13.34494362 52.47965473)
7;2018;12;16;1;3;2;6;2;0;1;0;0;0;0;1;POINT (13.32110796 52.47285418)
6;2018;12;14;1;3;5;3;0;0;1;0;0;0;1;0;POINT (13.33502857 52.44301336)
12;2018;12;10;3;3;5;3;0;1;1;0;0;0;0;1;POINT (13.30393466 52.63128157)
8;2018;12;13;1;3;5;7;0;0;1;0;0;0;0;0;POINT (13.43879033 52.48226369)
2;2018;12;19;1;3;5;3;2;1;0;0;0;0;0;1;POINT (13.41937806 52.50125383)
2;2018;12;22;1;3;5;3;2;0;1;0;0;0;0;1;POINT (13.39969343 52.49841449)
7;2018;12;14;1;2;5;3;0;0;1;0;0;0;0;1;POINT (13.34585914 52.49884137)
2;2018;12;22;3;3;1;5;2;1;1;0;0;0;0;0;POINT (13.40417965 52.49120271)
5;2018;12;12;1;3;3;6;0;0;1;0;1;0;0;1;POINT (13.2319922 52.53833042)
3;2018;12;12;1;3;5;3;0;1;1;0;0;0;0;0;POINT (13.43442839 52.5496752)
4;2018;12;20;3;2;5;3;2;1;1;0;0;0;0;0;POINT (13.30186465 52.49919161)
4;2018;12;12;1;3;5;2;0;1;1;0;0;0;0;0;POINT (13.29609494 52.49705116)
9;2018;12;10;3;3;1;5;0;0;1;0;0;0;0;0;POINT (13.55377507 52.41336529)
8;2018;12;10;1;3;1;5;0;1;1;0;0;0;0;0;POINT (13.44300662 52.480616)
4;2018;12;9;3;2;5;2;0;0;1;0;1;0;0;0;POINT (13.28035412 52.51748357)
4;2018;12;10;1;3;2;7;0;0;1;0;0;0;0;0;POINT (13.30593047 52.52464134)
2;2018;12;18;3;3;0;1;2;0;0;0;1;0;0;1;POINT (13.39810343 52.49825623)
1;2018;12;10;1;3;5;3;0;1;0;0;0;0;1;0;POINT (13.41976309 52.52541465)
1;2018;12;9;3;3;5;2;0;1;1;0;0;0;0;0;POINT (13.356831 52.52347332)
9;2018;12;16;5;3;6;2;2;0;1;1;0;0;0;1;POINT (13.5172249 52.45436376)
7;2018;12;18;3;3;0;2;2;0;1;0;1;0;0;0;POINT (13.38567701 52.46858756)
1;2018;12;9;1;3;6;7;0;0;0;1;1;0;0;1;POINT (13.3893016 52.514072)
8;2018;12;9;3;3;1;5;0;1;1;0;0;0;0;0;POINT (13.45373746 52.48235485)
1;2018;12;18;3;3;3;2;2;0;1;0;0;0;1;0;POINT (13.38069696 52.51667252)
3;2018;12;15;5;3;5;2;2;1;1;0;0;0;0;1;POINT (13.40893208 52.57107306)
4;2018;12;9;3;3;2;6;0;0;1;0;0;0;0;0;POINT (13.25974633 52.51682147)
1;2018;12;9;1;3;1;5;0;1;0;0;0;1;0;0;POINT (13.41048872 52.51244835)
11;2018;12;9;3;3;5;2;0;1;0;0;0;1;0;0;POINT (13.50931473 52.54635362)
11;2018;12;9;3;3;5;3;0;1;1;0;0;0;0;0;POINT (13.52603543 52.56420205)
2;2018;12;9;1;3;5;2;0;1;0;0;0;0;1;0;POINT (13.42903389 52.51063817)
1;2018;12;18;3;3;2;6;2;0;1;0;0;0;0;1;POINT (13.42434631 52.50891145)
12;2018;12;8;1;3;2;6;0;0;1;0;0;0;0;0;POINT (13.3058565 52.62062134)
2;2018;12;15;5;3;1;5;1;1;1;0;0;0;0;1;POINT (13.41439329 52.49335246)
10;2018;12;8;3;3;5;3;0;1;1;0;0;0;0;1;POINT (13.6139958 52.52743369)
1;2018;12;7;1;2;5;2;0;1;1;0;0;0;0;0;POINT (13.35572731 52.50212985)
9;2018;12;8;3;3;5;3;0;1;1;0;0;0;0;0;POINT (13.52894 52.43319142)
4;2018;12;15;5;3;2;2;0;0;1;0;0;0;0;1;POINT (13.31566524 52.48186655)
12;2018;12;7;1;1;6;4;2;0;1;1;0;0;0;0;POINT (13.37995821 52.57184093)
12;2018;12;8;3;3;5;2;0;1;1;0;0;0;0;1;POINT (13.35103259 52.56758329)
1;2018;12;7;3;3;5;3;0;0;1;0;0;0;1;0;POINT (13.34874107 52.54284965)
8;2018;12;6;1;3;2;6;2;0;1;0;0;0;0;0;POINT (13.42545641 52.48078159)
4;2018;12;17;3;3;5;2;2;0;1;0;0;0;0;0;POINT (13.31882289 52.51918402)
1;2018;12;23;7;3;2;6;2;0;1;0;0;0;0;0;POINT (13.41635882 52.52170876)
4;2018;12;14;5;3;5;2;0;1;1;0;0;0;0;1;POINT (13.325077 52.4999507)
3;2018;12;16;7;3;5;2;2;0;1;0;0;0;0;1;POINT (13.4448303 52.54552984)
1;2018;12;17;3;3;5;2;2;1;0;0;0;0;1;0;POINT (13.42119919 52.50982855)
7;2018;12;22;7;3;1;5;2;0;1;0;0;1;0;1;POINT (13.34774174 52.46730305)
1;2018;12;14;5;2;8;1;0;0;0;0;0;0;1;1;POINT (13.36773434 52.51738897)
7;2018;12;7;3;3;0;1;0;0;1;0;1;0;0;1;POINT (13.39785736 52.41681782)
2;2018;12;20;7;3;5;3;2;1;0;0;0;0;1;1;POINT (13.40789111 52.50432286)
1;2018;12;13;5;3;3;6;0;1;1;0;0;0;0;1;POINT (13.3791799 52.55301227)
4;2018;12;18;7;2;6;4;2;0;1;1;0;0;0;1;POINT (13.33031985 52.48616898)
3;2018;12;16;3;2;6;4;1;1;0;1;0;0;0;0;POINT (13.41008854 52.55085022)
2;2018;12;4;3;2;6;2;2;0;1;1;0;0;0;0;POINT (13.41913425 52.50132133)
3;2018;12;18;7;2;2;6;1;0;1;0;1;0;0;1;POINT (13.42210895 52.53539565)
1;2018;12;17;7;3;3;2;2;0;1;0;0;0;0;1;POINT (13.34974009 52.50316128)
7;2018;12;15;3;3;5;2;1;0;1;0;0;0;0;0;POINT (13.37623275 52.40914217)
7;2018;12;15;7;3;5;3;1;0;1;0;0;0;0;1;POINT (13.38185954 52.39680924)
11;2018;12;14;7;3;6;7;0;0;0;1;0;0;1;0;POINT (13.47364033 52.53577071)
2;2018;12;19;5;3;5;7;2;0;1;0;0;0;0;1;POINT (13.4457322 52.50181909)
12;2018;12;16;3;3;6;4;1;0;1;1;0;0;0;0;POINT (13.35537331 52.56233121)
1;2018;12;11;7;2;6;4;0;0;1;1;0;0;0;1;POINT (13.35022146 52.55155823)
7;2018;12;9;3;3;2;6;0;0;1;0;0;0;0;1;POINT (13.4021255 52.44694692)
12;2018;12;13;5;2;2;4;0;0;1;1;1;0;0;1;POINT (13.33834599 52.56432734)
10;2018;12;5;7;3;0;7;2;0;1;0;0;0;0;1;POINT (13.56085329 52.4915367)
4;2018;12;16;3;3;1;5;0;1;1;0;0;0;0;0;POINT (13.32115556 52.48961978)
8;2018;12;4;7;3;5;3;2;0;1;0;0;0;0;1;POINT (13.44352747 52.41766809)
3;2018;12;7;3;3;5;2;1;1;1;0;0;0;0;0;POINT (13.43375063 52.54958365)
9;2018;12;13;5;2;9;1;0;0;1;0;0;0;0;1;POINT (13.49214333 52.45804193)
5;2018;12;1;7;2;6;4;2;0;1;1;0;0;0;1;POINT (13.22734929 52.53768167)
11;2018;12;7;3;3;5;2;2;1;1;0;0;0;0;1;POINT (13.52744565 52.55751055)
9;2018;12;1;7;3;1;5;2;0;1;0;0;0;0;1;POINT (13.55671611 52.43446253)
2;2018;12;0;7;3;5;3;2;0;1;0;0;0;0;1;POINT (13.40196828 52.49246096)
6;2018;12;6;3;2;6;2;2;0;1;1;0;0;0;1;POINT (13.29558541 52.44255738)
9;2018;12;5;7;3;5;3;2;0;1;0;0;0;0;1;POINT (13.47952703 52.48444164)
4;2018;12;20;6;3;6;4;2;0;1;1;0;0;0;1;POINT (13.29900986 52.49841397)
10;2018;12;12;5;3;0;3;0;1;0;0;0;1;0;1;POINT (13.51928343 52.5165359)
4;2018;12;15;2;3;5;3;0;0;1;0;0;0;0;0;POINT (13.29858518 52.53514025)
12;2018;12;16;6;3;6;2;1;0;1;1;0;0;0;1;POINT (13.30664113 52.55519721)
6;2018;12;21;2;2;6;4;2;0;1;1;0;0;0;0;POINT (13.31524836 52.44944005)
3;2018;12;19;2;3;0;5;2;0;1;0;0;0;1;0;POINT (13.40752289 52.54757122)
2;2018;12;23;6;3;2;6;2;0;1;0;0;0;0;1;POINT (13.40067551 52.49045658)
8;2018;12;17;2;3;6;2;2;0;1;1;0;0;0;0;POINT (13.43236354 52.46566706)
4;2018;12;21;6;3;3;6;2;0;1;0;0;0;0;1;POINT (13.2785567 52.50361636)
1;2018;12;18;2;3;5;2;2;1;1;0;0;0;0;0;POINT (13.38293211 52.53066492)
6;2018;12;18;6;3;6;4;1;0;0;1;0;0;1;0;POINT (13.25893514 52.43213953)
8;2018;12;17;2;3;2;6;2;1;1;0;0;0;0;0;POINT (13.42726594 52.48108961)
2;2018;12;18;6;3;5;2;2;0;1;0;0;0;0;1;POINT (13.40652718 52.49832638)
1;2018;12;18;6;3;2;6;2;0;1;0;0;0;0;1;POINT (13.36952541 52.55990963)
8;2018;12;21;2;3;5;3;2;0;1;0;0;0;0;0;POINT (13.49042518 52.42791162)
1;2018;12;13;5;3;2;6;1;0;1;0;0;0;0;1;POINT (13.34247666 52.53945374)
1;2018;12;21;2;2;6;7;2;1;0;1;0;0;0;0;POINT (13.37903205 52.50698873)
12;2018;12;18;6;2;6;4;2;0;1;1;0;0;0;1;POINT (13.30652446 52.62077975)
3;2018;12;15;2;3;6;4;0;0;1;1;0;0;0;0;POINT (13.46465638 52.52358549)
7;2018;12;14;2;3;5;7;0;0;1;0;0;0;0;1;POINT (13.39402029 52.39765791)
12;2018;12;17;3;3;0;3;2;0;1;0;0;0;1;1;POINT (13.23747366 52.62027921)
12;2018;12;16;6;3;6;2;1;0;1;1;0;0;0;1;POINT (13.29479101 52.57651172)
12;2018;12;14;2;3;5;3;0;0;1;0;0;0;0;1;POINT (13.32362962 52.59822704)
9;2018;12;13;6;3;2;2;0;1;1;0;0;0;0;0;POINT (13.5387792 52.42053919)
8;2018;12;18;5;3;2;6;2;0;1;0;0;0;0;1;POINT (13.4569262 52.46510717)
7;2018;12;14;2;2;5;2;0;0;1;0;1;0;0;0;POINT (13.335064 52.47142207)
5;2018;12;7;6;3;2;6;2;0;1;0;0;0;0;1;POINT (13.20468914 52.53605644)
8;2018;12;14;2;3;2;6;0;0;1;0;0;0;0;1;POINT (13.45142665 52.43715622)
4;2018;12;16;5;3;6;2;2;0;1;1;0;0;0;1;POINT (13.27991652 52.51846523)
7;2018;12;14;6;3;1;6;0;1;1;0;0;0;1;1;POINT (13.33955968 52.50291891)
6;2018;12;14;2;3;5;3;0;1;0;0;0;0;1;1;POINT (13.3026571 52.41488154)
2;2018;12;12;2;3;5;2;0;1;1;0;0;0;0;0;POINT (13.37994892 52.49736522)