bez;ujahr;umonat;ustunde;uwochentag;ukategorie;uart;utyp1;ulichtverh;istrad;istpkw;istfuss;istkrad;istgkfz;istsonstige;ustrzustand;geometry
9;2018;12;13;6;2;6;4;0;0;0;1;0;0;1;0;POINT (13.56761253 52.44487206)
3;2018;12;11;2;3;2;1;0;0;1;0;0;0;0;0;POINT (13.41470391 52.55357195)
9;2018;12;11;2;3;1;5;0;0;1;0;0;0;0;0;POINT (13.53460305 52.44005335)
7;2018;12;9;6;2;8;1;0;0;1;0;0;0;0;1;POINT (13.35447955 52.49739273)
2;2018;12;11;2;3;2;1;0;0;1;0;0;0;0;0;POINT (13.46631268 52.50051799)
1;2018;12;9;2;3;6;7;0;0;1;1;0;0;0;0;POINT (13.35313527 52.55811093)
1;2018;12;6;6;3;2;6;2;0;1;0;0;0;0;0;POINT (13.40105156 52.52996598)
1;2018;12;9;2;3;6;4;0;1;0;1;0;0;0;1;POINT (13.39293811 52.51567047)
8;2018;12;11;6;3;1;5;0;0;1;0;0;0;1;0;POINT (13.43487102 52.46147059)
8;2018;12;8;2;3;2;6;1;0;1;0;0;0;0;1;POINT (13.42686736 52.47609978)
6;2018;12;2;6;2;9;1;2;0;1;0;0;0;0;1;POINT (13.28565385 52.45335395)
3;2018;12;5;2;3;4;6;2;0;1;0;0;0;0;1;POINT (13.44286685 52.5907067)
10;2018;12;2;6;3;0;6;2;0;1;0;0;0;1;1;POINT (13.58656401 52.52357853)
11;2018;12;8;2;3;5;2;0;1;1;0;0;0;0;1;POINT (13.47008905 52.50231493)
3;2018;12;7;5;3;6;4;2;1;0;1;0;0;0;1;POINT (13.45014301 52.56813101)
12;2018;12;19;5;3;6;7;2;0;1;1;0;0;0;1;POINT (13.29557622 52.57673307)
5;2018;12;8;2;3;6;7;0;1;0;1;0;0;0;0;POINT (13.18250789 52.48633009)
6;2018;12;16;5;3;5;2;2;1;1;0;0;0;0;1;POINT (13.33160219 52.42953207)
12;2018;12;7;2;3;5;3;0;1;1;0;0;0;0;1;POINT (13.31423677 52.60281903)
2;2018;12;18;5;3;5;3;2;1;1;0;0;0;0;1;POINT (13.43042525 52.49919427)
1;2018;12;18;5;3;5;3;2;0;1;0;0;0;0;1;POINT (13.37570543 52.54034045)
6;2018;12;6;2;2;6;2;2;0;1;1;0;0;0;1;POINT (13.3143198 52.42404651)
1;2018;12;17;5;3;3;6;2;1;1;0;0;0;0;1;POINT (13.38006083 52.54038372)
4;2018;12;18;5;3;3;6;2;1;1;0;0;0;0;1;POINT (13.30471114 52.49948708)
3;2018;12;6;2;3;5;3;2;1;1;0;0;0;0;0;POINT (13.42784899 52.567928)
7;2018;12;16;5;3;6;2;1;0;1;1;0;0;0;0;POINT (13.41298099 52.38285176)
10;2018;12;8;2;3;5;3;0;1;1;0;0;0;0;0;POINT (13.55962127 52.49521263)
1;2018;12;20;5;3;5;2;2;1;1;0;0;0;0;1;POINT (13.39108984 52.51489384)
1;2018;12;12;1;3;2;6;0;0;1;0;0;0;0;1;POINT (13.34925173 52.53590595)
1;2018;12;19;5;3;6;4;2;1;0;1;0;0;0;1;POINT (13.36006136 52.54427255)
1;2018;12;19;5;3;6;2;2;0;1;1;0;0;0;1;POINT (13.40382739 52.52601522)
1;2018;12;12;1;3;5;2;0;1;0;0;0;1;0;1;POINT (13.38166492 52.55227084)
9;2018;12;16;5;3;5;3;1;1;1;0;0;0;0;1;POINT (13.53433645 52.43141783)
2;2018;12;17;5;3;5;2;2;1;1;0;0;0;0;1;POINT (13.45203057 52.51068857)
8;2018;12;11;1;2;6;2;0;0;1;1;0;0;0;1;POINT (13.43133782 52.4815652)
6;2018;12;17;5;2;6;2;2;0;0;1;0;0;1;1;POINT (13.35159718 52.44008343)
11;2018;12;10;1;3;5;3;0;0;1;0;0;0;0;1;POINT (13.50771444 52.49245256)
12;2018;12;17;5;3;6;6;2;0;1;1;0;0;0;1;POINT (13.28810784 52.58889297)
1;2018;12;9;1;3;3;6;0;0;1;0;0;1;0;1;POINT (13.36838981 52.52628171)
11;2018;12;17;5;3;0;2;2;0;1;1;0;0;0;1;POINT (13.49814717 52.51390594)
4;2018;12;8;1;2;6;2;0;0;1;1;0;0;0;1;POINT (13.32294887 52.50585149)
4;2018;12;19;5;2;6;4;2;0;0;1;0;0;1;1;POINT (13.30711039 52.50526492)
6;2018;12;10;1;2;5;3;0;0;1;0;0;0;1;1;POINT (13.30662513 52.43780234)
1;2018;12;21;5;3;6;2;2;0;1;1;0;0;0;1;POINT (13.39372423 52.5109493)
3;2018;12;11;1;3;5;2;0;0;1;0;0;0;1;1;POINT (13.42871495 52.54778389)
6;2018;12;17;5;2;6;2;2;0;1;1;0;0;0;1;POINT (13.27051121 52.4510199)
2;2018;12;23;1;3;5;3;2;0;1;0;0;0;1;0;POINT (13.38589656 52.4850328)
6;2018;12;10;1;3;6;7;0;0;1;1;0;0;0;0;POINT (13.29568238 52.44171508)
9;2018;12;16;1;3;1;5;2;1;1;0;0;0;0;1;POINT (13.51862305 52.45341167)
12;2018;12;16;3;2;2;6;2;0;1;0;1;0;0;1;POINT (13.31566056 52.57105901)
1;2018;12;17;3;3;6;7;1;1;0;1;0;0;0;0;POINT (13.34342403 52.52634979)
10;2018;12;17;7;3;5;3;2;0;1;0;0;0;0;1;POINT (13.58624122 52.51686476)
1;2018;12;20;4;3;2;6;2;0;1;0;0;0;0;0;POINT (13.34845619 52.51514318)
1;2018;12;18;3;3;5;3;1;1;0;0;0;0;1;0;POINT (13.37687753 52.5177602)
12;2018;12;15;7;3;5;7;1;0;1;0;0;0;1;1;POINT (13.31102933 52.58460301)
4;2018;12;17;3;2;6;4;1;0;1;1;0;0;0;0;POINT (13.31179268 52.47992149)
7;2018;12;15;7;3;0;7;0;0;1;0;0;0;0;1;POINT (13.40028329 52.46031207)
12;2018;12;19;3;3;0;3;2;0;1;0;1;0;0;0;POINT (13.31621458 52.58670607)
3;2018;12;19;3;3;5;3;2;1;1;0;0;0;0;0;POINT (13.42697414 52.55221551)
1;2018;12;14;7;3;5;3;0;0;1;0;0;0;1;1;POINT (13.38413823 52.51010115)
2;2018;12;19;3;3;5;3;2;1;1;0;0;0;0;0;POINT (13.44935847 52.50216876)
2;2018;12;19;3;3;5;3;2;0;1;0;1;0;0;0;POINT (13.45782963 52.51282089)
8;2018;12;7;7;3;4;6;0;0;1;0;0;0;1;1;POINT (13.4923767 52.43299317)
11;2018;12;20;3;3;2;6;2;0;1;0;0;0;0;1;POINT (13.47168468 52.50525047)
1;2018;12;20;3;3;1;5;2;1;1;0;0;0;0;0;POINT (13.38631118 52.52794694)
2;2018;12;3;7;2;5;2;2;0;1;0;0;0;0;1;POINT (13.40664784 52.49842658)
12;2018;12;17;3;3;4;6;1;0;1;0;0;0;0;0;POINT (13.28744165 52.58623075)
2;2018;12;0;7;3;0;1;2;0;0;0;1;0;0;1;POINT (13.38650952 52.50558825)
5;2018;12;16;3;3;8;1;2;0;1;0;0;0;0;1;POINT (13.23220133 52.54049793)
1;2018;12;17;7;3;6;4;2;0;1;1;0;0;0;0;POINT (13.39050702 52.51860774)
2;2018;12;18;3;3;0;1;2;0;0;0;1;0;0;1;POINT (13.46851369 52.5069714)
2;2018;12;23;6;3;5;3;2;1;1;0;0;0;0;1;POINT (13.41029529 52.50378414)
1;2018;12;13;3;3;0;1;0;1;0;0;0;0;0;1;POINT (13.40955317 52.52216527)
12;2018;12;16;3;3;2;6;1;0;1;0;0;0;0;1;POINT (13.35184875 52.57381791)
6;2018;12;16;6;3;0;4;2;0;0;1;0;0;1;0;POINT (13.30050368 52.42090312)
4;2018;12;19;2;3;2;6;2;0;1;0;0;0;0;0;POINT (13.32269314 52.48845304)
8;2018;12;18;2;2;1;5;2;0;1;0;0;0;0;0;POINT (13.43495193 52.42756171)
7;2018;12;21;6;3;6;2;2;0;1;1;0;0;0;1;POINT (13.35030901 52.41441059)
8;2018;12;16;3;3;6;4;2;0;1;1;0;0;0;1;POINT (13.43091223 52.46784341)
11;2018;12;21;6;2;6;6;2;0;1;1;0;0;0;1;POINT (13.47444442 52.50453419)
4;2018;12;22;2;2;6;4;2;0;0;1;0;1;0;0;POINT (13.27891169 52.50361883)
1;2018;12;21;6;3;5;3;2;0;1;0;0;0;1;1;POINT (13.37388732 52.54760438)
2;2018;12;21;6;3;5;3;2;0;1;0;0;0;0;1;POINT (13.38520823 52.49854211)
8;2018;12;21;2;2;6;7;2;0;1;1;0;0;0;0;POINT (13.4271256 52.47534649)
2;2018;12;20;6;3;6;2;2;0;1;1;0;0;0;1;POINT (13.39832192 52.50714765)
10;2018;12;5;2;3;0;3;2;1;1;0;0;0;0;1;POINT (13.54777177 52.54292792)
1;2018;12;19;6;3;2;6;2;0;1;0;0;0;0;1;POINT (13.33685593 52.51537053)
9;2018;12;19;2;3;0;1;2;1;0;0;0;0;0;0;POINT (13.51444524 52.4689148)
12;2018;12;19;6;3;5;2;2;0;1;0;0;0;0;1;POINT (13.33056864 52.56253849)
2;2018;12;22;6;3;2;2;2;0;1;0;0;0;0;1;POINT (13.43336372 52.5230656)
12;2018;12;19;2;3;2;2;2;0;1;0;0;0;0;1;POINT (13.33459048 52.60344593)
1;2018;12;22;6;3;6;2;2;0;1;1;0;0;0;1;POINT (13.38166019 52.55233704)
5;2018;12;19;6;3;1;5;2;0;1;0;0;0;0;1;POINT (13.19754463 52.53506617)
7;2018;12;11;2;3;2;6;0;0;1;0;0;0;0;0;POINT (13.40520207 52.43945795)
5;2018;12;18;6;3;1;5;2;0;1;0;0;0;0;1;POINT (13.18052758 52.4891094)
12;2018;12;18;6;3;6;2;2;0;1;1;0;0;0;1;POINT (13.32810036 52.5641354)
3;2018;12;17;2;3;6;2;2;0;1;1;0;0;0;1;POINT (13.48271082 52.55612041)
4;2018;12;17;6;3;2;6;1;0;1;0;0;0;0;1;POINT (13.30055253 52.51925296)
9;2018;12;17;2;2;6;6;2;0;1;1;0;0;0;1;POINT (13.6881058 52.44116758)
12;2018;12;16;6;3;3;6;2;0;1;0;0;0;0;0;POINT (13.31463133 52.57526481)
4;2018;12;5;5;3;9;1;2;0;1;0;0;0;0;1;POINT (13.29297474 52.53444669)
1;2018;12;16;2;3;0;2;2;0;1;1;0;0;0;0;POINT (13.36987093 52.5598497)
8;2018;12;15;6;3;0;1;1;1;0;0;0;0;0;0;POINT (13.43322562 52.48353847)
8;2018;12;16;2;3;5;3;2;0;1;0;0;0;0;1;POINT (13.44049872 52.46193339)
9;2018;12;13;6;3;0;7;0;0;1;0;0;0;0;0;POINT (13.55929856 52.44675253)
8;2018;12;16;2;2;4;6;2;0;1;0;0;0;0;0;POINT (13.4352298 52.46043489)
6;2018;12;13;6;3;1;5;0;0;1;0;0;0;0;0;POINT (13.25912722 52.41424856)
1;2018;12;16;2;3;2;6;0;1;1;0;0;0;0;0;POINT (13.37931783 52.52249496)
5;2018;12;13;6;2;5;3;0;1;1;0;0;0;0;0;POINT (13.16170046 52.54611544)
4;2018;12;12;6;3;6;4;0;0;1;1;0;0;0;0;POINT (13.3317485 52.50398237)
4;2018;12;15;2;3;3;6;1;0;1;0;1;0;1;0;POINT (13.32353812 52.49531182)
11;2018;12;15;2;3;5;3;1;1;1;0;0;0;0;0;POINT (13.4859041 52.51847098)
12;2018;12;10;6;3;5;3;0;0;1;0;1;0;0;1;POINT (13.29800375 52.58486585)
5;2018;12;13;2;3;5;3;0;0;0;0;1;0;1;0;POINT (13.13641675 52.44775068)
4;2018;12;10;2;3;0;7;0;0;1;0;0;0;0;0;POINT (13.19751363 52.47962001)
5;2018;12;4;6;2;8;1;2;0;1;0;0;0;0;1;POINT (13.180261 52.49454233)
5;2018;12;16;4;3;6;2;2;0;1;1;0;0;0;1;POINT (13.21617937 52.52684886)
1;2018;12;9;2;3;5;2;0;0;1;0;0;0;0;1;POINT (13.38660039 52.54948489)
11;2018;12;1;6;3;5;3;2;0;1;0;0;0;1;1;POINT (13.48140588 52.50205341)
11;2018;12;8;2;3;3;6;0;0;1;0;0;0;0;1;POINT (13.47191821 52.50451002)
12;2018;12;6;5;3;1;5;2;0;1;0;0;0;1;1;POINT (13.33576705 52.57960018)
2;2018;12;10;3;3;5;3;0;0;1;0;0;0;0;1;POINT (13.40523862 52.50509156)
5;2018;12;8;2;3;6;2;0;0;1;1;0;0;0;1;POINT (13.18249183 52.48612104)
8;2018;12;11;3;3;8;1;0;0;1;0;0;0;0;0;POINT (13.4116989 52.43900044)
1;2018;12;18;5;3;6;2;2;0;1;1;0;0;0;1;POINT (13.38615489 52.55864222)
8;2018;12;7;2;2;5;3;0;0;1;0;0;0;0;1;POINT (13.42879498 52.45555483)
2;2018;12;7;2;3;6;4;1;0;1;1;0;0;0;1;POINT (13.4587949 52.5064892)
4;2018;12;23;5;2;9;1;2;0;1;0;0;0;0;1;POINT (13.32033848 52.4786743)
8;2018;12;18;3;2;4;1;2;0;1;0;0;0;0;1;POINT (13.45560241 52.46911351)
4;2018;12;7;2;3;6;2;2;0;1;1;0;0;0;1;POINT (13.32119858 52.52079487)
1;2018;12;14;3;3;2;6;0;0;1;0;0;0;0;1;POINT (13.37678354 52.55631775)
10;2018;12;16;5;3;6;4;2;0;1;1;0;0;0;1;POINT (13.55699745 52.52500344)
9;2018;12;7;2;3;5;2;2;1;1;0;0;0;0;1;POINT (13.6255417 52.45696366)
5;2018;12;6;2;3;2;2;2;0;1;0;0;0;0;1;POINT (13.2085388 52.56155683)
1;2018;12;16;5;3;6;4;2;0;1;1;0;0;0;1;POINT (13.34826466 52.50682056)
7;2018;12;0;4;3;5;3;2;0;1;0;0;0;0;1;POINT (13.39407751 52.41105754)
8;2018;12;6;2;3;2;4;2;0;1;1;0;1;0;1;POINT (13.46217795 52.46728911)
1;2018;12;16;5;3;5;2;2;1;1;0;0;0;0;1;POINT (13.34141253 52.52058907)
8;2018;12;6;2;3;5;3;2;1;1;0;0;0;0;1;POINT (13.45909149 52.44042899)
11;2018;12;16;5;3;5;2;1;0;1;0;0;0;1;1;POINT (13.46892047 52.53146155)
3;2018;12;3;3;3;5;3;2;0;1;0;0;0;0;0;POINT (13.41204201 52.54103341)
3;2018;12;15;2;3;2;6;0;0;1;0;0;0;0;1;POINT (13.43056985 52.58959228)
1;2018;12;17;5;3;6;4;2;0;1;1;0;0;0;1;POINT (13.35608701 52.5432466)
3;2018;12;15;2;3;0;2;0;1;1;0;0;0;0;0;POINT (13.4276203 52.54582117)
3;2018;12;15;2;2;0;1;0;1;0;0;0;0;0;1;POINT (13.40797322 52.5657976)
2;2018;12;17;5;3;2;6;2;1;1;0;0;0;0;1;POINT (13.43669607 52.50373802)
1;2018;12;17;5;3;5;3;2;1;1;0;0;0;0;1;POINT (13.39354615 52.52636885)
9;2018;12;13;2;2;5;2;0;1;1;0;0;0;0;1;POINT (13.50272889 52.47010819)
2;2018;12;17;5;3;5;3;2;0;1;0;0;0;0;1;POINT (13.40458568 52.49518898)
10;2018;12;17;5;3;5;2;2;1;1;0;0;0;0;1;POINT (13.58793693 52.50822674)
8;2018;12;12;2;3;6;7;0;0;1;1;0;0;0;0;POINT (13.45251378 52.42902692)
5;2018;12;17;5;3;6;2;2;0;1;1;0;0;0;1;POINT (13.21377344 52.53171101)
2;2018;12;18;5;3;6;2;2;0;1;1;0;0;0;1;POINT (13.39810462 52.50711911)
10;2018;12;12;2;3;6;4;0;0;1;1;0;0;0;0;POINT (13.57917324 52.56962842)
12;2018;12;18;5;3;1;5;2;0;1;0;0;0;1;1;POINT (13.31363361 52.57596425)
1;2018;12;12;2;3;6;7;0;0;0;1;1;0;0;0;POINT (13.38763711 52.52402301)
9;2018;12;19;5;3;5;7;2;0;1;0;0;0;1;1;POINT (13.53898773 52.42580666)
1;2018;12;11;2;3;5;2;0;1;1;0;0;0;0;0;POINT (13.41641769 52.51093357)
6;2018;12;19;5;3;5;3;2;0;1;0;0;0;0;1;POINT (13.31543809 52.41651141)
6;2018;12;11;2;3;5;2;0;1;1;0;0;0;0;0;POINT (13.30397399 52.45866925)
3;2018;12;19;5;3;9;1;2;0;1;0;0;0;0;1;POINT (13.4287676 52.52862795)
9;2018;12;20;5;3;5;7;2;0;1;0;0;0;0;1;POINT (13.58181166 52.43884047)
7;2018;12;11;2;3;3;6;0;0;1;0;0;0;1;1;POINT (13.38572019 52.4660969)
1;2018;12;22;5;3;5;2;2;0;1;0;1;0;0;1;POINT (13.37113768 52.51111672)
4;2018;12;23;5;3;6;7;2;1;0;1;0;0;0;1;POINT (13.30672326 52.51573314)
1;2018;12;22;2;2;2;6;2;0;1;0;0;0;0;0;POINT (13.37330708 52.55702057)
1;2018;12;15;3;3;5;3;0;0;1;0;0;0;0;1;POINT (13.37947926 52.54980875)
9;2018;12;10;2;2;2;6;0;0;1;0;0;1;0;1;POINT (13.46177062 52.4544294)
11;2018;12;22;5;3;6;2;2;0;1;1;0;0;0;1;POINT (13.46999479 52.50227678)
1;2018;12;12;1;3;2;6;0;1;0;0;0;0;0;1;POINT (13.38730274 52.52602045)
1;2018;12;14;1;3;2;7;0;1;1;0;0;0;0;0;POINT (13.38830984 52.52003157)
2;2018;12;11;5;3;5;3;0;0;1;0;0;0;0;1;POINT (13.46398118 52.51309259)
4;2018;12;22;4;3;6;2;2;0;1;1;0;0;0;1;POINT (13.27356226 52.54176135)
4;2018;12;17;1;2;6;2;2;0;1;1;0;0;0;0;POINT (13.28076672 52.47678184)
1;2018;12;10;5;3;5;3;0;0;1;0;0;0;0;1;POINT (13.35099515 52.54249143)
4;2018;12;17;1;3;2;6;2;0;1;0;0;0;0;0;POINT (13.30184616 52.49902167)
1;2018;12;9;5;3;5;2;0;1;0;0;0;0;1;1;POINT (13.34492333 52.53913085)
1;2018;12;17;1;3;5;2;2;1;1;0;0;0;0;0;POINT (13.3874144 52.51017476)
1;2018;12;15;5;3;6;4;2;0;1;1;0;0;0;1;POINT (13.3563883 52.52222106)
9;2018;12;14;5;3;5;3;0;1;1;0;0;0;0;1;POINT (13.53228233 52.46163019)
3;2018;12;17;1;3;2;6;2;0;1;0;0;0;1;0;POINT (13.42929122 52.58590439)
3;2018;12;22;2;3;9;1;2;0;1;0;0;0;0;0;POINT (13.4180591 52.58420665)
10;2018;12;16;1;3;2;6;2;0;1;0;0;0;0;1;POINT (13.56993979 52.54166419)
8;2018;12;14;5;3;6;4;0;1;0;1;0;0;0;1;POINT (13.44991082 52.44548086)
8;2018;12;16;1;3;1;5;2;0;1;0;0;0;0;0;POINT (13.44315912 52.42559317)
6;2018;12;16;1;3;6;2;1;0;1;1;0;0;0;0;POINT (13.30612393 52.46576546)
11;2018;12;13;3;3;0;1;0;0;0;0;1;0;0;1;POINT (13.4795665 52.52032538)
3;2018;12;13;5;3;5;2;0;1;0;0;0;0;1;1;POINT (13.37567305 52.58096031)
6;2018;12;14;4;3;6;4;0;0;1;1;0;0;0;0;POINT (13.31787266 52.41426246)
1;2018;12;16;1;3;2;6;1;0;1;0;0;0;0;1;POINT (13.41556572 52.52063874)
8;2018;12;16;5;3;6;4;2;0;1;1;0;0;0;1;POINT (13.44908897 52.45250947)
1;2018;12;11;2;3;0;7;0;1;0;0;0;0;0;1;POINT (13.40314087 52.52330765)
8;2018;12;16;1;3;3;6;2;1;1;0;0;0;0;0;POINT (13.45060307 52.47999599)
3;2018;12;14;5;2;6;4;0;0;1;1;0;0;0;1;POINT (13.42981764 52.58745555)
3;2018;12;13;5;3;0;3;0;0;1;0;1;0;0;1;POINT (13.42868186 52.5512038)
2;2018;12;16;1;3;2;6;2;0;1;0;0;0;1;0;POINT (13.42756797 52.51695082)
2;2018;12;8;5;3;6;2;0;0;1;1;0;0;0;1;POINT (13.41819829 52.49386337)
9;2018;12;15;1;3;5;3;0;1;1;0;0;0;0;0;POINT (13.45420598 52.49387646)
3;2018;12;10;2;3;5;3;0;1;1;0;0;0;0;1;POINT (13.42671674 52.56503033)
2;2018;12;15;1;3;2;2;0;0;1;0;0;0;0;1;POINT (13.46435513 52.51005718)
4;2018;12;12;5;3;5;3;0;0;1;0;0;0;0;1;POINT (13.29902324 52.49081466)
4;2018;12;14;1;3;5;2;0;0;1;0;0;0;0;0;POINT (13.33166256 52.50523244)
11;2018;12;13;1;3;1;3;0;0;1;0;0;0;1;1;POINT (13.48965764 52.52309046)
3;2018;12;7;5;3;5;2;0;1;1;0;0;0;0;1;POINT (13.44528701 52.55386897)
9;2018;12;21;3;3;5;2;2;0;1;0;0;0;0;1;POINT (13.70639963 52.43395138)
9;2018;12;13;1;2;5;3;0;0;1;0;1;0;0;1;POINT (13.53141966 52.40508603)
2;2018;12;12;5;3;5;3;0;1;1;0;0;0;0;0;POINT (13.46218222 52.50083368)
1;2018;12;1;2;3;2;6;2;0;1;0;0;0;0;1;POINT (13.37839891 52.54462188)
1;2018;12;18;1;3;2;6;2;0;1;0;1;0;0;0;POINT (13.34715613 52.52619573)
6;2018;12;11;5;3;2;6;0;0;1;0;0;0;0;1;POINT (13.34805442 52.45109469)
10;2018;12;22;1;3;6;7;2;0;1;1;0;0;0;0;POINT (13.54078595 52.53679894)
2;2018;12;12;1;3;5;3;0;1;0;0;0;0;0;1;POINT (13.41424161 52.4984486)
12;2018;12;11;5;2;5;7;0;0;1;0;1;0;0;0;POINT (13.36517072 52.56784295)
4;2018;12;23;1;2;3;6;2;0;1;0;1;0;0;0;POINT (13.29661472 52.49813008)
1;2018;12;6;1;3;6;7;2;1;0;1;0;0;0;0;POINT (13.33121102 52.53057875)
3;2018;12;7;5;3;6;2;2;0;1;1;0;0;0;1;POINT (13.41241739 52.53257039)
1;2018;12;7;1;3;6;4;0;0;1;1;0;0;0;0;POINT (13.39120094 52.53868175)
4;2018;12;9;1;3;5;2;0;1;0;0;0;0;1;0;POINT (13.3286541 52.47858893)
5;2018;12;11;5;3;2;6;0;0;1;0;0;0;0;0;POINT (13.20227782 52.54068367)
12;2018;12;16;3;3;1;1;2;0;1;0;0;0;0;1;POINT (13.31170774 52.6222416)
6;2018;12;11;5;3;1;5;0;0;1;0;0;0;1;1;POINT (13.33129935 52.42651791)
1;2018;12;10;1;3;1;5;0;1;1;0;0;0;1;0;POINT (13.34695464 52.50385272)
2;2018;12;13;5;3;5;7;0;0;1;0;0;0;0;1;POINT (13.38465229 52.50496372)
10;2018;12;7;5;2;6;4;2;0;1;1;0;0;0;1;POINT (13.60357137 52.48532393)
2;2018;12;8;1;3;8;1;0;0;1;0;0;0;0;0;POINT (13.39377538 52.49813264)
11;2018;12;14;5;2;6;4;0;0;1;1;0;0;0;1;POINT (13.47056821 52.53171849)
4;2018;12;0;7;3;5;3;2;0;1;0;0;0;0;0;POINT (13.33267446 52.47869343)
2;2018;12;7;5;3;5;3;2;1;1;0;0;0;0;1;POINT (13.40965113 52.50407624)
2;2018;12;6;7;3;6;4;2;0;1;1;0;0;0;0;POINT (13.43821116 52.51187054)
3;2018;12;13;5;3;5;3;0;0;1;0;0;0;0;1;POINT (13.47409986 52.60990175)
9;2018;12;6;5;3;6;4;2;0;0;1;0;0;1;1;POINT (13.56432219 52.43833806)
6;2018;12;9;7;3;0;7;0;1;0;0;0;0;0;1;POINT (13.3430079 52.43966975)
3;2018;12;13;5;2;0;7;0;0;1;0;0;0;1;1;POINT (13.39642185 52.56637274)
8;2018;12;15;5;3;0;7;1;0;1;1;0;0;0;1;POINT (13.42495779 52.45788372)
8;2018;12;2;5;2;1;5;2;1;1;0;0;0;0;0;POINT (13.4446017 52.48455425)
1;2018;12;16;4;3;2;6;2;0;1;0;0;0;0;0;POINT (13.3511729 52.51541113)
4;2018;12;10;7;3;1;7;0;0;1;0;0;0;0;0;POINT (13.30365027 52.47279501)
6;2018;12;7;4;3;6;4;2;0;1;1;0;0;0;0;POINT (13.31946282 52.46328954)
1;2018;12;22;4;3;5;3;2;0;1;0;0;0;0;1;POINT (13.38954843 52.5577828)
4;2018;12;11;7;3;5;2;0;0;1;0;1;0;0;0;POINT (13.29685912 52.54816775)
9;2018;12;21;4;3;0;1;2;0;1;0;0;0;0;1;POINT (13.53552255 52.41803669)
7;2018;12;13;7;3;1;5;0;1;1;0;0;0;1;0;POINT (13.36342868 52.47681295)
1;2018;12;19;4;3;5;2;2;1;1;0;0;0;0;1;POINT (13.39377505 52.52852677)
11;2018;12;5;5;3;5;3;2;1;1;0;0;0;0;1;POINT (13.47852791 52.53760844)
3;2018;12;17;7;2;2;6;1;0;1;0;0;0;0;0;POINT (13.42507866 52.55243384)
7;2018;12;19;4;3;5;3;2;1;1;0;0;0;0;1;POINT (13.36191072 52.497987)
12;2018;12;21;7;3;5;7;2;0;1;0;0;0;1;0;POINT (13.36156715 52.60003921)
9;2018;12;10;4;3;6;7;0;1;0;1;0;0;0;0;POINT (13.62795346 52.4530966)
3;2018;12;20;7;3;5;3;2;0;1;0;0;0;0;1;POINT (13.43023753 52.55097241)
2;2018;12;21;1;3;0;3;2;0;1;0;0;0;1;1;POINT (13.42492355 52.50210161)
1;2018;12;18;6;3;5;2;2;0;1;0;0;0;0;1;POINT (13.38850989 52.54784136)
8;2018;12;9;4;3;5;7;0;0;1;0;0;0;0;0;POINT (13.45990677 52.43191158)
2;2018;12;20;6;3;4;1;2;1;1;0;0;0;0;0;POINT (13.45352462 52.51041762)
1;2018;12;20;6;3;2;6;2;0;1;0;0;0;0;0;POINT (13.36974151 52.50214435)
1;2018;12;22;1;3;5;3;2;0;1;0;0;0;0;1;POINT (13.41967866 52.50608207)
5;2018;12;20;6;3;2;6;2;0;1;0;0;0;0;0;POINT (13.19189164 52.54625344)
8;2018;12;9;4;3;3;6;0;0;1;0;1;0;0;0;POINT (13.44150566 52.47046626)
10;2018;12;22;6;3;5;1;2;0;1;0;0;0;1;0;POINT (13.59660809 52.54431134)
5;2018;12;18;6;3;2;6;2;0;1;0;0;0;0;1;POINT (13.20959648 52.53838917)
1;2018;12;9;4;2;0;1;0;1;0;0;0;0;0;0;POINT (13.37147457 52.50482348)
11;2018;12;18;4;3;5;3;2;0;1;0;0;0;0;1;POINT (13.49587138 52.54776229)
4;2018;12;16;6;3;2;2;1;0;1;0;0;0;0;0;POINT (13.30939227 52.49202537)
1;2018;12;9;4;3;5;3;0;0;1;0;0;0;0;0;POINT (13.39425576 52.50971804)
3;2018;12;17;1;3;1;5;2;1;1;0;0;0;0;0;POINT (13.41761905 52.55976274)
10;2018;12;13;6;2;6;7;0;0;1;1;0;0;0;0;POINT (13.55962854 52.55555935)
5;2018;12;9;4;3;2;6;0;0;1;0;0;0;0;0;POINT (13.20253139 52.54013286)
1;2018;12;9;6;2;0;1;0;1;0;0;0;0;0;0;POINT (13.37694825 52.5165119)
7;2018;12;14;1;3;1;5;0;0;1;0;0;0;0;0;POINT (13.34600095 52.49669679)
3;2018;12;14;3;3;5;3;0;0;1;0;0;0;0;1;POINT (13.39799506 52.58486356)
1;2018;12;8;4;3;0;3;0;1;0;0;1;0;0;0;POINT (13.4017119 52.51221188)
2;2018;12;1;6;3;8;1;2;1;0;0;0;0;0;0;POINT (13.47092271 52.50471858)
7;2018;12;14;6;3;0;1;0;0;0;0;1;0;0;1;POINT (13.37742322 52.46456148)