bez;ujahr;umonat;ustunde;uwochentag;ukategorie;uart;utyp1;ulichtverh;istrad;istpkw;istfuss;istkrad;istgkfz;istsonstige;ustrzustand;geometry
7;2018;12;7;4;3;2;6;0;0;1;0;0;0;0;1;POINT (13.37711851 52.48268855)
12;2018;12;19;3;3;8;1;2;0;1;0;0;0;0;1;POINT (13.32828636 52.59953605)
7;2018;12;15;5;3;6;7;0;0;1;1;0;0;0;0;POINT (13.33737486 52.47339365)
2;2018;12;7;4;2;3;6;0;0;1;0;0;0;0;0;POINT (13.41443354 52.49153187)
6;2018;12;13;1;3;1;5;0;0;1;0;0;0;0;0;POINT (13.32448467 52.45796673)
6;2018;12;7;4;3;2;7;1;0;1;0;0;0;0;0;POINT (13.27387383 52.45761396)
8;2018;12;11;4;3;2;6;0;0;1;0;0;0;1;0;POINT (13.44852294 52.47762717)
10;2018;12;17;5;3;0;4;2;0;0;1;0;0;1;0;POINT (13.60463824 52.53683923)
5;2018;12;6;4;2;5;3;2;1;0;0;0;1;0;0;POINT (13.21868519 52.56025739)
10;2018;12;12;1;3;2;6;0;0;1;0;0;0;0;0;POINT (13.57154538 52.54574079)
4;2018;12;18;5;3;6;6;2;0;1;1;0;0;0;0;POINT (13.28725671 52.5168346)
11;2018;12;6;4;3;2;6;2;0;1;0;0;0;0;0;POINT (13.47833521 52.50677725)
9;2018;12;10;1;3;6;2;0;0;1;1;0;0;0;1;POINT (13.58696361 52.44103277)
8;2018;12;5;4;3;5;3;2;0;1;0;0;0;0;1;POINT (13.42893851 52.4778832)
7;2018;12;16;5;3;6;2;2;0;1;1;0;0;0;0;POINT (13.34592557 52.49874433)
1;2018;12;17;5;3;2;6;2;0;1;0;1;0;0;0;POINT (13.35159005 52.52421125)
4;2018;12;15;3;3;2;6;1;0;1;0;0;0;0;1;POINT (13.28885953 52.5189389)
7;2018;12;1;4;3;2;2;2;1;0;0;0;0;0;1;POINT (13.35593888 52.48611193)
10;2018;12;16;4;3;0;1;1;0;0;0;1;0;0;1;POINT (13.54397283 52.52582946)
2;2018;12;17;5;2;6;4;1;0;1;1;0;0;0;0;POINT (13.46460585 52.5101486)
4;2018;12;12;4;3;5;2;0;1;1;0;0;0;0;0;POINT (13.30093032 52.50323759)
4;2018;12;16;4;3;0;2;1;1;1;0;0;0;0;0;POINT (13.32680449 52.48178402)
12;2018;12;9;7;3;5;3;0;1;1;0;0;0;0;0;POINT (13.36812605 52.56970637)
4;2018;12;16;5;3;2;2;2;0;1;0;0;0;0;0;POINT (13.33262102 52.50616022)
11;2018;12;16;4;2;6;4;1;0;0;1;0;0;1;0;POINT (13.50763083 52.565674)
9;2018;12;16;5;3;2;6;2;0;1;0;0;0;0;0;POINT (13.5111867 52.45436558)
7;2018;12;22;7;3;5;2;2;0;1;0;0;0;0;1;POINT (13.38115178 52.48264104)
12;2018;12;17;4;3;2;6;2;0;1;0;0;0;0;1;POINT (13.31754513 52.61599395)
4;2018;12;14;5;3;6;6;0;1;0;1;0;0;0;0;POINT (13.31604029 52.48166239)
1;2018;12;15;4;3;5;2;0;0;1;1;0;0;0;0;POINT (13.33542226 52.52680755)
11;2018;12;13;5;2;6;7;0;0;0;1;0;0;1;0;POINT (13.47942428 52.52326113)
2;2018;12;21;7;3;5;2;2;0;1;0;0;0;0;1;POINT (13.39577771 52.49836602)
3;2018;12;15;4;3;6;4;1;0;1;1;0;0;0;0;POINT (13.4884858 52.61910618)
5;2018;12;12;5;3;8;1;0;0;1;0;0;0;0;0;POINT (13.25235062 52.53514585)
4;2018;12;15;4;3;2;7;0;0;1;0;0;0;0;0;POINT (13.2779958 52.50339908)
12;2018;12;14;4;3;5;2;0;0;1;0;1;0;0;1;POINT (13.23586077 52.62111919)
1;2018;12;11;5;3;5;2;0;1;0;0;0;0;1;0;POINT (13.34672688 52.54025489)
1;2018;12;13;4;3;5;3;0;1;1;0;0;0;0;1;POINT (13.37697058 52.51077444)
4;2018;12;13;4;3;5;3;0;1;1;0;0;0;0;0;POINT (13.31811275 52.50985467)
5;2018;12;21;7;3;6;2;2;0;1;1;0;0;0;1;POINT (13.18243094 52.53854266)
8;2018;12;11;5;2;5;2;0;1;1;0;0;0;0;0;POINT (13.45694168 52.45334171)
3;2018;12;13;4;3;2;6;0;0;1;0;0;0;1;0;POINT (13.42791862 52.58780064)
10;2018;12;11;5;2;5;3;0;1;1;0;0;0;0;0;POINT (13.57816453 52.49818113)
3;2018;12;8;5;3;6;7;0;1;0;1;0;0;0;0;POINT (13.43190724 52.5319373)
6;2018;12;13;4;3;5;3;0;0;1;0;0;0;0;0;POINT (13.32977188 52.464422)
5;2018;12;7;5;3;6;2;2;0;1;1;0;0;0;1;POINT (13.18179451 52.53408248)
4;2018;12;9;5;3;2;6;0;0;1;0;0;0;0;0;POINT (13.27265203 52.47942807)
10;2018;12;10;4;3;5;3;0;1;1;0;0;0;0;0;POINT (13.60580338 52.53565163)
3;2018;12;9;5;3;5;3;0;1;1;0;0;0;0;0;POINT (13.47718327 52.61084257)
9;2018;12;15;4;3;6;2;2;0;1;1;0;0;0;0;POINT (13.54672687 52.43145474)
1;2018;12;9;5;3;5;2;0;1;1;0;0;0;0;0;POINT (13.35712072 52.52354318)
3;2018;12;18;4;3;1;5;2;1;1;0;0;0;0;1;POINT (13.41119105 52.53730298)
1;2018;12;18;4;3;5;2;2;1;1;0;0;0;0;0;POINT (13.4070943 52.51843038)
2;2018;12;7;5;3;5;2;2;1;1;0;0;0;0;0;POINT (13.42710731 52.51190844)
4;2018;12;20;7;2;6;4;2;0;1;1;0;0;0;1;POINT (13.33184063 52.50037741)
5;2018;12;15;4;3;5;3;0;0;1;0;0;0;0;0;POINT (13.27180444 52.53699874)
11;2018;12;17;4;3;5;3;2;1;1;0;0;0;0;0;POINT (13.52436369 52.48903498)
3;2018;12;7;4;3;0;3;2;1;1;0;0;0;0;0;POINT (13.47037116 52.5537187)
2;2018;12;21;4;3;6;2;2;0;0;1;0;0;1;0;POINT (13.450524 52.50864251)
7;2018;12;17;3;3;2;2;1;0;1;0;0;0;0;1;POINT (13.38814678 52.48429822)
10;2018;12;17;4;2;6;4;2;0;0;1;0;0;1;1;POINT (13.51975911 52.52566683)
4;2018;12;15;4;3;1;6;2;0;1;0;0;1;0;1;POINT (13.26348243 52.52112294)
3;2018;12;20;4;2;6;7;2;0;1;1;0;0;0;1;POINT (13.44427259 52.54542688)
3;2018;12;17;4;3;5;3;2;0;1;0;0;0;0;1;POINT (13.43045215 52.61057902)
8;2018;12;19;7;3;5;3;2;0;1;0;0;0;0;1;POINT (13.45734973 52.4310703)
9;2018;12;20;4;3;6;7;2;0;1;1;0;0;0;1;POINT (13.52862076 52.45952437)
9;2018;12;17;4;2;8;1;2;0;0;0;1;0;0;0;POINT (13.5430155 52.45756244)
3;2018;12;19;4;3;6;7;2;0;1;1;0;0;0;1;POINT (13.41629767 52.53956456)
9;2018;12;18;7;3;5;3;2;0;1;0;0;0;0;1;POINT (13.52697603 52.43778236)
1;2018;12;17;4;3;6;2;2;0;1;1;0;0;0;0;POINT (13.34707048 52.55307735)
5;2018;12;19;4;2;6;2;2;0;1;1;0;0;0;1;POINT (13.20056672 52.5385578)
1;2018;12;19;4;3;2;6;2;0;1;0;0;0;0;1;POINT (13.41236882 52.50572736)
1;2018;12;16;4;3;6;2;2;0;0;1;0;0;1;1;POINT (13.36171018 52.54792294)
11;2018;12;18;4;3;2;6;2;0;1;0;0;0;1;1;POINT (13.51368808 52.53523456)
11;2018;12;18;4;3;2;6;2;0;1;0;0;0;0;1;POINT (13.47591426 52.53288797)
2;2018;12;7;3;3;5;2;1;1;1;0;0;0;0;0;POINT (13.39836291 52.50706017)
2;2018;12;18;4;3;5;3;2;1;1;0;0;0;0;0;POINT (13.42975444 52.52107037)
1;2018;12;5;4;3;5;2;2;1;1;0;0;0;0;0;POINT (13.39604696 52.53833841)
9;2018;12;9;3;3;5;3;0;0;1;0;0;0;0;1;POINT (13.59631571 52.43379053)
10;2018;12;22;3;3;0;1;2;0;0;0;1;0;0;1;POINT (13.58807279 52.51228886)
9;2018;12;6;4;3;5;3;1;1;1;0;0;0;0;0;POINT (13.52677867 52.4376697)
4;2018;12;20;3;2;6;4;2;1;0;1;0;0;0;0;POINT (13.30211169 52.50350258)
9;2018;12;6;4;3;5;2;1;1;1;0;0;0;0;0;POINT (13.57055203 52.47357224)
6;2018;12;16;3;3;6;2;1;0;1;1;0;0;0;1;POINT (13.32141974 52.46515567)
8;2018;12;8;4;3;2;6;0;0;1;0;0;0;0;0;POINT (13.50057005 52.4199829)
8;2018;12;15;3;3;5;3;0;0;1;0;0;0;0;1;POINT (13.434583 52.47250738)
1;2018;12;8;4;3;0;2;1;0;1;0;0;0;1;0;POINT (13.36795771 52.52589612)
4;2018;12;9;3;3;2;6;0;1;1;0;0;0;0;1;POINT (13.2810426 52.51281661)
6;2018;12;11;3;3;5;3;0;1;1;0;0;0;0;0;POINT (13.26793478 52.44546181)
5;2018;12;9;4;3;5;3;0;1;1;0;0;0;0;1;POINT (13.1779105 52.54123535)
4;2018;12;11;3;3;6;4;0;0;1;1;0;0;0;0;POINT (13.33853477 52.5033239)
5;2018;12;11;4;3;2;6;0;0;1;0;0;0;0;0;POINT (13.14668414 52.45580901)
1;2018;12;12;3;3;5;2;0;1;0;0;0;0;1;0;POINT (13.36537448 52.55710775)
7;2018;12;16;3;3;6;2;2;0;1;1;0;0;0;1;POINT (13.36189291 52.49799061)
4;2018;12;12;3;3;6;4;0;0;1;1;0;0;0;0;POINT (13.28764521 52.48793608)
1;2018;12;13;4;2;6;4;0;0;1;1;0;0;0;0;POINT (13.37666085 52.51041624)
1;2018;12;13;3;3;6;4;0;0;1;1;0;0;0;0;POINT (13.38988119 52.51044569)
4;2018;12;0;3;3;2;6;2;0;1;0;0;0;0;0;POINT (13.28262134 52.51846981)
2;2018;12;13;4;3;3;6;0;0;1;0;0;0;0;0;POINT (13.39861439 52.50699181)
2;2018;12;9;3;3;5;2;0;1;1;0;0;0;0;0;POINT (13.38370219 52.48994909)
12;2018;12;14;4;3;6;4;0;0;0;1;1;0;0;1;POINT (13.3206012 52.58364243)
4;2018;12;13;3;2;2;6;0;0;1;0;0;0;0;0;POINT (13.26771687 52.51233475)
2;2018;12;12;4;3;0;7;0;1;1;0;0;0;0;0;POINT (13.37785731 52.48950774)
12;2018;12;14;3;3;5;3;0;1;1;0;0;0;0;1;POINT (13.33067329 52.60114834)
11;2018;12;6;3;3;0;1;2;0;0;0;1;0;0;2;POINT (13.52290595 52.56060146)
5;2018;12;15;4;3;6;2;0;0;1;1;0;0;0;1;POINT (13.14422607 52.45430999)
10;2018;12;9;3;2;0;1;0;1;0;0;0;0;0;2;POINT (13.58721261 52.52302592)
6;2018;12;15;3;3;1;5;0;0;1;0;1;0;0;1;POINT (13.35003965 52.44177512)
8;2018;12;15;3;3;5;2;1;0;1;0;0;0;0;1;POINT (13.4463189 52.48639269)
5;2018;12;15;4;3;6;4;1;0;1;1;0;0;0;0;POINT (13.20601318 52.54201465)
6;2018;12;8;3;2;0;1;0;1;0;0;0;0;0;2;POINT (13.34290191 52.46302672)
4;2018;12;15;4;3;1;5;0;1;1;0;0;0;0;1;POINT (13.30442307 52.52467856)
7;2018;12;6;3;2;0;1;2;0;0;0;1;0;0;2;POINT (13.36299976 52.47614886)
6;2018;12;16;4;2;3;6;1;0;1;0;1;0;0;1;POINT (13.34665637 52.45903158)
8;2018;12;5;3;3;9;1;2;0;1;0;0;0;0;2;POINT (13.4158559 52.48058703)
4;2018;12;17;4;2;2;1;1;0;1;0;0;0;0;1;POINT (13.32435535 52.51696468)
3;2018;12;13;3;2;6;4;0;0;1;1;0;0;0;1;POINT (13.41893604 52.56683256)
7;2018;12;2;5;3;1;1;2;0;1;0;0;0;0;1;POINT (13.37932948 52.45611815)
8;2018;12;17;4;3;5;3;1;0;1;0;0;0;1;0;POINT (13.45122599 52.47189896)
5;2018;12;16;3;3;5;2;1;1;1;0;0;0;0;1;POINT (13.19704757 52.56203541)
1;2018;12;21;3;3;1;5;2;0;1;0;0;0;0;0;POINT (13.4058959 52.5293363)
3;2018;12;9;3;3;5;3;0;0;1;0;0;0;0;0;POINT (13.4741292 52.60989845)
5;2018;12;20;3;3;0;1;2;0;0;0;1;0;0;1;POINT (13.19870065 52.55533247)
1;2018;12;18;3;3;5;3;2;1;1;0;0;0;0;1;POINT (13.37350121 52.5206438)
9;2018;12;18;3;3;5;3;2;1;1;0;0;0;0;0;POINT (13.50243309 52.46124919)
6;2018;12;12;4;3;5;2;0;1;1;0;0;0;0;1;POINT (13.26106172 52.43592681)
9;2018;12;18;1;3;2;2;2;0;1;0;0;0;0;1;POINT (13.5413878 52.43546088)
8;2018;12;18;1;2;5;3;2;1;1;0;0;0;0;1;POINT (13.41887378 52.48003781)
8;2018;12;23;1;3;5;3;2;0;1;0;0;0;0;1;POINT (13.47053068 52.46248538)
1;2018;12;22;1;3;2;6;2;0;1;0;0;0;0;0;POINT (13.38369476 52.55130305)
2;2018;12;20;1;3;2;3;2;0;1;0;0;0;0;1;POINT (13.3866523 52.50101366)
3;2018;12;19;1;3;5;3;2;0;1;0;0;0;0;1;POINT (13.41703392 52.5434022)
1;2018;12;18;1;3;0;6;2;0;1;0;1;0;0;1;POINT (13.36574494 52.55654279)
1;2018;12;14;1;3;6;4;0;1;1;1;0;0;0;0;POINT (13.38246412 52.55194576)
5;2018;12;14;1;3;2;6;0;0;1;0;0;0;0;0;POINT (13.18903279 52.52179908)
6;2018;12;14;1;2;0;1;0;1;0;0;0;0;0;0;POINT (13.3054174 52.45893383)
6;2018;12;13;1;3;5;3;0;1;1;0;0;0;0;0;POINT (13.27674225 52.45061428)
3;2018;12;13;1;3;5;2;0;1;1;0;0;0;0;0;POINT (13.43810556 52.56942074)
7;2018;12;12;1;2;5;3;0;0;1;0;0;0;0;0;POINT (13.40315795 52.46342949)
5;2018;12;12;1;3;6;2;0;0;1;1;0;0;0;0;POINT (13.17804137 52.54886821)
1;2018;12;11;1;3;3;6;0;1;1;0;0;0;0;0;POINT (13.35993133 52.54423126)
4;2018;12;11;1;3;2;6;0;0;1;0;0;0;0;0;POINT (13.32883884 52.52245795)
9;2018;12;16;7;3;5;3;1;0;1;0;0;0;1;0;POINT (13.61685135 52.45512946)
12;2018;12;23;7;2;6;2;2;0;1;1;0;0;0;0;POINT (13.32640937 52.60449106)
1;2018;12;22;7;3;5;3;2;0;1;0;0;0;0;0;POINT (13.37084127 52.55871341)
2;2018;12;1;7;3;0;1;2;1;0;0;0;0;0;1;POINT (13.45370041 52.51038572)
2;2018;12;1;6;3;5;2;2;1;1;0;0;0;0;0;POINT (13.4079362 52.49997464)
12;2018;12;0;6;3;2;6;2;0;1;0;0;0;0;0;POINT (13.22766691 52.62639175)
9;2018;12;15;6;3;5;7;0;0;1;0;0;0;0;1;POINT (13.55460018 52.45588274)
6;2018;12;11;6;3;8;1;0;0;1;0;0;0;0;1;POINT (13.31775146 52.45422173)
9;2018;12;10;6;3;8;7;0;0;1;0;0;0;0;1;POINT (13.7085355 52.4415399)
10;2018;12;23;6;2;6;6;2;0;1;1;0;0;0;1;POINT (13.53609683 52.53900203)
7;2018;12;23;6;3;6;2;2;0;1;1;0;0;0;1;POINT (13.3546263 52.49713866)
8;2018;12;21;6;3;6;4;2;0;1;1;0;0;0;1;POINT (13.42111206 52.4134683)
11;2018;12;21;6;3;6;4;2;0;1;1;0;0;0;1;POINT (13.5119357 52.55078702)
11;2018;12;20;6;2;1;7;2;1;0;0;0;0;0;1;POINT (13.49241997 52.49133999)
1;2018;12;20;6;3;2;6;2;0;1;0;0;0;0;1;POINT (13.37936182 52.54015738)
1;2018;12;20;6;2;6;4;2;0;1;1;0;0;0;1;POINT (13.37752835 52.54394886)
8;2018;12;19;6;2;5;3;2;1;1;0;0;0;0;0;POINT (13.43708675 52.47449756)
11;2018;12;10;6;2;0;1;0;1;0;0;0;0;0;1;POINT (13.50195094 52.50196897)
4;2018;12;10;6;3;5;7;0;1;1;0;0;0;0;1;POINT (13.32131586 52.52085271)
1;2018;12;2;6;1;8;1;2;0;1;1;0;0;0;1;POINT (13.38418705 52.55564897)
10;2018;12;17;5;3;6;2;2;0;1;1;0;0;0;1;POINT (13.60413243 52.53865079)
11;2018;12;14;5;2;5;2;1;0;1;0;0;0;0;0;POINT (13.46780064 52.54646301)
1;2018;12;14;5;3;2;4;0;0;1;1;0;0;0;1;POINT (13.34511297 52.53910702)
6;2018;12;13;5;3;5;3;0;0;1;0;0;0;0;0;POINT (13.26826291 52.40649146)
1;2018;12;12;5;3;3;6;0;0;1;0;0;0;0;1;POINT (13.38885554 52.5168789)
8;2018;12;12;5;3;5;3;0;0;1;0;0;0;0;1;POINT (13.42615973 52.47751435)
2;2018;12;10;5;3;5;3;0;0;1;0;0;0;0;1;POINT (13.39464545 52.50456342)
11;2018;12;10;5;3;9;7;0;0;1;0;0;0;0;1;POINT (13.49932614 52.56429335)
4;2018;12;10;5;3;5;3;0;0;1;0;0;0;0;0;POINT (13.26686844 52.51426051)
3;2018;12;10;5;3;5;7;0;1;1;0;0;0;0;1;POINT (13.46073187 52.56387893)
2;2018;12;9;5;3;2;6;0;0;1;0;0;0;0;1;POINT (13.45102757 52.52741195)
11;2018;12;9;5;2;0;7;1;1;0;0;0;0;0;1;POINT (13.46121525 52.52510148)
7;2018;12;7;5;3;5;3;1;0;1;0;0;0;0;1;POINT (13.40314424 52.46342927)
12;2019;1;13;5;3;5;3;0;1;1;0;0;0;0;1;POINT (13.34146 52.58609)
3;2019;1;9;4;3;5;3;0;1;1;0;0;0;0;0;POINT (13.41356 52.55862)
12;2019;3;21;5;3;0;1;2;1;0;0;0;0;0;0;POINT (13.36034 52.57159)
6;2019;1;7;5;2;6;4;1;0;1;1;0;0;0;1;POINT (13.21777 52.42825)
7;2019;2;15;2;3;2;6;0;0;1;0;0;0;0;0;POINT (13.36007 52.47421)
5;2019;1;7;4;3;2;6;2;0;1;0;0;0;0;1;POINT (13.19846 52.51273)
5;2019;1;8;2;3;6;6;0;0;1;1;0;0;0;0;POINT (13.17891 52.51653)
2;2019;1;7;4;3;6;2;0;0;1;1;0;0;0;1;POINT (13.47323 52.51393)
5;2019;2;18;7;3;5;2;2;0;1;0;0;0;0;0;POINT (13.17905 52.51662)
7;2019;1;17;4;3;3;2;2;0;1;0;0;0;1;0;POINT (13.38758 52.43879)
7;2019;1;18;4;3;2;6;2;0;1;0;0;0;1;0;POINT (13.3659 52.4726)
4;2019;1;16;4;2;0;1;2;0;0;0;1;0;0;0;POINT (13.31159 52.48068)
4;2019;2;12;5;3;2;6;0;0;0;0;0;1;1;0;POINT (13.29398 52.53733)
1;2019;3;13;4;3;2;6;0;0;1;0;0;0;0;0;POINT (13.40141 52.51141)
4;2019;1;17;3;3;2;6;2;0;1;0;0;0;0;1;POINT (13.28107 52.49931)
1;2019;1;12;3;3;2;6;0;0;1;0;0;0;0;1;POINT (13.39389 52.51738)
3;2019;1;13;3;3;5;3;0;0;1;0;0;1;0;0;POINT (13.40276 52.58075)
12;2019;1;17;3;3;6;2;2;0;1;1;0;0;0;1;POINT (13.3642 52.56367)
9;2019;1;6;3;3;3;6;2;0;1;0;1;0;0;1;POINT (13.50644 52.45895)
1;2019;2;6;6;2;5;2;2;0;1;0;1;0;0;0;POINT (13.36838 52.54108)
9;2019;1;5;3;3;3;6;2;0;1;0;0;1;0;1;POINT (13.47591 52.44462)
1;2019;1;11;7;3;5;3;0;1;0;0;0;0;0;1;POINT (13.37672 52.51615)
2;2019;1;8;3;3;5;3;1;1;1;0;0;0;0;1;POINT (13.46757 52.51436)
12;2019;2;15;5;3;5;3;0;0;1;0;0;0;1;0;POINT (13.33407 52.59356)
3;2019;1;7;3;3;6;4;2;0;1;1;0;0;0;1;POINT (13.4457 52.54611)
4;2019;1;7;3;3;2;6;2;0;1;0;0;0;0;1;POINT (13.30205 52.53464)
6;2019;1;7;3;2;6;2;2;0;1;1;0;0;0;1;POINT (13.2146 52.42751)
6;2019;2;18;2;3;2;6;2;0;1;0;0;0;0;0;POINT (13.30036 52.44826)
6;2019;1;9;2;3;2;6;0;0;1;0;0;0;0;1;POINT (13.19654 52.41761)
7;2019;2;10;6;3;2;6;0;0;1;0;0;0;0;0;POINT (13.38623 52.44368)
1;2019;1;19;2;3;2;6;2;0;1;0;0;0;0;1;POINT (13.36817 52.50597)
2;2019;1;19;2;3;2;6;2;1;0;0;0;0;0;1;POINT (13.45288 52.51367)
7;2019;1;17;2;3;5;3;2;0;1;0;0;0;0;1;POINT (13.37623 52.43047)
10;2019;2;10;3;2;5;3;0;1;1;0;0;0;0;0;POINT (13.54011 52.52257)
4;2019;3;14;3;3;2;6;0;0;1;0;0;0;0;0;POINT (13.30308 52.48565)
3;2019;1;12;2;3;4;1;0;0;1;0;0;0;0;1;POINT (13.47028 52.56471)
7;2019;1;19;1;3;6;4;2;0;0;1;0;0;1;1;POINT (13.38559 52.47309)
6;2019;1;17;3;2;0;1;2;0;0;0;1;0;0;1;POINT (13.17569 52.41988)
7;2019;1;12;7;3;6;2;0;0;1;1;0;0;0;0;POINT (13.38039 52.43784)
4;2019;2;5;5;3;0;1;1;0;0;0;1;0;0;1;POINT (13.28667 52.49425)
2;2019;1;11;6;3;5;2;0;0;1;0;0;0;0;0;POINT (13.45424 52.51572)
1;2019;1;11;7;3;5;3;0;1;0;0;0;0;0;1;POINT (13.37672 52.51615)
12;2019;1;7;5;3;2;2;1;0;1;0;0;0;0;1;POINT (13.34784 52.57433)
9;2019;1;19;5;3;2;6;2;0;1;0;0;0;0;0;POINT (13.46215 52.45332)
7;2019;2;12;5;3;5;2;0;1;1;0;0;0;0;0;POINT (13.40064 52.41519)
3;2019;1;18;5;3;5;3;2;1;1;0;0;0;0;1;POINT (13.42852 52.55924)
3;2019;1;20;3;3;5;3;2;1;0;0;0;0;1;0;POINT (13.39835 52.57104)
7;2019;1;18;5;3;1;5;2;1;1;0;0;0;0;1;POINT (13.35504 52.48542)
6;2019;1;18;4;3;5;2;2;1;1;0;0;0;0;0;POINT (13.31475 52.45322)
4;2019;2;2;6;2;0;1;2;0;1;0;0;0;0;1;POINT (13.28636 52.51166)
1;2019;3;17;6;3;2;7;1;1;1;0;0;0;0;0;POINT (13.40605 52.52054)
10;2019;1;18;3;3;2;6;2;0;1;0;0;0;0;1;POINT (13.55086 52.55389)
1;2019;2;16;4;3;0;6;0;1;1;0;0;0;0;0;POINT (13.3634 52.53545)
7;2019;1;13;3;3;5;3;0;0;1;0;0;1;0;0;POINT (13.347 52.477)
3;2019;1;14;1;3;0;2;1;1;1;0;0;0;0;0;POINT (13.41406 52.55053)
10;2019;3;16;2;3;5;2;0;0;1;0;0;0;0;0;POINT (13.59864 52.50488)
8;2019;1;3;3;3;3;6;2;0;1;0;0;1;0;1;POINT (13.44937 52.46369)
2;2019;1;4;2;3;2;6;2;0;1;0;0;0;0;1;POINT (13.38109 52.49919)
6;2019;1;11;2;2;5;2;0;0;1;0;0;0;0;1;POINT (13.32841 52.46027)
4;2019;1;5;2;3;9;1;2;0;1;0;0;0;0;1;POINT (13.27789 52.50207)
1;2019;2;10;3;1;5;2;0;1;0;0;0;1;0;0;POINT (13.41638 52.522)
2;2019;1;2;2;3;2;6;2;0;1;0;0;0;0;1;POINT (13.38753 52.49793)
7;2019;1;21;6;3;2;6;2;0;1;0;0;0;0;1;POINT (13.38549 52.46741)
7;2019;1;14;5;3;5;2;0;1;1;0;0;0;0;0;POINT (13.37779 52.43378)
9;2019;1;2;2;3;2;4;2;0;1;1;0;0;0;1;POINT (13.46005 52.49285)
3;2019;2;18;4;3;2;6;2;0;1;0;0;0;0;0;POINT (13.42924 52.53736)
3;2019;2;15;5;3;6;2;0;0;1;1;0;0;0;0;POINT (13.44459 52.54534)
4;2019;3;12;5;3;5;2;0;0;0;0;1;0;1;0;POINT (13.32294 52.51241)
2;2019;2;20;3;3;2;6;2;1;0;0;0;0;0;0;POINT (13.46239 52.51489)
7;2019;1;23;6;2;9;1;2;0;1;0;0;0;0;1;POINT (13.40092 52.46531)
7;2019;2;6;1;3;2;6;0;0;1;0;0;0;1;0;POINT (13.38575 52.46988)
1;2019;2;16;1;3;5;7;0;0;1;0;0;0;0;0;POINT (13.36735 52.55143)
3;2019;2;18;3;3;6;4;1;1;0;1;0;0;0;0;POINT (13.41281 52.54481)
4;2019;1;13;5;3;2;6;0;0;1;0;0;0;0;0;POINT (13.28227 52.49798)
3;2019;2;19;2;3;1;5;2;1;1;0;0;0;0;0;POINT (13.42978 52.53717)
1;2019;3;14;6;3;4;6;0;1;1;0;0;0;0;1;POINT (13.38082 52.50979)
6;2019;1;19;4;2;6;4;2;0;1;1;0;0;0;1;POINT (13.15272 52.41875)
2;2019;2;13;4;3;5;3;0;1;0;0;0;0;0;0;POINT (13.44752 52.50354)
7;2019;2;16;2;3;2;6;0;0;1;0;0;0;0;0;POINT (13.35583 52.47784)
3;2019;1;12;2;3;5;2;0;1;0;0;0;1;0;0;POINT (13.439 52.54109)
1;2019;2;22;6;3;2;6;2;0;1;0;0;0;0;0;POINT (13.39356 52.51736)
7;2019;2;8;4;2;6;2;0;0;1;1;0;0;0;0;POINT (13.35569 52.47774)
1;2019;3;22;4;3;2;2;2;1;0;0;0;0;1;0;POINT (13.40455 52.52)
4;2019;1;7;3;3;3;6;1;0;1;0;0;0;0;1;POINT (13.28205 52.52694)
3;2019;2;14;6;3;5;3;0;1;1;0;0;0;0;0;POINT (13.44804 52.54712)
2;2019;3;7;5;3;1;1;0;0;1;0;0;0;0;0;POINT (13.38613 52.48923)
6;2019;1;12;3;2;2;6;0;0;1;0;0;0;0;1;POINT (13.20645 52.42497)
4;2019;2;18;7;3;2;6;2;0;1;0;0;0;0;0;POINT (13.32198 52.53733)
7;2019;1;7;1;3;2;6;2;0;1;0;0;0;0;1;POINT (13.40166 52.41394)
4;2019;2;14;6;3;3;6;0;0;1;0;0;0;1;0;POINT (13.27513 52.50967)
4;2019;2;19;3;3;2;6;2;0;1;0;0;0;0;0;POINT (13.30352 52.51129)
4;2019;3;12;3;3;2;6;0;0;1;0;0;0;0;0;POINT (13.28167 52.51008)
1;2019;1;12;2;3;3;6;0;1;1;0;0;0;0;0;POINT (13.4079 52.51568)
4;2019;2;9;4;3;5;7;0;0;1;0;1;0;0;0;POINT (13.30904 52.51165)
4;2019;1;6;6;3;5;2;1;0;1;0;0;0;1;0;POINT (13.30518 52.5114)
12;2019;1;10;5;3;2;6;0;0;1;0;0;0;1;1;POINT (13.30107 52.57614)
3;2019;2;12;5;2;5;2;0;0;1;0;0;0;1;0;POINT (13.41412 52.55774)
3;2019;1;0;7;3;3;6;2;0;1;0;0;0;0;1;POINT (13.41416 52.55673)
3;2019;2;17;5;3;3;6;1;1;1;0;0;0;0;0;POINT (13.42809 52.54616)
4;2019;2;10;1;3;2;6;0;0;1;0;0;1;0;0;POINT (13.28632 52.51479)
4;2019;3;8;1;3;3;6;0;0;1;0;0;1;0;0;POINT (13.27959 52.49991)
1;2019;1;10;2;3;5;2;0;0;1;0;0;0;0;1;POINT (13.36979 52.51583)
12;2019;2;11;3;3;2;2;0;0;1;0;0;0;0;0;POINT (13.36073 52.57084)
1;2019;1;6;4;3;6;2;2;0;1;1;0;0;0;1;POINT (13.40518 52.52009)
12;2019;2;16;4;3;2;6;0;0;1;0;0;0;0;0;POINT (13.3649 52.56115)
12;2019;1;17;4;3;3;6;2;0;1;0;0;0;0;0;POINT (13.36323 52.5657)
3;2019;3;23;5;3;5;2;2;0;1;0;0;0;0;0;POINT (13.42423 52.53905)
1;2019;2;18;3;3;2;2;2;1;1;0;0;0;0;0;POINT (13.41987 52.52543)