bez;ujahr;umonat;ustunde;uwochentag;ukategorie;uart;utyp1;ulichtverh;istrad;istpkw;istfuss;istkrad;istgkfz;istsonstige;ustrzustand;geometry
3;2019;2;18;5;3;1;5;2;1;0;0;0;0;1;0;POINT (13.43213 52.53521)
6;2019;3;12;6;3;1;1;0;0;1;0;0;0;0;0;POINT (13.1056 52.4138)
2;2019;2;15;3;3;3;6;0;1;1;0;0;0;0;0;POINT (13.45416 52.51552)
4;2019;1;11;1;3;3;6;0;0;1;0;0;0;0;0;POINT (13.29786 52.54675)
3;2019;2;15;2;3;5;3;0;1;1;0;0;0;0;0;POINT (13.47096 52.56568)
7;2019;2;15;2;3;2;6;0;0;1;0;0;0;0;0;POINT (13.35474 52.48547)
12;2019;3;14;5;3;0;7;0;0;1;0;0;0;0;0;POINT (13.24868 52.62227)
2;2019;1;16;4;3;5;2;0;1;1;0;0;0;0;0;POINT (13.45292 52.5127)
2;2019;2;15;4;3;6;7;0;1;0;1;0;0;0;0;POINT (13.46806 52.51431)
4;2019;2;9;1;3;5;7;0;1;1;0;0;0;0;0;POINT (13.2802 52.50982)
6;2019;1;19;2;3;0;6;2;0;0;0;1;0;1;1;POINT (13.26225 52.43495)
4;2019;2;14;6;3;2;6;0;0;1;0;0;0;0;0;POINT (13.29545 52.54038)
3;2019;1;8;2;3;3;6;0;0;1;0;0;1;0;0;POINT (13.42265 52.52754)
7;2019;2;15;1;3;2;6;0;0;1;0;0;0;1;0;POINT (13.36305 52.4738)
7;2019;2;7;5;3;3;6;1;0;1;0;0;0;0;1;POINT (13.40639 52.39561)
1;2019;3;7;4;3;0;5;0;1;1;0;0;0;0;1;POINT (13.41812 52.52382)
3;2019;1;14;3;3;1;5;0;1;1;0;0;0;0;0;POINT (13.41334 52.55873)
3;2019;2;15;6;3;5;2;0;1;1;0;0;0;0;0;POINT (13.41376 52.55076)
3;2019;1;15;1;2;6;4;0;0;1;1;0;0;0;0;POINT (13.43861 52.54117)
1;2019;2;15;5;3;1;5;0;0;1;0;0;0;0;0;POINT (13.36622 52.55414)
3;2019;2;17;3;3;5;7;2;1;0;0;0;0;1;0;POINT (13.39933 52.57451)
4;2019;3;9;2;2;2;6;0;0;1;0;0;1;0;0;POINT (13.28253 52.51976)
3;2019;1;17;2;3;5;3;1;1;1;0;0;0;0;1;POINT (13.40251 52.59218)
3;2019;2;15;3;3;4;6;0;1;0;0;0;0;0;0;POINT (13.41245 52.5448)
4;2019;3;10;3;3;0;6;0;1;1;0;0;0;0;1;POINT (13.25689 52.50843)
7;2019;1;12;3;2;5;3;0;0;1;0;0;0;1;0;POINT (13.3692 52.42064)
8;2019;2;18;5;3;3;6;1;0;1;0;0;1;0;0;POINT (13.44181 52.46288)
6;2019;1;2;7;3;9;1;2;0;1;0;0;0;0;2;POINT (13.33227 52.46383)
3;2019;1;21;4;2;0;5;2;0;1;0;1;0;0;1;POINT (13.42232 52.53938)
3;2019;2;11;5;3;5;3;0;1;1;0;0;0;0;0;POINT (13.40278 52.59315)
2;2019;2;19;7;3;2;6;2;0;1;0;0;0;0;1;POINT (13.38605 52.48578)
3;2019;3;17;7;3;2;6;0;0;1;0;0;0;0;0;POINT (13.4331 52.53629)
4;2019;1;16;1;3;2;6;0;0;1;0;0;0;0;0;POINT (13.32388 52.51282)
6;2019;2;16;3;3;2;6;0;0;1;0;0;0;0;0;POINT (13.26393 52.43518)
7;2019;1;19;4;3;2;6;2;0;1;0;0;0;0;1;POINT (13.38836 52.43686)
5;2019;2;18;4;3;2;6;2;0;1;0;0;0;0;1;POINT (13.20652 52.51111)
12;2019;1;21;6;3;3;6;2;0;1;0;1;0;0;0;POINT (13.33292 52.59625)
7;2019;1;18;4;2;6;4;2;0;1;1;0;0;0;1;POINT (13.35091 52.48063)
9;2019;2;18;4;3;5;2;2;1;1;0;0;0;0;0;POINT (13.51205 52.45487)
3;2019;2;5;5;3;6;2;2;0;1;1;0;0;0;0;POINT (13.44767 52.54699)
1;2019;3;22;6;3;2;2;2;0;1;0;0;0;0;0;POINT (13.36835 52.50632)
1;2019;2;6;3;2;5;3;1;0;1;0;0;0;1;0;POINT (13.3655 52.55797)
1;2019;1;2;7;2;6;4;2;0;1;1;0;0;0;1;POINT (13.41281 52.5194)
1;2019;2;11;1;3;3;6;0;1;0;0;0;1;0;0;POINT (13.38741 52.51021)
4;2019;2;23;1;3;3;6;2;0;1;0;0;0;0;0;POINT (13.31003 52.48188)
10;2019;3;11;5;3;5;3;0;1;1;0;0;0;0;1;POINT (13.60626 52.50495)
1;2019;1;14;3;3;2;6;0;0;1;0;0;0;0;0;POINT (13.37207 52.50552)
7;2019;2;18;3;3;6;7;1;1;0;1;0;0;0;0;POINT (13.38549 52.46886)
4;2019;3;10;6;3;2;6;0;0;1;0;0;0;0;1;POINT (13.28262 52.49746)
2;2019;1;7;4;3;1;5;0;0;1;1;0;0;0;0;POINT (13.47041 52.51422)
6;2019;2;14;4;3;2;6;0;0;1;0;0;0;0;0;POINT (13.32054 52.45455)
4;2019;2;14;2;3;5;3;0;0;1;0;0;0;0;0;POINT (13.24231 52.50753)
4;2019;1;13;2;3;2;6;0;0;1;0;0;1;0;0;POINT (13.28388 52.52989)
7;2019;2;18;7;3;2;6;2;0;1;0;0;0;0;0;POINT (13.35533 52.48557)
12;2019;2;11;4;3;2;2;0;0;1;0;0;0;0;0;POINT (13.31178 52.62613)
9;2019;3;6;4;3;2;6;0;0;0;0;0;1;0;1;POINT (13.49785 52.434)
7;2019;1;13;3;3;2;6;0;0;1;0;0;0;0;0;POINT (13.36175 52.41357)
7;2019;2;14;6;3;0;1;0;0;0;0;1;0;0;0;POINT (13.34606 52.47739)
1;2019;1;16;7;3;2;6;2;0;1;0;0;0;0;0;POINT (13.3699 52.5418)
2;2019;2;15;5;2;0;1;0;1;0;0;0;0;0;0;POINT (13.45377 52.51571)
3;2019;2;8;7;3;0;7;0;0;1;0;0;0;0;0;POINT (13.43629 52.5345)
10;2019;1;14;1;3;2;6;0;0;1;0;0;0;0;1;POINT (13.6246 52.50386)
3;2019;2;10;6;2;9;1;0;0;1;0;0;0;0;0;POINT (13.4137 52.55041)
6;2019;2;8;3;3;2;6;0;0;1;0;0;1;0;0;POINT (13.25987 52.4351)
2;2019;3;13;3;3;5;2;0;1;1;0;0;0;0;0;POINT (13.46741 52.51437)
7;2019;1;16;3;3;2;6;1;0;1;0;0;0;0;0;POINT (13.38819 52.46947)
1;2019;2;16;5;3;3;6;0;0;1;0;1;0;0;0;POINT (13.35327 52.51466)
10;2019;1;10;6;1;6;4;0;0;1;1;0;0;0;1;POINT (13.53666 52.53187)
4;2019;1;22;4;3;9;1;2;0;1;0;0;0;0;1;POINT (13.28613 52.49457)
12;2019;2;14;5;3;5;3;0;1;1;0;0;0;0;0;POINT (13.34134 52.58624)
2;2019;2;19;5;3;5;7;2;0;1;0;0;0;0;0;POINT (13.45423 52.51577)
1;2019;3;12;6;3;0;6;0;0;1;0;0;0;1;0;POINT (13.41671 52.52239)
7;2019;2;13;1;3;5;7;0;0;0;0;0;0;1;0;POINT (13.38822 52.43737)
1;2019;3;13;1;3;2;6;0;0;1;0;0;0;0;0;POINT (13.36902 52.54856)
7;2019;1;11;2;3;5;3;0;0;0;0;1;0;1;1;POINT (13.37781 52.43381)
12;2019;2;8;3;3;5;2;0;1;0;0;0;0;1;0;POINT (13.34766 52.5745)
4;2019;1;21;6;3;3;6;2;0;1;0;0;0;0;0;POINT (13.27619 52.50974)
1;2019;1;15;4;3;3;6;0;0;1;0;0;0;0;0;POINT (13.36862 52.50625)
3;2019;2;17;4;3;2;2;1;1;1;0;0;0;0;0;POINT (13.41253 52.54096)
2;2019;2;14;5;3;5;3;0;1;1;0;0;0;0;0;POINT (13.47351 52.5139)
1;2019;3;13;5;3;1;5;0;1;1;0;0;0;0;0;POINT (13.36563 52.55618)
1;2019;2;19;3;2;6;4;2;0;1;1;0;0;0;0;POINT (13.39519 52.51088)
4;2019;1;13;4;3;3;6;0;0;1;0;0;1;0;0;POINT (13.28002 52.50051)
4;2019;2;6;1;3;2;6;1;0;1;0;0;0;0;1;POINT (13.28293 52.52858)
4;2019;2;6;4;3;3;6;1;0;1;0;0;1;0;0;POINT (13.28528 52.49486)
7;2019;1;20;1;3;6;2;2;0;1;1;0;0;0;1;POINT (13.38436 52.45276)
2;2019;2;23;3;3;6;4;2;0;0;1;0;0;1;0;POINT (13.4487 52.50519)
4;2019;1;15;3;3;2;6;0;0;1;0;0;0;0;1;POINT (13.30921 52.53565)
9;2019;1;15;4;3;5;3;0;1;1;0;0;0;0;0;POINT (13.47943 52.4845)
2;2019;2;15;2;3;3;6;0;1;1;0;0;0;0;0;POINT (13.38779 52.49837)
12;2019;3;20;6;2;8;1;2;0;1;0;0;0;0;1;POINT (13.31034 52.56344)
2;2019;1;16;4;2;6;4;1;0;1;1;0;0;0;0;POINT (13.46587 52.51453)
3;2019;2;14;4;3;2;2;0;1;1;0;0;0;0;0;POINT (13.39815 52.57118)
9;2019;2;16;2;3;6;4;0;0;1;1;0;0;0;0;POINT (13.47946 52.48451)
2;2019;1;11;2;2;5;3;0;1;1;0;0;0;0;1;POINT (13.45419 52.51559)
7;2019;1;11;2;2;6;4;0;0;1;1;0;0;0;0;POINT (13.38885 52.43653)
6;2019;2;23;6;2;5;2;2;1;1;0;0;0;0;0;POINT (13.1754 52.41997)
10;2019;2;8;4;3;2;6;0;0;1;0;0;0;0;0;POINT (13.54071 52.50987)
10;2019;3;7;3;3;0;2;0;1;0;0;0;0;1;0;POINT (13.61335 52.50477)
2;2019;1;17;2;3;6;4;1;1;0;1;0;0;0;1;POINT (13.38817 52.49383)
9;2019;2;11;1;3;6;4;0;0;1;1;0;0;0;1;POINT (13.46704 52.48536)
7;2019;3;20;4;2;3;6;2;0;1;0;0;0;1;0;POINT (13.40675 52.46186)
4;2019;1;15;3;3;2;6;0;0;1;0;0;1;0;0;POINT (13.33475 52.47819)
7;2019;2;14;7;3;5;2;0;1;1;0;0;0;0;0;POINT (13.35213 52.4801)
1;2019;1;17;1;3;2;6;2;0;1;0;0;0;0;0;POINT (13.37229 52.50501)
7;2019;1;17;1;3;2;6;1;0;1;0;0;0;0;0;POINT (13.40022 52.41593)
3;2019;2;8;5;2;5;2;0;1;0;0;0;0;0;0;POINT (13.43074 52.53439)
1;2019;1;17;1;3;2;7;2;1;1;0;0;0;1;1;POINT (13.41081 52.52303)
4;2019;2;18;3;3;5;2;2;1;1;0;0;0;0;0;POINT (13.31493 52.51223)
5;2019;3;12;3;2;2;6;0;0;1;0;0;1;0;0;POINT (13.17945 52.51658)
4;2019;1;9;1;3;2;6;0;0;1;0;0;0;0;1;POINT (13.28405 52.49616)
7;2019;1;17;2;3;2;6;1;0;1;0;0;0;0;0;POINT (13.34104 52.47864)
1;2019;2;22;4;3;5;3;2;1;1;0;0;0;0;1;POINT (13.41232 52.51941)
7;2019;1;16;7;3;8;1;2;0;1;0;0;0;0;1;POINT (13.37334 52.47054)
3;2019;1;23;6;3;2;6;2;0;1;0;0;0;0;0;POINT (13.44492 52.54575)
1;2019;1;5;7;3;5;3;2;0;1;0;0;0;0;1;POINT (13.3655 52.55797)
4;2019;1;8;7;2;9;1;0;0;1;0;0;0;0;1;POINT (13.28925 52.49416)
4;2019;1;10;3;2;3;6;0;0;1;0;0;1;1;1;POINT (13.28269 52.52857)
7;2019;2;13;6;3;0;1;0;0;0;0;1;0;0;0;POINT (13.36208 52.47403)
4;2019;1;19;6;3;5;2;2;1;1;0;0;0;0;1;POINT (13.25827 52.50852)
12;2019;1;13;7;3;2;4;0;0;1;1;0;0;0;0;POINT (13.36504 52.56041)
3;2019;1;19;6;3;6;2;2;0;1;1;0;0;0;1;POINT (13.4239 52.53934)
2;2019;1;16;4;3;5;2;1;1;1;0;0;0;0;0;POINT (13.38866 52.49816)
7;2019;2;9;5;3;5;2;0;1;1;0;0;0;0;0;POINT (13.38459 52.45262)
7;2019;1;18;6;3;2;6;2;0;1;0;0;0;0;1;POINT (13.35891 52.48909)
3;2019;2;16;7;2;6;4;1;0;1;1;0;0;0;0;POINT (13.45182 52.54858)
7;2019;3;10;1;3;5;2;0;0;1;0;0;1;0;0;POINT (13.39633 52.4234)
12;2019;1;17;1;3;2;6;2;0;1;0;0;0;0;1;POINT (13.31465 52.61884)
4;2019;2;16;3;3;2;6;0;0;1;0;0;0;0;0;POINT (13.28587 52.51059)
3;2019;1;17;4;3;4;6;1;1;0;0;0;0;0;0;POINT (13.44631 52.52747)
10;2019;2;7;4;3;5;3;1;1;1;0;0;0;0;0;POINT (13.60651 52.50495)
2;2019;1;8;3;3;5;3;1;0;1;0;0;0;0;1;POINT (13.47355 52.5139)
4;2019;2;12;5;2;5;3;0;0;1;0;0;1;0;0;POINT (13.28162 52.50991)
12;2019;2;17;5;3;6;4;2;0;1;1;0;0;0;0;POINT (13.31884 52.61084)
4;2019;3;18;6;3;2;6;2;0;1;0;0;0;1;0;POINT (13.28215 52.49783)
4;2019;2;15;3;3;3;6;0;0;1;0;0;0;0;0;POINT (13.26158 52.50871)
12;2019;1;2;7;3;9;1;2;0;1;0;0;0;0;1;POINT (13.29071 52.58735)
12;2019;2;13;2;3;2;6;0;0;1;0;0;0;1;0;POINT (13.29864 52.57734)
3;2019;1;15;6;3;5;3;1;1;1;0;0;0;0;1;POINT (13.47642 52.56812)
2;2019;2;7;1;3;0;2;0;1;1;0;0;0;0;0;POINT (13.45373 52.51597)
12;2019;3;8;5;3;6;7;0;1;0;1;0;0;0;0;POINT (13.36017 52.57191)
12;2019;1;15;3;3;2;6;0;0;1;0;0;0;0;0;POINT (13.34761 52.57807)
3;2019;2;7;1;3;5;3;0;1;1;0;0;0;0;0;POINT (13.41853 52.54018)
3;2019;1;16;5;3;0;6;2;0;1;0;0;0;1;1;POINT (13.39883 52.57247)
4;2019;1;17;2;3;2;6;0;0;1;0;0;0;0;0;POINT (13.31177 52.48073)
7;2019;10;16;2;2;6;4;0;0;1;1;0;0;0;1;POINT (13.36103 52.49387)
1;2019;6;18;4;3;2;6;0;0;1;0;0;0;0;0;POINT (13.3738 52.50919)
11;2019;9;7;1;3;9;1;0;0;1;0;0;0;0;0;POINT (13.48421 52.51282)
4;2019;12;23;4;3;8;1;2;0;1;0;0;0;0;1;POINT (13.2803 52.5)
7;2019;6;1;6;3;5;3;2;1;1;0;0;0;0;0;POINT (13.38575 52.46996)
1;2019;5;17;3;3;2;7;0;0;1;0;0;0;0;0;POINT (13.36922 52.54682)
4;2019;11;2;7;3;9;1;2;0;1;0;0;0;0;1;POINT (13.30212 52.53451)
3;2019;6;8;5;3;6;4;0;1;0;1;0;0;0;0;POINT (13.42729 52.54476)
7;2019;11;14;4;2;5;2;0;1;1;0;0;0;0;0;POINT (13.34843 52.48171)
2;2019;8;16;4;3;4;6;0;1;0;0;0;0;1;0;POINT (13.46232 52.51503)
6;2019;5;13;3;2;0;7;0;0;1;0;0;0;0;0;POINT (13.105 52.41379)
4;2019;10;8;7;2;1;1;0;0;1;0;0;0;0;0;POINT (13.27933 52.50993)
4;2019;9;16;1;3;5;2;0;0;1;0;1;0;0;0;POINT (13.32083 52.51268)
4;2019;6;14;5;2;6;7;0;0;1;1;0;0;0;0;POINT (13.28483 52.51029)
2;2019;8;16;4;3;3;6;0;0;0;0;0;0;1;0;POINT (13.37487 52.50238)
4;2019;5;13;3;3;2;6;0;0;1;0;0;0;0;0;POINT (13.30143 52.51135)
7;2019;6;16;6;3;5;3;0;0;1;0;0;0;0;0;POINT (13.38923 52.46918)
7;2019;9;10;1;2;5;2;0;0;1;0;1;0;0;0;POINT (13.38889 52.43646)
6;2019;12;16;7;3;5;3;2;0;1;0;0;0;0;1;POINT (13.30424 52.44944)
5;2019;6;13;5;3;2;6;0;0;0;0;1;1;0;0;POINT (13.17891 52.51653)
6;2019;8;15;4;3;0;3;0;1;1;0;0;0;0;0;POINT (13.21768 52.42801)
3;2019;11;16;1;3;5;2;0;0;1;0;0;0;0;0;POINT (13.4388 52.54133)
4;2019;8;16;4;3;0;3;0;1;1;0;0;0;0;0;POINT (13.29328 52.51064)
4;2019;5;12;3;3;2;6;0;0;1;0;1;0;0;0;POINT (13.32554 52.51292)
11;2019;10;13;7;3;3;6;0;0;1;0;1;0;0;0;POINT (13.49335 52.51172)
7;2019;9;17;6;3;3;6;0;0;1;0;0;0;0;0;POINT (13.36083 52.49174)
12;2019;6;14;5;3;2;6;0;0;1;0;0;0;1;0;POINT (13.30284 52.55065)
2;2019;8;14;4;3;0;1;0;1;1;0;0;0;0;0;POINT (13.45389 52.5168)
2;2019;5;11;3;3;0;6;0;0;1;0;1;0;0;0;POINT (13.44759 52.52619)
4;2019;11;15;2;3;3;6;0;0;1;0;0;1;0;0;POINT (13.29687 52.51104)
7;2019;6;9;3;3;2;6;0;0;1;0;0;0;0;0;POINT (13.40297 52.41164)
4;2019;9;17;6;3;0;1;0;1;0;0;0;0;0;0;POINT (13.24385 52.50763)
5;2019;12;23;6;3;5;2;2;0;1;0;0;0;0;1;POINT (13.17909 52.51665)
4;2019;8;12;4;3;2;6;0;0;1;0;0;0;1;0;POINT (13.30064 52.5111)
3;2019;10;17;2;3;2;6;2;0;1;0;0;0;0;0;POINT (13.41451 52.55701)
2;2019;9;19;6;2;0;7;2;1;0;0;0;0;0;0;POINT (13.44755 52.50357)
6;2019;8;9;4;3;0;7;0;1;0;0;0;0;0;0;POINT (13.23495 52.432)
7;2019;5;9;3;3;2;6;0;0;1;0;1;0;0;0;POINT (13.38591 52.4772)
1;2019;10;13;1;2;6;7;0;0;0;1;0;0;1;0;POINT (13.4111 52.51869)
3;2019;6;11;1;3;5;3;0;1;1;0;0;0;0;0;POINT (13.40305 52.59428)
3;2019;9;9;6;3;5;3;0;1;1;0;0;0;0;0;POINT (13.43695 52.53973)
2;2019;6;16;5;3;5;3;0;1;1;0;0;0;0;0;POINT (13.37726 52.50027)
4;2019;8;19;3;2;5;2;0;0;1;0;1;0;0;0;POINT (13.31472 52.51202)
3;2019;5;8;3;2;0;5;0;0;0;0;1;0;1;0;POINT (13.40307 52.59442)
4;2019;11;8;4;3;2;6;0;0;1;0;0;0;0;0;POINT (13.30267 52.48614)
1;2019;6;7;5;3;1;5;0;1;1;0;0;0;0;0;POINT (13.3659 52.55477)
12;2019;12;13;2;3;2;6;0;0;1;0;0;0;1;1;POINT (13.30239 52.55035)
1;2019;8;21;3;3;0;1;2;1;0;0;0;0;0;0;POINT (13.41141 52.51892)
12;2019;5;7;3;3;5;2;0;0;1;0;0;0;0;0;POINT (13.31869 52.61094)
1;2019;10;8;4;3;2;6;0;0;1;0;0;0;0;1;POINT (13.36404 52.50117)
2;2019;9;8;6;3;8;1;0;1;1;0;0;0;0;0;POINT (13.45372 52.51876)
4;2019;8;15;3;3;2;6;0;0;1;0;0;0;0;0;POINT (13.28131 52.49903)
2;2019;5;16;2;2;0;1;0;1;0;0;0;0;0;0;POINT (13.43614 52.51753)
2;2019;9;6;1;2;0;2;1;0;1;0;1;0;0;1;POINT (13.37436 52.50267)
1;2019;6;0;3;3;0;7;2;1;0;0;0;0;0;0;POINT (13.34233 52.51404)
1;2019;9;16;6;3;6;7;0;1;0;1;0;0;0;0;POINT (13.37397 52.51597)
7;2019;12;19;5;2;6;4;2;0;1;1;0;0;0;1;POINT (13.36259 52.49914)
4;2019;6;14;5;3;2;6;0;0;1;0;0;0;0;0;POINT (13.29661 52.54255)
2;2019;8;15;3;3;2;6;0;0;1;0;0;1;0;0;POINT (13.42905 52.51844)
11;2019;5;18;2;3;3;2;0;1;0;0;0;0;1;0;POINT (13.50444 52.51066)
12;2019;11;13;5;2;2;2;0;0;1;0;0;1;0;0;POINT (13.34562 52.58066)
1;2019;9;1;6;3;0;1;2;0;1;0;0;0;0;0;POINT (13.37017 52.51573)
1;2019;11;16;2;3;5;3;1;0;1;0;1;0;0;0;POINT (13.36668 52.53779)
7;2019;8;10;3;3;3;6;0;0;1;0;0;0;0;0;POINT (13.36251 52.49895)
1;2019;5;21;2;3;0;3;2;1;0;0;1;0;0;0;POINT (13.36714 52.50464)
9;2019;10;16;4;3;3;6;0;0;0;0;0;1;1;0;POINT (13.47467 52.4802)
7;2019;9;16;5;3;5;2;0;1;0;0;0;0;1;0;POINT (13.37923 52.43628)
7;2019;6;0;5;2;3;6;2;0;1;0;0;0;0;0;POINT (13.39507 52.46712)
7;2019;8;9;3;3;0;2;0;0;1;0;0;0;1;0;POINT (13.35444 52.4788)
3;2019;5;16;2;3;1;5;0;1;0;0;0;0;1;0;POINT (13.41376 52.54875)
1;2019;6;20;5;3;2;6;0;0;1;0;1;0;0;0;POINT (13.4111 52.5187)
1;2019;9;15;5;3;2;6;0;0;1;0;1;0;0;0;POINT (13.409 52.5166)
1;2019;12;12;5;3;2;6;0;0;1;0;0;0;0;0;POINT (13.34405 52.51402)
7;2019;6;13;5;3;2;6;0;0;1;0;0;0;0;0;POINT (13.38207 52.43931)
4;2019;8;14;3;3;2;6;0;0;1;0;0;0;0;0;POINT (13.28587 52.49468)
1;2019;11;17;6;3;5;2;2;0;1;0;0;0;0;1;POINT (13.40905 52.51709)
1;2019;8;12;3;3;0;1;0;0;1;0;1;0;0;0;POINT (13.40684 52.52094)
5;2019;5;17;2;3;2;6;0;0;1;0;0;0;0;0;POINT (13.20536 52.51134)
2;2019;10;17;5;3;3;6;0;1;1;0;0;0;0;1;POINT (13.4534 52.51376)
9;2019;9;14;5;3;2;6;0;0;1;0;0;0;0;0;POINT (13.46227 52.49538)
12;2019;6;15;5;3;2;6;0;0;1;0;0;0;0;0;POINT (13.31069 52.55939)
7;2019;8;7;3;3;6;4;0;0;1;1;0;0;0;0;POINT (13.38894 52.43638)
7;2019;5;17;2;3;2;6;0;0;1;0;0;0;1;0;POINT (13.37775 52.43368)
2;2019;11;23;1;3;0;1;2;0;0;0;1;0;0;1;POINT (13.45338 52.51697)
3;2019;6;16;1;2;2;7;0;1;1;0;0;0;0;0;POINT (13.42406 52.5283)
3;2019;9;13;5;2;5;2;0;0;1;0;0;0;0;0;POINT (13.43329 52.53623)
11;2019;12;15;5;2;5;3;1;0;1;0;0;0;0;1;POINT (13.48327 52.58295)
4;2019;8;18;2;3;6;6;0;1;0;1;0;0;0;0;POINT (13.31126 52.51199)
7;2019;5;15;2;3;5;2;0;0;1;0;1;0;0;0;POINT (13.3889 52.43645)
12;2019;10;11;1;3;2;6;1;0;1;0;0;0;1;0;POINT (13.29106 52.58721)
2;2019;9;7;5;3;3;6;0;1;0;0;0;0;0;0;POINT (13.46172 52.51509)
3;2019;8;10;2;3;5;3;0;1;0;0;0;0;0;0;POINT (13.44399 52.52961)
3;2019;5;9;2;3;2;6;0;0;1;0;1;0;0;0;POINT (13.42891 52.55778)
3;2019;10;17;6;3;0;3;0;1;1;0;0;0;0;0;POINT (13.43458 52.53562)
3;2019;6;19;5;3;0;1;0;1;0;0;0;0;0;0;POINT (13.444 52.52961)
1;2019;9;12;5;3;5;2;0;1;0;0;0;0;1;0;POINT (13.40482 52.52014)
2;2019;6;11;5;3;5;2;0;1;0;0;0;0;0;0;POINT (13.45821 52.51546)
2;2019;8;14;2;3;5;3;0;1;1;0;0;0;0;0;POINT (13.45362 52.51849)
9;2019;5;8;2;3;3;6;0;0;1;0;1;0;0;0;POINT (13.46701 52.48538)
10;2019;10;7;6;3;5;3;0;0;1;0;0;0;0;0;POINT (13.55829 52.56289)
3;2019;9;13;5;3;2;6;0;0;1;0;1;0;0;0;POINT (13.41409 52.55068)
4;2019;6;11;5;2;3;6;0;0;1;0;0;0;1;0;POINT (13.28213 52.49785)
2;2019;8;7;2;3;5;2;0;1;1;0;0;0;0;0;POINT (13.43635 52.51751)
4;2019;5;8;2;3;3;6;0;1;1;0;0;0;0;0;POINT (13.33371 52.5133)
3;2019;11;18;1;3;6;2;2;0;1;1;0;0;0;0;POINT (13.42442 52.53899)
7;2019;6;11;2;3;5;3;0;1;1;0;0;0;0;0;POINT (13.38503 52.44928)
7;2019;9;9;5;3;2;6;0;0;1;0;0;0;0;0;POINT (13.39523 52.46721)
1;2019;12;17;5;3;5;3;2;1;1;0;0;0;0;1;POINT (13.40514 52.52007)
3;2019;8;6;2;3;5;3;0;1;1;0;0;0;0;0;POINT (13.40398 52.58098)
3;2019;10;8;2;3;5;2;0;1;1;0;0;0;0;0;POINT (13.44808 52.54693)
11;2019;9;17;4;2;5;3;0;1;1;0;0;0;0;0;POINT (13.47672 52.51344)
4;2019;8;9;2;3;2;6;0;0;1;0;0;0;0;0;POINT (13.30702 52.48179)
3;2019;5;16;1;3;5;3;0;1;0;0;0;0;1;0;POINT (13.41232 52.54109)
10;2019;10;10;7;3;9;1;0;0;1;0;0;0;0;0;POINT (13.55806 52.56259)
3;2019;6;12;7;3;4;6;0;0;1;0;0;0;0;0;POINT (13.40175 52.58769)
4;2019;9;16;4;3;2;6;0;0;1;0;0;0;0;0;POINT (13.29792 52.48943)
1;2019;6;15;5;2;0;6;0;1;0;0;0;0;0;0;POINT (13.42236 52.52009)
1;2019;5;22;1;3;5;2;2;0;1;0;0;0;0;0;POINT (13.36985 52.51583)
7;2019;11;17;3;3;2;6;2;0;1;0;0;0;0;0;POINT (13.36715 52.47203)
2;2019;6;15;5;3;0;7;0;0;0;0;1;0;1;1;POINT (13.46597 52.51452)
7;2019;12;11;1;2;6;7;0;0;1;1;0;0;0;1;POINT (13.38975 52.43497)
6;2019;8;8;2;3;6;2;0;0;1;1;0;0;0;0;POINT (13.28248 52.44169)
7;2019;5;18;1;3;2;6;0;0;1;0;0;0;0;1;POINT (13.34135 52.47863)
1;2019;10;8;2;3;5;2;0;0;0;0;0;1;0;0;POINT (13.40895 52.517)
3;2019;9;9;4;3;0;1;0;1;0;0;0;0;0;0;POINT (13.40301 52.59639)
10;2019;8;17;1;3;5;3;0;1;0;0;0;0;0;0;POINT (13.53986 52.51002)
11;2019;5;7;1;3;5;2;0;1;1;0;0;0;0;0;POINT (13.48172 52.51307)
7;2019;9;16;6;3;2;6;1;0;1;0;0;0;0;1;POINT (13.34896 52.47295)
2;2019;6;11;2;3;5;3;0;1;1;0;0;0;0;0;POINT (13.38867 52.49816)
2;2019;9;17;4;3;3;7;0;1;1;0;0;0;0;0;POINT (13.45117 52.50886)
10;2019;12;7;5;3;3;6;2;0;1;0;0;0;0;1;POINT (13.55032 52.5093)
9;2019;6;14;5;3;6;4;0;0;1;1;0;0;0;0;POINT (13.46474 52.48691)
11;2019;8;12;1;3;2;6;0;0;1;0;1;0;0;0;POINT (13.47766 52.51349)
1;2019;5;10;1;3;3;6;0;1;0;0;0;0;0;0;POINT (13.36752 52.55141)
6;2019;11;17;4;3;2;6;2;0;1;0;0;0;0;0;POINT (13.26391 52.43518)
7;2019;11;14;1;3;6;4;0;0;1;1;0;0;0;0;POINT (13.3746 52.4272)
4;2019;8;13;7;3;2;6;0;0;1;0;0;0;0;0;POINT (13.30406 52.4851)
7;2019;5;14;7;3;0;7;0;0;1;0;1;0;0;0;POINT (13.38416 52.45506)
1;2019;10;15;3;3;4;6;0;1;0;0;0;0;1;1;POINT (13.36817 52.51561)
7;2019;9;17;4;2;6;4;0;0;1;1;0;0;0;0;POINT (13.36082 52.49166)
3;2019;6;14;5;2;6;4;0;0;1;1;0;0;0;0;POINT (13.43886 52.54097)
4;2019;8;13;7;3;2;6;0;0;1;0;0;0;0;0;POINT (13.28282 52.5284)
12;2019;5;19;7;3;1;5;0;0;1;0;0;0;0;0;POINT (13.36364 52.56493)
5;2019;6;5;4;3;2;6;0;0;1;0;0;0;0;0;POINT (13.20786 52.51084)
11;2019;9;17;4;3;0;2;0;1;1;0;0;0;0;0;POINT (13.48304 52.57848)
7;2019;12;7;4;3;2;6;1;0;1;0;0;0;0;1;POINT (13.37134 52.47087)
12;2019;6;7;4;3;3;6;0;1;0;0;0;1;0;0;POINT (13.36394 52.56472)
2;2019;8;9;6;3;2;6;0;0;1;0;0;0;0;0;POINT (13.46363 52.51476)
2;2019;11;15;5;3;2;6;0;1;0;0;0;0;0;0;POINT (13.38903 52.49734)
1;2019;8;17;6;3;5;2;0;0;1;0;0;0;0;0;POINT (13.3684 52.54107)
7;2019;9;8;5;3;0;1;0;1;0;0;0;0;0;1;POINT (13.35409 52.47905)
12;2019;5;8;7;2;5;2;0;0;1;0;0;0;0;0;POINT (13.35903 52.57339)
9;2019;10;17;4;3;2;6;0;0;1;0;0;0;0;1;POINT (13.45795 52.49204)
1;2019;9;19;4;3;3;6;2;0;1;0;1;0;0;0;POINT (13.39958 52.51102)
4;2019;6;19;4;3;5;7;1;0;1;0;0;0;0;1;POINT (13.25394 52.50825)
12;2019;8;14;6;3;2;6;0;0;1;0;0;0;0;0;POINT (13.29164 52.58627)
7;2019;5;16;7;3;2;6;0;1;1;0;0;0;1;0;POINT (13.35949 52.48972)