bez;ujahr;umonat;ustunde;uwochentag;ukategorie;uart;utyp1;ulichtverh;istrad;istpkw;istfuss;istkrad;istgkfz;istsonstige;ustrzustand;geometry
7;2019;5;6;5;3;5;3;0;0;1;0;0;0;0;0;POINT (13.38732 52.44017)
4;2019;7;13;3;3;5;2;0;1;0;0;0;1;0;0;POINT (13.282 52.50994)
6;2019;4;11;2;3;5;7;0;1;1;0;0;0;0;0;POINT (13.26394 52.43518)
9;2019;6;20;4;3;6;4;0;1;0;1;0;0;0;0;POINT (13.45841 52.49238)
7;2019;9;6;4;3;2;6;0;0;1;0;0;0;1;1;POINT (13.4151 52.46077)
3;2019;12;7;3;3;6;2;0;0;1;1;0;0;0;0;POINT (13.42918 52.53305)
4;2019;5;13;5;3;5;2;0;1;1;0;0;0;0;0;POINT (13.31153 52.51181)
1;2019;7;18;2;3;6;6;0;0;0;1;0;0;1;0;POINT (13.41687 52.52217)
4;2019;11;5;5;3;5;2;2;0;1;0;0;0;0;0;POINT (13.3191 52.4782)
1;2019;7;23;2;3;5;3;2;1;0;0;0;0;1;0;POINT (13.37367 52.50918)
1;2019;9;17;5;3;2;6;0;0;1;0;0;0;0;1;POINT (13.36574 52.5556)
1;2019;4;11;2;3;2;6;0;0;1;0;1;0;0;0;POINT (13.37229 52.50501)
4;2019;10;0;4;3;5;3;2;0;1;0;0;0;0;1;POINT (13.30149 52.51135)
11;2019;9;5;4;3;2;6;2;0;1;0;0;1;0;1;POINT (13.50519 52.51073)
3;2019;5;19;5;2;1;5;1;1;1;0;0;0;0;1;POINT (13.41206 52.55983)
3;2019;7;22;2;3;3;2;2;0;1;0;1;0;0;0;POINT (13.40336 52.56938)
1;2019;4;14;2;3;2;6;0;0;1;0;0;0;1;0;POINT (13.36553 52.53328)
7;2019;11;11;7;3;2;2;0;0;1;0;0;0;0;1;POINT (13.3855 52.46942)
12;2019;6;23;6;3;2;7;2;0;0;0;0;0;1;0;POINT (13.35357 52.57368)
7;2019;9;11;3;3;2;7;0;0;1;0;1;0;0;0;POINT (13.38129 52.43879)
1;2019;12;17;4;3;2;6;2;0;1;0;0;0;1;0;POINT (13.36736 52.55141)
3;2019;7;10;2;3;5;2;0;1;1;0;0;0;0;0;POINT (13.41232 52.5411)
3;2019;4;15;2;3;5;2;0;1;1;0;0;0;0;0;POINT (13.40257 52.59237)
12;2019;7;12;2;3;9;1;0;0;1;0;0;0;0;0;POINT (13.35923 52.57314)
7;2019;4;16;2;3;6;4;0;0;1;1;0;0;0;0;POINT (13.40026 52.41644)
1;2019;6;16;4;3;2;6;0;0;1;0;1;0;0;0;POINT (13.36349 52.51542)
7;2019;9;9;3;3;3;6;0;0;1;0;0;1;0;0;POINT (13.38474 52.45075)
2;2019;12;6;5;3;2;2;2;1;1;0;0;0;0;2;POINT (13.43651 52.51764)
12;2019;5;19;5;2;9;1;0;0;1;0;0;0;0;1;POINT (13.35918 52.57316)
3;2019;7;22;1;3;1;5;2;1;1;0;0;0;0;1;POINT (13.45146 52.54833)
9;2019;11;19;5;2;3;6;2;0;1;0;0;1;0;1;POINT (13.47633 52.4442)
1;2019;7;19;1;3;0;6;0;1;1;0;0;0;0;1;POINT (13.41591 52.52221)
4;2019;4;16;2;3;2;6;0;0;1;0;0;0;0;0;POINT (13.28441 52.53051)
7;2019;10;1;5;2;5;3;2;0;1;0;0;0;0;1;POINT (13.3761 52.43019)
7;2019;9;8;3;3;2;6;0;0;1;0;0;0;0;0;POINT (13.36655 52.4723)
2;2019;5;12;5;3;5;2;0;1;1;0;0;0;0;0;POINT (13.46754 52.51451)
1;2019;7;19;1;3;5;2;0;1;1;0;0;0;0;1;POINT (13.36982 52.54322)
9;2019;4;3;1;3;9;1;2;0;1;0;0;0;0;0;POINT (13.50513 52.43023)
7;2019;11;18;1;3;2;6;2;0;1;0;0;0;0;1;POINT (13.39526 52.46704)
9;2019;6;16;7;3;2;6;0;0;0;0;1;0;0;0;POINT (13.51175 52.45508)
1;2019;9;7;3;3;2;6;0;0;0;0;1;1;0;0;POINT (13.40191 52.51158)
7;2019;12;7;5;3;2;6;1;0;1;0;0;0;0;1;POINT (13.35399 52.47913)
7;2019;7;19;1;3;5;3;0;0;1;0;0;0;1;1;POINT (13.34703 52.4766)
3;2019;4;10;6;3;0;2;0;0;1;0;0;0;1;0;POINT (13.40338 52.56939)
7;2019;10;6;1;3;0;3;1;1;0;0;0;0;0;1;POINT (13.37719 52.4325)
9;2019;9;8;2;3;2;6;0;0;1;0;0;0;0;0;POINT (13.45911 52.49289)
6;2019;7;16;1;3;0;5;0;1;1;0;0;0;0;0;POINT (13.25773 52.43565)
2;2019;4;12;5;3;6;6;0;1;0;1;0;0;0;0;POINT (13.45716 52.51557)
7;2019;10;17;5;3;5;3;1;0;1;0;0;0;0;1;POINT (13.3783 52.43483)
4;2019;6;15;5;3;5;2;0;0;1;0;0;0;0;0;POINT (13.27139 52.50942)
3;2019;9;16;2;3;5;2;0;1;1;0;0;0;0;0;POINT (13.41374 52.55769)
4;2019;5;14;4;3;2;6;0;0;1;0;0;0;0;0;POINT (13.26021 52.50863)
4;2019;4;10;5;3;2;6;0;0;0;0;1;0;0;0;POINT (13.28165 52.51008)
1;2019;11;22;1;3;3;6;2;0;1;0;0;0;0;0;POINT (13.38847 52.51027)
1;2019;5;4;4;3;5;3;1;1;1;0;0;0;0;0;POINT (13.41988 52.5249)
12;2019;11;12;6;3;2;6;0;0;1;0;0;0;0;0;POINT (13.28709 52.59247)
4;2019;7;14;1;3;3;6;0;0;1;0;0;0;0;0;POINT (13.28178 52.5219)
7;2019;4;14;5;3;2;2;0;0;0;0;0;0;1;0;POINT (13.37831 52.43485)
7;2019;10;16;2;2;1;5;0;0;1;0;1;0;0;0;POINT (13.36393 52.41421)
1;2019;9;15;2;3;2;2;0;0;0;0;1;1;0;0;POINT (13.37305 52.50913)
9;2019;7;13;1;3;2;6;0;0;1;0;1;0;0;0;POINT (13.50308 52.46124)
5;2019;4;15;5;3;0;1;0;0;0;0;1;0;0;0;POINT (13.21195 52.51002)
1;2019;9;17;5;2;6;7;0;0;0;1;0;0;1;0;POINT (13.40351 52.51925)
2;2019;6;19;1;3;1;5;0;1;1;0;0;0;0;0;POINT (13.45189 52.51145)
10;2019;9;11;2;3;0;7;0;0;1;0;0;0;0;0;POINT (13.58903 52.50499)
2;2019;12;19;2;3;1;5;2;1;1;0;0;0;1;0;POINT (13.45257 52.51191)
11;2019;5;20;3;3;2;7;0;0;1;0;0;0;1;0;POINT (13.50284 52.51093)
1;2019;7;10;1;3;5;3;0;0;1;0;0;0;1;0;POINT (13.41123 52.51879)
7;2019;4;10;4;3;3;6;0;0;1;0;0;0;0;0;POINT (13.35317 52.47629)
1;2019;11;12;3;3;5;7;0;0;1;0;0;0;0;1;POINT (13.3692 52.50725)
7;2019;11;13;6;2;6;7;0;0;1;1;0;0;0;0;POINT (13.39236 52.42978)
6;2019;7;11;1;2;2;7;0;0;1;0;0;0;0;0;POINT (13.32846 52.46058)
3;2019;4;20;4;3;0;6;0;0;0;0;0;0;1;0;POINT (13.41369 52.55039)
11;2019;10;9;2;3;6;2;0;0;1;1;0;0;0;0;POINT (13.50446 52.51065)
12;2019;9;9;2;3;1;7;0;0;1;1;0;0;1;0;POINT (13.36406 52.56449)
2;2019;5;22;3;3;3;6;2;0;1;0;1;0;0;0;POINT (13.45923 52.5152)
7;2019;7;8;1;3;0;7;0;1;0;0;0;0;0;0;POINT (13.38587 52.47485)
2;2019;4;22;4;3;5;2;2;0;1;0;0;0;1;0;POINT (13.44748 52.52635)
7;2019;11;18;4;3;3;6;2;0;1;0;0;0;0;1;POINT (13.40733 52.39015)
7;2019;6;14;4;3;2;6;0;0;1;0;0;0;0;0;POINT (13.38613 52.46968)
4;2019;9;12;2;3;0;3;0;1;1;0;0;0;0;0;POINT (13.27777 52.50967)
4;2019;12;20;2;3;5;3;2;1;1;0;0;0;0;1;POINT (13.30744 52.51174)
10;2019;7;8;7;2;9;1;0;0;1;0;0;0;0;0;POINT (13.558 52.56251)
2;2019;10;4;4;3;8;1;2;0;1;0;0;0;0;0;POINT (13.38609 52.48663)
6;2019;7;23;7;3;0;7;2;0;1;0;0;0;0;0;POINT (13.31231 52.46589)
2;2019;9;15;5;3;2;6;0;0;1;0;0;0;0;1;POINT (13.38607 52.48637)
6;2019;4;18;4;3;0;1;0;0;0;0;1;0;0;0;POINT (13.24182 52.43355)
4;2019;10;9;3;3;2;6;0;0;1;0;0;0;0;0;POINT (13.28146 52.49884)
4;2019;9;12;2;3;0;3;0;1;1;0;0;0;0;0;POINT (13.27776 52.50966)
1;2019;5;21;3;3;2;6;0;0;1;0;0;0;1;0;POINT (13.36575 52.55552)
2;2019;7;19;7;3;5;2;0;0;1;0;0;0;0;0;POINT (13.45423 52.5157)
2;2019;4;10;4;3;6;4;0;1;0;1;0;0;0;0;POINT (13.45004 52.5226)
1;2019;11;16;6;2;0;3;1;1;0;0;0;0;1;0;POINT (13.37057 52.50877)
9;2019;6;18;6;2;3;6;0;0;1;0;0;0;0;0;POINT (13.47423 52.48838)
12;2019;12;11;3;3;3;6;0;0;1;0;1;0;0;0;POINT (13.36487 52.56132)
5;2019;7;18;7;2;5;3;0;1;1;0;0;0;0;0;POINT (13.12628 52.47857)
2;2019;4;9;4;3;1;5;0;0;1;0;0;0;1;0;POINT (13.38447 52.4986)
7;2019;10;17;5;3;5;3;0;0;1;0;0;0;0;0;POINT (13.37552 52.42896)
1;2019;9;15;1;3;0;7;0;1;0;0;0;0;0;1;POINT (13.36671 52.5042)
4;2019;7;23;6;3;5;2;2;0;1;0;1;0;0;0;POINT (13.25815 52.50851)
9;2019;4;10;4;2;5;3;0;1;1;0;0;0;0;0;POINT (13.51311 52.45416)
3;2019;10;8;3;3;2;7;1;1;1;0;0;0;0;1;POINT (13.40252 52.586)
10;2019;6;7;4;2;5;2;0;1;1;0;0;0;0;0;POINT (13.55339 52.50935)
1;2019;9;11;1;3;5;2;0;0;1;0;0;0;0;1;POINT (13.36838 52.54108)
7;2019;12;14;4;3;1;5;0;0;1;0;0;0;1;1;POINT (13.40736 52.38951)
2;2019;5;10;3;3;2;6;0;0;1;0;1;0;0;0;POINT (13.47378 52.51387)
1;2019;4;17;4;3;2;6;0;0;1;0;0;0;0;0;POINT (13.36551 52.55795)
1;2019;11;5;7;3;8;1;2;0;1;0;0;0;1;1;POINT (13.36443 52.5344)
4;2019;5;11;3;3;5;7;0;1;1;0;0;0;0;0;POINT (13.32569 52.51293)
3;2019;11;18;4;3;5;2;2;1;1;0;0;0;0;1;POINT (13.40338 52.56939)
4;2019;7;22;6;2;0;1;2;1;0;0;0;0;0;0;POINT (13.29922 52.5112)
10;2019;4;7;3;2;5;2;0;0;1;0;1;0;1;0;POINT (13.54028 52.51)
3;2019;10;14;7;3;5;2;0;1;1;0;0;0;0;0;POINT (13.40169 52.58995)
4;2019;9;23;1;3;9;1;2;0;1;0;0;0;0;1;POINT (13.28029 52.50167)
4;2019;5;17;3;3;3;6;0;0;1;0;0;0;0;0;POINT (13.27853 52.50988)
2;2019;7;10;6;3;3;6;0;1;1;0;0;0;0;0;POINT (13.45196 52.51609)
5;2019;4;11;3;3;2;6;0;0;1;0;0;0;1;0;POINT (13.18175 52.5161)
2;2019;10;20;6;3;0;7;2;0;0;0;1;0;0;0;POINT (13.38792 52.49347)
7;2019;9;21;1;3;5;3;2;0;1;0;0;1;0;1;POINT (13.35911 52.47434)
3;2019;7;10;6;3;2;6;0;0;1;0;1;0;0;0;POINT (13.41373 52.55057)
4;2019;4;12;3;3;2;6;0;0;1;0;0;0;0;0;POINT (13.24538 52.50772)
1;2019;10;6;3;3;2;6;2;0;1;0;0;0;1;1;POINT (13.36889 52.53906)
1;2019;6;8;5;3;5;2;0;1;1;0;0;0;0;0;POINT (13.37019 52.53996)
4;2019;9;19;1;3;5;3;2;0;1;0;0;1;0;1;POINT (13.28512 52.51097)
3;2019;12;7;6;3;4;6;0;0;1;0;0;0;0;0;POINT (13.40181 52.58696)
3;2019;5;13;3;3;5;2;0;0;1;0;0;0;1;0;POINT (13.41346 52.55867)
7;2019;4;13;3;3;3;6;0;0;1;0;0;1;0;0;POINT (13.40675 52.46202)
12;2019;11;14;7;3;2;6;0;0;1;0;0;0;0;0;POINT (13.24801 52.61438)
7;2019;5;15;3;2;9;1;0;0;0;0;1;0;0;0;POINT (13.41052 52.46003)
7;2019;11;13;6;2;0;1;0;0;0;0;1;0;0;1;POINT (13.38343 52.46963)
9;2019;7;0;6;2;5;3;2;1;0;0;1;0;0;0;POINT (13.51318 52.45411)
12;2019;4;14;3;3;0;2;0;1;0;0;0;0;1;0;POINT (13.36442 52.56373)
4;2019;10;13;1;3;2;6;0;1;1;0;0;0;0;0;POINT (13.29446 52.51089)
4;2019;9;15;1;3;4;1;0;0;1;0;0;0;0;1;POINT (13.26002 52.50862)
7;2019;5;7;3;3;5;3;0;1;0;0;0;0;0;0;POINT (13.39271 52.42977)
1;2019;7;23;5;2;0;7;2;0;0;0;1;0;1;0;POINT (13.40291 52.51896)
1;2019;4;15;3;3;2;6;0;0;1;0;0;0;1;0;POINT (13.37228 52.50501)
3;2019;6;14;1;2;0;3;0;0;0;0;1;1;0;0;POINT (13.39831 52.5793)
2;2019;9;9;1;3;2;6;0;0;1;0;0;0;0;1;POINT (13.38914 52.49801)
1;2019;12;19;1;3;5;3;2;1;1;0;0;0;0;1;POINT (13.40459 52.51313)
2;2019;5;9;3;3;5;2;0;1;0;0;0;0;1;0;POINT (13.45422 52.51583)
7;2019;7;12;5;3;1;5;0;0;1;0;0;0;1;0;POINT (13.38589 52.47594)
4;2019;4;17;2;3;3;6;0;0;1;0;1;0;0;0;POINT (13.31217 52.51186)
6;2019;11;14;2;3;2;6;0;0;1;0;0;0;0;1;POINT (13.3031 52.44903)
1;2019;11;13;5;2;5;3;0;0;1;0;0;0;0;0;POINT (13.37057 52.53997)
4;2019;7;12;5;3;2;6;0;0;1;0;0;0;0;0;POINT (13.30116 52.51114)
4;2019;4;21;2;3;2;6;2;0;1;0;0;0;0;0;POINT (13.33724 52.47817)
6;2019;10;15;1;3;5;7;0;0;1;0;0;0;0;0;POINT (13.31431 52.45308)
9;2019;9;8;1;3;3;6;0;0;1;0;0;0;1;1;POINT (13.46081 52.49393)
4;2019;5;7;3;2;5;7;0;0;1;0;1;0;0;0;POINT (13.22889 52.50673)
4;2019;7;18;5;3;2;6;0;0;1;0;0;0;0;0;POINT (13.22634 52.50712)
11;2019;4;20;2;3;1;5;2;0;1;0;1;0;0;0;POINT (13.48103 52.51314)
2;2019;11;21;3;3;3;6;2;0;1;0;0;0;1;0;POINT (13.43886 52.51726)
4;2019;6;13;3;3;5;2;0;0;1;0;0;0;0;0;POINT (13.27783 52.50984)
7;2019;9;14;1;3;2;6;0;0;1;0;1;0;0;1;POINT (13.38811 52.43763)
4;2019;12;17;1;3;2;6;2;0;1;0;0;0;0;1;POINT (13.30305 52.48567)
1;2019;7;20;5;3;0;1;1;0;0;0;0;0;1;0;POINT (13.41246 52.51947)
9;2019;10;18;3;3;2;6;2;0;1;0;0;0;0;0;POINT (13.47026 52.44733)
2;2019;9;0;7;3;9;1;2;0;1;0;0;0;0;0;POINT (13.45263 52.51824)
4;2019;7;9;5;3;2;6;0;0;1;0;0;0;0;0;POINT (13.28515 52.53141)
3;2019;4;19;2;3;5;3;0;0;1;0;0;0;0;0;POINT (13.4675 52.55519)
5;2019;10;11;2;3;2;6;0;0;1;0;0;0;0;1;POINT (13.17879 52.51646)
7;2019;9;4;7;3;1;1;0;0;1;0;0;0;0;0;POINT (13.39472 52.42559)
4;2019;5;8;3;3;8;1;0;0;0;0;1;0;0;0;POINT (13.29932 52.53398)
2;2019;7;2;5;3;3;6;2;0;0;0;0;0;1;0;POINT (13.44983 52.5163)
4;2019;4;18;2;3;5;3;0;1;1;0;0;0;0;0;POINT (13.31494 52.51223)
1;2019;11;4;6;3;0;3;2;0;0;0;0;0;1;1;POINT (13.4109 52.52333)
1;2019;5;9;2;3;5;2;0;1;1;0;0;0;0;0;POINT (13.36834 52.54111)
2;2019;12;7;2;3;5;2;1;1;1;0;0;0;0;0;POINT (13.46023 52.51524)
10;2019;7;11;4;3;5;3;0;0;1;0;0;0;1;0;POINT (13.55828 52.56289)
9;2019;4;17;2;3;4;7;0;1;1;0;0;0;0;0;POINT (13.46153 52.49477)
2;2019;10;11;5;3;5;2;0;1;0;0;0;0;1;0;POINT (13.45373 52.51598)
2;2019;9;20;6;2;6;4;2;0;1;1;0;0;0;0;POINT (13.45988 52.51514)
4;2019;7;23;4;2;3;1;2;0;1;0;0;0;0;0;POINT (13.3095 52.53569)
3;2019;4;7;2;3;5;2;0;1;1;0;0;0;0;0;POINT (13.39815 52.57118)
1;2019;10;9;2;3;5;2;0;1;1;0;0;0;0;1;POINT (13.41676 52.52208)
4;2019;6;18;3;3;2;6;0;0;1;0;0;0;0;0;POINT (13.28391 52.51726)
7;2019;9;12;6;3;3;6;0;0;1;0;0;0;0;0;POINT (13.34061 52.47875)
1;2019;12;16;1;3;6;2;2;0;1;1;0;0;0;0;POINT (13.36727 52.55154)
1;2019;5;8;2;3;5;2;0;1;0;0;0;1;0;0;POINT (13.36834 52.54111)
2;2019;4;17;2;2;6;4;0;1;0;1;0;0;0;0;POINT (13.43644 52.5175)
6;2019;11;10;6;3;0;2;0;1;1;0;0;0;0;1;POINT (13.28246 52.44169)
1;2019;5;8;2;3;2;2;0;1;0;0;0;0;1;0;POINT (13.41638 52.522)
7;2019;11;17;3;3;2;6;2;0;1;0;0;0;0;1;POINT (13.37886 52.46994)
3;2019;7;16;4;3;3;6;0;1;1;0;0;0;0;0;POINT (13.44665 52.52757)
7;2019;4;17;2;3;5;2;0;0;1;0;1;0;0;0;POINT (13.35415 52.47901)
12;2019;10;9;5;3;5;3;0;0;1;0;1;0;0;0;POINT (13.319 52.61075)
7;2019;9;12;6;3;5;3;0;0;1;0;1;0;0;0;POINT (13.36099 52.49346)
1;2019;5;17;2;3;6;4;0;1;1;1;0;0;0;0;POINT (13.36613 52.55461)
3;2019;7;13;4;3;2;6;0;0;1;0;0;0;0;0;POINT (13.40369 52.56909)
7;2019;4;12;1;3;5;2;0;0;1;0;0;0;0;0;POINT (13.38438 52.45266)
5;2019;6;12;6;3;4;6;0;1;0;0;0;0;0;0;POINT (13.14164 52.49002)
2;2019;9;11;6;3;2;6;0;0;1;0;0;0;0;0;POINT (13.38657 52.49073)
7;2019;12;3;7;3;5;3;2;0;1;0;0;0;0;1;POINT (13.3855 52.46939)
3;2019;5;11;2;2;0;2;0;0;1;0;1;0;0;0;POINT (13.42419 52.5393)
7;2019;7;8;4;3;2;2;0;1;1;0;0;0;0;0;POINT (13.3484 52.48193)
12;2019;11;0;7;2;1;1;2;0;1;0;0;0;0;1;POINT (13.36368 52.56522)
2;2019;7;6;4;3;5;2;0;0;1;0;0;0;0;0;POINT (13.45376 52.51587)
12;2019;4;22;1;3;0;3;2;0;1;0;1;0;0;0;POINT (13.36375 52.56508)
7;2019;10;13;6;3;5;3;0;1;1;0;0;0;0;0;POINT (13.38732 52.44017)
4;2019;9;20;5;3;0;1;2;1;1;0;0;0;0;0;POINT (13.28676 52.51024)
7;2019;5;10;1;2;0;7;0;1;0;0;0;0;0;0;POINT (13.3587 52.40836)
12;2019;7;17;3;3;1;5;0;1;1;0;0;0;0;0;POINT (13.36001 52.5719)
1;2019;4;18;1;3;0;5;0;1;0;0;0;0;1;0;POINT (13.4064 52.52071)
5;2019;11;17;2;1;6;4;1;0;1;1;0;0;1;1;POINT (13.20597 52.51122)
1;2019;6;11;2;3;5;2;0;1;1;0;0;0;0;0;POINT (13.41951 52.5251)
6;2019;9;6;5;3;3;6;0;0;1;0;0;0;0;0;POINT (13.20809 52.44678)
4;2019;12;18;5;2;2;6;2;0;1;0;0;0;0;1;POINT (13.28296 52.52862)
2;2019;7;15;3;3;0;1;0;1;0;0;0;0;0;0;POINT (13.45237 52.51917)
9;2019;10;13;2;3;2;6;0;0;1;0;0;0;0;0;POINT (13.51361 52.45401)
4;2019;9;13;5;3;3;6;0;0;1;0;0;0;1;0;POINT (13.28007 52.5017)
12;2019;6;15;6;3;2;6;0;0;1;0;0;0;0;0;POINT (13.30863 52.55694)
12;2019;9;13;5;3;0;6;0;0;0;0;0;0;1;0;POINT (13.30078 52.54842)
12;2019;12;13;1;3;3;6;0;0;1;0;0;1;0;0;POINT (13.36417 52.56384)
2;2019;5;9;1;3;3;6;0;1;1;0;0;0;0;0;POINT (13.38606 52.48596)
3;2019;7;19;3;2;2;7;0;0;1;0;0;0;0;0;POINT (13.44916 52.60544)
5;2019;4;15;1;3;0;7;0;0;1;0;0;0;1;0;POINT (13.17598 52.51461)
7;2019;11;12;1;3;0;6;0;0;1;0;1;0;0;1;POINT (13.38774 52.43877)
7;2019;7;7;3;3;2;6;0;0;1;0;0;0;1;0;POINT (13.38654 52.44262)
4;2019;4;8;1;3;5;2;0;1;1;0;0;0;0;0;POINT (13.29141 52.51053)
7;2019;10;17;7;3;0;7;0;1;1;0;0;0;0;0;POINT (13.38546 52.4632)
12;2019;9;12;5;3;6;7;0;0;0;1;0;1;0;0;POINT (13.361 52.56997)
4;2019;5;15;7;3;6;4;0;1;0;1;0;0;0;0;POINT (13.31506 52.51224)
4;2019;7;15;3;3;2;6;0;0;1;0;0;1;0;0;POINT (13.31812 52.47835)
2;2019;4;8;1;3;5;3;0;1;1;0;0;0;0;0;POINT (13.47072 52.51419)
3;2019;11;22;2;3;0;3;2;1;1;0;0;0;0;1;POINT (13.40279 52.59316)
3;2019;6;7;3;2;5;3;0;1;0;0;0;0;0;0;POINT (13.41251 52.54338)
4;2019;9;12;5;3;2;6;0;0;1;0;0;0;0;0;POINT (13.28126 52.49908)
2;2019;12;13;6;3;1;5;0;1;1;0;0;0;1;0;POINT (13.45158 52.50973)
9;2019;7;16;3;3;5;2;0;0;1;0;0;0;0;0;POINT (13.46511 52.48667)
12;2019;10;9;3;3;3;6;0;0;1;0;0;0;0;0;POINT (13.36033 52.57129)
7;2019;9;15;5;3;8;7;0;0;1;0;0;0;0;0;POINT (13.36189 52.41374)
7;2019;7;14;3;3;3;6;0;0;1;0;1;0;1;0;POINT (13.38575 52.47974)
12;2019;4;0;7;3;5;2;2;1;1;0;0;0;0;0;POINT (13.3239 52.60778)
4;2019;10;0;2;3;5;2;2;0;1;0;0;0;0;0;POINT (13.28924 52.51039)
4;2019;6;13;1;3;2;6;0;0;1;0;0;1;0;0;POINT (13.28153 52.50518)
11;2019;9;20;4;3;5;2;2;1;1;0;0;0;0;0;POINT (13.49349 52.51171)
10;2019;5;2;7;3;6;4;2;0;0;1;0;0;1;0;POINT (13.55489 52.55856)
10;2019;7;19;3;3;2;6;0;0;1;0;0;0;0;0;POINT (13.56108 52.50863)
4;2019;4;13;6;3;2;6;0;0;1;0;0;0;0;0;POINT (13.30578 52.48353)
5;2019;11;7;4;2;4;6;1;1;0;0;0;0;0;0;POINT (13.12891 52.48011)
4;2019;5;17;7;3;2;6;0;0;1;0;0;0;0;0;POINT (13.29599 52.54139)
4;2019;12;16;2;3;5;2;2;1;1;0;0;0;0;1;POINT (13.2893 52.5104)
2;2019;7;20;2;3;2;6;0;0;1;0;0;0;1;0;POINT (13.45098 52.51619)
4;2019;4;1;6;3;5;3;2;0;1;0;0;0;0;0;POINT (13.30159 52.51117)
2;2019;10;8;4;2;0;2;0;1;1;0;0;0;0;1;POINT (13.46022 52.51525)
3;2019;9;6;4;3;5;2;1;1;0;0;0;1;0;0;POINT (13.41376 52.55077)
3;2019;7;18;2;3;1;5;0;1;1;0;0;0;1;0;POINT (13.41346 52.54081)
2;2019;4;0;6;3;6;4;2;0;1;1;0;0;0;0;POINT (13.46017 52.51525)
4;2019;9;17;1;3;8;1;0;0;1;0;0;0;0;1;POINT (13.30711 52.47603)
2;2019;6;5;3;3;2;6;0;0;1;0;0;0;0;0;POINT (13.44512 52.51677)
4;2019;9;11;4;3;5;2;0;1;1;0;0;0;0;0;POINT (13.28923 52.51056)
1;2019;12;17;5;3;2;6;2;1;0;0;0;0;0;0;POINT (13.42482 52.51933)
4;2019;5;0;7;3;0;1;2;1;0;0;0;0;0;0;POINT (13.28122 52.50989)
12;2019;7;16;2;3;5;3;0;1;1;0;0;0;0;0;POINT (13.34595 52.58023)
2;2019;4;11;6;2;5;3;0;0;1;0;0;0;1;0;POINT (13.45423 52.51576)
2;2019;11;9;5;3;6;7;0;1;0;1;0;0;0;0;POINT (13.4658 52.51469)
1;2019;9;6;4;3;5;2;0;1;1;0;0;0;0;1;POINT (13.37054 52.50875)
3;2019;11;16;2;3;2;2;2;0;1;0;0;0;0;0;POINT (13.42437 52.53926)
12;2019;7;14;2;3;5;3;0;0;1;0;0;0;0;0;POINT (13.34193 52.58547)
3;2019;4;15;5;3;5;2;0;0;1;0;0;0;1;0;POINT (13.41369 52.55777)
1;2019;10;17;4;3;6;4;0;1;0;1;0;0;0;0;POINT (13.36336 52.51541)
9;2019;9;16;3;3;6;7;0;0;0;1;0;0;1;0;POINT (13.45958 52.49276)
1;2019;5;11;6;3;5;3;0;0;1;0;1;0;0;0;POINT (13.3655 52.55797)
12;2019;7;14;2;3;6;4;0;1;0;1;0;0;0;0;POINT (13.36241 52.56727)
10;2019;4;9;5;3;1;6;0;0;1;0;0;0;1;0;POINT (13.53693 52.53414)
12;2019;6;11;5;3;2;6;0;0;1;0;0;0;1;0;POINT (13.34071 52.58705)
7;2019;9;10;3;3;2;6;0;0;1;0;0;0;0;0;POINT (13.39558 52.46706)
6;2019;12;17;5;3;0;2;2;1;1;0;0;0;0;0;POINT (13.16797 52.42053)
3;2019;5;11;6;3;6;6;0;1;0;1;0;0;0;0;POINT (13.41319 52.5586)
3;2019;7;12;2;3;3;6;0;1;1;0;0;0;0;0;POINT (13.45537 52.54933)
12;2019;11;0;6;3;3;2;2;0;1;0;0;0;0;1;POINT (13.34784 52.57428)
1;2019;7;7;2;2;6;4;0;0;0;1;0;1;0;0;POINT (13.39719 52.51758)
9;2019;4;12;5;3;2;2;0;0;1;0;0;0;0;0;POINT (13.47946 52.48451)
3;2019;10;7;5;3;0;7;0;0;1;0;0;0;1;0;POINT (13.42766 52.62805)
2;2019;9;9;3;3;1;5;0;0;1;0;1;0;0;0;POINT (13.46551 52.51457)
1;2019;5;3;6;3;2;6;2;1;1;0;0;0;0;0;POINT (13.36598 52.55435)
9;2019;7;10;2;3;0;1;0;1;0;0;0;0;0;0;POINT (13.49644 52.46555)
3;2019;4;23;5;3;1;5;2;1;1;0;0;0;1;0;POINT (13.42637 52.53027)
3;2019;11;14;1;3;1;5;0;1;1;0;0;0;0;1;POINT (13.41685 52.54044)
12;2019;6;6;2;3;2;6;0;0;1;0;0;0;0;0;POINT (13.28614 52.59383)
12;2019;9;14;3;3;5;2;0;1;1;0;0;0;0;1;POINT (13.36411 52.5644)
3;2019;12;15;5;3;1;5;1;1;1;0;0;0;1;1;POINT (13.4272 52.53098)
1;2019;7;16;2;3;0;4;0;1;0;1;0;0;0;0;POINT (13.36552 52.5579)
3;2019;4;16;5;3;5;3;0;1;1;0;0;0;0;0;POINT (13.4279 52.56154)
1;2019;10;11;1;3;3;6;0;0;1;0;1;0;0;0;POINT (13.38867 52.51028)
6;2019;9;14;2;2;0;1;0;0;0;0;1;0;0;0;POINT (13.33269 52.46401)
4;2019;7;10;2;3;2;6;0;0;1;0;0;0;0;0;POINT (13.28279 52.52872)
3;2019;4;7;5;3;2;6;0;0;1;0;0;0;0;0;POINT (13.4297 52.55408)
1;2019;10;20;6;3;5;3;2;1;0;0;0;0;1;0;POINT (13.36548 52.55808)
2;2019;6;7;6;3;5;2;0;0;1;0;0;0;0;0;POINT (13.46008 52.51512)
6;2019;9;17;2;3;5;2;0;1;1;0;0;0;0;0;POINT (13.17714 52.41939)
2;2019;5;14;6;2;6;4;0;0;1;1;0;0;0;0;POINT (13.38816 52.49382)
10;2019;4;9;4;2;5;3;0;0;1;0;0;0;1;0;POINT (13.55817 52.56274)
9;2019;11;16;2;2;4;6;1;1;0;0;0;0;0;0;POINT (13.4602 52.49258)
3;2019;5;23;5;3;5;3;2;1;1;0;0;0;0;0;POINT (13.41462 52.5562)
7;2019;12;3;7;3;3;6;2;0;1;0;0;0;0;0;POINT (13.35146 52.48355)
3;2019;7;8;2;3;2;6;0;0;1;0;0;1;0;0;POINT (13.39847 52.57632)
7;2019;4;8;4;3;2;6;0;0;1;0;0;0;0;0;POINT (13.3572 52.47379)
7;2019;10;17;2;2;1;5;1;1;1;0;0;0;0;0;POINT (13.35696 52.48691)
12;2019;9;17;2;3;9;1;0;0;1;0;0;0;0;0;POINT (13.30355 52.55145)
3;2019;7;8;2;3;1;5;0;1;1;0;0;0;0;0;POINT (13.41586 52.54039)