bez;ujahr;umonat;ustunde;uwochentag;ukategorie;uart;utyp1;ulichtverh;istrad;istpkw;istfuss;istkrad;istgkfz;istsonstige;ustrzustand;geometry
12;2019;4;17;4;2;6;2;0;0;1;1;0;0;0;0;POINT (13.34784 52.57447)
7;2019;9;14;6;3;2;6;0;0;1;0;0;0;0;0;POINT (13.35568 52.47373)
7;2019;6;7;2;2;0;1;0;0;0;0;1;0;0;0;POINT (13.3952 52.46706)
3;2019;9;9;2;3;5;2;0;1;0;0;1;0;0;0;POINT (13.39826 52.57765)
7;2019;12;15;3;3;2;6;1;0;0;0;1;0;1;0;POINT (13.36655 52.47226)
2;2019;5;19;5;2;6;4;0;0;1;1;0;0;0;0;POINT (13.44751 52.51639)
2;2019;7;8;2;3;2;6;0;0;1;0;0;0;0;0;POINT (13.4575 52.51553)
2;2019;7;19;2;3;3;6;0;0;1;0;0;0;0;0;POINT (13.45512 52.51562)
7;2019;4;17;4;3;6;4;0;0;1;1;0;0;0;0;POINT (13.37664 52.43133)
4;2019;10;16;7;3;0;1;0;0;1;0;0;0;0;0;POINT (13.29587 52.49087)
3;2019;6;17;7;3;1;5;0;1;1;0;0;0;0;0;POINT (13.39886 52.57305)
2;2019;9;9;2;3;5;2;0;1;1;0;0;0;0;0;POINT (13.45245 52.51164)
12;2019;5;11;5;3;2;6;0;0;1;0;0;0;0;0;POINT (13.29224 52.58537)
1;2019;4;10;3;3;3;6;0;0;1;0;0;0;0;0;POINT (13.36398 52.5011)
4;2019;11;18;3;3;2;6;2;0;1;0;0;0;0;0;POINT (13.28147 52.5046)
3;2019;5;7;5;2;6;4;0;0;1;1;0;0;0;0;POINT (13.40171 52.58889)
11;2019;12;18;1;2;6;4;2;0;1;1;0;0;0;1;POINT (13.48425 52.51282)
12;2019;7;16;1;3;5;2;0;1;1;0;0;0;0;1;POINT (13.36441 52.56376)
1;2019;4;13;3;3;3;6;0;0;0;0;1;0;1;0;POINT (13.36834 52.53043)
12;2019;10;9;3;3;0;2;0;0;0;0;1;1;0;0;POINT (13.34697 52.57892)
2;2019;9;16;2;3;1;5;0;0;1;0;0;0;1;0;POINT (13.38825 52.49394)
3;2019;7;16;1;3;2;7;0;0;0;0;1;1;0;1;POINT (13.43048 52.6227)
12;2019;4;11;3;3;0;6;0;1;0;1;0;0;0;0;POINT (13.31655 52.61211)
4;2019;9;6;7;2;0;1;1;1;0;0;0;0;0;1;POINT (13.25327 52.50821)
3;2019;6;7;2;2;5;2;0;1;1;0;0;0;0;0;POINT (13.44459 52.54534)
7;2019;9;10;1;3;6;7;0;0;0;1;1;0;0;0;POINT (13.38565 52.47535)
1;2019;12;8;5;3;3;6;0;0;1;0;0;0;1;0;POINT (13.38623 52.51014)
10;2019;5;8;5;2;2;6;0;0;1;0;0;0;0;0;POINT (13.5491 52.50953)
2;2019;7;14;1;3;6;4;0;1;0;1;0;0;0;0;POINT (13.38787 52.4934)
3;2019;4;10;3;3;5;3;0;1;1;0;0;0;0;0;POINT (13.41478 52.5551)
4;2019;11;21;4;3;5;3;2;0;1;0;0;0;0;1;POINT (13.29074 52.49373)
4;2019;9;20;1;3;5;2;2;0;1;0;1;0;0;0;POINT (13.2837 52.51022)
7;2019;11;16;1;3;2;6;2;0;1;0;0;0;0;0;POINT (13.37679 52.47016)
7;2019;7;19;1;3;2;6;0;0;1;0;0;1;0;0;POINT (13.38024 52.43767)
1;2019;4;14;3;3;0;4;0;0;0;1;0;0;1;0;POINT (13.41102 52.52316)
3;2019;10;16;3;3;2;6;0;0;1;0;0;0;0;1;POINT (13.42987 52.5541)
2;2019;9;19;1;3;3;6;1;0;1;0;1;0;0;0;POINT (13.38915 52.495)
7;2019;5;13;5;2;0;3;0;0;1;0;0;0;1;0;POINT (13.36201 52.41374)
11;2019;7;15;1;3;0;2;0;1;1;0;0;0;0;1;POINT (13.48832 52.51241)
1;2019;4;8;3;2;1;5;0;1;1;0;0;0;0;0;POINT (13.39307 52.51738)
9;2019;6;15;4;3;2;6;0;0;1;0;0;0;0;0;POINT (13.51543 52.45278)
1;2019;9;18;1;3;6;4;0;1;0;1;0;0;0;0;POINT (13.36624 52.5156)
1;2019;12;21;4;3;5;7;2;0;1;0;0;0;0;1;POINT (13.40899 52.51704)
3;2019;5;13;5;3;0;7;0;1;1;0;0;0;0;0;POINT (13.42159 52.5395)
7;2019;7;13;1;3;0;1;0;0;1;0;0;0;0;0;POINT (13.41255 52.46031)
3;2019;11;17;5;3;0;6;2;0;1;0;0;0;1;0;POINT (13.3984 52.57841)
4;2019;7;0;1;3;3;6;2;0;1;0;0;0;0;0;POINT (13.29426 52.5382)
10;2019;9;9;5;2;2;6;0;0;1;0;0;1;0;1;POINT (13.53747 52.51001)
9;2019;4;21;3;3;5;3;2;1;0;0;0;0;0;0;POINT (13.46093 52.49237)
7;2019;10;17;4;3;2;6;0;0;1;0;0;0;0;1;POINT (13.36659 52.47228)
6;2019;9;18;1;3;5;3;0;1;1;0;0;0;0;0;POINT (13.23552 52.43234)
7;2019;5;15;5;3;2;6;0;0;1;0;0;0;0;0;POINT (13.36511 52.47296)
2;2019;7;17;7;3;3;7;0;0;1;0;1;0;0;0;POINT (13.44776 52.50383)
12;2019;4;15;3;3;5;7;0;0;1;0;1;0;0;0;POINT (13.36353 52.56513)
4;2019;11;6;1;3;2;6;2;0;1;0;0;0;0;1;POINT (13.32765 52.47793)
7;2019;6;15;6;3;2;6;0;0;1;0;0;0;0;0;POINT (13.38478 52.45057)
1;2019;9;17;1;3;5;2;0;1;1;0;0;0;0;0;POINT (13.36989 52.54179)
7;2019;12;9;4;3;0;6;0;0;1;0;1;0;0;0;POINT (13.37617 52.43034)
1;2019;7;13;7;3;0;7;0;1;0;0;0;0;0;0;POINT (13.3637 52.51532)
3;2019;4;8;3;3;0;6;0;1;0;0;0;0;0;0;POINT (13.42472 52.54028)
4;2019;10;18;7;3;2;6;2;0;1;0;0;0;0;0;POINT (13.2858 52.53187)
7;2019;9;9;1;3;2;6;0;0;1;0;0;0;0;0;POINT (13.36687 52.47216)
12;2019;7;0;7;3;2;7;2;0;1;0;0;0;1;1;POINT (13.35074 52.57396)
2;2019;4;6;3;2;1;1;0;0;1;0;0;1;1;0;POINT (13.44769 52.50248)
3;2019;10;0;5;3;0;1;2;0;0;0;0;0;1;0;POINT (13.44068 52.54254)
3;2019;6;14;5;3;2;6;0;0;1;0;0;0;0;0;POINT (13.49883 52.62135)
2;2019;9;8;1;3;2;6;0;0;1;0;0;1;0;0;POINT (13.47388 52.51386)
1;2019;5;16;5;3;5;2;0;0;1;0;0;0;1;0;POINT (13.36982 52.51583)
4;2019;4;17;2;3;5;2;0;1;1;0;0;0;0;0;POINT (13.3199 52.51256)
1;2019;11;5;1;3;8;1;0;1;0;0;0;0;0;0;POINT (13.39166 52.51732)
7;2019;5;17;5;3;2;6;0;0;1;0;1;0;0;0;POINT (13.35158 52.47422)
4;2019;11;5;6;3;0;3;2;0;1;0;0;0;1;0;POINT (13.29743 52.51108)
2;2019;7;23;6;3;2;6;2;0;1;0;1;0;0;1;POINT (13.44756 52.52673)
1;2019;4;8;2;3;2;6;0;0;1;0;0;0;0;0;POINT (13.36705 52.53175)
9;2019;10;17;1;3;3;6;2;0;1;0;1;0;0;0;POINT (13.45794 52.49203)
4;2019;9;11;1;3;2;7;0;0;1;0;1;0;0;0;POINT (13.30453 52.51136)
11;2019;7;22;6;3;5;2;2;1;1;0;0;0;0;1;POINT (13.48425 52.51269)
8;2019;4;10;2;3;3;6;0;0;1;0;0;1;0;0;POINT (13.44572 52.46307)
1;2019;6;17;1;3;5;3;0;1;1;0;0;0;0;0;POINT (13.39453 52.51731)
7;2019;9;11;1;3;5;2;0;0;1;0;0;1;0;0;POINT (13.38053 52.438)
3;2019;12;4;2;3;8;1;2;0;0;0;0;0;1;1;POINT (13.44926 52.60727)
7;2019;5;13;4;3;2;6;0;0;1;0;0;0;0;0;POINT (13.37154 52.4707)
4;2019;7;19;6;3;6;4;0;1;0;1;0;0;0;0;POINT (13.2949 52.51073)
12;2019;4;11;2;3;2;6;0;0;1;0;0;0;0;0;POINT (13.34772 52.57548)
1;2019;11;10;2;3;3;6;0;0;1;0;0;0;0;1;POINT (13.40197 52.51161)
12;2019;11;18;6;3;2;2;2;0;1;0;0;0;0;0;POINT (13.32392 52.60776)
9;2019;7;18;6;3;2;6;0;0;1;0;0;0;0;0;POINT (13.49792 52.43397)
3;2019;4;19;2;2;5;2;1;1;1;0;0;0;0;0;POINT (13.41464 52.55607)
4;2019;10;11;2;2;5;2;0;1;1;0;0;0;0;0;POINT (13.28159 52.51008)
3;2019;9;8;1;3;6;7;0;1;0;1;0;0;0;0;POINT (13.43594 52.53467)
3;2019;5;11;4;2;2;6;0;0;1;0;0;0;0;0;POINT (13.43255 52.53557)
2;2019;7;15;6;2;0;1;0;1;0;0;0;0;0;0;POINT (13.45418 52.51595)
11;2019;4;11;2;2;2;6;0;0;1;0;0;0;0;0;POINT (13.47795 52.51346)
11;2019;11;18;4;2;2;6;2;0;1;0;0;0;1;1;POINT (13.51082 52.51039)
3;2019;6;8;4;3;5;3;0;1;1;0;0;0;0;0;POINT (13.43376 52.537)
4;2019;9;8;1;3;6;4;0;0;1;1;0;0;0;0;POINT (13.31278 52.5119)
12;2019;12;8;2;2;6;2;0;0;1;1;0;0;0;0;POINT (13.32384 52.60784)
12;2019;7;13;6;3;2;2;0;0;1;0;0;0;0;0;POINT (13.36437 52.56391)
3;2019;10;18;4;3;3;6;2;0;1;0;0;0;0;0;POINT (13.41199 52.54137)
7;2019;7;9;6;3;1;5;0;1;0;0;0;1;0;0;POINT (13.34873 52.48198)
1;2019;9;8;5;3;5;3;0;1;1;0;0;0;0;0;POINT (13.36846 52.54103)
4;2019;4;7;2;2;2;6;0;0;1;0;1;0;0;0;POINT (13.28066 52.49952)
1;2019;4;16;2;3;1;5;0;1;1;0;0;0;0;0;POINT (13.38704 52.51675)
11;2019;11;4;3;2;6;4;2;0;0;1;1;0;0;1;POINT (13.47682 52.51343)
4;2019;11;23;7;3;3;6;2;0;1;0;0;0;0;0;POINT (13.32321 52.47796)
2;2019;7;16;5;3;5;3;0;1;0;0;0;0;0;0;POINT (13.45313 52.501)
2;2019;4;14;2;3;2;2;0;1;1;0;0;0;0;0;POINT (13.46751 52.51451)
7;2019;10;17;3;3;2;6;0;0;1;0;0;0;1;1;POINT (13.35743 52.47397)
4;2019;9;1;7;2;1;5;2;1;1;0;0;0;0;0;POINT (13.22577 52.50723)
3;2019;5;19;4;3;1;3;0;1;1;0;0;0;1;0;POINT (13.41035 52.56195)
4;2019;7;17;5;2;3;6;0;0;0;0;1;0;1;0;POINT (13.28078 52.50058)
7;2019;4;14;2;3;0;6;0;0;1;0;1;0;0;0;POINT (13.3473 52.4766)
2;2019;6;15;4;3;2;6;0;0;1;0;0;0;0;0;POINT (13.46879 52.51423)
7;2019;9;6;7;3;9;1;0;0;1;0;0;0;0;0;POINT (13.38524 52.44895)
2;2019;12;13;2;3;5;2;0;1;1;0;0;0;0;0;POINT (13.46004 52.51512)
4;2019;5;18;4;3;5;2;0;1;1;0;0;0;0;0;POINT (13.29225 52.51075)
2;2019;7;9;5;3;5;3;0;1;1;0;0;0;0;0;POINT (13.46004 52.51526)
7;2019;10;17;4;3;5;3;2;0;1;0;1;0;0;0;POINT (13.36921 52.42065)
12;2019;7;19;4;3;1;1;0;1;1;0;0;0;0;0;POINT (13.36024 52.57178)
2;2019;9;0;5;3;5;3;2;1;1;0;0;0;0;0;POINT (13.38875 52.49765)
3;2019;4;14;2;3;2;6;0;0;1;0;0;0;1;0;POINT (13.43015 52.55233)
3;2019;10;18;3;3;3;6;1;0;1;0;1;0;0;1;POINT (13.41367 52.5585)
2;2019;8;22;6;2;6;7;2;0;1;1;0;0;0;0;POINT (13.45988 52.51514)
2;2019;5;17;4;3;5;2;0;1;1;0;0;0;0;0;POINT (13.45041 52.51624)
1;2019;7;13;4;3;0;7;0;1;0;0;0;0;0;0;POINT (13.35442 52.51484)
2;2019;4;20;1;3;5;5;1;1;1;0;0;0;0;0;POINT (13.44947 52.52408)
2;2019;11;10;7;3;0;7;0;0;0;0;0;0;1;1;POINT (13.44737 52.50258)
12;2019;6;21;6;3;0;6;1;0;1;0;1;0;0;0;POINT (13.36417 52.56383)
3;2019;12;13;4;3;0;7;0;0;1;0;0;0;0;0;POINT (13.41486 52.55456)
1;2019;7;9;4;3;6;4;0;0;0;1;0;0;1;0;POINT (13.40302 52.51911)
1;2019;4;17;1;2;5;3;0;1;1;0;0;0;0;0;POINT (13.36549 52.55802)
12;2019;10;11;6;3;2;6;0;0;1;0;0;0;1;0;POINT (13.31669 52.61681)
7;2019;8;19;6;3;5;7;2;0;1;0;0;0;0;0;POINT (13.38445 52.45339)
6;2019;7;11;4;3;5;2;0;0;1;0;0;0;0;0;POINT (13.32769 52.46044)
2;2019;4;17;1;3;5;2;0;1;1;0;0;0;0;0;POINT (13.38904 52.49731)
6;2019;10;14;3;3;2;6;0;0;1;0;0;0;0;0;POINT (13.27253 52.43879)
4;2019;6;17;4;3;2;2;0;1;1;0;0;0;0;0;POINT (13.30923 52.51166)
2;2019;8;20;6;3;5;3;2;0;1;0;0;0;0;0;POINT (13.46324 52.5148)
10;2019;12;11;5;3;5;2;0;1;1;0;0;0;0;0;POINT (13.55336 52.50935)
3;2019;5;7;4;3;3;6;0;0;1;0;1;0;0;0;POINT (13.40256 52.59234)
4;2019;4;9;1;2;3;6;0;0;1;0;0;0;0;0;POINT (13.28959 52.53292)
7;2019;11;11;7;3;5;3;0;0;1;0;0;0;0;0;POINT (13.38753 52.43898)
1;2019;5;11;4;3;5;3;0;0;1;0;1;0;0;0;POINT (13.42016 52.52514)
4;2019;11;14;5;3;3;6;0;0;1;0;0;0;0;0;POINT (13.3266 52.51284)
6;2019;7;10;4;2;0;1;0;0;1;0;1;0;0;0;POINT (13.33161 52.46335)
1;2019;4;15;1;3;2;6;0;0;1;0;0;0;0;0;POINT (13.36869 52.54914)
12;2019;10;20;1;2;3;6;2;0;1;0;1;0;0;0;POINT (13.36546 52.55825)
6;2019;8;17;6;2;2;6;0;0;1;0;1;0;0;0;POINT (13.2944 52.44581)
8;2019;5;15;4;2;0;1;0;0;1;0;0;0;0;0;POINT (13.45928 52.45709)
4;2019;7;11;4;3;3;6;0;0;1;0;0;0;0;0;POINT (13.28299 52.49737)
3;2019;4;16;1;3;5;3;0;0;0;0;1;0;1;0;POINT (13.40279 52.59317)
1;2019;6;21;7;3;2;6;1;0;1;0;0;0;0;0;POINT (13.37009 52.53974)
4;2019;8;13;6;2;2;6;0;0;1;0;0;0;0;0;POINT (13.26179 52.50872)
3;2019;12;5;1;3;5;2;2;1;1;0;0;0;0;0;POINT (13.42819 52.54644)
7;2019;5;7;4;3;2;6;0;0;1;0;0;0;0;0;POINT (13.3803 52.46988)
2;2019;7;16;3;3;2;6;0;0;1;0;0;0;0;0;POINT (13.38586 52.48644)
7;2019;4;16;1;3;5;2;0;0;1;0;1;0;0;0;POINT (13.37828 52.43479)
4;2019;11;5;1;3;2;6;2;0;1;0;0;0;0;1;POINT (13.28165 52.50539)
1;2019;7;23;3;2;5;2;2;0;1;0;0;0;0;0;POINT (13.3673 52.5515)
7;2019;4;14;7;3;2;6;0;0;1;0;0;0;0;0;POINT (13.40336 52.41094)
4;2019;10;6;1;3;2;6;2;0;1;0;0;0;0;0;POINT (13.30262 52.48618)
10;2019;8;23;5;2;0;7;2;1;0;0;0;0;0;0;POINT (13.54129 52.50998)
7;2019;5;7;4;2;3;6;0;0;1;0;1;0;1;0;POINT (13.39519 52.46723)
7;2019;7;21;3;3;5;2;1;0;1;0;1;0;0;0;POINT (13.36115 52.49526)
3;2019;4;14;7;3;6;4;0;1;0;1;0;0;0;0;POINT (13.41411 52.55077)
9;2019;11;8;3;3;3;6;0;0;1;0;0;1;0;1;POINT (13.45861 52.45825)
1;2019;6;13;3;3;5;2;0;0;1;0;1;0;0;0;POINT (13.36403 52.50116)
7;2019;8;18;5;3;2;6;0;0;1;0;0;0;0;0;POINT (13.35575 52.4735)
4;2019;12;11;1;3;3;6;0;0;1;0;0;0;0;0;POINT (13.29722 52.51088)
7;2019;7;17;3;3;2;6;0;0;1;0;1;0;0;0;POINT (13.35583 52.47784)
10;2019;10;14;3;3;2;6;0;0;1;0;0;0;0;0;POINT (13.60967 52.5048)
1;2019;8;17;5;3;4;6;0;1;0;0;0;0;1;0;POINT (13.36756 52.50483)
7;2019;7;19;2;3;1;5;0;1;1;0;0;0;0;0;POINT (13.3579 52.48767)
4;2019;4;11;7;3;3;6;0;0;1;0;0;0;0;0;POINT (13.28091 52.50305)
1;2019;10;14;2;3;6;4;0;1;0;1;0;0;0;1;POINT (13.41949 52.52508)
3;2019;8;9;5;3;2;6;0;0;0;0;0;1;1;0;POINT (13.45768 52.54969)
12;2019;5;17;3;3;2;6;0;0;1;0;0;0;0;1;POINT (13.31711 52.61185)
1;2019;7;17;2;3;5;2;0;1;1;0;0;0;0;0;POINT (13.40894 52.51699)
2;2019;4;18;7;3;0;1;0;0;0;0;1;0;0;0;POINT (13.45544 52.50035)
7;2019;11;7;5;3;2;7;1;0;1;0;0;0;0;0;POINT (13.37464 52.42733)
7;2019;5;17;3;3;2;6;0;0;1;0;0;0;0;0;POINT (13.37129 52.47075)
7;2019;12;17;2;3;1;5;2;0;1;0;0;0;0;1;POINT (13.38582 52.47296)
12;2019;7;17;2;3;0;2;0;1;1;0;0;0;0;0;POINT (13.36544 52.55833)
4;2019;4;18;7;3;0;4;0;1;0;1;0;0;0;0;POINT (13.33321 52.51343)
12;2019;10;7;5;3;2;6;1;0;1;0;1;0;0;0;POINT (13.30122 52.54894)
1;2019;8;14;5;3;3;6;0;1;1;0;0;0;1;0;POINT (13.36552 52.55789)
12;2019;7;10;2;3;2;6;0;0;1;0;0;0;0;0;POINT (13.29825 52.57789)
4;2019;4;18;7;3;2;6;0;0;1;0;0;0;0;0;POINT (13.28087 52.49925)
3;2019;10;11;2;3;6;4;0;0;0;1;0;0;1;1;POINT (13.4242 52.5393)
7;2019;6;22;3;3;2;6;2;0;1;0;0;0;0;0;POINT (13.3855 52.46672)
11;2019;8;12;5;3;5;2;0;1;1;0;0;0;0;0;POINT (13.47669 52.51344)
9;2019;12;19;6;3;2;6;2;0;1;0;0;0;0;0;POINT (13.45936 52.49308)
6;2019;5;10;3;3;5;2;0;1;1;0;0;0;0;1;POINT (13.26068 52.4351)
7;2019;4;16;7;3;6;7;0;1;0;1;0;0;0;0;POINT (13.38801 52.43791)
9;2019;11;18;6;2;5;3;2;1;1;0;0;0;0;1;POINT (13.5056 52.45934)
6;2019;10;9;2;3;5;2;0;1;0;0;0;0;1;1;POINT (13.21794 52.42807)
3;2019;8;11;5;3;3;6;0;1;1;0;0;0;0;0;POINT (13.42396 52.53911)
4;2019;5;12;3;3;2;6;0;0;1;0;1;0;0;1;POINT (13.29696 52.51086)
7;2019;7;9;2;3;2;6;0;0;1;0;0;0;0;0;POINT (13.38581 52.47255)
11;2019;4;15;7;3;0;2;0;0;1;0;1;0;0;0;POINT (13.50528 52.51072)
12;2019;11;14;6;3;5;3;0;0;1;0;0;0;0;1;POINT (13.34681 52.57912)
2;2019;5;12;3;3;2;2;0;0;1;0;0;0;0;0;POINT (13.47295 52.51382)
2;2019;8;10;5;3;6;4;0;1;0;1;0;0;0;0;POINT (13.46738 52.51453)
4;2019;12;6;3;3;2;6;2;0;1;0;0;0;0;0;POINT (13.29786 52.54473)
11;2019;7;9;2;3;3;6;0;0;1;0;0;1;0;0;POINT (13.47524 52.51372)
4;2019;4;12;6;2;6;4;0;1;0;1;0;0;0;0;POINT (13.28077 52.50986)
7;2019;10;20;5;3;2;6;2;0;1;0;0;0;0;0;POINT (13.34002 52.46876)
11;2019;8;9;5;3;5;2;0;1;0;0;0;0;1;0;POINT (13.48443 52.5128)
7;2019;7;8;2;2;3;6;0;1;1;0;0;1;0;0;POINT (13.38583 52.48386)
4;2019;4;12;6;2;6;4;0;1;0;1;0;0;0;0;POINT (13.28077 52.50986)
4;2019;10;15;2;3;2;6;0;0;1;0;0;0;0;1;POINT (13.28478 52.50889)
7;2019;6;16;4;3;2;6;0;0;1;0;0;0;1;1;POINT (13.37113 52.47078)
3;2019;8;6;4;3;3;6;1;1;0;0;0;0;0;0;POINT (13.43136 52.53492)
3;2019;12;21;4;3;0;3;2;1;0;0;0;0;1;1;POINT (13.43921 52.54127)
1;2019;5;13;3;3;6;4;0;0;1;1;0;0;0;0;POINT (13.37364 52.50918)
7;2019;4;23;6;3;2;6;2;0;1;0;0;0;0;0;POINT (13.37109 52.47079)
3;2019;11;0;7;3;6;7;2;1;0;1;0;0;0;0;POINT (13.413 52.54555)
10;2019;5;14;2;3;5;3;0;0;1;0;0;1;0;0;POINT (13.55818 52.56276)
12;2019;11;8;4;3;0;2;0;1;1;0;0;0;0;1;POINT (13.34188 52.58554)
6;2019;7;18;2;3;8;1;0;0;1;0;0;0;0;0;POINT (13.31497 52.45329)
1;2019;4;23;6;3;2;6;2;0;1;0;0;0;0;0;POINT (13.38699 52.51018)
7;2019;10;18;6;2;2;6;2;0;1;0;1;0;0;0;POINT (13.40433 52.40867)
1;2019;8;22;4;3;5;2;2;1;0;0;1;0;0;0;POINT (13.37672 52.50942)
2;2019;5;18;2;2;6;7;0;1;0;1;0;0;0;0;POINT (13.45776 52.51535)
2;2019;7;3;2;3;6;7;2;0;0;1;0;0;1;0;POINT (13.44917 52.50594)
3;2019;4;13;6;3;3;6;0;0;1;0;1;0;0;0;POINT (13.4127 52.54093)
1;2019;6;15;6;2;5;3;0;0;1;0;1;0;0;0;POINT (13.36861 52.50624)
12;2019;8;20;4;3;0;1;2;1;0;0;0;0;0;0;POINT (13.32281 52.60845)
7;2019;12;12;7;3;5;2;0;0;1;0;0;0;0;1;POINT (13.38265 52.4394)
4;2019;5;21;2;2;8;1;2;0;0;0;1;0;0;1;POINT (13.2909 52.53321)
3;2019;7;15;2;3;0;1;0;1;0;0;0;0;0;0;POINT (13.39824 52.57926)
4;2019;11;10;1;3;5;2;0;1;1;0;0;0;0;1;POINT (13.31457 52.51201)
10;2019;7;15;2;3;2;6;0;0;1;0;1;0;0;0;POINT (13.60878 52.5048)
3;2019;4;0;6;3;4;6;2;1;0;0;0;0;0;0;POINT (13.41316 52.54741)
4;2019;10;13;7;3;2;2;0;0;1;0;0;0;0;0;POINT (13.30532 52.51141)
4;2019;8;17;4;3;3;6;0;0;1;0;1;0;0;0;POINT (13.28275 52.51015)
3;2019;5;10;2;3;5;2;0;1;1;0;0;0;0;0;POINT (13.41376 52.55077)
6;2019;7;2;2;3;3;6;2;0;1;0;0;0;1;0;POINT (13.31156 52.45217)
6;2019;4;15;6;2;5;7;0;0;1;0;1;0;0;0;POINT (13.14504 52.41798)
4;2019;11;13;2;3;2;6;0;0;1;0;0;0;0;0;POINT (13.28176 52.50992)
1;2019;6;8;3;3;6;4;0;0;0;1;1;0;0;0;POINT (13.42286 52.5202)
1;2019;8;15;4;3;0;7;0;1;0;0;0;0;0;0;POINT (13.41949 52.52096)
3;2019;12;21;6;3;0;6;2;0;1;0;0;0;0;1;POINT (13.40416 52.58111)
2;2019;7;14;1;3;3;2;0;0;1;0;1;0;0;0;POINT (13.47349 52.51391)
3;2019;10;16;2;3;2;6;1;0;1;0;0;0;0;0;POINT (13.44411 52.5295)
4;2019;8;13;4;3;2;6;0;0;1;0;0;0;0;0;POINT (13.33064 52.47783)
2;2019;7;15;1;3;2;2;0;1;0;0;0;0;0;0;POINT (13.46283 52.51484)
1;2019;4;11;6;3;2;6;0;0;1;0;0;0;0;0;POINT (13.41134 52.51852)
7;2019;10;12;1;3;2;6;0;0;1;0;0;0;0;0;POINT (13.37884 52.47005)
11;2019;6;9;1;3;6;6;0;1;0;1;0;0;0;0;POINT (13.52418 52.51)
7;2019;8;12;4;3;1;5;0;0;1;0;0;0;1;0;POINT (13.40139 52.41384)
4;2019;5;6;2;3;2;6;0;0;1;0;0;0;0;0;POINT (13.2778 52.50207)
4;2019;4;13;6;3;2;6;0;0;1;0;0;0;1;0;POINT (13.28407 52.49613)
1;2019;11;17;4;3;5;2;2;1;1;0;0;0;0;0;POINT (13.38733 52.5102)
10;2019;5;18;1;3;5;7;0;0;1;0;0;0;0;1;POINT (13.62063 52.50433)
3;2019;12;21;2;3;2;6;2;0;1;0;0;0;1;1;POINT (13.39821 52.57131)
4;2019;7;23;7;3;6;4;2;0;1;1;0;0;0;0;POINT (13.24283 52.50756)
4;2019;4;15;5;3;3;6;0;0;1;0;1;0;0;0;POINT (13.28592 52.5107)
6;2019;10;10;3;3;5;3;0;0;1;0;0;0;0;0;POINT (13.21476 52.42733)
4;2019;8;17;4;2;2;6;0;0;1;0;0;0;0;0;POINT (13.27015 52.49661)
9;2019;7;21;7;2;5;2;2;0;1;0;1;0;0;0;POINT (13.45921 52.49296)
7;2019;4;12;5;2;6;2;0;0;1;1;0;0;0;0;POINT (13.38188 52.43927)
4;2019;9;5;1;3;3;6;2;0;1;0;0;0;0;1;POINT (13.28408 52.49612)
11;2019;6;11;3;3;2;6;0;0;1;0;0;0;0;0;POINT (13.48161 52.51295)
7;2019;8;12;4;2;2;6;0;0;1;0;0;0;1;0;POINT (13.37077 52.47085)
4;2019;12;17;5;3;2;6;2;0;1;0;0;0;0;1;POINT (13.34665 52.47694)
4;2019;5;17;1;3;2;6;0;0;1;0;0;0;0;1;POINT (13.28122 52.4988)
3;2019;7;22;6;3;5;2;2;0;1;0;0;0;0;1;POINT (13.42426 52.53905)
12;2019;4;9;5;3;0;1;0;0;0;0;1;0;0;0;POINT (13.36366 52.5649)
9;2019;11;8;5;2;5;2;0;1;0;0;0;0;0;0;POINT (13.50909 52.45709)
7;2019;8;11;4;3;1;5;0;1;0;0;0;0;1;0;POINT (13.34961 52.48282)
7;2019;11;13;2;3;1;5;0;0;1;0;0;0;0;0;POINT (13.38626 52.44293)
7;2019;7;18;6;3;2;6;0;0;1;0;0;0;0;0;POINT (13.38605 52.48304)
1;2019;4;9;5;3;0;7;0;1;0;0;0;1;0;0;POINT (13.41257 52.51953)
4;2019;10;13;4;3;2;6;0;0;1;0;0;1;0;0;POINT (13.298 52.48955)
7;2019;8;16;3;3;6;4;0;0;0;1;1;0;0;0;POINT (13.34995 52.48103)
6;2019;5;21;1;2;5;2;1;1;1;0;0;0;0;1;POINT (13.1754 52.41981)
1;2019;7;15;6;3;2;6;0;0;1;0;1;0;0;1;POINT (13.36335 52.5355)
7;2019;4;20;5;3;1;5;1;0;1;0;0;0;0;0;POINT (13.38564 52.47507)
4;2019;6;18;5;3;0;1;0;1;0;0;0;0;0;0;POINT (13.29902 52.511)
11;2019;8;16;3;3;5;2;0;0;1;1;0;0;0;0;POINT (13.47673 52.51358)
7;2019;12;10;5;3;2;6;0;0;1;0;0;1;0;0;POINT (13.39007 52.46904)
4;2019;5;19;1;2;0;1;0;0;0;0;1;0;0;1;POINT (13.29106 52.4936)
4;2019;7;14;6;3;2;6;0;0;1;0;0;0;0;0;POINT (13.27192 52.49784)
3;2019;11;21;5;2;6;4;2;0;1;1;0;0;0;1;POINT (13.43742 52.53396)
3;2019;7;18;5;3;6;7;0;0;0;1;0;0;1;0;POINT (13.41308 52.54087)
2;2019;4;21;5;2;6;4;2;0;1;1;0;0;0;0;POINT (13.46457 52.51481)
7;2019;10;16;5;3;2;6;0;0;1;0;0;0;0;0;POINT (13.39539 52.46714)
3;2019;8;8;3;3;5;3;0;1;0;0;0;0;0;0;POINT (13.42881 52.53777)
10;2019;5;15;1;2;5;3;0;1;1;0;0;0;0;0;POINT (13.5529 52.55594)
1;2019;8;17;2;3;3;2;0;1;1;0;0;0;0;0;POINT (13.41949 52.52508)
1;2019;11;9;3;3;5;3;0;1;1;0;0;0;0;0;POINT (13.36854 52.5412)
6;2019;7;9;5;2;0;4;0;1;0;1;0;0;0;0;POINT (13.25491 52.43549)
3;2019;4;21;4;3;2;6;2;0;1;0;0;0;0;0;POINT (13.39838 52.57918)
4;2019;10;14;5;3;2;6;0;0;1;0;1;0;0;0;POINT (13.28381 52.51006)
3;2019;8;17;2;3;2;6;0;0;1;0;0;0;0;0;POINT (13.42829 52.57055)
4;2019;5;7;1;3;2;6;0;0;1;0;0;1;0;0;POINT (13.28622 52.5321)
1;2019;7;21;5;3;5;3;1;0;1;0;0;0;0;0;POINT (13.36908 52.53917)
3;2019;4;18;4;3;3;6;0;1;0;0;0;0;0;0;POINT (13.41254 52.54375)
7;2019;6;13;5;3;6;7;0;0;1;1;0;0;0;0;POINT (13.38466 52.4512)
2;2019;8;15;2;3;3;6;0;1;0;0;0;0;1;0;POINT (13.44795 52.50408)