bez;ujahr;umonat;ustunde;uwochentag;ukategorie;uart;utyp1;ulichtverh;istrad;istpkw;istfuss;istkrad;istgkfz;istsonstige;ustrzustand;geometry
3;2019;12;2;6;3;0;1;2;0;0;0;1;0;0;1;POINT (13.41364 52.54079)
9;2019;5;7;1;3;0;7;0;0;0;0;0;0;1;0;POINT (13.46253 52.45268)
7;2019;7;20;5;3;0;7;1;1;1;0;0;0;0;0;POINT (13.35896 52.48883)
3;2019;4;15;4;2;2;2;0;1;0;0;1;0;0;0;POINT (13.4238 52.52809)
4;2019;11;12;7;3;0;7;0;0;0;0;1;0;0;1;POINT (13.29333 52.49251)
1;2019;7;18;5;3;4;7;0;1;0;0;0;0;1;0;POINT (13.37646 52.50958)
1;2019;4;15;4;3;0;1;0;1;0;0;0;0;0;0;POINT (13.34021 52.51376)
6;2019;10;0;6;2;5;2;2;1;1;0;0;0;0;0;POINT (13.28286 52.44181)
3;2019;8;13;2;3;6;4;0;1;0;1;0;0;0;0;POINT (13.43886 52.54097)
1;2019;5;9;1;3;2;6;0;0;1;0;1;0;0;0;POINT (13.36872 52.54129)
4;2019;7;13;5;3;2;6;0;0;1;0;0;0;0;0;POINT (13.32483 52.47795)
4;2019;4;10;4;3;3;6;0;0;1;0;0;0;0;0;POINT (13.28107 52.50256)
10;2019;11;16;1;3;6;2;1;0;1;1;0;0;0;1;POINT (13.62051 52.50435)
6;2019;6;18;2;3;2;6;0;0;1;0;1;0;0;0;POINT (13.28955 52.44406)
4;2019;8;8;2;3;6;4;0;0;0;1;0;0;1;0;POINT (13.29219 52.51074)
4;2019;12;21;5;3;3;6;2;0;1;0;0;1;0;1;POINT (13.30573 52.48376)
8;2019;7;13;5;3;2;6;0;0;1;0;1;0;0;1;POINT (13.45634 52.4607)
6;2019;4;17;3;3;5;7;0;0;1;0;1;0;0;0;POINT (13.15772 52.41929)
7;2019;10;22;1;3;1;5;2;1;1;0;0;0;0;0;POINT (13.35429 52.48504)
9;2019;8;8;2;3;5;2;0;1;0;0;0;1;0;0;POINT (13.51526 52.4529)
4;2019;7;12;5;3;0;6;0;0;1;0;1;0;0;1;POINT (13.30825 52.51179)
9;2019;4;16;3;3;2;6;0;0;1;0;0;0;0;0;POINT (13.5053 52.43015)
4;2019;10;7;7;3;2;6;0;0;1;0;0;0;0;0;POINT (13.29514 52.4913)
5;2019;6;10;6;3;0;3;0;1;1;0;0;0;0;0;POINT (13.1263 52.47858)
7;2019;8;19;2;2;0;6;0;0;1;0;1;0;0;0;POINT (13.34864 52.47466)
3;2019;5;9;1;3;5;2;0;1;1;0;0;0;0;0;POINT (13.41376 52.55076)
1;2019;4;16;3;3;2;6;0;0;1;0;0;0;0;0;POINT (13.3674 52.5314)
1;2019;11;9;3;3;5;3;0;1;1;0;0;0;0;0;POINT (13.4228 52.52022)
2;2019;5;13;7;3;5;3;0;0;1;0;1;0;0;0;POINT (13.45422 52.51566)
11;2019;12;8;1;3;2;6;1;0;1;0;0;0;1;0;POINT (13.51329 52.51023)
1;2019;7;16;5;3;1;5;0;1;1;0;0;0;0;0;POINT (13.41756 52.52332)
3;2019;4;8;3;3;5;2;0;1;1;0;0;0;0;0;POINT (13.4237 52.52831)
4;2019;10;19;2;3;9;1;2;0;1;0;0;0;0;0;POINT (13.28702 52.49418)
1;2019;8;12;2;3;2;2;0;1;0;0;0;1;0;0;POINT (13.41612 52.52212)
1;2019;7;9;5;3;0;7;0;0;1;0;1;0;0;1;POINT (13.37687 52.5161)
3;2019;4;8;3;3;5;3;0;0;1;0;0;0;0;0;POINT (13.40279 52.59315)
4;2019;9;16;6;3;0;6;0;0;0;0;1;1;0;1;POINT (13.30713 52.47611)
2;2019;6;16;2;3;2;6;0;1;1;0;0;0;0;0;POINT (13.46873 52.51424)
9;2019;8;15;1;3;3;6;0;0;1;0;0;0;0;0;POINT (13.51454 52.45319)
3;2019;12;16;5;3;5;3;2;0;1;0;0;0;1;1;POINT (13.39898 52.57341)
4;2019;5;11;7;2;1;5;0;1;1;0;0;0;0;0;POINT (13.31157 52.51182)
3;2019;7;8;5;3;2;6;0;0;1;0;0;0;0;1;POINT (13.46793 52.56136)
6;2019;4;17;2;2;5;7;0;0;1;0;1;0;0;0;POINT (13.17405 52.4204)
10;2019;11;8;4;3;2;6;0;0;1;0;0;0;0;1;POINT (13.61648 52.50475)
5;2019;11;7;1;3;2;6;0;0;1;0;0;0;0;1;POINT (13.20552 52.51131)
4;2019;7;7;5;3;5;2;0;1;0;0;0;0;1;1;POINT (13.27658 52.50958)
4;2019;4;20;2;3;2;6;2;0;1;0;0;0;0;0;POINT (13.29427 52.53787)
1;2019;10;12;3;3;5;5;0;0;1;0;0;0;0;1;POINT (13.41075 52.51848)
1;2019;8;15;1;3;2;6;0;1;0;0;0;0;0;0;POINT (13.37981 52.50973)
7;2019;5;5;7;2;1;5;0;0;1;0;0;0;0;0;POINT (13.38499 52.44948)
2;2019;7;7;5;3;5;2;0;1;1;0;0;0;0;1;POINT (13.44796 52.5263)
10;2019;4;12;2;3;2;6;0;0;1;0;0;1;0;0;POINT (13.55899 52.50869)
2;2019;6;1;4;3;5;2;2;1;1;0;0;0;0;1;POINT (13.45347 52.51499)
1;2019;8;11;1;3;5;3;0;1;0;0;0;0;1;0;POINT (13.36971 52.54161)
1;2019;12;5;4;3;6;2;2;0;1;1;0;0;0;1;POINT (13.36731 52.55176)
3;2019;5;11;6;3;5;2;0;1;1;0;0;0;0;0;POINT (13.43294 52.53634)
7;2019;7;7;5;3;5;3;0;1;1;0;0;0;0;1;POINT (13.41655 52.37812)
12;2019;11;5;5;3;4;6;2;1;0;0;0;0;0;1;POINT (13.34766 52.57457)
1;2019;7;8;4;3;2;6;0;0;1;0;1;0;0;0;POINT (13.41114 52.51873)
9;2019;9;9;4;3;5;3;0;0;1;0;0;0;1;0;POINT (13.51216 52.4548)
7;2019;4;13;2;2;6;6;0;1;0;1;0;0;0;0;POINT (13.39258 52.42939)
2;2019;10;16;4;3;2;7;0;0;1;0;0;0;0;1;POINT (13.44753 52.50355)
3;2019;8;14;7;3;2;6;0;0;1;0;0;0;0;0;POINT (13.4037 52.56908)
11;2019;5;8;6;3;2;6;0;0;1;0;0;0;1;0;POINT (13.47789 52.51347)
1;2019;7;15;4;3;1;5;0;0;1;0;1;0;0;0;POINT (13.36594 52.55566)
9;2019;4;13;2;3;6;4;0;0;1;1;0;0;0;0;POINT (13.45958 52.49276)
3;2019;11;17;7;3;2;6;2;0;1;0;0;0;0;1;POINT (13.43611 52.61998)
2;2019;6;8;6;3;6;4;0;0;1;1;0;0;0;0;POINT (13.45373 52.51596)
7;2019;12;18;4;3;3;6;2;0;1;0;0;0;0;0;POINT (13.39506 52.46712)
4;2019;7;12;4;2;0;1;0;0;0;0;1;0;0;0;POINT (13.27795 52.50207)
4;2019;4;14;2;3;2;6;0;0;1;0;0;0;0;0;POINT (13.30185 52.48675)
4;2019;10;14;6;2;0;7;0;0;1;0;0;0;1;0;POINT (13.27597 52.50954)
3;2019;8;13;7;3;2;6;0;0;1;0;0;0;0;0;POINT (13.44687 52.61307)
12;2019;7;17;3;3;8;7;0;0;1;0;0;0;0;0;POINT (13.28473 52.59675)
4;2019;4;15;2;3;2;6;0;0;1;0;0;0;0;0;POINT (13.30711 52.48462)
1;2019;10;6;3;3;2;7;2;0;1;0;0;0;0;1;POINT (13.40677 52.51504)
5;2019;6;9;5;3;0;2;0;1;1;0;0;0;0;0;POINT (13.18653 52.51514)
7;2019;8;18;7;2;8;1;0;0;1;0;0;0;0;0;POINT (13.3473 52.4766)
4;2019;12;19;6;3;9;1;2;0;1;0;0;0;0;0;POINT (13.29115 52.49386)
4;2019;5;19;6;3;2;6;0;0;1;0;0;0;0;0;POINT (13.29431 52.49179)
8;2019;4;15;2;3;2;6;0;0;1;0;0;0;0;0;POINT (13.44647 52.46303)
4;2019;11;12;1;3;2;6;0;0;1;0;0;0;0;0;POINT (13.2831 52.52883)
12;2019;5;12;6;3;2;6;0;0;1;0;0;0;0;0;POINT (13.30304 52.55087)
9;2019;11;18;6;2;6;4;2;0;1;1;0;0;0;0;POINT (13.48504 52.47345)
4;2019;7;14;3;3;2;6;0;0;1;0;0;0;0;0;POINT (13.30384 52.48526)
7;2019;4;7;2;3;6;7;0;0;1;1;0;0;0;0;POINT (13.35867 52.40831)
4;2019;7;17;3;3;2;6;0;0;1;0;0;0;0;0;POINT (13.32649 52.47782)
9;2019;4;7;2;3;6;4;0;0;0;1;1;0;0;0;POINT (13.46077 52.49389)
12;2019;11;20;1;3;5;2;2;0;1;0;0;0;0;1;POINT (13.35903 52.57339)
7;2019;6;11;1;2;0;1;0;0;0;0;1;0;0;0;POINT (13.36141 52.47413)
4;2019;8;16;6;3;2;6;0;0;1;0;0;0;0;0;POINT (13.29306 52.53359)
12;2019;12;14;5;3;2;6;0;0;1;0;0;0;0;1;POINT (13.29998 52.54744)
3;2019;7;6;3;3;5;2;0;1;0;0;0;0;1;0;POINT (13.4028 52.58463)
3;2019;4;7;1;3;0;2;0;1;1;0;0;0;1;1;POINT (13.43334 52.53621)
11;2019;10;7;1;3;0;2;0;1;1;0;0;0;0;0;POINT (13.47743 52.51352)
10;2019;8;14;6;3;2;6;0;0;1;0;0;0;0;0;POINT (13.56206 52.50858)
1;2019;7;6;3;3;3;6;0;0;1;0;0;1;0;0;POINT (13.37156 52.51582)
8;2019;4;6;1;3;5;3;2;0;1;0;0;1;0;0;POINT (13.44119 52.46294)
4;2019;10;23;5;2;8;1;2;0;1;0;0;0;0;1;POINT (13.28538 52.4948)
1;2019;6;16;5;3;5;3;0;1;0;0;0;0;1;0;POINT (13.40585 52.52066)
12;2019;8;13;6;3;5;2;0;1;1;0;0;0;0;0;POINT (13.36328 52.5656)
7;2019;5;12;6;3;4;6;0;1;0;0;0;0;0;0;POINT (13.37784 52.43387)
3;2019;4;5;1;3;5;3;2;0;1;0;0;0;0;0;POINT (13.43305 52.53631)
3;2019;11;15;2;3;6;2;0;0;1;1;0;0;0;0;POINT (13.42443 52.53925)
10;2019;5;14;6;3;2;6;0;0;1;0;0;0;0;0;POINT (13.62105 52.50428)
12;2019;11;12;6;3;5;3;0;0;1;0;0;0;0;0;POINT (13.31125 52.56698)
6;2019;7;10;2;3;1;5;0;0;1;0;0;0;0;0;POINT (13.20364 52.42361)
4;2019;4;16;1;3;2;6;0;0;1;0;0;1;0;0;POINT (13.28296 52.52864)
6;2019;10;16;2;2;5;2;0;1;1;0;0;0;0;0;POINT (13.15868 52.4195)
3;2019;8;11;6;3;1;5;0;0;1;0;0;0;0;0;POINT (13.45726 52.54975)
1;2019;7;17;2;3;2;6;0;0;1;0;0;0;0;0;POINT (13.36898 52.5075)
9;2019;4;14;1;3;2;6;0;0;1;0;0;0;0;0;POINT (13.46007 52.49361)
1;2019;9;0;6;3;5;3;2;0;1;0;0;0;0;0;POINT (13.36731 52.55148)
4;2019;6;20;1;3;2;6;0;0;1;0;0;0;1;0;POINT (13.29443 52.49187)
10;2019;8;7;6;3;2;6;0;0;1;0;0;0;0;0;POINT (13.6202 52.50426)
4;2019;12;13;3;3;2;6;0;0;1;0;0;0;0;0;POINT (13.29381 52.53739)
4;2019;5;14;6;2;2;6;0;0;1;0;0;0;0;0;POINT (13.29974 52.48828)
4;2019;7;9;2;3;2;6;0;0;1;0;0;0;1;0;POINT (13.28154 52.52257)
7;2019;4;13;1;3;1;1;0;0;1;0;0;0;0;0;POINT (13.40632 52.39717)
4;2019;11;20;3;3;5;3;2;0;1;0;0;0;0;1;POINT (13.29563 52.49121)
2;2019;11;18;6;3;5;3;2;0;1;0;0;0;0;0;POINT (13.38914 52.498)
2;2019;7;22;2;3;5;3;2;1;1;0;0;0;0;0;POINT (13.37718 52.50039)
9;2019;4;10;1;3;5;2;0;1;1;0;0;0;0;0;POINT (13.46198 52.49514)
4;2019;10;10;2;3;3;6;0;0;1;0;0;0;1;0;POINT (13.29692 52.51105)
4;2019;8;12;5;2;2;6;0;0;1;0;0;0;0;0;POINT (13.28298 52.51877)
7;2019;5;16;6;3;2;2;0;0;1;0;1;0;0;0;POINT (13.38057 52.43803)
7;2019;7;19;2;3;5;3;0;0;0;0;1;0;1;0;POINT (13.38757 52.43899)
3;2019;4;9;1;3;3;6;0;1;1;0;0;0;0;0;POINT (13.42648 52.53073)
4;2019;11;11;5;3;2;6;0;0;1;0;0;0;0;0;POINT (13.29515 52.53982)
2;2019;6;7;4;3;3;6;0;0;1;0;1;0;0;1;POINT (13.45218 52.51209)
7;2019;8;18;5;3;1;5;0;1;1;0;0;0;0;0;POINT (13.38422 52.45858)
11;2019;12;8;2;3;5;2;0;1;1;0;0;0;0;1;POINT (13.47669 52.51344)
3;2019;5;23;5;2;6;4;2;0;1;1;0;0;0;0;POINT (13.4243 52.53928)
2;2019;7;19;1;3;2;6;0;0;1;0;0;0;0;0;POINT (13.38863 52.49767)
6;2019;10;14;4;3;5;5;0;0;1;0;0;0;0;0;POINT (13.09684 52.41325)
6;2019;7;22;1;3;0;1;2;1;0;0;0;0;0;0;POINT (13.29532 52.44644)
7;2019;9;20;4;3;2;6;2;0;1;0;1;0;0;0;POINT (13.35892 52.48911)
4;2019;4;9;1;3;5;3;0;0;1;0;1;0;0;0;POINT (13.30171 52.51117)
1;2019;10;22;3;3;2;6;2;0;1;0;0;0;0;0;POINT (13.40502 52.51365)
7;2019;8;18;5;3;0;7;0;1;0;0;0;0;0;0;POINT (13.38578 52.481)
2;2019;5;23;5;3;2;6;2;0;1;0;0;0;0;0;POINT (13.46285 52.498)
7;2019;7;14;1;2;0;1;0;0;0;0;1;0;0;1;POINT (13.34001 52.47874)
1;2019;4;8;1;3;5;3;0;1;1;0;0;0;0;0;POINT (13.36848 52.54102)
7;2019;11;16;6;3;0;3;1;1;1;0;0;0;0;0;POINT (13.35846 52.40805)
4;2019;6;19;6;3;2;6;0;0;1;0;0;0;0;0;POINT (13.30551 52.51142)
1;2019;12;11;3;3;5;3;0;0;1;0;0;0;0;0;POINT (13.36313 52.53572)
2;2019;7;19;7;3;0;2;0;1;1;0;0;0;0;0;POINT (13.38927 52.49747)
3;2019;4;7;1;2;0;7;0;0;1;0;0;0;0;0;POINT (13.39838 52.57917)
7;2019;10;19;5;3;2;6;2;0;1;0;1;0;0;0;POINT (13.36643 52.47235)
9;2019;8;17;5;2;5;3;0;1;1;0;0;0;0;0;POINT (13.5123 52.45471)
7;2019;7;23;7;3;0;6;2;0;1;0;0;0;1;0;POINT (13.36092 52.49273)
2;2019;3;16;7;3;5;3;0;1;0;0;1;0;0;0;POINT (13.47325 52.51393)
1;2019;10;8;3;2;5;2;0;0;1;0;0;0;0;1;POINT (13.4202 52.52517)
7;2019;6;19;4;3;2;6;0;0;1;0;0;0;0;0;POINT (13.38422 52.45347)
2;2019;8;23;5;3;1;5;2;1;1;0;0;0;1;0;POINT (13.38643 52.49033)
2;2019;12;19;5;3;6;4;1;0;1;1;0;0;0;1;POINT (13.45286 52.51912)
1;2019;5;17;5;3;2;6;0;0;1;0;0;0;0;0;POINT (13.3655 52.53332)
12;2019;3;19;7;3;0;1;1;0;0;0;1;0;0;0;POINT (13.31537 52.61309)
2;2019;11;6;7;3;9;1;2;0;1;0;0;0;0;0;POINT (13.45347 52.51826)
3;2019;5;10;5;3;3;1;0;1;1;0;0;0;0;0;POINT (13.40306 52.59439)
3;2019;11;18;4;3;6;2;2;0;1;1;0;0;0;1;POINT (13.44793 52.54708)
1;2019;7;6;7;3;5;2;0;0;1;0;0;0;0;0;POINT (13.36731 52.55149)
4;2019;3;16;7;2;3;6;0;0;1;0;1;0;0;0;POINT (13.3276 52.5387)
1;2019;10;1;7;2;5;2;2;0;1;0;0;0;0;0;POINT (13.36837 52.54113)
7;2019;8;16;5;3;2;6;0;0;1;0;0;0;0;0;POINT (13.38045 52.46988)
4;2019;5;16;5;3;3;6;0;0;1;0;0;0;0;0;POINT (13.28033 52.50034)
9;2019;7;23;6;3;0;4;2;0;0;1;1;0;0;1;POINT (13.51425 52.45338)
1;2019;3;12;6;3;6;4;0;0;1;1;0;0;0;0;POINT (13.42017 52.52514)
7;2019;6;23;6;3;1;5;2;1;1;0;0;0;0;0;POINT (13.35373 52.485)
3;2019;8;15;5;2;5;2;0;1;0;0;0;0;1;0;POINT (13.41464 52.55607)
6;2019;12;13;1;3;5;2;0;0;1;0;0;0;0;1;POINT (13.21469 52.42753)
1;2019;5;9;5;3;5;2;0;1;1;0;0;0;0;0;POINT (13.41952 52.52511)
7;2019;7;16;6;2;5;3;0;0;1;0;0;0;0;0;POINT (13.35868 52.40832)
3;2019;3;10;5;3;2;6;0;0;1;0;0;0;0;0;POINT (13.42696 52.63524)
9;2019;11;17;1;3;2;6;2;0;1;0;0;1;0;0;POINT (13.51063 52.42851)
12;2019;7;15;6;3;5;3;0;1;1;0;0;0;0;0;POINT (13.31331 52.621)
3;2019;3;16;5;2;2;6;0;0;1;0;0;0;0;0;POINT (13.49916 52.62112)
3;2019;10;19;7;3;5;7;2;1;0;0;0;0;1;1;POINT (13.41621 52.54054)
8;2019;8;15;5;3;2;6;0;0;1;0;0;0;0;0;POINT (13.4413 52.46264)
7;2019;5;12;5;3;2;7;0;0;1;0;0;0;0;0;POINT (13.38606 52.48392)
7;2019;7;13;6;3;2;2;0;0;1;0;1;0;0;0;POINT (13.37778 52.43374)
4;2019;3;19;5;3;0;1;2;1;0;0;0;0;0;0;POINT (13.33487 52.51354)
12;2019;11;13;3;2;6;2;0;0;1;1;0;0;0;0;POINT (13.31541 52.61318)
3;2019;10;14;1;3;6;4;0;1;0;1;0;0;0;0;POINT (13.42458 52.54004)
11;2019;8;11;5;3;5;3;0;1;1;0;0;0;0;0;POINT (13.48291 52.58095)
7;2019;5;9;5;2;0;7;0;0;1;0;0;0;0;0;POINT (13.37925 52.47004)
7;2019;7;12;6;3;2;3;0;0;1;0;0;0;0;0;POINT (13.3778 52.4338)
9;2019;3;11;4;3;5;3;0;0;1;0;0;0;1;1;POINT (13.45773 52.49176)
6;2019;6;12;1;3;5;2;0;0;0;0;1;0;0;0;POINT (13.30417 52.4496)
4;2019;8;12;5;3;2;6;0;0;1;0;1;0;0;0;POINT (13.32084 52.5127)
12;2019;12;17;1;3;6;2;2;0;0;1;0;0;1;0;POINT (13.32366 52.60795)
7;2019;5;12;4;3;0;7;0;1;0;0;0;0;1;1;POINT (13.35236 52.48)
1;2019;7;9;5;2;5;2;0;1;0;0;0;1;0;0;POINT (13.36738 52.55137)
4;2019;3;15;4;3;2;6;0;0;1;0;0;0;1;0;POINT (13.29531 52.49136)
7;2019;11;16;2;3;0;6;1;0;1;0;0;0;1;0;POINT (13.37815 52.43453)
3;2019;11;18;5;3;2;6;2;0;1;0;0;0;0;0;POINT (13.4367 52.53459)
7;2019;7;21;5;3;5;2;2;0;1;0;1;0;0;0;POINT (13.38552 52.4703)
4;2019;3;19;4;3;3;6;2;0;1;0;0;0;0;1;POINT (13.28378 52.51005)
1;2019;10;20;1;3;3;2;2;1;1;0;0;0;0;0;POINT (13.41612 52.52212)
3;2019;8;7;5;3;3;6;0;0;1;0;1;0;0;0;POINT (13.4148 52.55498)
12;2019;5;10;4;3;0;3;0;1;1;0;0;0;0;1;POINT (13.34578 52.58045)
2;2019;7;18;5;3;3;2;0;0;1;0;1;0;0;0;POINT (13.42809 52.51893)
1;2019;3;8;3;3;5;2;0;1;1;0;0;0;0;0;POINT (13.36849 52.54101)
4;2019;11;16;3;3;6;4;2;0;1;1;0;0;0;0;POINT (13.30133 52.51134)
10;2019;6;16;3;2;2;6;0;0;0;0;1;0;1;0;POINT (13.59144 52.50496)
1;2019;8;0;5;3;0;7;2;0;0;0;0;0;1;0;POINT (13.4047 52.51985)
3;2019;12;5;1;3;5;3;2;1;1;0;0;0;0;0;POINT (13.4285 52.53788)
12;2019;7;12;5;3;0;2;0;1;1;0;0;0;0;0;POINT (13.34784 52.57444)
4;2019;9;17;4;3;0;5;0;0;1;0;1;0;0;0;POINT (13.2787 52.50973)
10;2019;10;22;3;3;2;6;2;0;1;0;0;0;0;0;POINT (13.55858 52.56277)
4;2019;8;18;4;2;5;2;0;1;1;0;0;0;0;0;POINT (13.30141 52.51115)
4;2019;7;10;5;3;0;7;0;0;0;0;1;0;0;1;POINT (13.30034 52.488)
6;2019;9;19;4;3;5;2;2;1;1;0;0;0;0;0;POINT (13.26057 52.43498)
4;2019;3;15;3;3;2;6;0;0;1;0;0;0;0;0;POINT (13.28484 52.51537)
4;2019;10;16;2;3;2;6;0;0;1;0;0;0;0;0;POINT (13.31588 52.47877)
4;2019;8;16;4;3;2;6;0;0;1;0;0;0;1;0;POINT (13.29568 52.49114)
3;2019;5;18;4;2;5;3;0;1;1;0;0;0;0;1;POINT (13.44428 52.63904)
3;2019;7;6;5;3;6;2;0;0;0;1;0;1;0;0;POINT (13.39039 52.61853)
7;2019;3;23;3;2;9;1;2;0;1;0;1;0;0;1;POINT (13.3569 52.48683)
1;2019;11;9;6;3;5;3;0;0;1;0;0;0;0;1;POINT (13.36526 52.55809)
7;2019;5;13;4;3;0;7;0;0;0;0;1;0;0;1;POINT (13.35541 52.48579)
1;2019;8;16;4;3;5;7;0;0;1;0;0;0;0;0;POINT (13.34012 52.51375)
10;2019;12;13;3;3;2;6;0;0;1;0;0;1;1;0;POINT (13.53709 52.53373)
4;2019;7;9;5;3;2;6;0;0;1;0;0;0;0;0;POINT (13.30044 52.48793)
5;2019;3;8;3;3;2;6;0;0;1;0;0;0;0;1;POINT (13.17083 52.5103)
4;2019;10;13;5;3;2;6;0;0;1;0;1;0;0;0;POINT (13.3054 52.51142)
12;2019;8;16;4;3;5;7;0;1;1;0;0;0;0;0;POINT (13.36473 52.56082)
10;2019;7;4;5;2;5;3;1;0;1;0;0;0;1;0;POINT (13.55831 52.56292)
3;2019;3;7;3;2;6;4;0;0;1;1;0;0;0;0;POINT (13.44566 52.54609)
10;2019;10;11;2;3;0;1;0;0;0;0;1;0;0;1;POINT (13.57355 52.50522)
3;2019;6;17;3;3;6;3;0;0;1;1;0;0;0;0;POINT (13.42784 52.56788)
12;2019;8;15;4;2;9;1;0;0;0;0;1;0;0;0;POINT (13.32171 52.56122)
1;2019;12;21;3;3;2;6;2;0;1;0;0;0;0;1;POINT (13.36996 52.54208)
2;2019;5;9;4;3;2;6;0;0;1;0;0;0;0;1;POINT (13.46714 52.5144)
7;2019;3;5;3;3;0;7;0;0;1;0;0;0;0;0;POINT (13.42146 52.46152)
6;2019;11;19;6;2;5;3;2;0;1;0;0;0;0;1;POINT (13.28129 52.44152)
11;2019;5;7;4;3;6;7;0;0;1;1;0;0;0;1;POINT (13.48424 52.51282)
1;2019;11;17;3;3;3;6;2;1;1;0;0;0;0;1;POINT (13.39472 52.5107)
4;2019;7;14;4;3;2;6;0;0;1;0;0;0;0;0;POINT (13.28544 52.50987)
7;2019;3;17;3;3;6;7;1;1;0;1;0;0;0;1;POINT (13.3703 52.42196)
8;2019;10;14;6;3;2;6;0;0;1;0;0;0;0;0;POINT (13.45601 52.46139)
12;2019;8;18;4;2;0;6;0;0;0;0;1;0;1;0;POINT (13.35957 52.57273)
4;2019;5;7;4;2;2;6;0;0;1;0;0;0;1;1;POINT (13.32667 52.47794)
12;2019;9;13;4;3;5;7;0;0;1;0;0;0;1;0;POINT (13.3304 52.60138)
2;2019;7;21;4;2;5;2;1;1;1;0;0;0;0;0;POINT (13.45062 52.50169)
3;2019;3;15;2;3;6;4;0;0;1;1;0;0;0;0;POINT (13.41197 52.54113)
1;2019;6;20;6;3;2;6;0;0;1;0;0;0;0;0;POINT (13.36638 52.50386)
3;2019;8;11;4;3;0;4;0;1;0;1;0;0;0;0;POINT (13.42831 52.53231)
2;2019;12;12;7;3;1;1;0;0;1;0;0;0;0;0;POINT (13.38903 52.49458)
12;2019;5;17;4;3;4;6;0;1;0;0;0;0;0;0;POINT (13.36352 52.56552)
6;2019;7;16;4;3;2;2;0;1;0;0;0;0;1;0;POINT (13.26025 52.43504)
2;2019;11;3;7;2;6;4;2;0;1;1;0;0;0;1;POINT (13.38925 52.49753)
4;2019;7;14;4;3;5;2;0;1;1;0;0;0;0;0;POINT (13.28926 52.51056)
7;2019;3;9;2;3;2;6;0;0;1;0;0;0;0;0;POINT (13.34776 52.47621)
4;2019;10;19;7;3;2;6;2;0;1;0;0;0;0;0;POINT (13.28096 52.49912)
1;2019;8;11;4;3;6;7;0;0;0;1;1;0;0;0;POINT (13.40705 52.52126)
7;2019;5;15;3;3;2;6;0;0;1;0;0;0;0;0;POINT (13.40655 52.39944)
3;2019;7;14;4;3;5;2;0;1;1;0;0;0;0;0;POINT (13.42404 52.52828)
4;2019;3;10;2;3;2;6;0;0;1;0;0;0;0;0;POINT (13.28937 52.51057)
4;2019;11;15;2;3;2;6;0;0;1;0;0;0;1;0;POINT (13.28243 52.51013)
1;2019;6;13;2;3;2;6;0;0;1;0;0;0;0;0;POINT (13.4114 52.51891)
3;2019;8;11;4;2;5;2;0;1;1;0;0;0;0;0;POINT (13.44498 52.54552)
1;2019;12;19;6;3;2;6;2;0;1;0;0;0;0;1;POINT (13.36849 52.53883)
2;2019;7;14;4;2;1;5;0;1;0;0;1;0;0;0;POINT (13.44873 52.50524)
3;2019;10;13;2;3;2;6;0;0;1;0;0;0;0;0;POINT (13.41335 52.54832)
6;2019;8;9;4;3;5;2;0;1;1;0;0;0;0;0;POINT (13.26031 52.43516)
10;2019;7;19;3;3;5;3;0;0;1;0;0;0;0;0;POINT (13.55832 52.56292)
4;2019;3;18;1;3;5;3;1;0;1;0;0;0;0;0;POINT (13.2319 52.50689)
12;2019;10;6;1;3;3;6;2;0;1;0;0;1;0;0;POINT (13.30464 52.57372)
3;2019;6;11;7;3;5;2;0;1;1;0;0;0;0;0;POINT (13.40169 52.58996)
2;2019;8;19;4;3;6;7;0;0;0;1;0;0;1;0;POINT (13.43161 52.51801)
12;2019;5;12;3;3;3;6;0;0;1;0;1;0;0;0;POINT (13.30988 52.55849)
10;2019;3;11;1;3;5;2;0;0;1;0;0;0;0;1;POINT (13.55319 52.50904)
6;2019;11;20;3;3;5;2;2;0;1;0;0;0;0;1;POINT (13.26042 52.43501)
4;2019;5;9;3;2;2;6;0;0;1;0;1;0;0;0;POINT (13.29003 52.49395)
7;2019;12;14;1;3;6;4;0;0;1;1;0;0;0;0;POINT (13.36248 52.49888)
3;2019;7;19;3;3;1;5;0;1;0;0;0;0;1;0;POINT (13.42953 52.55003)
7;2019;3;14;1;2;2;6;0;0;1;0;0;0;0;1;POINT (13.36519 52.47293)
6;2019;10;17;3;2;9;1;2;0;1;0;0;0;0;0;POINT (13.20308 52.42338)
12;2019;8;17;3;3;5;3;0;0;1;0;0;0;0;0;POINT (13.33295 52.59611)
12;2019;6;10;3;3;5;3;0;1;1;0;0;0;0;0;POINT (13.32465 52.60701)
6;2019;8;17;3;2;0;7;0;1;0;0;0;0;0;0;POINT (13.21233 52.42699)
2;2019;12;19;7;3;6;6;2;1;0;1;0;0;0;1;POINT (13.44805 52.50423)
3;2019;7;16;3;3;5;3;0;1;1;0;0;0;0;0;POINT (13.42791 52.5682)
6;2019;9;17;3;3;1;1;0;0;1;0;0;0;0;1;POINT (13.10016 52.41386)
7;2019;10;11;3;3;1;5;0;1;1;0;0;0;0;0;POINT (13.38551 52.44752)
4;2019;8;7;3;2;2;6;0;0;0;0;1;0;1;0;POINT (13.32496 52.47795)
1;2019;7;13;3;3;3;6;0;0;1;0;1;0;0;0;POINT (13.39564 52.51739)
4;2019;3;15;1;3;2;6;0;0;1;0;0;0;0;0;POINT (13.32939 52.47782)
12;2019;10;13;2;3;2;6;0;0;1;0;0;1;0;1;POINT (13.34812 52.57436)
4;2019;8;5;3;3;3;6;1;0;1;0;0;0;0;0;POINT (13.28293 52.52858)
3;2019;5;9;3;3;2;6;0;0;1;0;1;0;0;0;POINT (13.43397 52.53718)
2;2019;7;10;3;3;0;5;0;1;0;0;0;0;1;0;POINT (13.45251 52.51896)
6;2019;3;13;1;2;5;3;0;0;1;0;0;0;0;1;POINT (13.28131 52.44153)
2;2019;11;9;4;3;5;3;0;1;1;0;0;0;0;0;POINT (13.45362 52.51849)
2;2019;5;8;3;3;5;3;0;1;1;0;0;0;0;0;POINT (13.46004 52.51526)
1;2019;12;18;2;3;2;6;2;0;1;0;0;0;0;1;POINT (13.36953 52.53943)
4;2019;7;15;3;3;2;6;0;0;1;0;1;0;0;0;POINT (13.31848 52.47829)
11;2019;3;10;7;3;5;2;0;1;1;0;0;0;0;0;POINT (13.48331 52.58306)
12;2019;10;19;4;3;2;6;2;0;1;0;1;0;0;0;POINT (13.36506 52.55911)
1;2019;8;15;3;3;6;6;0;0;0;1;0;0;1;0;POINT (13.4162 52.52208)
10;2019;7;20;2;3;5;3;0;0;1;0;0;0;0;0;POINT (13.53691 52.53008)