bez;ujahr;umonat;ustunde;uwochentag;ukategorie;uart;utyp1;ulichtverh;istrad;istpkw;istfuss;istkrad;istgkfz;istsonstige;ustrzustand;geometry
3;2019;3;18;7;3;3;6;1;0;1;0;1;0;0;0;POINT (13.41455 52.55305)
12;2019;9;14;1;3;5;2;0;1;0;0;0;1;0;0;POINT (13.34784 52.57445)
9;2019;6;7;3;3;5;2;0;0;1;0;1;0;0;0;POINT (13.49331 52.46789)
11;2019;8;12;3;3;6;4;0;1;0;1;0;0;0;0;POINT (13.47673 52.51358)
9;2019;12;10;6;3;3;6;0;0;1;0;0;0;0;1;POINT (13.46189 52.49507)
10;2019;5;22;3;2;0;1;2;1;0;0;0;0;0;0;POINT (13.54252 52.51012)
12;2019;7;12;2;3;6;4;0;1;0;1;0;0;0;0;POINT (13.36427 52.56333)
4;2019;3;11;6;3;2;6;0;0;1;0;0;0;0;0;POINT (13.30288 52.51125)
3;2019;11;22;5;2;6;7;2;0;1;1;0;0;0;1;POINT (13.41329 52.54093)
7;2019;11;16;2;3;3;6;2;0;1;0;1;0;0;0;POINT (13.36068 52.49112)
1;2019;7;18;2;3;5;2;0;1;1;0;0;0;0;0;POINT (13.36972 52.51582)
4;2019;3;14;6;2;2;6;0;0;1;0;0;0;0;0;POINT (13.28379 52.53006)
4;2019;10;20;4;3;2;6;2;0;1;0;0;0;0;0;POINT (13.28574 52.53164)
10;2019;8;10;3;3;2;6;0;0;0;0;0;1;1;0;POINT (13.62023 52.50425)
2;2019;5;18;3;3;5;2;0;1;1;0;0;0;0;0;POINT (13.44795 52.52632)
6;2019;9;16;3;3;0;7;0;0;1;0;0;0;0;1;POINT (13.1979 52.43872)
2;2019;7;1;2;3;6;4;2;0;1;1;0;0;0;0;POINT (13.44793 52.50405)
10;2019;3;16;6;3;2;4;0;0;1;1;0;1;0;0;POINT (13.53857 52.53806)
2;2019;6;11;5;3;6;4;0;1;0;1;0;0;0;0;POINT (13.46571 52.51469)
1;2019;8;10;3;2;6;4;0;1;0;1;0;0;0;0;POINT (13.37357 52.50937)
7;2019;12;22;5;3;0;1;2;0;0;0;1;0;0;0;POINT (13.39267 52.42985)
1;2019;5;11;2;3;0;7;0;1;0;0;0;0;0;0;POINT (13.36812 52.51561)
3;2019;7;17;1;3;2;6;0;0;1;0;0;0;1;0;POINT (13.42884 52.57277)
6;2019;3;21;6;3;5;3;2;0;1;0;0;0;1;0;POINT (13.17514 52.4199)
2;2019;11;3;6;3;5;3;2;0;1;0;0;0;1;1;POINT (13.47079 52.51404)
2;2019;7;17;1;3;2;6;0;0;1;0;0;0;0;0;POINT (13.38047 52.49926)
4;2019;3;13;5;3;3;6;0;0;1;0;0;0;1;0;POINT (13.28262 52.49745)
2;2019;10;18;5;3;5;2;2;0;1;0;0;0;0;1;POINT (13.45376 52.51587)
1;2019;8;10;3;3;3;6;0;1;1;0;0;0;0;0;POINT (13.38974 52.51693)
3;2019;5;19;2;3;3;6;1;1;0;0;0;0;0;0;POINT (13.43919 52.54125)
12;2019;7;12;1;3;5;3;0;1;1;0;0;0;0;0;POINT (13.33463 52.5931)
2;2019;3;7;5;2;3;5;0;1;0;0;0;1;0;0;POINT (13.42054 52.52599)
5;2019;11;17;1;2;6;4;2;0;1;1;0;0;0;1;POINT (13.17909 52.51665)
10;2019;6;21;2;2;2;6;2;0;1;0;0;0;0;0;POINT (13.54851 52.55117)
11;2019;8;20;2;3;5;2;1;1;1;0;0;0;0;0;POINT (13.48442 52.5128)
2;2019;12;18;5;3;3;6;2;0;1;0;1;0;0;1;POINT (13.38019 52.49931)
3;2019;7;10;1;3;1;5;0;1;1;0;0;0;0;0;POINT (13.40288 52.58077)
7;2019;9;12;3;3;0;1;0;0;0;0;1;0;0;1;POINT (13.3765 52.43102)
7;2019;3;4;5;3;1;5;2;0;1;0;0;0;0;0;POINT (13.3948 52.42544)
11;2019;10;15;1;3;2;6;0;0;1;0;0;0;0;0;POINT (13.48758 52.51248)
4;2019;8;17;2;3;2;6;0;0;1;0;0;0;0;0;POINT (13.28623 52.49454)
7;2019;7;11;1;3;5;3;0;0;1;0;0;0;0;0;POINT (13.3778 52.43379)
3;2019;3;12;5;3;6;4;0;0;1;1;0;0;0;0;POINT (13.4282 52.53222)
7;2019;10;21;6;2;3;6;2;1;1;0;0;0;0;1;POINT (13.36118 52.49554)
9;2019;6;12;6;3;2;2;0;0;1;0;0;0;1;0;POINT (13.51509 52.45302)
4;2019;8;14;2;3;2;6;0;0;1;0;0;0;0;0;POINT (13.3002 52.54742)
7;2019;5;18;2;3;5;2;0;1;1;0;0;0;0;0;POINT (13.37798 52.43417)
6;2019;3;20;4;3;2;6;2;0;1;0;0;0;0;0;POINT (13.19443 52.41979)
12;2019;11;14;2;3;2;6;0;0;1;0;0;0;0;0;POINT (13.35928 52.5733)
3;2019;5;17;2;3;0;6;0;0;1;0;0;0;1;0;POINT (13.41241 52.54468)
4;2019;12;12;7;3;2;6;0;0;1;0;0;0;0;0;POINT (13.2846 52.51594)
7;2019;7;11;1;3;5;3;0;1;0;0;0;0;0;0;POINT (13.41117 52.38556)
12;2019;3;15;4;2;2;6;0;0;1;0;0;0;0;0;POINT (13.29164 52.58626)
2;2019;10;18;2;3;5;3;1;1;1;0;0;0;0;0;POINT (13.37695 52.5019)
4;2019;8;9;2;3;5;5;0;0;1;0;0;0;0;0;POINT (13.32638 52.51283)
12;2019;9;11;3;3;2;6;0;0;1;0;0;0;1;1;POINT (13.33338 52.59404)
1;2019;7;9;1;2;5;3;0;1;1;0;0;0;0;0;POINT (13.36549 52.55805)
2;2019;3;13;4;3;2;6;0;0;1;0;0;0;0;0;POINT (13.47462 52.51378)
1;2019;9;15;6;3;2;6;0;0;1;0;1;0;0;1;POINT (13.41975 52.52479)
2;2019;6;16;2;2;0;6;0;0;1;0;1;0;0;0;POINT (13.46851 52.51426)
7;2019;8;18;2;3;2;6;0;0;1;0;0;0;0;0;POINT (13.3549 52.4783)
2;2019;12;7;3;3;5;2;2;1;1;0;0;0;0;0;POINT (13.46022 52.51525)
4;2019;5;13;2;3;3;6;0;0;1;0;0;1;0;0;POINT (13.28268 52.52856)
2;2019;7;15;1;3;0;5;0;1;0;0;0;0;1;0;POINT (13.46206 52.49824)
7;2019;3;8;4;2;5;2;0;0;1;0;1;0;0;0;POINT (13.34995 52.4812)
12;2019;11;6;3;2;6;2;2;0;1;1;0;0;0;0;POINT (13.32388 52.6078)
6;2019;11;13;7;3;5;3;0;0;1;0;0;0;0;0;POINT (13.26941 52.4374)
1;2019;7;14;1;3;0;1;0;1;0;0;0;0;0;0;POINT (13.41048 52.52283)
3;2019;3;8;3;3;2;6;0;1;1;0;0;0;0;0;POINT (13.41155 52.56047)
3;2019;10;19;3;3;0;7;2;0;1;0;0;0;0;1;POINT (13.44138 52.61687)
4;2019;8;18;2;3;3;6;0;0;1;0;0;0;0;0;POINT (13.24744 52.47823)
1;2019;5;9;2;3;3;6;0;1;0;0;0;0;0;0;POINT (13.36892 52.51577)
4;2019;9;11;3;3;2;6;0;0;1;0;0;0;0;1;POINT (13.28504 52.50928)
3;2019;6;18;7;3;5;2;0;1;1;0;0;0;0;0;POINT (13.42398 52.53911)
3;2019;3;12;3;2;4;6;0;0;1;0;0;0;0;0;POINT (13.48104 52.57067)
2;2019;6;18;4;3;3;6;0;0;0;0;1;0;1;0;POINT (13.38917 52.49787)
12;2019;8;9;2;2;5;3;0;0;1;0;1;0;0;0;POINT (13.31886 52.61083)
3;2019;12;16;2;3;1;5;2;1;0;0;0;0;1;1;POINT (13.41584 52.5404)
3;2019;5;7;2;3;5;2;0;1;1;0;0;0;0;0;POINT (13.41161 52.5604)
10;2019;6;12;7;3;2;6;0;0;1;0;0;0;0;0;POINT (13.5813 52.50519)
7;2019;9;15;3;3;3;6;0;0;0;0;0;1;1;1;POINT (13.38351 52.43832)
4;2019;9;7;2;3;2;6;0;0;1;0;0;0;0;0;POINT (13.32146 52.478)
3;2019;6;11;7;3;2;6;0;0;1;0;0;0;0;0;POINT (13.44509 52.61452)
2;2019;3;8;2;3;5;2;0;1;1;0;0;0;0;0;POINT (13.4474 52.52644)
4;2019;9;15;7;3;9;1;0;0;1;0;0;0;0;1;POINT (13.27316 52.49877)
1;2019;6;12;3;3;3;6;0;1;0;0;0;0;1;0;POINT (13.38285 52.51676)
4;2019;8;9;2;3;5;2;0;0;1;0;0;0;0;0;POINT (13.28184 52.51009)
7;2019;12;17;5;3;2;6;2;0;1;0;0;0;0;0;POINT (13.38524 52.44896)
1;2019;5;14;2;3;5;3;0;0;1;0;0;0;1;0;POINT (13.40368 52.5125)
7;2019;6;1;6;3;8;1;2;0;1;0;0;0;0;0;POINT (13.35514 52.47831)
2;2019;3;8;2;2;1;5;0;0;1;0;1;0;0;0;POINT (13.38763 52.49791)
4;2019;11;23;4;3;3;6;2;0;1;0;0;0;0;0;POINT (13.28137 52.50416)
6;2019;8;16;1;3;2;6;0;0;1;0;0;0;0;0;POINT (13.22518 52.46031)
1;2019;11;11;2;3;2;2;0;0;1;0;0;1;0;0;POINT (13.36858 52.54122)
7;2019;6;23;5;3;3;6;2;0;1;0;1;0;0;0;POINT (13.39606 52.42326)
2;2019;3;15;2;3;6;6;0;1;0;1;0;0;0;0;POINT (13.46706 52.51456)
12;2019;10;11;4;3;2;6;0;0;1;0;0;0;0;0;POINT (13.32507 52.6065)
2;2019;8;17;1;3;4;6;0;1;0;0;0;0;0;0;POINT (13.44806 52.50425)
10;2019;5;13;1;3;3;6;0;0;1;0;1;0;0;0;POINT (13.55021 52.5093)
7;2019;9;14;2;3;0;7;0;0;0;1;0;0;1;0;POINT (13.38273 52.43941)
1;2019;6;10;5;3;5;2;0;1;1;0;0;0;0;0;POINT (13.40937 52.5169)
1;2019;3;9;1;2;6;4;0;0;0;1;0;0;1;0;POINT (13.39082 52.51041)
1;2019;6;16;4;3;1;5;0;1;1;0;0;0;0;0;POINT (13.37323 52.51605)
9;2019;8;17;1;3;3;6;0;0;1;0;1;0;0;0;POINT (13.49292 52.43641)
3;2019;12;16;5;3;6;2;1;0;1;1;0;0;0;0;POINT (13.42434 52.53927)
10;2019;5;13;1;3;0;1;0;1;0;0;0;0;0;0;POINT (13.54108 52.54193)
5;2019;6;16;5;2;4;6;0;1;0;0;0;0;0;0;POINT (13.2115 52.51011)
7;2019;9;12;2;3;5;2;0;0;1;0;1;0;0;0;POINT (13.37023 52.42187)
2;2019;11;17;5;3;0;1;2;0;0;0;1;0;0;1;POINT (13.46744 52.51437)
4;2019;6;16;5;3;2;6;0;0;1;0;0;0;0;0;POINT (13.29754 52.54384)
2;2019;9;20;4;3;1;5;2;1;1;0;0;0;0;1;POINT (13.38352 52.49868)
7;2019;3;15;1;3;2;6;0;0;1;0;0;0;0;1;POINT (13.34859 52.48207)
11;2019;10;20;4;2;0;7;2;1;0;0;0;0;0;1;POINT (13.48301 52.58167)
12;2019;8;15;1;3;2;6;0;0;1;0;0;0;0;0;POINT (13.33192 52.60007)
1;2019;5;6;1;3;2;6;0;0;1;0;0;0;0;0;POINT (13.41955 52.52514)
7;2019;6;7;5;2;3;7;0;0;1;0;0;0;0;0;POINT (13.40707 52.46192)
8;2019;3;7;1;3;2;6;0;0;1;0;0;0;0;0;POINT (13.44363 52.46291)
12;2019;11;18;1;3;6;2;2;0;1;1;0;0;0;1;POINT (13.35904 52.57339)
4;2019;6;14;7;2;4;7;0;0;1;0;0;0;0;0;POINT (13.23515 52.50709)
7;2019;8;15;1;3;8;1;0;0;1;0;0;0;0;0;POINT (13.36259 52.47391)
3;2019;12;9;4;3;2;6;0;0;1;0;0;0;0;0;POINT (13.40588 52.56623)
4;2019;6;7;5;3;3;6;0;0;1;0;0;0;1;0;POINT (13.32106 52.5372)
7;2019;9;8;1;3;2;6;0;0;1;0;1;0;0;0;POINT (13.40401 52.4627)
3;2019;3;6;1;2;5;3;1;1;1;0;0;0;0;0;POINT (13.42924 52.5734)
2;2019;10;1;7;3;8;1;2;0;1;0;0;0;0;0;POINT (13.45537 52.5156)
4;2019;8;15;1;3;5;3;0;1;0;0;0;0;0;0;POINT (13.26143 52.5087)
2;2019;6;16;4;1;6;4;0;0;1;1;0;0;0;0;POINT (13.43872 52.51727)
4;2019;3;10;1;3;5;2;0;0;1;0;0;0;0;0;POINT (13.28189 52.5101)
4;2019;10;15;5;3;2;6;0;0;1;0;0;0;0;1;POINT (13.2813 52.49904)
7;2019;6;14;5;2;2;6;0;0;1;0;0;0;0;0;POINT (13.41894 52.46089)
3;2019;8;14;1;3;3;6;0;0;1;0;0;0;0;0;POINT (13.42791 52.53781)
1;2019;5;20;7;3;5;3;1;1;1;0;0;0;0;0;POINT (13.42285 52.5202)
1;2019;3;12;6;3;2;7;0;1;1;0;0;0;1;0;POINT (13.4067 52.52109)
2;2019;11;17;1;2;6;4;2;0;1;1;0;0;0;0;POINT (13.45583 52.51555)
7;2019;5;14;7;3;3;6;0;0;1;0;1;0;0;0;POINT (13.38591 52.47678)
1;2019;11;11;6;3;6;4;0;0;1;1;0;0;0;0;POINT (13.37394 52.5094)
4;2019;6;18;4;3;6;7;0;0;1;1;0;0;0;0;POINT (13.30745 52.51174)
5;2019;3;14;6;3;3;6;0;0;1;0;0;0;0;1;POINT (13.18604 52.51524)
10;2019;10;7;1;3;5;7;0;1;1;0;0;0;0;0;POINT (13.55056 52.50944)
7;2019;8;19;1;3;1;5;0;1;1;0;0;0;0;0;POINT (13.35387 52.48506)
1;2019;6;10;4;2;5;2;0;1;1;0;0;0;0;0;POINT (13.37057 52.53997)
11;2019;3;15;6;2;5;3;0;1;1;0;0;0;0;1;POINT (13.47743 52.51352)
4;2019;6;18;1;3;0;7;0;0;0;0;1;0;0;1;POINT (13.31467 52.51221)
3;2019;8;13;1;3;5;3;0;1;1;0;0;0;0;0;POINT (13.43781 52.54008)
7;2019;12;5;2;3;3;6;2;0;1;0;0;1;0;1;POINT (13.37424 52.47039)
10;2019;5;14;7;2;2;2;0;0;1;0;1;0;0;0;POINT (13.53908 52.51005)
2;2019;6;22;4;2;0;7;2;1;0;0;0;0;0;0;POINT (13.38239 52.49865)
4;2019;3;17;6;3;2;6;1;0;1;0;0;0;0;1;POINT (13.28185 52.52125)
10;2019;11;20;2;2;6;7;2;0;0;1;0;0;1;0;POINT (13.56717 52.57241)
3;2019;11;20;6;3;2;7;2;0;1;0;1;0;0;0;POINT (13.42945 52.54986)
2;2019;6;7;4;3;3;6;0;1;0;0;0;0;0;0;POINT (13.47202 52.51391)
3;2019;3;8;5;3;3;6;0;1;1;0;0;0;0;1;POINT (13.44821 52.54719)
8;2019;10;14;2;2;3;6;0;0;1;0;0;1;0;0;POINT (13.44685 52.46296)
3;2019;8;7;1;3;6;4;0;1;0;1;0;0;0;1;POINT (13.41391 52.54961)
1;2019;5;22;6;3;5;3;2;1;1;0;0;0;0;0;POINT (13.42253 52.52003)
6;2019;6;15;4;2;1;7;0;0;1;0;0;0;0;0;POINT (13.18334 52.41873)
12;2019;3;11;5;3;6;7;0;0;1;1;0;0;0;0;POINT (13.36354 52.56512)
2;2019;11;18;4;3;3;6;2;1;0;0;0;0;1;1;POINT (13.45362 52.51427)
7;2019;6;14;4;3;2;6;0;0;1;0;1;0;0;0;POINT (13.4038 52.46335)
9;2019;8;22;7;3;2;6;2;0;1;0;0;0;0;1;POINT (13.45793 52.49203)
1;2019;12;18;2;3;2;6;2;0;1;0;0;0;0;0;POINT (13.36838 52.54108)
3;2019;6;8;4;3;2;6;0;0;1;0;1;0;0;0;POINT (13.41218 52.55968)
4;2019;10;19;4;3;7;7;2;0;1;0;0;0;1;0;POINT (13.24987 52.508)
1;2019;6;23;3;3;5;3;2;0;1;0;0;0;0;0;POINT (13.36858 52.54115)
9;2019;9;16;4;3;0;7;0;1;0;0;0;0;0;0;POINT (13.50026 52.46291)
3;2019;3;14;5;3;4;5;0;0;1;0;0;0;1;1;POINT (13.46939 52.56344)
1;2019;10;14;3;3;5;2;0;1;0;0;0;0;1;0;POINT (13.37652 52.50958)
1;2019;8;21;7;3;5;3;2;0;1;0;0;0;1;0;POINT (13.40494 52.51997)
2;2019;5;13;6;3;5;2;0;1;1;0;0;0;0;0;POINT (13.38927 52.49746)
12;2019;6;16;3;3;0;5;0;1;0;0;0;0;1;0;POINT (13.36338 52.56579)
4;2019;3;12;5;3;2;6;0;0;1;0;0;0;1;0;POINT (13.28377 52.51747)
1;2019;11;14;6;3;5;2;0;0;1;0;0;0;0;1;POINT (13.36979 52.51583)
3;2019;6;0;6;3;2;7;2;1;1;0;0;0;0;0;POINT (13.42805 52.53209)
4;2019;12;7;3;3;5;3;0;0;1;0;0;0;0;1;POINT (13.24962 52.50799)
3;2019;6;15;3;3;2;6;0;0;1;0;0;0;0;0;POINT (13.39827 52.57699)
3;2019;3;11;5;3;5;2;0;1;1;0;0;0;0;0;POINT (13.42931 52.53316)
4;2019;10;14;5;3;5;3;0;1;1;0;0;0;0;0;POINT (13.29729 52.51107)
3;2019;8;8;7;2;0;1;0;1;0;0;0;0;0;1;POINT (13.40678 52.56506)
1;2019;6;14;3;3;6;7;0;0;1;1;0;0;0;0;POINT (13.41098 52.52314)
2;2019;3;18;4;3;0;6;2;0;1;0;1;0;0;1;POINT (13.45338 52.51694)
6;2019;10;17;4;3;2;6;2;0;1;0;0;0;0;0;POINT (13.32019 52.45481)
12;2019;6;14;3;3;2;6;0;0;1;0;1;0;0;0;POINT (13.3336 52.59387)
1;2019;9;15;4;3;5;3;0;1;1;0;0;0;0;0;POINT (13.36526 52.55808)
7;2019;3;20;4;3;3;2;2;0;1;0;0;0;0;1;POINT (13.35508 52.47817)
11;2019;10;13;4;3;5;2;0;0;1;0;0;0;0;0;POINT (13.48332 52.51291)
10;2019;8;8;7;2;0;7;0;0;1;0;0;0;0;1;POINT (13.53747 52.53546)
7;2019;5;17;6;3;6;7;0;0;1;1;0;0;0;1;POINT (13.38577 52.48038)
10;2019;6;13;3;3;5;3;0;0;1;0;0;0;0;0;POINT (13.54245 52.54369)
3;2019;3;20;4;3;5;2;2;1;1;0;0;0;0;1;POINT (13.42436 52.53901)
9;2019;11;3;7;2;5;3;2;1;1;0;0;0;0;0;POINT (13.4578 52.49173)
12;2019;6;22;6;3;2;6;2;0;1;0;0;0;1;0;POINT (13.35361 52.57368)
11;2019;8;6;6;3;2;6;0;0;1;0;0;0;1;0;POINT (13.52489 52.50991)
3;2019;12;15;4;3;5;2;0;0;1;0;0;0;1;0;POINT (13.42395 52.5282)
4;2019;6;13;3;3;5;3;0;0;1;0;0;1;0;0;POINT (13.28607 52.53205)
7;2019;3;15;4;3;2;6;0;0;1;0;0;0;0;1;POINT (13.34678 52.47238)
2;2019;10;19;6;3;2;6;2;0;1;0;1;0;0;0;POINT (13.46712 52.51455)
7;2019;8;9;6;3;0;5;0;0;1;0;0;0;0;0;POINT (13.40081 52.41489)
3;2019;6;12;3;3;3;6;0;0;1;0;0;0;0;0;POINT (13.44784 52.61193)
3;2019;3;4;3;3;5;2;2;0;1;0;0;1;0;1;POINT (13.41249 52.54312)
7;2019;10;6;3;3;6;7;2;1;0;1;0;0;0;1;POINT (13.36057 52.41093)
9;2019;6;6;4;3;5;3;0;0;1;0;0;0;0;0;POINT (13.47943 52.4845)
1;2019;8;18;6;3;5;3;0;0;1;0;0;0;0;0;POINT (13.3655 52.55796)
3;2019;12;6;6;2;5;3;2;1;1;0;0;0;0;1;POINT (13.43696 52.53974)
10;2019;5;10;6;3;6;2;0;0;1;1;0;0;0;0;POINT (13.58139 52.50509)
4;2019;3;12;3;2;3;6;0;0;1;0;0;1;0;0;POINT (13.28683 52.53242)
1;2019;11;14;7;3;6;7;0;0;0;1;0;0;1;0;POINT (13.36364 52.51543)
7;2019;5;9;5;2;2;6;0;0;1;0;1;0;0;0;POINT (13.36357 52.47363)
4;2019;11;16;5;3;2;6;2;0;1;0;1;0;0;0;POINT (13.27683 52.5096)
9;2019;6;10;3;3;2;6;0;0;1;0;0;0;0;0;POINT (13.45839 52.45852)
3;2019;3;14;3;3;5;3;0;1;1;0;0;0;0;0;POINT (13.40877 52.56346)
1;2019;10;22;1;3;5;2;2;0;1;0;0;0;1;0;POINT (13.40479 52.52013)
7;2019;8;8;5;3;6;2;0;0;0;1;0;0;1;0;POINT (13.34831 52.48176)
10;2019;5;17;5;2;6;4;0;0;1;1;0;0;0;0;POINT (13.56662 52.57175)
2;2019;6;20;2;3;5;2;0;1;1;0;0;0;0;0;POINT (13.38862 52.49817)
2;2019;3;18;3;3;3;7;1;1;0;0;0;0;0;0;POINT (13.44759 52.50251)
12;2019;6;14;1;3;5;2;0;0;0;0;0;0;1;0;POINT (13.33561 52.59226)
9;2019;8;15;5;3;5;3;0;1;1;0;0;0;0;0;POINT (13.49886 52.46385)
2;2019;12;7;1;3;5;3;1;0;1;0;0;0;1;0;POINT (13.44749 52.52634)
4;2019;5;13;5;3;2;6;0;0;1;0;1;0;0;0;POINT (13.2694 52.50919)
1;2019;6;12;2;3;2;6;0;0;1;0;1;0;0;0;POINT (13.36841 52.54106)
1;2019;3;19;3;3;2;1;2;0;1;0;0;0;0;1;POINT (13.36857 52.54121)
3;2019;11;12;2;2;6;3;0;0;1;1;0;0;0;0;POINT (13.42876 52.55833)
12;2019;11;9;5;3;5;3;0;0;1;0;0;1;0;1;POINT (13.28654 52.59326)
9;2019;6;10;2;3;6;7;0;0;1;1;0;0;0;0;POINT (13.50986 52.45634)
7;2019;3;17;2;3;2;6;1;0;1;0;0;0;0;0;POINT (13.36478 52.47311)
1;2019;10;12;1;3;3;5;0;1;1;0;0;0;0;0;POINT (13.41254 52.51951)
12;2019;8;15;5;3;5;3;0;1;1;0;0;0;0;0;POINT (13.34142 52.58614)
3;2019;5;15;4;3;5;2;0;1;0;0;0;1;0;0;POINT (13.41409 52.55067)
2;2019;6;10;2;3;3;2;0;0;1;0;1;0;0;0;POINT (13.4554 52.50036)
2;2019;3;10;2;3;5;2;0;1;1;0;0;0;0;1;POINT (13.46026 52.51524)
7;2019;11;12;3;3;2;6;0;0;1;0;0;1;0;1;POINT (13.37519 52.42827)
5;2019;6;14;3;3;2;6;0;0;1;0;0;0;1;0;POINT (13.18007 52.51645)
4;2019;8;8;5;3;2;6;0;0;1;0;0;0;1;0;POINT (13.23537 52.5071)
7;2019;12;15;1;3;2;6;1;0;1;0;0;0;0;1;POINT (13.36627 52.47243)
9;2019;6;9;2;2;5;2;0;1;1;0;0;0;0;0;POINT (13.51093 52.4558)
11;2019;9;8;1;3;5;2;0;1;0;0;0;0;1;0;POINT (13.47707 52.5134)
7;2019;10;17;3;3;5;2;2;1;1;0;0;0;0;0;POINT (13.35716 52.48688)
10;2019;8;12;5;3;5;3;0;1;1;0;0;0;0;0;POINT (13.54082 52.54158)
7;2019;6;9;2;2;5;3;0;1;0;0;1;0;0;0;POINT (13.34995 52.48104)
9;2019;3;5;2;3;2;6;1;0;1;0;0;0;0;0;POINT (13.46146 52.45411)
10;2019;10;5;2;3;2;6;2;0;1;0;0;0;0;0;POINT (13.58335 52.50517)
4;2019;8;9;5;3;5;2;0;1;1;0;0;0;0;0;POINT (13.32853 52.51296)
3;2019;5;9;4;3;0;7;0;1;0;0;0;0;0;0;POINT (13.41216 52.54349)
8;2019;6;17;2;3;2;6;0;0;1;0;0;0;0;0;POINT (13.44395 52.46281)
3;2019;3;8;1;3;5;3;0;1;1;0;0;0;0;1;POINT (13.42793 52.56826)
10;2019;11;16;5;3;2;6;2;0;1;0;0;0;0;0;POINT (13.57804 52.50517)
4;2019;5;9;4;3;2;6;0;1;1;0;0;0;0;1;POINT (13.2866 52.51023)
3;2019;12;20;2;3;0;1;2;0;0;0;1;0;0;2;POINT (13.46635 52.55229)
3;2019;6;16;2;3;5;2;0;1;1;0;0;0;0;0;POINT (13.4422 52.54385)
12;2019;3;16;1;2;9;1;0;0;1;0;0;0;1;1;POINT (13.3572 52.57342)
7;2019;10;8;5;2;5;2;0;0;1;0;1;0;0;0;POINT (13.39266 52.42986)
2;2019;8;9;5;3;5;3;0;1;0;0;0;0;0;0;POINT (13.46046 52.49875)
7;2019;6;14;2;3;5;2;0;1;1;0;0;0;0;0;POINT (13.39439 52.42616)
1;2019;3;18;7;3;2;6;2;0;1;0;0;0;0;1;POINT (13.36452 52.50173)
4;2019;10;9;2;3;5;2;0;0;1;0;0;0;0;1;POINT (13.27612 52.50955)
1;2019;6;19;3;3;2;6;0;0;1;0;0;0;0;0;POINT (13.36842 52.50644)
4;2019;8;8;5;3;2;6;0;0;1;0;0;0;0;0;POINT (13.25692 52.50844)
11;2019;12;15;1;3;5;3;1;1;1;1;0;0;0;0;POINT (13.47671 52.51344)
7;2019;5;6;4;3;0;6;1;0;1;0;0;0;0;0;POINT (13.34891 52.47522)
10;2019;3;9;7;3;2;6;0;0;1;0;0;0;0;0;POINT (13.54903 52.55147)
1;2019;11;9;6;3;0;7;0;1;0;1;0;0;0;1;POINT (13.36933 52.54571)
7;2019;11;13;3;3;2;2;0;0;1;0;0;0;0;1;POINT (13.38582 52.48329)
9;2019;6;8;2;3;5;2;0;1;0;0;0;0;1;0;POINT (13.50665 52.4588)
2;2019;3;9;7;3;0;1;0;0;0;0;1;0;0;0;POINT (13.44877 52.5053)
9;2019;10;7;5;3;2;6;1;0;1;0;0;0;0;1;POINT (13.47946 52.48451)
12;2019;8;7;5;3;6;4;0;1;1;1;0;0;0;0;POINT (13.36424 52.56348)
3;2019;5;9;3;3;0;3;0;1;1;0;0;0;0;0;POINT (13.41479 52.55503)
7;2019;9;8;1;3;5;2;0;1;0;0;0;0;1;0;POINT (13.39605 52.42388)
3;2019;6;14;1;3;6;4;0;0;0;1;1;0;0;0;POINT (13.40454 52.56803)
9;2019;3;16;6;3;0;2;0;1;1;0;0;0;0;1;POINT (13.45906 52.49286)
5;2019;6;2;6;3;9;1;2;0;1;0;0;0;0;0;POINT (13.18023 52.51641)
3;2019;12;9;6;3;6;4;0;0;1;1;0;0;0;0;POINT (13.44501 52.54553)
9;2019;5;16;3;3;2;6;0;0;1;0;1;0;1;0;POINT (13.5118 52.45505)
7;2019;11;16;7;3;2;6;0;0;1;0;0;0;1;1;POINT (13.38619 52.44387)
12;2019;1;11;3;3;6;7;0;1;0;1;0;0;0;1;POINT (13.30913 52.61484)
11;2019;1;17;3;3;5;3;2;0;1;0;0;0;0;1;POINT (13.50688 52.56401)
6;2019;1;17;3;3;5;2;2;1;1;0;0;0;0;1;POINT (13.34916 52.42206)
7;2019;1;17;3;3;1;5;2;1;0;0;0;0;1;1;POINT (13.39451 52.46339)
6;2019;1;16;3;3;5;3;2;1;0;0;0;0;1;1;POINT (13.31866 52.45492)
10;2019;1;16;3;3;5;3;2;0;1;0;0;0;0;1;POINT (13.55058 52.55993)
10;2019;1;7;3;3;6;7;1;0;1;1;0;0;0;1;POINT (13.55022 52.53349)
1;2019;1;7;3;3;5;2;2;1;0;0;0;0;1;1;POINT (13.377 52.55668)
4;2019;1;7;3;3;5;2;2;1;1;0;0;0;0;1;POINT (13.32014 52.47882)
1;2019;1;6;3;3;2;6;2;0;1;0;0;0;0;1;POINT (13.401 52.51835)
7;2019;1;6;3;3;6;4;2;0;1;1;0;0;0;1;POINT (13.38451 52.48344)
1;2019;1;15;3;3;5;3;1;0;1;0;1;0;0;1;POINT (13.3539 52.54929)
7;2019;1;5;3;3;5;7;1;0;1;0;0;0;1;1;POINT (13.35396 52.49472)
3;2019;1;7;3;3;5;2;2;1;1;0;0;0;0;1;POINT (13.40176 52.58733)
5;2019;1;8;3;3;6;7;2;0;1;1;0;0;0;1;POINT (13.17425 52.52267)
6;2019;1;8;3;3;1;5;0;0;1;0;0;0;1;1;POINT (13.3393 52.46524)
1;2019;1;10;3;3;6;7;0;0;1;1;0;0;0;1;POINT (13.37754 52.54226)
10;2019;1;6;3;3;2;2;2;0;1;0;0;0;0;1;POINT (13.58742 52.52334)
8;2019;1;10;3;3;2;6;0;0;1;0;0;0;0;1;POINT (13.48369 52.42558)
6;2019;1;10;3;2;6;2;0;0;1;1;0;0;0;1;POINT (13.34589 52.4362)
3;2019;1;10;3;2;2;6;0;0;1;0;0;0;0;1;POINT (13.41357 52.58286)
3;2019;1;9;3;3;0;7;0;0;1;0;0;0;0;1;POINT (13.46992 52.56742)
5;2019;1;5;3;3;3;6;2;0;1;0;0;1;0;1;POINT (13.27053 52.53671)
4;2019;1;16;3;3;5;2;0;0;1;0;0;0;0;1;POINT (13.2964 52.52927)
2;2019;1;18;3;3;5;3;2;0;1;0;0;0;0;1;POINT (13.41391 52.50037)
1;2019;1;16;2;2;6;4;1;0;1;1;0;0;0;0;POINT (13.34826 52.54238)
12;2019;1;18;2;3;2;6;2;0;1;0;0;0;0;1;POINT (13.33037 52.56938)
8;2019;1;18;3;3;2;6;2;0;1;0;0;0;0;1;POINT (13.43684 52.45685)