bez;ujahr;umonat;ustunde;uwochentag;ukategorie;uart;utyp1;ulichtverh;istrad;istpkw;istfuss;istkrad;istgkfz;istsonstige;ustrzustand;geometry
2;2019;1;10;2;3;1;5;0;1;1;0;0;0;0;1;POINT (13.44917 52.51302)
1;2019;1;10;2;3;6;4;0;1;0;1;0;0;0;1;POINT (13.39073 52.51727)
2;2019;1;7;2;3;5;3;2;0;1;0;0;0;0;1;POINT (13.44684 52.50272)
2;2019;1;22;2;3;6;2;2;0;1;1;0;0;0;1;POINT (13.39832 52.50715)
10;2019;1;19;2;3;6;2;2;0;1;1;0;0;0;1;POINT (13.54885 52.54338)
7;2019;1;20;2;3;6;7;2;0;1;1;0;0;0;1;POINT (13.35008 52.49557)
12;2019;1;20;2;2;5;3;2;0;1;0;0;0;0;1;POINT (13.3059 52.62059)
7;2019;1;20;2;3;6;4;1;0;1;1;0;0;0;1;POINT (13.34252 52.50216)
11;2019;1;19;2;3;1;5;2;1;1;0;0;0;0;1;POINT (13.47141 52.52632)
5;2019;1;18;2;3;2;7;2;0;1;0;0;0;0;1;POINT (13.19166 52.56778)
7;2019;1;18;2;3;2;6;2;0;1;0;0;0;0;1;POINT (13.37509 52.42591)
5;2019;1;18;2;2;6;2;2;0;1;1;0;0;0;1;POINT (13.19976 52.53475)
4;2019;1;18;2;3;6;2;2;0;1;1;0;0;0;1;POINT (13.31398 52.48092)
9;2019;1;18;2;3;2;6;2;0;1;0;0;0;0;1;POINT (13.57414 52.45265)
6;2019;1;18;2;3;2;6;2;0;1;0;0;0;0;1;POINT (13.30074 52.43931)
6;2019;1;18;2;2;6;2;2;0;1;1;0;0;0;1;POINT (13.32652 52.45962)
1;2019;1;18;2;3;5;3;2;0;1;0;0;0;0;1;POINT (13.35069 52.51516)
4;2019;1;18;2;3;2;6;2;0;1;0;0;0;0;1;POINT (13.30165 52.48826)
8;2019;1;17;2;3;5;3;2;1;1;0;0;0;0;1;POINT (13.45399 52.4692)
6;2019;1;15;2;2;6;4;1;0;1;1;0;0;0;1;POINT (13.32749 52.45801)
1;2019;1;9;2;3;5;2;0;0;1;0;0;0;1;1;POINT (13.36158 52.54794)
2;2019;1;17;2;3;5;3;2;1;1;0;0;0;0;1;POINT (13.46177 52.51878)
1;2019;1;17;2;2;0;7;1;0;0;0;1;0;1;1;POINT (13.38011 52.54385)
6;2019;1;17;2;2;6;4;2;0;1;1;0;0;0;1;POINT (13.25003 52.42114)
4;2019;1;16;2;3;3;6;2;0;1;0;1;0;1;1;POINT (13.30718 52.50502)
3;2019;1;16;2;2;6;4;2;0;1;1;0;0;0;1;POINT (13.4463 52.54498)
12;2019;1;16;2;3;6;2;2;0;1;1;0;0;0;1;POINT (13.3798 52.57155)
1;2019;1;15;2;3;5;3;0;1;1;0;0;0;0;1;POINT (13.40097 52.51837)
1;2019;1;14;2;2;5;2;0;1;1;0;0;0;0;1;POINT (13.34302 52.52617)
12;2019;1;13;2;2;6;4;0;0;0;1;1;0;0;1;POINT (13.32968 52.60956)
11;2019;1;13;2;3;5;3;0;0;1;0;0;0;1;1;POINT (13.51771 52.55646)
1;2019;1;11;2;3;3;6;0;0;1;0;1;0;0;1;POINT (13.34317 52.53064)
4;2019;1;11;2;3;5;3;0;0;1;0;0;0;0;1;POINT (13.26695 52.51417)
4;2019;1;11;2;3;5;3;0;0;1;0;0;0;0;1;POINT (13.28765 52.4757)
7;2019;1;12;2;3;0;6;0;0;1;0;0;0;1;1;POINT (13.36116 52.48602)
9;2019;1;6;2;3;6;2;2;0;1;1;0;0;0;1;POINT (13.59333 52.44137)
4;2019;1;17;2;1;6;2;2;0;1;1;0;0;0;1;POINT (13.28447 52.48676)
9;2019;1;17;1;3;2;7;1;0;1;0;0;0;0;0;POINT (13.51693 52.46179)
7;2019;1;16;1;3;6;4;1;0;1;1;0;0;0;1;POINT (13.35421 52.49849)
10;2019;1;18;1;2;6;4;2;0;1;1;0;0;0;1;POINT (13.58802 52.5205)
6;2019;1;19;1;3;1;5;2;0;1;0;0;0;0;1;POINT (13.25022 52.4549)
6;2019;1;19;1;3;2;6;2;0;1;0;0;0;0;1;POINT (13.27491 52.46024)
1;2019;1;18;1;3;3;6;2;0;1;0;0;0;0;1;POINT (13.35526 52.54853)
5;2019;1;21;1;2;9;1;2;0;1;0;0;0;0;1;POINT (13.16636 52.55092)
8;2019;1;22;1;3;2;6;2;0;1;0;0;0;0;1;POINT (13.4306 52.48606)
1;2019;1;21;1;3;5;2;2;1;0;0;0;0;0;1;POINT (13.34507 52.53902)
12;2019;1;20;1;2;6;2;2;0;1;1;0;0;0;1;POINT (13.3604 52.59691)
8;2019;1;15;1;3;2;2;0;0;1;0;0;0;0;1;POINT (13.44014 52.48169)
3;2019;1;8;1;3;1;5;1;1;0;0;0;0;1;1;POINT (13.48034 52.55312)
5;2019;1;7;1;3;2;6;1;0;1;0;0;0;0;1;POINT (13.13455 52.4611)
3;2019;1;11;1;3;6;4;0;1;0;1;0;0;0;1;POINT (13.45645 52.53017)
12;2019;1;8;1;3;6;2;0;0;1;1;0;0;0;1;POINT (13.31982 52.60693)
6;2019;1;17;1;3;2;2;2;0;1;0;0;0;0;1;POINT (13.31525 52.44954)
2;2019;1;17;1;3;6;2;2;0;1;1;0;0;0;1;POINT (13.45454 52.50293)
1;2019;1;17;1;3;5;2;2;1;1;0;0;0;0;1;POINT (13.3765 52.5101)
3;2019;1;17;1;3;5;3;2;1;1;0;0;0;0;1;POINT (13.38977 52.57429)
6;2019;1;17;1;3;1;5;2;0;1;0;0;0;0;1;POINT (13.30177 52.44559)
4;2019;1;17;1;3;5;2;2;0;1;0;0;0;0;1;POINT (13.31305 52.50061)
11;2019;1;16;1;3;3;6;2;1;1;0;0;0;0;1;POINT (13.53214 52.48413)
5;2019;1;16;1;3;5;3;1;0;1;0;0;0;0;1;POINT (13.16119 52.5254)
1;2019;1;16;1;3;5;2;1;1;1;0;0;0;0;1;POINT (13.37507 52.55382)
3;2019;1;10;1;3;5;7;0;0;1;0;0;0;0;1;POINT (13.37198 52.59934)
11;2019;1;15;1;3;5;3;0;1;1;0;0;0;0;1;POINT (13.52894 52.48635)
6;2019;1;14;1;3;2;2;0;0;1;0;0;0;0;1;POINT (13.26826 52.40649)
11;2019;1;10;1;3;5;3;0;0;1;0;0;0;0;1;POINT (13.52573 52.56402)
2;2019;1;14;1;3;4;1;0;0;1;0;0;0;0;1;POINT (13.40436 52.48509)
2;2019;1;9;1;2;0;1;0;0;0;0;1;0;0;1;POINT (13.45941 52.52041)
1;2019;1;12;1;3;2;6;0;0;1;0;0;0;0;1;POINT (13.35444 52.54915)
4;2019;1;11;1;3;5;2;0;0;1;0;1;0;0;1;POINT (13.31591 52.48908)
4;2019;1;16;1;3;5;2;2;0;1;0;0;0;0;1;POINT (13.30139 52.51917)
2;2019;1;9;1;3;5;3;1;1;1;0;0;0;0;1;POINT (13.43024 52.49953)
6;2019;1;15;1;3;4;6;0;0;1;0;0;0;0;1;POINT (13.26982 52.43074)
12;2019;1;11;1;3;6;2;0;0;1;1;0;0;0;1;POINT (13.31566 52.57787)
12;2019;1;15;1;3;2;6;1;0;1;0;0;0;0;1;POINT (13.32343 52.56066)
4;2019;1;9;1;3;5;2;0;0;1;0;1;0;0;1;POINT (13.33396 52.50741)
1;2019;1;8;1;3;6;4;0;0;1;1;0;0;0;1;POINT (13.39497 52.52882)
6;2019;1;8;1;2;5;2;0;0;1;0;0;0;0;1;POINT (13.31779 52.4144)
4;2019;1;8;1;3;5;2;1;1;1;0;0;0;0;1;POINT (13.32025 52.5201)
1;2019;1;8;1;2;6;4;0;0;1;1;0;0;0;1;POINT (13.37176 52.54012)
4;2019;1;7;1;3;6;2;1;0;1;1;0;0;0;1;POINT (13.31762 52.51777)
8;2019;1;7;1;2;6;4;2;0;1;1;0;0;0;1;POINT (13.42192 52.44117)
5;2019;1;6;1;3;6;2;2;0;1;1;0;0;0;1;POINT (13.21381 52.53182)
12;2019;1;6;1;3;5;3;2;0;1;0;1;0;0;1;POINT (13.29749 52.59106)
10;2019;1;18;1;3;1;5;2;1;0;0;0;0;1;1;POINT (13.52309 52.53594)
2;2019;1;11;1;3;5;3;0;0;1;0;0;0;1;1;POINT (13.39969 52.49841)
9;2019;1;13;7;3;1;5;0;1;1;0;0;0;0;0;POINT (13.6301 52.44667)
1;2019;1;18;7;3;2;6;2;0;1;0;0;0;0;0;POINT (13.38731 52.53361)
5;2019;1;17;7;2;5;3;2;1;1;0;0;0;0;0;POINT (13.24778 52.54721)
2;2019;1;16;7;3;2;6;2;0;1;0;0;0;0;0;POINT (13.43432 52.52069)
1;2019;1;16;7;3;5;2;2;1;1;0;0;0;0;0;POINT (13.41635 52.51997)
6;2019;1;14;7;2;5;3;0;1;1;0;0;0;0;0;POINT (13.26535 52.41675)
12;2019;1;3;7;2;6;4;2;0;1;1;0;0;0;0;POINT (13.33908 52.59583)
7;2019;1;14;6;3;3;7;0;1;1;0;0;0;0;1;POINT (13.35554 52.48653)
1;2019;1;11;6;3;2;6;0;0;1;0;0;0;0;1;POINT (13.36343 52.55659)
1;2019;1;9;6;2;4;1;0;0;1;0;0;0;1;1;POINT (13.34022 52.53975)
1;2019;1;6;6;3;5;3;2;1;1;0;0;0;0;1;POINT (13.41706 52.51244)
8;2019;1;0;6;3;2;2;2;0;1;0;0;1;0;1;POINT (13.4259 52.4782)
8;2019;1;21;6;3;6;2;2;0;1;1;0;0;0;1;POINT (13.42603 52.47819)
3;2019;1;18;6;3;6;7;2;0;1;1;0;0;0;1;POINT (13.41756 52.53672)
10;2019;1;17;6;3;2;6;2;0;1;0;0;0;0;1;POINT (13.51905 52.51698)
5;2019;1;17;6;3;2;6;2;0;1;0;0;0;0;1;POINT (13.18484 52.54757)
6;2019;1;17;6;3;6;4;2;0;1;1;0;0;0;2;POINT (13.31581 52.44305)
10;2019;1;19;5;2;0;1;2;0;0;0;1;0;0;1;POINT (13.57286 52.55039)
12;2019;1;12;5;3;5;2;0;1;1;0;0;0;0;0;POINT (13.3621 52.56774)
7;2019;1;22;5;3;5;3;2;0;1;0;0;0;0;1;POINT (13.40315 52.46343)
5;2019;1;21;5;3;8;1;2;0;1;0;0;0;0;1;POINT (13.12552 52.52797)
1;2019;1;21;5;3;3;6;2;0;0;0;1;0;1;1;POINT (13.37632 52.52859)
12;2019;1;20;5;2;6;4;2;0;1;1;0;0;0;1;POINT (13.31722 52.56665)
2;2019;1;18;5;3;6;4;2;1;0;1;0;0;0;1;POINT (13.46154 52.50862)
11;2019;1;13;5;3;5;2;0;1;1;0;0;0;0;1;POINT (13.52641 52.56924)
10;2019;1;15;5;3;5;3;0;1;1;0;0;0;0;1;POINT (13.59873 52.52114)
4;2019;1;14;5;3;1;5;0;0;1;0;0;0;0;1;POINT (13.30554 52.54783)
4;2019;1;15;5;3;5;3;1;1;1;0;0;0;0;1;POINT (13.29402 52.4841)
12;2019;1;14;5;3;6;2;0;0;1;1;0;0;0;1;POINT (13.36424 52.56262)
2;2019;1;16;5;3;6;4;2;1;0;1;0;0;0;1;POINT (13.44024 52.49918)
2;2019;1;13;5;3;0;7;0;0;1;0;1;0;0;1;POINT (13.40854 52.50086)
4;2019;1;10;5;3;5;5;0;0;1;0;0;0;0;1;POINT (13.29697 52.50237)
4;2019;1;13;5;3;5;5;0;0;1;0;0;1;0;1;POINT (13.28972 52.51899)
6;2019;1;14;5;3;2;3;0;0;1;0;0;0;0;1;POINT (13.34665 52.44994)
12;2019;1;13;5;3;1;5;0;0;1;0;0;0;0;1;POINT (13.3533 52.56286)
11;2019;1;8;5;3;5;3;1;0;1;0;0;0;1;1;POINT (13.49873 52.56841)
11;2019;1;5;5;3;5;3;2;1;1;0;0;0;0;1;POINT (13.51161 52.50553)
5;2019;1;5;5;3;6;2;2;0;1;1;0;0;0;0;POINT (13.15355 52.55349)
8;2019;1;12;5;3;5;3;0;0;1;0;0;0;1;1;POINT (13.44765 52.47611)
2;2019;1;11;4;3;0;6;0;0;1;0;0;0;1;0;POINT (13.4229 52.48884)
1;2019;1;15;4;3;2;6;0;0;1;0;0;0;0;0;POINT (13.38528 52.55017)
5;2019;1;15;4;2;5;2;0;0;1;0;1;0;0;0;POINT (13.20522 52.53582)
8;2019;1;22;4;3;5;2;2;0;1;0;0;0;0;0;POINT (13.4469 52.46824)
4;2019;1;14;4;2;5;3;0;1;1;0;0;0;0;0;POINT (13.28171 52.47635)
9;2019;1;14;4;3;5;3;0;1;1;0;0;0;0;0;POINT (13.57824 52.45712)
4;2019;1;14;4;3;5;2;0;0;1;0;0;0;0;1;POINT (13.32487 52.49998)
3;2019;1;12;4;2;6;4;0;0;1;1;0;0;0;0;POINT (13.45351 52.53317)
9;2019;1;19;4;3;6;4;2;0;1;1;0;0;0;0;POINT (13.62555 52.4577)
1;2019;1;13;4;3;5;2;0;0;1;0;1;0;0;1;POINT (13.35121 52.5043)
5;2019;1;17;4;2;6;4;2;0;1;1;0;0;0;0;POINT (13.16337 52.5493)
3;2019;1;17;4;3;5;2;2;1;1;0;0;0;0;0;POINT (13.46167 52.52938)
12;2019;1;21;4;2;0;1;2;0;0;0;1;0;0;0;POINT (13.33431 52.60351)
1;2019;1;11;4;3;5;2;0;0;1;0;0;0;0;1;POINT (13.35676 52.53563)
7;2019;1;11;4;3;6;7;0;0;1;1;0;0;0;1;POINT (13.34806 52.50045)
4;2019;1;10;4;2;5;3;0;1;1;0;0;0;0;0;POINT (13.27256 52.51924)
7;2019;1;8;4;3;3;6;0;1;0;0;0;0;1;0;POINT (13.37761 52.4529)
8;2019;1;8;4;3;5;3;0;1;1;0;0;0;0;0;POINT (13.47385 52.41352)
5;2019;1;6;4;3;5;2;2;0;1;0;0;0;0;0;POINT (13.14158 52.53242)
1;2019;1;6;4;3;6;2;2;0;1;1;0;0;0;0;POINT (13.36549 52.5254)
8;2019;1;21;3;3;1;5;2;1;1;0;0;0;0;0;POINT (13.43334 52.4666)
3;2019;1;18;3;3;0;5;2;0;1;0;1;0;0;1;POINT (13.4309 52.53239)
4;2019;1;18;3;3;5;3;2;1;1;0;0;0;0;0;POINT (13.31814 52.51377)
2;2019;1;16;3;3;2;6;2;0;1;0;0;0;0;1;POINT (13.44347 52.52521)
1;2019;1;14;3;3;3;6;0;0;1;0;0;0;0;0;POINT (13.38881 52.51716)
6;2019;1;13;3;3;2;6;0;0;1;0;0;0;0;1;POINT (13.29614 52.44349)
8;2019;1;12;3;3;5;3;0;0;1;0;0;0;0;1;POINT (13.43566 52.46919)
4;2019;1;12;3;3;6;2;0;0;1;1;0;0;0;0;POINT (13.28117 52.47687)
10;2019;1;12;3;3;2;6;0;0;1;0;0;0;1;1;POINT (13.51948 52.52853)
4;2019;1;11;3;2;6;4;0;0;0;1;0;0;1;1;POINT (13.3249 52.51002)
7;2019;1;10;3;3;5;3;0;0;1;0;0;0;0;1;POINT (13.41074 52.412)
6;2019;1;7;3;3;2;7;1;0;1;0;0;0;0;1;POINT (13.26707 52.41043)
11;2019;1;13;3;3;4;7;0;0;1;0;0;0;0;0;POINT (13.49982 52.50947)
12;2019;1;16;2;3;4;1;2;0;1;0;0;0;0;1;POINT (13.29858 52.63153)
7;2019;1;17;2;2;2;6;2;0;1;0;0;0;0;1;POINT (13.32886 52.47162)
6;2019;1;17;2;3;6;2;2;0;1;1;0;0;0;1;POINT (13.3423 52.44687)
8;2019;1;16;2;3;5;3;2;0;1;0;0;0;0;1;POINT (13.49793 52.41511)
5;2019;1;6;2;3;2;6;2;0;1;0;0;0;0;1;POINT (13.23157 52.52773)
2;2019;1;5;2;3;5;3;2;0;1;0;0;0;0;1;POINT (13.40526 52.50517)
1;2019;1;17;2;3;1;5;2;0;1;0;0;0;0;1;POINT (13.36826 52.5239)
1;2019;1;2;2;2;6;4;2;0;1;1;0;0;0;1;POINT (13.4232 52.50922)
1;2019;1;3;2;3;6;2;2;0;1;1;0;0;0;1;POINT (13.36624 52.54259)
7;2019;1;15;3;3;1;5;0;1;1;0;0;0;0;1;POINT (13.36215 52.48668)
2;2019;1;4;2;3;5;2;2;0;1;0;0;0;0;1;POINT (13.44669 52.50272)
7;2019;1;0;2;2;6;4;2;0;1;1;0;0;0;1;POINT (13.34488 52.48134)
7;2019;1;1;2;2;5;3;2;0;1;0;0;0;1;1;POINT (13.40676 52.39377)
1;2019;1;3;2;3;5;3;2;0;1;0;0;0;1;1;POINT (13.38607 52.51537)
1;2019;1;15;3;3;2;6;0;0;1;0;0;0;0;1;POINT (13.34334 52.52722)
7;2019;1;15;3;3;2;6;0;0;1;0;0;0;0;1;POINT (13.35495 52.45869)
5;2019;1;14;3;3;5;3;0;0;1;0;0;0;0;0;POINT (13.24791 52.53751)
5;2019;1;14;3;3;5;3;0;0;1;0;0;0;1;1;POINT (13.16494 52.53331)
4;2019;1;17;3;2;0;7;2;0;1;0;0;0;0;1;POINT (13.29296 52.53444)
3;2019;1;13;3;3;5;3;0;0;1;0;0;0;0;1;POINT (13.38269 52.6297)
8;2019;1;13;3;3;5;7;0;0;1;0;0;0;0;1;POINT (13.43477 52.4469)
2;2019;1;13;3;3;5;7;0;0;1;0;1;0;0;1;POINT (13.38837 52.49622)
6;2019;1;12;3;3;5;3;0;0;1;0;0;0;0;1;POINT (13.26273 52.4514)
4;2019;1;16;3;3;2;6;1;0;1;0;0;0;0;1;POINT (13.32637 52.53772)
3;2019;1;18;3;3;2;2;2;0;1;0;0;0;0;1;POINT (13.43017 52.5885)
1;2019;1;18;3;3;5;3;2;0;1;0;0;0;0;1;POINT (13.42674 52.51577)
4;2019;1;12;3;3;2;6;0;0;1;0;0;0;0;1;POINT (13.31965 52.50171)
11;2019;1;19;5;3;0;1;2;0;1;0;0;0;0;1;POINT (13.47628 52.53295)
1;2019;1;17;5;2;1;5;2;1;1;0;0;0;0;1;POINT (13.38254 52.51308)
12;2019;1;17;5;3;1;5;2;0;1;0;0;0;0;1;POINT (13.34796 52.56704)
1;2019;1;17;5;3;5;3;2;0;1;0;0;0;0;0;POINT (13.40046 52.51002)
9;2019;1;16;5;3;0;6;0;0;1;0;0;0;1;0;POINT (13.59929 52.44165)
5;2019;1;15;5;2;1;1;0;0;1;0;0;1;0;0;POINT (13.20706 52.52593)
6;2019;1;15;5;3;0;1;0;0;0;0;1;0;0;2;POINT (13.22783 52.42097)
10;2019;1;14;5;3;2;2;0;0;1;0;0;0;0;0;POINT (13.62076 52.53081)
10;2019;1;14;5;3;5;2;0;1;1;0;0;0;0;1;POINT (13.55604 52.52008)
4;2019;1;14;5;3;1;5;0;0;1;0;0;0;0;0;POINT (13.30725 52.52327)
1;2019;1;13;5;3;5;2;0;0;1;0;0;0;0;0;POINT (13.40256 52.51182)
11;2019;1;13;5;3;5;7;0;0;1;0;0;0;1;0;POINT (13.47215 52.53763)
5;2019;1;13;5;2;2;6;0;0;1;0;0;0;0;0;POINT (13.20887 52.55264)
1;2019;1;12;5;3;5;2;0;1;0;0;0;1;0;0;POINT (13.36751 52.526)
2;2019;1;0;5;3;5;3;2;1;1;0;0;0;0;1;POINT (13.42215 52.49895)
11;2019;1;6;5;3;6;4;2;0;1;1;0;0;0;1;POINT (13.46936 52.50239)
10;2019;1;6;5;3;6;2;2;0;1;1;0;0;0;1;POINT (13.58396 52.52435)
3;2019;1;7;5;3;5;3;1;1;1;0;0;0;0;2;POINT (13.40753 52.61366)
7;2019;1;7;5;3;6;2;1;0;1;1;0;0;0;1;POINT (13.34301 52.49046)
2;2019;1;7;5;2;6;4;1;0;1;1;0;0;0;1;POINT (13.43357 52.52318)
7;2019;1;8;5;3;6;2;0;0;1;1;0;0;0;1;POINT (13.33554 52.47166)
1;2019;1;8;5;3;6;4;0;1;0;1;0;0;0;1;POINT (13.41788 52.51459)
7;2019;1;8;5;3;1;5;0;1;1;0;0;0;0;0;POINT (13.35166 52.49206)
10;2019;1;9;5;3;5;2;0;0;1;0;0;0;0;1;POINT (13.56387 52.51885)
1;2019;1;11;5;3;2;7;0;0;1;0;0;0;0;0;POINT (13.39885 52.50822)
8;2019;1;10;5;3;2;6;0;0;1;0;0;0;1;1;POINT (13.46626 52.42887)
12;2019;1;12;5;3;5;3;0;0;1;0;0;0;1;0;POINT (13.29324 52.55413)
1;2019;1;10;7;3;5;3;0;0;1;0;0;0;0;0;POINT (13.36803 52.50582)
2;2019;1;10;5;3;1;7;0;0;1;0;0;0;0;0;POINT (13.44107 52.5136)
1;2019;1;7;4;3;5;2;2;1;1;0;0;0;0;1;POINT (13.34434 52.53833)
1;2019;1;5;4;3;5;2;2;0;1;0;0;0;0;1;POINT (13.35685 52.52375)
4;2019;1;21;4;3;6;2;2;0;1;1;0;0;0;1;POINT (13.30735 52.50449)
9;2019;1;20;4;2;3;6;2;1;1;0;0;0;0;1;POINT (13.58678 52.42426)
7;2019;1;19;4;3;6;7;2;0;1;1;0;0;0;1;POINT (13.32926 52.46577)
10;2019;1;19;4;3;6;3;2;0;1;1;0;0;0;1;POINT (13.56859 52.56958)
11;2019;1;18;4;2;6;2;2;0;1;1;0;0;0;1;POINT (13.52083 52.56854)
3;2019;1;18;6;3;4;6;2;0;1;0;0;0;0;1;POINT (13.49555 52.64071)
1;2019;1;19;4;3;2;6;2;0;1;0;0;0;0;1;POINT (13.36389 52.55642)
1;2019;1;18;4;3;5;3;1;1;1;0;0;0;0;1;POINT (13.38148 52.55625)
2;2019;1;18;4;3;5;2;2;1;1;0;0;0;0;1;POINT (13.38659 52.50543)
8;2019;1;18;4;3;5;7;2;0;1;0;1;0;0;1;POINT (13.44389 52.46792)
9;2019;1;18;4;2;6;2;2;0;1;1;0;0;0;1;POINT (13.49138 52.46916)
1;2019;1;18;4;3;3;6;2;1;1;0;0;0;0;1;POINT (13.38535 52.52019)
2;2019;1;18;4;2;0;2;2;0;1;0;0;0;1;1;POINT (13.44085 52.52427)
4;2019;1;13;4;3;6;2;0;0;1;1;0;0;0;0;POINT (13.30496 52.51294)
1;2019;1;11;4;2;6;4;0;0;0;1;0;0;1;0;POINT (13.38288 52.53053)
6;2019;1;12;4;3;1;5;0;1;1;0;0;0;0;0;POINT (13.34186 52.43487)
4;2019;1;14;4;2;5;7;0;0;1;0;0;0;0;0;POINT (13.33069 52.49851)
4;2019;1;18;6;3;1;5;2;1;1;0;0;0;1;0;POINT (13.28906 52.49513)
6;2019;1;14;4;2;2;3;0;1;1;0;0;0;0;0;POINT (13.26717 52.41029)
1;2019;1;15;4;3;1;5;0;1;1;0;0;0;0;1;POINT (13.32721 52.52755)
7;2019;1;15;4;3;5;2;0;0;1;0;1;0;0;0;POINT (13.36196 52.44725)
7;2019;1;14;7;2;6;2;0;0;1;1;0;0;0;0;POINT (13.39546 52.38667)
4;2019;1;16;4;2;6;2;0;0;1;1;0;0;0;0;POINT (13.32239 52.48631)
7;2019;1;16;4;3;0;2;1;0;1;0;0;0;1;0;POINT (13.37326 52.42478)
4;2019;1;17;4;3;2;1;1;0;1;0;0;0;0;1;POINT (13.33824 52.49954)
4;2019;1;17;4;3;1;5;1;0;1;0;0;0;0;1;POINT (13.27777 52.47797)
9;2019;1;17;4;2;2;6;1;0;1;0;1;0;0;1;POINT (13.52247 52.42667)
8;2019;1;17;4;3;8;1;1;0;1;0;0;0;0;1;POINT (13.45245 52.45258)
11;2019;1;10;4;2;9;1;0;0;1;0;0;0;0;0;POINT (13.55605 52.57143)
8;2019;1;22;3;2;1;1;2;0;1;0;0;0;1;0;POINT (13.48087 52.41677)
1;2019;1;21;3;2;6;4;2;1;0;1;0;0;0;0;POINT (13.37731 52.54378)
1;2019;1;21;3;3;1;5;2;1;1;0;0;0;0;0;POINT (13.40876 52.52793)
3;2019;1;21;3;3;5;3;2;1;1;0;0;0;0;0;POINT (13.42809 52.55217)
1;2019;1;17;3;3;2;6;2;0;1;0;0;0;0;0;POINT (13.37203 52.52727)
5;2019;1;14;3;3;2;6;0;0;1;0;0;0;1;0;POINT (13.22824 52.52828)
11;2019;1;15;3;3;5;2;0;0;1;0;0;0;0;0;POINT (13.47939 52.51626)
12;2019;1;14;3;3;2;3;0;1;1;0;0;0;0;0;POINT (13.23102 52.61032)
4;2019;1;13;3;3;5;3;0;0;1;0;0;0;0;0;POINT (13.28146 52.51158)
5;2019;1;13;3;3;5;3;0;0;1;0;0;0;1;0;POINT (13.18727 52.52268)
4;2019;1;11;3;3;6;4;0;0;1;1;0;0;0;1;POINT (13.32395 52.51642)
8;2019;1;10;3;3;6;4;0;0;1;1;0;0;0;1;POINT (13.42639 52.46578)
3;2019;1;7;3;3;5;3;1;1;1;0;0;0;0;1;POINT (13.42493 52.54701)
7;2019;1;12;3;3;6;2;0;0;1;1;0;0;0;0;POINT (13.35155 52.41579)
6;2019;1;9;3;3;6;2;0;0;0;1;1;0;0;1;POINT (13.27621 52.43351)
11;2019;1;7;3;3;5;2;1;0;1;0;0;1;0;1;POINT (13.51507 52.54634)
7;2019;1;17;6;3;5;2;2;1;0;0;0;0;1;0;POINT (13.39259 52.41269)
3;2019;1;7;3;3;6;4;1;0;1;1;0;0;0;1;POINT (13.43548 52.54542)
10;2019;1;7;3;3;5;3;1;1;1;0;0;0;0;1;POINT (13.61565 52.53177)
12;2019;1;8;3;3;5;2;0;0;1;0;0;0;0;1;POINT (13.36084 52.57036)
4;2019;1;9;3;3;5;3;0;0;1;0;0;0;0;1;POINT (13.31983 52.46881)
8;2019;1;15;3;3;6;2;0;0;0;1;0;0;1;0;POINT (13.42682 52.48739)
1;2019;1;12;2;3;5;2;0;1;1;0;0;0;0;0;POINT (13.39126 52.55517)
1;2019;1;22;2;2;0;1;2;0;0;0;1;0;0;1;POINT (13.38808 52.52136)
5;2019;1;18;2;3;6;2;2;0;1;1;0;0;0;1;POINT (13.2092 52.56538)
5;2019;1;17;2;3;9;1;2;0;1;0;0;0;0;1;POINT (13.16742 52.51909)
10;2019;1;12;2;3;2;2;0;0;1;0;0;0;0;1;POINT (13.51928 52.53063)
4;2019;1;20;2;3;0;3;2;0;0;0;1;0;1;1;POINT (13.25795 52.51804)
7;2019;1;17;6;3;5;2;1;0;1;0;0;0;0;0;POINT (13.39417 52.42666)
7;2019;1;20;2;3;5;3;2;0;1;0;0;0;1;0;POINT (13.37499 52.43642)
4;2019;1;16;2;3;0;1;2;0;0;0;1;0;0;1;POINT (13.23367 52.50839)
10;2019;1;16;2;2;6;2;2;0;1;1;0;0;0;1;POINT (13.56989 52.54083)
12;2019;1;16;2;3;0;5;0;0;1;0;1;0;0;1;POINT (13.29921 52.5709)
4;2019;1;14;2;3;2;2;0;0;0;0;0;1;1;1;POINT (13.33086 52.50063)
5;2019;1;14;2;3;0;2;0;0;1;0;0;0;1;1;POINT (13.26291 52.54064)
12;2019;1;14;2;3;1;5;0;0;1;0;0;0;0;1;POINT (13.28153 52.5924)
3;2019;1;13;2;3;5;3;0;0;1;0;0;0;0;1;POINT (13.44924 52.52873)
8;2019;1;10;2;3;0;7;0;0;1;0;0;0;0;1;POINT (13.43544 52.48089)
2;2019;1;10;2;3;5;3;1;1;1;0;0;0;0;1;POINT (13.4644 52.5099)
3;2019;1;10;2;3;1;5;0;1;1;0;0;0;0;1;POINT (13.43673 52.55447)
3;2019;1;9;2;3;5;3;0;0;1;0;0;0;0;1;POINT (13.42206 52.57352)
1;2019;1;5;2;3;5;2;2;0;0;0;0;0;1;0;POINT (13.41174 52.52397)
2;2019;1;22;2;3;6;3;2;0;1;1;0;0;0;1;POINT (13.44524 52.50479)
3;2019;1;17;2;3;2;2;1;0;1;0;0;1;0;1;POINT (13.43472 52.54276)
6;2019;1;17;2;3;6;4;1;0;1;1;0;0;0;1;POINT (13.32094 52.43506)
12;2019;1;17;2;2;6;4;1;0;1;1;0;0;0;1;POINT (13.35487 52.59663)
8;2019;1;15;2;3;6;4;0;0;1;1;0;0;0;1;POINT (13.45506 52.47276)
4;2019;1;17;2;2;5;2;1;0;1;0;0;0;0;1;POINT (13.28134 52.51283)
5;2019;1;17;2;3;6;2;2;0;1;1;0;0;0;1;POINT (13.16548 52.55108)
1;2019;1;18;2;3;6;7;1;0;1;1;0;0;0;1;POINT (13.39423 52.50787)
4;2019;1;18;2;3;6;7;1;0;1;1;0;0;0;1;POINT (13.33042 52.50531)
5;2019;1;19;2;3;4;1;2;0;1;0;0;0;0;1;POINT (13.2362 52.55016)
1;2019;1;22;2;3;6;2;2;0;1;1;0;0;0;1;POINT (13.38424 52.50991)
8;2019;1;23;2;3;6;4;2;0;1;1;0;0;0;1;POINT (13.43985 52.48157)
9;2019;1;23;2;3;5;2;2;1;1;0;0;0;0;1;POINT (13.54527 52.4257)
1;2019;1;22;1;3;0;7;2;0;1;0;0;0;0;0;POINT (13.34333 52.5342)
1;2019;1;21;1;3;5;2;2;1;1;0;0;0;0;0;POINT (13.35114 52.50963)
4;2019;1;17;1;3;6;7;2;0;1;1;0;0;0;0;POINT (13.30405 52.49936)