bez;ujahr;umonat;ustunde;uwochentag;ukategorie;uart;utyp1;ulichtverh;istrad;istpkw;istfuss;istkrad;istgkfz;istsonstige;ustrzustand;geometry
8;2019;1;6;1;3;5;3;2;0;1;0;0;0;0;1;POINT (13.4778 52.41778)
12;2019;1;7;1;3;5;3;0;0;1;0;0;0;1;1;POINT (13.3333 52.5789)
7;2019;1;8;1;3;6;4;0;0;0;1;0;1;0;1;POINT (13.38296 52.41114)
1;2019;1;9;1;3;6;4;0;1;0;1;0;0;0;1;POINT (13.3532 52.51637)
7;2019;1;9;1;2;5;2;0;0;1;0;0;0;1;0;POINT (13.40106 52.41457)
6;2019;1;18;1;2;6;2;2;0;1;1;0;0;0;0;POINT (13.34652 52.43086)
4;2019;1;17;1;3;2;6;2;0;1;0;0;0;0;1;POINT (13.33585 52.49936)
7;2019;1;17;1;3;5;3;2;0;1;0;0;0;0;0;POINT (13.38053 52.44287)
3;2019;1;17;1;3;6;4;2;0;1;1;0;0;0;1;POINT (13.43515 52.54321)
1;2019;1;20;1;3;6;7;2;0;1;1;0;0;0;0;POINT (13.40444 52.5213)
8;2019;1;17;1;3;6;4;2;0;1;1;0;0;0;1;POINT (13.45135 52.47199)
7;2019;1;16;1;3;6;4;2;0;1;1;0;0;0;1;POINT (13.37813 52.46863)
4;2019;1;16;6;2;5;2;1;0;1;0;0;0;0;0;POINT (13.28688 52.51297)
9;2019;1;16;1;3;6;4;0;0;1;1;0;0;0;2;POINT (13.57805 52.4571)
9;2019;1;16;1;3;5;3;0;0;1;0;0;0;0;1;POINT (13.55309 52.434)
7;2019;1;16;1;2;6;4;2;0;1;1;0;0;0;0;POINT (13.38248 52.44546)
10;2019;1;14;1;3;5;3;0;0;1;0;0;0;0;1;POINT (13.53974 52.53982)
4;2019;1;15;1;3;6;4;0;0;1;1;0;0;0;0;POINT (13.25752 52.50454)
3;2019;1;14;1;3;5;2;0;0;1;0;0;0;0;1;POINT (13.50031 52.63276)
2;2019;1;13;1;3;0;6;0;0;1;0;1;0;0;1;POINT (13.42874 52.50713)
5;2019;1;13;1;3;5;2;0;0;1;0;0;0;0;0;POINT (13.19855 52.54289)
1;2019;1;14;6;2;0;3;0;0;1;0;0;0;1;0;POINT (13.4096 52.52265)
8;2019;1;13;1;2;5;3;0;0;1;0;1;0;0;0;POINT (13.43271 52.47839)
7;2019;1;11;1;3;5;2;0;1;1;0;0;0;0;0;POINT (13.40943 52.38728)
6;2019;1;13;6;3;2;1;0;0;1;0;0;0;0;0;POINT (13.35526 52.42782)
7;2019;1;11;1;3;5;2;0;0;1;0;0;0;1;0;POINT (13.35975 52.47536)
5;2019;1;7;1;3;0;5;1;0;1;0;0;0;0;0;POINT (13.20169 52.51775)
3;2019;1;10;1;3;6;4;0;0;1;1;0;0;0;1;POINT (13.45274 52.5486)
12;2019;1;15;7;3;5;3;1;0;1;0;0;0;0;1;POINT (13.33226 52.6102)
1;2019;1;22;7;3;5;3;2;1;0;0;0;0;1;1;POINT (13.4239 52.52382)
11;2019;1;20;7;2;5;2;2;0;1;0;0;0;0;1;POINT (13.48513 52.51589)
3;2019;1;19;7;3;5;3;2;0;1;0;0;0;1;1;POINT (13.38466 52.5912)
8;2019;1;18;7;2;6;4;2;0;1;1;0;0;1;1;POINT (13.45581 52.47389)
4;2019;1;17;7;3;6;2;2;0;1;1;0;0;0;1;POINT (13.3041 52.50366)
10;2019;1;17;7;3;2;6;2;0;1;0;0;0;0;1;POINT (13.5874 52.52318)
12;2019;1;16;7;2;6;2;2;0;1;1;0;0;0;1;POINT (13.33284 52.59542)
5;2019;1;13;7;3;2;6;0;0;1;0;0;0;0;1;POINT (13.15181 52.55368)
1;2019;1;14;7;3;5;5;0;1;1;0;0;0;0;1;POINT (13.36614 52.51029)
2;2019;1;3;7;3;5;3;2;0;1;0;0;0;0;1;POINT (13.40276 52.49394)
8;2019;1;3;7;3;5;7;2;0;1;0;0;0;0;1;POINT (13.47786 52.44216)
6;2019;1;7;7;3;6;2;2;0;1;1;0;0;0;1;POINT (13.29861 52.422)
1;2019;1;7;7;3;2;2;2;0;1;0;0;0;0;1;POINT (13.35922 52.54636)
5;2019;1;11;7;2;1;1;0;0;1;0;1;0;0;1;POINT (13.24709 52.52462)
11;2019;1;12;7;3;5;3;0;0;1;0;0;0;0;1;POINT (13.52284 52.48491)
4;2019;1;1;7;3;5;3;2;0;1;0;0;0;1;1;POINT (13.30794 52.48846)
9;2019;1;9;6;3;6;2;0;0;1;1;0;0;0;0;POINT (13.53712 52.45275)
7;2019;1;11;6;3;2;2;0;0;1;0;0;0;0;1;POINT (13.3513 52.49996)
8;2019;1;17;6;3;6;2;1;0;1;1;0;0;0;1;POINT (13.417 52.41821)
7;2019;1;18;6;3;5;3;2;0;1;0;0;0;0;1;POINT (13.40319 52.46343)
10;2019;1;18;6;3;6;2;2;0;1;1;0;0;0;1;POINT (13.60376 52.5466)
7;2019;1;18;6;3;6;2;2;0;1;1;0;0;0;1;POINT (13.34599 52.49695)
7;2019;1;17;6;3;3;5;2;0;1;0;0;0;0;1;POINT (13.36066 52.41272)
4;2019;1;17;6;3;6;2;2;0;1;1;0;0;0;1;POINT (13.31814 52.51094)
7;2019;1;17;6;3;6;2;2;0;1;1;0;0;0;1;POINT (13.34599 52.49696)
5;2019;1;16;6;3;2;6;1;0;1;0;0;0;0;1;POINT (13.1985 52.53321)
1;2019;1;15;6;3;2;6;1;0;1;0;0;0;0;1;POINT (13.38571 52.54991)
1;2019;1;14;6;3;5;3;0;0;1;0;0;0;0;1;POINT (13.39198 52.5095)
3;2019;1;11;6;3;5;3;0;0;1;0;0;0;0;1;POINT (13.39805 52.58491)
5;2019;1;11;6;3;2;6;0;0;1;0;0;0;1;1;POINT (13.19865 52.53342)
8;2019;1;20;6;3;6;4;2;0;1;1;0;0;0;1;POINT (13.46599 52.42896)
1;2019;1;21;6;3;2;1;2;0;1;0;0;0;0;1;POINT (13.3934 52.56455)
11;2019;1;23;6;3;6;4;2;0;1;1;0;0;0;1;POINT (13.52583 52.48292)
1;2019;1;23;6;2;0;4;2;0;0;1;1;0;0;1;POINT (13.34141 52.52554)
9;2019;1;13;5;3;0;3;0;0;1;0;0;0;1;0;POINT (13.57603 52.44626)
10;2019;1;19;6;3;6;2;2;0;1;1;0;0;0;1;POINT (13.57129 52.54577)
1;2019;1;19;6;3;8;1;2;0;0;0;1;0;0;1;POINT (13.41677 52.51938)
11;2019;1;17;6;2;0;7;2;1;0;0;0;0;0;1;POINT (13.50942 52.54667)
4;2019;1;13;6;3;0;1;0;0;0;0;1;0;0;1;POINT (13.26542 52.48327)
6;2019;1;18;6;1;6;4;2;0;1;1;0;0;1;1;POINT (13.26729 52.40956)
6;2019;1;17;5;3;0;7;1;0;1;0;1;0;0;1;POINT (13.34728 52.45958)
5;2019;1;18;5;3;5;5;2;0;1;0;1;0;0;1;POINT (13.19761 52.52344)
6;2019;1;17;5;3;0;4;1;0;1;1;0;0;0;1;POINT (13.35319 52.43319)
2;2019;1;15;5;3;4;6;0;1;1;0;0;0;0;1;POINT (13.44742 52.51934)
4;2019;1;20;5;2;5;3;2;0;1;0;0;0;0;1;POINT (13.32099 52.513)
3;2019;1;18;6;3;0;1;2;0;0;0;1;0;0;1;POINT (13.43941 52.54763)
8;2019;1;19;5;3;5;3;2;0;1;0;0;0;0;1;POINT (13.42548 52.49334)
2;2019;1;19;5;3;1;5;2;1;1;0;0;0;0;1;POINT (13.38823 52.50658)
4;2019;1;17;5;2;6;2;2;0;1;1;0;0;0;1;POINT (13.29053 52.47532)
4;2019;1;17;5;3;6;2;2;0;0;1;0;0;1;1;POINT (13.30713 52.50016)
10;2019;1;16;5;3;6;2;2;0;1;1;0;0;0;1;POINT (13.58086 52.50311)
1;2019;1;15;5;3;5;3;1;1;1;0;0;0;0;1;POINT (13.38672 52.51973)
12;2019;1;15;5;3;2;6;0;0;1;0;0;0;0;1;POINT (13.28581 52.58762)
2;2019;1;14;5;2;6;4;0;1;0;1;0;0;0;1;POINT (13.46369 52.51304)
4;2019;1;14;5;3;5;2;0;1;1;0;0;0;0;1;POINT (13.31326 52.50214)
9;2019;1;14;5;3;5;3;0;0;1;0;0;0;0;1;POINT (13.53271 52.42878)
12;2019;1;9;7;3;1;5;0;0;1;0;0;0;1;0;POINT (13.30381 52.60083)
2;2019;1;14;5;3;5;7;0;1;1;0;0;0;0;1;POINT (13.40802 52.49995)
11;2019;1;2;6;2;5;3;2;0;1;0;0;0;1;0;POINT (13.52699 52.48654)
4;2019;1;13;5;3;6;3;0;0;1;1;0;0;0;1;POINT (13.25994 52.51608)
11;2019;1;13;5;3;5;3;0;1;1;0;0;0;0;1;POINT (13.52497 52.49546)
7;2019;1;11;5;3;6;4;0;0;1;1;0;0;0;1;POINT (13.34299 52.48555)
5;2019;1;13;7;3;5;2;0;0;1;0;0;0;0;0;POINT (13.20627 52.54287)
7;2019;1;11;5;3;5;3;0;0;1;0;0;0;0;1;POINT (13.36619 52.49527)
7;2019;1;10;5;3;5;2;0;0;1;0;0;0;0;1;POINT (13.37754 52.46487)
11;2019;1;13;6;3;2;6;0;0;1;0;0;0;0;1;POINT (13.51 52.50329)
7;2019;1;10;5;3;5;3;0;1;1;0;0;0;0;1;POINT (13.36264 52.49411)
12;2019;1;10;5;2;5;7;0;0;1;1;0;0;0;1;POINT (13.28241 52.5908)
4;2019;1;9;5;3;2;6;0;0;1;0;0;0;0;1;POINT (13.29807 52.51964)
3;2019;1;8;5;3;0;7;0;1;0;0;0;0;0;1;POINT (13.46166 52.53072)
10;2019;1;8;5;3;6;4;0;0;1;1;0;0;0;1;POINT (13.60102 52.47995)
9;2019;1;8;5;3;1;5;1;0;1;0;0;0;0;1;POINT (13.5295 52.41931)
2;2019;1;14;5;2;0;3;0;0;1;0;0;0;1;1;POINT (13.42974 52.49827)
12;2019;1;0;6;3;6;4;2;0;1;1;0;0;0;2;POINT (13.33425 52.57047)
9;2019;1;7;5;3;5;2;2;1;1;0;0;0;0;1;POINT (13.59348 52.45295)
9;2019;1;13;5;3;2;7;0;0;1;0;0;0;1;1;POINT (13.58238 52.44247)
7;2019;1;17;4;3;1;7;1;0;1;0;0;0;0;0;POINT (13.35649 52.41189)
7;2019;1;15;4;3;1;5;0;1;1;0;0;0;0;1;POINT (13.39342 52.39791)
5;2019;1;9;4;2;4;7;0;0;1;0;0;0;1;0;POINT (13.19718 52.51509)
5;2019;1;8;4;3;5;3;0;1;1;0;0;0;0;0;POINT (13.15381 52.45987)
8;2019;1;8;4;2;0;7;0;0;1;0;0;0;1;1;POINT (13.42959 52.48074)
7;2019;1;7;4;2;6;4;0;0;1;1;0;0;0;1;POINT (13.32153 52.47162)
5;2019;1;7;6;3;2;6;1;0;1;0;0;0;0;0;POINT (13.1967 52.52592)
11;2019;1;7;4;2;6;4;1;0;1;1;0;0;0;1;POINT (13.5016 52.56602)
7;2019;1;7;4;3;6;2;2;0;1;1;0;0;0;1;POINT (13.3921 52.43993)
1;2019;1;7;4;2;6;4;2;0;1;1;0;0;0;1;POINT (13.37757 52.55625)
1;2019;1;13;6;3;0;7;0;0;1;0;0;0;1;0;POINT (13.39109 52.5149)
11;2019;1;16;4;2;0;6;2;0;1;0;0;0;1;0;POINT (13.50542 52.57297)
8;2019;1;19;4;3;5;3;2;0;1;0;0;0;0;0;POINT (13.42895 52.45546)
9;2019;1;15;6;2;6;2;0;0;1;1;0;0;0;0;POINT (13.5932 52.45329)
11;2019;1;19;4;3;4;5;2;0;1;0;0;0;0;0;POINT (13.4882 52.51841)
2;2019;1;13;6;3;5;2;0;1;1;0;0;0;0;0;POINT (13.45999 52.50899)
7;2019;1;10;6;2;5;3;0;0;1;0;0;0;0;0;POINT (13.41242 52.3909)
3;2019;1;16;4;3;2;6;1;0;1;0;0;0;1;0;POINT (13.44531 52.5651)
2;2019;1;16;4;3;5;3;2;1;1;0;0;0;0;0;POINT (13.43781 52.51019)
8;2019;1;14;4;3;1;5;0;0;1;0;0;0;0;0;POINT (13.51203 52.41184)
12;2019;1;9;6;3;2;6;0;0;1;0;0;1;0;1;POINT (13.32664 52.56274)
4;2019;1;14;4;3;1;5;0;1;1;0;0;0;0;1;POINT (13.32713 52.50084)
11;2019;1;9;6;3;4;6;0;1;1;0;0;0;1;0;POINT (13.51722 52.49068)
1;2019;1;14;4;3;2;6;0;0;1;0;0;0;0;0;POINT (13.37846 52.55618)
7;2019;1;14;4;3;6;4;0;1;0;1;0;0;0;0;POINT (13.34318 52.47977)
12;2019;1;20;6;2;6;2;2;0;1;1;0;0;0;0;POINT (13.32645 52.59215)
8;2019;1;13;4;3;5;3;0;1;1;0;0;0;0;0;POINT (13.44165 52.47042)
8;2019;1;13;4;3;5;3;0;0;1;0;0;0;0;0;POINT (13.45243 52.43867)
2;2019;1;12;4;3;1;5;0;1;1;0;0;0;0;0;POINT (13.47315 52.51525)
12;2019;1;12;4;3;2;2;0;0;1;0;0;0;0;0;POINT (13.34143 52.57529)
7;2019;1;10;4;3;5;2;0;0;1;0;0;0;0;0;POINT (13.34515 52.48591)
3;2019;1;16;4;3;6;7;2;1;0;1;0;0;0;0;POINT (13.41595 52.55029)
12;2019;1;21;5;3;2;6;2;0;1;0;0;0;0;1;POINT (13.29598 52.54897)
10;2019;1;14;4;2;6;4;0;0;0;1;0;0;1;0;POINT (13.57194 52.54632)
10;2019;1;16;4;2;5;2;1;1;1;0;0;0;0;0;POINT (13.59885 52.52106)
12;2019;1;20;5;2;6;2;2;0;1;1;0;0;0;1;POINT (13.3068 52.55514)
2;2019;1;22;4;2;6;4;2;0;1;1;0;0;0;0;POINT (13.42232 52.4928)
3;2019;1;20;4;3;5;3;2;1;1;0;0;0;0;0;POINT (13.42255 52.55986)
8;2019;1;11;3;3;2;6;0;0;0;0;0;1;1;1;POINT (13.4464 52.45247)
6;2019;1;17;3;3;2;6;1;0;1;0;0;0;0;1;POINT (13.34404 52.45032)
2;2019;1;20;3;3;5;3;2;0;1;0;1;0;0;1;POINT (13.39439 52.49138)
1;2019;1;20;3;3;2;6;2;0;1;0;0;0;0;1;POINT (13.4124 52.52409)
6;2019;1;19;3;3;5;3;2;1;1;0;0;0;0;1;POINT (13.33689 52.44361)
4;2019;1;10;3;3;1;5;1;1;1;0;0;0;0;1;POINT (13.32555 52.50447)
1;2019;1;20;6;3;2;6;2;0;1;0;0;0;0;0;POINT (13.37731 52.55659)
2;2019;1;8;3;3;3;6;0;1;0;0;0;0;1;1;POINT (13.46709 52.50941)
6;2019;1;16;3;3;5;3;2;1;1;0;0;0;0;1;POINT (13.22988 52.42772)
5;2019;1;16;3;3;0;2;1;1;1;0;0;0;0;1;POINT (13.19345 52.54905)
2;2019;1;18;3;3;5;3;2;0;1;0;0;0;0;1;POINT (13.42674 52.51577)
3;2019;1;10;7;3;5;3;0;0;1;0;0;0;0;0;POINT (13.42165 52.56249)
7;2019;1;13;3;3;1;5;0;1;1;0;0;0;0;0;POINT (13.37162 52.45304)
3;2019;1;18;3;3;2;2;2;0;1;0;0;0;0;0;POINT (13.46553 52.55179)
11;2019;1;18;3;3;2;6;2;0;1;0;0;0;0;0;POINT (13.51465 52.5353)
1;2019;1;18;3;3;6;4;2;0;1;1;0;0;0;0;POINT (13.37896 52.56072)
11;2019;1;7;3;3;2;6;0;0;1;0;0;0;0;2;POINT (13.52393 52.48693)
6;2019;1;17;3;2;6;4;0;0;1;1;0;0;0;0;POINT (13.33108 52.45893)
3;2019;1;18;4;3;2;2;1;0;1;0;0;0;0;0;POINT (13.41902 52.53053)
12;2019;1;7;3;3;6;4;0;0;1;1;0;0;0;0;POINT (13.37171 52.56097)
1;2019;1;6;3;3;5;2;1;1;1;0;0;0;0;0;POINT (13.34944 52.54232)
4;2019;1;8;3;3;6;4;0;0;1;1;0;0;0;0;POINT (13.30135 52.49466)
4;2019;1;8;3;3;6;4;0;0;1;1;0;0;0;0;POINT (13.3226 52.48763)
1;2019;1;8;3;3;1;5;0;1;1;0;0;0;0;0;POINT (13.38506 52.56756)
3;2019;1;9;3;3;6;2;0;0;1;1;0;0;0;0;POINT (13.4203 52.60624)
7;2019;1;11;3;3;5;2;0;1;1;0;0;0;0;1;POINT (13.34528 52.49222)
1;2019;1;11;3;3;5;2;0;1;1;0;0;0;0;0;POINT (13.40959 52.52394)
2;2019;1;11;3;3;0;3;0;0;1;0;0;0;1;0;POINT (13.41055 52.50339)
7;2019;1;15;4;3;5;2;0;1;1;0;0;0;0;0;POINT (13.33948 52.49711)
10;2019;1;12;3;3;6;4;0;0;1;1;0;0;0;0;POINT (13.54804 52.54462)
8;2019;1;12;3;3;6;3;0;0;1;1;0;0;0;0;POINT (13.43516 52.42306)
10;2019;1;17;3;3;6;2;2;0;1;1;0;0;0;0;POINT (13.60448 52.48668)
9;2019;1;12;3;3;5;7;0;0;1;0;0;0;1;0;POINT (13.504 52.46912)
5;2019;1;18;4;3;6;2;2;0;0;1;0;0;1;0;POINT (13.16532 52.55126)
1;2019;1;17;3;3;6;4;2;1;0;1;0;0;0;1;POINT (13.35853 52.55419)
12;2019;1;15;3;3;2;6;0;0;1;0;0;0;0;0;POINT (13.36306 52.56234)
3;2019;1;8;3;3;5;3;0;0;1;0;1;0;0;0;POINT (13.42016 52.536)
2;2019;1;19;2;2;6;4;2;0;1;1;0;0;0;0;POINT (13.43495 52.50146)
9;2019;1;17;2;3;4;3;2;0;1;0;0;0;0;0;POINT (13.74096 52.42829)
1;2019;2;11;5;1;6;2;0;0;0;1;0;0;1;1;POINT (13.34291 52.52637)
5;2019;1;18;2;3;2;6;2;0;1;0;0;0;0;1;POINT (13.18806 52.54697)
8;2019;1;18;2;3;2;6;2;0;1;0;0;0;0;0;POINT (13.43274 52.46498)
11;2019;1;16;2;2;6;4;0;0;1;1;0;0;0;1;POINT (13.49942 52.52059)
1;2019;1;16;3;3;6;4;0;1;0;1;0;0;0;0;POINT (13.33535 52.52079)
8;2019;1;17;2;3;3;6;2;0;1;0;0;0;0;1;POINT (13.46074 52.43143)
6;2019;1;16;2;2;6;4;1;0;1;1;0;0;0;0;POINT (13.32154 52.45668)
2;2019;1;16;2;3;1;5;2;1;1;0;0;0;0;0;POINT (13.46197 52.51279)
1;2019;1;16;2;3;2;6;2;1;1;0;0;0;0;0;POINT (13.4086 52.51195)
1;2019;1;16;2;3;5;2;2;0;1;0;0;0;0;1;POINT (13.37856 52.54475)
6;2019;1;16;2;2;6;4;0;0;1;1;0;0;0;0;POINT (13.28702 52.43291)
1;2019;1;16;2;3;5;3;1;1;1;0;0;0;0;1;POINT (13.39013 52.50946)
7;2019;1;9;4;3;5;3;0;0;1;0;0;0;0;1;POINT (13.38271 52.4685)
2;2019;1;16;2;3;6;4;0;0;1;1;0;0;0;1;POINT (13.39456 52.50588)
6;2019;1;15;2;3;5;7;0;0;1;0;0;0;0;1;POINT (13.34497 52.43583)
4;2019;1;18;3;3;2;2;2;0;1;0;0;0;0;0;POINT (13.33067 52.48614)
1;2019;1;7;2;3;0;5;0;1;0;0;0;0;0;2;POINT (13.33561 52.5331)
11;2019;1;20;2;2;0;1;2;1;0;0;0;0;0;1;POINT (13.49362 52.54469)
1;2019;1;15;2;3;5;3;1;1;1;0;0;0;0;0;POINT (13.37247 52.55653)
4;2019;1;14;2;3;2;6;0;0;1;0;0;0;0;0;POINT (13.25939 52.52185)
12;2019;1;13;2;3;2;6;0;0;1;0;0;0;0;0;POINT (13.29162 52.59577)
5;2019;1;13;2;3;6;4;0;0;1;1;0;0;0;0;POINT (13.24783 52.53969)
12;2019;1;6;4;3;3;6;2;0;1;0;0;0;1;0;POINT (13.30799 52.55664)
4;2019;1;13;2;3;0;3;0;0;1;0;1;0;0;0;POINT (13.3066 52.51812)
2;2019;1;22;2;3;5;7;2;0;1;0;0;0;0;0;POINT (13.39703 52.50712)
6;2019;1;22;2;3;5;2;2;0;1;0;0;0;0;0;POINT (13.30977 52.43131)
12;2019;1;11;4;3;6;2;0;0;0;1;0;1;0;0;POINT (13.30423 52.61963)
4;2019;1;10;2;3;2;6;0;1;1;0;0;0;0;1;POINT (13.32312 52.491)
1;2019;1;8;2;3;1;5;0;1;0;0;0;1;0;1;POINT (13.34641 52.55181)
1;2019;1;8;2;3;5;2;0;1;0;0;0;0;1;1;POINT (13.41801 52.51808)
8;2019;1;13;3;3;5;3;0;1;1;0;0;0;0;0;POINT (13.45778 52.42263)
8;2019;1;7;2;3;6;2;0;0;1;1;0;0;0;1;POINT (13.44754 52.47608)
10;2019;1;6;2;2;6;4;1;0;1;1;0;0;0;1;POINT (13.57635 52.54017)
11;2019;1;2;2;3;6;4;2;0;1;1;0;0;0;1;POINT (13.50666 52.5637)
1;2019;1;9;2;3;1;5;0;1;1;0;0;0;0;0;POINT (13.42728 52.50775)
4;2019;1;21;1;3;5;3;2;0;1;0;0;0;0;0;POINT (13.32098 52.51305)
7;2019;1;11;1;3;5;2;0;1;1;0;0;0;0;1;POINT (13.34416 52.46745)
6;2019;1;18;4;3;1;5;2;1;1;0;0;0;0;0;POINT (13.32189 52.44437)
5;2019;1;20;1;3;6;7;2;0;1;1;0;0;0;1;POINT (13.27012 52.53655)
3;2019;1;17;1;3;2;6;1;1;0;0;0;0;1;1;POINT (13.49566 52.63412)
10;2019;1;20;1;2;5;3;2;0;1;0;0;0;0;1;POINT (13.61381 52.51637)
8;2019;1;18;1;2;6;2;2;0;1;1;0;0;0;1;POINT (13.42793 52.48836)
7;2019;1;17;1;3;6;2;2;0;1;1;0;0;0;1;POINT (13.40224 52.41317)
6;2019;1;17;1;2;6;4;2;0;1;1;0;0;0;1;POINT (13.33139 52.45881)
6;2019;1;17;1;3;2;2;2;0;1;0;0;0;0;1;POINT (13.30179 52.43236)
7;2019;1;16;1;2;5;3;1;0;1;0;1;0;0;1;POINT (13.38608 52.43387)
7;2019;1;8;1;3;0;1;0;1;0;0;0;0;0;2;POINT (13.36401 52.48829)
8;2019;1;15;1;3;5;3;1;1;1;0;0;0;0;1;POINT (13.45096 52.43683)
4;2019;1;8;1;3;2;6;0;0;1;0;0;0;0;1;POINT (13.3173 52.5404)
5;2019;1;15;1;2;5;3;0;0;1;0;0;0;0;1;POINT (13.21743 52.56043)
8;2019;1;16;4;3;5;3;1;1;1;0;0;0;0;0;POINT (13.47137 52.43604)
6;2019;1;9;1;3;1;1;0;0;1;0;0;0;1;2;POINT (13.25183 52.43715)
10;2019;1;20;1;3;5;3;2;0;1;0;0;0;0;1;POINT (13.59276 52.54744)
6;2019;1;15;1;3;5;2;0;0;1;0;1;0;0;0;POINT (13.34588 52.43627)
9;2019;1;13;1;3;5;3;0;1;1;0;0;0;0;1;POINT (13.53228 52.46163)
6;2019;1;8;1;3;0;1;0;1;0;0;0;0;0;2;POINT (13.23635 52.44462)
8;2019;1;8;4;3;3;6;0;0;1;0;0;1;0;0;POINT (13.4956 52.43182)
1;2019;1;13;1;3;2;6;0;0;1;0;0;0;1;0;POINT (13.36983 52.54288)
4;2019;1;8;1;3;0;1;0;1;0;0;0;0;0;2;POINT (13.27997 52.50604)
4;2019;1;6;1;2;6;2;2;0;1;1;0;0;0;1;POINT (13.29576 52.51927)
6;2019;2;13;5;3;2;6;0;0;1;0;0;0;0;0;POINT (13.3352 52.44316)
9;2019;1;6;1;2;6;2;2;0;1;1;0;0;0;1;POINT (13.55441 52.44112)
1;2019;1;19;1;3;6;2;2;0;1;1;0;0;0;0;POINT (13.34414 52.54601)
10;2019;1;13;1;3;5;2;0;0;1;0;0;0;0;0;POINT (13.62064 52.50423)
4;2019;1;9;3;3;5;2;0;0;1;0;0;0;0;0;POINT (13.32049 52.4852)
5;2019;1;6;1;2;5;3;2;1;1;0;0;0;0;1;POINT (13.24797 52.53648)
10;2019;1;19;1;2;6;4;2;0;1;1;0;0;0;1;POINT (13.5391 52.53448)
10;2019;1;12;1;2;5;2;0;0;1;0;1;0;0;0;POINT (13.56754 52.50526)
8;2019;1;5;1;3;5;7;2;1;0;0;0;0;1;1;POINT (13.4741 52.4605)
4;2019;1;19;1;3;5;3;2;0;1;0;0;0;0;1;POINT (13.29831 52.50971)
4;2019;1;9;4;3;0;2;0;1;1;0;0;0;0;1;POINT (13.29539 52.53961)
1;2019;1;5;1;3;6;2;2;0;1;1;0;0;0;1;POINT (13.3452 52.55422)
12;2019;1;19;1;3;6;2;2;0;1;1;0;0;0;1;POINT (13.35143 52.56742)
4;2019;1;14;3;3;5;7;0;0;1;0;0;0;1;1;POINT (13.30894 52.50012)
1;2019;1;10;1;3;1;5;0;0;1;0;0;0;0;1;POINT (13.33561 52.55482)
11;2019;1;18;1;3;2;2;2;0;1;0;0;0;0;1;POINT (13.47129 52.5052)
3;2019;1;10;1;3;5;3;0;1;1;0;0;0;0;1;POINT (13.42184 52.56271)
8;2019;1;22;3;3;5;7;2;0;1;0;0;0;1;0;POINT (13.42424 52.48538)
6;2019;1;10;1;3;0;3;0;1;1;0;0;0;0;2;POINT (13.25014 52.42136)
6;2019;1;18;1;2;6;2;2;0;1;1;0;0;0;1;POINT (13.34004 52.44813)
5;2019;1;9;1;3;0;5;0;1;1;0;0;0;0;2;POINT (13.26786 52.54134)
7;2019;1;9;1;3;2;2;0;0;1;0;0;0;0;1;POINT (13.38565 52.44556)
1;2019;1;18;1;2;5;3;2;1;1;0;0;0;0;1;POINT (13.38361 52.53667)
12;2019;1;8;1;3;0;1;0;1;0;0;0;0;0;2;POINT (13.289 52.63182)
7;2019;1;13;4;3;1;5;0;1;1;0;0;0;0;0;POINT (13.33272 52.4742)
9;2019;1;9;1;2;0;1;0;1;0;0;0;0;0;2;POINT (13.73056 52.42746)
4;2019;1;11;1;3;6;2;0;0;0;1;0;0;1;0;POINT (13.30196 52.49897)
1;2019;1;2;7;3;1;7;2;0;1;0;0;0;0;1;POINT (13.35366 52.52662)
1;2019;1;11;7;3;6;7;0;0;1;1;0;0;0;1;POINT (13.39724 52.52711)
5;2019;1;19;7;3;6;2;2;0;1;1;0;0;0;1;POINT (13.20867 52.56159)
5;2019;1;19;7;3;2;6;2;0;1;0;0;0;0;1;POINT (13.22301 52.53708)
5;2019;1;20;7;3;6;4;2;0;1;1;0;0;0;0;POINT (13.18745 52.53769)
8;2019;1;11;7;3;5;3;0;0;1;0;0;0;0;1;POINT (13.43644 52.47733)
4;2019;1;8;7;2;1;1;0;0;1;0;0;0;0;1;POINT (13.30356 52.49943)
1;2019;1;4;7;3;5;3;2;0;1;0;0;0;1;0;POINT (13.37707 52.55641)
8;2019;1;18;7;3;2;6;2;0;1;0;0;0;0;1;POINT (13.44196 52.48308)
4;2019;1;18;7;2;6;2;2;0;1;1;0;0;0;1;POINT (13.30682 52.51726)
3;2019;1;5;4;3;0;6;2;0;1;0;0;0;1;1;POINT (13.4374 52.59224)
1;2019;1;18;7;3;2;6;2;0;1;0;0;0;0;1;POINT (13.34821 52.5154)
7;2019;1;18;7;2;6;4;2;0;1;1;0;0;0;1;POINT (13.39809 52.44008)
5;2019;1;17;7;3;5;3;2;0;1;0;0;0;0;1;POINT (13.20664 52.56022)
6;2019;1;16;7;3;5;2;2;1;1;0;0;0;0;1;POINT (13.27353 52.40987)
6;2019;1;15;7;3;4;6;0;1;1;0;0;0;0;1;POINT (13.28562 52.43176)
12;2019;1;21;6;3;4;6;2;0;1;0;0;0;0;1;POINT (13.28197 52.60075)
4;2019;1;22;6;2;6;4;2;0;1;1;0;0;0;1;POINT (13.3082 52.49674)
7;2019;1;14;6;2;0;7;0;0;1;0;0;0;0;1;POINT (13.39775 52.39626)
11;2019;1;13;6;3;6;4;0;0;0;1;0;0;1;2;POINT (13.50593 52.56342)
1;2019;1;15;4;3;5;7;0;1;0;0;0;0;1;0;POINT (13.40796 52.51175)
12;2019;1;13;6;3;5;3;0;0;1;0;0;0;0;1;POINT (13.37191 52.56408)
8;2019;1;12;6;3;6;4;0;0;1;1;0;0;0;1;POINT (13.43648 52.42383)
9;2019;1;11;6;2;4;6;0;0;1;0;0;0;0;1;POINT (13.47375 52.47497)
1;2019;1;19;4;3;1;5;2;1;1;0;0;0;0;0;POINT (13.40737 52.52377)
3;2019;1;11;6;3;5;3;0;0;1;0;0;0;0;1;POINT (13.42248 52.55981)
7;2019;1;10;6;2;1;5;0;0;1;0;0;0;0;1;POINT (13.40575 52.45275)
1;2019;1;8;6;3;2;6;0;0;1;0;0;0;0;1;POINT (13.37673 52.55632)
5;2019;1;22;6;3;6;7;2;0;1;1;0;0;0;1;POINT (13.18483 52.54782)
2;2019;1;21;6;3;5;7;2;0;1;0;0;0;0;1;POINT (13.44088 52.50479)
4;2019;1;20;6;3;6;7;2;0;1;1;0;0;0;1;POINT (13.30455 52.49961)
8;2019;2;22;5;3;4;5;2;1;0;0;0;0;1;0;POINT (13.4273 52.47499)
6;2019;1;20;6;3;6;2;2;0;1;1;0;0;0;1;POINT (13.27093 52.45087)
4;2019;1;17;6;3;0;3;1;1;1;0;0;0;0;1;POINT (13.28824 52.49576)