bez;ujahr;umonat;ustunde;uwochentag;ukategorie;uart;utyp1;ulichtverh;istrad;istpkw;istfuss;istkrad;istgkfz;istsonstige;ustrzustand;geometry
8;2019;2;20;4;3;6;7;2;0;1;1;0;0;0;0;POINT (13.47833 52.42122)
1;2019;2;16;3;3;0;4;1;0;0;1;0;0;1;1;POINT (13.40355 52.52095)
12;2019;2;11;3;3;2;6;0;0;1;0;0;0;0;0;POINT (13.32727 52.5633)
12;2019;2;10;3;3;2;6;0;0;1;0;0;0;0;0;POINT (13.33063 52.57561)
8;2019;2;16;3;2;5;2;0;0;1;0;1;0;0;0;POINT (13.44098 52.42471)
3;2019;2;12;3;3;5;3;0;0;1;0;0;0;0;1;POINT (13.47403 52.60998)
2;2019;2;22;3;3;6;4;2;1;0;1;0;0;0;0;POINT (13.42973 52.50975)
3;2019;2;15;3;3;2;2;0;0;1;0;0;0;0;0;POINT (13.46764 52.55382)
12;2019;2;15;3;3;6;7;0;0;1;1;0;0;0;0;POINT (13.35521 52.595)
6;2019;2;16;4;3;5;3;0;0;1;0;0;0;0;0;POINT (13.29845 52.45163)
11;2019;2;15;3;2;5;3;0;1;1;0;0;0;0;0;POINT (13.4985 52.53794)
10;2019;2;14;3;3;5;3;0;0;1;0;0;0;0;0;POINT (13.59149 52.54157)
5;2019;2;12;3;3;1;5;0;0;1;0;0;1;0;0;POINT (13.24035 52.53898)
1;2019;2;13;5;3;2;2;0;0;1;0;0;0;1;0;POINT (13.34524 52.53549)
3;2019;2;14;3;3;2;7;0;0;1;0;0;0;0;0;POINT (13.43603 52.56555)
1;2019;2;14;3;2;5;2;0;0;1;0;0;0;0;0;POINT (13.34518 52.55433)
9;2019;2;11;3;3;9;1;0;0;1;0;0;0;0;0;POINT (13.50771 52.45042)
1;2019;2;13;3;3;6;7;0;0;1;1;0;0;0;0;POINT (13.38849 52.52605)
7;2019;2;13;3;3;6;4;0;0;1;1;0;0;0;0;POINT (13.38751 52.45656)
3;2019;2;20;3;3;6;2;2;0;1;1;0;0;0;1;POINT (13.41466 52.55387)
11;2019;2;11;3;3;1;5;0;1;0;0;0;1;1;0;POINT (13.47247 52.50382)
7;2019;2;10;3;3;5;3;0;0;1;0;0;0;1;1;POINT (13.38172 52.41099)
12;2019;2;9;3;2;9;1;0;0;1;0;0;0;0;1;POINT (13.32412 52.58763)
6;2019;2;19;4;3;2;6;2;0;1;0;0;0;0;0;POINT (13.30055 52.42088)
3;2019;2;9;3;3;5;3;0;0;1;0;0;0;0;0;POINT (13.4328 52.55722)
8;2019;2;8;3;3;9;1;0;1;0;0;0;0;0;0;POINT (13.44917 52.47366)
12;2019;2;7;3;3;0;5;0;0;1;0;0;1;0;0;POINT (13.28446 52.57727)
1;2019;2;5;3;3;6;4;2;0;1;1;0;0;0;1;POINT (13.35881 52.55379)
12;2019;2;7;3;2;5;2;0;1;1;0;0;0;0;0;POINT (13.24163 52.61774)
2;2019;2;19;3;3;1;5;2;1;1;0;0;0;0;0;POINT (13.44485 52.51248)
1;2019;2;19;3;3;0;6;1;0;1;0;0;0;1;0;POINT (13.41728 52.51882)
4;2019;2;18;3;3;0;1;2;1;0;0;0;0;0;0;POINT (13.32845 52.52178)
5;2019;2;16;3;3;0;2;0;0;0;0;0;0;1;0;POINT (13.1937 52.5338)
10;2019;2;6;3;3;5;2;2;0;1;0;0;0;1;1;POINT (13.60143 52.48256)
6;2019;2;8;2;3;5;3;0;1;1;0;0;0;0;1;POINT (13.26798 52.44542)
2;2019;2;15;2;3;5;3;0;0;1;0;0;0;0;0;POINT (13.42973 52.49828)
2;2019;2;11;2;3;5;2;0;0;1;0;0;0;0;0;POINT (13.44669 52.50279)
3;2019;2;16;4;3;5;3;1;0;1;0;0;0;0;1;POINT (13.48544 52.61801)
7;2019;2;10;2;3;5;2;0;1;1;0;0;0;0;1;POINT (13.37778 52.45257)
2;2019;2;5;2;2;5;3;2;0;1;0;0;0;0;0;POINT (13.45199 52.50354)
6;2019;2;11;2;3;5;3;0;0;1;0;1;0;0;1;POINT (13.32402 52.46524)
1;2019;2;20;3;2;5;3;2;0;1;0;0;0;0;1;POINT (13.39806 52.53487)
2;2019;2;12;2;3;6;4;0;0;1;1;0;0;0;1;POINT (13.40651 52.50483)
1;2019;2;15;2;3;2;6;0;0;1;0;0;0;0;0;POINT (13.40921 52.52874)
4;2019;2;7;2;3;5;3;0;0;1;0;0;0;0;1;POINT (13.31537 52.50307)
2;2019;2;17;2;3;6;7;2;0;1;1;0;0;0;0;POINT (13.41665 52.49957)
9;2019;2;20;2;3;2;6;2;0;1;0;0;0;0;1;POINT (13.55912 52.44845)
12;2019;2;22;2;3;6;2;2;0;1;1;0;0;0;0;POINT (13.31871 52.5729)
1;2019;2;6;3;3;6;2;1;0;1;1;0;0;0;1;POINT (13.37942 52.52942)
1;2019;2;22;2;3;5;2;2;0;1;0;0;0;0;0;POINT (13.37744 52.52216)
7;2019;2;22;2;3;0;2;2;0;1;0;1;0;0;0;POINT (13.36576 52.49349)
12;2019;2;21;2;3;5;2;2;0;1;0;0;0;0;0;POINT (13.31544 52.57784)
4;2019;2;11;2;2;5;2;0;1;1;0;0;0;0;1;POINT (13.29722 52.51175)
10;2019;2;15;4;3;5;2;0;1;1;0;0;0;0;0;POINT (13.61325 52.50869)
8;2019;2;17;2;2;5;2;2;0;1;0;1;0;0;1;POINT (13.43518 52.4912)
4;2019;2;11;2;2;4;6;0;0;1;0;0;0;1;0;POINT (13.32561 52.54131)
7;2019;2;13;2;2;2;6;0;0;1;0;0;0;0;1;POINT (13.40817 52.45282)
6;2019;2;18;3;3;2;6;2;0;1;0;0;0;0;1;POINT (13.31371 52.42716)
5;2019;2;17;2;3;1;6;2;0;1;0;0;0;0;1;POINT (13.23056 52.53839)
5;2019;2;12;2;2;1;5;0;1;1;0;0;0;0;1;POINT (13.20762 52.53837)
8;2019;2;21;2;3;0;1;2;1;0;0;0;0;0;1;POINT (13.43862 52.48138)
4;2019;2;10;5;3;6;2;0;0;1;1;0;0;0;0;POINT (13.31384 52.48676)
7;2019;2;14;2;3;8;1;0;0;1;0;0;0;0;0;POINT (13.36346 52.47493)
12;2019;2;9;1;3;5;3;0;1;1;0;0;0;0;1;POINT (13.31716 52.56887)
9;2019;2;18;3;2;6;2;2;0;1;1;0;0;0;1;POINT (13.53986 52.41677)
4;2019;2;21;1;3;0;7;2;0;0;0;1;0;0;1;POINT (13.2988 52.50676)
3;2019;2;20;1;3;5;3;2;0;1;0;0;0;0;1;POINT (13.49293 52.61433)
9;2019;2;6;3;3;2;6;1;0;1;0;0;0;0;1;POINT (13.48164 52.45137)
8;2019;2;20;1;3;1;5;2;1;1;0;0;0;0;0;POINT (13.43213 52.48166)
1;2019;2;20;1;3;5;3;2;0;1;0;0;0;0;0;POINT (13.37713 52.50858)
4;2019;2;20;1;3;5;2;2;0;1;0;0;0;0;0;POINT (13.29 52.48223)
4;2019;2;9;3;3;0;1;0;0;0;0;1;0;0;1;POINT (13.31302 52.52577)
8;2019;2;19;1;3;2;6;2;0;1;0;0;0;0;1;POINT (13.45622 52.47378)
3;2019;2;18;1;3;2;6;2;0;1;0;0;0;0;0;POINT (13.45798 52.52883)
8;2019;2;18;1;2;6;4;2;0;1;1;0;0;0;0;POINT (13.42725 52.47508)
10;2019;2;15;5;2;5;3;0;0;1;0;0;0;1;0;POINT (13.57172 52.54624)
5;2019;2;17;1;2;6;4;2;0;1;1;0;0;0;0;POINT (13.19781 52.51962)
2;2019;2;17;1;2;6;4;2;0;1;1;0;0;0;0;POINT (13.40945 52.50401)
6;2019;2;7;3;3;3;2;0;1;0;0;0;1;0;0;POINT (13.31231 52.43029)
6;2019;2;15;1;3;2;6;0;0;1;0;0;0;1;0;POINT (13.31169 52.42178)
4;2019;2;14;1;3;5;3;0;1;1;0;0;0;0;0;POINT (13.31526 52.51475)
7;2019;2;8;3;3;5;3;0;0;1;0;0;0;0;1;POINT (13.34519 52.49028)
4;2019;2;14;1;3;9;1;0;0;1;0;0;0;0;0;POINT (13.31509 52.51456)
5;2019;2;14;1;3;6;4;0;0;1;1;0;0;0;0;POINT (13.19523 52.53539)
2;2019;2;13;1;3;5;3;0;1;1;0;0;0;0;0;POINT (13.43115 52.51292)
7;2019;2;19;4;3;5;2;2;0;1;0;0;0;1;0;POINT (13.3612 52.49423)
2;2019;2;13;1;3;6;2;0;0;1;1;0;0;0;0;POINT (13.42696 52.51578)
3;2019;2;11;1;3;0;7;0;0;1;0;0;0;1;1;POINT (13.41429 52.55361)
5;2019;2;5;1;3;6;2;2;0;1;1;0;0;0;1;POINT (13.27369 52.5361)
11;2019;2;20;4;3;6;2;2;0;1;1;0;0;0;0;POINT (13.49842 52.51572)
12;2019;2;6;1;3;6;4;1;0;1;1;0;0;0;1;POINT (13.28073 52.58698)
3;2019;2;6;1;3;2;2;2;0;1;0;0;0;1;1;POINT (13.4204 52.56713)
4;2019;2;7;1;3;5;3;0;1;1;0;0;0;0;1;POINT (13.30824 52.48775)
9;2019;2;8;3;3;0;1;0;1;0;0;0;0;0;1;POINT (13.61716 52.45524)
6;2019;2;7;1;3;6;2;0;0;1;1;0;0;0;1;POINT (13.30348 52.45847)
4;2019;2;8;1;3;6;2;0;0;1;1;0;0;0;1;POINT (13.31994 52.46709)
12;2019;2;9;1;3;2;6;0;0;1;0;0;0;0;1;POINT (13.32993 52.56954)
1;2019;2;18;3;3;5;3;2;0;1;0;0;0;0;1;POINT (13.39897 52.50823)
2;2019;2;12;1;3;2;6;0;0;1;0;0;0;0;1;POINT (13.37665 52.48772)
11;2019;2;12;1;3;0;3;0;0;1;0;0;0;1;0;POINT (13.50934 52.57545)
12;2019;2;11;7;3;5;2;0;0;1;0;0;0;0;1;POINT (13.36084 52.57036)
3;2019;2;16;4;2;6;4;0;0;1;1;0;0;0;0;POINT (13.43191 52.61458)
2;2019;2;4;7;3;5;3;2;0;1;0;0;0;0;0;POINT (13.40648 52.5026)
8;2019;2;1;7;3;5;3;2;0;1;0;0;0;0;1;POINT (13.43533 52.46974)
4;2019;2;15;7;3;5;3;0;0;1;0;1;0;0;1;POINT (13.24134 52.50952)
4;2019;2;18;3;3;6;2;2;0;1;1;0;0;0;1;POINT (13.30463 52.5036)
4;2019;2;15;7;3;6;2;0;0;1;1;0;0;0;0;POINT (13.31154 52.46837)
1;2019;2;16;7;3;5;3;1;0;1;0;0;0;0;0;POINT (13.40427 52.53309)
1;2019;2;17;7;3;6;4;1;1;0;1;0;0;0;0;POINT (13.34451 52.50424)
10;2019;2;19;7;3;5;2;2;0;1;0;0;0;0;1;POINT (13.59157 52.54481)
6;2019;2;7;3;3;6;4;0;0;1;1;0;0;0;0;POINT (13.34402 52.43856)
11;2019;2;13;7;3;5;3;0;0;1;0;0;0;0;1;POINT (13.47827 52.53098)
8;2019;2;23;6;3;6;4;2;0;1;1;0;0;0;1;POINT (13.43404 52.48184)
4;2019;2;21;6;3;5;2;2;0;1;0;0;0;0;1;POINT (13.32844 52.5223)
9;2019;2;20;6;3;5;2;2;0;1;0;0;0;0;1;POINT (13.5452 52.42574)
4;2019;2;18;6;2;5;3;2;0;1;0;0;0;0;1;POINT (13.33077 52.49214)
3;2019;2;14;4;3;2;6;0;0;1;0;0;0;1;0;POINT (13.46841 52.56737)
4;2019;2;20;6;3;2;6;2;0;1;0;0;0;0;1;POINT (13.25957 52.52182)
3;2019;2;18;6;3;5;3;2;0;1;0;0;0;0;1;POINT (13.48601 52.61594)
1;2019;2;17;6;3;5;2;2;0;1;0;0;0;0;1;POINT (13.41808 52.51544)
10;2019;2;17;3;2;6;4;1;0;1;1;0;0;0;1;POINT (13.56402 52.56121)
7;2019;2;16;6;3;3;2;2;0;1;0;0;0;1;1;POINT (13.41639 52.45161)
1;2019;2;16;6;3;5;3;1;0;1;0;0;0;0;1;POINT (13.37842 52.55043)
11;2019;2;16;6;3;5;3;1;0;1;0;0;0;0;1;POINT (13.48879 52.51463)
1;2019;2;14;5;3;2;6;0;0;1;0;0;0;0;0;POINT (13.32434 52.52533)
7;2019;2;15;6;3;5;3;0;1;1;0;0;0;0;1;POINT (13.34978 52.49645)
6;2019;2;15;6;3;5;2;0;0;1;0;0;0;0;2;POINT (13.27491 52.46043)
5;2019;2;15;6;3;2;6;0;0;1;0;0;0;0;1;POINT (13.18849 52.54676)
9;2019;2;15;6;3;5;3;0;0;1;0;0;0;0;1;POINT (13.46102 52.45425)
4;2019;2;11;5;3;5;2;0;0;1;0;0;0;0;0;POINT (13.2405 52.51195)
2;2019;2;12;6;3;1;5;0;1;1;0;0;0;0;0;POINT (13.41714 52.49943)
12;2019;2;9;6;3;2;2;0;0;1;0;0;0;0;1;POINT (13.32039 52.5834)
8;2019;2;17;3;3;5;3;1;1;1;0;0;0;0;0;POINT (13.43353 52.44431)
4;2019;2;19;5;3;2;6;2;0;1;0;0;0;0;0;POINT (13.33753 52.49449)
5;2019;2;10;5;3;3;6;0;0;1;0;0;0;0;0;POINT (13.20293 52.54073)
1;2019;2;12;5;3;2;6;0;0;1;0;0;0;0;1;POINT (13.34106 52.5263)
2;2019;2;7;3;3;2;2;0;0;1;0;0;0;0;1;POINT (13.43474 52.50863)
1;2019;2;17;5;3;1;5;1;0;1;0;0;0;0;0;POINT (13.38379 52.55539)
4;2019;2;20;5;3;5;2;2;0;1;0;0;0;1;0;POINT (13.33157 52.50394)
5;2019;2;19;5;3;5;2;2;0;1;0;0;0;0;1;POINT (13.19686 52.5131)
11;2019;2;18;4;3;2;6;2;0;1;0;0;0;0;0;POINT (13.48464 52.53362)
9;2019;2;17;5;3;2;6;2;0;1;0;0;0;0;1;POINT (13.56922 52.44345)
6;2019;2;15;5;3;5;3;0;0;1;0;0;0;0;1;POINT (13.35223 52.42759)
5;2019;2;16;3;2;6;4;1;0;1;1;0;0;0;1;POINT (13.16193 52.5513)
3;2019;2;23;5;2;6;4;2;0;1;1;0;0;0;1;POINT (13.45742 52.52896)
3;2019;2;8;5;3;5;3;0;1;1;0;0;0;0;1;POINT (13.42183 52.56271)
3;2019;2;7;3;3;3;2;0;0;1;0;0;1;0;0;POINT (13.40422 52.58148)
7;2019;2;16;5;3;2;6;1;0;1;0;0;0;0;0;POINT (13.33211 52.4686)
1;2019;2;17;5;3;1;5;1;1;1;0;0;0;0;0;POINT (13.37812 52.51085)
3;2019;2;10;5;3;0;2;0;0;1;0;0;0;1;0;POINT (13.42868 52.58161)
2;2019;2;7;3;3;2;6;0;0;1;0;0;0;1;0;POINT (13.39677 52.49125)
4;2019;2;10;5;3;0;5;0;0;1;0;1;0;0;0;POINT (13.31667 52.50309)
4;2019;2;9;5;2;1;5;0;1;1;0;0;0;1;0;POINT (13.29961 52.50571)
4;2019;2;9;5;3;1;5;0;0;1;0;1;0;0;0;POINT (13.33795 52.50356)
2;2019;2;19;4;3;1;5;2;1;1;0;0;0;0;0;POINT (13.4254 52.49959)
6;2019;2;7;5;3;5;2;1;1;1;0;0;0;0;1;POINT (13.24009 52.44282)
1;2019;2;7;5;3;5;3;1;0;1;0;0;0;0;0;POINT (13.37 52.55293)
8;2019;2;7;5;3;5;3;1;0;1;0;0;0;0;0;POINT (13.47816 52.41775)
1;2019;2;9;2;3;2;6;0;0;1;0;0;0;0;0;POINT (13.42511 52.51459)
2;2019;2;7;5;3;5;3;1;1;1;0;0;0;0;1;POINT (13.41218 52.49875)
2;2019;2;6;5;3;6;4;2;0;1;1;0;0;0;1;POINT (13.41301 52.49193)
2;2019;2;20;7;3;5;3;2;0;1;0;1;0;0;0;POINT (13.38676 52.50101)
1;2019;2;12;3;3;6;4;0;1;0;1;0;0;0;0;POINT (13.40235 52.53106)
9;2019;2;14;7;3;5;3;0;0;1;0;1;0;0;0;POINT (13.57744 52.40234)
12;2019;2;13;7;3;6;4;0;0;1;1;0;0;0;0;POINT (13.34872 52.60318)
12;2019;2;7;3;3;5;2;0;1;1;0;0;0;0;0;POINT (13.30411 52.61956)
3;2019;2;12;7;3;5;3;0;0;1;0;0;0;0;0;POINT (13.42474 52.54694)
4;2019;2;0;7;3;2;6;2;0;1;0;0;0;0;0;POINT (13.2959 52.49784)
2;2019;2;0;7;3;5;3;2;0;1;0;0;0;0;0;POINT (13.38442 52.49676)
1;2019;2;22;3;3;5;3;2;0;1;0;0;0;0;0;POINT (13.39213 52.5078)
2;2019;2;5;6;3;5;3;1;0;1;0;0;0;0;0;POINT (13.42968 52.49823)
10;2019;2;13;6;3;6;4;0;0;1;1;0;0;0;0;POINT (13.56153 52.50162)
10;2019;2;19;6;2;6;4;2;0;0;1;0;0;1;0;POINT (13.55885 52.55635)
2;2019;2;20;6;3;5;3;2;1;1;0;0;0;0;0;POINT (13.42723 52.49911)
11;2019;2;20;6;3;2;6;2;0;1;0;0;0;0;0;POINT (13.55563 52.5702)
12;2019;2;19;6;3;5;2;2;0;1;0;0;0;0;0;POINT (13.30946 52.58391)
4;2019;2;19;6;3;3;6;2;0;1;0;0;0;0;0;POINT (13.29965 52.48736)
5;2019;2;21;6;2;0;1;2;0;1;0;0;0;0;0;POINT (13.20344 52.54084)
4;2019;2;8;6;3;1;5;0;1;1;0;0;0;0;0;POINT (13.31914 52.48739)
6;2019;2;20;3;3;1;5;2;0;1;0;0;0;0;0;POINT (13.28849 52.41824)
5;2019;2;13;6;3;0;7;0;0;1;0;0;0;0;0;POINT (13.19767 52.56724)
4;2019;2;20;3;3;5;3;2;1;1;0;0;0;0;0;POINT (13.30041 52.50788)
3;2019;2;12;6;3;2;6;0;0;1;0;0;0;0;0;POINT (13.42092 52.53338)
7;2019;2;12;6;2;6;4;0;0;1;1;0;0;0;0;POINT (13.40369 52.43958)
11;2019;2;12;6;3;6;4;0;1;0;1;0;0;0;0;POINT (13.50484 52.56341)
4;2019;2;19;3;3;3;6;2;0;1;0;0;0;0;0;POINT (13.28125 52.47711)
4;2019;2;11;6;3;0;1;0;0;0;0;1;0;0;0;POINT (13.30212 52.50674)
9;2019;2;11;6;3;5;2;0;1;1;0;0;0;0;0;POINT (13.49124 52.46904)
4;2019;2;11;6;3;5;2;0;1;1;0;0;0;0;0;POINT (13.27345 52.49997)
12;2019;2;19;3;2;6;4;2;0;1;1;0;0;0;0;POINT (13.28208 52.594)
10;2019;2;10;6;3;2;6;0;0;1;0;0;0;0;0;POINT (13.51913 52.52897)
2;2019;2;1;6;3;1;5;2;1;1;0;0;0;0;0;POINT (13.43214 52.50261)
1;2019;2;19;3;3;5;2;2;1;0;0;0;0;1;0;POINT (13.3855 52.50752)
9;2019;2;3;6;2;5;3;2;0;1;0;0;0;0;0;POINT (13.4542 52.49395)
5;2019;2;9;6;3;5;2;0;0;1;0;0;0;0;0;POINT (13.19427 52.54567)
12;2019;2;10;6;3;6;7;0;0;1;1;0;0;0;0;POINT (13.36384 52.60102)
8;2019;2;19;3;3;6;2;2;0;1;1;0;0;0;0;POINT (13.46097 52.43216)
1;2019;2;10;6;3;2;6;0;0;1;0;0;0;0;0;POINT (13.33947 52.52648)
11;2019;2;19;4;2;0;1;2;1;0;0;0;0;0;0;POINT (13.4721 52.50429)
1;2019;2;19;6;3;2;6;2;0;1;0;0;0;0;0;POINT (13.41627 52.52691)
12;2019;2;17;6;3;5;3;1;0;1;0;0;0;1;0;POINT (13.30929 52.57874)
4;2019;2;18;3;3;1;5;1;1;1;0;0;0;0;0;POINT (13.3122 52.50645)
1;2019;2;10;4;3;1;5;0;1;1;0;0;0;0;0;POINT (13.37981 52.52262)
3;2019;2;17;6;3;2;6;2;0;1;0;0;0;0;0;POINT (13.43116 52.55096)
1;2019;2;16;6;3;5;3;0;1;1;0;0;0;0;0;POINT (13.37434 52.52798)
7;2019;2;18;3;3;5;3;2;0;1;0;0;0;0;0;POINT (13.38487 52.41897)
3;2019;2;15;6;3;5;3;0;0;1;0;0;0;0;0;POINT (13.46294 52.54884)
1;2019;2;13;6;3;6;7;0;0;1;1;0;0;0;0;POINT (13.41298 52.5207)
3;2019;2;17;3;3;2;7;1;1;1;0;0;0;0;0;POINT (13.41463 52.53325)
12;2019;2;13;6;2;6;7;0;0;0;1;0;0;1;0;POINT (13.3682 52.57401)
4;2019;2;9;5;3;0;5;0;0;1;0;1;0;0;0;POINT (13.30867 52.49623)
3;2019;2;18;3;3;5;3;1;1;0;0;0;0;0;0;POINT (13.46428 52.52327)
6;2019;2;18;5;3;3;2;2;1;1;0;0;0;0;1;POINT (13.3065 52.41757)
3;2019;2;13;3;3;5;2;0;1;1;0;0;0;0;0;POINT (13.4147 52.55357)
6;2019;2;14;5;3;2;6;0;0;1;0;0;0;0;0;POINT (13.33235 52.45511)
6;2019;2;8;5;3;2;6;0;0;1;0;0;0;1;0;POINT (13.26826 52.40649)
4;2019;2;17;3;3;5;2;0;1;1;0;0;0;0;0;POINT (13.32012 52.48356)
4;2019;2;21;5;3;5;2;2;1;1;0;0;0;0;0;POINT (13.28766 52.49606)
11;2019;2;13;5;3;6;4;0;0;1;1;0;0;0;0;POINT (13.49319 52.56813)
1;2019;2;12;5;3;5;2;0;1;0;0;0;1;0;0;POINT (13.34489 52.53904)
1;2019;2;16;3;3;2;6;1;0;1;0;0;0;1;0;POINT (13.39494 52.55511)
2;2019;2;13;5;3;6;2;0;0;1;1;0;0;0;0;POINT (13.43332 52.51987)
5;2019;2;13;5;3;6;4;0;0;1;1;0;0;0;0;POINT (13.19885 52.53489)
1;2019;2;14;5;3;2;2;0;1;1;0;0;0;0;0;POINT (13.37365 52.55694)
6;2019;2;17;3;3;2;6;2;1;1;0;0;0;0;0;POINT (13.22963 52.42207)
3;2019;2;13;5;3;0;3;0;1;0;0;1;0;0;0;POINT (13.41418 52.53285)
3;2019;2;14;5;3;2;6;0;0;1;0;0;0;0;0;POINT (13.47879 52.64309)
2;2019;2;14;5;3;1;5;0;1;1;0;0;0;0;0;POINT (13.43316 52.51907)
8;2019;2;16;3;3;1;5;0;0;1;0;0;0;0;0;POINT (13.425 52.42015)
9;2019;2;14;5;3;6;4;0;0;1;1;0;0;0;0;POINT (13.51211 52.46742)
9;2019;2;10;3;3;2;6;0;0;1;0;0;0;0;0;POINT (13.52866 52.42637)
2;2019;2;7;5;3;6;7;0;0;1;1;0;0;0;0;POINT (13.44074 52.52442)
2;2019;2;15;5;3;5;3;0;1;1;0;0;0;0;0;POINT (13.43841 52.51183)
1;2019;2;15;3;3;5;3;0;0;1;0;0;0;0;0;POINT (13.39075 52.5402)
2;2019;2;12;5;3;5;7;0;1;1;0;0;0;0;0;POINT (13.40716 52.48599)
7;2019;2;5;5;3;0;5;2;0;0;0;0;0;1;0;POINT (13.32827 52.46818)
1;2019;2;16;5;3;5;3;0;0;1;0;0;0;0;0;POINT (13.40106 52.5104)
4;2019;2;15;3;3;1;5;0;1;1;0;0;0;0;0;POINT (13.31598 52.50099)
2;2019;2;11;5;3;5;5;0;0;1;0;1;0;0;0;POINT (13.42862 52.49853)
2;2019;2;16;5;3;1;5;0;1;1;0;0;0;1;0;POINT (13.44167 52.50437)
3;2019;2;11;5;3;5;2;0;0;0;0;1;1;0;1;POINT (13.44631 52.55868)
11;2019;2;16;5;3;2;7;0;0;1;0;0;0;0;0;POINT (13.51181 52.55457)
8;2019;2;15;3;2;6;4;0;0;1;1;0;0;0;0;POINT (13.49423 52.41877)
4;2019;2;11;5;3;2;6;0;0;0;0;0;1;1;0;POINT (13.29972 52.5231)
4;2019;2;10;5;3;5;3;0;0;1;0;0;0;0;0;POINT (13.31117 52.49608)
1;2019;2;18;5;3;1;5;1;1;1;0;0;0;0;0;POINT (13.40046 52.52365)
5;2019;2;7;3;3;0;2;0;1;1;0;0;0;0;0;POINT (13.19529 52.53309)
3;2019;2;14;5;3;5;2;0;1;1;0;0;0;0;0;POINT (13.41316 52.54768)
3;2019;2;19;5;3;2;6;2;0;1;0;1;0;0;0;POINT (13.40579 52.54611)
4;2019;2;5;3;3;6;4;2;0;1;1;0;0;0;0;POINT (13.30367 52.50439)
11;2019;2;10;5;3;5;2;0;1;1;0;0;0;0;0;POINT (13.47951 52.51665)
4;2019;2;19;5;3;6;7;2;0;1;1;0;0;0;0;POINT (13.31895 52.49813)
2;2019;2;20;5;3;5;3;2;1;1;0;0;0;0;0;POINT (13.46398 52.51309)
5;2019;2;7;2;3;2;6;0;0;1;0;0;0;0;0;POINT (13.20412 52.53601)
7;2019;2;20;5;3;6;4;2;1;0;1;0;0;0;0;POINT (13.41221 52.38777)
4;2019;2;21;5;3;5;2;2;0;1;0;0;0;0;0;POINT (13.30795 52.48851)
10;2019;2;11;5;2;5;3;0;1;1;0;0;0;0;0;POINT (13.61865 52.51845)
5;2019;2;13;2;3;5;3;0;0;1;0;0;0;0;0;POINT (13.20263 52.54984)
1;2019;2;9;5;3;2;6;0;0;1;0;0;0;1;0;POINT (13.35897 52.5462)
8;2019;2;14;5;3;5;2;0;0;1;0;0;0;1;0;POINT (13.42128 52.41923)
10;2019;2;7;2;3;5;3;0;0;1;0;0;0;1;0;POINT (13.57278 52.55017)
12;2019;2;16;5;2;3;6;0;1;1;0;0;0;0;0;POINT (13.26123 52.57349)
6;2019;2;20;5;3;0;1;2;0;0;0;1;0;0;0;POINT (13.3589 52.43724)
9;2019;2;16;5;2;0;1;0;0;0;0;1;0;0;0;POINT (13.58667 52.45145)
12;2019;2;12;2;3;6;4;0;0;1;1;0;0;0;0;POINT (13.29393 52.55258)
7;2019;2;16;4;3;3;6;0;0;1;0;0;0;0;0;POINT (13.34519 52.49026)
7;2019;2;15;4;3;5;2;0;0;1;0;0;0;1;0;POINT (13.36197 52.44725)
7;2019;2;18;4;2;6;2;2;0;1;1;0;0;0;1;POINT (13.34501 52.49219)
7;2019;2;15;2;3;5;3;0;0;1;0;0;0;0;0;POINT (13.40189 52.39104)
8;2019;2;16;4;3;1;5;0;0;1;0;0;0;0;1;POINT (13.44826 52.47871)
8;2019;2;20;4;3;6;2;2;0;1;1;0;0;0;0;POINT (13.43795 52.48287)
7;2019;2;11;4;3;2;6;0;0;1;0;0;0;0;1;POINT (13.32809 52.46464)
4;2019;2;21;4;3;6;2;2;0;1;1;0;0;0;1;POINT (13.29055 52.47531)
10;2019;2;12;2;3;5;3;0;0;1;0;0;0;0;0;POINT (13.60094 52.47932)
1;2019;2;19;4;2;5;2;2;0;1;0;1;0;0;1;POINT (13.37187 52.5091)
2;2019;2;19;4;3;6;2;2;0;1;1;0;0;0;1;POINT (13.41916 52.50132)
2;2019;2;9;2;3;3;6;0;1;0;0;0;1;0;0;POINT (13.4446 52.50083)
1;2019;2;19;4;3;5;3;2;1;1;0;0;0;0;1;POINT (13.34433 52.50417)
8;2019;2;19;4;3;5;2;2;0;0;0;1;0;1;1;POINT (13.43358 52.48483)
2;2019;2;9;2;3;5;2;0;1;1;0;0;0;0;0;POINT (13.44093 52.50477)
10;2019;2;19;4;2;6;2;2;0;1;1;0;0;0;1;POINT (13.62611 52.52937)
4;2019;2;13;3;3;6;2;0;0;1;1;0;0;0;0;POINT (13.25994 52.51607)
7;2019;2;18;4;3;5;2;1;0;1;0;1;0;0;1;POINT (13.39642 52.44012)
5;2019;2;17;4;3;5;7;2;0;1;0;1;0;0;1;POINT (13.2359 52.54187)
1;2019;2;8;2;3;5;2;0;1;1;0;0;0;0;0;POINT (13.36559 52.50311)
3;2019;2;17;4;3;5;3;2;1;1;0;0;0;0;1;POINT (13.43647 52.54844)
1;2019;2;15;3;3;2;6;0;0;1;0;0;0;0;0;POINT (13.40309 52.51601)
4;2019;2;16;4;3;5;7;0;0;1;0;0;0;0;1;POINT (13.30432 52.50357)
12;2019;2;16;4;3;0;2;0;1;1;0;0;0;0;1;POINT (13.28055 52.59381)
9;2019;2;6;2;3;3;6;0;0;1;0;0;0;0;0;POINT (13.51092 52.45004)
6;2019;2;10;4;3;0;7;0;0;1;0;0;0;0;1;POINT (13.25994 52.42926)
11;2019;2;8;4;3;2;2;0;0;1;0;0;0;0;1;POINT (13.46984 52.50231)
8;2019;2;8;4;3;5;2;0;0;1;0;0;0;1;1;POINT (13.435 52.43927)
11;2019;2;18;2;3;1;1;2;0;1;0;0;0;0;0;POINT (13.51615 52.54312)
1;2019;2;8;4;3;6;7;0;0;1;1;0;0;0;1;POINT (13.38529 52.52015)
10;2019;2;7;4;3;5;2;0;0;1;0;0;0;1;0;POINT (13.54899 52.52801)
1;2019;2;6;4;3;6;2;0;0;1;1;0;0;0;1;POINT (13.40168 52.53986)
6;2019;2;8;3;3;5;7;0;0;1;0;0;0;0;0;POINT (13.30761 52.44034)
9;2019;2;6;4;2;5;2;0;1;1;0;0;0;0;1;POINT (13.5719 52.43004)
1;2019;2;1;4;3;1;1;2;0;1;0;0;0;0;0;POINT (13.38808 52.55159)
3;2019;2;5;2;3;2;6;2;0;1;0;0;0;0;0;POINT (13.49682 52.63457)
4;2019;2;6;4;3;5;2;1;0;1;0;1;0;0;1;POINT (13.29318 52.53451)