bez;ujahr;umonat;ustunde;uwochentag;ukategorie;uart;utyp1;ulichtverh;istrad;istpkw;istfuss;istkrad;istgkfz;istsonstige;ustrzustand;geometry
1;2019;3;15;6;3;2;6;0;0;1;0;0;0;0;1;POINT (13.40547 52.51428)
7;2019;3;18;6;3;2;6;1;0;1;0;0;0;0;1;POINT (13.3944 52.48423)
6;2019;3;17;1;3;6;4;0;0;1;1;0;0;0;0;POINT (13.27012 52.44324)
8;2019;3;18;6;3;6;4;1;0;1;1;0;0;0;1;POINT (13.45574 52.47369)
6;2019;3;18;6;3;6;2;1;0;1;1;0;0;0;1;POINT (13.35411 52.4384)
4;2019;3;9;5;3;1;5;0;1;1;0;0;0;0;0;POINT (13.33789 52.50179)
9;2019;3;9;1;3;5;3;0;0;1;0;0;0;1;1;POINT (13.53122 52.40513)
7;2019;3;18;6;3;6;2;1;0;1;1;0;0;0;1;POINT (13.34621 52.49726)
1;2019;3;18;6;3;0;3;1;0;1;0;0;0;1;1;POINT (13.37647 52.51009)
11;2019;3;7;4;3;6;4;0;0;1;1;0;0;0;1;POINT (13.49913 52.51817)
7;2019;3;19;6;3;6;4;1;0;1;1;0;0;0;1;POINT (13.36427 52.4762)
7;2019;3;11;1;3;5;2;0;0;1;0;0;0;0;0;POINT (13.3761 52.40913)
10;2019;3;19;6;3;6;2;2;0;1;1;0;0;0;1;POINT (13.57184 52.5683)
1;2019;3;11;1;3;2;6;0;0;1;0;0;0;0;1;POINT (13.37201 52.52727)
1;2019;3;20;6;3;2;6;2;0;1;0;0;0;0;1;POINT (13.35001 52.54961)
11;2019;3;20;6;3;5;2;2;0;1;0;0;0;0;1;POINT (13.51532 52.56699)
11;2019;3;12;1;3;0;6;0;0;1;0;1;0;0;1;POINT (13.47423 52.53543)
1;2019;3;20;6;2;1;5;2;0;1;0;0;1;0;1;POINT (13.38701 52.56733)
7;2019;3;21;6;3;6;7;2;1;0;1;0;0;0;1;POINT (13.39976 52.48376)
4;2019;3;17;5;3;2;6;2;0;1;0;0;0;0;0;POINT (13.31345 52.50346)
1;2019;3;21;6;3;6;4;2;0;1;1;0;0;0;1;POINT (13.39075 52.53587)
4;2019;3;10;6;3;5;2;0;0;1;0;0;0;0;0;POINT (13.30815 52.4778)
1;2019;3;12;1;3;1;5;0;1;1;0;0;0;0;0;POINT (13.38755 52.52458)
11;2019;3;10;6;2;6;4;0;0;1;1;0;0;0;0;POINT (13.47677 52.50091)
7;2019;3;6;6;2;1;1;1;0;1;0;0;0;1;0;POINT (13.36147 52.48499)
8;2019;3;18;5;3;5;3;0;0;1;0;0;0;0;0;POINT (13.43332 52.46408)
1;2019;3;13;1;3;1;5;0;0;1;0;0;0;0;1;POINT (13.37258 52.54017)
3;2019;3;17;5;3;6;4;1;0;1;1;0;0;0;1;POINT (13.42012 52.56582)
1;2019;3;9;5;3;1;5;0;1;1;0;0;0;0;1;POINT (13.42218 52.50719)
2;2019;3;10;4;3;5;2;0;1;1;0;0;0;0;1;POINT (13.43288 52.51782)
11;2019;3;21;5;2;0;7;2;1;0;0;0;0;0;1;POINT (13.47343 52.536)
5;2019;3;15;1;3;6;2;0;0;1;1;0;0;0;0;POINT (13.20921 52.5654)
7;2019;3;18;5;3;5;2;1;1;1;0;0;0;0;1;POINT (13.34373 52.47116)
9;2019;3;15;1;3;2;6;0;0;1;0;0;0;0;1;POINT (13.55869 52.44937)
4;2019;3;23;5;3;2;6;2;0;1;0;0;0;0;0;POINT (13.29289 52.50679)
1;2019;3;20;5;2;6;2;2;0;1;1;0;0;0;1;POINT (13.39122 52.51489)
8;2019;3;16;1;3;0;6;0;0;1;0;1;0;0;1;POINT (13.45339 52.43142)
2;2019;3;21;5;3;5;3;2;1;1;0;0;0;0;0;POINT (13.4264 52.49934)
11;2019;3;18;5;3;5;7;1;0;1;0;0;0;1;1;POINT (13.52802 52.48984)
7;2019;3;16;5;3;0;3;0;1;0;0;0;0;1;0;POINT (13.4089 52.38703)
11;2019;3;16;1;3;2;6;0;0;1;0;0;0;0;0;POINT (13.4994 52.5477)
3;2019;3;16;5;3;2;6;1;0;1;0;1;0;0;1;POINT (13.43669 52.553)
8;2019;3;15;5;3;5;3;0;1;1;0;0;0;0;1;POINT (13.44471 52.48517)
12;2019;3;17;1;3;6;7;0;0;1;1;0;0;0;0;POINT (13.23109 52.61394)
12;2019;3;15;5;3;2;6;0;0;1;0;0;0;0;1;POINT (13.31634 52.57097)
2;2019;3;15;5;3;1;5;0;1;1;0;0;0;0;1;POINT (13.41552 52.4999)
7;2019;3;20;4;3;2;6;2;0;1;0;0;0;0;1;POINT (13.36495 52.49382)
1;2019;3;16;5;3;0;1;0;0;0;0;1;0;0;1;POINT (13.38388 52.5299)
2;2019;3;17;1;2;5;2;0;1;1;0;0;0;0;0;POINT (13.40049 52.49054)
4;2019;3;1;5;2;9;1;2;0;1;0;0;0;0;1;POINT (13.2789 52.52605)
3;2019;3;16;1;3;2;6;0;0;1;0;0;0;0;0;POINT (13.46101 52.52993)
1;2019;3;1;5;2;5;2;2;1;1;0;0;0;0;1;POINT (13.41164 52.52396)
9;2019;3;6;5;2;5;3;1;1;1;0;0;0;0;1;POINT (13.55323 52.4339)
12;2019;3;13;1;2;0;4;0;0;0;1;0;0;1;1;POINT (13.28288 52.59053)
3;2019;3;9;5;3;0;1;0;0;0;0;1;0;0;1;POINT (13.51086 52.63397)
4;2019;3;9;5;3;5;2;0;1;1;0;0;0;0;0;POINT (13.3173 52.51217)
4;2019;3;14;5;3;3;6;0;0;1;0;0;0;1;0;POINT (13.32791 52.50818)
1;2019;3;15;5;2;0;1;0;0;0;0;1;0;0;1;POINT (13.41652 52.51581)
5;2019;3;11;1;3;5;2;0;0;1;0;0;0;0;1;POINT (13.18621 52.51764)
11;2019;3;14;5;3;5;2;0;1;1;0;0;0;0;0;POINT (13.50964 52.54629)
2;2019;4;15;4;3;6;4;0;0;1;1;0;0;0;0;POINT (13.41851 52.50019)
4;2019;4;20;3;3;2;6;2;0;1;0;0;0;0;0;POINT (13.32419 52.54226)
8;2019;4;7;4;3;5;3;0;0;1;0;1;0;0;0;POINT (13.47228 52.46515)
6;2019;4;18;3;3;2;7;0;0;1;0;0;0;0;0;POINT (13.26599 52.4285)
2;2019;4;0;6;3;2;2;2;1;1;0;0;0;0;0;POINT (13.47022 52.50625)
6;2019;4;17;3;3;2;6;0;0;1;0;0;0;0;0;POINT (13.31661 52.43076)
8;2019;4;17;3;3;5;3;0;0;1;0;1;0;0;0;POINT (13.45293 52.47521)
1;2019;4;8;5;2;5;2;0;0;1;0;1;0;0;0;POINT (13.39601 52.53827)
10;2019;4;16;3;3;2;7;0;1;1;0;0;0;0;0;POINT (13.56321 52.49645)
2;2019;4;15;4;3;2;6;0;0;1;0;0;0;0;0;POINT (13.43313 52.52317)
11;2019;4;12;7;3;6;4;0;0;1;1;0;0;0;0;POINT (13.48214 52.51099)
2;2019;4;16;3;3;6;4;0;0;1;1;0;0;0;0;POINT (13.4561 52.51643)
4;2019;4;13;6;3;5;2;0;0;1;0;0;0;0;0;POINT (13.30989 52.52573)
1;2019;4;15;3;3;6;2;0;1;0;1;0;0;0;0;POINT (13.38361 52.55139)
8;2019;4;15;3;3;5;3;0;0;1;0;0;0;1;0;POINT (13.49678 52.41035)
4;2019;4;2;5;2;1;5;2;1;1;0;0;0;0;0;POINT (13.32754 52.50359)
3;2019;4;14;3;2;5;3;0;1;0;0;0;0;0;0;POINT (13.42235 52.54793)
9;2019;4;15;6;2;2;2;0;0;1;0;1;0;0;0;POINT (13.66844 52.40829)
9;2019;4;14;3;2;0;5;0;1;0;0;0;0;1;0;POINT (13.57628 52.44137)
12;2019;4;16;3;2;5;2;0;0;1;0;0;0;0;0;POINT (13.35111 52.5676)
2;2019;4;19;5;2;0;2;1;0;0;1;1;0;0;0;POINT (13.44684 52.50272)
9;2019;4;12;3;3;5;7;0;0;1;0;0;0;1;0;POINT (13.55458 52.45588)
9;2019;4;14;4;3;0;1;0;1;0;0;0;0;0;0;POINT (13.51279 52.44801)
8;2019;4;12;3;3;0;7;0;1;0;0;0;0;1;1;POINT (13.45404 52.46914)
11;2019;4;14;7;3;2;2;0;0;1;0;0;0;0;0;POINT (13.52052 52.56873)
4;2019;4;12;3;3;5;2;0;1;1;0;0;0;0;0;POINT (13.31698 52.51243)
4;2019;4;10;3;2;5;2;0;1;1;0;0;0;0;0;POINT (13.26582 52.48332)
8;2019;4;15;6;3;5;3;0;0;0;0;0;0;1;0;POINT (13.43554 52.46909)
1;2019;4;9;3;2;1;5;0;1;1;0;0;0;1;0;POINT (13.40787 52.51261)
1;2019;4;8;3;3;1;5;0;1;1;0;0;0;1;0;POINT (13.39875 52.52855)
1;2019;4;1;4;3;2;6;2;1;0;0;0;0;1;0;POINT (13.35815 52.53294)
8;2019;4;7;3;3;6;2;0;0;0;1;0;0;1;0;POINT (13.43547 52.48089)
4;2019;4;10;4;3;5;2;0;1;1;0;0;0;0;0;POINT (13.31764 52.50687)
3;2019;4;7;3;3;1;5;0;0;1;0;1;0;0;0;POINT (13.41608 52.54727)
1;2019;4;7;3;3;5;3;0;1;1;0;0;0;0;0;POINT (13.35614 52.54332)
8;2019;4;17;4;3;0;4;0;1;0;1;0;0;0;0;POINT (13.43073 52.48659)
9;2019;4;7;3;3;0;1;0;1;0;0;0;0;0;0;POINT (13.5367 52.43584)
12;2019;4;16;7;3;5;2;0;0;1;0;0;0;0;0;POINT (13.31543 52.57794)
3;2019;4;7;3;3;6;6;0;1;0;1;0;0;0;0;POINT (13.40866 52.54133)
3;2019;4;5;3;3;2;6;2;0;1;0;0;0;0;0;POINT (13.38518 52.59121)
1;2019;4;17;5;3;6;4;0;0;1;1;0;0;0;0;POINT (13.36307 52.52451)
7;2019;4;1;3;3;5;3;2;0;1;0;0;0;0;0;POINT (13.38294 52.43404)
11;2019;4;16;2;3;6;7;0;0;1;1;0;0;0;0;POINT (13.50219 52.51576)
5;2019;4;11;4;3;0;7;0;0;1;0;0;0;1;0;POINT (13.18729 52.53644)
1;2019;4;14;2;3;0;5;0;1;1;0;0;0;0;0;POINT (13.33396 52.55866)
2;2019;4;9;4;2;3;6;0;0;1;0;1;0;0;0;POINT (13.43073 52.52331)
8;2019;4;16;2;3;2;6;0;0;1;0;0;0;0;0;POINT (13.42891 52.48575)
1;2019;4;19;6;3;5;2;0;0;1;0;0;0;1;0;POINT (13.34533 52.55433)
8;2019;4;7;2;3;6;7;0;1;0;1;0;0;0;0;POINT (13.43344 52.46661)
10;2019;4;16;2;3;5;3;0;1;1;0;0;0;0;0;POINT (13.565 52.52227)
4;2019;4;9;5;3;5;3;0;1;0;0;0;0;0;0;POINT (13.33308 52.48957)
4;2019;4;15;6;3;7;7;0;0;0;0;1;0;0;0;POINT (13.27091 52.54765)
4;2019;4;16;2;3;5;3;0;0;1;0;0;0;0;0;POINT (13.31983 52.46881)
12;2019;4;16;2;3;2;2;0;0;1;0;0;0;1;0;POINT (13.31993 52.60705)
4;2019;4;14;5;3;5;2;0;0;1;0;1;0;0;0;POINT (13.2964 52.52926)
6;2019;4;16;2;3;6;4;0;0;1;1;0;0;0;0;POINT (13.2952 52.44291)
6;2019;4;15;4;3;2;6;0;0;1;0;0;0;0;0;POINT (13.34307 52.4474)
8;2019;4;16;2;3;1;1;0;0;1;0;0;0;0;0;POINT (13.44462 52.48061)
1;2019;4;16;1;3;2;6;0;0;1;0;0;0;0;0;POINT (13.3769 52.55392)
8;2019;4;17;4;3;5;3;0;1;1;0;0;0;0;0;POINT (13.47349 52.42411)
1;2019;4;18;2;3;2;6;0;0;1;0;0;0;0;0;POINT (13.41615 52.5273)
3;2019;4;16;6;3;0;3;0;1;1;0;0;0;0;0;POINT (13.40172 52.58855)
12;2019;4;16;2;3;5;2;0;0;1;0;0;0;1;0;POINT (13.32181 52.56056)
6;2019;4;18;2;3;0;6;0;1;0;0;0;0;1;0;POINT (13.29953 52.44039)
8;2019;4;7;5;3;4;5;0;1;1;0;0;0;0;0;POINT (13.44686 52.47248)
2;2019;4;18;2;3;5;2;0;0;1;0;1;0;0;0;POINT (13.39578 52.49837)
1;2019;4;15;4;2;3;6;0;1;0;0;0;0;0;0;POINT (13.41831 52.51673)
2;2019;4;18;2;3;5;2;0;1;1;0;0;0;0;0;POINT (13.38801 52.49298)
5;2019;4;11;7;3;1;5;0;1;1;0;0;0;0;0;POINT (13.15828 52.53225)
4;2019;4;17;2;2;6;7;0;0;1;1;0;0;0;0;POINT (13.29957 52.5204)
1;2019;4;16;4;3;2;2;0;1;1;0;0;0;0;0;POINT (13.37909 52.50701)
11;2019;4;11;2;2;2;6;0;0;1;0;1;0;0;0;POINT (13.49206 52.53406)
4;2019;4;15;7;3;1;5;0;1;1;0;0;0;0;0;POINT (13.30466 52.50563)
1;2019;4;17;2;2;5;2;0;0;1;0;1;0;0;0;POINT (13.4111 52.52587)
10;2019;4;8;2;3;3;6;0;0;1;0;0;1;0;0;POINT (13.53942 52.54003)
10;2019;4;9;6;3;2;2;0;0;1;0;1;0;0;0;POINT (13.51945 52.51877)
8;2019;4;23;2;2;5;2;2;0;0;0;1;0;1;0;POINT (13.43848 52.45259)
1;2019;4;22;2;3;1;5;2;0;1;0;0;0;0;0;POINT (13.39995 52.52711)
8;2019;4;20;5;2;5;3;2;1;1;0;0;0;0;0;POINT (13.43805 52.42105)
7;2019;4;21;2;3;6;4;2;0;1;1;0;0;0;0;POINT (13.34343 52.50152)
7;2019;4;18;4;3;6;4;0;1;0;1;0;0;0;0;POINT (13.3284 52.47741)
7;2019;4;21;2;3;5;2;2;0;1;0;0;0;1;0;POINT (13.42308 52.39498)
1;2019;4;22;7;3;5;3;2;0;1;0;0;0;0;0;POINT (13.316 52.52587)
2;2019;4;13;2;3;5;2;0;0;0;0;0;0;1;0;POINT (13.40656 52.49847)
1;2019;4;12;2;3;2;6;0;0;1;0;0;0;0;0;POINT (13.38617 52.54964)
12;2019;4;13;5;3;2;6;0;0;1;0;0;0;0;0;POINT (13.32599 52.56145)
3;2019;4;12;2;3;2;6;0;0;1;0;0;0;0;0;POINT (13.41686 52.55364)
2;2019;4;12;2;3;0;2;0;0;0;0;0;0;1;0;POINT (13.42743 52.49904)
9;2019;4;14;2;3;4;6;0;0;1;0;0;0;0;0;POINT (13.55825 52.46249)
8;2019;4;13;6;3;2;6;0;0;1;0;0;0;0;0;POINT (13.46835 52.42768)
1;2019;4;11;2;3;2;6;0;0;1;0;0;0;0;0;POINT (13.34861 52.54848)
9;2019;4;15;2;3;2;6;0;0;1;0;0;1;0;0;POINT (13.50828 52.45287)
1;2019;4;17;5;3;2;6;1;0;1;0;0;0;0;0;POINT (13.388 52.52185)
5;2019;4;11;2;3;1;1;0;0;1;0;1;0;0;0;POINT (13.18951 52.52807)
5;2019;4;16;4;3;5;3;0;0;1;0;0;0;0;0;POINT (13.18827 52.53732)
12;2019;4;15;2;3;5;3;0;1;0;0;1;0;0;0;POINT (13.30859 52.57204)
5;2019;4;19;7;3;5;3;0;0;1;0;0;0;1;0;POINT (13.19532 52.53548)
1;2019;4;11;2;3;3;6;0;0;1;0;1;0;1;0;POINT (13.3918 52.52525)
2;2019;4;15;2;2;3;6;0;1;1;0;0;0;0;0;POINT (13.44652 52.50274)
1;2019;4;15;5;3;5;2;0;1;1;0;0;0;0;0;POINT (13.39604 52.53835)
4;2019;4;16;2;2;5;2;0;0;1;0;1;0;0;0;POINT (13.29733 52.52652)
4;2019;4;10;2;2;6;7;0;0;0;1;0;0;1;0;POINT (13.30071 52.51578)
5;2019;4;11;4;3;5;7;0;0;1;0;0;0;0;0;POINT (13.22709 52.54952)
1;2019;4;10;2;2;5;2;0;0;1;0;1;0;0;0;POINT (13.35927 52.54638)
1;2019;4;11;2;3;1;5;0;1;0;0;0;0;1;0;POINT (13.37133 52.52706)
11;2019;4;8;4;3;5;2;0;1;1;0;0;0;0;0;POINT (13.52449 52.47865)
2;2019;4;10;2;3;0;4;0;1;1;0;0;0;1;0;POINT (13.47086 52.51232)
6;2019;4;10;4;3;3;6;0;0;1;0;1;0;0;0;POINT (13.32311 52.45642)
1;2019;4;9;2;3;1;5;0;1;0;0;0;0;1;0;POINT (13.42151 52.50557)
3;2019;4;20;6;3;2;7;2;1;1;0;0;0;0;0;POINT (13.44868 52.53104)
1;2019;4;1;2;3;1;5;2;1;1;0;0;0;0;0;POINT (13.39667 52.527)
5;2019;4;5;2;3;5;3;2;0;1;0;0;0;0;0;POINT (13.19695 52.53139)
9;2019;4;12;5;3;5;7;0;0;1;0;0;0;1;0;POINT (13.58174 52.44119)
9;2019;4;7;2;3;5;3;0;0;1;0;1;0;0;0;POINT (13.50898 52.46384)
5;2019;4;14;4;3;6;3;0;0;1;1;0;0;0;0;POINT (13.25981 52.54518)
11;2019;4;7;2;3;2;1;0;0;1;0;0;0;0;0;POINT (13.50626 52.50882)
12;2019;4;17;7;3;2;6;0;0;1;0;0;0;0;0;POINT (13.31022 52.56796)
5;2019;4;5;4;3;2;6;2;0;1;0;1;0;0;0;POINT (13.19834 52.53266)
4;2019;4;7;2;3;6;7;0;0;1;1;0;0;0;0;POINT (13.29138 52.51191)
3;2019;4;16;6;3;5;3;0;0;1;0;0;0;0;0;POINT (13.43254 52.55771)
1;2019;4;8;2;3;5;3;0;0;1;0;0;0;0;0;POINT (13.34861 52.54609)
1;2019;4;8;4;3;5;3;0;1;1;0;0;0;0;0;POINT (13.36396 52.50618)
6;2019;4;8;2;2;0;6;0;0;1;0;0;0;0;0;POINT (13.1991 52.44329)
12;2019;4;18;6;3;2;6;0;0;1;0;0;0;0;0;POINT (13.29254 52.59062)
10;2019;4;8;2;3;5;2;0;0;1;0;0;0;0;0;POINT (13.55584 52.54847)
4;2019;4;9;2;2;6;2;0;0;1;1;0;0;0;0;POINT (13.26616 52.51298)
5;2019;4;11;5;2;6;4;0;0;1;1;0;0;0;0;POINT (13.18732 52.53428)
2;2019;4;18;1;3;3;6;1;1;0;0;0;0;0;0;POINT (13.39082 52.49207)
8;2019;4;16;4;3;6;6;0;0;1;1;0;0;0;0;POINT (13.49388 52.41902)
1;2019;4;9;1;3;4;6;0;1;0;0;0;0;0;0;POINT (13.40564 52.52957)
8;2019;4;13;7;3;5;2;0;0;1;0;1;0;0;0;POINT (13.44692 52.42697)
9;2019;4;19;1;3;5;2;0;1;1;0;0;0;0;0;POINT (13.57961 52.45904)
11;2019;4;12;1;3;3;6;0;0;1;0;0;1;0;0;POINT (13.47764 52.50052)
4;2019;4;12;6;3;5;2;0;1;1;0;0;0;0;0;POINT (13.27345 52.49997)
7;2019;4;12;1;3;5;2;0;1;1;0;0;0;0;0;POINT (13.38569 52.46573)
8;2019;4;16;1;3;1;5;0;1;1;0;0;0;0;0;POINT (13.43405 52.4824)
1;2019;4;9;5;3;2;6;0;0;1;0;1;0;0;0;POINT (13.38449 52.51532)
12;2019;4;16;1;2;2;6;0;0;1;0;0;0;0;0;POINT (13.25449 52.56177)
10;2019;4;17;4;3;5;3;0;1;1;0;0;0;0;0;POINT (13.58565 52.52364)
9;2019;4;16;1;3;5;3;0;1;1;0;0;0;0;0;POINT (13.54355 52.43378)
8;2019;4;7;5;3;3;6;0;1;1;0;0;0;0;0;POINT (13.47624 52.41843)
8;2019;4;15;1;3;5;3;0;1;0;0;0;0;1;0;POINT (13.43533 52.47023)
3;2019;4;12;4;3;5;2;0;0;0;0;0;1;1;0;POINT (13.42882 52.57912)
1;2019;4;15;1;3;2;4;0;1;1;1;0;0;0;0;POINT (13.40949 52.52571)
5;2019;4;14;7;3;5;2;0;0;1;0;0;0;0;0;POINT (13.1625 52.52174)
1;2019;4;15;1;3;5;3;0;1;0;0;0;0;0;0;POINT (13.41513 52.52102)
1;2019;4;15;1;3;5;2;0;1;1;0;0;0;0;0;POINT (13.34631 52.52495)
5;2019;4;15;6;3;5;2;0;0;1;0;0;0;0;0;POINT (13.13796 52.52533)
5;2019;4;13;1;3;0;3;0;1;0;0;0;0;1;0;POINT (13.17411 52.5338)
10;2019;4;14;1;3;5;3;0;1;0;0;0;0;1;0;POINT (13.51947 52.53537)
2;2019;4;7;4;3;3;6;0;1;0;0;0;0;0;0;POINT (13.39364 52.49812)
5;2019;4;14;1;3;5;3;0;0;1;0;1;0;0;0;POINT (13.19589 52.5274)
10;2019;4;16;4;3;2;6;0;0;1;0;0;0;0;0;POINT (13.58975 52.5281)
6;2019;4;16;1;2;6;4;0;1;0;1;0;0;0;0;POINT (13.33983 52.4646)
3;2019;4;13;6;3;5;3;0;1;1;0;0;0;0;0;POINT (13.42214 52.55311)
4;2019;4;18;1;3;1;5;0;0;1;0;0;0;0;0;POINT (13.33365 52.50216)
10;2019;4;13;1;3;5;3;0;1;1;0;0;0;0;0;POINT (13.6269 52.52721)
2;2019;4;16;1;3;2;6;0;0;1;0;0;0;0;0;POINT (13.40577 52.48969)
3;2019;4;19;7;3;2;6;0;0;1;0;0;0;0;0;POINT (13.44374 52.53343)
4;2019;4;12;1;3;1;5;0;1;1;0;0;0;0;0;POINT (13.27229 52.4796)
5;2019;4;14;1;3;0;7;0;0;0;0;1;0;0;1;POINT (13.23251 52.54051)
4;2019;4;19;3;3;5;3;1;1;1;0;0;0;0;0;POINT (13.32498 52.50795)
2;2019;4;18;5;3;5;3;0;0;1;0;0;0;0;0;POINT (13.40648 52.49833)
1;2019;4;17;1;3;5;5;0;1;1;0;0;0;0;0;POINT (13.38064 52.55268)
1;2019;4;18;3;3;2;6;0;0;1;0;0;0;0;0;POINT (13.3981 52.53477)
5;2019;4;12;1;3;2;6;0;0;1;0;0;0;0;0;POINT (13.19844 52.53314)
1;2019;4;18;3;3;3;6;0;1;1;0;0;0;0;0;POINT (13.40912 52.5273)
6;2019;4;14;4;3;5;2;0;0;1;0;1;0;0;0;POINT (13.25373 52.44496)
6;2019;4;16;1;3;5;3;0;1;1;0;0;0;0;0;POINT (13.35192 52.43596)
8;2019;4;18;3;3;2;7;0;1;0;0;0;0;1;0;POINT (13.44015 52.47043)
3;2019;4;17;3;3;1;1;0;0;0;0;1;1;0;0;POINT (13.42609 52.55847)
4;2019;4;9;4;3;5;7;0;0;1;0;0;0;0;0;POINT (13.33045 52.51109)
1;2019;4;13;1;3;0;3;0;1;1;0;0;0;0;0;POINT (13.40425 52.53316)
9;2019;4;17;3;3;2;7;0;0;1;0;0;0;0;0;POINT (13.56218 52.44528)
4;2019;4;18;6;3;6;4;1;0;0;1;1;0;0;0;POINT (13.31766 52.54709)
7;2019;4;17;3;3;0;6;0;0;1;0;0;0;1;0;POINT (13.34821 52.50238)
1;2019;4;13;1;3;1;5;0;0;1;0;0;0;1;0;POINT (13.35066 52.54937)
4;2019;4;17;3;3;5;3;0;0;1;0;1;0;0;0;POINT (13.2739 52.50968)
5;2019;4;18;1;3;5;2;0;1;1;0;0;0;0;0;POINT (13.2325 52.5405)
2;2019;4;17;3;3;5;3;0;1;1;0;0;0;0;0;POINT (13.45227 52.52746)
7;2019;4;10;5;3;3;6;0;0;1;0;1;0;0;0;POINT (13.37856 52.45138)
7;2019;4;11;1;3;2;6;0;0;1;0;0;0;0;0;POINT (13.34501 52.49032)
7;2019;4;16;3;3;2;6;0;0;1;0;0;0;0;0;POINT (13.37056 52.45568)
2;2019;4;16;3;3;5;2;0;1;1;0;0;0;0;0;POINT (13.39524 52.49632)
6;2019;4;15;4;3;3;2;0;0;1;0;0;0;0;0;POINT (13.30966 52.43132)
6;2019;4;16;3;3;4;6;0;1;1;0;0;0;0;0;POINT (13.13774 52.39721)
7;2019;4;14;5;3;5;3;0;0;1;0;0;0;0;0;POINT (13.38184 52.42931)
12;2019;4;15;3;3;6;6;0;1;0;1;0;0;0;0;POINT (13.33435 52.58951)
4;2019;4;15;3;3;5;3;0;0;1;0;0;0;0;0;POINT (13.25731 52.51885)
6;2019;4;15;3;3;5;7;0;0;1;0;1;0;0;0;POINT (13.3391 52.45101)
1;2019;4;14;4;3;5;7;0;0;1;0;1;0;0;0;POINT (13.39663 52.52403)
7;2019;4;18;1;3;5;2;0;1;1;0;0;0;0;0;POINT (13.3629 52.47618)
7;2019;4;14;3;3;5;3;0;0;1;0;0;0;0;0;POINT (13.39938 52.45298)
4;2019;4;16;1;3;6;4;0;0;1;1;0;0;0;0;POINT (13.32865 52.49273)
1;2019;4;14;3;3;5;3;0;0;1;0;1;0;0;0;POINT (13.4045 52.50884)
7;2019;4;7;4;3;0;7;0;0;0;1;1;0;0;0;POINT (13.36472 52.45978)
1;2019;4;10;1;3;6;2;0;0;1;1;0;0;0;0;POINT (13.37921 52.52506)
10;2019;4;17;3;3;0;1;0;0;0;0;1;0;0;0;POINT (13.53932 52.5257)
1;2019;4;17;6;3;6;7;0;1;0;1;0;0;0;0;POINT (13.38909 52.54709)
7;2019;4;8;3;3;5;3;0;0;1;0;0;0;0;0;POINT (13.39453 52.46438)
10;2019;4;17;1;2;5;2;0;0;1;0;1;0;0;0;POINT (13.58397 52.48362)
7;2019;4;8;3;3;5;2;0;1;1;0;0;0;0;0;POINT (13.36709 52.49321)
1;2019;4;18;1;3;6;4;0;0;1;1;0;0;0;0;POINT (13.33351 52.55714)
2;2019;4;9;2;3;2;6;0;1;0;0;0;0;0;0;POINT (13.44906 52.49713)
4;2019;4;8;5;3;2;6;0;0;1;0;0;0;1;0;POINT (13.31502 52.46949)
3;2019;4;19;1;3;2;6;0;0;1;0;1;0;0;0;POINT (13.41977 52.60602)
1;2019;4;18;2;3;5;2;0;0;1;0;0;0;0;0;POINT (13.38885 52.51689)
1;2019;4;9;2;3;2;6;0;0;1;0;0;0;0;0;POINT (13.34079 52.50516)
4;2019;4;16;4;3;2;6;0;0;1;0;0;0;0;0;POINT (13.28491 52.49169)
3;2019;4;12;2;3;5;2;0;1;1;0;0;0;0;0;POINT (13.36748 52.58636)
8;2019;4;17;2;3;6;3;0;0;1;1;0;0;0;0;POINT (13.45445 52.45451)
9;2019;4;11;7;3;2;6;0;0;1;0;0;0;0;0;POINT (13.61833 52.45546)
1;2019;4;17;2;3;6;4;0;1;0;1;0;0;0;0;POINT (13.34342 52.52635)
11;2019;4;20;1;2;6;4;2;0;1;1;0;0;0;0;POINT (13.52697 52.48648)
7;2019;4;10;1;3;5;2;0;1;0;0;0;1;0;0;POINT (13.40096 52.41443)
2;2019;4;17;2;3;2;6;0;1;1;0;0;0;0;0;POINT (13.3886 52.4926)
4;2019;4;13;6;2;5;3;0;0;1;0;1;0;0;0;POINT (13.26009 52.51655)
7;2019;4;12;2;3;5;3;0;0;1;0;0;0;0;0;POINT (13.37831 52.45749)
1;2019;4;9;1;3;5;3;0;1;1;0;0;0;0;0;POINT (13.40252 52.52807)
1;2019;4;18;2;3;2;6;0;1;1;0;0;0;0;0;POINT (13.37205 52.53885)
4;2019;4;1;7;2;9;1;2;0;0;0;1;0;0;0;POINT (13.21086 52.50071)
6;2019;4;12;2;3;5;3;0;0;1;0;1;0;0;0;POINT (13.28598 52.44961)
3;2019;4;14;3;3;2;2;0;0;1;0;0;0;0;0;POINT (13.4494 52.53721)
10;2019;4;9;1;3;5;3;0;1;1;0;0;0;0;0;POINT (13.59289 52.54482)
8;2019;4;11;2;3;6;4;0;0;1;1;0;0;0;0;POINT (13.45568 52.4736)
8;2019;4;1;6;3;1;6;2;1;1;0;0;0;0;0;POINT (13.42905 52.47167)
6;2019;4;11;2;3;5;3;0;0;1;0;0;0;0;0;POINT (13.32566 52.43425)
5;2019;4;8;1;3;1;5;0;0;1;0;0;0;1;0;POINT (13.21843 52.53742)
4;2019;4;10;2;3;5;3;0;0;1;0;0;0;0;0;POINT (13.26446 52.51463)
7;2019;4;8;1;3;2;6;0;0;0;0;1;0;1;0;POINT (13.36064 52.49798)
1;2019;4;18;2;2;5;2;1;1;1;0;0;0;0;0;POINT (13.40981 52.52401)
6;2019;4;11;5;3;1;5;0;1;1;0;0;0;1;0;POINT (13.32606 52.44723)
1;2019;4;8;1;2;6;4;0;0;1;1;0;0;0;0;POINT (13.32669 52.52761)
11;2019;4;20;2;3;5;3;2;1;1;0;0;0;0;0;POINT (13.50603 52.51536)
4;2019;4;10;2;3;2;7;0;1;0;0;0;0;1;0;POINT (13.32291 52.48979)
12;2019;4;20;4;3;5;3;2;0;1;0;0;0;0;0;POINT (13.29737 52.57785)
2;2019;4;8;1;3;2;6;0;1;0;0;0;0;0;0;POINT (13.45808 52.50503)
12;2019;4;21;2;3;5;2;2;0;1;0;0;0;0;0;POINT (13.36085 52.57036)
1;2019;4;12;7;3;0;1;0;1;0;0;0;0;0;0;POINT (13.39738 52.53249)
4;2019;4;10;2;3;3;6;0;1;1;0;0;0;0;0;POINT (13.30346 52.50371)
9;2019;4;11;1;2;0;1;0;0;0;0;1;0;0;0;POINT (13.50867 52.44264)
12;2019;4;17;1;3;2;6;0;0;1;0;0;0;1;0;POINT (13.31851 52.56634)
12;2019;4;9;2;3;3;6;0;0;1;0;0;0;0;0;POINT (13.23986 52.61888)