bez;ujahr;umonat;ustunde;uwochentag;ukategorie;uart;utyp1;ulichtverh;istrad;istpkw;istfuss;istkrad;istgkfz;istsonstige;ustrzustand;geometry
1;2019;4;19;5;3;2;6;0;1;1;0;0;0;0;0;POINT (13.42451 52.50887)
9;2019;3;18;7;3;5;3;0;0;1;0;0;0;0;0;POINT (13.46149 52.45437)
7;2019;4;21;2;3;5;2;2;1;1;0;0;0;0;0;POINT (13.36675 52.49656)
1;2019;3;18;7;3;3;6;0;0;1;0;1;0;0;0;POINT (13.33338 52.56036)
5;2019;4;13;2;3;2;6;0;0;1;0;0;0;0;0;POINT (13.26886 52.53658)
1;2019;4;11;4;3;3;6;0;1;0;0;0;1;0;0;POINT (13.40599 52.52505)
12;2019;3;17;7;3;5;2;0;1;0;0;0;0;0;0;POINT (13.34664 52.61669)
2;2019;4;22;2;3;5;7;2;1;1;0;0;0;0;0;POINT (13.45448 52.51214)
12;2019;3;17;7;3;2;2;0;0;1;0;0;0;0;0;POINT (13.29554 52.55016)
1;2019;4;7;2;3;5;3;0;1;0;0;1;0;0;0;POINT (13.36581 52.52538)
9;2019;3;15;7;3;6;4;0;0;0;1;0;0;1;0;POINT (13.52166 52.46059)
7;2019;4;6;2;3;3;6;0;1;1;0;0;0;0;0;POINT (13.38582 52.45282)
12;2019;4;14;5;3;2;7;0;0;1;0;1;0;0;0;POINT (13.2844 52.58876)
1;2019;3;13;7;3;5;2;0;1;1;0;0;0;0;0;POINT (13.39595 52.53246)
12;2019;4;13;2;3;0;6;0;0;1;0;0;0;1;0;POINT (13.32861 52.56242)
3;2019;4;17;2;2;5;3;0;0;1;0;0;0;0;0;POINT (13.4314 52.58058)
10;2019;4;17;4;3;6;4;0;0;1;1;0;0;0;0;POINT (13.60403 52.53969)
12;2019;3;16;7;3;3;6;0;0;1;0;0;0;0;0;POINT (13.31312 52.57494)
6;2019;4;11;2;2;6;4;0;0;1;1;0;0;0;0;POINT (13.23228 52.42693)
1;2019;4;16;7;3;2;1;0;0;1;0;1;0;0;0;POINT (13.39407 52.51507)
6;2019;4;22;2;2;6;2;2;0;1;1;0;0;0;0;POINT (13.33777 52.45113)
4;2019;3;16;7;2;2;6;0;0;1;0;0;0;0;0;POINT (13.33281 52.50405)
3;2019;3;1;7;3;6;4;2;0;1;1;0;0;0;0;POINT (13.43056 52.55685)
4;2019;4;9;2;3;1;5;0;1;1;0;0;0;1;0;POINT (13.32267 52.48824)
5;2019;4;18;5;3;5;2;1;1;1;0;0;0;0;0;POINT (13.27532 52.53578)
8;2019;3;0;7;3;3;6;2;0;1;0;0;0;0;0;POINT (13.42644 52.4769)
4;2019;4;17;2;3;1;5;0;1;1;0;0;0;0;0;POINT (13.31105 52.477)
5;2019;3;9;7;3;2;6;0;0;1;0;0;0;0;0;POINT (13.15793 52.5331)
5;2019;4;20;2;3;0;1;2;1;0;0;0;0;0;0;POINT (13.19667 52.53106)
8;2019;4;15;4;3;6;4;0;0;1;1;0;0;0;0;POINT (13.47468 52.46353)
5;2019;3;11;7;3;5;3;0;1;1;0;0;0;0;0;POINT (13.16952 52.51822)
1;2019;4;17;2;3;0;1;0;1;0;0;0;0;0;0;POINT (13.38923 52.52202)
2;2019;4;18;2;3;0;1;0;1;0;0;0;0;0;0;POINT (13.45387 52.51406)
10;2019;4;9;4;3;5;2;0;1;1;0;0;0;0;0;POINT (13.52165 52.52592)
4;2019;3;12;7;3;5;2;0;0;1;0;0;0;0;0;POINT (13.29639 52.52929)
3;2019;4;7;2;2;5;3;0;1;1;0;0;0;0;0;POINT (13.47951 52.61255)
7;2019;4;18;6;2;5;3;0;1;1;0;0;0;0;0;POINT (13.40809 52.45248)
7;2019;4;16;2;3;1;5;0;1;1;0;0;0;0;0;POINT (13.36598 52.49555)
1;2019;4;16;2;3;5;2;0;0;1;0;1;0;0;0;POINT (13.37083 52.5178)
1;2019;4;10;4;3;6;4;0;0;0;1;0;0;1;0;POINT (13.38844 52.51925)
5;2019;3;13;6;3;5;3;0;0;1;0;0;0;0;0;POINT (13.19545 52.53337)
9;2019;4;16;2;3;5;2;0;1;1;0;0;0;0;0;POINT (13.53522 52.4324)
1;2019;4;23;6;3;5;7;2;0;1;0;0;0;1;0;POINT (13.40959 52.52867)
7;2019;4;16;2;3;0;6;0;0;1;0;0;0;1;0;POINT (13.35971 52.41894)
3;2019;3;15;6;3;5;3;0;1;1;0;0;0;0;0;POINT (13.38163 52.62861)
7;2019;4;15;2;3;5;2;0;1;1;0;0;0;0;0;POINT (13.40994 52.45537)
12;2019;3;15;6;3;1;1;0;0;1;0;0;1;0;0;POINT (13.3427 52.56657)
11;2019;4;15;2;2;6;4;0;0;1;1;0;0;0;0;POINT (13.47696 52.52298)
1;2019;4;13;5;3;3;6;0;0;1;0;1;0;0;0;POINT (13.37728 52.52887)
4;2019;4;14;2;2;6;4;0;0;1;1;0;0;0;0;POINT (13.2992 52.52353)
4;2019;4;14;2;3;2;6;0;0;1;0;1;0;0;0;POINT (13.28471 52.51873)
3;2019;3;14;6;3;5;3;0;1;0;0;0;0;0;0;POINT (13.41344 52.54966)
8;2019;4;14;2;3;2;6;0;0;1;0;0;0;0;0;POINT (13.47081 52.46614)
7;2019;4;16;4;3;5;2;0;0;1;0;1;0;0;0;POINT (13.3879 52.45305)
7;2019;3;14;6;3;5;2;0;0;1;0;1;0;0;0;POINT (13.37702 52.48334)
12;2019;4;14;2;3;5;2;0;0;1;0;0;0;1;0;POINT (13.36291 52.56663)
11;2019;4;17;7;2;5;7;0;0;1;0;1;0;0;0;POINT (13.47369 52.52298)
1;2019;4;14;2;3;5;2;0;1;1;0;0;0;0;0;POINT (13.40977 52.52402)
2;2019;4;7;4;3;6;4;0;0;1;1;0;0;0;0;POINT (13.43026 52.52452)
3;2019;3;14;6;3;2;2;0;0;1;0;0;0;0;0;POINT (13.41958 52.59127)
2;2019;4;13;2;3;0;1;0;1;0;0;0;0;1;0;POINT (13.37739 52.48947)
4;2019;4;16;6;3;1;5;0;1;1;0;0;0;0;0;POINT (13.32303 52.49049)
12;2019;4;13;2;3;5;2;0;0;1;0;0;0;0;0;POINT (13.28083 52.59378)
7;2019;3;14;6;2;5;2;0;1;1;0;0;0;0;0;POINT (13.38885 52.39842)
3;2019;4;13;2;3;5;2;0;0;0;0;1;0;1;0;POINT (13.41981 52.5728)
6;2019;3;13;6;2;0;5;0;0;0;0;1;0;1;0;POINT (13.3545 52.42978)
7;2019;4;13;2;3;1;5;0;1;1;0;0;0;0;0;POINT (13.35553 52.49013)
2;2019;4;7;5;3;0;2;0;1;1;0;0;0;0;0;POINT (13.40931 52.50173)
11;2019;3;13;6;3;1;5;0;0;1;0;0;0;0;0;POINT (13.47953 52.52597)
11;2019;4;15;1;3;0;1;0;1;0;0;0;0;0;0;POINT (13.48865 52.5266)
3;2019;4;23;1;3;5;2;2;1;0;0;0;0;0;0;POINT (13.41102 52.53062)
8;2019;3;13;6;3;2;6;0;0;1;0;0;0;0;0;POINT (13.45592 52.43427)
3;2019;4;15;1;3;2;6;0;0;1;0;0;0;0;0;POINT (13.44449 52.61521)
12;2019;3;13;6;2;5;3;0;1;1;0;0;0;0;0;POINT (13.30661 52.55519)
3;2019;4;15;1;3;6;2;0;0;1;1;0;0;0;0;POINT (13.4117 52.5716)
10;2019;4;16;5;2;6;4;0;0;1;1;0;0;0;0;POINT (13.6043 52.53649)
10;2019;3;12;6;3;6;4;0;0;1;1;0;0;0;0;POINT (13.57739 52.56207)
5;2019;4;17;1;3;5;3;0;1;1;0;0;0;0;0;POINT (13.20895 52.5594)
7;2019;4;14;1;3;6;4;0;0;1;1;0;0;0;0;POINT (13.37828 52.47828)
12;2019;4;14;4;3;1;5;0;0;1;0;1;0;0;0;POINT (13.35963 52.57496)
2;2019;3;8;6;2;5;2;0;0;1;0;0;0;0;0;POINT (13.37658 52.48505)
1;2019;4;15;1;3;2;7;0;0;1;0;0;0;0;0;POINT (13.35691 52.52487)
3;2019;4;15;7;3;0;2;0;1;1;0;0;0;0;0;POINT (13.4286 52.58297)
8;2019;4;8;1;3;5;3;0;1;1;0;0;0;0;0;POINT (13.42687 52.48737)
12;2019;3;8;6;3;1;1;0;0;1;0;0;0;0;0;POINT (13.34191 52.60041)
7;2019;3;7;6;2;6;2;0;0;0;1;0;0;1;0;POINT (13.40013 52.4592)
4;2019;4;22;1;3;5;2;2;0;1;0;0;0;0;0;POINT (13.29676 52.54812)
6;2019;4;11;6;2;5;2;0;1;1;0;0;0;0;0;POINT (13.10924 52.41408)
3;2019;4;21;1;3;3;6;2;1;1;0;0;0;0;0;POINT (13.45902 52.55013)
3;2019;3;8;6;3;0;1;0;1;0;0;0;0;0;0;POINT (13.40785 52.54937)
8;2019;4;20;1;3;6;7;2;0;1;1;0;0;0;0;POINT (13.44469 52.44674)
5;2019;3;13;6;3;0;1;0;0;0;0;1;0;0;0;POINT (13.19781 52.51938)
2;2019;4;20;1;3;6;2;2;0;1;1;0;0;0;0;POINT (13.41813 52.49941)
4;2019;4;19;5;3;4;5;1;1;0;0;0;0;0;0;POINT (13.33561 52.49599)
7;2019;3;0;6;3;5;3;2;0;1;0;0;0;0;0;POINT (13.34627 52.50107)
2;2019;4;20;1;3;2;6;2;0;1;0;1;0;0;0;POINT (13.39625 52.49838)
8;2019;4;19;1;3;2;7;1;0;1;0;1;0;0;0;POINT (13.44534 52.48241)
5;2019;4;17;4;3;2;6;0;0;1;0;0;0;0;0;POINT (13.22215 52.54883)
2;2019;3;15;6;3;0;4;0;1;0;1;0;0;0;0;POINT (13.43143 52.49941)
1;2019;4;18;1;3;5;2;0;0;1;0;1;0;0;0;POINT (13.36584 52.52531)
4;2019;4;19;7;3;6;2;2;0;1;1;0;0;0;0;POINT (13.33079 52.48715)
11;2019;4;18;1;3;5;2;0;1;1;0;0;0;0;0;POINT (13.49167 52.53997)
11;2019;3;15;6;3;2;2;0;0;1;0;0;0;0;0;POINT (13.47615 52.53309)
9;2019;4;17;1;3;2;6;0;0;1;0;0;1;0;0;POINT (13.56203 52.43739)
12;2019;4;12;4;3;5;2;0;0;1;0;0;0;1;0;POINT (13.292 52.59059)
4;2019;4;16;1;3;2;6;0;0;1;0;0;0;0;0;POINT (13.294 52.50683)
9;2019;3;15;6;3;5;3;0;1;1;0;0;0;0;0;POINT (13.57388 52.44455)
2;2019;4;8;1;3;3;6;0;0;1;0;0;0;0;0;POINT (13.41941 52.48757)
3;2019;4;12;7;3;2;6;0;1;1;0;0;0;0;0;POINT (13.41609 52.545)
1;2019;4;8;1;3;5;3;0;1;1;0;0;0;0;0;POINT (13.37188 52.50908)
10;2019;3;15;6;3;5;2;0;0;1;0;0;0;0;0;POINT (13.59291 52.54844)
2;2019;3;16;6;3;5;7;0;0;1;0;0;0;0;0;POINT (13.42335 52.48672)
4;2019;4;8;1;3;5;2;0;1;0;0;1;0;0;0;POINT (13.33921 52.50313)
2;2019;4;14;6;3;0;3;0;0;1;0;1;0;0;0;POINT (13.4668 52.52016)
3;2019;4;8;1;3;2;6;0;0;1;0;0;0;0;0;POINT (13.43178 52.54403)
9;2019;3;16;6;3;2;6;0;0;1;0;0;0;1;0;POINT (13.50401 52.46089)
9;2019;4;7;1;3;2;6;0;0;1;0;0;0;0;0;POINT (13.69659 52.43671)
1;2019;3;20;6;3;6;2;2;0;1;1;0;0;0;0;POINT (13.34942 52.54234)
2;2019;4;7;1;3;6;7;0;1;0;1;0;0;0;0;POINT (13.45361 52.50809)
11;2019;4;14;5;3;0;7;0;0;1;0;0;0;0;0;POINT (13.4625 52.53006)
12;2019;3;21;6;3;5;3;2;0;1;0;0;0;0;0;POINT (13.34941 52.6039)
1;2019;4;8;1;3;2;6;0;1;1;0;0;0;0;0;POINT (13.38094 52.51637)
3;2019;4;9;1;3;5;3;0;0;1;0;0;0;0;0;POINT (13.42744 52.5524)
7;2019;4;17;4;2;0;7;0;1;0;0;0;0;0;0;POINT (13.37357 52.4246)
1;2019;3;21;6;3;1;5;2;1;1;0;0;0;0;0;POINT (13.34773 52.54361)
2;2019;4;10;1;3;5;3;0;0;1;0;0;0;0;0;POINT (13.43017 52.51029)
6;2019;4;18;6;3;6;4;0;0;1;1;0;0;0;0;POINT (13.31995 52.4188)
1;2019;4;10;1;3;5;3;0;0;1;0;0;0;0;0;POINT (13.37861 52.52868)
9;2019;3;14;6;3;2;6;0;1;1;0;1;0;0;0;POINT (13.45513 52.48814)
2;2019;3;21;6;3;0;7;2;1;0;0;0;0;0;0;POINT (13.4685 52.50698)
4;2019;4;10;1;3;5;3;0;0;1;0;0;0;0;0;POINT (13.26693 52.51414)
2;2019;4;14;5;3;5;2;0;0;1;0;0;0;0;0;POINT (13.40665 52.49843)
10;2019;4;11;1;3;2;6;0;0;1;0;0;0;0;0;POINT (13.51955 52.52782)
3;2019;3;20;6;3;0;1;2;1;0;0;0;0;0;0;POINT (13.41383 52.54242)
1;2019;4;12;1;3;2;6;0;0;1;0;1;0;0;0;POINT (13.36045 52.53714)
4;2019;4;22;5;2;2;6;2;0;1;0;0;0;0;0;POINT (13.29979 52.48743)
8;2019;4;13;1;3;6;7;0;0;1;1;0;0;0;0;POINT (13.43275 52.46808)
7;2019;3;11;6;3;5;3;0;0;1;0;0;0;1;0;POINT (13.36015 52.49046)
5;2019;4;12;1;3;5;3;0;0;1;0;0;0;0;0;POINT (13.18515 52.5342)
2;2019;3;23;5;3;5;7;2;1;1;0;0;0;0;0;POINT (13.44583 52.5019)
8;2019;4;12;1;3;2;2;0;0;1;0;0;0;1;0;POINT (13.42898 52.48662)
6;2019;4;11;4;3;5;2;0;0;1;0;0;0;0;0;POINT (13.31782 52.45794)
2;2019;3;9;5;3;1;7;0;0;1;0;0;0;0;0;POINT (13.41547 52.49007)
10;2019;4;15;1;3;5;3;0;1;1;0;0;0;0;0;POINT (13.54941 52.52355)
3;2019;4;15;1;3;1;5;0;1;1;0;0;0;0;0;POINT (13.42536 52.54434)
2;2019;4;10;4;3;2;6;0;0;1;0;1;0;0;0;POINT (13.44677 52.49849)
4;2019;3;13;5;3;5;2;0;1;0;0;0;0;1;0;POINT (13.28906 52.47067)
11;2019;4;15;1;3;5;3;0;1;1;0;0;0;0;0;POINT (13.52977 52.5698)
1;2019;4;19;6;3;5;3;1;0;1;0;0;0;0;0;POINT (13.34172 52.53486)
4;2019;4;15;1;3;1;5;0;1;1;0;0;0;0;0;POINT (13.29398 52.47572)
7;2019;3;12;5;3;2;2;0;0;1;0;0;0;0;0;POINT (13.37605 52.40912)
8;2019;4;16;1;3;1;5;0;1;1;0;0;0;0;0;POINT (13.43091 52.46918)
7;2019;3;12;5;3;5;3;0;1;1;0;0;0;0;0;POINT (13.33262 52.46887)
8;2019;4;11;5;3;5;3;0;0;1;0;0;0;1;0;POINT (13.428 52.49254)
4;2019;4;18;3;3;6;4;0;1;0;1;0;0;0;0;POINT (13.27967 52.51829)
2;2019;4;15;4;3;5;2;0;0;1;0;0;0;0;0;POINT (13.40659 52.49835)
1;2019;4;13;7;3;6;4;0;0;1;1;0;0;0;0;POINT (13.39215 52.55432)
5;2019;4;15;3;2;0;2;0;0;0;0;0;0;1;0;POINT (13.14432 52.45419)
10;2019;4;19;3;3;5;2;0;1;1;0;0;0;0;0;POINT (13.60296 52.48447)
4;2019;4;9;3;3;3;6;0;1;1;0;0;0;0;0;POINT (13.31289 52.50628)
1;2019;4;10;6;2;0;1;0;1;0;0;0;0;0;0;POINT (13.39768 52.5325)
5;2019;4;17;5;3;5;2;0;1;0;0;0;0;1;0;POINT (13.18881 52.54683)
2;2019;4;15;5;3;6;7;0;1;0;1;0;0;0;0;POINT (13.45049 52.50865)
8;2019;4;16;5;3;2;6;0;0;1;0;0;0;0;0;POINT (13.43542 52.47871)
9;2019;4;13;5;3;0;7;0;1;0;0;0;0;0;0;POINT (13.57762 52.44377)
4;2019;4;14;5;3;2;6;0;0;1;0;0;0;0;0;POINT (13.28683 52.51882)
5;2019;4;11;5;3;5;3;0;1;1;0;0;0;0;0;POINT (13.16148 52.54612)
9;2019;4;10;5;2;0;6;0;0;1;0;1;0;0;0;POINT (13.59535 52.453)
7;2019;4;8;5;3;9;1;0;0;1;0;0;0;0;0;POINT (13.37025 52.45163)
4;2019;4;9;5;3;5;7;0;0;1;0;0;0;0;0;POINT (13.30123 52.51907)
4;2019;4;12;5;3;3;6;0;0;1;0;1;0;0;0;POINT (13.3225 52.51365)
5;2019;4;14;5;3;2;2;0;0;1;0;0;0;0;0;POINT (13.2327 52.53945)
4;2019;4;14;5;3;0;1;0;1;0;0;0;0;0;0;POINT (13.30989 52.46774)
4;2019;4;11;5;3;0;1;0;0;0;0;1;0;0;0;POINT (13.23145 52.50986)
1;2019;4;16;5;3;6;2;0;1;0;1;0;0;0;0;POINT (13.40697 52.51852)
4;2019;4;16;5;2;5;3;0;0;1;0;0;0;0;0;POINT (13.27277 52.51949)
7;2019;4;14;3;2;5;3;0;1;1;0;0;0;0;0;POINT (13.3858 52.47156)
7;2019;4;17;5;3;3;2;0;1;0;0;0;0;1;0;POINT (13.35572 52.45735)
3;2019;4;17;5;2;1;5;0;1;1;0;0;0;0;0;POINT (13.45212 52.53947)
12;2019;4;18;5;3;2;6;0;0;1;0;0;0;0;0;POINT (13.29569 52.54947)
4;2019;4;20;5;3;2;6;2;0;1;0;0;0;0;0;POINT (13.33827 52.50343)
8;2019;4;17;5;3;5;7;0;0;1;0;0;0;0;0;POINT (13.44015 52.4816)
4;2019;4;18;5;3;0;1;0;1;0;0;0;0;0;0;POINT (13.2798 52.50627)
12;2019;4;15;4;3;0;1;0;1;0;0;0;0;0;0;POINT (13.28814 52.58489)
8;2019;4;19;4;3;6;4;0;1;0;1;0;0;0;0;POINT (13.42743 52.47472)
1;2019;4;16;4;3;0;2;0;1;1;0;0;0;0;0;POINT (13.35153 52.50952)
2;2019;4;20;4;3;6;4;2;0;0;1;1;0;0;0;POINT (13.4172 52.499)
9;2019;4;14;4;3;2;2;0;1;0;0;0;0;1;0;POINT (13.65374 52.4167)
12;2019;4;20;4;3;1;5;1;0;1;0;1;0;0;0;POINT (13.32542 52.58947)
11;2019;4;20;4;3;1;5;1;0;1;0;1;0;0;0;POINT (13.51908 52.49456)
9;2019;4;14;4;3;5;5;0;1;1;0;0;0;0;0;POINT (13.56513 52.45638)
10;2019;4;5;4;3;5;7;0;0;1;0;1;0;0;0;POINT (13.62284 52.53972)
4;2019;4;20;4;2;5;7;0;0;1;0;1;0;0;0;POINT (13.33157 52.50524)
6;2019;4;19;4;3;5;3;1;1;1;0;0;0;0;0;POINT (13.33658 52.46315)
10;2019;4;12;4;3;5;2;0;0;1;0;0;0;0;0;POINT (13.53823 52.55434)
8;2019;4;12;4;3;6;4;0;0;1;1;0;0;0;0;POINT (13.44915 52.43697)
1;2019;4;11;4;3;6;7;0;0;0;1;0;0;1;0;POINT (13.38367 52.55522)
2;2019;4;19;4;3;5;3;0;1;1;0;0;0;0;0;POINT (13.42216 52.49918)
6;2019;4;19;4;3;2;6;1;0;1;0;0;0;0;0;POINT (13.31092 52.42104)
2;2019;4;18;4;3;6;2;0;0;1;1;0;0;0;0;POINT (13.45062 52.52238)
4;2019;4;18;4;3;5;3;0;1;1;0;0;0;0;0;POINT (13.33278 52.47973)
2;2019;4;18;4;3;5;2;0;1;1;0;0;0;0;0;POINT (13.45075 52.52713)
1;2019;4;10;4;3;4;6;0;1;0;0;0;0;1;0;POINT (13.39827 52.52355)
12;2019;4;8;4;3;5;2;0;1;1;0;0;0;0;0;POINT (13.3537 52.59656)
1;2019;4;7;4;3;1;5;0;1;1;0;0;0;0;0;POINT (13.34951 52.5244)
5;2019;4;5;4;3;2;7;0;0;0;0;1;0;1;0;POINT (13.20108 52.53848)
12;2019;4;12;4;3;5;2;0;0;1;0;0;0;0;0;POINT (13.35914 52.57425)
5;2019;4;12;4;3;2;6;0;0;1;0;0;0;0;0;POINT (13.22722 52.53766)
1;2019;4;11;4;3;0;1;0;1;0;0;0;0;0;0;POINT (13.38264 52.53047)
6;2019;4;4;4;3;1;1;2;1;1;0;0;0;0;0;POINT (13.31216 52.44852)
3;2019;4;17;4;3;5;2;0;0;1;0;1;0;0;0;POINT (13.44436 52.56523)
1;2019;4;17;4;3;2;6;0;0;1;0;0;0;0;0;POINT (13.38154 52.55217)
1;2019;4;16;4;3;0;6;0;0;1;0;0;0;1;0;POINT (13.35158 52.50518)
9;2019;4;16;4;3;5;2;0;1;1;0;0;0;0;0;POINT (13.45419 52.49396)
1;2019;4;15;4;3;5;3;0;1;1;0;0;0;0;0;POINT (13.3793 52.50703)
4;2019;4;15;4;3;2;2;0;0;1;0;0;0;1;0;POINT (13.32366 52.4936)
5;2019;4;15;4;3;2;6;0;0;1;0;0;0;0;0;POINT (13.2078 52.5547)
4;2019;4;15;4;3;5;7;0;0;1;0;0;0;0;0;POINT (13.32036 52.4837)
5;2019;4;14;4;3;5;3;0;0;1;0;0;0;0;0;POINT (13.16945 52.52694)
7;2019;4;14;4;3;5;2;0;0;1;0;0;0;0;0;POINT (13.40403 52.46347)
10;2019;4;17;3;3;2;3;0;1;1;0;0;0;0;0;POINT (13.56562 52.52918)
6;2019;4;17;3;3;1;1;0;1;1;0;0;0;0;0;POINT (13.30072 52.46125)
1;2019;4;9;3;3;3;6;0;0;1;0;0;1;0;0;POINT (13.37532 52.55644)
1;2019;4;12;3;3;6;7;0;0;1;1;0;0;0;0;POINT (13.39859 52.52544)
1;2019;4;19;3;3;0;1;0;0;1;0;1;0;0;0;POINT (13.39136 52.55546)
1;2019;4;23;3;3;1;5;2;1;1;0;0;0;0;0;POINT (13.39021 52.5318)
6;2019;4;23;3;3;8;1;2;0;1;0;0;0;0;0;POINT (13.31484 52.4306)
3;2019;4;22;3;3;5;3;2;0;1;0;0;0;0;0;POINT (13.36995 52.58934)
6;2019;4;22;3;3;0;1;2;1;0;0;0;0;0;0;POINT (13.16113 52.43386)
5;2019;4;22;3;2;5;3;2;0;1;0;0;0;1;0;POINT (13.13002 52.54072)
12;2019;4;20;3;3;6;7;1;0;1;1;0;0;0;0;POINT (13.356 52.59764)
4;2019;4;20;3;3;3;2;2;0;0;0;1;1;0;0;POINT (13.27908 52.50362)
5;2019;4;18;3;3;2;6;0;0;1;0;0;0;0;0;POINT (13.20943 52.53841)
1;2019;4;11;3;3;1;7;0;1;1;0;0;0;0;0;POINT (13.35125 52.54899)
9;2019;4;10;3;3;5;3;0;1;1;0;0;0;0;0;POINT (13.56603 52.44505)
7;2019;4;10;3;3;5;2;0;0;1;0;0;0;0;0;POINT (13.40106 52.41457)
3;2019;4;10;3;3;3;6;0;1;1;0;0;0;0;0;POINT (13.41852 52.52853)
4;2019;4;17;3;3;6;7;0;1;0;0;0;0;1;0;POINT (13.33382 52.50442)
5;2019;4;9;3;3;2;6;0;0;1;0;0;0;1;0;POINT (13.24805 52.53644)
9;2019;4;9;3;3;5;3;0;1;1;0;0;0;0;0;POINT (13.4925 52.46999)
2;2019;4;9;3;3;6;4;0;1;0;1;0;0;0;0;POINT (13.4203 52.4967)
2;2019;4;9;3;3;3;6;0;1;0;0;1;0;0;0;POINT (13.45788 52.51275)
5;2019;4;8;3;3;2;6;0;0;1;0;0;0;0;0;POINT (13.1834 52.53281)
3;2019;4;8;3;3;5;3;0;0;1;0;0;0;1;0;POINT (13.45858 52.55777)
5;2019;4;16;3;3;6;7;0;0;1;1;0;0;0;0;POINT (13.21495 52.56069)
3;2019;4;7;3;3;0;3;0;0;1;0;1;0;0;0;POINT (13.39838 52.59245)
1;2019;4;12;3;3;5;3;0;1;1;0;0;0;0;0;POINT (13.37001 52.55292)
11;2019;4;9;3;2;5;3;0;0;1;0;1;0;0;0;POINT (13.49332 52.51448)
3;2019;4;13;3;3;8;1;0;0;1;0;0;0;0;0;POINT (13.38663 52.59014)
1;2019;4;13;3;3;6;4;0;1;0;1;0;0;0;0;POINT (13.34959 52.549)
11;2019;4;14;3;3;2;2;0;1;1;0;0;0;0;0;POINT (13.51903 52.57737)
10;2019;4;14;3;3;5;3;0;0;1;0;0;1;0;0;POINT (13.59098 52.48306)
9;2019;4;15;3;3;4;6;0;0;1;0;0;1;0;0;POINT (13.68866 52.42535)
7;2019;4;15;3;3;2;6;0;0;1;0;0;0;0;0;POINT (13.38136 52.48276)
4;2019;4;15;3;3;5;3;0;0;1;0;1;0;0;0;POINT (13.3065 52.4928)
1;2019;4;15;3;3;5;2;0;1;1;0;0;0;0;0;POINT (13.39373 52.52861)
5;2019;4;15;3;3;1;5;0;0;1;0;1;0;0;0;POINT (13.24078 52.53893)
5;2019;4;16;3;2;2;1;0;0;1;0;1;0;0;0;POINT (13.15694 52.55273)
2;2019;4;16;3;3;0;5;0;1;1;0;0;0;0;0;POINT (13.46845 52.50252)
3;2019;4;16;3;3;6;4;0;1;0;1;0;0;0;0;POINT (13.40957 52.53841)
9;2019;4;16;3;3;2;6;0;0;0;0;1;0;1;0;POINT (13.58005 52.45554)
8;2019;4;16;3;2;2;1;0;0;1;0;0;0;0;0;POINT (13.4346 52.45102)
3;2019;4;16;3;3;0;1;0;1;0;0;0;0;0;0;POINT (13.44387 52.55073)
5;2019;4;11;3;2;0;7;0;0;1;0;0;0;0;0;POINT (13.18861 52.52158)
2;2019;4;16;2;3;0;5;0;0;1;0;1;0;0;0;POINT (13.39981 52.49867)
2;2019;4;15;2;3;5;2;0;1;1;0;0;0;0;0;POINT (13.45084 52.52736)
2;2019;4;18;2;3;5;3;0;0;1;0;0;0;0;0;POINT (13.46686 52.51271)
9;2019;4;11;2;3;5;3;0;1;0;0;0;0;1;0;POINT (13.57769 52.44425)
2;2019;4;9;2;3;5;2;0;1;1;0;0;0;0;0;POINT (13.38759 52.49306)
2;2019;4;10;2;3;2;6;0;1;1;0;0;0;0;0;POINT (13.41935 52.49003)
1;2019;4;9;2;3;5;2;0;1;1;0;0;0;0;0;POINT (13.38709 52.52712)
1;2019;4;8;2;3;6;6;0;1;0;1;0;0;0;0;POINT (13.39186 52.5498)
1;2019;4;17;2;3;0;7;0;0;0;0;1;0;0;0;POINT (13.38604 52.51969)
12;2019;4;20;2;3;2;6;2;0;1;0;0;0;0;0;POINT (13.32205 52.56059)
11;2019;4;19;2;3;5;2;1;1;1;0;0;0;0;0;POINT (13.51966 52.50584)
2;2019;4;10;2;3;6;4;0;1;0;1;0;0;0;0;POINT (13.42363 52.49052)
12;2019;4;18;2;3;3;6;0;0;1;0;0;0;0;0;POINT (13.3329 52.57778)
5;2019;4;7;2;3;2;6;0;0;1;0;0;0;0;0;POINT (13.20941 52.53841)
10;2019;4;18;2;3;4;5;0;0;1;0;1;0;0;0;POINT (13.60201 52.53849)
8;2019;4;18;2;3;5;3;0;1;1;0;0;0;0;0;POINT (13.42411 52.47732)
2;2019;4;6;2;3;5;3;0;0;0;0;1;0;1;0;POINT (13.44789 52.51956)
7;2019;4;18;2;3;2;6;0;0;1;0;0;0;0;0;POINT (13.32848 52.47098)
7;2019;4;9;2;3;5;2;0;1;1;0;0;0;0;0;POINT (13.34373 52.50155)
2;2019;4;8;2;3;2;6;0;0;1;0;0;0;0;0;POINT (13.38791 52.5029)
3;2019;4;3;2;2;5;2;2;0;1;0;1;0;0;0;POINT (13.45582 52.53081)
12;2019;4;9;2;3;0;2;0;0;1;0;0;0;1;0;POINT (13.35492 52.59663)
2;2019;4;22;2;3;0;6;2;0;1;0;1;0;0;0;POINT (13.42207 52.49595)
8;2019;4;21;2;3;5;2;2;1;1;0;0;0;0;0;POINT (13.42719 52.47522)
7;2019;4;17;2;3;1;5;0;1;1;0;0;0;0;0;POINT (13.32149 52.47034)
9;2019;4;16;2;3;3;6;0;0;1;0;1;0;0;0;POINT (13.50916 52.453)
4;2019;4;16;2;3;1;5;0;1;1;0;0;0;0;0;POINT (13.33555 52.49805)
7;2019;4;15;2;2;4;6;0;0;1;0;0;0;0;0;POINT (13.4052 52.43946)
6;2019;4;14;2;3;3;6;0;0;1;0;0;1;0;0;POINT (13.35979 52.44647)
9;2019;4;11;2;3;6;2;0;0;1;1;0;0;0;0;POINT (13.5593 52.44671)
5;2019;4;11;2;3;2;6;0;0;1;0;0;0;0;0;POINT (13.17742 52.52534)
2;2019;4;23;2;3;0;1;2;0;0;0;1;0;0;0;POINT (13.44198 52.49397)
8;2019;4;14;1;3;1;5;0;1;0;0;0;0;1;0;POINT (13.4259 52.48772)
1;2019;4;13;3;2;6;4;0;0;1;1;0;0;0;0;POINT (13.36908 52.52649)
4;2019;4;8;3;3;2;6;0;0;1;0;0;0;0;0;POINT (13.32347 52.51585)
11;2019;4;15;1;3;6;7;0;0;0;1;0;0;1;0;POINT (13.47974 52.52444)
1;2019;4;6;1;3;5;3;0;1;1;0;0;0;0;0;POINT (13.41789 52.50657)
10;2019;4;5;1;3;5;3;1;1;1;0;0;0;0;0;POINT (13.5606 52.48761)
2;2019;4;17;1;3;1;5;0;1;0;0;0;0;1;0;POINT (13.39064 52.48956)