bez;ujahr;umonat;ustunde;uwochentag;ukategorie;uart;utyp1;ulichtverh;istrad;istpkw;istfuss;istkrad;istgkfz;istsonstige;ustrzustand;geometry
4;2019;4;18;1;3;5;2;0;0;1;0;1;0;0;0;POINT (13.33536 52.49926)
2;2019;4;19;1;3;2;6;0;1;1;0;0;0;0;0;POINT (13.39548 52.4962)
9;2019;4;19;1;3;6;2;0;0;1;1;0;0;0;0;POINT (13.49143 52.4692)
3;2019;4;18;1;3;5;3;0;1;1;0;0;0;0;0;POINT (13.38978 52.57429)
8;2019;4;18;1;2;6;4;0;0;1;1;0;0;0;0;POINT (13.4489 52.41941)
8;2019;4;16;1;3;5;2;0;1;1;0;0;0;0;0;POINT (13.45313 52.45271)
8;2019;4;16;1;3;0;5;0;0;1;0;1;0;0;0;POINT (13.4315 52.46856)
2;2019;4;9;3;3;3;6;0;1;0;0;0;1;0;0;POINT (13.44193 52.50109)
8;2019;4;14;1;3;5;3;0;1;1;0;0;0;0;0;POINT (13.4349 52.42876)
7;2019;4;16;1;3;5;3;0;0;1;0;0;0;0;0;POINT (13.32416 52.47358)
5;2019;4;15;1;3;2;6;0;0;1;0;0;0;0;0;POINT (13.22216 52.55578)
1;2019;4;15;1;3;5;2;0;0;1;0;1;0;0;0;POINT (13.40529 52.51434)
10;2019;4;15;1;2;6;4;0;0;0;1;0;0;1;0;POINT (13.54038 52.52574)
5;2019;4;14;1;3;2;6;0;0;1;0;0;0;0;0;POINT (13.20775 52.52859)
9;2019;4;13;1;3;5;3;0;0;1;0;0;0;0;0;POINT (13.65439 52.41092)
7;2019;4;12;1;3;3;6;0;0;1;0;0;0;0;0;POINT (13.40557 52.43943)
9;2019;4;8;1;3;5;2;0;1;1;0;0;0;0;0;POINT (13.58247 52.44272)
2;2019;4;9;1;3;5;3;0;1;1;0;0;0;0;0;POINT (13.39018 52.50449)
8;2019;4;9;1;3;2;6;0;0;1;0;0;0;0;0;POINT (13.50614 52.41852)
9;2019;4;11;1;3;5;3;0;1;1;0;0;0;0;0;POINT (13.57446 52.44874)
8;2019;4;10;1;3;5;3;0;1;1;0;0;0;0;0;POINT (13.45874 52.44023)
7;2019;4;10;1;3;5;2;0;1;1;0;0;0;0;0;POINT (13.37736 52.48211)
2;2019;4;11;1;3;1;5;0;0;1;0;1;0;0;0;POINT (13.39392 52.48973)
2;2019;4;11;1;3;0;3;0;0;1;0;0;0;1;0;POINT (13.43514 52.49402)
9;2019;4;12;1;3;2;6;0;0;1;0;0;0;0;0;POINT (13.52614 52.42376)
1;2019;4;12;1;3;0;1;0;1;0;0;0;0;0;0;POINT (13.39878 52.53259)
7;2019;4;12;7;3;2;7;0;0;1;0;0;0;0;1;POINT (13.36113 52.4959)
6;2019;4;11;7;3;5;3;0;0;1;0;0;0;0;1;POINT (13.27173 52.42729)
4;2019;4;11;7;3;5;3;0;0;1;0;0;0;0;1;POINT (13.27552 52.48276)
3;2019;4;11;7;3;5;3;0;0;1;0;0;0;0;1;POINT (13.47397 52.60983)
9;2019;4;9;7;3;5;3;0;0;1;0;0;0;0;1;POINT (13.45429 52.49595)
10;2019;4;5;7;3;1;5;1;0;1;0;0;0;1;1;POINT (13.59185 52.54556)
9;2019;4;16;7;2;5;2;0;0;1;0;0;0;0;0;POINT (13.59662 52.43699)
4;2019;4;16;7;2;5;2;0;0;1;0;1;0;0;0;POINT (13.30292 52.5055)
5;2019;4;20;7;3;1;5;2;1;1;0;0;0;0;0;POINT (13.1991 52.56209)
6;2019;4;22;7;3;5;3;2;0;1;0;1;0;0;0;POINT (13.22953 52.4338)
6;2019;4;10;6;3;3;6;0;0;1;0;0;0;0;0;POINT (13.30984 52.43135)
8;2019;4;15;6;3;3;6;0;0;1;0;0;0;0;0;POINT (13.42785 52.48702)
4;2019;4;18;6;3;1;5;0;1;1;0;0;0;0;0;POINT (13.33735 52.50129)
1;2019;4;22;6;2;5;2;2;1;1;0;0;0;0;0;POINT (13.34636 52.52495)
1;2019;4;19;6;3;5;2;0;1;1;0;0;0;0;0;POINT (13.40793 52.52688)
3;2019;4;18;6;3;5;3;0;0;1;0;0;0;0;0;POINT (13.42663 52.54291)
8;2019;4;18;6;3;5;3;0;0;1;0;0;0;0;0;POINT (13.43344 52.46405)
7;2019;4;16;6;3;6;4;0;0;1;1;0;0;0;0;POINT (13.34004 52.47552)
6;2019;4;14;6;3;1;5;0;1;1;0;0;0;0;0;POINT (13.33664 52.45119)
11;2019;4;13;6;3;2;6;0;0;1;0;0;0;0;0;POINT (13.51461 52.5353)
4;2019;4;12;6;2;6;4;0;0;1;1;0;0;0;0;POINT (13.33823 52.5021)
10;2019;4;12;6;3;2;4;0;0;1;1;0;0;0;0;POINT (13.60422 52.53884)
3;2019;4;11;6;3;5;3;0;1;1;0;0;0;0;0;POINT (13.49641 52.6348)
1;2019;4;10;6;2;6;4;0;0;1;1;0;0;0;0;POINT (13.37028 52.52661)
1;2019;4;0;6;3;4;6;2;0;1;0;0;0;0;0;POINT (13.36367 52.52861)
7;2019;4;10;5;3;6;4;0;0;1;1;0;0;0;0;POINT (13.32639 52.47642)
7;2019;4;14;5;3;5;5;0;0;1;0;0;0;0;0;POINT (13.37763 52.45286)
4;2019;4;14;5;3;5;2;0;0;1;0;1;0;0;0;POINT (13.29535 52.53961)
5;2019;4;11;3;3;0;2;0;0;1;0;0;0;1;0;POINT (13.20067 52.53871)
12;2019;4;14;5;2;5;3;0;0;1;0;1;0;0;0;POINT (13.30556 52.58204)
12;2019;4;13;5;3;1;5;0;0;1;0;0;0;1;0;POINT (13.33153 52.56211)
8;2019;4;11;5;3;5;3;0;1;1;0;0;0;0;0;POINT (13.43523 52.43932)
1;2019;4;11;5;3;5;3;0;1;1;0;0;0;0;0;POINT (13.38383 52.55501)
11;2019;4;10;5;3;5;2;0;1;1;0;0;0;0;0;POINT (13.47789 52.51462)
4;2019;4;9;5;3;3;6;0;0;1;0;0;0;1;0;POINT (13.27715 52.50738)
3;2019;4;8;5;3;1;5;0;1;1;0;0;0;0;0;POINT (13.42212 52.56018)
1;2019;4;8;5;3;3;6;0;1;0;0;0;1;0;0;POINT (13.38615 52.51544)
1;2019;4;12;5;3;2;1;0;0;1;0;1;0;0;0;POINT (13.36049 52.50039)
8;2019;4;7;5;3;5;3;0;1;1;0;0;0;0;0;POINT (13.49494 52.41265)
2;2019;4;13;5;3;2;6;0;0;1;0;0;0;1;0;POINT (13.3893 52.49246)
12;2019;4;10;5;3;5;2;0;0;1;0;0;0;1;0;POINT (13.33409 52.5956)
1;2019;4;8;5;3;5;3;0;1;1;0;0;0;0;0;POINT (13.38906 52.51558)
9;2019;4;8;5;2;6;4;0;0;1;1;0;0;0;0;POINT (13.58178 52.44269)
9;2019;4;23;5;3;1;5;2;0;1;0;0;0;0;0;POINT (13.54226 52.4177)
8;2019;4;21;5;3;5;3;2;0;1;0;0;0;0;0;POINT (13.44828 52.42738)
2;2019;4;19;5;3;5;7;1;0;1;0;0;0;0;0;POINT (13.41924 52.49006)
5;2019;4;17;5;2;6;4;0;0;1;1;0;0;0;0;POINT (13.19896 52.53487)
1;2019;4;17;5;3;0;1;0;0;1;0;0;0;0;0;POINT (13.35191 52.5078)
6;2019;4;17;5;3;5;3;0;1;1;0;0;0;0;0;POINT (13.24483 52.42586)
3;2019;4;6;5;3;5;3;0;0;1;0;0;0;0;0;POINT (13.46117 52.56269)
5;2019;4;3;5;2;8;1;2;0;1;0;0;0;1;0;POINT (13.14486 52.45492)
9;2019;4;9;4;3;5;3;0;1;1;0;0;0;0;0;POINT (13.47856 52.4716)
4;2019;4;9;4;3;6;2;0;0;1;1;0;0;0;0;POINT (13.30519 52.49678)
1;2019;4;19;4;2;6;4;1;0;1;1;0;0;0;0;POINT (13.35766 52.54109)
4;2019;4;14;4;3;2;6;0;0;1;0;0;1;0;0;POINT (13.27928 52.52432)
2;2019;4;19;4;3;5;2;0;1;1;0;0;0;0;0;POINT (13.43767 52.50035)
6;2019;4;14;4;3;5;2;0;1;0;0;1;0;0;0;POINT (13.26513 52.44217)
6;2019;4;14;4;3;5;3;0;1;1;0;0;0;0;0;POINT (13.33422 52.41747)
1;2019;4;17;4;3;0;1;1;1;0;0;0;0;0;0;POINT (13.33099 52.52396)
1;2019;4;13;4;3;5;3;0;1;1;0;0;0;0;0;POINT (13.41146 52.51282)
6;2019;4;17;4;3;5;3;0;0;1;0;1;0;1;0;POINT (13.33887 52.44901)
12;2019;4;12;4;3;5;2;0;0;1;0;0;0;1;0;POINT (13.31542 52.57793)
9;2019;4;12;4;3;5;2;0;1;1;0;0;0;0;0;POINT (13.58659 52.44095)
10;2019;4;11;4;3;2;6;0;0;1;0;0;0;0;0;POINT (13.51796 52.53553)
1;2019;4;10;4;3;5;2;0;1;1;0;0;0;0;0;POINT (13.38418 52.55604)
7;2019;4;17;4;3;0;2;0;0;1;0;0;0;1;0;POINT (13.37611 52.45872)
1;2019;4;10;4;3;6;4;0;0;1;1;0;0;0;0;POINT (13.3836 52.53669)
12;2019;4;9;4;3;6;4;0;0;1;1;0;0;0;0;POINT (13.28888 52.58279)
1;2019;4;9;4;3;3;6;0;1;1;0;0;0;0;0;POINT (13.40167 52.52896)
6;2019;4;8;4;3;5;2;0;1;1;0;0;0;0;0;POINT (13.35071 52.42809)
3;2019;4;8;4;3;2;6;0;0;1;0;0;0;1;0;POINT (13.43158 52.54392)
1;2019;4;7;4;3;5;3;0;1;1;0;0;0;0;0;POINT (13.3575 52.52441)
4;2019;4;7;4;3;5;3;0;0;0;0;1;1;0;0;POINT (13.29002 52.48229)
1;2019;4;7;4;2;0;1;0;0;0;0;1;0;0;1;POINT (13.40133 52.52963)
7;2019;4;20;3;3;5;2;2;1;1;0;0;0;0;0;POINT (13.38544 52.4661)
1;2019;4;9;3;2;1;5;0;1;1;0;0;0;0;0;POINT (13.37734 52.5108)
7;2019;4;9;4;3;0;1;0;0;0;0;1;0;0;0;POINT (13.41061 52.43899)
1;2019;4;16;4;2;6;4;0;0;1;1;0;0;0;0;POINT (13.41648 52.52183)
7;2019;4;16;4;3;2;6;0;0;1;0;0;0;0;0;POINT (13.39791 52.39598)
11;2019;4;15;4;3;5;2;0;0;1;0;0;0;1;0;POINT (13.46817 52.54536)
2;2019;4;18;4;3;5;3;0;0;1;0;0;0;1;0;POINT (13.37671 52.48947)
9;2019;4;16;3;3;5;2;0;1;1;0;0;0;0;0;POINT (13.50967 52.47287)
12;2019;4;16;3;3;5;2;0;1;1;0;0;0;0;0;POINT (13.24406 52.61508)
9;2019;4;17;3;3;5;3;0;1;1;0;0;0;0;0;POINT (13.61858 52.45552)
7;2019;4;18;3;3;5;2;1;1;1;0;0;0;0;0;POINT (13.4236 52.39265)
9;2019;4;13;3;3;1;5;0;0;1;0;0;0;0;0;POINT (13.5029 52.43649)
11;2019;4;13;3;3;6;4;0;0;1;1;0;0;0;0;POINT (13.47621 52.51271)
4;2019;4;12;3;3;5;2;0;1;0;0;0;0;1;0;POINT (13.30663 52.52887)
2;2019;4;12;3;3;2;6;0;0;1;0;0;0;0;0;POINT (13.44621 52.52605)
6;2019;4;11;3;3;6;4;0;0;0;1;0;0;1;0;POINT (13.34273 52.44717)
3;2019;4;20;3;3;0;6;2;1;1;0;0;0;0;0;POINT (13.41005 52.53887)
8;2019;4;9;3;3;2;7;0;0;0;0;1;0;1;0;POINT (13.43444 52.46673)
9;2019;4;9;2;3;6;7;0;0;1;1;0;0;0;0;POINT (13.57826 52.45949)
3;2019;4;9;2;3;6;2;0;0;1;1;0;0;0;0;POINT (13.4382 52.54636)
4;2019;4;14;2;3;0;3;0;1;0;0;1;0;0;0;POINT (13.32209 52.51182)
1;2019;4;9;2;3;2;6;0;0;1;0;0;0;1;0;POINT (13.3344 52.54141)
5;2019;4;6;2;2;5;2;0;1;0;0;0;0;1;0;POINT (13.22627 52.53753)
4;2019;4;14;1;3;6;4;0;1;0;1;0;0;0;0;POINT (13.32615 52.47989)
1;2019;4;8;2;2;5;3;0;1;1;0;0;0;0;0;POINT (13.37359 52.5114)
6;2019;4;8;2;3;5;3;0;1;1;0;0;0;0;0;POINT (13.30393 52.46032)
4;2019;4;8;2;3;0;2;0;1;1;0;0;0;0;0;POINT (13.31389 52.48746)
6;2019;4;8;2;3;5;3;0;1;1;0;0;0;0;0;POINT (13.29387 52.44388)
1;2019;4;8;2;3;5;3;0;1;1;0;0;0;0;0;POINT (13.37921 52.52259)
3;2019;4;7;2;3;2;6;0;0;1;0;0;1;0;0;POINT (13.42915 52.60832)
11;2019;4;7;2;3;5;7;0;1;1;0;0;0;0;0;POINT (13.49947 52.5216)
7;2019;4;16;2;2;5;2;0;1;1;0;0;0;0;0;POINT (13.37226 52.45559)
9;2019;4;16;2;2;5;3;0;1;1;0;0;0;0;0;POINT (13.50706 52.46315)
1;2019;4;17;2;3;5;3;0;1;1;0;0;0;0;0;POINT (13.38626 52.54959)
10;2019;4;17;2;3;2;2;0;1;1;0;0;0;0;0;POINT (13.5628 52.51421)
7;2019;4;17;2;3;2;6;0;0;1;0;0;0;0;0;POINT (13.35836 52.413)
2;2019;4;18;2;2;5;2;0;1;0;0;0;0;1;0;POINT (13.44061 52.51702)
2;2019;4;18;2;3;5;2;0;1;0;0;0;0;1;0;POINT (13.43954 52.52389)
6;2019;4;18;2;3;5;2;0;0;1;0;1;0;0;0;POINT (13.35584 52.43374)
1;2019;4;19;2;3;6;4;0;0;1;1;0;0;0;0;POINT (13.34087 52.52561)
5;2019;4;7;2;3;2;6;0;0;1;0;0;0;0;0;POINT (13.2082 52.54539)
12;2019;4;7;2;3;5;3;0;1;1;0;0;0;0;0;POINT (13.3214 52.59362)
4;2019;4;19;2;2;5;3;1;1;1;0;0;0;0;0;POINT (13.28425 52.48528)
7;2019;4;19;2;3;5;3;1;0;1;0;1;0;0;0;POINT (13.37925 52.47252)
2;2019;4;19;2;3;5;2;0;1;1;0;0;0;0;0;POINT (13.38974 52.49591)
2;2019;4;12;2;3;0;1;0;0;0;0;1;0;0;0;POINT (13.40029 52.49028)
5;2019;4;15;2;3;2;6;0;0;1;0;0;0;0;0;POINT (13.19686 52.53107)
1;2019;4;17;2;3;2;6;0;1;0;0;0;0;0;0;POINT (13.39773 52.52791)
6;2019;4;15;1;3;3;2;0;0;1;0;0;0;0;0;POINT (13.35491 52.44891)
6;2019;4;6;1;3;0;2;0;1;1;0;0;0;0;1;POINT (13.25125 52.41554)
3;2019;4;21;1;3;5;3;2;1;0;0;0;0;1;0;POINT (13.44487 52.53912)
10;2019;4;20;1;2;6;4;2;0;1;1;0;0;0;0;POINT (13.57749 52.54758)
4;2019;4;8;1;3;2;6;0;0;1;0;0;0;0;1;POINT (13.29327 52.51935)
2;2019;4;18;1;2;6;4;0;0;1;1;0;0;0;0;POINT (13.39987 52.49842)
9;2019;4;18;1;2;5;3;0;1;1;0;0;0;0;0;POINT (13.65586 52.36793)
3;2019;4;17;1;3;5;7;0;1;1;0;0;0;0;0;POINT (13.36325 52.58515)
11;2019;4;17;1;3;5;2;0;1;1;0;0;0;0;0;POINT (13.47817 52.50671)
9;2019;4;16;1;3;0;4;0;0;0;1;0;0;1;0;POINT (13.48858 52.45128)
3;2019;4;16;1;3;1;5;0;1;1;0;0;0;0;0;POINT (13.46055 52.54617)
5;2019;4;16;1;3;3;6;0;0;1;0;0;1;0;0;POINT (13.20221 52.53988)
1;2019;4;6;1;3;2;6;1;0;1;0;0;0;0;1;POINT (13.34991 52.50283)
8;2019;4;7;1;3;5;3;0;0;1;0;0;0;0;1;POINT (13.47262 52.46113)
7;2019;4;7;1;3;0;7;0;0;1;0;1;0;0;1;POINT (13.32091 52.47159)
3;2019;4;8;1;3;6;4;0;0;1;1;0;0;0;1;POINT (13.44357 52.55757)
4;2019;4;8;1;3;5;2;0;1;1;0;0;0;0;1;POINT (13.32597 52.53887)
8;2019;4;9;1;3;4;6;0;0;1;0;0;0;0;1;POINT (13.44014 52.48169)
4;2019;4;9;1;3;2;6;0;0;1;0;0;0;0;1;POINT (13.28151 52.50129)
2;2019;4;9;1;3;6;4;0;0;1;1;0;0;0;1;POINT (13.44508 52.5257)
6;2019;4;10;1;3;2;6;0;0;1;0;0;0;1;1;POINT (13.29773 52.42154)
12;2019;4;10;1;3;2;1;0;0;1;0;0;0;0;1;POINT (13.35339 52.56808)
12;2019;4;10;1;2;5;2;0;0;1;0;0;0;0;1;POINT (13.31542 52.57793)
5;2019;4;10;1;3;6;2;0;0;1;1;0;0;0;1;POINT (13.16279 52.52005)
1;2019;4;11;1;3;2;7;0;1;1;0;0;0;0;0;POINT (13.37643 52.52305)
2;2019;4;13;1;3;5;3;0;1;1;0;0;0;0;1;POINT (13.403 52.49839)
10;2019;4;13;1;3;0;4;0;0;1;1;0;0;0;0;POINT (13.60479 52.5387)
5;2019;4;15;1;2;5;3;0;1;1;0;0;0;0;0;POINT (13.16772 52.524)
10;2019;4;15;1;2;6;7;0;0;1;1;0;0;0;0;POINT (13.57754 52.56651)
4;2019;4;15;1;3;2;2;0;1;0;0;0;0;1;0;POINT (13.2494 52.51563)
9;2019;4;16;1;3;5;7;0;0;1;0;0;0;0;0;POINT (13.71857 52.42843)
4;2019;4;16;1;3;1;5;0;1;1;0;0;0;0;0;POINT (13.32607 52.50792)
1;2019;4;8;1;3;1;5;0;1;0;0;0;1;0;1;POINT (13.37929 52.55103)
6;2019;4;7;1;3;0;3;0;0;1;0;1;0;0;1;POINT (13.26877 52.44789)
12;2019;4;6;1;3;2;2;1;0;1;0;1;0;0;1;POINT (13.36453 52.56269)
4;2019;4;9;1;2;8;1;0;1;0;0;0;0;0;1;POINT (13.29495 52.50635)
2;2019;4;8;1;3;0;1;0;0;0;0;1;0;0;1;POINT (13.44196 52.5254)
4;2019;4;6;1;3;0;1;0;0;0;0;1;0;0;1;POINT (13.33537 52.49935)
1;2019;4;17;7;3;0;1;0;1;0;0;0;0;0;0;POINT (13.39947 52.53274)
1;2019;4;21;7;3;0;7;2;0;0;0;0;1;1;0;POINT (13.36011 52.54691)
1;2019;4;23;7;3;5;2;2;1;1;0;0;0;0;0;POINT (13.34293 52.52528)
11;2019;4;18;7;3;1;5;0;1;1;0;0;0;0;0;POINT (13.50226 52.49821)
11;2019;4;17;7;3;4;6;0;0;1;0;0;0;0;0;POINT (13.52775 52.55728)
2;2019;4;16;7;3;5;3;0;0;1;0;0;0;0;0;POINT (13.41308 52.49179)
8;2019;4;14;7;3;0;6;0;0;1;0;1;0;0;0;POINT (13.46102 52.46843)
11;2019;4;13;7;3;5;2;0;1;0;0;0;0;1;0;POINT (13.50152 52.54911)
2;2019;4;8;7;3;1;5;0;1;1;0;0;0;0;1;POINT (13.42013 52.49594)
2;2019;4;11;7;3;5;2;0;0;1;0;0;0;0;0;POINT (13.40918 52.50177)
11;2019;4;13;7;3;0;1;0;0;0;0;1;0;0;0;POINT (13.48024 52.52044)
2;2019;4;17;6;3;5;7;0;1;1;0;0;0;0;0;POINT (13.43643 52.49587)
8;2019;4;0;6;3;6;2;2;0;1;1;0;0;0;1;POINT (13.43789 52.4812)
7;2019;4;21;6;3;2;6;2;0;1;0;0;0;0;0;POINT (13.38755 52.43924)
6;2019;4;15;6;3;0;7;0;1;0;0;0;0;0;0;POINT (13.25155 52.41375)
1;2019;4;0;6;3;5;3;2;1;1;0;0;0;0;1;POINT (13.40957 52.52867)
4;2019;4;16;6;3;3;6;0;1;1;0;0;0;0;0;POINT (13.31623 52.50103)
1;2019;4;15;6;3;5;3;0;1;0;0;0;0;0;0;POINT (13.35138 52.53944)
4;2019;4;14;6;3;5;2;0;1;1;0;0;0;0;0;POINT (13.30502 52.5129)
9;2019;4;14;6;3;4;6;0;1;0;0;0;0;0;0;POINT (13.57488 52.44431)
5;2019;4;13;6;3;2;6;0;0;1;0;0;0;0;0;POINT (13.24039 52.54305)
3;2019;4;13;6;3;5;2;0;1;0;0;0;0;1;0;POINT (13.4143 52.5539)
7;2019;4;13;6;3;5;2;0;1;0;0;1;0;0;0;POINT (13.38796 52.48458)
1;2019;4;12;6;3;6;4;0;0;0;1;0;1;0;0;POINT (13.34712 52.5533)
8;2019;4;11;6;3;0;2;0;1;1;0;0;0;0;0;POINT (13.42897 52.48784)
11;2019;4;10;6;3;6;2;0;0;1;1;0;0;0;0;POINT (13.4985 52.51571)
12;2019;4;8;6;2;3;6;0;1;0;0;0;0;0;0;POINT (13.27958 52.63013)
3;2019;4;3;6;3;0;1;2;0;1;0;0;0;0;1;POINT (13.46583 52.55141)
11;2019;4;23;6;3;0;1;2;1;0;0;0;0;0;0;POINT (13.48531 52.5265)
3;2019;4;9;5;3;5;2;0;1;1;0;0;0;0;0;POINT (13.41318 52.54768)
9;2019;4;17;5;3;5;3;0;1;1;0;0;0;0;0;POINT (13.48696 52.46566)
1;2019;4;23;5;3;5;2;2;1;0;0;1;0;0;0;POINT (13.38958 52.53173)
2;2019;4;20;5;3;5;2;1;1;1;0;0;0;0;0;POINT (13.42068 52.50326)
3;2019;4;20;5;3;5;3;0;1;1;0;0;0;0;0;POINT (13.38978 52.57429)
8;2019;4;19;5;3;2;6;1;0;1;0;0;0;0;0;POINT (13.43379 52.44396)
3;2019;4;18;5;3;5;3;0;1;1;0;0;0;0;0;POINT (13.42254 52.58619)
6;2019;4;18;5;3;5;5;0;1;1;0;0;0;0;0;POINT (13.30412 52.45942)
12;2019;4;22;5;3;1;5;2;0;1;0;0;0;0;0;POINT (13.3178 52.60642)
8;2019;4;20;5;2;5;2;0;0;1;0;0;0;0;0;POINT (13.45225 52.45254)
4;2019;4;9;5;3;5;3;0;1;1;0;0;0;0;0;POINT (13.30819 52.49715)
7;2019;4;8;5;3;0;7;0;0;1;0;0;0;1;0;POINT (13.37836 52.45404)
3;2019;4;7;5;3;1;5;0;1;0;0;0;0;1;0;POINT (13.43054 52.53457)
1;2019;4;7;5;3;1;5;0;1;1;0;0;0;0;0;POINT (13.37452 52.50457)
7;2019;4;9;5;3;1;5;0;1;1;0;0;0;0;0;POINT (13.36666 52.49219)
1;2019;4;10;5;3;3;6;0;0;1;0;0;1;0;0;POINT (13.33538 52.54157)
4;2019;4;12;5;3;5;3;0;1;0;0;1;0;0;0;POINT (13.29159 52.51071)
2;2019;4;12;5;3;5;2;0;1;1;0;0;0;0;0;POINT (13.47435 52.51066)
1;2019;4;14;5;3;5;3;0;0;1;0;0;1;0;0;POINT (13.39164 52.51222)
5;2019;4;14;5;3;2;6;0;0;1;0;0;0;0;0;POINT (13.2258 52.55429)
4;2019;4;14;5;3;3;6;0;1;1;0;0;0;0;0;POINT (13.27117 52.51002)
4;2019;4;14;5;3;3;6;0;1;1;0;0;0;0;0;POINT (13.30569 52.50994)
10;2019;4;15;5;3;2;6;0;0;1;0;0;0;0;0;POINT (13.51686 52.53531)
1;2019;4;17;5;3;1;5;0;1;1;0;0;0;0;0;POINT (13.3385 52.52653)
9;2019;4;16;5;3;2;6;0;0;1;0;0;0;1;0;POINT (13.55846 52.40639)
3;2019;4;16;5;3;6;4;0;0;1;1;0;0;0;0;POINT (13.42332 52.54278)
6;2019;4;16;5;3;5;3;0;1;1;0;0;0;0;0;POINT (13.27875 52.43094)
8;2019;4;16;5;3;2;6;0;0;1;0;0;0;0;0;POINT (13.42979 52.49199)
6;2019;4;17;5;3;2;6;0;0;1;0;1;0;0;0;POINT (13.31599 52.44162)
8;2019;4;17;5;3;5;2;0;0;1;0;0;0;0;0;POINT (13.42894 52.48659)
7;2019;4;13;5;3;1;5;0;0;1;0;0;0;0;0;POINT (13.33751 52.47463)
10;2019;4;11;4;3;5;3;0;1;1;0;0;0;0;0;POINT (13.61743 52.48394)
10;2019;4;20;4;3;0;2;1;0;1;0;0;0;1;0;POINT (13.60475 52.53655)
7;2019;4;12;4;3;5;3;0;1;1;0;0;0;0;0;POINT (13.36932 52.4928)
4;2019;4;16;4;3;6;2;0;0;1;1;0;0;0;0;POINT (13.27008 52.51065)
4;2019;4;18;4;3;3;6;0;0;1;0;0;1;0;0;POINT (13.2796 52.50478)
7;2019;4;18;4;3;2;2;0;0;1;0;0;0;0;0;POINT (13.35937 52.4567)
8;2019;4;17;4;3;2;6;0;0;1;0;1;0;0;0;POINT (13.43644 52.42386)
7;2019;4;7;4;3;6;4;0;0;1;1;0;0;0;0;POINT (13.36134 52.49587)
7;2019;4;6;4;3;3;6;0;0;1;0;0;0;0;0;POINT (13.39589 52.45294)
3;2019;4;17;4;3;1;5;0;1;1;0;0;0;0;0;POINT (13.41443 52.53834)
7;2019;4;16;4;3;0;3;0;0;1;0;1;0;0;0;POINT (13.36872 52.45063)
5;2019;4;16;4;3;0;3;0;0;1;0;0;0;1;0;POINT (13.20868 52.51056)
2;2019;4;16;4;3;5;1;0;0;1;0;1;0;0;0;POINT (13.44322 52.51204)
9;2019;4;16;4;2;5;3;0;1;1;0;0;0;0;0;POINT (13.55827 52.45572)
4;2019;4;16;4;3;0;4;0;1;0;1;0;0;0;0;POINT (13.28427 52.49564)
3;2019;4;15;4;2;5;3;0;1;1;0;0;0;0;0;POINT (13.43743 52.59223)
4;2019;4;16;4;3;2;6;0;0;1;0;0;0;0;0;POINT (13.33065 52.49613)
6;2019;4;15;4;3;5;2;0;1;1;0;0;0;0;0;POINT (13.24151 52.44396)
9;2019;4;15;4;3;3;6;0;0;1;0;1;0;0;0;POINT (13.57 52.44459)
2;2019;4;5;4;2;2;6;0;1;1;0;0;0;0;0;POINT (13.45023 52.52719)
1;2019;4;15;4;3;2;2;0;1;1;0;0;0;0;0;POINT (13.41182 52.52397)
11;2019;4;13;4;3;5;5;0;1;1;0;0;0;1;0;POINT (13.47266 52.50357)
9;2019;4;12;4;2;5;3;0;1;1;0;0;0;0;0;POINT (13.58593 52.44129)
3;2019;4;12;4;3;5;3;0;1;0;0;0;0;1;0;POINT (13.45324 52.59337)
9;2019;4;12;4;3;0;3;0;1;1;0;0;0;0;0;POINT (13.58467 52.42868)
5;2019;4;12;4;3;5;3;0;0;1;0;1;0;0;0;POINT (13.14246 52.53965)
2;2019;4;12;4;3;5;2;0;0;1;0;1;0;0;0;POINT (13.45074 52.52713)
7;2019;4;11;4;3;5;3;0;1;1;0;0;0;0;0;POINT (13.34292 52.50015)
3;2019;4;10;4;3;3;6;0;1;1;0;0;0;0;0;POINT (13.44459 52.55314)
9;2019;4;9;4;3;5;2;0;1;0;0;0;1;0;0;POINT (13.52591 52.42308)
8;2019;4;9;4;3;1;5;0;1;1;0;0;0;0;0;POINT (13.44146 52.48887)
12;2019;4;9;4;3;0;6;0;0;0;0;0;0;1;0;POINT (13.33358 52.59556)
3;2019;4;9;4;3;5;2;0;1;1;0;0;0;0;0;POINT (13.45416 52.56225)
7;2019;4;8;4;3;5;3;0;1;1;0;0;0;0;0;POINT (13.34877 52.461)
1;2019;4;8;4;3;5;3;0;1;1;0;0;0;0;0;POINT (13.40308 52.5337)
2;2019;4;13;4;3;1;7;0;0;1;0;0;0;0;0;POINT (13.4349 52.49639)
3;2019;4;16;4;3;5;7;0;1;1;0;0;0;0;0;POINT (13.45198 52.54283)
5;2019;4;20;3;3;1;1;2;0;1;0;0;0;0;0;POINT (13.2284 52.54853)
5;2019;4;20;3;2;5;3;2;0;1;0;1;0;0;0;POINT (13.17196 52.55001)
9;2019;4;16;3;3;0;3;0;1;1;0;0;0;0;0;POINT (13.71114 52.43287)
2;2019;4;22;3;3;6;2;2;0;1;1;0;0;0;0;POINT (13.41462 52.50025)
9;2019;4;11;3;3;0;3;0;0;1;0;0;0;0;0;POINT (13.55324 52.46969)
1;2019;4;11;3;3;2;6;0;0;1;0;1;0;0;0;POINT (13.36736 52.52571)
1;2019;4;20;3;3;5;3;2;0;1;0;0;0;1;0;POINT (13.33343 52.5609)
4;2019;4;5;3;3;6;2;1;1;0;1;0;0;0;0;POINT (13.31453 52.49041)
2;2019;4;20;3;3;5;3;1;1;0;0;0;0;0;0;POINT (13.38935 52.48974)
7;2019;4;22;3;3;3;6;2;0;1;0;0;0;0;0;POINT (13.3573 52.47819)
1;2019;4;21;3;3;5;7;2;0;1;0;1;0;0;0;POINT (13.34337 52.50463)
4;2019;4;20;3;3;5;3;1;1;1;0;0;0;0;0;POINT (13.31678 52.50114)
6;2019;4;18;3;3;3;6;0;1;1;0;0;0;0;0;POINT (13.28917 52.44635)
7;2019;4;18;3;3;0;6;0;1;0;0;0;0;1;0;POINT (13.35666 52.47291)
5;2019;4;17;3;3;6;7;0;0;1;1;0;0;0;0;POINT (13.20124 52.54122)
6;2019;4;20;3;3;1;1;1;0;1;0;0;0;0;0;POINT (13.27339 52.43089)
1;2019;4;13;3;3;0;1;0;1;0;0;0;0;0;0;POINT (13.36094 52.50209)
3;2019;4;17;3;3;1;1;0;0;1;0;1;0;0;0;POINT (13.43714 52.59429)
7;2019;4;17;3;3;2;6;0;0;1;0;0;0;0;0;POINT (13.40003 52.45841)
10;2019;4;12;3;3;2;6;0;0;1;0;1;0;0;0;POINT (13.60438 52.53867)