bez;ujahr;umonat;ustunde;uwochentag;ukategorie;uart;utyp1;ulichtverh;istrad;istpkw;istfuss;istkrad;istgkfz;istsonstige;ustrzustand;geometry
2;2019;4;12;3;3;2;7;0;0;1;0;0;0;1;0;POINT (13.43714 52.52106)
11;2019;4;16;3;3;6;4;0;0;1;1;0;0;0;0;POINT (13.4907 52.52656)
1;2019;4;13;3;3;1;5;0;1;1;0;0;0;0;0;POINT (13.40053 52.5306)
2;2019;4;13;3;3;5;2;0;1;1;0;0;0;0;0;POINT (13.44679 52.50268)
5;2019;4;13;3;3;5;2;0;0;1;0;0;0;0;0;POINT (13.19849 52.54285)
1;2019;4;15;3;3;5;3;0;1;1;0;0;0;0;0;POINT (13.40297 52.5337)
1;2019;4;15;3;3;5;2;0;1;1;0;0;0;0;0;POINT (13.3355 52.54211)
1;2019;4;10;3;3;5;2;0;0;1;0;0;0;1;0;POINT (13.39601 52.53827)
11;2019;4;10;3;3;2;2;0;1;0;0;0;0;1;0;POINT (13.4699 52.5023)
1;2019;4;10;3;3;6;2;0;1;0;1;0;0;0;0;POINT (13.3797 52.52261)
5;2019;4;9;3;3;2;6;0;0;1;0;0;0;0;0;POINT (13.19692 52.5382)
10;2019;4;8;3;3;5;2;0;1;1;0;0;0;0;0;POINT (13.558 52.52964)
3;2019;4;6;3;3;2;2;0;0;1;0;0;0;0;0;POINT (13.42 52.5848)
8;2019;4;17;3;3;1;2;0;0;1;1;0;0;1;0;POINT (13.42554 52.47979)
7;2019;4;14;2;3;5;2;0;1;1;0;0;0;0;0;POINT (13.3983 52.46509)
3;2019;4;21;2;3;6;4;2;1;1;1;0;0;0;0;POINT (13.43834 52.54316)
12;2019;4;21;2;3;2;2;2;0;1;0;0;0;0;0;POINT (13.29259 52.58951)
1;2019;4;21;2;3;0;7;2;0;0;0;1;0;0;0;POINT (13.39371 52.53759)
11;2019;4;10;2;3;5;2;0;0;1;0;1;0;0;0;POINT (13.51805 52.57486)
4;2019;4;10;2;3;5;3;0;1;1;0;0;0;0;0;POINT (13.30231 52.54789)
9;2019;4;20;2;3;5;2;2;0;1;0;0;0;0;0;POINT (13.54518 52.42573)
12;2019;4;10;2;3;2;2;0;0;1;0;0;0;0;0;POINT (13.32653 52.60466)
5;2019;4;12;2;3;2;6;0;0;1;0;0;0;0;0;POINT (13.1996 52.53503)
4;2019;4;17;2;3;5;2;0;0;1;0;1;0;0;0;POINT (13.30083 52.47396)
5;2019;4;10;2;3;8;1;0;0;1;0;0;0;0;0;POINT (13.15965 52.52882)
1;2019;4;9;2;3;5;3;0;1;1;0;0;0;0;0;POINT (13.37672 52.5108)
7;2019;4;9;2;3;0;2;0;0;1;0;0;0;1;0;POINT (13.35302 52.48467)
4;2019;4;9;2;2;5;2;0;1;1;0;0;0;0;0;POINT (13.33577 52.51344)
3;2019;4;8;2;3;5;2;0;0;1;0;0;0;0;0;POINT (13.42858 52.54783)
3;2019;4;9;2;3;2;6;0;0;0;0;1;0;1;0;POINT (13.4499 52.53684)
4;2019;4;9;2;3;3;6;0;0;1;0;0;0;0;0;POINT (13.33443 52.49863)
3;2019;4;8;2;3;5;3;0;0;1;0;0;0;0;0;POINT (13.45609 52.56146)
5;2019;4;8;2;2;5;2;0;0;1;0;1;0;0;0;POINT (13.13152 52.54952)
5;2019;4;8;2;3;5;7;0;0;1;0;1;0;0;0;POINT (13.2091 52.53262)
1;2019;4;8;2;2;5;3;0;1;1;0;0;0;0;0;POINT (13.37329 52.53804)
5;2019;4;7;2;3;5;2;0;1;0;0;0;0;1;0;POINT (13.19858 52.53281)
9;2019;4;6;2;3;5;3;0;1;1;0;0;0;0;0;POINT (13.50274 52.48028)
2;2019;4;11;2;2;2;6;0;0;1;0;1;0;0;0;POINT (13.38105 52.49277)
4;2019;4;11;2;3;5;2;0;1;1;0;0;0;0;0;POINT (13.30938 52.4792)
1;2019;4;11;2;3;5;2;0;0;1;0;0;0;0;0;POINT (13.34786 52.52476)
5;2019;4;12;2;3;2;7;0;1;1;0;0;0;0;0;POINT (13.15467 52.53938)
8;2019;4;12;2;3;0;7;0;0;1;0;0;0;0;0;POINT (13.43311 52.45232)
12;2019;4;12;2;3;2;6;0;0;1;0;0;0;0;0;POINT (13.31021 52.56796)
9;2019;4;13;2;3;2;6;0;0;1;0;0;0;0;0;POINT (13.5547 52.46648)
4;2019;4;14;2;3;0;7;0;0;1;0;0;0;1;0;POINT (13.3212 52.48986)
7;2019;4;13;2;3;2;6;0;0;1;0;0;0;1;0;POINT (13.40122 52.44586)
4;2019;4;14;2;3;1;5;0;1;1;0;0;0;0;0;POINT (13.30649 52.51694)
8;2019;4;14;2;3;0;6;0;0;1;0;1;0;0;0;POINT (13.45506 52.47438)
5;2019;4;15;2;3;2;6;0;0;1;0;0;0;0;0;POINT (13.13833 52.45809)
4;2019;4;15;2;3;6;4;0;0;1;1;0;0;0;0;POINT (13.31794 52.49834)
9;2019;4;16;2;2;5;2;0;1;1;0;0;0;0;0;POINT (13.62547 52.45694)
1;2019;4;16;2;3;5;3;0;1;1;0;0;0;0;0;POINT (13.40348 52.52744)
1;2019;4;16;2;3;5;2;0;0;1;0;1;0;0;0;POINT (13.33987 52.51879)
1;2019;4;15;1;3;2;2;0;0;1;0;0;0;0;0;POINT (13.33647 52.5421)
8;2019;4;14;1;3;5;2;0;1;1;0;0;0;0;0;POINT (13.48224 52.42549)
2;2019;4;15;1;3;2;6;0;0;1;0;0;0;0;0;POINT (13.40081 52.50564)
1;2019;4;22;1;3;1;5;2;0;1;0;1;0;0;0;POINT (13.36459 52.54986)
4;2019;4;19;1;3;5;7;2;0;1;0;0;0;0;0;POINT (13.27929 52.50353)
1;2019;4;0;1;3;2;6;2;0;1;0;0;0;0;0;POINT (13.37458 52.53728)
11;2019;4;23;1;3;5;3;2;0;1;0;0;0;0;0;POINT (13.50176 52.50474)
12;2019;4;18;1;3;6;4;0;0;1;1;0;0;0;0;POINT (13.27495 52.58186)
10;2019;4;18;1;3;5;2;0;0;1;0;0;0;0;0;POINT (13.56232 52.54706)
9;2019;4;18;1;2;0;1;0;0;0;0;1;0;0;0;POINT (13.63034 52.42369)
3;2019;4;16;1;2;2;6;0;1;0;0;0;0;0;0;POINT (13.4487 52.53754)
9;2019;4;14;1;3;0;7;0;1;0;1;0;0;0;0;POINT (13.58032 52.44346)
10;2019;4;14;1;3;5;3;0;1;0;0;0;0;0;0;POINT (13.63498 52.52986)
9;2019;4;14;1;2;4;1;0;0;1;0;0;0;0;0;POINT (13.53257 52.44123)
9;2019;4;13;1;3;0;2;0;0;1;0;0;0;1;0;POINT (13.57744 52.40228)
8;2019;4;13;1;3;2;6;0;1;1;0;0;0;0;0;POINT (13.45023 52.42794)
9;2019;4;10;1;3;5;3;0;1;1;0;0;0;0;0;POINT (13.66078 52.41264)
2;2019;4;9;1;2;5;3;0;0;1;0;1;0;0;0;POINT (13.38521 52.49853)
9;2019;4;10;7;2;5;3;0;0;1;0;0;0;1;0;POINT (13.52857 52.4125)
4;2019;4;18;7;3;6;4;0;1;0;1;0;0;0;0;POINT (13.29521 52.53931)
7;2019;4;16;7;3;5;3;0;1;1;0;0;0;0;0;POINT (13.38002 52.4105)
8;2019;4;16;7;3;5;3;0;0;1;0;1;0;0;0;POINT (13.40997 52.41647)
9;2019;4;16;7;3;6;7;0;1;0;1;0;0;0;0;POINT (13.59333 52.43824)
2;2019;4;15;7;3;6;7;0;1;0;1;0;0;0;0;POINT (13.42877 52.49939)
3;2019;4;11;7;3;5;7;0;1;1;0;0;0;0;0;POINT (13.41438 52.5536)
10;2019;4;17;7;2;1;5;0;1;1;0;0;0;0;0;POINT (13.57147 52.55851)
8;2019;4;3;7;3;1;1;2;0;1;0;0;0;1;0;POINT (13.4439 52.47179)
11;2019;4;14;7;3;0;2;0;0;0;0;0;0;1;0;POINT (13.52051 52.57033)
3;2019;4;16;7;3;1;1;0;0;1;0;1;0;0;0;POINT (13.41172 52.54017)
11;2019;4;7;7;3;0;1;0;1;0;0;0;0;0;0;POINT (13.47965 52.52743)
1;2019;4;15;7;3;5;2;0;0;1;0;0;0;1;0;POINT (13.37376 52.55666)
1;2019;4;18;7;3;0;1;0;0;0;0;1;0;0;0;POINT (13.39282 52.5425)
5;2019;4;3;6;1;9;1;2;0;1;0;0;1;0;0;POINT (13.19457 52.54527)
3;2019;4;17;6;3;5;2;0;1;1;0;0;0;0;0;POINT (13.38269 52.62971)
9;2019;4;9;6;2;1;5;0;1;1;0;0;0;0;0;POINT (13.63158 52.44678)
7;2019;4;14;6;3;1;5;0;1;1;0;0;0;0;0;POINT (13.34624 52.41403)
4;2019;4;20;6;3;1;5;1;1;1;0;0;0;0;0;POINT (13.31184 52.50647)
2;2019;4;18;6;3;5;2;0;1;1;0;0;0;0;0;POINT (13.40657 52.49847)
8;2019;4;15;6;3;3;6;0;1;1;0;0;0;0;0;POINT (13.44254 52.46981)
9;2019;4;15;6;3;6;4;0;0;1;1;0;0;0;0;POINT (13.62479 52.4515)
5;2019;4;13;6;3;5;2;0;0;1;0;0;0;0;0;POINT (13.1654 52.55119)
6;2019;4;13;6;3;0;7;0;1;0;0;0;0;0;0;POINT (13.23 52.42989)
2;2019;4;12;6;3;5;2;0;0;1;0;0;0;1;0;POINT (13.38637 52.49008)
8;2019;4;11;6;3;2;2;0;0;0;0;1;0;1;0;POINT (13.43795 52.48267)
7;2019;4;1;6;3;0;3;2;0;1;0;0;0;1;0;POINT (13.40075 52.38678)
8;2019;4;7;6;2;5;3;0;0;1;0;0;0;0;0;POINT (13.49514 52.43173)
12;2019;4;8;6;3;5;2;0;1;1;0;0;0;0;0;POINT (13.32931 52.56343)
6;2019;4;9;6;3;5;3;0;1;1;0;0;0;0;0;POINT (13.34967 52.44978)
7;2019;4;10;6;3;2;6;0;0;1;0;0;0;0;0;POINT (13.40648 52.38667)
6;2019;4;10;6;2;6;2;0;0;1;1;0;0;0;0;POINT (13.31579 52.44319)
7;2019;4;10;6;3;2;2;0;0;1;0;0;0;0;0;POINT (13.38591 52.44557)
2;2019;4;5;6;2;5;3;2;0;1;0;0;0;1;0;POINT (13.43289 52.51784)
11;2019;5;14;4;3;5;7;0;1;1;0;0;0;0;1;POINT (13.49173 52.52058)
1;2019;5;14;4;3;0;6;0;1;1;0;0;0;0;0;POINT (13.38765 52.55001)
6;2019;5;17;4;3;1;5;0;1;1;0;0;0;0;0;POINT (13.32706 52.45484)
9;2019;5;12;4;3;5;3;0;1;1;0;0;0;0;0;POINT (13.54354 52.43379)
6;2019;5;17;4;3;5;3;0;0;1;0;0;0;0;0;POINT (13.36179 52.42544)
9;2019;5;14;4;3;5;3;0;0;1;0;1;0;0;1;POINT (13.48834 52.45129)
4;2019;5;13;4;3;1;5;0;1;1;0;0;0;0;1;POINT (13.31883 52.50608)
2;2019;5;17;4;3;2;6;0;1;1;0;0;0;0;0;POINT (13.44431 52.51784)
7;2019;5;14;4;3;5;2;0;1;1;0;0;0;0;0;POINT (13.34356 52.50152)
11;2019;5;17;4;3;5;2;0;1;1;0;0;0;0;0;POINT (13.48835 52.50213)
3;2019;5;16;4;3;5;3;0;1;1;0;0;0;0;0;POINT (13.40267 52.59676)
2;2019;5;16;4;3;0;3;0;1;1;0;0;0;0;0;POINT (13.42673 52.51575)
12;2019;5;16;4;3;2;6;0;0;1;0;0;1;0;0;POINT (13.33227 52.56349)
9;2019;5;5;4;2;4;6;1;0;0;0;0;0;1;1;POINT (13.65557 52.37462)
9;2019;5;9;4;2;6;3;0;0;1;1;0;0;0;0;POINT (13.57674 52.44436)
4;2019;5;8;4;3;3;6;0;1;1;0;0;0;0;0;POINT (13.32255 52.48672)
1;2019;5;9;4;3;5;3;0;1;0;0;0;0;1;0;POINT (13.40954 52.52889)
8;2019;5;7;4;3;2;3;0;1;0;0;0;0;0;0;POINT (13.45003 52.47659)
2;2019;5;7;4;3;5;2;0;1;1;0;0;0;0;1;POINT (13.37321 52.5035)
10;2019;5;7;4;3;5;3;0;1;1;0;0;0;0;0;POINT (13.58667 52.51658)
2;2019;5;7;4;3;5;2;0;1;0;0;0;0;1;1;POINT (13.45075 52.52713)
12;2019;5;7;4;3;5;2;0;1;0;0;0;0;1;0;POINT (13.31463 52.57723)
10;2019;5;14;4;3;5;2;0;0;0;0;1;0;1;1;POINT (13.56478 52.52225)
12;2019;5;13;4;3;5;3;0;1;1;0;0;0;0;1;POINT (13.37214 52.57216)
2;2019;5;13;4;2;4;6;0;0;1;0;0;1;0;1;POINT (13.45411 52.52232)
5;2019;5;13;4;2;5;2;0;0;1;0;0;0;0;0;POINT (13.16265 52.52008)
9;2019;5;12;4;3;5;2;0;1;0;0;0;0;0;0;POINT (13.58123 52.46028)
1;2019;5;11;4;2;5;3;0;0;1;0;0;0;0;0;POINT (13.3686 52.50628)
4;2019;5;10;4;3;5;2;0;0;1;0;0;0;0;0;POINT (13.29001 52.48222)
4;2019;5;10;4;3;6;2;0;0;1;1;0;0;0;0;POINT (13.2284 52.50684)
10;2019;5;6;3;3;5;2;0;1;1;0;0;0;0;0;POINT (13.60462 52.5367)
11;2019;5;10;3;3;3;6;0;0;0;0;1;0;1;0;POINT (13.52459 52.49555)
3;2019;5;13;3;3;5;2;0;1;1;0;0;0;0;0;POINT (13.41763 52.53832)
5;2019;5;10;3;3;2;6;0;0;1;0;0;0;0;0;POINT (13.18245 52.48642)
7;2019;5;20;3;3;6;4;0;0;1;1;0;0;0;0;POINT (13.34971 52.46526)
5;2019;5;18;3;3;5;3;0;0;1;0;0;0;0;0;POINT (13.12207 52.45323)
2;2019;5;8;3;3;0;6;0;1;1;0;0;0;0;0;POINT (13.46293 52.50512)
11;2019;5;7;3;2;6;4;0;0;0;1;0;0;1;0;POINT (13.5192 52.5133)
5;2019;5;21;3;3;5;3;2;1;1;0;0;0;0;0;POINT (13.19685 52.56301)
3;2019;5;20;3;2;5;2;1;1;1;0;0;0;0;0;POINT (13.42792 52.54551)
10;2019;5;16;3;3;5;3;0;1;1;0;0;0;0;0;POINT (13.60558 52.4878)
7;2019;5;16;3;3;5;2;0;0;1;0;1;0;0;0;POINT (13.34851 52.45892)
8;2019;5;15;3;3;5;3;0;1;1;0;0;0;0;0;POINT (13.48818 52.41337)
1;2019;5;15;3;3;2;2;0;1;1;0;0;0;0;0;POINT (13.40978 52.52402)
1;2019;5;17;3;3;2;6;0;0;1;0;0;0;0;0;POINT (13.36019 52.52341)
4;2019;5;17;3;3;5;3;0;0;1;0;0;0;0;0;POINT (13.28021 52.51848)
1;2019;5;16;3;3;2;6;0;0;1;0;1;0;0;0;POINT (13.41676 52.52625)
4;2019;5;16;3;3;2;6;0;0;1;0;0;0;0;0;POINT (13.31503 52.50086)
6;2019;5;16;3;3;0;1;0;1;0;0;0;0;0;0;POINT (13.25529 52.44063)
7;2019;5;15;3;3;2;6;0;0;1;0;0;0;0;0;POINT (13.3492 52.45915)
7;2019;5;14;3;3;3;6;0;0;1;0;1;0;0;0;POINT (13.37759 52.4653)
5;2019;5;7;3;2;5;3;0;1;1;0;0;0;0;0;POINT (13.21887 52.55985)
2;2019;5;13;3;3;0;2;0;1;0;0;0;0;1;0;POINT (13.37698 52.50197)
2;2019;5;15;3;2;0;1;0;0;0;0;1;0;0;0;POINT (13.47064 52.50587)
4;2019;5;14;3;3;2;6;0;0;1;0;0;0;0;0;POINT (13.29577 52.54804)
1;2019;5;13;3;2;5;2;0;0;1;0;1;0;0;0;POINT (13.34514 52.5543)
9;2019;5;13;3;3;2;6;0;0;1;0;0;0;0;0;POINT (13.59274 52.43845)
6;2019;5;12;3;3;6;7;0;0;1;1;0;0;0;0;POINT (13.2655 52.43211)
8;2019;5;12;3;3;6;7;0;0;1;1;0;0;0;0;POINT (13.49642 52.41712)
1;2019;5;11;3;3;2;6;0;0;1;0;0;0;0;0;POINT (13.41123 52.52395)
8;2019;5;11;3;3;5;2;0;1;1;0;0;0;0;0;POINT (13.4357 52.46909)
1;2019;5;9;3;3;5;2;0;0;1;0;1;0;0;0;POINT (13.39671 52.51099)
1;2019;5;9;3;3;5;3;0;1;1;0;0;0;0;0;POINT (13.37986 52.54017)
2;2019;5;9;3;3;5;2;0;0;1;0;1;0;0;0;POINT (13.4489 52.49723)
8;2019;5;9;3;3;0;1;0;0;0;0;1;0;0;0;POINT (13.4733 52.46465)
4;2019;5;9;3;2;2;6;0;0;1;0;0;0;0;0;POINT (13.28486 52.49128)
5;2019;5;9;3;3;5;3;0;0;1;0;0;0;0;0;POINT (13.17918 52.53385)
9;2019;5;9;3;3;5;3;0;0;1;0;0;0;0;0;POINT (13.52247 52.42839)
3;2019;5;8;3;3;2;2;0;0;1;0;0;0;0;0;POINT (13.4299 52.55288)
2;2019;5;8;3;3;5;2;0;1;1;0;0;0;0;0;POINT (13.4287 52.51893)
11;2019;5;8;3;3;0;2;0;0;0;0;0;1;1;0;POINT (13.46892 52.54334)
4;2019;5;7;3;3;0;5;0;1;1;0;0;0;0;0;POINT (13.32612 52.50824)
1;2019;5;6;3;3;5;2;0;0;1;0;1;0;0;0;POINT (13.36897 52.52962)
4;2019;5;8;2;3;0;6;0;0;1;0;0;0;0;0;POINT (13.26129 52.50793)
1;2019;5;19;2;3;0;3;0;0;1;0;1;0;0;0;POINT (13.35205 52.50634)
1;2019;5;19;2;3;5;3;0;1;1;0;0;0;0;0;POINT (13.35286 52.50399)
2;2019;5;19;2;3;1;5;0;1;1;0;0;0;0;0;POINT (13.4454 52.50306)
2;2019;5;22;2;3;1;5;2;1;1;0;0;0;0;0;POINT (13.41514 52.50359)
3;2019;5;18;2;3;6;6;0;1;0;1;0;0;0;0;POINT (13.44164 52.54328)
12;2019;5;18;2;3;5;2;0;0;1;0;1;0;0;0;POINT (13.34608 52.59149)
7;2019;5;18;2;3;0;1;0;0;1;0;0;0;0;0;POINT (13.40032 52.445)
11;2019;5;13;2;3;2;6;0;0;1;0;0;0;0;0;POINT (13.49125 52.54346)
8;2019;5;17;2;3;5;2;0;0;1;0;1;0;0;0;POINT (13.442 52.46767)
9;2019;5;17;2;2;0;1;0;1;1;0;0;0;0;0;POINT (13.54891 52.43821)
3;2019;5;17;2;3;4;5;0;0;1;0;0;0;1;0;POINT (13.44638 52.55359)
5;2019;5;16;2;3;2;6;0;0;1;0;0;0;0;0;POINT (13.20721 52.53888)
3;2019;5;16;2;3;5;2;0;1;1;0;0;0;0;0;POINT (13.43912 52.54733)
5;2019;5;15;2;3;2;6;0;0;1;0;1;0;0;0;POINT (13.19788 52.5391)
4;2019;5;16;2;2;6;7;0;0;1;1;0;0;0;0;POINT (13.30456 52.51684)
2;2019;5;15;2;2;3;6;0;1;1;0;0;0;0;0;POINT (13.4584 52.51266)
2;2019;5;15;2;3;2;6;0;0;1;0;0;0;0;0;POINT (13.38774 52.49279)
2;2019;5;12;2;3;1;5;0;1;1;0;0;0;0;0;POINT (13.45419 52.5103)
4;2019;5;11;2;3;4;6;0;0;1;0;0;1;0;0;POINT (13.30543 52.52877)
1;2019;5;10;2;3;3;6;0;1;1;0;0;0;0;0;POINT (13.3848 52.53224)
4;2019;5;9;2;3;5;3;0;1;1;0;0;0;0;0;POINT (13.31184 52.50057)
4;2019;5;8;2;3;5;3;0;0;1;0;1;0;0;0;POINT (13.30607 52.52573)
12;2019;5;8;2;3;2;2;0;0;1;0;0;0;1;0;POINT (13.34719 52.59621)
1;2019;5;7;2;3;1;5;0;1;1;0;0;0;0;0;POINT (13.3822 52.51375)
12;2019;5;7;2;3;5;3;0;1;1;0;0;0;0;0;POINT (13.30951 52.60386)
1;2019;5;7;2;3;3;6;0;0;1;0;0;0;0;0;POINT (13.41711 52.52654)
12;2019;5;5;2;3;2;6;1;0;1;0;1;0;0;1;POINT (13.33081 52.57147)
3;2019;5;15;1;2;5;2;0;1;1;0;0;0;0;0;POINT (13.41032 52.55083)
6;2019;5;10;1;3;1;5;0;0;1;0;0;0;0;0;POINT (13.32367 52.43079)
1;2019;5;16;1;3;2;2;0;0;1;0;0;0;1;0;POINT (13.40252 52.51185)
1;2019;5;22;1;3;5;3;2;1;1;0;0;0;0;0;POINT (13.34289 52.52637)
4;2019;5;20;1;2;6;4;2;0;1;1;0;0;0;0;POINT (13.32235 52.52119)
1;2019;5;19;1;2;5;3;0;1;1;0;0;0;0;0;POINT (13.41363 52.51129)
1;2019;5;19;1;3;2;6;2;0;1;0;0;0;0;0;POINT (13.35826 52.5012)
2;2019;5;18;1;3;0;2;0;1;1;0;0;0;0;0;POINT (13.38935 52.49611)
6;2019;5;18;1;3;2;6;0;0;1;0;0;0;0;1;POINT (13.27069 52.45066)
7;2019;5;17;1;2;2;6;0;0;1;0;1;0;0;0;POINT (13.37582 52.45748)
7;2019;5;16;1;3;5;3;0;1;1;0;0;0;0;0;POINT (13.35497 52.49017)
11;2019;5;17;1;3;5;3;0;0;1;0;0;0;0;0;POINT (13.51947 52.54626)
6;2019;5;16;1;3;1;5;0;1;1;0;0;0;0;0;POINT (13.1851 52.42867)
6;2019;5;16;1;3;2;6;0;0;1;0;0;0;0;0;POINT (13.30214 52.43805)
5;2019;5;17;1;3;1;5;0;0;1;0;0;0;1;0;POINT (13.24243 52.52803)
3;2019;5;16;1;3;5;2;0;1;1;0;0;0;0;0;POINT (13.41431 52.55361)
4;2019;5;16;1;3;0;3;0;0;1;0;0;0;1;0;POINT (13.31942 52.50147)
8;2019;5;15;1;3;2;6;0;0;1;0;0;0;0;0;POINT (13.47124 52.42971)
1;2019;5;15;1;3;1;5;0;1;1;0;0;0;1;0;POINT (13.3943 52.51509)
3;2019;5;14;1;3;1;5;0;1;1;0;0;0;0;0;POINT (13.49368 52.62664)
6;2019;5;14;1;3;5;2;0;1;1;0;0;0;0;0;POINT (13.29287 52.45806)
4;2019;5;13;1;3;0;5;0;0;1;0;0;0;0;0;POINT (13.32609 52.50804)
9;2019;5;13;1;3;5;3;0;1;1;0;0;0;0;0;POINT (13.67051 52.42201)
12;2019;5;16;1;3;5;3;0;1;1;0;0;0;0;0;POINT (13.37353 52.5747)
7;2019;5;13;1;3;5;3;0;1;1;0;0;0;0;0;POINT (13.37174 52.45288)
6;2019;5;12;1;3;1;5;0;0;1;0;0;0;0;0;POINT (13.30254 52.4252)
7;2019;5;11;1;2;3;6;0;1;0;0;0;1;0;0;POINT (13.38734 52.43989)
7;2019;5;6;1;3;5;3;0;0;1;0;1;0;0;0;POINT (13.42002 52.40164)
10;2019;5;7;1;3;6;2;0;0;1;1;0;0;0;0;POINT (13.60714 52.53366)
4;2019;5;12;1;3;5;2;0;1;1;0;0;0;0;0;POINT (13.29816 52.47345)
6;2019;5;7;1;3;6;4;0;1;0;1;0;0;0;0;POINT (13.2831 52.45881)
8;2019;5;6;1;3;5;3;0;0;1;0;1;0;0;0;POINT (13.47358 52.46182)
3;2019;5;6;1;3;5;3;0;0;1;0;1;0;0;0;POINT (13.39765 52.58603)
6;2019;5;7;1;3;5;7;0;1;1;0;0;0;0;0;POINT (13.33751 52.42852)
5;2019;5;7;1;3;5;2;0;0;1;0;0;0;0;0;POINT (13.21136 52.53223)
12;2019;5;7;1;3;6;4;0;0;1;1;0;0;0;0;POINT (13.35313 52.59652)
7;2019;5;8;1;2;5;3;0;0;1;0;0;0;0;0;POINT (13.38445 52.48022)
6;2019;5;8;1;3;0;3;0;0;1;0;1;0;0;0;POINT (13.28492 52.41743)
11;2019;5;8;1;2;6;4;0;0;1;1;0;0;0;0;POINT (13.51928 52.51346)
1;2019;5;9;1;3;3;6;0;1;0;0;0;0;0;0;POINT (13.39667 52.51563)
9;2019;5;9;1;3;3;6;0;0;1;0;0;0;1;0;POINT (13.53965 52.43492)
4;2019;5;9;1;3;6;4;0;0;1;1;0;0;0;0;POINT (13.3306 52.4787)
6;2019;5;10;1;3;5;2;0;0;1;0;0;0;0;0;POINT (13.27051 52.4509)
1;2019;5;10;1;3;5;3;0;1;0;0;0;0;1;0;POINT (13.4177 52.51797)
4;2019;5;10;1;2;2;6;0;0;1;0;0;0;0;0;POINT (13.24975 52.52389)
4;2019;5;10;1;3;2;6;0;1;1;0;0;0;0;0;POINT (13.31339 52.50443)
4;2019;5;11;1;3;1;5;0;1;1;0;0;0;0;0;POINT (13.30752 52.50572)
9;2019;5;11;1;3;5;2;0;1;1;0;0;0;0;0;POINT (13.50352 52.46068)
12;2019;5;11;1;3;6;4;0;0;1;1;0;0;0;0;POINT (13.3791 52.5687)
5;2019;5;11;1;3;5;2;0;1;1;0;0;0;0;0;POINT (13.20473 52.54418)
9;2019;5;12;1;3;0;1;0;1;0;0;0;0;0;0;POINT (13.62475 52.45118)
5;2019;5;12;1;3;3;6;0;0;1;0;0;0;0;0;POINT (13.17344 52.53363)
1;2019;5;5;7;3;6;4;1;1;0;1;0;0;0;0;POINT (13.38683 52.53916)
1;2019;5;15;7;3;5;2;0;1;1;0;0;0;0;0;POINT (13.37663 52.50938)
8;2019;5;17;7;3;0;7;0;0;1;0;1;0;0;0;POINT (13.4481 52.47779)
6;2019;5;17;7;3;1;5;0;1;1;0;0;0;0;0;POINT (13.34482 52.43745)
8;2019;5;14;7;3;5;2;0;1;1;0;0;0;0;0;POINT (13.42907 52.47191)
3;2019;5;14;7;3;6;4;0;1;0;1;0;0;0;0;POINT (13.42192 52.53553)
8;2019;5;12;7;3;6;4;0;0;0;1;1;0;0;0;POINT (13.43002 52.46985)
2;2019;5;14;7;2;6;4;0;1;0;1;0;0;0;0;POINT (13.40089 52.49327)
10;2019;5;18;7;2;6;4;0;0;1;1;0;0;0;0;POINT (13.59176 52.5294)
8;2019;5;20;7;2;5;3;1;0;1;0;0;0;0;0;POINT (13.49112 52.42396)
2;2019;5;11;7;2;6;4;0;0;1;1;0;0;0;0;POINT (13.41597 52.49869)
8;2019;5;9;7;3;5;3;0;0;1;0;1;0;0;0;POINT (13.40996 52.41648)
4;2019;5;8;7;2;0;2;0;0;1;0;0;0;0;0;POINT (13.31305 52.50061)
12;2019;5;3;7;2;1;5;2;0;1;0;0;0;0;0;POINT (13.30708 52.60237)
6;2019;5;13;7;3;2;6;0;0;1;0;0;0;1;0;POINT (13.31868 52.45445)
12;2019;5;14;7;3;5;2;0;0;1;0;0;0;0;0;POINT (13.28078 52.59379)
7;2019;5;16;6;2;6;2;0;0;0;1;0;0;1;0;POINT (13.34568 52.49421)
4;2019;5;12;6;3;1;5;0;0;1;0;0;0;0;0;POINT (13.33393 52.48596)
3;2019;5;19;6;3;5;2;1;1;1;0;0;0;0;0;POINT (13.42872 52.57798)
1;2019;5;17;6;3;5;3;0;1;0;0;0;0;1;0;POINT (13.40521 52.5341)
12;2019;5;21;6;2;6;4;2;0;1;1;0;0;0;0;POINT (13.33912 52.59757)
12;2019;5;21;6;3;6;6;2;0;1;1;0;0;0;0;POINT (13.33907 52.59844)
1;2019;5;19;6;3;5;2;0;1;1;0;0;0;0;0;POINT (13.34518 52.55442)
9;2019;5;19;6;3;5;3;0;0;1;0;0;0;0;0;POINT (13.56616 52.43945)
7;2019;5;17;6;3;5;2;0;0;1;0;1;0;0;0;POINT (13.37396 52.44513)
9;2019;5;18;6;3;2;6;0;0;1;0;0;0;0;1;POINT (13.58059 52.4431)
10;2019;5;18;6;2;1;5;0;0;1;0;1;0;0;0;POINT (13.6245 52.48967)
1;2019;5;18;6;3;2;6;0;0;1;0;0;0;0;0;POINT (13.3517 52.54282)
10;2019;5;17;6;3;5;3;0;0;1;0;1;0;0;0;POINT (13.60132 52.53582)
1;2019;5;16;6;3;1;5;0;0;1;0;0;0;0;0;POINT (13.42014 52.51004)
2;2019;5;1;6;3;5;3;2;0;1;0;0;0;0;1;POINT (13.43281 52.49471)
5;2019;5;14;6;2;0;6;0;0;1;0;0;0;1;0;POINT (13.16344 52.51991)
1;2019;5;14;6;3;6;4;0;0;1;1;0;0;0;1;POINT (13.34869 52.55052)
10;2019;5;13;6;2;0;1;0;1;0;0;0;0;0;0;POINT (13.58624 52.5386)
8;2019;5;13;6;3;5;2;0;1;1;0;0;0;0;0;POINT (13.49754 52.41607)
12;2019;5;12;6;3;5;3;0;1;1;0;0;0;0;0;POINT (13.34041 52.61584)
3;2019;5;11;6;3;5;3;0;0;1;0;0;0;0;0;POINT (13.47403 52.60999)
6;2019;5;10;6;3;0;1;0;0;1;0;0;0;0;0;POINT (13.18652 52.42555)
4;2019;5;3;5;3;1;1;2;0;1;0;0;0;0;0;POINT (13.31957 52.47888)
10;2019;5;8;5;3;5;2;0;1;1;0;0;0;0;0;POINT (13.61389 52.50399)
9;2019;5;12;5;3;6;7;0;0;1;1;0;0;0;0;POINT (13.57884 52.45799)
5;2019;5;14;5;3;6;6;0;0;1;1;0;0;0;0;POINT (13.13638 52.45227)
7;2019;5;22;5;3;2;2;2;0;1;0;0;0;0;0;POINT (13.32996 52.4663)
7;2019;5;6;5;3;3;6;0;0;1;0;0;0;1;0;POINT (13.37686 52.46131)
2;2019;5;21;5;3;6;4;2;1;0;1;0;0;0;0;POINT (13.44211 52.49852)