bez;ujahr;umonat;ustunde;uwochentag;ukategorie;uart;utyp1;ulichtverh;istrad;istpkw;istfuss;istkrad;istgkfz;istsonstige;ustrzustand;geometry
8;2019;5;19;5;3;1;5;0;1;1;0;0;0;1;0;POINT (13.43961 52.48153)
8;2019;5;7;5;3;5;3;0;0;1;0;0;0;0;0;POINT (13.42819 52.4934)
12;2019;5;18;5;3;5;2;0;0;1;0;0;0;0;0;POINT (13.35392 52.56209)
7;2019;5;18;5;3;1;5;0;1;1;0;0;0;1;0;POINT (13.36792 52.4933)
11;2019;5;7;5;3;1;1;0;0;1;0;0;1;0;0;POINT (13.49427 52.55952)
9;2019;5;17;5;3;5;3;0;1;1;0;0;0;0;0;POINT (13.52233 52.42856)
1;2019;5;8;5;3;5;2;0;1;1;0;0;0;0;0;POINT (13.40947 52.5288)
1;2019;5;8;5;3;1;5;0;1;1;0;0;0;0;0;POINT (13.38234 52.51346)
6;2019;5;0;5;3;1;5;2;1;0;0;0;1;1;0;POINT (13.14148 52.4117)
1;2019;5;8;5;3;2;6;0;0;1;0;1;0;0;0;POINT (13.37448 52.52802)
5;2019;5;9;5;2;6;4;0;0;1;1;0;0;0;0;POINT (13.19603 52.52095)
7;2019;5;9;5;2;6;4;0;0;1;1;0;0;0;0;POINT (13.3834 52.41128)
1;2019;5;9;5;3;5;5;0;0;1;0;1;0;0;0;POINT (13.39121 52.50865)
1;2019;5;10;5;3;1;5;0;0;1;0;1;0;0;0;POINT (13.33236 52.51961)
6;2019;5;11;5;3;2;6;0;0;1;0;0;0;0;0;POINT (13.33149 52.46375)
5;2019;5;12;5;3;2;6;0;0;1;0;0;0;0;0;POINT (13.19958 52.53442)
8;2019;5;12;5;3;5;2;0;1;0;0;0;0;1;0;POINT (13.43385 52.48981)
2;2019;5;13;5;2;5;3;0;0;1;0;1;0;0;0;POINT (13.39632 52.49105)
6;2019;5;13;5;3;5;7;0;1;1;0;0;0;0;0;POINT (13.31428 52.45755)
3;2019;5;13;5;3;0;7;0;0;1;0;1;0;0;0;POINT (13.42536 52.54341)
1;2019;5;14;5;3;2;6;0;0;1;0;1;0;0;0;POINT (13.39025 52.55555)
2;2019;5;15;5;3;5;7;0;0;1;0;1;0;0;0;POINT (13.3757 52.48934)
12;2019;5;15;5;2;5;2;0;1;1;0;0;0;0;0;POINT (13.3341 52.58978)
1;2019;5;16;4;3;1;5;0;1;1;0;0;0;1;0;POINT (13.3919 52.51004)
3;2019;5;8;4;3;5;3;0;1;1;0;0;0;0;0;POINT (13.44589 52.54465)
8;2019;5;6;4;2;2;7;0;0;1;0;1;0;0;0;POINT (13.46981 52.4629)
1;2019;5;11;4;3;6;2;0;0;1;1;0;0;0;0;POINT (13.39113 52.51399)
9;2019;5;18;4;3;5;2;0;1;1;0;0;0;0;0;POINT (13.54514 52.42573)
1;2019;5;18;4;3;0;3;0;1;1;0;0;0;0;0;POINT (13.40881 52.51195)
1;2019;5;8;4;3;5;3;0;1;1;0;0;0;0;0;POINT (13.41963 52.50617)
12;2019;5;16;4;3;5;2;0;1;1;0;0;0;0;0;POINT (13.3133 52.57682)
4;2019;5;15;4;3;1;5;0;0;1;0;1;0;0;0;POINT (13.32689 52.52193)
2;2019;5;14;4;3;5;5;0;1;1;0;0;0;0;0;POINT (13.41452 52.50442)
8;2019;5;15;4;2;5;2;0;0;1;0;0;0;0;0;POINT (13.44697 52.42709)
12;2019;5;15;4;3;2;6;0;0;1;0;0;0;0;0;POINT (13.31864 52.58138)
3;2019;5;15;4;2;5;2;0;0;1;0;1;0;0;0;POINT (13.47482 52.54959)
6;2019;5;9;4;2;5;3;0;1;1;0;0;0;0;0;POINT (13.30978 52.46657)
5;2019;5;12;4;3;5;3;0;0;0;0;1;0;1;0;POINT (13.21942 52.53898)
1;2019;5;12;4;3;5;2;0;1;0;0;0;1;0;0;POINT (13.32817 52.53534)
4;2019;5;11;4;3;5;3;0;0;1;0;0;0;0;0;POINT (13.29278 52.50669)
6;2019;5;15;4;3;6;7;0;0;1;1;0;0;0;0;POINT (13.32076 52.45706)
9;2019;5;15;4;3;6;7;0;0;1;1;0;0;0;0;POINT (13.53927 52.4008)
7;2019;5;10;4;3;5;3;0;1;1;0;0;0;0;0;POINT (13.36643 52.49526)
2;2019;5;10;4;3;5;2;0;0;1;0;0;0;1;0;POINT (13.46404 52.50049)
7;2019;5;8;4;3;2;6;0;0;1;0;0;0;1;0;POINT (13.34815 52.46416)
1;2019;5;8;4;3;3;6;0;0;0;0;0;0;1;0;POINT (13.4097 52.52261)
2;2019;5;8;4;2;0;1;0;0;0;0;1;0;0;0;POINT (13.39808 52.50681)
2;2019;5;0;4;3;1;5;2;1;1;0;0;0;0;0;POINT (13.43138 52.51355)
7;2019;5;8;4;3;0;1;0;1;0;0;0;0;0;0;POINT (13.37642 52.45938)
2;2019;5;16;3;3;6;2;0;1;0;1;0;0;0;0;POINT (13.43496 52.50864)
6;2019;5;19;3;3;5;2;0;0;1;0;0;0;0;0;POINT (13.30969 52.43146)
8;2019;5;19;3;2;3;6;0;0;1;0;0;0;0;0;POINT (13.43383 52.48198)
2;2019;5;22;3;3;6;4;2;1;0;1;0;0;0;0;POINT (13.42748 52.49902)
3;2019;5;12;3;3;5;2;0;1;1;0;0;0;0;0;POINT (13.47695 52.56699)
5;2019;5;21;3;2;2;6;2;0;1;0;1;0;0;0;POINT (13.19362 52.53382)
12;2019;5;19;3;3;5;2;0;0;1;0;1;0;0;0;POINT (13.34609 52.59152)
2;2019;5;18;3;3;6;7;0;0;1;1;0;0;0;0;POINT (13.43739 52.51089)
9;2019;5;18;3;3;6;2;0;0;1;1;0;0;0;0;POINT (13.45414 52.49594)
7;2019;5;14;3;3;6;7;0;1;0;1;0;0;0;0;POINT (13.38525 52.46362)
4;2019;5;13;3;3;5;2;0;0;1;0;1;0;0;0;POINT (13.29594 52.49594)
6;2019;5;13;3;3;1;5;0;1;1;0;0;0;1;0;POINT (13.30236 52.4573)
5;2019;5;12;3;3;2;2;0;0;1;0;1;0;0;0;POINT (13.24287 52.54371)
4;2019;5;12;3;3;3;6;0;1;1;0;0;0;0;0;POINT (13.31384 52.51563)
2;2019;5;17;3;3;5;2;0;0;1;0;1;0;0;0;POINT (13.40171 52.50105)
8;2019;5;12;3;3;5;3;0;0;1;0;0;0;0;0;POINT (13.43511 52.42865)
12;2019;5;12;3;3;5;3;0;1;1;0;0;0;0;0;POINT (13.29426 52.62946)
4;2019;5;15;3;3;0;2;0;0;1;0;0;0;1;0;POINT (13.32461 52.49876)
4;2019;5;15;3;3;0;6;0;1;1;0;0;0;0;0;POINT (13.32029 52.48493)
10;2019;5;16;3;3;2;1;0;0;1;0;0;0;0;0;POINT (13.57686 52.51323)
2;2019;5;10;3;3;0;1;0;0;0;0;1;0;0;1;POINT (13.4103 52.50378)
12;2019;4;17;2;3;5;3;0;1;1;0;0;0;0;0;POINT (13.29542 52.58278)
7;2019;4;6;2;2;5;3;0;0;1;0;1;0;0;0;POINT (13.36596 52.49529)
1;2019;4;9;2;3;2;2;0;0;1;0;0;0;0;0;POINT (13.3845 52.55601)
9;2019;4;15;2;3;6;6;0;1;0;1;0;0;0;0;POINT (13.54001 52.43485)
2;2019;4;17;2;3;1;5;0;0;1;0;1;0;0;0;POINT (13.41831 52.49992)
1;2019;4;7;2;3;2;6;1;0;1;0;0;0;0;0;POINT (13.33445 52.54269)
9;2019;4;23;2;3;5;3;2;0;1;0;1;0;0;0;POINT (13.52249 52.42839)
1;2019;4;15;2;2;5;2;0;0;0;0;1;0;1;0;POINT (13.37458 52.53723)
1;2019;4;15;2;3;3;6;0;1;1;0;0;0;0;0;POINT (13.38035 52.55279)
9;2019;4;15;2;3;5;3;0;1;1;0;0;0;0;0;POINT (13.50358 52.44523)
7;2019;4;15;2;3;5;3;0;1;0;0;0;0;1;0;POINT (13.37679 52.48347)
7;2019;4;15;2;3;5;3;0;1;1;0;0;0;0;0;POINT (13.32501 52.4664)
4;2019;4;15;2;2;5;7;0;1;1;0;0;0;0;0;POINT (13.27924 52.50108)
2;2019;4;15;2;2;5;2;0;1;1;0;0;0;0;0;POINT (13.40165 52.50614)
1;2019;4;15;2;2;5;7;0;0;1;0;1;0;0;0;POINT (13.34771 52.53105)
2;2019;4;14;2;3;5;3;0;1;1;0;0;0;0;0;POINT (13.39898 52.50376)
1;2019;4;14;2;3;5;2;0;1;0;0;0;1;0;0;POINT (13.32653 52.5326)
10;2019;4;14;2;3;3;6;0;1;0;0;0;0;1;0;POINT (13.61403 52.48788)
4;2019;4;15;2;3;1;5;0;0;1;0;0;0;0;0;POINT (13.2895 52.50942)
7;2019;4;13;2;3;5;7;0;1;1;0;0;0;0;0;POINT (13.35585 52.48621)
4;2019;4;11;2;3;5;2;0;1;1;0;0;0;0;0;POINT (13.31513 52.49414)
9;2019;4;6;2;3;5;7;0;0;1;0;0;1;0;0;POINT (13.50901 52.46654)
3;2019;5;18;4;3;2;6;0;0;1;0;0;0;0;0;POINT (13.43894 52.5475)
10;2019;4;6;2;3;1;5;0;0;1;0;0;1;0;0;POINT (13.53438 52.53966)
5;2019;4;6;2;3;5;3;0;0;1;0;0;0;0;0;POINT (13.23728 52.54631)
7;2019;5;18;4;3;5;3;0;0;1;0;0;0;0;0;POINT (13.38359 52.43583)
3;2019;5;14;4;3;5;3;0;1;0;0;0;0;0;1;POINT (13.40845 52.55097)
1;2019;4;6;2;3;2;6;0;0;1;0;0;0;0;0;POINT (13.37516 52.55645)
10;2019;5;14;4;2;2;6;0;0;1;0;0;0;0;1;POINT (13.5638 52.51878)
11;2019;5;14;4;3;5;3;0;1;1;0;0;0;0;1;POINT (13.51616 52.50563)
6;2019;5;16;5;3;1;5;0;1;1;0;0;0;0;0;POINT (13.32182 52.45977)
11;2019;5;16;5;3;2;2;0;0;0;0;1;0;1;0;POINT (13.45893 52.52599)
2;2019;5;16;5;3;2;6;0;0;1;0;1;0;0;0;POINT (13.42432 52.51324)
12;2019;5;15;5;2;2;6;0;0;1;0;0;0;0;0;POINT (13.29554 52.55016)
1;2019;5;15;5;3;1;5;0;1;1;0;0;0;0;0;POINT (13.37931 52.52455)
5;2019;5;15;5;3;5;2;0;0;1;0;1;0;0;0;POINT (13.17497 52.47475)
2;2019;5;15;5;3;2;6;0;0;1;0;0;0;1;0;POINT (13.39292 52.50686)
11;2019;5;13;5;3;5;2;0;0;0;0;0;1;1;0;POINT (13.46918 52.54264)
4;2019;5;13;5;2;5;2;0;1;1;0;0;0;0;0;POINT (13.32612 52.49472)
1;2019;5;13;5;3;0;5;0;1;0;0;0;0;1;0;POINT (13.39014 52.52777)
2;2019;5;13;5;3;5;3;0;0;1;0;0;0;0;0;POINT (13.41631 52.50164)
11;2019;5;12;5;3;3;6;0;1;0;0;0;0;1;0;POINT (13.46889 52.50092)
9;2019;5;11;5;3;0;3;0;0;1;0;0;0;1;0;POINT (13.54206 52.42936)
9;2019;5;9;4;3;3;6;0;1;0;0;0;0;1;0;POINT (13.44445 52.49298)
6;2019;5;20;4;3;2;6;1;0;1;0;0;0;0;0;POINT (13.31527 52.44972)
5;2019;5;19;4;3;5;2;0;0;1;0;0;0;0;1;POINT (13.27184 52.5366)
1;2019;5;19;4;3;5;3;0;1;1;0;0;0;0;1;POINT (13.36132 52.53137)
1;2019;5;19;4;3;2;6;0;0;1;0;0;0;0;1;POINT (13.36374 52.55634)
12;2019;5;23;4;3;0;1;2;0;0;0;1;0;0;1;POINT (13.29788 52.57815)
6;2019;5;8;4;3;0;1;0;0;0;0;0;0;1;1;POINT (13.30515 52.41789)
5;2019;5;12;4;3;2;4;0;0;1;1;0;0;0;1;POINT (13.20215 52.54679)
4;2019;5;12;4;3;2;6;0;0;1;0;0;1;0;1;POINT (13.28152 52.50132)
6;2019;5;12;4;3;6;2;0;0;0;1;0;0;1;1;POINT (13.31014 52.41888)
2;2019;5;11;4;3;5;3;0;0;1;0;0;0;0;1;POINT (13.39859 52.49631)
10;2019;5;10;4;3;6;2;0;0;1;1;0;0;0;1;POINT (13.55952 52.53401)
2;2019;5;10;4;3;0;2;0;0;1;0;0;0;1;1;POINT (13.45166 52.51076)
2;2019;5;10;4;3;2;6;0;0;0;0;0;0;1;1;POINT (13.43421 52.50862)
2;2019;5;9;4;3;5;3;0;1;1;0;0;0;0;1;POINT (13.43787 52.51017)
2;2019;5;9;4;3;5;3;0;0;1;0;1;0;0;1;POINT (13.42954 52.49822)
12;2019;5;9;4;3;5;3;0;0;1;0;0;0;0;1;POINT (13.3795 52.5707)
2;2019;5;8;4;3;2;6;0;0;1;0;0;0;0;1;POINT (13.39806 52.49653)
1;2019;5;8;4;3;5;2;0;0;1;0;0;0;0;1;POINT (13.37713 52.55371)
2;2019;5;8;4;2;5;2;0;0;1;0;1;0;0;1;POINT (13.46283 52.51499)
3;2019;5;8;4;3;4;6;0;0;1;0;0;1;0;1;POINT (13.44226 52.56981)
7;2019;5;6;4;3;6;2;0;0;1;1;0;0;0;1;POINT (13.37802 52.44255)
4;2019;5;5;4;2;1;1;1;0;1;0;0;0;0;1;POINT (13.32815 52.5214)
11;2019;5;2;4;2;6;4;2;0;0;1;0;1;0;1;POINT (13.48013 52.51949)
6;2019;5;17;4;2;6;4;0;0;1;1;0;0;0;0;POINT (13.34428 52.43371)
3;2019;5;17;4;3;2;6;0;0;1;0;1;0;0;1;POINT (13.41703 52.5283)
5;2019;5;13;4;3;1;5;0;1;1;0;0;0;0;1;POINT (13.21192 52.53216)
11;2019;5;17;4;2;1;5;0;1;1;0;0;0;0;0;POINT (13.50762 52.49175)
2;2019;5;17;4;3;1;5;0;1;1;0;0;0;0;0;POINT (13.44658 52.4986)
2;2019;5;16;4;3;0;2;0;0;0;0;1;0;1;1;POINT (13.46283 52.51498)
1;2019;5;16;4;3;6;4;0;0;1;1;0;0;0;1;POINT (13.37908 52.55243)
1;2019;5;15;4;3;6;2;0;0;1;1;0;0;0;1;POINT (13.38151 52.51508)
3;2019;5;15;4;3;1;5;0;1;1;0;0;0;0;1;POINT (13.42042 52.55618)
4;2019;5;15;4;3;5;5;0;0;0;0;1;0;1;1;POINT (13.32497 52.50997)
12;2019;5;15;4;2;0;1;0;0;0;0;1;0;0;1;POINT (13.32798 52.58833)
7;2019;5;14;4;3;2;6;0;0;1;0;0;0;0;1;POINT (13.3755 52.45598)
1;2019;5;14;4;3;2;6;0;0;1;0;0;0;0;1;POINT (13.38237 52.55588)
10;2019;5;10;3;3;2;6;0;0;1;0;0;0;0;0;POINT (13.57132 52.54586)
4;2019;5;10;3;2;5;3;0;0;1;0;1;0;0;0;POINT (13.2715 52.50969)
7;2019;5;11;3;3;5;2;0;1;1;0;0;0;0;0;POINT (13.41812 52.46044)
1;2019;5;12;3;3;5;3;0;1;1;0;0;0;0;0;POINT (13.40965 52.51829)
3;2019;5;14;3;3;2;6;0;0;0;0;0;1;1;0;POINT (13.41042 52.54118)
9;2019;5;14;3;3;5;3;0;1;1;0;0;0;0;1;POINT (13.58047 52.46256)
5;2019;5;15;3;3;1;5;0;1;1;0;0;0;0;0;POINT (13.16068 52.54853)
5;2019;5;16;3;3;5;3;0;1;1;0;0;0;0;0;POINT (13.19603 52.52735)
4;2019;5;16;3;3;2;6;0;0;1;0;0;0;0;0;POINT (13.28582 52.49522)
5;2019;5;16;3;3;2;6;0;0;1;0;0;0;0;0;POINT (13.12199 52.52875)
1;2019;5;17;3;3;1;5;0;1;1;0;0;0;0;0;POINT (13.40464 52.50796)
4;2019;5;17;3;3;2;6;0;0;1;0;0;0;0;0;POINT (13.28593 52.51877)
10;2019;5;18;3;3;5;3;0;1;1;0;0;0;0;0;POINT (13.60132 52.53582)
10;2019;5;15;3;2;6;4;0;0;1;1;0;0;0;1;POINT (13.61991 52.53911)
5;2019;5;12;3;3;0;5;0;0;1;0;0;0;1;0;POINT (13.13144 52.53642)
4;2019;5;17;3;3;2;6;0;0;1;0;0;0;0;0;POINT (13.30228 52.50764)
1;2019;5;10;3;3;2;6;0;0;1;0;0;0;0;0;POINT (13.3441 52.50636)
3;2019;5;10;3;3;2;2;0;0;0;0;1;0;0;0;POINT (13.40612 52.55409)
4;2019;5;9;3;2;6;7;0;0;1;1;0;0;0;0;POINT (13.30197 52.49897)
1;2019;5;9;3;3;5;3;0;1;1;0;0;0;0;0;POINT (13.34626 52.52496)
2;2019;5;9;3;3;5;2;0;1;1;0;0;0;0;0;POINT (13.40203 52.49254)
1;2019;5;9;3;3;2;6;0;1;0;0;0;0;0;0;POINT (13.42391 52.51366)
4;2019;5;9;3;3;3;6;0;0;1;0;0;0;0;0;POINT (13.28157 52.51264)
2;2019;5;9;3;3;2;2;0;0;1;0;0;0;0;0;POINT (13.38711 52.49315)
4;2019;5;22;3;3;0;2;2;0;1;0;1;0;0;0;POINT (13.30195 52.49912)
1;2019;5;8;3;3;2;3;0;1;1;0;0;0;0;0;POINT (13.38912 52.51563)
2;2019;5;8;3;3;6;2;0;0;0;1;0;0;1;0;POINT (13.41451 52.50011)
12;2019;5;8;3;3;5;3;0;1;1;0;0;0;0;0;POINT (13.30018 52.56997)
11;2019;5;8;3;3;1;5;0;1;1;0;0;0;0;0;POINT (13.47895 52.52036)
7;2019;5;7;3;3;5;3;0;1;1;0;0;0;0;0;POINT (13.34223 52.48395)
9;2019;5;7;3;3;6;4;0;0;1;1;0;0;0;0;POINT (13.53989 52.43501)
1;2019;5;21;3;3;8;1;2;0;1;0;0;0;0;1;POINT (13.37682 52.5434)
8;2019;5;7;3;3;6;4;0;0;1;1;0;0;0;0;POINT (13.44431 52.47385)
9;2019;5;7;3;3;5;3;0;0;1;0;1;0;0;0;POINT (13.56912 52.44416)
5;2019;5;7;3;2;5;2;0;1;1;0;0;0;0;0;POINT (13.22745 52.52841)
5;2019;5;6;3;3;2;6;0;0;1;0;0;0;0;0;POINT (13.27326 52.53622)
4;2019;5;18;3;3;5;2;0;1;1;0;0;0;0;1;POINT (13.32367 52.49361)
9;2019;5;7;2;3;4;6;0;1;0;0;0;0;0;0;POINT (13.57444 52.41391)
11;2019;5;6;2;3;5;2;0;1;1;0;0;0;0;0;POINT (13.47328 52.53617)
4;2019;5;18;2;3;5;2;0;0;1;0;0;0;0;0;POINT (13.32029 52.47879)
9;2019;5;17;2;3;6;4;0;0;1;1;0;0;0;0;POINT (13.57257 52.45137)
12;2019;5;16;2;3;6;2;0;0;1;1;0;0;0;0;POINT (13.31428 52.57669)
1;2019;5;16;2;2;6;4;0;0;1;1;0;0;0;0;POINT (13.37382 52.55798)
5;2019;5;5;2;3;5;2;0;1;1;0;0;0;0;0;POINT (13.22137 52.53686)
5;2019;5;19;2;3;5;3;0;0;1;0;0;0;0;0;POINT (13.17167 52.54992)
5;2019;5;16;2;2;5;7;0;0;1;0;0;1;0;0;POINT (13.24798 52.54543)
1;2019;5;17;2;3;8;1;0;0;1;0;0;0;0;0;POINT (13.38735 52.52578)
1;2019;5;13;2;3;5;2;0;0;1;0;0;0;0;0;POINT (13.3786 52.54478)
4;2019;5;22;2;2;6;4;2;0;1;1;0;0;0;0;POINT (13.29009 52.49692)
7;2019;5;13;2;3;5;2;0;1;1;0;0;0;0;0;POINT (13.39287 52.39134)
12;2019;5;13;2;3;5;3;0;1;1;0;0;0;0;0;POINT (13.33912 52.59755)
3;2019;5;13;2;3;5;2;0;1;1;0;0;0;0;0;POINT (13.42789 52.54553)
7;2019;5;11;2;3;5;2;0;1;1;0;0;0;0;0;POINT (13.32843 52.46479)
7;2019;5;9;2;3;5;2;0;1;1;0;0;0;0;0;POINT (13.34618 52.501)
11;2019;5;9;2;3;0;7;0;1;0;0;0;0;0;0;POINT (13.53068 52.48377)
9;2019;5;15;2;3;0;4;0;0;0;1;0;0;1;0;POINT (13.58058 52.44336)
7;2019;5;9;2;2;5;7;0;0;1;0;0;0;0;0;POINT (13.38735 52.4118)
6;2019;5;9;2;3;2;6;0;0;1;0;0;0;0;0;POINT (13.27071 52.45113)
5;2019;5;8;2;3;3;2;0;0;1;0;0;1;0;0;POINT (13.19824 52.53302)
3;2019;5;8;2;3;2;6;0;0;1;0;0;1;0;0;POINT (13.42107 52.57305)
7;2019;5;7;2;3;5;2;0;1;0;0;0;0;1;0;POINT (13.37301 52.43683)
5;2019;5;7;2;3;5;7;0;0;1;0;1;0;0;0;POINT (13.19112 52.55611)
3;2019;5;7;2;3;5;3;0;0;1;0;0;0;0;0;POINT (13.42215 52.55393)
9;2019;5;16;2;3;2;6;0;0;1;0;0;0;1;0;POINT (13.5373 52.43803)
3;2019;5;16;2;3;5;3;0;1;1;0;0;0;0;0;POINT (13.41192 52.54274)
3;2019;5;16;2;3;5;3;0;1;1;0;0;0;0;0;POINT (13.42702 52.55221)
8;2019;5;15;2;3;2;6;0;0;1;0;0;0;0;0;POINT (13.49136 52.42856)
2;2019;5;15;2;3;1;5;0;1;1;0;0;0;0;0;POINT (13.43384 52.50192)
7;2019;5;15;2;3;1;5;0;1;0;0;0;0;1;0;POINT (13.37553 52.46166)
1;2019;5;11;2;3;5;3;0;1;0;0;1;0;0;0;POINT (13.35227 52.52402)
8;2019;5;11;2;3;0;6;0;1;0;0;0;0;1;0;POINT (13.43184 52.4666)
10;2019;5;14;1;3;5;3;0;0;1;0;0;0;0;0;POINT (13.57354 52.55233)
2;2019;5;16;1;3;6;7;0;1;0;1;0;0;0;0;POINT (13.39989 52.496)
3;2019;5;12;1;3;1;5;0;1;1;0;0;0;0;0;POINT (13.46413 52.52296)
7;2019;5;9;1;2;0;5;0;0;1;0;0;0;1;0;POINT (13.35468 52.41333)
11;2019;5;15;1;3;5;3;0;1;1;0;0;0;0;0;POINT (13.50236 52.50875)
5;2019;5;11;1;2;0;1;0;0;1;0;1;0;0;0;POINT (13.17809 52.51685)
1;2019;5;9;1;3;3;6;0;1;0;0;0;0;0;0;POINT (13.40856 52.51213)
2;2019;5;15;1;3;5;3;0;0;1;0;0;0;0;0;POINT (13.43028 52.5105)
11;2019;5;15;1;3;6;7;0;0;0;1;1;0;0;0;POINT (13.52757 52.56744)
3;2019;5;14;1;3;2;2;0;1;1;0;0;0;0;0;POINT (13.44908 52.52888)
11;2019;5;14;1;3;5;2;0;1;1;0;0;0;0;0;POINT (13.5232 52.49557)
11;2019;5;14;1;2;5;7;0;0;1;0;0;0;1;0;POINT (13.5199 52.5058)
5;2019;5;14;1;3;5;3;0;1;1;0;0;0;0;0;POINT (13.26181 52.54136)
8;2019;5;13;1;3;2;6;0;0;1;0;0;0;0;0;POINT (13.47436 52.43875)
2;2019;5;11;1;3;5;2;0;0;1;0;1;0;0;0;POINT (13.44551 52.49921)
1;2019;5;10;1;3;2;2;0;1;1;0;0;0;0;0;POINT (13.37462 52.53731)
10;2019;5;9;1;3;2;6;0;0;1;0;0;0;0;0;POINT (13.5636 52.54472)
8;2019;5;10;1;3;0;1;0;0;0;0;1;0;0;0;POINT (13.43512 52.48329)
1;2019;5;9;1;2;5;2;0;1;0;0;0;1;0;0;POINT (13.40977 52.52402)
11;2019;5;15;1;3;5;3;0;0;1;0;0;0;0;0;POINT (13.49394 52.54112)
9;2019;5;14;1;3;8;1;0;0;1;0;0;0;0;0;POINT (13.58672 52.42437)
2;2019;5;8;1;2;5;2;0;1;1;0;0;0;0;0;POINT (13.43415 52.49664)
1;2019;5;8;1;3;1;5;0;1;1;0;0;0;1;0;POINT (13.39989 52.50931)
7;2019;5;8;1;2;6;4;0;0;0;1;1;0;0;0;POINT (13.34978 52.5005)
6;2019;5;8;1;3;2;7;0;0;1;0;1;1;0;0;POINT (13.34307 52.46271)
9;2019;5;8;1;3;5;2;0;1;0;0;0;1;0;0;POINT (13.56418 52.42446)
6;2019;5;7;1;3;0;1;0;0;0;0;1;0;0;0;POINT (13.27945 52.46208)
4;2019;5;7;1;3;5;3;0;0;1;0;1;0;0;0;POINT (13.31623 52.47632)
7;2019;5;12;1;3;5;3;0;1;1;0;0;0;0;0;POINT (13.38222 52.4011)
2;2019;5;20;1;3;5;3;0;0;1;0;0;0;1;0;POINT (13.46881 52.51095)
7;2019;5;19;1;3;1;1;0;0;1;0;0;0;0;0;POINT (13.38254 52.45245)
12;2019;5;18;1;3;2;6;0;0;1;0;0;0;0;0;POINT (13.33099 52.56243)
12;2019;5;18;1;2;6;4;1;0;1;1;0;0;0;0;POINT (13.32075 52.57594)
4;2019;5;18;1;3;6;7;0;0;1;1;0;0;0;0;POINT (13.3108 52.47938)
10;2019;5;17;1;3;5;3;0;1;1;0;0;0;0;0;POINT (13.59889 52.54647)
1;2019;5;17;1;3;1;5;0;1;0;0;0;0;1;0;POINT (13.41439 52.50833)
5;2019;5;16;1;2;6;4;0;0;1;1;0;0;0;0;POINT (13.1955 52.53348)
2;2019;5;16;1;3;5;3;0;0;1;0;0;0;1;0;POINT (13.44909 52.52434)
9;2019;5;15;1;3;5;2;0;1;0;0;0;0;1;0;POINT (13.4542 52.49395)
1;2019;5;13;1;3;5;3;0;1;1;0;0;0;0;0;POINT (13.4173 52.51243)
5;2019;5;12;1;3;3;3;0;0;1;0;0;0;0;0;POINT (13.16819 52.55076)
8;2019;5;20;7;3;0;7;1;1;1;0;0;0;0;0;POINT (13.46266 52.47753)
4;2019;5;19;7;3;1;7;0;1;1;0;0;0;0;0;POINT (13.30021 52.49864)
6;2019;5;18;7;3;5;7;0;0;1;0;1;0;0;0;POINT (13.31073 52.43232)
7;2019;5;17;7;3;5;2;0;1;1;0;0;0;0;0;POINT (13.35321 52.49803)
6;2019;5;17;7;3;1;5;0;1;1;0;0;0;0;0;POINT (13.30647 52.41035)
9;2019;5;16;7;3;6;7;0;0;0;1;1;0;0;0;POINT (13.62352 52.45662)
9;2019;5;16;7;3;5;2;0;1;1;0;0;0;0;0;POINT (13.57222 52.4511)
3;2019;5;16;7;3;2;6;0;0;1;0;1;0;0;0;POINT (13.42975 52.55152)
6;2019;5;16;7;3;5;3;0;0;1;0;0;0;0;0;POINT (13.23384 52.43864)
6;2019;5;12;7;3;1;7;0;1;1;0;0;0;0;0;POINT (13.31186 52.43503)
10;2019;5;15;7;3;5;2;0;0;1;0;0;0;0;0;POINT (13.60943 52.53306)
9;2019;5;14;7;3;3;6;0;0;1;0;0;0;0;0;POINT (13.59023 52.4706)
3;2019;5;12;7;3;0;3;0;1;1;0;0;0;0;0;POINT (13.45395 52.59331)
8;2019;5;16;7;3;3;6;0;1;1;0;0;0;0;0;POINT (13.43515 52.49117)
1;2019;5;11;7;2;5;7;0;0;1;0;1;0;0;0;POINT (13.32846 52.53237)
2;2019;5;9;7;3;4;6;0;1;0;0;0;0;0;0;POINT (13.38468 52.49363)
4;2019;5;10;7;2;5;2;0;0;1;0;0;0;0;0;POINT (13.27915 52.50371)
2;2019;5;13;7;3;6;4;0;1;0;1;0;0;0;0;POINT (13.42217 52.48708)
1;2019;5;13;7;3;2;2;0;1;1;0;0;0;0;0;POINT (13.38735 52.52384)
9;2019;5;10;7;3;5;2;0;0;1;0;0;0;1;0;POINT (13.55438 52.4557)
8;2019;5;4;7;3;5;7;1;0;1;0;0;0;0;1;POINT (13.42885 52.48414)
9;2019;5;20;7;3;0;7;0;0;1;0;0;0;0;0;POINT (13.45825 52.4859)
12;2019;5;19;7;2;5;3;0;0;1;0;0;0;0;0;POINT (13.36048 52.59937)
7;2019;5;12;6;3;5;3;0;1;0;0;0;0;1;0;POINT (13.34483 52.48006)
5;2019;5;18;7;3;5;3;0;0;1;0;1;0;0;0;POINT (13.15439 52.5329)
1;2019;5;14;6;3;6;2;0;0;1;1;0;0;0;0;POINT (13.34627 52.55254)
4;2019;5;18;7;2;2;6;0;0;1;0;0;0;0;0;POINT (13.3356 52.50533)
5;2019;5;17;7;2;6;4;0;0;1;1;0;0;0;0;POINT (13.21435 52.56476)
1;2019;5;11;6;3;3;6;0;1;0;0;0;0;0;0;POINT (13.33935 52.52648)
4;2019;5;16;7;3;1;5;0;0;1;0;0;0;0;0;POINT (13.28549 52.48138)
1;2019;5;17;7;2;5;2;0;0;1;0;0;0;1;0;POINT (13.36027 52.53731)
5;2019;5;12;6;3;2;7;0;0;1;0;0;0;0;0;POINT (13.19609 52.53154)
8;2019;5;16;7;3;0;1;0;0;0;0;1;0;0;1;POINT (13.43203 52.48539)
11;2019;5;17;6;2;0;1;0;0;0;0;1;0;0;1;POINT (13.47153 52.53208)
9;2019;5;16;7;2;5;3;0;1;1;0;0;0;0;0;POINT (13.6931 52.43903)
1;2019;5;16;7;3;3;6;0;1;1;0;0;0;0;0;POINT (13.39738 52.53249)
6;2019;5;23;6;3;5;2;2;0;1;0;0;0;0;0;POINT (13.33818 52.43191)
5;2019;5;19;6;3;5;2;0;0;1;0;0;0;0;1;POINT (13.19424 52.54569)
6;2019;5;16;7;3;0;1;0;0;1;0;1;0;0;1;POINT (13.34314 52.43982)
1;2019;5;15;7;3;5;2;0;1;1;0;0;0;0;0;POINT (13.35947 52.52329)
5;2019;5;18;6;3;5;3;1;0;1;0;0;0;0;1;POINT (13.16636 52.52402)