bez;ujahr;umonat;ustunde;uwochentag;ukategorie;uart;utyp1;ulichtverh;istrad;istpkw;istfuss;istkrad;istgkfz;istsonstige;ustrzustand;geometry
6;2019;5;13;7;3;1;5;0;1;1;0;0;0;0;0;POINT (13.21881 52.43241)
2;2019;5;18;6;3;5;2;0;1;1;0;0;0;0;1;POINT (13.42968 52.49817)
3;2019;5;12;6;3;5;3;0;1;1;0;0;0;0;0;POINT (13.42944 52.60069)
6;2019;5;13;7;3;0;3;0;0;1;0;1;0;0;0;POINT (13.15864 52.4195)
5;2019;5;12;7;3;0;2;0;0;1;0;1;0;0;0;POINT (13.1653 52.55112)
5;2019;5;11;6;3;5;2;0;0;1;0;0;0;0;0;POINT (13.18292 52.54787)
1;2019;5;11;7;3;2;6;0;0;1;0;0;0;0;0;POINT (13.37132 52.50489)
4;2019;5;12;6;3;5;2;0;1;1;0;0;0;0;0;POINT (13.28153 52.51289)
3;2019;5;11;7;2;1;5;0;1;1;0;0;0;0;0;POINT (13.47637 52.60971)
4;2019;5;20;6;3;5;2;0;0;1;0;1;0;0;1;POINT (13.32635 52.51913)
4;2019;5;9;7;3;5;2;0;1;1;0;0;0;0;0;POINT (13.31379 52.50636)
6;2019;5;13;6;3;5;3;0;1;0;0;0;0;0;0;POINT (13.31372 52.42647)
1;2019;5;1;7;3;0;7;2;1;1;0;0;0;0;1;POINT (13.36425 52.52779)
4;2019;5;15;6;3;1;5;0;1;1;0;0;0;0;1;POINT (13.30186 52.47297)
4;2019;5;10;6;3;0;7;0;1;0;0;0;0;0;0;POINT (13.28177 52.4763)
6;2019;5;15;6;3;5;3;0;1;1;0;0;0;0;1;POINT (13.33445 52.43743)
1;2019;5;23;6;3;5;2;2;1;1;0;0;0;0;0;POINT (13.36558 52.50311)
2;2019;5;16;6;3;5;3;0;1;1;0;0;0;0;1;POINT (13.43066 52.51109)
6;2019;5;9;6;3;1;5;0;1;1;0;0;0;0;0;POINT (13.29406 52.44204)
10;2019;5;9;6;3;5;3;0;0;1;0;0;0;0;0;POINT (13.55796 52.52965)
1;2019;5;17;6;3;1;5;0;0;1;0;0;0;0;1;POINT (13.40954 52.51818)
10;2019;5;9;6;3;5;3;0;1;1;0;0;0;0;0;POINT (13.58336 52.54933)
10;2019;5;11;6;3;5;2;0;1;1;0;0;0;0;0;POINT (13.58311 52.54936)
9;2019;5;5;6;3;0;7;0;1;0;0;0;0;0;0;POINT (13.44916 52.48831)
9;2019;5;1;6;3;1;5;2;1;1;0;0;0;0;0;POINT (13.50642 52.43758)
12;2019;5;17;6;3;5;3;0;0;1;0;0;0;0;1;POINT (13.22923 52.57328)
9;2019;5;20;6;3;6;4;0;0;1;1;0;0;0;0;POINT (13.48037 52.45327)
1;2019;5;15;6;3;0;1;0;0;0;0;1;0;0;1;POINT (13.37925 52.52946)
10;2019;5;19;6;2;0;1;0;1;0;0;0;0;0;0;POINT (13.59074 52.51422)
1;2019;5;11;6;3;6;4;0;1;0;1;0;0;0;0;POINT (13.38486 52.55661)
5;2019;5;18;6;3;5;2;0;0;1;0;0;0;0;0;POINT (13.19452 52.5337)
10;2019;5;4;6;3;5;3;1;0;1;0;0;0;0;0;POINT (13.57456 52.55522)
1;2019;5;8;6;3;5;2;0;1;1;0;0;0;0;0;POINT (13.41279 52.50627)
10;2019;5;18;6;3;2;7;0;0;1;0;0;0;0;0;POINT (13.55968 52.4793)
2;2019;5;15;5;3;3;6;0;1;0;0;0;0;0;0;POINT (13.38684 52.49642)
8;2019;5;8;5;3;5;7;0;0;1;0;0;0;0;0;POINT (13.43683 52.44862)
1;2019;5;10;6;3;2;6;0;0;1;0;0;0;0;0;POINT (13.3362 52.5579)
7;2019;5;7;5;3;6;2;0;0;1;1;0;0;0;0;POINT (13.40323 52.38668)
5;2019;5;10;6;2;2;7;0;0;1;0;1;0;0;0;POINT (13.24745 52.5383)
3;2019;5;7;5;3;5;3;0;1;1;0;0;0;0;1;POINT (13.4734 52.61255)
1;2019;5;11;6;3;1;5;0;1;1;0;0;0;0;0;POINT (13.40052 52.5306)
5;2019;5;11;6;2;6;2;0;0;1;1;0;0;0;0;POINT (13.19258 52.52866)
8;2019;5;7;5;3;0;7;0;1;0;0;0;0;1;1;POINT (13.43894 52.48749)
3;2019;5;7;5;3;0;3;0;1;1;0;0;0;0;1;POINT (13.42639 52.60312)
3;2019;5;12;6;3;2;6;0;0;1;0;1;0;0;0;POINT (13.47607 52.55078)
5;2019;5;12;6;1;2;6;0;0;1;0;0;0;0;0;POINT (13.20852 52.56146)
8;2019;5;6;5;3;5;2;1;0;1;0;0;0;0;0;POINT (13.46909 52.43435)
4;2019;5;12;6;3;2;6;0;0;1;0;0;0;0;0;POINT (13.24775 52.51887)
11;2019;5;5;5;3;5;3;0;1;1;0;0;0;0;1;POINT (13.49969 52.5624)
4;2019;5;13;6;3;5;2;0;0;1;0;0;0;1;0;POINT (13.32624 52.53804)
1;2019;5;12;6;3;2;6;0;0;1;0;0;0;1;0;POINT (13.33461 52.54125)
9;2019;5;5;5;3;5;3;0;1;1;0;0;0;0;0;POINT (13.58064 52.4601)
10;2019;5;13;6;3;2;7;0;0;1;0;0;0;1;0;POINT (13.5874 52.52314)
3;2019;5;5;5;3;1;5;0;1;1;0;0;0;0;1;POINT (13.43129 52.55355)
5;2019;5;14;6;2;1;5;0;0;1;0;1;0;0;0;POINT (13.23586 52.52917)
2;2019;5;21;5;2;5;3;2;1;1;0;0;0;0;0;POINT (13.42399 52.51333)
6;2019;5;14;6;3;5;3;0;0;1;0;0;0;0;0;POINT (13.30301 52.42905)
1;2019;5;18;5;3;1;5;0;1;1;0;0;0;1;0;POINT (13.40439 52.52219)
3;2019;5;15;6;3;5;3;0;1;1;0;0;0;0;0;POINT (13.46536 52.56715)
7;2019;5;15;6;3;2;6;0;0;1;0;0;0;0;0;POINT (13.35003 52.49466)
4;2019;5;17;5;3;5;3;0;0;1;0;0;0;0;0;POINT (13.30114 52.51907)
9;2019;5;17;5;2;6;4;0;0;1;1;0;0;0;0;POINT (13.55371 52.39928)
4;2019;5;15;6;3;2;6;0;0;1;0;0;0;1;0;POINT (13.30059 52.5176)
2;2019;5;17;6;2;3;2;0;1;1;0;0;0;0;0;POINT (13.38665 52.50532)
10;2019;5;17;5;2;5;3;0;0;1;0;0;0;1;0;POINT (13.58966 52.50929)
9;2019;5;22;6;3;5;2;2;0;1;0;1;0;0;0;POINT (13.50313 52.43378)
2;2019;5;16;5;3;2;6;0;0;1;0;0;0;0;0;POINT (13.38536 52.50219)
3;2019;5;7;5;3;5;3;0;1;1;0;0;0;0;0;POINT (13.46264 52.55977)
7;2019;5;15;5;3;3;6;0;0;1;0;1;1;0;0;POINT (13.38441 52.45587)
11;2019;5;14;5;2;5;2;0;0;1;0;0;0;1;0;POINT (13.52706 52.49209)
1;2019;5;13;5;3;5;3;0;0;1;0;1;0;0;0;POINT (13.39056 52.51307)
10;2019;5;17;5;3;1;6;0;1;1;0;0;0;0;0;POINT (13.57121 52.51308)
10;2019;5;14;5;2;6;4;0;0;1;1;0;0;0;0;POINT (13.62194 52.53045)
2;2019;5;0;5;3;0;1;2;1;0;0;0;0;0;1;POINT (13.38769 52.50332)
1;2019;5;14;5;2;6;4;0;0;0;1;0;0;1;0;POINT (13.38751 52.52481)
12;2019;5;11;5;3;5;3;0;1;1;0;0;0;0;0;POINT (13.31107 52.62198)
5;2019;5;13;5;3;2;6;0;0;1;0;0;0;0;0;POINT (13.18344 52.54133)
5;2019;5;11;5;3;2;6;0;0;1;0;0;0;0;0;POINT (13.27079 52.53653)
8;2019;5;19;5;3;1;5;0;0;1;0;0;0;0;0;POINT (13.4455 52.48111)
1;2019;5;13;5;3;6;4;0;0;1;1;0;0;0;0;POINT (13.38381 52.55576)
11;2019;5;22;5;2;6;2;2;0;0;1;0;0;1;0;POINT (13.49261 52.51206)
7;2019;5;14;5;3;2;2;0;0;1;0;0;0;0;0;POINT (13.41804 52.46047)
6;2019;5;20;5;3;1;5;0;0;1;0;1;0;0;0;POINT (13.26187 52.44034)
8;2019;5;12;5;2;6;4;0;0;0;1;0;0;1;0;POINT (13.43237 52.46648)
3;2019;5;19;5;3;5;2;0;0;1;0;0;0;0;0;POINT (13.4207 52.54881)
9;2019;5;19;5;3;2;6;0;0;1;0;0;0;0;0;POINT (13.59996 52.43571)
8;2019;5;11;5;3;1;5;0;0;1;0;0;0;1;0;POINT (13.43701 52.44855)
2;2019;5;10;5;3;5;3;0;1;1;0;0;0;0;0;POINT (13.38662 52.49008)
1;2019;5;18;5;3;0;2;0;1;1;0;0;0;0;0;POINT (13.37429 52.5302)
2;2019;5;18;5;3;3;6;0;1;1;0;0;0;0;0;POINT (13.46921 52.51153)
1;2019;5;0;5;3;0;2;2;1;1;0;0;0;0;0;POINT (13.37941 52.52943)
12;2019;5;17;5;3;5;2;0;0;1;0;0;0;0;0;POINT (13.30913 52.61484)
5;2019;5;13;4;3;5;7;0;1;1;0;0;0;0;0;POINT (13.19079 52.54003)
4;2019;5;17;5;3;3;6;0;1;1;0;0;0;0;0;POINT (13.32044 52.49975)
11;2019;5;17;5;2;5;2;0;1;0;0;0;0;1;0;POINT (13.49268 52.49109)
9;2019;5;12;4;2;5;3;0;1;0;0;0;0;0;0;POINT (13.61841 52.45253)
9;2019;5;17;5;3;2;6;0;0;1;0;0;0;0;0;POINT (13.52884 52.42637)
4;2019;5;9;5;3;0;6;0;0;0;0;1;0;1;0;POINT (13.31917 52.47889)
3;2019;5;6;4;3;6;4;0;1;0;1;0;0;0;0;POINT (13.43594 52.53305)
3;2019;5;9;5;3;1;5;0;1;1;0;0;0;0;0;POINT (13.42294 52.52841)
12;2019;5;9;5;3;4;7;0;0;1;0;0;0;0;0;POINT (13.29284 52.60836)
7;2019;5;18;4;3;5;3;0;1;1;0;0;0;0;0;POINT (13.34499 52.49163)
12;2019;5;16;5;3;5;2;0;1;1;0;0;0;0;0;POINT (13.35461 52.6181)
5;2019;5;13;4;3;1;5;0;0;1;0;0;0;1;0;POINT (13.14829 52.53283)
3;2019;5;8;5;3;5;3;0;0;1;0;0;0;0;0;POINT (13.42744 52.5524)
5;2019;5;12;4;3;0;1;0;0;1;0;1;0;0;1;POINT (13.19274 52.53602)
3;2019;5;9;5;3;1;5;0;1;0;0;0;0;1;0;POINT (13.41172 52.53291)
5;2019;5;5;4;2;5;3;0;0;1;0;0;0;0;1;POINT (13.1543 52.53385)
4;2019;5;16;5;3;5;3;0;1;0;0;0;0;1;0;POINT (13.28528 52.49467)
3;2019;5;10;5;2;6;2;0;0;1;1;0;0;0;0;POINT (13.45958 52.54809)
2;2019;5;21;4;3;5;3;2;1;1;0;0;0;0;1;POINT (13.46057 52.50036)
2;2019;5;20;4;3;1;5;1;1;1;0;0;0;1;1;POINT (13.43564 52.50781)
3;2019;5;8;5;3;3;6;0;1;1;0;0;0;0;0;POINT (13.49439 52.63581)
3;2019;5;8;5;2;2;6;0;0;1;0;0;0;0;0;POINT (13.42088 52.53375)
12;2019;5;19;4;2;5;3;0;0;1;0;1;0;0;0;POINT (13.35085 52.58407)
3;2019;5;8;5;3;2;6;0;0;1;0;0;0;1;0;POINT (13.4293 52.52867)
1;2019;5;19;4;3;1;5;0;1;1;0;0;0;0;0;POINT (13.42414 52.50815)
3;2019;5;8;5;3;5;2;0;0;1;0;0;1;0;0;POINT (13.42961 52.57184)
6;2019;5;16;4;3;1;6;0;1;1;0;0;0;0;0;POINT (13.31754 52.46554)
5;2019;5;7;5;3;5;3;0;1;1;0;0;0;0;0;POINT (13.19853 52.53955)
8;2019;5;16;4;3;0;5;0;0;1;0;0;0;1;0;POINT (13.4667 52.46904)
3;2019;5;21;5;3;5;2;2;0;1;0;1;0;0;0;POINT (13.45255 52.5392)
3;2019;5;18;5;3;5;3;0;0;1;0;0;0;0;0;POINT (13.46577 52.52335)
10;2019;5;15;4;3;5;2;0;1;1;0;0;0;0;1;POINT (13.60102 52.47925)
1;2019;5;15;4;3;5;3;0;0;1;0;0;0;0;0;POINT (13.39806 52.53487)
6;2019;5;16;5;2;5;3;0;1;1;0;0;0;0;0;POINT (13.25478 52.41477)
5;2019;5;15;4;3;2;6;0;0;1;0;0;0;0;0;POINT (13.27326 52.53622)
12;2019;5;16;2;2;1;5;0;1;1;0;0;0;0;0;POINT (13.37923 52.56919)
8;2019;5;16;2;3;0;1;0;0;0;0;1;0;0;0;POINT (13.51444 52.42397)
7;2019;5;16;2;2;0;7;0;0;0;0;1;0;0;0;POINT (13.3603 52.48831)
4;2019;5;17;2;3;0;3;0;0;1;0;1;0;0;0;POINT (13.2739 52.50968)
3;2019;5;17;2;3;5;3;0;1;1;0;0;0;0;0;POINT (13.38977 52.57429)
4;2019;5;11;2;3;6;4;0;0;1;1;0;0;0;0;POINT (13.32209 52.52108)
5;2019;5;11;2;3;5;3;0;1;1;0;0;0;0;0;POINT (13.18257 52.5101)
7;2019;5;18;2;3;6;2;0;0;1;1;0;0;0;0;POINT (13.34567 52.4942)
5;2019;5;18;2;3;4;6;0;1;0;0;0;0;0;0;POINT (13.21628 52.56545)
5;2019;5;21;2;3;5;3;2;1;1;0;0;0;0;0;POINT (13.21356 52.53859)
7;2019;5;17;2;3;5;3;0;0;1;0;0;0;0;0;POINT (13.34493 52.49036)
2;2019;5;19;2;3;0;6;0;1;1;0;0;0;0;0;POINT (13.39612 52.49799)
9;2019;5;18;2;1;0;1;0;1;0;0;0;0;0;0;POINT (13.68352 52.37053)
3;2019;5;18;1;3;5;2;0;1;1;0;0;0;0;0;POINT (13.44153 52.54333)
6;2019;5;11;1;3;5;3;0;0;1;0;0;0;0;0;POINT (13.28532 52.44505)
4;2019;5;20;1;3;5;7;2;0;1;0;0;0;0;0;POINT (13.29901 52.49841)
4;2019;5;19;1;3;6;7;0;0;1;1;0;0;0;0;POINT (13.27503 52.50813)
7;2019;5;19;1;3;2;6;0;0;1;0;0;0;1;1;POINT (13.40071 52.43983)
1;2019;5;18;1;2;1;5;0;1;0;0;0;0;1;0;POINT (13.42014 52.51004)
2;2019;5;17;1;3;5;2;0;1;1;0;0;0;0;0;POINT (13.4179 52.48777)
3;2019;5;18;1;3;0;1;0;1;0;0;0;0;0;1;POINT (13.45063 52.55243)
10;2019;5;18;1;3;0;1;0;0;0;0;1;0;0;1;POINT (13.60802 52.5336)
7;2019;5;7;1;3;5;3;0;1;1;0;0;0;0;0;POINT (13.39538 52.39689)
8;2019;5;7;1;3;5;2;0;1;1;0;0;0;0;0;POINT (13.43055 52.46843)
12;2019;5;8;1;3;2;6;0;0;1;0;0;0;0;0;POINT (13.28538 52.59511)
5;2019;5;10;1;3;6;7;0;0;1;1;0;0;0;0;POINT (13.1943 52.52898)
10;2019;5;10;1;3;6;4;0;0;1;1;0;0;0;0;POINT (13.57869 52.53996)
12;2019;5;18;1;3;2;6;0;0;1;0;0;0;0;0;POINT (13.37708 52.56094)
12;2019;5;10;1;3;5;2;0;1;0;0;0;1;0;0;POINT (13.32627 52.59162)
1;2019;5;10;1;3;5;2;0;1;1;0;0;0;0;0;POINT (13.3842 52.55604)
4;2019;5;18;1;3;5;2;0;1;1;0;0;0;0;0;POINT (13.33074 52.49316)
8;2019;5;11;1;2;6;4;0;0;1;1;0;0;0;0;POINT (13.44413 52.47964)
1;2019;5;12;1;2;2;6;0;0;1;0;0;0;0;0;POINT (13.33024 52.52382)
2;2019;5;18;1;3;6;4;0;0;1;1;1;0;0;0;POINT (13.44194 52.50086)
7;2019;5;13;1;3;2;6;0;0;1;0;0;0;0;0;POINT (13.36282 52.44766)
10;2019;5;15;1;3;2;6;0;0;1;0;0;0;0;0;POINT (13.61228 52.51131)
9;2019;5;17;1;3;6;2;0;0;1;1;0;0;0;0;POINT (13.56698 52.41216)
12;2019;5;10;1;3;0;1;0;1;0;0;0;0;0;0;POINT (13.28841 52.63207)
6;2019;5;16;1;3;2;6;0;0;1;0;0;0;0;0;POINT (13.33429 52.44292)
1;2019;5;16;1;3;2;6;0;0;1;0;0;0;0;0;POINT (13.34068 52.52643)
2;2019;5;15;1;3;5;3;0;1;1;0;0;0;0;0;POINT (13.42197 52.49302)
2;2019;5;15;1;3;2;7;0;1;1;0;0;0;0;0;POINT (13.3935 52.48915)
12;2019;5;12;1;3;5;5;0;1;1;0;0;0;0;0;POINT (13.2882 52.58628)
3;2019;5;18;1;3;2;6;0;0;1;0;0;0;1;1;POINT (13.41503 52.55384)
11;2019;5;13;7;2;5;3;0;1;1;0;0;0;0;0;POINT (13.50161 52.5661)
12;2019;5;13;7;3;0;5;0;1;1;0;0;0;0;0;POINT (13.22581 52.62785)
7;2019;5;14;7;3;5;3;0;0;1;0;0;0;0;0;POINT (13.3289 52.47132)
9;2019;5;9;7;3;1;5;0;1;1;0;0;0;1;0;POINT (13.56578 52.43932)
2;2019;5;9;7;3;5;3;0;0;1;0;0;0;0;0;POINT (13.41927 52.50125)
2;2019;5;12;7;3;2;2;0;1;1;0;0;0;0;0;POINT (13.40686 52.49847)
4;2019;5;14;7;3;6;4;0;1;0;1;0;0;0;0;POINT (13.32704 52.4951)
3;2019;5;14;7;3;2;6;0;0;1;0;1;0;0;0;POINT (13.43054 52.5895)
1;2019;5;17;7;2;5;3;0;1;0;0;0;0;0;0;POINT (13.41928 52.52529)
9;2019;5;18;7;3;6;4;0;0;0;1;0;0;1;0;POINT (13.49897 52.44584)
2;2019;5;6;7;3;1;5;0;0;1;0;0;0;0;0;POINT (13.4368 52.49284)
11;2019;5;3;7;3;5;3;2;0;1;0;0;0;1;0;POINT (13.47959 52.52665)
5;2019;5;13;7;3;2;6;0;0;1;0;0;0;0;0;POINT (13.13767 52.52539)
6;2019;5;1;7;2;1;5;2;0;1;0;0;0;0;0;POINT (13.31556 52.43067)
4;2019;5;13;7;3;0;7;0;1;0;0;0;0;0;0;POINT (13.30445 52.51806)
1;2019;5;22;7;3;6;4;2;1;0;1;0;0;0;0;POINT (13.38091 52.51622)
1;2019;5;23;7;3;3;6;2;0;1;0;0;0;1;0;POINT (13.38785 52.55574)
8;2019;5;22;7;3;3;6;2;1;1;0;0;0;0;0;POINT (13.42519 52.48037)
3;2019;5;20;7;3;0;1;0;1;0;0;0;0;0;0;POINT (13.42015 52.5483)
11;2019;5;17;6;3;3;6;0;0;1;0;0;0;0;0;POINT (13.50552 52.56351)
8;2019;5;22;6;3;2;5;2;1;1;0;0;0;0;0;POINT (13.44666 52.47838)
3;2019;5;11;6;3;2;6;0;0;1;0;0;1;0;0;POINT (13.42457 52.58618)
1;2019;5;16;6;3;6;6;0;0;0;1;0;0;1;0;POINT (13.32865 52.52404)
2;2019;5;15;6;3;1;5;0;0;1;0;1;0;0;0;POINT (13.43626 52.51645)
2;2019;5;16;6;3;5;7;0;0;1;0;1;0;0;0;POINT (13.46667 52.4973)
8;2019;5;22;6;3;1;5;2;0;1;0;1;0;0;0;POINT (13.44707 52.47621)
5;2019;5;23;6;3;2;6;2;0;1;0;0;0;0;0;POINT (13.19833 52.53265)
2;2019;5;13;6;3;5;3;0;1;1;0;0;0;0;0;POINT (13.46314 52.51146)
2;2019;5;13;6;3;5;7;0;1;1;0;0;0;0;0;POINT (13.44397 52.50012)
2;2019;5;13;6;3;3;6;0;0;1;0;0;0;0;0;POINT (13.46142 52.50097)
10;2019;5;11;6;3;5;2;0;1;1;0;0;0;0;0;POINT (13.60376 52.48549)
4;2019;5;10;6;3;2;6;0;0;1;0;0;0;0;0;POINT (13.31705 52.50132)
2;2019;5;10;6;3;6;4;0;1;0;1;0;0;0;0;POINT (13.44979 52.51024)
7;2019;5;9;6;3;6;4;0;0;1;1;0;0;0;0;POINT (13.37454 52.47923)
7;2019;5;10;6;3;5;2;0;0;1;0;0;0;0;0;POINT (13.37202 52.46985)
6;2019;5;11;6;3;5;3;0;0;1;0;0;0;0;0;POINT (13.33403 52.43023)
4;2019;5;11;6;2;5;5;0;0;1;0;1;0;0;0;POINT (13.3405 52.50432)
1;2019;5;21;6;3;3;6;2;0;1;0;1;0;0;0;POINT (13.3647 52.52637)
1;2019;5;20;6;3;0;7;0;0;1;0;0;0;0;0;POINT (13.36173 52.54486)
3;2019;5;20;6;3;5;2;0;1;1;0;0;0;0;0;POINT (13.4026 52.55426)
12;2019;5;19;6;3;1;5;0;1;1;0;0;0;0;0;POINT (13.29154 52.63312)
1;2019;5;19;6;3;2;6;0;0;1;0;0;0;0;0;POINT (13.39266 52.5283)
3;2019;5;19;6;3;5;7;0;1;1;0;0;0;0;0;POINT (13.41052 52.53934)
11;2019;5;19;6;3;5;3;0;1;0;0;0;0;0;0;POINT (13.49509 52.51811)
8;2019;5;18;6;3;5;2;0;0;1;0;0;0;1;0;POINT (13.45519 52.47293)
7;2019;5;17;6;3;5;3;0;1;1;0;0;0;0;0;POINT (13.36877 52.48467)
7;2019;5;17;6;3;2;6;0;0;1;0;1;0;0;0;POINT (13.40958 52.39907)
11;2019;5;17;6;3;5;3;0;0;1;0;0;0;0;0;POINT (13.53204 52.484)
8;2019;5;16;6;3;1;5;0;1;1;0;0;0;1;0;POINT (13.45011 52.44829)
6;2019;5;23;6;3;0;1;2;1;0;0;0;0;0;0;POINT (13.31984 52.45297)
12;2019;5;15;6;3;2;6;0;0;1;0;0;0;1;0;POINT (13.32718 52.56349)
8;2019;5;15;6;3;2;6;0;0;1;0;1;0;0;0;POINT (13.44346 52.46441)
9;2019;5;14;6;3;5;3;0;0;1;0;0;0;0;0;POINT (13.48987 52.4678)
4;2019;5;14;6;3;5;2;0;0;1;0;0;0;0;0;POINT (13.30819 52.49616)
12;2019;5;14;6;2;5;2;0;0;0;0;1;1;0;0;POINT (13.33296 52.59545)
7;2019;5;13;6;2;1;5;0;0;1;0;0;0;0;0;POINT (13.37557 52.43719)
6;2019;5;17;6;3;0;5;0;0;1;0;1;0;0;0;POINT (13.18548 52.43128)
3;2019;5;22;5;3;5;3;2;0;1;0;0;0;0;0;POINT (13.39809 52.58481)
10;2019;5;20;5;3;2;6;0;0;1;0;1;0;0;0;POINT (13.56039 52.48677)
3;2019;5;18;5;3;6;4;0;1;0;1;0;0;0;0;POINT (13.45739 52.52896)
8;2019;5;19;5;3;2;2;1;0;1;0;1;0;0;0;POINT (13.45533 52.45338)
2;2019;5;12;5;3;5;3;0;1;0;0;0;0;0;0;POINT (13.40064 52.49829)
7;2019;5;11;5;3;5;2;0;0;1;0;1;0;0;0;POINT (13.34702 52.49898)
1;2019;5;10;5;3;5;3;0;0;1;0;0;0;0;0;POINT (13.3771 52.55624)
8;2019;5;10;5;3;5;2;0;1;1;0;0;0;0;0;POINT (13.43435 52.48464)
12;2019;5;9;5;3;0;3;0;0;1;0;1;0;0;0;POINT (13.36276 52.5666)
4;2019;5;7;5;3;5;2;0;0;1;0;1;0;0;0;POINT (13.27254 52.51934)
1;2019;5;8;5;3;5;2;0;1;1;0;0;0;0;0;POINT (13.37978 52.52172)
4;2019;5;7;5;3;0;1;0;1;1;0;0;0;0;0;POINT (13.31395 52.50676)
7;2019;5;6;5;3;5;2;0;0;1;0;0;0;0;0;POINT (13.40489 52.46359)
10;2019;5;9;5;3;5;3;0;0;1;0;0;0;0;0;POINT (13.60447 52.53868)
2;2019;5;8;5;3;2;6;0;0;1;0;0;0;0;0;POINT (13.43295 52.52334)
2;2019;5;11;5;2;2;6;0;0;0;0;0;1;0;0;POINT (13.39994 52.49842)
5;2019;5;13;5;3;6;2;0;0;1;1;0;0;0;0;POINT (13.19799 52.52105)
4;2019;5;14;5;3;6;4;0;0;1;1;0;0;0;0;POINT (13.34033 52.50416)
4;2019;5;14;5;3;5;3;0;1;1;0;0;0;0;0;POINT (13.28919 52.47065)
4;2019;5;15;5;3;5;2;0;1;1;0;0;0;0;0;POINT (13.31342 52.51512)
5;2019;5;14;5;3;1;5;0;0;0;0;1;0;1;0;POINT (13.19378 52.52525)
1;2019;5;15;5;3;3;6;0;1;1;0;0;0;0;0;POINT (13.35135 52.5329)
6;2019;5;15;5;3;5;3;0;0;1;0;0;0;0;0;POINT (13.33272 52.44036)
1;2019;5;16;5;3;5;2;0;1;1;0;0;0;0;0;POINT (13.35152 52.50956)
1;2019;5;16;5;3;5;3;0;1;0;0;0;0;1;0;POINT (13.36541 52.55711)
4;2019;5;16;5;3;5;2;0;1;1;0;0;0;0;0;POINT (13.31514 52.49086)
10;2019;5;17;5;3;5;3;0;0;1;0;0;0;0;0;POINT (13.53954 52.53981)
3;2019;5;17;5;3;2;6;0;0;1;0;0;0;1;0;POINT (13.43401 52.61058)
7;2019;5;17;5;3;5;3;0;0;1;0;0;0;0;0;POINT (13.35029 52.41436)
12;2019;5;17;5;3;5;7;0;0;1;0;1;0;0;0;POINT (13.35905 52.5698)
7;2019;5;17;5;3;0;2;0;1;1;0;0;0;0;0;POINT (13.37226 52.44444)
9;2019;5;16;5;2;5;3;0;1;1;0;0;0;0;0;POINT (13.71671 52.43812)
2;2019;5;16;5;3;1;5;0;1;1;0;0;0;0;0;POINT (13.42027 52.50267)
5;2019;5;18;5;3;2;2;0;1;1;0;0;0;0;0;POINT (13.18893 52.55993)
2;2019;5;15;5;3;3;6;0;1;0;0;0;0;0;0;POINT (13.45422 52.51396)
3;2019;5;15;4;3;3;6;0;1;1;0;0;0;0;0;POINT (13.39036 52.58371)
2;2019;5;15;4;3;6;4;0;1;0;1;0;0;0;0;POINT (13.40061 52.4943)
12;2019;5;8;4;3;1;5;0;0;1;0;0;0;1;0;POINT (13.35642 52.58339)
10;2019;5;6;4;3;5;2;0;1;1;0;0;0;0;0;POINT (13.59263 52.54737)
11;2019;5;18;4;3;2;3;0;1;1;0;0;0;0;0;POINT (13.5061 52.56373)
1;2019;5;17;4;3;2;6;0;0;0;0;1;0;1;0;POINT (13.376 52.5488)
3;2019;5;15;4;3;3;2;0;1;1;0;0;0;0;0;POINT (13.43886 52.55547)
2;2019;5;23;4;3;2;6;2;0;1;0;0;0;0;0;POINT (13.3981 52.49826)
3;2019;5;8;4;3;2;6;0;0;1;0;0;0;0;0;POINT (13.43107 52.59099)
4;2019;5;11;4;3;5;3;0;0;1;0;0;0;0;0;POINT (13.32004 52.47434)
9;2019;5;8;4;3;6;2;0;0;1;1;0;0;0;0;POINT (13.53009 52.41459)
9;2019;5;11;4;3;5;2;0;0;1;0;0;0;0;0;POINT (13.58186 52.44168)
10;2019;5;9;4;3;3;6;0;0;1;0;1;0;0;0;POINT (13.51682 52.53531)
2;2019;5;11;4;3;2;6;0;0;1;0;1;0;0;0;POINT (13.38023 52.49874)
11;2019;5;9;4;3;5;3;0;1;1;0;0;0;0;0;POINT (13.47962 52.51907)
2;2019;5;13;4;3;3;6;0;1;0;0;0;0;0;0;POINT (13.44187 52.52474)
9;2019;5;9;4;2;5;2;0;1;0;0;0;1;0;0;POINT (13.47886 52.47765)
4;2019;5;13;4;2;2;7;0;0;1;0;1;0;0;0;POINT (13.30148 52.54802)
4;2019;5;13;4;3;0;1;0;1;0;0;0;0;0;0;POINT (13.32652 52.50285)
9;2019;5;9;4;2;6;4;0;0;1;1;0;0;0;0;POINT (13.54917 52.43831)
1;2019;5;9;4;3;2;6;0;0;1;0;0;0;1;0;POINT (13.40358 52.52631)
2;2019;5;22;4;3;5;3;2;1;1;0;0;0;0;0;POINT (13.43043 52.49918)
2;2019;5;21;4;3;5;3;2;0;1;0;0;0;0;0;POINT (13.39947 52.49829)
3;2019;5;21;4;3;0;7;2;0;1;0;0;0;0;0;POINT (13.41057 52.53825)
1;2019;5;20;4;3;5;2;0;0;1;0;0;0;1;0;POINT (13.3814 52.55235)
4;2019;5;18;4;3;3;6;0;1;1;0;0;0;0;0;POINT (13.30163 52.51035)
11;2019;5;17;4;3;5;2;0;1;1;0;0;0;1;0;POINT (13.49395 52.54487)
1;2019;5;17;4;3;3;6;0;1;0;0;0;0;0;0;POINT (13.38901 52.51592)
7;2019;5;16;4;3;6;3;0;1;0;1;0;0;0;0;POINT (13.3537 52.49992)
1;2019;5;16;4;3;5;3;0;1;1;0;0;0;0;0;POINT (13.35904 52.50976)
12;2019;5;15;4;3;2;6;0;1;1;0;0;0;0;0;POINT (13.29477 52.63716)
5;2019;5;15;4;3;2;6;0;0;1;0;0;0;0;0;POINT (13.24817 52.54938)
4;2019;5;15;4;3;5;7;0;1;1;0;0;0;0;0;POINT (13.30132 52.51916)
10;2019;5;14;4;3;5;7;0;0;1;0;0;0;0;0;POINT (13.58569 52.54238)
9;2019;5;13;4;3;2;2;0;0;1;0;0;0;0;0;POINT (13.48039 52.4703)
4;2019;5;13;4;3;2;6;0;0;1;0;1;0;0;0;POINT (13.32359 52.48655)
8;2019;5;17;4;3;0;1;0;0;0;0;1;0;0;0;POINT (13.448 52.47884)
11;2019;5;8;4;2;5;2;0;1;0;0;0;1;0;0;POINT (13.47978 52.52307)
8;2019;5;8;4;3;0;3;0;0;1;0;1;0;0;0;POINT (13.44095 52.42456)