bez;ujahr;umonat;ustunde;uwochentag;ukategorie;uart;utyp1;ulichtverh;istrad;istpkw;istfuss;istkrad;istgkfz;istsonstige;ustrzustand;geometry
6;2019;5;8;4;2;0;1;0;0;0;0;1;0;0;0;POINT (13.34496 52.45895)
3;2019;5;8;4;3;5;2;0;1;0;0;0;0;1;0;POINT (13.41334 52.5487)
5;2019;5;7;4;3;5;2;0;1;1;0;0;0;0;0;POINT (13.24779 52.54721)
5;2019;5;6;4;3;2;7;0;0;1;0;0;0;1;0;POINT (13.12339 52.52843)
1;2019;5;15;4;3;0;1;0;1;0;0;0;0;0;0;POINT (13.33114 52.53089)
7;2019;5;19;4;3;0;1;0;0;0;0;0;0;1;0;POINT (13.34087 52.49973)
1;2019;5;7;3;3;5;2;0;1;0;0;0;0;1;0;POINT (13.37183 52.50924)
6;2019;5;11;3;3;5;3;0;0;1;0;0;0;0;1;POINT (13.31987 52.42658)
2;2019;5;16;3;3;5;2;0;1;0;0;0;0;1;0;POINT (13.43007 52.51013)
1;2019;5;21;3;3;3;6;2;0;1;0;0;0;0;0;POINT (13.32837 52.53405)
7;2019;5;18;3;3;5;3;0;1;1;0;0;0;0;1;POINT (13.34786 52.46494)
6;2019;5;16;3;3;5;2;0;1;0;0;0;0;1;0;POINT (13.29385 52.44557)
7;2019;5;16;3;3;2;6;0;0;1;0;0;0;0;1;POINT (13.34077 52.50266)
2;2019;5;16;3;3;6;4;0;1;0;1;0;0;0;1;POINT (13.38683 52.49296)
1;2019;5;16;3;3;6;4;0;1;0;1;0;0;0;1;POINT (13.41518 52.52095)
1;2019;5;15;3;2;0;1;0;0;0;0;1;0;0;1;POINT (13.40026 52.5225)
4;2019;5;3;3;3;5;2;2;0;0;0;0;1;1;1;POINT (13.28009 52.51834)
5;2019;5;0;3;3;5;3;2;0;1;0;0;0;0;1;POINT (13.15789 52.5332)
6;2019;5;7;3;3;2;6;0;0;1;0;0;0;0;0;POINT (13.31934 52.4303)
6;2019;5;7;3;3;5;3;0;0;1;0;1;0;0;1;POINT (13.31613 52.4411)
3;2019;5;7;3;3;5;2;1;1;1;0;0;0;0;1;POINT (13.42273 52.57997)
6;2019;5;7;3;3;5;2;0;1;1;0;0;0;0;1;POINT (13.27352 52.40991)
9;2019;5;7;3;3;5;2;0;0;1;0;0;0;0;1;POINT (13.5513 52.43996)
8;2019;5;8;3;3;5;3;0;0;1;0;1;0;0;1;POINT (13.44675 52.4271)
11;2019;5;8;3;3;0;1;0;1;1;0;0;0;0;1;POINT (13.49843 52.51501)
4;2019;5;8;3;3;2;3;0;0;1;0;1;0;0;1;POINT (13.32627 52.53798)
1;2019;5;8;3;3;1;5;0;1;1;0;0;0;0;1;POINT (13.35971 52.50986)
1;2019;5;9;3;3;5;2;0;0;1;0;0;0;0;1;POINT (13.35915 52.54647)
8;2019;5;11;3;3;2;6;0;0;1;0;0;0;0;1;POINT (13.4312 52.4677)
4;2019;5;12;3;3;5;3;0;1;1;0;0;0;0;1;POINT (13.31569 52.48643)
2;2019;5;13;3;3;5;3;0;0;1;0;0;0;0;1;POINT (13.42993 52.50352)
9;2019;5;13;3;3;3;6;0;0;0;0;1;0;1;0;POINT (13.5077 52.47491)
8;2019;5;13;3;3;0;2;0;1;0;0;0;1;0;0;POINT (13.4259 52.47821)
11;2019;5;14;3;3;5;3;0;0;1;0;0;0;1;1;POINT (13.51599 52.48807)
3;2019;5;14;3;3;5;3;0;1;1;0;0;0;0;1;POINT (13.43661 52.60704)
7;2019;5;15;3;3;2;6;0;1;1;0;0;0;0;1;POINT (13.41556 52.46462)
4;2019;5;15;3;3;5;3;0;0;0;0;0;0;1;1;POINT (13.22325 52.51014)
3;2019;5;15;3;3;5;2;0;1;1;0;0;0;0;0;POINT (13.45834 52.59335)
2;2019;5;15;3;3;2;7;0;1;1;0;0;0;0;1;POINT (13.43745 52.51954)
5;2019;5;17;3;3;2;6;0;0;0;0;0;0;1;0;POINT (13.26846 52.53666)
9;2019;5;15;2;3;0;7;0;0;0;0;1;1;0;0;POINT (13.62475 52.45689)
2;2019;5;5;2;3;5;2;0;1;0;0;0;0;1;0;POINT (13.45075 52.52713)
7;2019;5;8;2;3;5;7;0;0;1;0;1;0;0;0;POINT (13.36427 52.44663)
4;2019;5;17;2;3;5;3;0;0;1;0;0;0;0;0;POINT (13.27206 52.49877)
3;2019;5;17;2;3;2;2;0;1;1;0;0;0;0;0;POINT (13.39873 52.57055)
9;2019;5;13;2;3;6;4;0;0;1;1;0;0;0;0;POINT (13.57356 52.44439)
3;2019;5;14;2;3;5;3;0;1;1;0;0;0;0;0;POINT (13.4419 52.55026)
12;2019;5;16;2;3;2;6;0;0;1;0;1;0;0;0;POINT (13.30899 52.55712)
4;2019;5;15;2;3;2;6;0;0;1;0;0;0;0;0;POINT (13.27547 52.51882)
1;2019;5;14;2;3;5;3;0;1;1;0;0;0;0;0;POINT (13.33851 52.5301)
1;2019;5;14;2;3;6;4;0;0;0;1;0;1;0;0;POINT (13.36341 52.52462)
3;2019;5;16;3;2;5;2;0;1;0;0;0;0;1;0;POINT (13.41471 52.55617)
9;2019;5;16;2;3;5;2;0;1;1;0;0;0;0;0;POINT (13.50751 52.47495)
6;2019;5;17;3;3;2;2;0;0;1;0;0;0;0;0;POINT (13.2627 52.43925)
1;2019;5;17;2;3;6;4;0;0;1;1;0;0;0;0;POINT (13.41538 52.52271)
4;2019;5;16;3;3;0;7;0;0;1;0;1;0;0;0;POINT (13.30365 52.52529)
4;2019;5;18;2;3;0;7;0;0;1;0;1;0;0;1;POINT (13.32642 52.48743)
9;2019;5;16;3;2;4;6;0;1;0;0;0;0;0;0;POINT (13.54895 52.43027)
2;2019;5;19;2;3;5;3;0;1;0;0;0;0;0;0;POINT (13.37977 52.49626)
11;2019;5;13;3;2;1;5;0;1;1;0;0;0;0;0;POINT (13.46795 52.52832)
9;2019;5;19;2;3;5;2;0;1;1;0;0;0;0;0;POINT (13.5509 52.42904)
2;2019;5;17;3;3;0;1;0;1;0;0;0;0;0;0;POINT (13.455 52.51373)
11;2019;5;0;2;3;2;6;2;0;0;0;1;0;1;0;POINT (13.49975 52.52599)
8;2019;5;19;2;3;2;1;0;1;1;0;1;0;0;0;POINT (13.4454 52.48569)
8;2019;5;14;3;3;5;2;0;0;1;0;1;0;0;0;POINT (13.50346 52.41167)
1;2019;5;13;2;3;2;6;0;0;1;0;0;0;1;0;POINT (13.38022 52.52874)
1;2019;5;14;3;3;6;2;0;0;1;1;0;0;0;0;POINT (13.33927 52.52582)
1;2019;5;19;2;3;0;6;1;0;1;0;0;0;1;0;POINT (13.37011 52.54472)
3;2019;5;11;2;3;6;4;0;0;1;1;0;0;0;0;POINT (13.43353 52.55706)
11;2019;5;14;3;3;2;6;0;0;0;0;0;1;1;0;POINT (13.47755 52.51418)
7;2019;5;11;2;3;1;5;0;0;1;0;0;0;1;0;POINT (13.40348 52.39393)
3;2019;5;16;3;3;5;2;0;1;1;0;0;0;0;0;POINT (13.43156 52.60322)
7;2019;5;10;2;2;1;5;0;1;0;0;0;0;1;0;POINT (13.3492 52.49942)
11;2019;5;15;3;3;1;5;0;0;1;0;0;0;1;0;POINT (13.49768 52.51579)
4;2019;5;11;2;3;1;7;0;0;1;0;0;0;0;0;POINT (13.32735 52.50235)
6;2019;5;15;3;3;1;5;0;1;1;0;0;0;0;0;POINT (13.31861 52.46262)
7;2019;5;10;2;3;5;3;0;1;1;0;0;0;0;0;POINT (13.37825 52.46626)
4;2019;5;10;2;3;0;4;0;1;0;1;0;0;0;0;POINT (13.32207 52.48654)
4;2019;5;15;3;3;5;3;0;0;1;0;0;0;0;0;POINT (13.31074 52.47228)
8;2019;5;15;3;3;5;3;0;1;1;0;0;0;0;0;POINT (13.4257 52.47882)
1;2019;5;10;2;3;1;5;0;1;1;0;0;0;0;0;POINT (13.34992 52.52105)
8;2019;5;17;3;3;5;3;0;0;1;0;0;0;0;0;POINT (13.48823 52.41937)
1;2019;5;9;2;3;5;2;0;0;1;0;0;0;1;0;POINT (13.35629 52.5432)
7;2019;5;15;3;3;6;4;0;0;1;1;0;0;0;0;POINT (13.41751 52.46246)
1;2019;5;9;2;3;3;6;0;0;1;0;0;0;0;0;POINT (13.36283 52.55627)
1;2019;5;9;2;3;5;2;0;0;1;0;0;0;1;0;POINT (13.36788 52.52612)
12;2019;5;15;3;3;0;3;0;0;1;0;0;0;0;0;POINT (13.30662 52.57745)
3;2019;5;15;3;3;0;2;0;1;1;0;0;0;0;0;POINT (13.4051 52.56727)
1;2019;5;9;2;3;5;2;0;1;1;0;0;0;0;0;POINT (13.40977 52.52402)
3;2019;5;8;2;3;2;6;0;0;1;0;0;0;1;0;POINT (13.40298 52.55454)
6;2019;5;16;3;3;2;3;0;0;1;0;0;0;0;0;POINT (13.31911 52.45448)
4;2019;5;8;2;3;5;2;0;1;1;0;0;0;0;0;POINT (13.29036 52.49711)
11;2019;5;16;3;3;5;2;0;1;1;0;0;0;0;0;POINT (13.51383 52.55124)
2;2019;5;8;2;3;5;2;0;1;0;0;0;0;1;0;POINT (13.40585 52.48951)
4;2019;5;8;2;3;5;2;0;0;1;0;0;0;0;0;POINT (13.31389 52.48099)
6;2019;5;15;3;3;5;3;0;0;1;0;1;0;0;0;POINT (13.20935 52.43411)
9;2019;5;7;2;3;5;2;0;0;1;0;0;0;0;0;POINT (13.50645 52.44662)
5;2019;5;15;3;2;5;2;0;0;1;0;0;0;1;0;POINT (13.21583 52.52676)
4;2019;5;8;2;3;0;3;0;0;1;0;1;0;0;0;POINT (13.28196 52.51101)
4;2019;5;7;3;3;2;6;0;1;0;0;0;0;0;0;POINT (13.29158 52.51079)
9;2019;5;7;2;2;2;6;0;0;1;0;1;0;0;0;POINT (13.55465 52.44026)
1;2019;5;23;3;3;0;1;2;0;1;0;1;0;0;0;POINT (13.39525 52.54149)
5;2019;5;7;2;3;2;6;0;0;1;0;0;0;0;0;POINT (13.1233 52.52845)
9;2019;5;6;2;3;5;3;0;0;1;0;0;0;0;1;POINT (13.52144 52.46636)
6;2019;5;7;3;3;2;6;0;0;1;0;0;0;0;0;POINT (13.30998 52.4312)
1;2019;5;7;3;3;2;3;0;1;1;0;0;0;0;0;POINT (13.41639 52.52009)
10;2019;5;22;2;3;5;2;2;0;1;0;0;0;1;1;POINT (13.59176 52.537)
6;2019;5;8;2;3;0;7;0;1;0;0;0;0;0;0;POINT (13.25641 52.43847)
7;2019;5;7;3;3;5;3;0;1;1;0;0;0;0;0;POINT (13.39797 52.39338)
4;2019;5;17;1;3;2;6;0;0;1;0;0;0;0;1;POINT (13.29778 52.50685)
3;2019;5;8;3;3;5;2;0;1;1;0;0;0;0;0;POINT (13.45779 52.52904)
6;2019;5;19;1;3;5;3;0;1;1;0;0;0;0;1;POINT (13.34297 52.45052)
1;2019;5;8;3;3;6;2;0;0;1;1;0;0;0;0;POINT (13.39323 52.56446)
8;2019;5;18;1;3;6;4;0;0;1;1;0;0;0;1;POINT (13.43646 52.48003)
1;2019;5;9;3;3;2;6;0;1;1;0;0;0;0;0;POINT (13.38155 52.52383)
11;2019;5;18;1;3;0;1;0;0;1;0;1;0;0;1;POINT (13.48159 52.52677)
1;2019;5;9;3;2;5;2;0;1;1;0;0;0;0;0;POINT (13.37198 52.5194)
10;2019;5;18;1;3;5;7;0;0;1;0;0;0;0;1;POINT (13.63461 52.53848)
2;2019;5;7;3;3;5;3;0;0;1;0;0;0;0;0;POINT (13.4219 52.49298)
4;2019;5;18;1;3;5;2;0;0;1;0;0;0;0;1;POINT (13.28529 52.47957)
1;2019;5;17;1;3;5;2;0;1;1;0;0;0;0;1;POINT (13.39609 52.53829)
4;2019;5;18;2;3;2;6;0;0;1;0;0;0;0;0;POINT (13.29518 52.53926)
4;2019;5;17;1;3;5;3;0;1;1;0;0;0;0;1;POINT (13.28542 52.48669)
4;2019;5;17;2;3;7;7;0;1;0;0;0;0;0;0;POINT (13.26401 52.48529)
1;2019;5;18;1;3;1;5;0;1;1;0;0;0;0;1;POINT (13.4028 52.53159)
6;2019;5;11;2;3;5;3;0;0;1;0;0;0;0;0;POINT (13.31962 52.42652)
6;2019;5;17;1;3;5;3;0;0;1;0;0;0;0;1;POINT (13.31936 52.42653)
12;2019;5;8;2;3;1;5;0;1;1;0;0;0;0;0;POINT (13.28706 52.58593)
9;2019;5;19;1;3;0;1;0;1;0;0;0;0;0;1;POINT (13.58001 52.44252)
2;2019;5;17;1;3;6;7;0;0;1;1;0;0;0;1;POINT (13.40222 52.50382)
12;2019;5;8;2;3;1;5;0;0;1;0;0;0;0;0;POINT (13.34304 52.59309)
9;2019;5;7;2;3;6;4;0;1;0;1;0;0;0;0;POINT (13.58423 52.44199)
3;2019;5;16;1;2;5;3;0;1;1;0;0;0;0;1;POINT (13.44128 52.5495)
1;2019;5;16;1;3;0;1;0;1;0;0;0;0;0;1;POINT (13.40591 52.53485)
7;2019;5;7;2;3;6;4;0;0;1;1;0;0;0;0;POINT (13.35973 52.48598)
4;2019;5;11;1;3;3;6;0;0;1;0;0;0;0;0;POINT (13.3037 52.49946)
8;2019;5;8;2;3;2;6;0;0;1;0;0;0;0;0;POINT (13.44717 52.42716)
1;2019;5;14;1;3;2;2;0;0;1;0;0;0;0;0;POINT (13.40051 52.50996)
7;2019;5;14;1;3;5;2;0;1;1;0;0;0;0;0;POINT (13.32445 52.46583)
1;2019;5;9;2;3;3;6;0;1;1;0;0;0;0;0;POINT (13.35614 52.50622)
12;2019;5;12;1;3;6;7;0;1;0;1;0;0;0;0;POINT (13.30155 52.58015)
2;2019;5;12;1;3;2;6;0;0;1;0;0;0;0;0;POINT (13.40645 52.49833)
9;2019;5;7;2;2;5;2;0;1;0;0;0;1;0;0;POINT (13.48526 52.46409)
11;2019;5;14;1;2;6;4;0;0;1;1;0;0;0;0;POINT (13.47815 52.52301)
9;2019;5;12;1;2;2;6;0;0;1;0;0;1;1;0;POINT (13.55832 52.45553)
8;2019;5;6;2;3;5;3;0;0;1;0;0;0;0;0;POINT (13.44569 52.47081)
4;2019;5;16;1;3;2;7;0;0;1;0;0;1;0;0;POINT (13.24644 52.51164)
4;2019;5;6;2;3;1;5;0;0;1;0;1;0;0;0;POINT (13.27345 52.54147)
8;2019;5;11;1;3;5;2;0;0;1;0;0;0;0;0;POINT (13.41515 52.42118)
9;2019;5;0;2;3;9;1;2;0;0;0;1;0;0;0;POINT (13.57362 52.41353)
5;2019;5;13;1;3;0;1;0;1;0;0;0;0;0;0;POINT (13.262 52.54134)
1;2019;5;15;2;3;2;6;0;0;1;0;1;0;0;0;POINT (13.36726 52.52568)
5;2019;5;9;1;3;3;6;0;0;1;0;0;0;1;0;POINT (13.20236 52.53998)
11;2019;5;7;1;2;0;1;0;1;0;0;0;0;0;0;POINT (13.49912 52.52638)
1;2019;5;15;2;3;3;2;0;1;1;0;0;0;0;0;POINT (13.42128 52.50974)
2;2019;5;15;2;3;1;5;0;1;0;0;0;0;1;0;POINT (13.4144 52.49336)
8;2019;5;7;1;3;2;7;0;0;1;0;0;0;1;0;POINT (13.45241 52.47114)
12;2019;5;11;1;3;3;6;0;1;0;0;0;0;0;0;POINT (13.28695 52.58606)
7;2019;5;15;2;3;2;7;0;0;1;0;0;0;0;0;POINT (13.36793 52.48524)
8;2019;5;10;1;3;6;2;0;0;1;1;0;0;0;0;POINT (13.4951 52.43165)
3;2019;5;14;2;3;5;2;0;1;1;0;0;0;0;0;POINT (13.49246 52.63686)
12;2019;5;10;1;3;1;7;0;1;1;0;0;0;0;0;POINT (13.29249 52.58269)
12;2019;5;14;2;3;5;3;0;0;1;0;1;0;0;0;POINT (13.31941 52.62262)
4;2019;5;10;1;3;5;3;0;1;1;0;0;0;0;0;POINT (13.33109 52.49544)
1;2019;5;13;2;3;5;7;0;0;1;0;0;0;0;0;POINT (13.38694 52.55379)
2;2019;5;9;1;3;1;5;0;1;1;0;0;0;0;0;POINT (13.42871 52.52184)
9;2019;5;11;1;3;5;3;0;1;1;0;0;0;0;0;POINT (13.59361 52.44347)
3;2019;5;13;2;2;4;6;0;0;1;0;0;0;0;0;POINT (13.49872 52.62958)
1;2019;5;16;2;3;5;7;2;1;0;0;1;0;0;0;POINT (13.33343 52.56081)
2;2019;5;12;7;3;2;6;0;0;1;0;0;0;0;0;POINT (13.39495 52.49763)
9;2019;5;16;2;2;5;3;0;1;1;0;0;0;0;0;POINT (13.53016 52.42308)
1;2019;6;16;4;3;2;6;0;0;1;0;0;1;0;1;POINT (13.35892 52.55426)
7;2019;6;16;4;2;0;2;0;1;1;0;0;0;0;1;POINT (13.38394 52.44545)
8;2019;6;16;4;3;5;2;0;1;0;0;0;0;1;0;POINT (13.4544 52.45292)
4;2019;6;16;4;3;5;2;0;1;1;0;0;0;0;1;POINT (13.32258 52.50704)
2;2019;6;9;4;3;5;2;0;1;1;0;0;0;0;0;POINT (13.37664 52.48721)
1;2019;6;13;4;3;5;2;0;1;1;0;0;0;0;0;POINT (13.34448 52.53823)
11;2019;6;15;4;3;5;3;0;0;1;0;0;0;0;1;POINT (13.48988 52.51539)
4;2019;6;8;4;3;0;7;0;0;1;0;0;0;1;0;POINT (13.33264 52.48602)
4;2019;6;8;4;3;5;3;0;0;1;0;0;0;0;0;POINT (13.29276 52.50683)
4;2019;6;8;4;3;5;3;0;1;1;0;0;0;0;0;POINT (13.31511 52.4909)
4;2019;6;7;4;3;2;6;0;0;1;0;0;0;0;0;POINT (13.29274 52.53428)
10;2019;6;7;4;3;5;3;0;1;1;0;0;0;0;0;POINT (13.59232 52.52071)
8;2019;6;7;4;3;5;2;0;1;0;0;0;0;0;0;POINT (13.50777 52.40746)
10;2019;6;6;4;3;1;5;0;0;1;0;0;0;0;0;POINT (13.58262 52.52226)
7;2019;6;23;3;3;7;7;2;1;0;0;0;0;0;0;POINT (13.35243 52.48512)
4;2019;6;16;3;3;4;6;0;1;1;0;0;0;0;0;POINT (13.29889 52.53949)
12;2019;6;19;3;3;5;2;0;0;1;0;1;0;0;0;POINT (13.28921 52.63164)
4;2019;6;18;3;3;2;6;0;0;1;0;0;0;0;0;POINT (13.29734 52.48626)
2;2019;6;18;3;3;5;3;0;1;1;0;0;0;0;0;POINT (13.37973 52.49568)
4;2019;6;23;3;3;1;5;2;0;1;0;1;0;0;0;POINT (13.29608 52.50856)
2;2019;6;22;3;3;5;3;2;1;1;0;0;0;0;0;POINT (13.3748 52.48922)
1;2019;6;22;3;2;2;6;2;0;1;0;0;0;0;0;POINT (13.37585 52.55506)
2;2019;6;18;3;3;3;6;0;1;1;0;0;0;0;0;POINT (13.44477 52.50105)
9;2019;6;18;3;3;5;3;0;1;1;0;0;0;0;0;POINT (13.55425 52.43796)
6;2019;6;18;3;3;0;7;0;1;0;0;0;0;0;0;POINT (13.29369 52.43266)
3;2019;6;18;3;3;5;3;0;1;0;0;1;0;0;0;POINT (13.44452 52.54567)
12;2019;6;16;3;3;5;2;0;0;1;0;0;0;0;0;POINT (13.36094 52.577)
1;2019;6;16;3;3;5;2;0;1;1;0;0;0;0;0;POINT (13.32969 52.52281)
1;2019;6;15;3;3;0;1;0;0;0;0;1;0;0;0;POINT (13.39503 52.53798)
4;2019;6;22;3;3;5;2;2;0;1;0;0;0;0;0;POINT (13.32624 52.53804)
2;2019;6;20;3;3;5;2;0;1;0;1;0;0;0;0;POINT (13.3882 52.49294)
4;2019;6;15;3;3;5;3;0;1;0;0;0;0;1;0;POINT (13.29593 52.51768)
11;2019;6;14;3;3;5;3;0;1;1;0;0;0;0;0;POINT (13.51168 52.50714)
3;2019;6;14;3;3;5;3;0;0;1;0;0;0;1;0;POINT (13.41298 52.58822)
10;2019;6;14;3;2;6;4;0;1;0;1;0;0;0;0;POINT (13.5635 52.54154)
2;2019;6;13;3;3;5;2;0;0;1;0;0;0;0;0;POINT (13.46017 52.51522)
8;2019;6;13;3;3;5;3;0;1;1;0;0;0;0;0;POINT (13.49542 52.43169)
3;2019;6;13;3;3;1;7;0;0;0;0;1;0;0;0;POINT (13.41722 52.54769)
9;2019;6;13;3;2;6;4;0;0;1;1;0;0;0;0;POINT (13.57838 52.45749)
3;2019;6;8;3;3;0;1;0;0;0;0;1;0;0;0;POINT (13.46656 52.61505)
11;2019;6;10;3;3;0;2;0;1;1;0;0;0;0;0;POINT (13.48839 52.50213)
3;2019;6;10;3;3;2;7;0;0;0;0;1;1;0;0;POINT (13.40878 52.53131)
6;2019;6;13;3;3;5;3;0;1;1;0;0;0;0;0;POINT (13.33497 52.42744)
4;2019;6;10;3;3;2;6;0;0;1;0;1;0;0;0;POINT (13.32698 52.54011)
11;2019;6;8;3;2;0;1;0;1;0;0;0;0;0;0;POINT (13.51878 52.55277)
5;2019;6;12;3;3;2;2;0;0;1;0;0;0;1;0;POINT (13.20626 52.5426)
3;2019;6;9;3;3;5;2;0;1;1;0;0;0;0;0;POINT (13.42873 52.58823)
7;2019;6;11;3;3;5;2;0;1;1;0;0;0;0;0;POINT (13.35939 52.45678)
8;2019;6;8;3;3;5;2;0;1;1;0;0;0;0;0;POINT (13.40797 52.48229)
8;2019;6;8;3;3;5;2;0;1;1;0;0;0;0;0;POINT (13.45293 52.44544)
9;2019;6;7;3;3;5;7;0;0;1;0;1;0;0;0;POINT (13.55322 52.46814)
3;2019;6;7;3;2;5;3;0;1;1;0;0;0;0;0;POINT (13.42743 52.55241)
1;2019;6;2;3;2;0;7;2;0;1;0;0;0;1;0;POINT (13.38475 52.52921)
2;2019;6;8;2;3;3;6;0;0;1;0;1;0;0;0;POINT (13.38351 52.49363)
4;2019;6;14;2;3;0;7;0;0;1;0;0;0;0;0;POINT (13.30897 52.50607)
1;2019;6;13;2;3;0;3;0;1;0;0;0;0;1;0;POINT (13.40438 52.53311)
1;2019;6;8;2;3;6;4;0;0;1;1;0;0;0;0;POINT (13.33994 52.52762)
1;2019;6;16;2;3;2;2;0;1;1;0;0;0;0;0;POINT (13.38015 52.5189)
12;2019;6;16;2;3;5;2;0;1;1;0;0;0;0;0;POINT (13.33884 52.58937)
2;2019;6;16;2;3;5;2;0;1;1;0;0;0;0;0;POINT (13.43741 52.49346)
7;2019;6;15;2;3;0;2;0;1;1;0;0;0;0;0;POINT (13.38063 52.48225)
11;2019;6;15;2;3;2;6;0;0;1;0;0;0;0;0;POINT (13.50242 52.53452)
3;2019;6;14;2;3;5;7;0;1;1;0;0;0;0;0;POINT (13.41947 52.54908)
5;2019;6;14;2;3;0;6;0;1;0;0;0;0;0;0;POINT (13.15739 52.53314)
9;2019;6;13;2;3;5;2;0;0;0;0;1;0;1;0;POINT (13.50918 52.46353)
6;2019;6;18;2;3;6;4;0;0;1;1;0;0;0;0;POINT (13.34697 52.42843)
4;2019;6;12;2;3;3;6;0;0;1;0;1;0;0;0;POINT (13.31335 52.50278)
7;2019;6;12;2;3;6;7;0;0;1;1;0;0;0;0;POINT (13.39108 52.44767)
5;2019;6;11;2;3;2;2;0;0;1;0;0;0;0;0;POINT (13.19827 52.53302)
1;2019;6;11;2;3;5;2;0;1;1;0;0;0;0;0;POINT (13.37182 52.50927)
9;2019;6;11;2;3;3;6;0;1;0;0;0;0;0;0;POINT (13.58657 52.44083)
11;2019;6;13;2;2;5;3;0;1;1;0;0;0;0;0;POINT (13.51878 52.51004)
4;2019;6;11;2;2;2;7;0;1;1;0;0;0;0;0;POINT (13.30437 52.51343)
1;2019;6;11;2;3;2;2;0;0;1;0;0;0;0;0;POINT (13.37344 52.55691)
1;2019;6;10;2;3;3;6;0;0;1;0;1;0;0;0;POINT (13.39904 52.53905)
4;2019;6;10;2;3;5;2;0;0;1;0;0;0;0;0;POINT (13.32625 52.53802)
8;2019;6;10;2;3;5;3;0;0;1;0;0;0;0;0;POINT (13.48807 52.42614)
4;2019;6;9;2;3;5;3;0;1;1;0;0;0;0;0;POINT (13.30422 52.52658)
2;2019;6;23;2;2;5;2;2;1;1;0;0;0;0;0;POINT (13.38938 52.49596)
1;2019;6;20;2;3;2;6;0;0;1;0;0;0;0;0;POINT (13.33512 52.52673)
2;2019;6;8;2;3;5;3;0;1;1;0;0;0;0;0;POINT (13.39491 52.5)
8;2019;6;9;2;3;1;5;0;1;1;0;0;0;0;0;POINT (13.43835 52.47341)
3;2019;6;9;2;3;2;6;0;0;1;0;1;0;0;0;POINT (13.45355 52.53313)
5;2019;6;7;2;3;0;1;0;1;0;0;0;0;0;0;POINT (13.1799 52.50576)
11;2019;6;8;2;3;5;3;0;1;1;0;0;0;0;0;POINT (13.49061 52.54321)
6;2019;6;20;2;3;6;7;0;1;0;1;0;0;0;0;POINT (13.33067 52.44488)
10;2019;6;19;2;2;6;4;0;0;1;1;0;0;0;0;POINT (13.58437 52.53965)
12;2019;6;8;2;2;5;2;0;1;1;0;0;0;0;0;POINT (13.31196 52.56801)
3;2019;6;19;2;3;5;2;0;1;1;0;0;0;0;0;POINT (13.4591 52.52908)
7;2019;6;8;2;3;3;6;0;0;1;0;0;1;0;0;POINT (13.41571 52.45932)
8;2019;6;19;2;3;6;2;0;0;1;1;0;0;0;0;POINT (13.46793 52.42767)
4;2019;6;19;2;3;1;5;0;1;1;0;0;0;1;0;POINT (13.32598 52.49813)
3;2019;6;8;2;3;5;3;0;1;1;0;0;0;0;0;POINT (13.39236 52.58215)
12;2019;6;7;2;3;2;6;0;0;1;0;0;0;0;0;POINT (13.31154 52.56791)
4;2019;6;7;2;3;5;3;0;0;1;0;0;0;1;0;POINT (13.32174 52.50582)
2;2019;6;18;2;3;3;6;0;1;1;0;0;0;0;0;POINT (13.41999 52.49616)
4;2019;6;18;2;2;5;2;0;0;1;0;1;0;0;0;POINT (13.30193 52.52582)
12;2019;6;18;2;3;2;6;0;0;1;0;0;0;0;0;POINT (13.30672 52.5553)
2;2019;6;7;2;3;1;1;0;0;1;0;1;0;0;0;POINT (13.38101 52.49276)
11;2019;6;4;2;3;5;3;1;0;1;0;0;0;0;0;POINT (13.48308 52.53757)
9;2019;6;17;2;3;1;5;0;1;1;0;0;0;0;0;POINT (13.52713 52.45805)
9;2019;6;4;2;3;0;1;1;1;0;0;0;0;0;0;POINT (13.59234 52.45138)
1;2019;6;17;2;3;5;3;0;0;1;0;0;0;1;0;POINT (13.34709 52.50548)
10;2019;6;17;2;3;0;2;0;1;1;0;0;0;0;0;POINT (13.5219 52.53572)
9;2019;6;12;1;3;2;6;0;0;1;0;1;0;0;0;POINT (13.52177 52.40196)
2;2019;6;18;1;3;1;5;0;1;1;0;0;0;0;0;POINT (13.39879 52.50341)
11;2019;6;12;1;3;5;3;0;1;0;0;0;0;0;0;POINT (13.50531 52.56017)
6;2019;6;12;1;3;6;7;0;1;0;1;0;0;0;0;POINT (13.30451 52.43227)
11;2019;6;22;1;3;8;1;2;0;1;0;0;0;0;1;POINT (13.52193 52.55409)
8;2019;6;22;1;3;0;3;2;1;1;0;0;0;0;1;POINT (13.47504 52.46357)
1;2019;6;21;1;3;5;3;0;0;1;0;0;0;0;0;POINT (13.36722 52.52334)
7;2019;6;20;1;3;5;2;0;0;1;0;0;0;1;0;POINT (13.37202 52.46985)
9;2019;6;20;1;3;5;2;0;1;1;0;0;0;0;0;POINT (13.51187 52.46293)
8;2019;6;19;1;3;0;3;0;1;1;0;0;0;0;1;POINT (13.43459 52.4725)
10;2019;6;20;1;3;5;3;0;0;1;0;0;0;1;1;POINT (13.60306 52.48498)
3;2019;6;20;1;3;5;3;1;1;1;0;0;0;0;1;POINT (13.42215 52.55003)
9;2019;6;19;1;2;0;1;0;1;0;0;0;0;0;1;POINT (13.55543 52.44054)
9;2019;6;20;1;2;1;7;1;0;1;0;0;0;0;1;POINT (13.56636 52.40857)
7;2019;6;19;1;3;8;1;0;0;1;0;0;0;0;1;POINT (13.4101 52.46411)
1;2019;6;18;1;3;2;2;0;1;1;0;0;0;0;0;POINT (13.33491 52.55611)
4;2019;6;18;1;3;2;6;0;0;1;0;0;0;0;0;POINT (13.32742 52.52046)
2;2019;6;18;1;2;5;2;0;1;1;0;0;0;0;0;POINT (13.45282 52.51241)
4;2019;6;18;1;3;1;5;0;1;1;0;0;0;0;0;POINT (13.29186 52.49722)
4;2019;6;17;1;3;2;6;0;0;1;0;0;0;0;0;POINT (13.32367 52.48744)
6;2019;6;15;1;3;3;6;0;0;1;0;1;0;0;0;POINT (13.25934 52.43073)
7;2019;6;17;1;3;5;3;0;0;1;0;0;0;0;0;POINT (13.39569 52.45434)
10;2019;6;17;1;3;5;3;0;1;1;0;0;0;0;0;POINT (13.63315 52.52298)
9;2019;6;22;1;3;5;2;2;1;1;0;0;0;0;1;POINT (13.48327 52.4605)
3;2019;6;15;1;3;5;3;0;1;0;0;0;0;0;0;POINT (13.42974 52.60868)
6;2019;6;14;1;3;5;3;0;1;1;0;0;0;0;0;POINT (13.31911 52.45452)
1;2019;6;14;1;3;0;2;0;0;1;0;0;0;1;0;POINT (13.36562 52.50311)
2;2019;6;14;1;3;2;6;0;0;1;0;0;0;0;0;POINT (13.42399 52.48842)