bez;ujahr;umonat;ustunde;uwochentag;ukategorie;uart;utyp1;ulichtverh;istrad;istpkw;istfuss;istkrad;istgkfz;istsonstige;ustrzustand;geometry
3;2019;6;13;1;3;2;6;0;0;1;0;0;1;0;0;POINT (13.43833 52.5692)
5;2019;6;12;1;3;1;5;0;1;0;0;0;0;1;0;POINT (13.17725 52.54708)
8;2019;6;11;1;3;5;7;0;0;1;0;0;0;0;0;POINT (13.43765 52.45494)
1;2019;6;12;1;3;2;6;0;0;1;0;0;0;0;0;POINT (13.3641 52.55652)
1;2019;6;0;1;3;5;2;2;1;1;0;0;0;0;0;POINT (13.40127 52.5297)
4;2019;6;12;1;3;5;7;0;0;1;0;1;0;0;0;POINT (13.30877 52.50207)
1;2019;6;11;1;3;6;4;0;1;0;1;0;0;0;0;POINT (13.40178 52.53039)
1;2019;6;11;1;2;5;2;0;0;1;0;0;0;0;0;POINT (13.38659 52.54957)
9;2019;6;16;1;3;5;3;0;0;1;0;1;0;0;0;POINT (13.58739 52.43907)
2;2019;6;11;1;3;5;2;0;1;1;0;0;0;0;0;POINT (13.38739 52.49286)
1;2019;6;11;1;3;3;6;0;0;1;0;1;0;0;0;POINT (13.37945 52.55642)
10;2019;6;16;1;2;0;5;0;1;1;0;0;0;0;0;POINT (13.56873 52.51406)
5;2019;6;10;1;2;5;2;0;0;1;0;1;0;0;0;POINT (13.20854 52.56155)
9;2019;6;16;1;3;5;3;0;1;1;0;0;0;0;0;POINT (13.56261 52.45637)
4;2019;6;10;1;3;2;6;0;0;1;0;1;0;0;0;POINT (13.29942 52.52077)
8;2019;6;10;1;3;5;7;0;1;1;0;0;0;0;0;POINT (13.45311 52.42861)
3;2019;6;15;1;3;0;7;0;0;1;0;0;0;0;0;POINT (13.45745 52.52915)
9;2019;6;15;1;3;0;6;0;1;1;0;0;0;0;0;POINT (13.49643 52.45807)
2;2019;6;9;1;3;5;3;0;1;1;0;0;0;0;0;POINT (13.43315 52.51164)
5;2019;6;9;1;3;5;2;0;1;1;0;0;0;0;0;POINT (13.18996 52.52215)
2;2019;6;8;1;3;5;2;0;1;1;0;0;0;0;0;POINT (13.39534 52.49682)
4;2019;6;8;1;3;5;2;0;0;1;0;0;0;0;0;POINT (13.27798 52.51835)
2;2019;6;7;1;3;2;6;0;0;1;0;0;1;0;0;POINT (13.42006 52.49917)
5;2019;6;15;1;3;6;4;0;0;1;1;0;0;0;0;POINT (13.19459 52.53363)
9;2019;6;7;1;3;5;3;0;0;1;0;0;0;0;0;POINT (13.57786 52.46123)
1;2019;6;6;1;3;5;7;0;0;1;0;0;0;0;0;POINT (13.3527 52.50963)
12;2019;6;15;1;3;0;2;0;0;1;0;0;0;1;0;POINT (13.29444 52.57615)
1;2019;6;6;1;3;2;6;0;0;1;0;0;0;0;0;POINT (13.4098 52.5288)
9;2019;6;6;1;3;0;3;0;1;1;0;0;0;0;0;POINT (13.55618 52.43374)
1;2019;6;15;1;2;2;2;0;0;1;0;0;0;0;0;POINT (13.41823 52.51735)
3;2019;6;5;1;3;1;5;0;0;1;0;1;0;0;0;POINT (13.43255 52.54832)
2;2019;6;1;1;3;5;2;2;0;1;0;0;0;0;0;POINT (13.44918 52.52436)
1;2019;6;8;1;3;0;1;0;1;0;0;0;0;0;0;POINT (13.39585 52.53261)
11;2019;6;20;1;3;5;2;0;1;1;0;0;0;0;1;POINT (13.49955 52.53436)
6;2019;6;9;1;3;5;2;0;1;0;0;0;0;1;0;POINT (13.29686 52.46439)
10;2019;6;17;1;1;1;7;0;0;1;0;0;0;0;0;POINT (13.53459 52.55518)
4;2019;6;14;7;3;2;6;0;1;0;0;0;0;0;0;POINT (13.28796 52.50655)
4;2019;6;14;7;3;5;3;0;1;1;0;0;0;0;0;POINT (13.29416 52.48131)
1;2019;6;14;7;3;6;7;0;0;1;1;0;0;0;0;POINT (13.38706 52.53101)
9;2019;6;19;7;3;3;6;0;1;1;0;0;0;0;0;POINT (13.57716 52.44519)
1;2019;6;21;7;3;5;3;0;0;1;0;0;0;0;0;POINT (13.36432 52.54969)
11;2019;6;20;7;2;4;6;0;0;1;0;1;0;0;0;POINT (13.46955 52.50219)
2;2019;6;20;7;3;1;5;0;1;1;0;0;0;1;0;POINT (13.43387 52.50875)
4;2019;6;17;7;3;0;2;0;1;1;0;0;0;0;0;POINT (13.3048 52.54785)
2;2019;6;17;7;2;5;3;0;0;1;0;1;0;0;0;POINT (13.39581 52.49902)
10;2019;6;15;7;2;5;3;0;0;1;0;1;0;0;0;POINT (13.60371 52.47897)
7;2019;6;16;7;3;5;2;0;1;1;0;0;0;0;0;POINT (13.36096 52.49426)
3;2019;6;16;7;3;0;1;0;1;0;0;0;0;0;0;POINT (13.42505 52.54099)
11;2019;6;14;7;3;5;3;0;0;1;0;0;0;0;0;POINT (13.53702 52.48567)
7;2019;6;14;7;3;5;3;0;0;1;0;1;0;0;0;POINT (13.346 52.49883)
1;2019;6;14;7;3;5;3;0;0;1;0;0;0;0;0;POINT (13.34721 52.50549)
1;2019;6;14;7;3;5;2;0;0;1;0;1;0;0;0;POINT (13.38852 52.51877)
11;2019;6;14;7;2;5;3;0;1;1;0;0;0;0;0;POINT (13.53701 52.48567)
3;2019;6;13;7;3;2;6;0;0;1;0;0;0;0;0;POINT (13.40107 52.55465)
11;2019;6;12;5;3;5;2;0;1;1;0;0;0;0;0;POINT (13.5229 52.48324)
8;2019;6;13;7;3;2;6;0;0;1;0;0;0;0;0;POINT (13.43681 52.45692)
7;2019;6;12;7;2;5;3;0;0;1;0;1;0;0;0;POINT (13.38271 52.46853)
1;2019;6;12;5;3;5;2;0;1;0;0;0;0;1;0;POINT (13.38391 52.55575)
1;2019;6;1;7;2;5;2;2;0;1;0;0;0;0;0;POINT (13.33564 52.54201)
6;2019;6;17;5;2;5;2;0;1;1;0;0;0;0;0;POINT (13.30375 52.4587)
11;2019;6;2;7;3;5;3;2;0;1;0;0;0;0;0;POINT (13.50034 52.56142)
8;2019;6;12;5;3;3;6;0;1;0;0;0;1;0;0;POINT (13.43511 52.427)
12;2019;6;10;7;3;4;5;0;0;1;0;0;0;0;0;POINT (13.33619 52.58578)
12;2019;6;7;5;2;5;2;0;1;0;0;0;1;0;0;POINT (13.32368 52.58751)
1;2019;6;10;7;3;5;2;0;0;1;0;0;0;0;0;POINT (13.34504 52.53912)
1;2019;6;11;7;3;5;3;0;0;1;0;0;0;1;0;POINT (13.38411 52.55584)
5;2019;6;12;5;3;5;3;0;1;1;0;0;0;0;0;POINT (13.21885 52.55964)
6;2019;6;12;7;2;2;1;0;0;1;0;0;0;0;0;POINT (13.2943 52.41978)
4;2019;6;12;5;3;0;6;0;0;1;0;1;0;0;0;POINT (13.3241 52.49648)
11;2019;6;1;7;3;0;1;2;0;0;0;1;0;0;0;POINT (13.4772 52.52415)
4;2019;6;11;5;3;5;2;0;0;1;0;1;0;0;0;POINT (13.30162 52.473)
8;2019;6;0;7;3;0;1;2;1;0;0;0;0;0;0;POINT (13.43869 52.48231)
8;2019;6;11;5;3;5;2;0;1;1;0;0;0;0;0;POINT (13.42647 52.42061)
2;2019;6;12;6;3;5;3;0;0;1;0;0;0;0;0;POINT (13.4242 52.5136)
3;2019;6;18;6;3;5;3;0;0;1;0;0;0;0;0;POINT (13.40811 52.53038)
9;2019;6;12;5;3;5;3;0;0;1;0;0;0;1;0;POINT (13.58643 52.4449)
3;2019;6;13;5;2;5;3;0;1;1;0;0;0;0;0;POINT (13.47665 52.56049)
6;2019;6;15;6;3;1;5;0;1;1;0;0;0;0;0;POINT (13.32207 52.44445)
10;2019;6;18;6;2;5;3;0;1;1;0;0;0;0;0;POINT (13.57268 52.54989)
9;2019;6;12;5;2;3;6;0;1;0;0;0;1;0;0;POINT (13.56907 52.44458)
7;2019;6;15;6;3;5;2;0;1;0;0;0;0;0;0;POINT (13.38555 52.4782)
4;2019;6;16;5;3;5;3;0;1;1;0;0;0;0;0;POINT (13.26778 52.51227)
1;2019;6;14;6;3;5;2;0;0;1;0;1;0;0;0;POINT (13.33824 52.52644)
1;2019;6;19;6;3;2;6;0;0;1;0;0;0;0;0;POINT (13.37723 52.55628)
8;2019;6;16;5;3;5;3;0;0;1;0;1;0;0;0;POINT (13.43533 52.41674)
2;2019;6;19;6;3;5;3;0;1;1;0;0;0;0;0;POINT (13.41483 52.5025)
4;2019;6;13;6;3;5;2;0;1;1;0;0;0;0;0;POINT (13.33431 52.50545)
3;2019;6;16;5;3;6;4;0;0;1;1;0;0;0;0;POINT (13.48475 52.62176)
11;2019;6;19;6;3;2;6;0;0;1;0;0;0;0;0;POINT (13.52507 52.48052)
9;2019;6;16;5;2;5;2;0;1;1;0;0;0;0;0;POINT (13.58667 52.44042)
4;2019;6;16;5;2;4;6;0;1;0;0;0;0;0;0;POINT (13.27788 52.52656)
7;2019;6;19;6;3;5;3;0;0;1;0;0;0;0;0;POINT (13.34496 52.48677)
2;2019;6;15;5;2;5;7;0;0;1;0;0;1;0;0;POINT (13.41216 52.49852)
2;2019;6;12;6;2;5;2;0;1;1;0;0;0;0;0;POINT (13.43491 52.50449)
4;2019;6;16;5;3;5;2;0;1;0;0;1;0;0;0;POINT (13.32758 52.52067)
6;2019;6;22;6;3;6;4;2;0;1;1;0;0;0;0;POINT (13.25124 52.45013)
7;2019;6;12;6;3;1;5;0;0;1;0;0;0;0;0;POINT (13.41263 52.4026)
7;2019;6;16;5;3;1;5;0;1;1;0;0;0;0;0;POINT (13.35971 52.49892)
4;2019;6;9;5;3;2;7;0;0;1;0;0;0;0;0;POINT (13.29641 52.4849)
5;2019;6;11;6;3;0;2;0;0;1;0;0;0;1;0;POINT (13.20074 52.5386)
5;2019;6;10;6;3;5;2;0;1;1;0;0;0;0;0;POINT (13.2475 52.52458)
3;2019;6;12;5;2;1;1;0;0;1;0;0;0;1;0;POINT (13.44923 52.55236)
1;2019;6;23;6;2;0;1;2;1;0;0;0;0;0;0;POINT (13.4007 52.52364)
2;2019;6;17;5;3;5;3;0;0;1;0;0;0;0;0;POINT (13.39712 52.50036)
8;2019;6;9;6;3;5;7;0;0;1;0;0;0;0;0;POINT (13.45 52.44555)
1;2019;6;9;6;2;5;2;0;1;0;0;0;1;0;0;POINT (13.39589 52.53823)
8;2019;6;15;5;3;6;2;0;0;1;1;0;0;0;0;POINT (13.42752 52.4743)
4;2019;5;5;5;3;5;2;0;1;1;0;0;0;0;0;POINT (13.29821 52.49132)
3;2019;5;7;5;3;5;3;0;0;1;0;1;0;0;0;POINT (13.44059 52.55376)
2;2019;6;23;5;2;5;3;2;0;1;0;0;0;0;0;POINT (13.39932 52.50466)
4;2019;5;9;5;3;5;2;0;1;1;0;0;0;0;0;POINT (13.30989 52.52578)
11;2019;6;15;5;3;5;2;0;0;1;0;1;0;0;0;POINT (13.54434 52.56687)
4;2019;5;9;5;3;5;2;0;0;1;0;0;0;0;0;POINT (13.3021 52.50795)
7;2019;5;15;5;3;2;6;0;0;1;0;0;0;0;0;POINT (13.40255 52.44736)
7;2019;6;11;5;3;1;5;0;1;1;0;0;0;1;0;POINT (13.38341 52.44542)
3;2019;6;11;5;3;2;1;0;0;1;0;0;0;0;0;POINT (13.44277 52.55108)
12;2019;5;15;5;3;5;3;0;0;1;0;0;0;0;0;POINT (13.31871 52.57416)
7;2019;5;15;5;3;5;2;0;1;1;0;0;0;0;0;POINT (13.38447 52.47157)
4;2019;6;18;5;3;0;7;0;1;0;0;0;0;0;0;POINT (13.29382 52.51675)
9;2019;5;13;5;3;5;3;0;1;1;0;0;0;0;0;POINT (13.56534 52.3976)
2;2019;6;10;5;2;6;4;0;1;0;1;0;0;0;0;POINT (13.41705 52.49882)
12;2019;5;13;5;2;5;2;0;0;1;0;0;0;0;0;POINT (13.32612 52.56166)
12;2019;5;16;5;3;5;3;0;0;1;0;0;0;0;0;POINT (13.33923 52.59583)
4;2019;5;17;5;2;2;6;0;0;1;0;0;0;0;0;POINT (13.28203 52.53381)
12;2019;6;15;5;3;1;5;0;0;1;0;0;0;0;0;POINT (13.28247 52.63039)
9;2019;5;17;5;2;5;2;0;1;1;0;0;0;0;0;POINT (13.48396 52.47416)
3;2019;6;10;5;3;5;2;0;0;1;0;1;0;0;0;POINT (13.40504 52.54802)
2;2019;5;19;5;3;5;7;0;1;0;0;0;0;1;0;POINT (13.41638 52.49126)
5;2019;6;9;5;3;1;5;0;1;1;0;0;0;1;0;POINT (13.23248 52.5384)
2;2019;5;19;5;3;0;6;0;0;1;0;0;0;1;0;POINT (13.41275 52.49188)
2;2019;6;9;5;3;5;3;0;1;1;0;0;0;0;0;POINT (13.41628 52.50173)
12;2019;5;20;5;3;5;2;0;0;1;0;0;0;0;1;POINT (13.3277 52.56404)
9;2019;6;15;5;3;5;3;0;1;1;0;0;0;0;0;POINT (13.51065 52.45033)
7;2019;5;21;5;3;2;6;2;0;1;0;0;0;1;1;POINT (13.40043 52.45917)
7;2019;6;15;5;3;1;5;0;1;1;0;0;0;0;0;POINT (13.40458 52.38667)
2;2019;5;18;5;3;0;1;0;1;0;0;0;0;0;0;POINT (13.40718 52.48602)
6;2019;5;9;5;3;2;2;0;0;1;0;0;0;1;0;POINT (13.30829 52.45977)
4;2019;6;14;5;3;5;2;0;1;1;0;0;0;0;0;POINT (13.32399 52.54241)
9;2019;5;10;5;3;5;2;0;1;1;0;0;0;0;0;POINT (13.69943 52.43585)
4;2019;6;14;5;3;5;2;0;1;1;0;0;0;0;0;POINT (13.30221 52.51867)
3;2019;5;12;5;3;2;6;0;0;1;0;0;0;0;0;POINT (13.42214 52.53544)
1;2019;5;12;5;3;0;7;0;1;0;0;0;0;1;1;POINT (13.41937 52.50579)
3;2019;6;14;5;2;5;2;0;1;1;0;0;0;0;0;POINT (13.40561 52.55119)
1;2019;5;12;5;3;2;6;0;0;1;0;0;0;0;0;POINT (13.35868 52.55373)
6;2019;6;13;5;3;1;5;0;1;1;0;0;0;0;0;POINT (13.34692 52.43707)
2;2019;5;12;5;3;2;6;0;0;1;0;0;0;1;0;POINT (13.4387 52.50277)
6;2019;6;14;5;3;2;6;0;0;1;0;0;1;0;0;POINT (13.27014 52.4501)
1;2019;5;12;5;3;0;7;0;0;0;0;1;0;1;1;POINT (13.41938 52.50575)
1;2019;6;10;5;3;2;6;0;0;1;0;0;1;0;0;POINT (13.33568 52.54209)
12;2019;5;23;5;3;2;6;2;0;1;0;0;0;0;1;POINT (13.33987 52.58803)
1;2019;5;21;5;3;0;1;2;0;0;0;1;0;0;1;POINT (13.37937 52.52946)
1;2019;6;8;5;3;1;1;0;0;1;0;0;0;0;0;POINT (13.3343 52.52456)
11;2019;6;8;5;1;6;4;0;0;0;1;0;1;0;0;POINT (13.52351 52.47895)
2;2019;5;18;4;3;6;7;0;0;1;1;0;0;0;0;POINT (13.38688 52.50273)
8;2019;6;16;4;3;0;2;0;1;0;0;0;0;1;1;POINT (13.456 52.48406)
7;2019;5;18;4;2;5;2;0;0;1;0;1;0;0;0;POINT (13.41234 52.39439)
2;2019;6;18;4;3;3;6;0;1;1;0;0;0;0;0;POINT (13.38814 52.50657)
4;2019;5;17;4;3;6;4;0;0;1;1;0;0;0;0;POINT (13.31447 52.47412)
10;2019;5;17;4;2;5;3;0;1;1;0;0;0;0;0;POINT (13.60474 52.53226)
12;2019;6;15;4;3;2;6;0;0;1;0;0;0;0;0;POINT (13.29057 52.5816)
9;2019;6;7;4;3;5;2;0;1;1;0;0;0;0;0;POINT (13.57695 52.44435)
3;2019;5;16;4;3;5;3;0;0;1;0;0;0;0;0;POINT (13.38821 52.58418)
10;2019;5;16;4;2;5;3;0;1;1;0;0;0;0;0;POINT (13.59905 52.5284)
9;2019;6;7;4;3;5;2;0;1;1;0;0;0;0;0;POINT (13.55087 52.42905)
1;2019;5;18;4;3;5;2;0;1;1;0;0;0;0;0;POINT (13.33926 52.52585)
5;2019;6;6;4;3;5;3;0;0;1;0;1;0;0;0;POINT (13.20831 52.562)
12;2019;5;16;4;3;0;1;0;1;0;0;0;0;0;0;POINT (13.29544 52.64324)
10;2019;5;16;4;3;5;7;0;0;1;0;0;0;0;0;POINT (13.56562 52.57044)
8;2019;6;6;4;3;5;2;0;1;0;0;1;0;0;0;POINT (13.46437 52.47021)
2;2019;5;23;4;2;6;4;2;0;1;1;0;0;0;0;POINT (13.43438 52.50855)
1;2019;6;21;4;3;5;7;2;1;1;0;0;0;0;1;POINT (13.36534 52.5571)
8;2019;5;22;4;3;5;7;2;1;1;0;0;0;0;0;POINT (13.43413 52.46669)
8;2019;6;21;4;3;2;6;1;1;1;0;0;0;0;1;POINT (13.42833 52.47307)
4;2019;5;20;4;3;5;3;1;1;1;0;0;0;0;0;POINT (13.31512 52.49089)
4;2019;6;21;4;3;6;4;1;0;1;1;0;0;0;1;POINT (13.32013 52.50615)
3;2019;5;20;4;3;5;2;1;1;1;0;0;0;0;0;POINT (13.49207 52.55872)
1;2019;5;19;4;3;1;5;0;1;1;0;0;0;0;0;POINT (13.34493 52.52513)
8;2019;6;12;4;2;6;2;0;0;1;1;0;0;0;0;POINT (13.49562 52.41521)
3;2019;6;23;4;3;5;3;2;0;1;0;0;0;0;1;POINT (13.43024 52.55097)
10;2019;5;18;4;3;2;6;0;1;0;0;0;0;0;0;POINT (13.56188 52.49382)
10;2019;5;18;4;3;5;3;0;0;1;0;0;0;0;0;POINT (13.57369 52.48496)
3;2019;6;15;4;3;0;7;0;0;1;0;0;0;0;0;POINT (13.47083 52.58363)
1;2019;5;15;4;3;3;6;0;1;1;0;0;0;0;0;POINT (13.38832 52.51995)
8;2019;6;15;4;3;5;2;0;0;1;0;0;0;0;1;POINT (13.43367 52.48209)
4;2019;5;15;4;3;5;3;0;0;1;0;0;0;0;0;POINT (13.26029 52.51653)
1;2019;6;15;4;3;1;5;0;1;1;0;0;0;1;1;POINT (13.32081 52.52582)
3;2019;5;14;4;3;2;2;0;0;1;0;0;0;0;0;POINT (13.38502 52.59756)
7;2019;6;13;4;2;2;6;0;1;1;0;0;0;0;0;POINT (13.36161 52.41579)
4;2019;5;14;4;3;2;6;0;0;1;0;0;0;0;0;POINT (13.30821 52.48792)
11;2019;6;12;4;2;6;2;0;0;1;1;0;0;0;0;POINT (13.48587 52.51847)
11;2019;5;13;4;3;6;2;0;0;0;1;0;0;1;0;POINT (13.50051 52.51063)
2;2019;6;12;4;3;5;2;0;1;1;0;0;0;0;0;POINT (13.43655 52.52336)
5;2019;5;13;4;2;1;5;0;1;1;0;0;0;0;0;POINT (13.1819 52.4872)
6;2019;5;10;4;2;5;7;0;0;1;0;1;0;0;0;POINT (13.30913 52.43087)
1;2019;6;12;4;3;5;2;0;0;1;0;1;0;0;0;POINT (13.36501 52.52598)
5;2019;5;6;4;2;1;5;0;0;1;0;0;0;0;0;POINT (13.1878 52.52767)
9;2019;6;12;4;3;2;6;0;0;1;0;0;0;0;0;POINT (13.51237 52.47077)
12;2019;5;16;3;3;2;6;0;0;1;0;0;0;0;0;POINT (13.25204 52.59972)
2;2019;6;11;4;2;5;7;0;1;1;0;0;0;0;0;POINT (13.39291 52.48921)
4;2019;5;18;3;3;2;2;0;1;1;0;0;0;0;0;POINT (13.32611 52.53835)
6;2019;6;11;4;3;5;2;0;0;1;0;1;0;0;0;POINT (13.22198 52.43079)
2;2019;5;18;3;3;5;2;0;1;0;0;0;0;1;0;POINT (13.4467 52.50261)
1;2019;5;16;3;3;3;6;0;0;1;0;1;0;0;0;POINT (13.3432 52.52767)
10;2019;6;11;4;3;2;6;0;0;1;0;0;0;0;0;POINT (13.56472 52.54475)
9;2019;6;7;4;3;6;2;0;0;1;1;0;0;0;0;POINT (13.63278 52.45665)
9;2019;5;23;3;3;0;1;2;1;0;0;0;0;0;0;POINT (13.56707 52.45513)
4;2019;5;17;3;3;6;4;0;0;1;1;0;0;0;0;POINT (13.30488 52.51411)
2;2019;6;10;4;3;5;5;0;0;1;0;1;0;0;0;POINT (13.45369 52.51227)
1;2019;5;20;3;3;0;2;1;1;0;0;0;1;0;0;POINT (13.38991 52.5103)
4;2019;6;10;4;3;2;2;0;0;1;0;0;0;0;0;POINT (13.33575 52.51365)
4;2019;5;18;3;3;5;3;0;1;1;0;0;0;0;0;POINT (13.33101 52.49293)
9;2019;5;18;3;2;5;2;0;0;1;0;0;0;0;0;POINT (13.48125 52.46079)
4;2019;6;9;4;3;6;2;0;1;0;1;0;0;0;0;POINT (13.32452 52.49794)
2;2019;5;23;3;3;5;3;2;0;1;0;0;0;0;0;POINT (13.38795 52.49299)
11;2019;5;22;3;3;5;2;2;0;1;0;0;0;0;0;POINT (13.48835 52.50213)
11;2019;6;9;4;2;6;4;0;0;0;1;0;0;1;0;POINT (13.50753 52.56426)
3;2019;5;21;3;3;5;2;1;1;1;0;0;0;0;0;POINT (13.42755 52.56794)
3;2019;5;18;3;3;0;2;0;0;1;0;1;0;0;0;POINT (13.41823 52.54652)
4;2019;6;19;4;3;2;6;0;1;0;0;1;0;0;1;POINT (13.31328 52.50226)
1;2019;5;18;3;3;5;2;0;1;1;0;0;0;0;0;POINT (13.36686 52.55215)
1;2019;6;18;4;3;0;1;0;1;0;0;0;0;0;1;POINT (13.40298 52.52442)
5;2019;5;15;3;3;6;2;0;0;1;1;0;0;0;0;POINT (13.19758 52.5317)
1;2019;6;18;4;3;0;3;0;1;0;0;1;0;0;1;POINT (13.39567 52.52899)
10;2019;5;18;3;3;5;3;0;1;1;0;0;0;0;0;POINT (13.57667 52.49397)
5;2019;6;18;4;3;0;2;0;1;1;0;0;0;0;1;POINT (13.19529 52.53553)
6;2019;5;9;3;2;3;6;0;0;1;0;1;0;0;0;POINT (13.31824 52.45437)
2;2019;5;11;3;3;5;3;0;1;1;0;0;0;0;0;POINT (13.43006 52.50353)
1;2019;6;18;4;2;5;3;1;1;1;0;0;0;0;1;POINT (13.39046 52.5077)
12;2019;6;18;4;3;5;2;0;1;1;0;0;0;0;1;POINT (13.35836 52.60141)
4;2019;5;18;3;3;2;6;0;0;1;0;0;0;0;0;POINT (13.30704 52.49941)
4;2019;5;11;3;3;5;2;0;0;1;0;0;1;0;0;POINT (13.27881 52.47769)
6;2019;6;18;4;2;6;4;0;0;1;1;0;0;0;1;POINT (13.25189 52.44851)
7;2019;5;11;3;3;5;7;0;0;1;0;0;0;0;0;POINT (13.35394 52.50013)
1;2019;6;18;4;3;0;1;0;0;0;0;1;0;0;1;POINT (13.37584 52.52844)
5;2019;5;11;3;3;5;2;0;0;1;0;1;0;0;0;POINT (13.19852 52.5397)
2;2019;6;17;4;2;6;4;0;0;0;1;1;0;0;1;POINT (13.41836 52.49998)
2;2019;5;12;3;3;1;5;0;1;1;0;0;0;1;0;POINT (13.44227 52.50416)
12;2019;6;16;4;2;0;1;0;1;0;0;0;0;0;1;POINT (13.24688 52.62225)
9;2019;5;17;3;3;2;6;0;1;1;0;0;0;0;0;POINT (13.47565 52.45636)
4;2019;5;17;3;2;6;4;0;0;1;1;0;0;0;0;POINT (13.26089 52.51699)
1;2019;6;16;4;3;6;4;0;0;1;1;0;0;0;1;POINT (13.32806 52.52586)
7;2019;6;15;4;3;1;5;0;0;1;0;0;0;0;1;POINT (13.38888 52.43921)
6;2019;5;17;3;3;5;3;0;0;1;0;0;0;1;0;POINT (13.32746 52.42272)
4;2019;6;17;4;3;5;3;0;1;1;0;0;0;0;0;POINT (13.30099 52.51525)
1;2019;6;17;4;3;4;6;0;0;0;0;1;1;0;0;POINT (13.37698 52.55733)
4;2019;6;17;4;3;5;3;0;0;1;0;0;0;0;0;POINT (13.2957 52.53037)
12;2019;6;17;4;3;5;3;0;1;1;0;0;0;0;0;POINT (13.36189 52.56859)
1;2019;6;16;4;3;5;3;0;0;1;0;0;0;1;0;POINT (13.42198 52.50508)
6;2019;6;16;4;3;5;2;0;1;1;0;0;0;0;0;POINT (13.27901 52.43094)
4;2019;6;16;4;2;5;3;0;1;1;0;0;0;0;0;POINT (13.31335 52.51518)
3;2019;6;16;4;3;5;2;0;1;1;0;0;0;0;0;POINT (13.4973 52.63433)
1;2019;6;16;4;3;5;2;0;0;1;0;1;0;0;0;POINT (13.38061 52.53253)
10;2019;6;20;4;3;2;6;0;0;1;0;1;0;0;0;POINT (13.59072 52.52944)
2;2019;6;20;4;3;5;3;0;1;1;0;0;0;0;0;POINT (13.47392 52.51017)
2;2019;6;19;4;3;5;3;0;1;1;0;0;0;0;0;POINT (13.45227 52.52746)
11;2019;6;19;4;3;2;2;0;0;1;0;0;0;0;0;POINT (13.48661 52.50239)
5;2019;6;19;4;3;1;5;0;0;1;0;0;0;1;0;POINT (13.19698 52.52104)
10;2019;6;18;4;3;2;6;0;0;1;0;0;0;1;0;POINT (13.598 52.54756)
6;2019;6;18;4;3;0;7;0;1;0;0;0;0;0;0;POINT (13.27849 52.46816)
1;2019;6;18;4;3;5;3;0;1;1;0;0;0;0;0;POINT (13.34354 52.53218)
1;2019;6;18;4;3;0;1;0;1;0;0;0;0;0;0;POINT (13.39877 52.53259)
7;2019;6;18;4;3;0;2;0;1;1;0;0;0;0;0;POINT (13.34805 52.41478)
9;2019;6;15;4;3;6;7;0;1;0;1;0;0;0;0;POINT (13.52336 52.46276)
9;2019;6;17;4;3;2;6;0;0;1;0;1;0;0;0;POINT (13.55849 52.45396)
2;2019;6;15;4;3;6;4;0;0;1;1;0;0;0;0;POINT (13.46207 52.51902)
9;2019;6;15;4;3;2;6;0;0;1;0;0;0;0;0;POINT (13.51258 52.46277)
2;2019;6;15;4;3;5;7;0;0;1;0;0;0;0;0;POINT (13.4105 52.49845)
10;2019;6;6;4;2;5;2;0;1;1;0;0;0;0;0;POINT (13.54522 52.5536)
3;2019;6;7;4;2;5;3;0;1;1;0;0;0;0;0;POINT (13.41395 52.58297)
1;2019;6;14;4;3;6;4;0;0;1;1;0;0;0;0;POINT (13.34743 52.51558)
11;2019;6;7;4;3;3;6;0;0;1;0;1;0;0;1;POINT (13.4752 52.50155)
2;2019;6;7;4;3;3;6;0;1;0;0;0;0;1;0;POINT (13.44405 52.49998)
6;2019;6;7;4;3;3;6;0;0;1;0;1;0;0;0;POINT (13.35371 52.44741)
6;2019;6;7;4;2;5;2;0;0;1;0;1;0;0;1;POINT (13.25074 52.43506)
1;2019;6;8;4;3;5;3;0;1;1;0;0;0;0;0;POINT (13.36817 52.55006)
11;2019;6;8;4;3;6;4;0;0;1;1;0;0;0;0;POINT (13.51614 52.54499)
9;2019;6;8;4;3;5;2;0;1;1;0;0;0;0;0;POINT (13.45406 52.4889)
9;2019;6;9;4;3;5;2;0;1;1;0;0;0;0;0;POINT (13.50918 52.47342)
1;2019;6;14;4;3;5;7;0;0;1;0;1;0;0;0;POINT (13.39463 52.51511)
1;2019;6;10;4;3;5;3;0;1;1;0;0;0;0;0;POINT (13.38044 52.51809)
11;2019;6;10;4;2;5;3;0;1;0;0;0;1;0;0;POINT (13.52461 52.49603)
4;2019;6;12;4;3;2;6;0;1;1;0;0;0;0;0;POINT (13.2718 52.47984)
3;2019;6;12;4;3;1;5;0;1;1;0;0;0;0;0;POINT (13.46787 52.55146)
2;2019;6;12;4;3;0;3;0;1;0;0;0;1;0;0;POINT (13.39781 52.49539)
4;2019;6;8;4;2;0;1;0;1;0;0;0;0;0;0;POINT (13.30379 52.49931)
4;2019;6;16;4;3;5;3;0;1;0;0;0;0;1;0;POINT (13.22868 52.50425)
6;2019;6;15;3;3;6;7;0;0;0;1;1;0;0;0;POINT (13.2892 52.43521)
1;2019;6;11;3;3;6;4;0;1;0;1;0;0;0;0;POINT (13.39023 52.53554)
1;2019;6;19;3;3;0;1;0;0;0;0;1;0;0;1;POINT (13.38258 52.53045)
8;2019;6;19;3;3;0;1;1;1;0;0;0;0;0;1;POINT (13.47314 52.46456)
3;2019;6;11;3;2;4;6;0;0;1;0;0;1;0;0;POINT (13.50632 52.63624)
2;2019;6;8;3;3;0;1;0;0;0;0;1;0;0;1;POINT (13.3767 52.48922)
1;2019;6;23;3;3;0;2;2;1;1;0;0;0;0;1;POINT (13.39148 52.55549)
1;2019;6;22;3;3;0;3;2;0;1;0;1;0;0;1;POINT (13.3733 52.53804)
12;2019;6;22;3;3;5;3;2;0;1;0;0;0;0;1;POINT (13.34114 52.60009)
6;2019;6;15;3;3;5;2;0;0;1;0;1;0;0;0;POINT (13.33866 52.44902)
10;2019;6;15;3;2;6;4;0;0;1;1;0;0;0;0;POINT (13.59189 52.54567)
7;2019;6;15;3;3;0;7;0;0;1;0;0;0;1;0;POINT (13.39416 52.45669)
1;2019;6;16;3;3;6;4;0;1;0;1;0;0;0;0;POINT (13.37897 52.50703)
9;2019;6;18;3;3;5;2;0;1;1;0;0;0;0;1;POINT (13.57718 52.45577)
9;2019;6;18;3;3;6;4;0;0;1;1;0;0;0;1;POINT (13.56412 52.43821)
4;2019;6;18;3;3;5;3;0;1;1;0;0;0;0;1;POINT (13.30193 52.52129)
11;2019;6;19;3;3;0;7;0;0;1;0;0;0;0;1;POINT (13.49162 52.51145)