bez;ujahr;umonat;ustunde;uwochentag;ukategorie;uart;utyp1;ulichtverh;istrad;istpkw;istfuss;istkrad;istgkfz;istsonstige;ustrzustand;geometry
10;2019;6;7;5;3;5;3;0;1;1;0;0;0;0;0;POINT (13.53945 52.53448)
1;2019;6;18;5;3;6;4;0;0;1;1;0;0;0;0;POINT (13.41773 52.51815)
11;2019;6;18;5;3;5;2;0;1;1;0;0;0;0;0;POINT (13.4806 52.49902)
5;2019;6;7;5;3;3;6;0;0;1;0;1;0;0;0;POINT (13.15573 52.52156)
7;2019;6;18;5;3;5;2;0;1;1;0;0;0;0;0;POINT (13.37605 52.40912)
1;2019;6;6;5;3;5;2;0;1;1;0;0;0;0;0;POINT (13.38091 52.51637)
1;2019;6;17;5;2;3;6;0;0;1;0;1;0;0;0;POINT (13.34484 52.53898)
2;2019;6;3;5;3;1;5;2;1;1;0;0;0;0;0;POINT (13.46102 52.50875)
2;2019;6;18;5;3;2;6;0;1;1;0;0;0;0;0;POINT (13.46845 52.51108)
8;2019;6;17;5;3;1;5;0;1;1;0;0;0;1;0;POINT (13.45675 52.47352)
2;2019;6;17;5;3;5;2;0;1;1;0;0;0;0;0;POINT (13.41217 52.49875)
12;2019;6;17;5;3;2;6;0;0;1;0;0;0;0;0;POINT (13.30088 52.61575)
5;2019;6;19;5;3;5;3;0;0;1;0;0;0;0;0;POINT (13.19605 52.54787)
3;2019;6;7;5;3;5;3;0;0;1;1;0;0;0;0;POINT (13.43371 52.61244)
7;2019;6;18;5;3;8;1;0;1;0;0;0;0;0;0;POINT (13.42306 52.39498)
1;2019;6;9;5;3;3;6;0;1;0;0;0;1;0;0;POINT (13.39293 52.56429)
7;2019;6;8;5;3;5;3;0;0;1;0;0;0;1;0;POINT (13.3797 52.44166)
1;2019;6;17;4;2;2;6;0;1;0;0;0;0;0;0;POINT (13.38632 52.53291)
6;2019;6;22;5;3;1;1;2;0;1;0;0;0;0;0;POINT (13.25909 52.45144)
3;2019;6;8;4;3;5;3;0;1;1;0;0;0;0;0;POINT (13.42493 52.54701)
1;2019;6;21;5;2;5;2;0;1;1;0;0;0;0;0;POINT (13.32963 52.52379)
6;2019;6;17;4;2;5;3;0;0;1;0;0;0;0;0;POINT (13.19085 52.43457)
12;2019;6;20;5;2;5;3;0;0;1;0;1;0;0;0;POINT (13.31186 52.56788)
7;2019;6;17;4;3;0;6;0;0;1;0;1;0;0;0;POINT (13.37789 52.46894)
10;2019;6;17;4;3;6;4;0;0;1;1;0;0;0;0;POINT (13.59551 52.52874)
2;2019;6;18;5;2;6;4;0;1;0;1;0;0;0;0;POINT (13.41386 52.49845)
8;2019;6;13;5;3;6;4;0;0;0;1;0;1;0;0;POINT (13.43499 52.48312)
1;2019;6;13;7;3;1;5;0;1;1;0;0;0;0;0;POINT (13.33745 52.55199)
8;2019;6;12;7;3;3;6;0;1;1;0;0;0;0;0;POINT (13.42624 52.47734)
6;2019;6;18;7;3;2;6;0;0;1;0;0;0;0;0;POINT (13.24803 52.46741)
5;2019;6;21;7;2;8;1;1;0;1;0;0;0;0;0;POINT (13.19886 52.53274)
1;2019;6;18;7;3;0;1;0;0;0;0;1;0;0;0;POINT (13.40567 52.53459)
11;2019;6;20;6;3;0;7;0;1;0;0;0;0;0;0;POINT (13.52755 52.49019)
10;2019;6;15;6;3;0;1;0;0;0;0;1;0;0;0;POINT (13.64316 52.52933)
6;2019;6;12;6;3;1;7;0;0;1;0;0;0;0;0;POINT (13.21516 52.43884)
4;2019;6;19;6;3;2;2;0;0;1;0;0;0;1;0;POINT (13.27327 52.51314)
8;2019;6;15;6;3;5;2;0;0;1;0;0;0;0;0;POINT (13.47105 52.46606)
2;2019;6;15;6;3;5;3;0;0;1;0;0;0;0;0;POINT (13.38726 52.50428)
8;2019;6;15;6;3;5;3;0;0;1;0;1;0;0;0;POINT (13.42741 52.45225)
7;2019;6;16;6;3;5;2;0;0;1;0;1;0;0;0;POINT (13.4001 52.44503)
11;2019;6;16;6;3;3;6;0;1;1;0;0;0;0;0;POINT (13.47355 52.50311)
3;2019;6;17;6;3;5;3;0;1;1;0;0;0;0;0;POINT (13.42774 52.56059)
8;2019;6;17;6;3;2;6;0;0;1;0;0;0;0;0;POINT (13.43546 52.44785)
7;2019;6;19;6;3;5;3;0;1;1;0;0;0;0;0;POINT (13.34369 52.50148)
4;2019;6;20;6;3;2;6;0;0;1;0;0;0;0;0;POINT (13.32782 52.50313)
11;2019;6;20;6;3;5;3;0;1;0;0;0;0;1;0;POINT (13.47959 52.52297)
11;2019;6;21;6;3;0;1;1;1;1;0;0;0;0;0;POINT (13.47168 52.50478)
2;2019;6;21;6;3;2;6;1;0;1;0;1;0;0;0;POINT (13.41732 52.49901)
1;2019;6;14;6;3;5;3;0;1;1;0;0;0;0;0;POINT (13.39547 52.52433)
12;2019;6;12;6;3;1;1;0;0;1;0;0;0;0;0;POINT (13.25796 52.56778)
10;2019;6;11;6;3;5;3;0;0;1;0;0;0;0;0;POINT (13.55113 52.5161)
4;2019;6;11;6;3;0;5;0;0;1;0;0;0;1;0;POINT (13.30111 52.49881)
6;2019;6;10;6;3;5;3;0;0;1;0;0;1;0;0;POINT (13.24011 52.4245)
11;2019;6;16;6;3;5;2;0;0;0;0;0;0;1;0;POINT (13.52709 52.49214)
9;2019;6;10;6;3;5;3;0;0;1;0;1;0;0;0;POINT (13.55017 52.39951)
11;2019;6;9;6;3;5;3;0;1;1;0;0;0;0;0;POINT (13.51127 52.50422)
1;2019;6;2;6;3;6;4;2;0;0;1;0;0;1;0;POINT (13.38775 52.5487)
10;2019;6;15;5;3;2;6;0;0;1;0;0;0;1;0;POINT (13.56513 52.55618)
3;2019;6;18;5;3;0;7;0;1;0;0;0;0;1;0;POINT (13.40701 52.5817)
8;2019;6;14;5;3;2;2;0;1;1;0;0;0;0;0;POINT (13.44004 52.48166)
11;2019;6;14;5;3;3;6;0;0;1;0;0;1;0;0;POINT (13.47588 52.50131)
5;2019;6;17;5;3;5;3;0;1;1;0;0;0;0;0;POINT (13.21921 52.5571)
5;2019;6;16;5;2;1;5;0;1;1;0;0;0;0;0;POINT (13.20994 52.55012)
5;2019;6;16;5;3;2;6;0;0;1;0;0;1;0;0;POINT (13.15345 52.53287)
6;2019;6;16;5;2;3;6;0;1;1;0;0;0;0;0;POINT (13.33175 52.45824)
2;2019;6;15;5;3;2;6;0;1;1;0;0;0;0;0;POINT (13.46615 52.50013)
3;2019;6;13;5;3;1;5;0;1;1;0;0;0;0;0;POINT (13.46261 52.56264)
1;2019;6;13;5;3;2;6;0;1;0;0;0;0;0;0;POINT (13.41791 52.51475)
7;2019;6;13;5;3;5;2;0;0;1;0;0;0;0;0;POINT (13.3474 52.4706)
3;2019;6;13;5;3;0;7;0;1;0;0;0;0;0;0;POINT (13.46844 52.55965)
8;2019;6;18;5;3;5;2;0;0;1;0;0;0;0;0;POINT (13.42883 52.47792)
1;2019;6;13;5;3;5;2;0;0;1;0;1;0;0;0;POINT (13.33543 52.5267)
4;2019;6;13;5;3;2;6;0;0;1;0;0;0;0;0;POINT (13.32233 52.51317)
2;2019;6;14;5;3;0;1;0;0;0;0;1;0;0;0;POINT (13.42745 52.51139)
11;2019;6;15;5;3;2;6;0;0;1;0;0;0;1;0;POINT (13.5135 52.56795)
1;2019;6;13;5;3;5;2;0;0;1;0;0;0;0;0;POINT (13.41811 52.51552)
11;2019;6;13;5;3;0;7;0;0;0;0;1;0;0;1;POINT (13.47817 52.50029)
2;2019;6;20;5;3;1;5;1;1;1;0;0;0;1;0;POINT (13.42346 52.51277)
9;2019;6;19;5;3;3;6;0;1;0;0;0;0;1;0;POINT (13.59055 52.43736)
10;2019;6;19;5;2;5;3;0;1;1;0;0;0;0;0;POINT (13.60815 52.5352)
4;2019;6;19;5;3;1;5;0;1;0;0;0;1;0;0;POINT (13.30818 52.4968)
8;2019;6;19;5;3;2;2;0;0;1;0;0;0;0;0;POINT (13.4307 52.46855)
1;2019;6;19;5;3;5;2;0;1;0;0;0;0;1;0;POINT (13.40252 52.54018)
2;2019;6;19;5;3;0;7;0;0;1;0;0;0;1;0;POINT (13.43966 52.50226)
2;2019;6;7;5;3;1;5;0;1;1;0;0;0;1;0;POINT (13.42221 52.49159)
2;2019;6;23;5;2;0;1;2;1;0;0;0;0;1;0;POINT (13.45228 52.51064)
11;2019;6;7;5;2;5;2;0;1;1;0;0;0;0;0;POINT (13.49969 52.54786)
9;2019;6;6;5;3;6;4;0;1;0;1;0;0;0;0;POINT (13.52446 52.44688)
12;2019;6;5;5;3;5;3;0;0;1;0;0;0;0;0;POINT (13.31457 52.56737)
8;2019;6;13;5;3;5;3;0;1;1;0;0;0;0;0;POINT (13.47205 52.46174)
1;2019;6;13;5;3;2;2;0;0;1;0;0;0;1;0;POINT (13.34877 52.53586)
1;2019;6;9;5;3;1;5;0;1;1;0;0;0;1;0;POINT (13.41011 52.52463)
6;2019;6;12;5;3;5;3;0;1;1;0;0;0;0;0;POINT (13.2683 52.40639)
5;2019;6;10;5;3;4;6;0;1;1;0;0;0;0;0;POINT (13.12957 52.45287)
1;2019;6;11;5;3;6;4;0;1;0;1;0;0;0;0;POINT (13.37631 52.53599)
6;2019;6;10;5;3;5;3;0;0;1;0;0;0;0;0;POINT (13.35868 52.43415)
10;2019;6;9;5;3;5;3;0;1;1;0;0;0;0;0;POINT (13.60557 52.4878)
9;2019;6;10;5;2;5;2;0;1;0;0;0;1;0;0;POINT (13.58199 52.44261)
10;2019;6;9;5;3;5;3;0;1;1;0;0;0;0;0;POINT (13.60111 52.47924)
1;2019;6;10;5;3;2;6;0;0;1;0;0;0;0;0;POINT (13.35366 52.50514)
8;2019;6;3;5;3;3;6;2;0;1;0;1;0;0;1;POINT (13.42636 52.47708)
2;2019;6;0;5;3;6;4;2;0;1;1;0;0;0;1;POINT (13.45521 52.5078)
1;2019;6;11;5;2;1;5;0;1;1;0;0;0;1;0;POINT (13.34926 52.52378)
7;2019;6;21;4;3;3;6;2;0;1;0;0;0;0;0;POINT (13.37521 52.45531)
7;2019;6;13;4;3;4;6;0;1;1;0;0;0;0;0;POINT (13.32963 52.47383)
1;2019;6;9;4;3;0;2;0;1;0;0;0;1;0;1;POINT (13.34112 52.505)
1;2019;6;9;4;3;0;1;0;1;0;0;0;0;0;1;POINT (13.35089 52.52642)
4;2019;6;8;4;3;2;2;0;1;1;0;0;0;0;1;POINT (13.28653 52.5188)
3;2019;6;21;4;3;5;3;2;0;1;0;0;0;0;1;POINT (13.36981 52.58938)
2;2019;6;22;4;3;1;1;2;1;1;0;0;0;0;0;POINT (13.4355 52.51095)
2;2019;6;23;4;3;0;3;1;1;0;0;1;0;0;0;POINT (13.40785 52.48903)
8;2019;6;7;4;3;5;3;0;1;1;0;0;0;0;0;POINT (13.47018 52.43503)
3;2019;6;7;4;3;2;6;0;0;1;0;0;0;0;0;POINT (13.42609 52.5487)
1;2019;6;7;4;3;5;2;0;1;1;0;0;0;0;0;POINT (13.37761 52.52908)
9;2019;6;6;4;3;5;3;0;1;1;0;0;0;0;0;POINT (13.54353 52.4338)
9;2019;6;0;4;3;0;1;2;0;1;0;1;0;0;0;POINT (13.59131 52.45525)
6;2019;6;23;4;1;0;1;2;1;0;0;0;0;0;0;POINT (13.26798 52.45116)
4;2019;6;8;4;3;6;4;0;0;1;1;0;0;0;1;POINT (13.32274 52.48883)
1;2019;6;8;4;3;5;3;0;1;1;0;0;0;0;1;POINT (13.35291 52.55323)
9;2019;6;8;4;2;5;2;0;1;1;0;0;0;0;1;POINT (13.52583 52.42304)
6;2019;6;2;4;3;1;1;2;0;1;0;0;0;0;1;POINT (13.31372 52.42646)
2;2019;6;2;4;3;0;1;2;1;0;0;0;0;0;1;POINT (13.43768 52.50625)
1;2019;6;20;4;2;6;4;0;0;1;1;0;0;0;0;POINT (13.41538 52.52271)
9;2019;6;7;4;3;5;3;0;1;1;0;0;0;0;0;POINT (13.50736 52.47489)
4;2019;6;13;4;3;5;7;0;1;1;0;0;0;0;0;POINT (13.28623 52.50961)
2;2019;6;7;4;3;5;2;0;1;0;0;0;0;1;0;POINT (13.39183 52.48939)
7;2019;6;13;4;3;5;3;0;0;1;0;0;0;1;0;POINT (13.37655 52.45999)
1;2019;6;0;4;3;1;7;2;0;1;0;0;0;1;0;POINT (13.34594 52.53811)
2;2019;6;17;4;3;5;5;0;1;1;0;0;0;0;0;POINT (13.44219 52.50419)
8;2019;6;14;4;3;1;5;0;0;1;0;0;0;0;0;POINT (13.43838 52.45317)
6;2019;6;16;4;3;2;6;0;0;1;0;1;0;0;0;POINT (13.3283 52.42871)
3;2019;6;15;4;3;5;3;0;1;1;0;0;0;0;0;POINT (13.49603 52.64174)
4;2019;6;16;4;3;1;5;0;1;1;0;0;0;0;0;POINT (13.33974 52.50342)
4;2019;6;13;4;3;3;6;0;0;1;0;1;0;0;0;POINT (13.29862 52.49534)
12;2019;6;12;4;3;5;3;0;0;1;0;1;0;0;0;POINT (13.24761 52.60984)
6;2019;6;16;4;3;5;2;0;0;1;0;0;0;0;0;POINT (13.32211 52.41037)
9;2019;6;16;4;3;5;3;0;1;1;0;0;0;0;0;POINT (13.53135 52.44224)
2;2019;6;11;4;3;5;3;0;0;1;0;0;0;0;0;POINT (13.41678 52.50431)
5;2019;6;15;4;3;5;2;0;1;1;0;0;0;0;0;POINT (13.19452 52.53364)
9;2019;6;12;4;2;5;3;0;0;1;0;1;0;0;0;POINT (13.62284 52.42538)
4;2019;6;19;4;3;6;4;0;0;1;1;0;0;0;0;POINT (13.31494 52.50031)
5;2019;6;11;4;3;5;7;0;0;1;0;1;0;0;0;POINT (13.25919 52.54755)
8;2019;6;15;4;3;5;3;0;1;1;0;0;0;0;0;POINT (13.44756 52.47615)
2;2019;6;19;4;3;2;5;0;1;1;0;0;0;0;0;POINT (13.42495 52.49971)
11;2019;6;11;3;3;5;2;0;1;1;0;0;0;0;0;POINT (13.52689 52.4921)
8;2019;6;8;3;3;1;5;0;1;1;0;0;0;0;0;POINT (13.4476 52.47625)
8;2019;6;11;4;3;5;3;0;0;1;0;0;0;0;1;POINT (13.43757 52.4485)
4;2019;6;11;4;3;6;4;0;0;1;1;0;0;0;1;POINT (13.30185 52.48862)
2;2019;6;13;3;3;6;4;0;0;1;1;0;0;0;0;POINT (13.39018 52.50669)
8;2019;6;18;4;2;6;4;0;0;1;1;0;0;0;0;POINT (13.4364 52.44916)
4;2019;6;16;3;3;6;4;0;1;0;1;0;0;0;0;POINT (13.28541 52.50793)
1;2019;6;10;4;3;3;6;0;1;1;0;0;0;0;0;POINT (13.38181 52.55206)
7;2019;6;15;3;3;3;2;0;0;1;0;1;0;0;0;POINT (13.32837 52.47119)
2;2019;6;7;4;3;0;6;0;1;0;0;0;1;0;0;POINT (13.44915 52.49708)
3;2019;6;15;3;2;1;5;0;1;1;0;0;0;0;0;POINT (13.40976 52.5594)
7;2019;6;15;3;3;5;2;0;0;1;0;0;0;0;0;POINT (13.33256 52.46903)
6;2019;6;10;4;3;5;2;0;1;1;0;0;0;0;0;POINT (13.30084 52.45585)
1;2019;6;15;3;3;3;6;0;0;1;0;1;0;0;0;POINT (13.40028 52.52958)
1;2019;6;9;4;2;6;4;0;0;1;1;0;0;0;1;POINT (13.35239 52.52412)
1;2019;6;14;3;3;2;6;0;1;0;0;0;0;1;0;POINT (13.39765 52.51536)
7;2019;6;18;4;3;2;2;0;0;1;0;0;0;0;0;POINT (13.38559 52.4661)
4;2019;6;14;3;3;5;2;0;1;1;0;0;0;0;0;POINT (13.3087 52.52916)
7;2019;6;17;4;3;2;6;0;0;1;0;0;0;0;0;POINT (13.34491 52.48245)
4;2019;6;13;3;3;5;5;0;1;1;0;0;0;0;0;POINT (13.32294 52.48995)
1;2019;6;13;3;2;0;2;0;1;1;0;0;0;0;0;POINT (13.39878 52.53259)
1;2019;6;18;4;3;5;3;0;0;1;0;0;0;0;0;POINT (13.37716 52.55476)
2;2019;6;17;4;3;5;2;0;1;0;0;0;0;1;0;POINT (13.41631 52.50171)
2;2019;6;13;3;3;6;4;0;0;1;1;0;0;0;0;POINT (13.46592 52.50889)
1;2019;6;13;3;3;5;2;0;0;1;0;0;0;0;0;POINT (13.36155 52.548)
1;2019;6;17;4;3;2;2;0;0;1;0;1;0;0;0;POINT (13.33634 52.54235)
1;2019;6;12;3;3;5;5;0;0;1;0;1;0;0;0;POINT (13.38846 52.52743)
7;2019;6;12;3;3;5;2;0;1;1;0;0;0;0;0;POINT (13.346 52.4943)
4;2019;6;18;4;2;6;4;0;0;1;1;0;0;0;0;POINT (13.28694 52.54017)
1;2019;6;9;4;3;0;6;0;0;1;0;1;0;0;0;POINT (13.32703 52.53611)
4;2019;6;22;3;3;6;4;2;0;0;1;1;0;0;0;POINT (13.33317 52.50655)
4;2019;6;16;4;3;5;7;0;0;1;0;1;0;0;0;POINT (13.32511 52.54156)
12;2019;6;22;3;3;1;5;2;0;1;0;0;0;0;0;POINT (13.32602 52.60109)
2;2019;6;9;4;3;3;6;0;0;1;0;0;0;1;1;POINT (13.4576 52.50201)
9;2019;6;21;3;3;5;3;1;0;1;0;1;0;0;0;POINT (13.61601 52.42936)
7;2019;6;9;4;3;0;4;0;0;0;1;0;0;1;0;POINT (13.38366 52.48383)
1;2019;6;20;3;3;3;6;1;1;1;0;0;0;0;0;POINT (13.40302 52.52447)
4;2019;6;19;3;3;5;3;0;0;1;0;0;0;0;0;POINT (13.29673 52.54812)
9;2019;6;9;4;3;1;1;0;1;1;0;0;0;0;1;POINT (13.57422 52.45416)
2;2019;6;19;3;3;5;2;0;1;1;0;0;0;0;0;POINT (13.40213 52.50603)
1;2019;6;8;4;3;0;2;0;0;1;0;1;0;0;1;POINT (13.38656 52.54942)
4;2019;6;18;3;3;6;4;0;1;0;1;0;0;0;0;POINT (13.28872 52.49665)
9;2019;6;17;4;3;5;2;0;1;1;0;0;0;0;0;POINT (13.50254 52.46132)
5;2019;6;17;3;3;2;6;0;0;1;0;0;0;0;0;POINT (13.21812 52.56033)
1;2019;6;10;4;3;0;1;0;0;0;0;1;0;0;1;POINT (13.37656 52.5432)
6;2019;6;17;3;3;5;2;0;1;1;0;0;0;0;0;POINT (13.27057 52.45102)
1;2019;6;17;3;3;1;5;0;1;1;0;0;0;0;0;POINT (13.38114 52.53211)
3;2019;6;16;4;3;4;1;0;0;1;0;0;0;0;1;POINT (13.40811 52.54132)
4;2019;6;15;4;3;3;6;0;0;1;0;0;0;0;0;POINT (13.29419 52.53444)
10;2019;6;10;3;3;0;2;0;0;1;0;1;0;0;0;POINT (13.51751 52.53541)
2;2019;6;10;3;3;2;6;0;0;1;0;1;0;0;0;POINT (13.44613 52.52602)
1;2019;6;15;4;3;6;4;0;0;1;1;0;0;0;0;POINT (13.41557 52.52725)
9;2019;6;9;3;3;2;6;0;1;1;0;0;0;0;0;POINT (13.45286 52.49301)
4;2019;6;15;4;3;0;2;0;1;1;0;0;0;0;0;POINT (13.24952 52.52381)
6;2019;6;9;3;3;6;2;0;0;1;1;0;0;0;0;POINT (13.33603 52.43074)
3;2019;6;8;3;3;1;1;0;0;1;0;0;0;1;0;POINT (13.40855 52.56607)
2;2019;6;8;3;3;2;6;0;1;0;0;0;0;0;0;POINT (13.43665 52.50376)
3;2019;6;8;4;3;0;1;0;1;0;0;0;0;0;1;POINT (13.45321 52.54443)
1;2019;6;8;3;3;5;2;0;1;1;0;0;0;0;0;POINT (13.41164 52.52396)
1;2019;6;18;3;2;5;3;0;0;1;0;0;0;0;0;POINT (13.39607 52.53818)
11;2019;6;8;3;3;2;6;0;0;1;0;0;0;0;0;POINT (13.48936 52.5339)
3;2019;6;8;3;3;5;3;0;1;1;0;0;0;0;0;POINT (13.49307 52.62386)
2;2019;6;14;3;3;0;3;0;1;0;0;0;0;0;1;POINT (13.41439 52.49315)
10;2019;6;7;3;3;2;6;0;0;1;0;0;0;0;0;POINT (13.59202 52.54857)
1;2019;6;7;3;3;1;5;0;1;1;0;0;0;0;0;POINT (13.3793 52.52458)
4;2019;6;23;3;3;0;1;2;0;1;0;1;0;0;0;POINT (13.30757 52.52327)
7;2019;6;7;3;3;2;6;0;0;1;0;0;0;0;0;POINT (13.39779 52.42409)
7;2019;6;21;3;3;6;4;0;0;0;1;0;0;1;0;POINT (13.39252 52.43991)
3;2019;6;6;3;3;6;4;0;1;0;1;0;0;0;0;POINT (13.45274 52.53395)
2;2019;6;4;3;3;3;6;1;0;1;0;0;0;0;0;POINT (13.38606 52.48737)
8;2019;6;20;3;3;5;3;0;0;1;0;0;0;0;0;POINT (13.46826 52.47206)
12;2019;6;19;3;3;5;3;0;0;1;0;1;0;0;0;POINT (13.2771 52.58505)
7;2019;6;12;3;2;5;3;0;1;0;0;0;0;1;0;POINT (13.40015 52.4641)
3;2019;6;11;3;3;0;2;0;0;1;0;1;0;0;0;POINT (13.3772 52.57748)
1;2019;6;18;3;3;1;5;0;1;1;0;0;0;0;0;POINT (13.36097 52.54456)
1;2019;6;11;3;3;6;7;0;0;0;1;0;0;1;0;POINT (13.42237 52.50509)
10;2019;6;17;3;3;5;3;0;1;1;0;0;0;0;0;POINT (13.57448 52.555)
2;2019;6;10;3;3;3;6;0;1;0;0;0;0;0;0;POINT (13.37916 52.50689)
1;2019;6;22;3;3;0;2;2;0;1;0;0;0;1;0;POINT (13.36574 52.52534)
10;2019;6;10;3;3;0;2;0;0;1;0;0;0;1;0;POINT (13.55886 52.53637)
1;2019;6;9;3;3;5;2;0;0;1;0;0;0;0;0;POINT (13.40251 52.51185)
4;2019;6;10;3;3;5;3;0;1;0;0;0;0;0;0;POINT (13.30074 52.48946)
6;2019;6;13;3;3;5;3;0;0;1;0;0;0;1;0;POINT (13.31777 52.4579)
5;2019;6;9;3;2;5;2;0;0;1;0;0;0;0;0;POINT (13.18517 52.52707)
1;2019;6;18;3;3;0;7;0;1;0;0;0;0;0;0;POINT (13.41591 52.52035)
1;2019;6;11;2;3;3;6;0;0;0;0;1;0;1;0;POINT (13.32931 52.52387)
1;2019;6;9;3;3;2;6;0;0;1;0;0;0;0;0;POINT (13.37818 52.55621)
1;2019;6;10;2;3;5;2;0;1;1;0;0;0;0;0;POINT (13.35061 52.53251)
5;2019;6;8;3;3;5;2;0;1;1;0;0;0;0;0;POINT (13.26732 52.5312)
8;2019;6;21;2;3;1;5;0;1;1;0;0;0;0;0;POINT (13.43986 52.48056)
7;2019;6;7;3;3;1;5;0;1;1;0;0;0;0;0;POINT (13.34855 52.40655)
2;2019;6;20;2;3;2;6;0;0;1;0;0;0;0;0;POINT (13.45162 52.51077)
6;2019;6;7;3;3;1;5;0;0;0;0;1;0;1;0;POINT (13.32449 52.46414)
4;2019;6;13;2;3;2;6;0;0;0;0;1;1;0;0;POINT (13.29858 52.54808)
7;2019;6;13;2;3;5;2;0;1;1;0;0;0;0;0;POINT (13.41939 52.39477)
10;2019;6;7;3;3;5;3;0;1;1;0;0;0;0;0;POINT (13.61378 52.49091)
2;2019;6;10;2;3;3;6;0;0;1;0;0;0;1;0;POINT (13.43223 52.51511)
6;2019;6;7;3;3;5;3;0;1;0;0;0;0;0;0;POINT (13.25247 52.45038)
12;2019;6;13;2;3;5;3;0;1;1;0;0;0;0;0;POINT (13.36693 52.5654)
5;2019;6;12;2;3;5;2;0;1;0;0;0;1;0;0;POINT (13.17051 52.53366)
9;2019;6;7;3;2;5;2;0;1;1;0;0;0;0;0;POINT (13.56397 52.4381)
2;2019;6;11;2;3;3;6;0;0;1;0;0;0;1;0;POINT (13.46479 52.49763)
2;2019;6;6;3;3;5;2;0;0;1;0;0;0;0;0;POINT (13.44347 52.51189)
10;2019;6;11;2;2;3;6;0;1;0;0;0;0;1;0;POINT (13.57951 52.51334)
7;2019;6;1;3;3;2;6;2;1;1;0;0;0;0;0;POINT (13.37883 52.48028)
1;2019;6;10;2;2;5;5;0;0;1;0;1;0;0;0;POINT (13.34719 52.54378)
3;2019;6;7;3;3;0;7;0;1;0;0;0;0;0;0;POINT (13.46945 52.55604)
1;2019;6;10;2;3;2;6;0;0;1;0;0;0;0;0;POINT (13.40182 52.5399)
4;2019;6;19;2;3;4;2;0;0;1;0;0;0;0;0;POINT (13.28322 52.51851)
8;2019;6;16;3;3;5;2;0;1;0;0;0;0;1;0;POINT (13.43719 52.43953)
2;2019;6;16;3;3;5;3;0;1;1;0;0;0;0;0;POINT (13.41179 52.501)
2;2019;6;8;2;3;5;2;0;1;1;0;0;0;0;0;POINT (13.39778 52.4953)
7;2019;6;15;3;3;1;5;0;1;1;0;0;0;0;0;POINT (13.33855 52.48124)
3;2019;6;8;2;3;5;3;0;1;1;0;0;0;0;0;POINT (13.45617 52.55552)
11;2019;6;13;3;3;6;4;0;0;0;1;0;0;1;0;POINT (13.49827 52.54711)
2;2019;6;8;2;3;5;2;0;1;0;0;0;0;0;0;POINT (13.39728 52.48889)
12;2019;6;15;3;3;5;2;0;0;1;0;0;0;0;0;POINT (13.36193 52.56863)
1;2019;6;19;2;3;5;2;0;1;1;0;0;0;0;0;POINT (13.42237 52.52008)
1;2019;6;8;2;3;0;1;0;1;0;0;0;0;0;0;POINT (13.39904 52.53239)
1;2019;6;15;3;3;1;5;0;1;1;0;0;0;0;0;POINT (13.38523 52.55261)
6;2019;6;8;2;2;5;7;0;0;1;0;0;0;0;0;POINT (13.33707 52.43253)
1;2019;6;14;3;2;5;2;0;0;1;0;1;0;0;0;POINT (13.39593 52.53825)
1;2019;6;8;2;3;0;1;0;1;0;0;0;0;0;0;POINT (13.39905 52.53238)
8;2019;6;11;3;3;3;2;0;1;1;0;0;0;0;0;POINT (13.42503 52.45796)
8;2019;6;18;2;3;5;2;0;1;0;0;0;0;1;0;POINT (13.45197 52.45253)
4;2019;6;12;3;3;2;6;0;1;1;0;0;0;0;0;POINT (13.33107 52.50194)
2;2019;6;18;2;3;5;2;0;1;1;0;0;0;0;0;POINT (13.39436 52.50696)
9;2019;6;18;2;3;5;2;0;0;1;0;1;0;0;0;POINT (13.48838 52.45133)
8;2019;6;11;3;2;5;2;0;0;1;0;1;0;0;0;POINT (13.42998 52.46983)
2;2019;6;18;2;3;5;2;0;1;0;0;0;1;0;0;POINT (13.44061 52.51702)
9;2019;6;11;3;3;2;6;0;0;1;0;0;0;0;0;POINT (13.56289 52.44598)
9;2019;6;18;2;2;5;2;0;1;1;0;0;0;0;0;POINT (13.51726 52.45447)
9;2019;6;10;3;3;5;3;0;1;1;0;0;0;0;0;POINT (13.53928 52.45074)
1;2019;6;17;2;2;5;7;0;1;1;0;0;0;0;0;POINT (13.38651 52.51275)
4;2019;6;10;3;3;2;6;0;0;1;0;0;0;1;0;POINT (13.28099 52.54845)
10;2019;6;13;2;3;5;3;0;1;1;0;0;0;0;0;POINT (13.56599 52.52904)
5;2019;6;15;2;3;6;2;0;0;1;1;0;0;0;0;POINT (13.23369 52.53958)
6;2019;6;10;3;3;5;3;0;0;1;0;1;0;0;0;POINT (13.33743 52.41144)
7;2019;6;10;3;3;0;5;0;0;1;0;0;0;0;0;POINT (13.38653 52.46858)
9;2019;6;16;2;2;5;3;0;1;0;0;0;1;0;0;POINT (13.59793 52.43862)
6;2019;6;16;2;3;2;6;0;0;1;0;0;1;0;0;POINT (13.34546 52.43611)
1;2019;6;9;3;3;5;3;0;1;0;0;1;0;0;0;POINT (13.42228 52.50551)
2;2019;6;16;2;3;2;2;0;0;1;0;0;0;0;0;POINT (13.39491 52.49615)
8;2019;6;13;2;3;2;6;0;0;1;0;0;0;0;0;POINT (13.47041 52.42919)
7;2019;6;16;2;3;0;2;0;1;1;0;0;0;0;0;POINT (13.37777 52.46863)
3;2019;6;15;2;2;0;1;0;1;0;0;0;0;0;0;POINT (13.40377 52.55126)
3;2019;6;10;2;3;5;3;0;1;1;0;0;0;0;0;POINT (13.41178 52.58176)
7;2019;6;15;2;2;3;6;0;0;0;0;1;1;0;0;POINT (13.36297 52.45595)
4;2019;6;15;2;3;5;2;0;0;1;0;0;0;0;0;POINT (13.31387 52.50631)
2;2019;6;16;2;3;6;7;0;1;0;1;0;0;0;0;POINT (13.40545 52.49689)
5;2019;6;14;2;3;5;3;0;1;1;0;0;0;0;0;POINT (13.19435 52.53381)
7;2019;6;11;2;3;1;5;0;1;1;0;0;0;0;0;POINT (13.38724 52.4606)
1;2019;6;8;2;3;0;5;0;0;1;0;1;0;0;0;POINT (13.41392 52.51156)
4;2019;6;7;2;2;1;5;0;1;1;0;0;0;0;0;POINT (13.32607 52.50793)
4;2019;6;0;2;3;1;1;2;0;1;0;0;0;0;0;POINT (13.298 52.5248)
11;2019;6;6;2;3;2;6;0;0;1;0;0;1;0;0;POINT (13.4681 52.54625)
2;2019;6;18;2;3;5;2;0;1;1;0;0;0;0;0;POINT (13.4096 52.504)
1;2019;6;1;2;3;0;1;2;0;0;0;0;0;1;0;POINT (13.39781 52.53554)
2;2019;6;19;1;3;5;2;0;1;0;0;1;0;0;0;POINT (13.41102 52.5038)