bez;ujahr;umonat;ustunde;uwochentag;ukategorie;uart;utyp1;ulichtverh;istrad;istpkw;istfuss;istkrad;istgkfz;istsonstige;ustrzustand;geometry
3;2019;6;3;2;3;0;1;2;0;0;0;1;0;0;0;POINT (13.3654 52.58373)
4;2019;6;15;2;3;0;4;0;1;0;1;0;0;0;0;POINT (13.33443 52.50185)
8;2019;6;11;1;3;2;6;0;0;1;0;0;1;0;0;POINT (13.44798 52.4644)
1;2019;6;19;1;3;5;3;0;0;1;0;0;0;1;0;POINT (13.40456 52.52021)
4;2019;6;9;2;3;5;3;0;1;0;0;0;0;0;0;POINT (13.32932 52.48136)
4;2019;6;15;1;3;3;2;0;1;0;0;0;0;1;0;POINT (13.31128 52.50881)
3;2019;6;15;2;3;6;4;0;1;0;1;0;0;0;0;POINT (13.42854 52.55163)
1;2019;6;18;1;3;6;4;0;1;0;1;0;0;0;0;POINT (13.35728 52.54506)
6;2019;6;18;1;3;5;2;0;1;1;0;0;0;0;0;POINT (13.3353 52.45136)
1;2019;6;15;2;3;2;6;0;0;1;0;0;0;0;0;POINT (13.41663 52.51133)
12;2019;6;14;1;3;5;3;0;1;0;0;0;0;1;0;POINT (13.3412 52.61586)
5;2019;6;16;1;3;5;3;0;1;1;0;0;0;0;0;POINT (13.19655 52.56295)
8;2019;6;20;2;3;1;5;1;1;1;0;0;0;0;0;POINT (13.44022 52.47756)
3;2019;6;16;1;2;5;3;0;1;0;0;0;0;0;0;POINT (13.49753 52.61062)
8;2019;6;16;2;3;5;3;0;0;1;0;0;0;0;0;POINT (13.43815 52.46707)
2;2019;6;20;1;3;3;6;0;0;1;0;0;0;0;0;POINT (13.42382 52.48849)
1;2019;6;17;1;3;5;2;0;1;1;0;0;0;0;0;POINT (13.33651 52.54212)
6;2019;6;16;2;3;5;7;0;1;0;0;0;0;0;0;POINT (13.34832 52.42853)
1;2019;6;16;2;3;6;4;0;0;0;1;0;0;1;0;POINT (13.36099 52.55533)
7;2019;6;18;1;3;5;5;0;1;1;0;0;0;0;0;POINT (13.38226 52.39704)
10;2019;6;17;1;3;4;6;0;1;0;0;0;0;0;0;POINT (13.56467 52.54502)
1;2019;6;16;2;3;0;6;0;1;0;0;0;0;1;0;POINT (13.36413 52.52706)
4;2019;6;17;1;3;5;3;0;0;1;0;0;0;0;0;POINT (13.31402 52.50635)
11;2019;6;15;2;3;3;6;0;1;1;0;0;0;0;0;POINT (13.48825 52.54046)
1;2019;6;17;1;3;2;6;0;0;1;0;1;0;0;0;POINT (13.34337 52.53178)
7;2019;6;16;1;3;3;6;0;0;1;0;1;0;0;0;POINT (13.34646 52.5012)
4;2019;6;10;1;3;5;2;0;0;1;0;1;0;0;0;POINT (13.31698 52.5025)
7;2019;6;14;2;3;5;2;0;0;1;0;1;0;0;0;POINT (13.37628 52.40915)
7;2019;6;9;1;3;5;3;0;0;1;0;0;0;0;0;POINT (13.38285 52.48041)
8;2019;6;15;2;3;5;7;0;0;1;0;0;0;1;0;POINT (13.43534 52.46013)
2;2019;6;18;1;2;2;6;0;0;1;0;1;0;0;0;POINT (13.41174 52.48845)
3;2019;6;15;2;3;6;4;0;0;1;1;0;0;0;0;POINT (13.43042 52.5288)
1;2019;6;8;1;3;5;2;0;1;0;0;0;0;1;0;POINT (13.3591 52.54628)
10;2019;6;15;2;3;5;2;0;1;1;0;0;0;0;0;POINT (13.55727 52.5072)
1;2019;6;17;1;2;6;4;0;0;1;1;0;0;0;0;POINT (13.38546 52.55024)
7;2019;6;15;2;3;2;6;0;0;0;0;1;0;1;0;POINT (13.37544 52.45571)
4;2019;6;18;1;3;2;6;0;0;1;0;0;0;0;0;POINT (13.31077 52.50639)
1;2019;6;15;2;2;0;1;0;1;0;0;0;0;0;0;POINT (13.39263 52.55525)
5;2019;6;18;1;3;5;3;0;0;1;0;0;0;0;0;POINT (13.19768 52.52035)
9;2019;6;16;1;3;5;2;0;0;0;0;1;0;1;0;POINT (13.48304 52.44666)
4;2019;6;16;2;3;6;7;0;0;1;1;0;0;0;0;POINT (13.31998 52.50176)
7;2019;6;18;1;3;2;6;0;0;1;0;0;0;0;0;POINT (13.37848 52.47745)
1;2019;6;11;2;3;6;4;0;0;1;1;0;0;0;0;POINT (13.39038 52.50758)
12;2019;6;15;1;2;1;5;0;0;1;0;0;0;0;0;POINT (13.30104 52.59954)
1;2019;6;15;1;3;5;2;0;1;1;0;0;0;0;0;POINT (13.41714 52.51244)
7;2019;6;13;2;3;1;7;0;0;1;0;0;0;0;0;POINT (13.4028 52.40379)
6;2019;6;15;1;3;5;2;0;0;1;0;0;0;0;0;POINT (13.27063 52.45099)
7;2019;6;12;2;3;5;3;0;0;1;0;0;0;0;0;POINT (13.35999 52.47541)
12;2019;6;8;1;3;5;2;0;1;1;0;0;0;0;0;POINT (13.32504 52.57576)
9;2019;6;12;2;3;5;2;0;0;1;0;1;0;0;0;POINT (13.57568 52.4237)
7;2019;6;10;1;3;5;2;0;0;1;0;1;0;0;0;POINT (13.32835 52.47343)
2;2019;6;12;2;3;5;3;0;0;1;0;1;0;0;0;POINT (13.4321 52.5057)
4;2019;6;15;1;3;5;7;0;0;1;0;0;0;0;0;POINT (13.3166 52.5)
7;2019;6;15;1;3;5;3;0;0;1;0;0;0;0;0;POINT (13.34492 52.50038)
10;2019;6;12;2;3;0;7;0;0;1;0;0;0;0;0;POINT (13.56151 52.50133)
12;2019;6;12;2;3;5;3;0;0;1;0;0;0;0;0;POINT (13.34111 52.6001)
7;2019;6;15;1;3;2;6;0;0;1;0;0;0;1;0;POINT (13.37478 52.45546)
10;2019;6;11;2;3;5;5;0;0;1;0;0;0;0;0;POINT (13.56932 52.57041)
2;2019;6;6;1;3;2;7;0;0;1;0;1;0;0;0;POINT (13.46734 52.51598)
9;2019;6;21;2;3;6;2;2;0;1;1;0;0;0;0;POINT (13.49126 52.46906)
3;2019;6;6;1;3;5;2;0;1;0;0;0;0;1;0;POINT (13.45423 52.56215)
3;2019;6;7;1;3;2;7;0;1;0;0;0;0;1;0;POINT (13.42521 52.54348)
11;2019;6;19;2;3;5;3;0;1;0;0;0;0;0;0;POINT (13.47022 52.53164)
2;2019;6;18;2;3;2;6;0;1;1;0;0;0;0;0;POINT (13.41351 52.50286)
4;2019;6;14;1;3;5;2;0;0;1;0;0;0;0;0;POINT (13.3014 52.51916)
7;2019;6;16;1;3;2;6;0;0;1;0;0;0;1;0;POINT (13.39434 52.45396)
8;2019;6;19;2;3;0;6;0;0;1;0;0;0;1;0;POINT (13.43175 52.46677)
6;2019;6;14;1;3;3;6;0;0;1;0;1;0;0;0;POINT (13.27219 52.4532)
8;2019;6;19;2;2;6;4;0;0;1;1;0;0;0;0;POINT (13.41674 52.4804)
2;2019;6;13;1;3;6;7;0;0;0;1;0;0;1;0;POINT (13.42176 52.4872)
12;2019;6;12;1;3;0;2;0;0;1;0;1;0;0;0;POINT (13.29222 52.59058)
4;2019;6;18;2;3;5;2;0;0;1;0;0;0;0;0;POINT (13.30815 52.4778)
3;2019;6;11;1;3;3;6;0;0;1;0;0;0;0;0;POINT (13.44531 52.6156)
5;2019;6;18;2;3;3;6;0;0;1;0;0;0;0;0;POINT (13.16426 52.53341)
1;2019;6;23;1;2;6;2;2;0;1;1;0;0;0;0;POINT (13.3925 52.52428)
12;2019;6;18;2;3;2;2;0;1;1;0;0;0;0;0;POINT (13.28084 52.59391)
8;2019;6;21;1;3;3;6;2;1;1;0;0;0;0;0;POINT (13.42883 52.49322)
8;2019;6;11;2;3;2;6;0;0;1;0;0;0;0;0;POINT (13.45384 52.46935)
3;2019;6;11;1;3;5;3;0;1;1;0;0;0;0;0;POINT (13.39859 52.56929)
11;2019;6;10;1;3;5;2;0;0;1;0;0;0;1;0;POINT (13.52685 52.48659)
1;2019;6;17;2;3;5;3;0;1;0;0;0;0;0;0;POINT (13.34244 52.52396)
6;2019;6;11;2;3;5;3;0;1;1;0;0;0;0;0;POINT (13.23369 52.44726)
1;2019;6;21;1;2;6;4;1;0;0;1;0;0;1;0;POINT (13.42374 52.52364)
9;2019;6;10;1;3;5;3;0;1;1;0;0;0;0;0;POINT (13.58754 52.43901)
1;2019;6;10;2;3;2;6;0;0;1;0;0;0;0;0;POINT (13.41944 52.51503)
4;2019;6;10;1;3;6;4;0;0;1;1;0;0;0;0;POINT (13.32869 52.51425)
12;2019;6;17;2;3;2;6;0;0;1;0;0;0;0;0;POINT (13.34724 52.57857)
7;2019;6;10;1;3;1;5;0;1;1;0;0;0;0;0;POINT (13.38295 52.46566)
4;2019;6;16;2;3;2;6;0;0;1;0;1;0;0;0;POINT (13.33077 52.49218)
1;2019;6;20;1;2;5;2;0;0;1;0;0;0;1;0;POINT (13.3532 52.50228)
4;2019;6;10;2;3;1;5;0;1;1;0;0;0;0;0;POINT (13.33792 52.50181)
4;2019;6;17;1;3;0;7;0;0;0;0;1;0;0;1;POINT (13.307 52.51737)
1;2019;6;9;2;3;5;3;0;0;1;0;0;0;0;0;POINT (13.39136 52.55026)
6;2019;6;9;1;3;5;2;0;0;1;0;0;0;0;0;POINT (13.31387 52.42358)
2;2019;6;9;2;3;3;6;0;1;0;0;1;0;0;0;POINT (13.38601 52.50655)
5;2019;6;9;1;3;5;3;0;0;1;0;0;0;0;0;POINT (13.15578 52.52164)
11;2019;6;9;1;3;6;4;0;0;0;1;1;0;0;0;POINT (13.49761 52.49973)
1;2019;6;16;2;3;2;6;0;0;1;0;1;0;0;0;POINT (13.33431 52.54113)
1;2019;6;9;1;2;5;2;0;1;1;0;0;0;0;0;POINT (13.35126 52.55836)
12;2019;6;9;2;3;5;2;0;1;1;0;0;0;0;0;POINT (13.32195 52.60746)
11;2019;6;9;1;3;5;3;0;0;1;0;1;0;0;0;POINT (13.49391 52.50285)
11;2019;6;16;2;3;3;6;0;0;1;0;0;1;0;0;POINT (13.47143 52.53858)
9;2019;6;8;1;2;5;2;0;1;1;0;0;0;0;0;POINT (13.5804 52.45551)
10;2019;6;16;2;3;5;3;0;1;1;0;0;0;0;0;POINT (13.58084 52.48519)
9;2019;6;8;1;3;0;6;0;1;0;0;0;1;0;0;POINT (13.50889 52.46382)
7;2019;6;8;1;3;2;6;0;0;1;0;0;0;0;0;POINT (13.38613 52.44396)
1;2019;6;9;2;3;2;6;0;0;1;0;0;0;0;0;POINT (13.34321 52.5321)
1;2019;6;16;2;3;3;6;0;1;1;0;0;0;0;0;POINT (13.42231 52.50946)
10;2019;6;8;1;3;5;2;0;0;1;0;0;0;0;0;POINT (13.56573 52.5291)
4;2019;6;18;1;3;2;6;0;0;1;0;0;0;1;0;POINT (13.3033 52.51855)
2;2019;6;9;2;3;5;2;0;1;1;0;0;0;0;0;POINT (13.38021 52.50607)
4;2019;6;9;7;3;5;2;0;1;1;0;0;0;0;0;POINT (13.29646 52.49262)
9;2019;6;16;2;3;1;5;0;1;1;0;0;0;1;0;POINT (13.5812 52.44313)
11;2019;6;0;7;3;5;3;2;0;1;0;0;0;0;0;POINT (13.53039 52.48659)
5;2019;6;1;7;2;0;1;2;0;1;0;1;0;0;0;POINT (13.2317 52.54502)
1;2019;6;8;2;3;5;3;0;0;1;0;1;0;0;0;POINT (13.34901 52.51476)
1;2019;6;9;7;3;2;6;0;0;1;0;0;0;1;0;POINT (13.35192 52.54301)
12;2019;6;9;7;3;5;3;0;0;1;0;0;0;0;0;POINT (13.30152 52.61129)
2;2019;6;8;2;3;5;2;0;1;0;0;0;0;1;0;POINT (13.41098 52.50382)
9;2019;6;11;7;3;0;2;0;0;1;0;1;0;0;0;POINT (13.52723 52.43601)
8;2019;6;22;7;3;1;5;1;1;1;0;0;0;0;0;POINT (13.44319 52.48401)
5;2019;6;7;2;3;3;6;0;0;1;0;1;0;0;0;POINT (13.19964 52.53511)
1;2019;6;21;7;2;5;3;1;0;1;0;1;0;0;0;POINT (13.38981 52.5317)
1;2019;6;8;2;3;5;2;0;1;1;0;0;0;0;0;POINT (13.32969 52.52282)
1;2019;6;21;7;3;1;5;1;1;1;0;0;0;1;0;POINT (13.33412 52.54706)
5;2019;6;6;2;3;2;2;0;0;1;0;1;0;0;0;POINT (13.22684 52.53777)
1;2019;6;20;7;2;2;6;0;0;1;0;1;0;0;0;POINT (13.38173 52.53164)
1;2019;6;8;2;3;5;2;0;0;1;0;0;0;1;0;POINT (13.39104 52.54465)
10;2019;6;19;7;3;5;7;0;1;1;0;0;0;0;0;POINT (13.55551 52.51826)
10;2019;6;19;7;3;5;3;0;0;1;0;1;0;0;0;POINT (13.60113 52.47924)
9;2019;6;7;2;3;5;3;0;1;1;0;0;0;0;0;POINT (13.58622 52.42558)
12;2019;6;7;2;3;5;2;0;0;1;0;1;0;0;0;POINT (13.33291 52.59544)
7;2019;6;17;7;3;1;5;0;1;1;0;0;0;0;0;POINT (13.36481 52.48802)
7;2019;6;17;7;3;1;5;0;1;1;0;0;0;0;0;POINT (13.37659 52.47246)
3;2019;6;7;2;3;5;2;0;1;1;0;0;0;0;0;POINT (13.45341 52.59131)
8;2019;6;17;7;3;0;6;0;0;1;0;1;0;0;0;POINT (13.4427 52.46519)
5;2019;6;6;2;3;5;3;0;1;1;0;0;0;0;0;POINT (13.19818 52.55174)
6;2019;6;14;7;3;5;3;0;0;1;0;0;0;0;0;POINT (13.28462 52.44578)
1;2019;6;14;1;3;6;4;0;0;1;1;0;0;0;0;POINT (13.37718 52.51224)
3;2019;6;14;7;3;5;2;0;0;1;0;0;0;0;0;POINT (13.39664 52.59014)
1;2019;6;17;1;3;5;7;0;0;1;0;0;0;0;0;POINT (13.40036 52.52959)
9;2019;6;14;7;3;2;7;0;1;1;0;0;0;0;0;POINT (13.45385 52.49557)
6;2019;6;14;7;3;5;3;0;1;1;0;0;0;0;0;POINT (13.20625 52.43523)
4;2019;6;12;1;3;5;2;0;0;1;0;1;0;0;0;POINT (13.28386 52.51279)
5;2019;7;19;4;3;6;6;0;0;1;1;0;0;0;0;POINT (13.14532 52.54386)
2;2019;7;19;4;2;5;2;0;1;1;0;0;0;0;0;POINT (13.40032 52.49024)
1;2019;7;18;4;3;6;7;0;1;0;1;0;0;0;0;POINT (13.3452 52.55422)
1;2019;7;17;4;2;5;2;0;0;1;0;1;0;0;0;POINT (13.37743 52.50956)
9;2019;7;17;4;2;5;3;0;1;1;0;0;0;0;0;POINT (13.63129 52.45678)
8;2019;7;17;4;3;5;2;0;0;1;0;0;0;0;0;POINT (13.43193 52.46645)
2;2019;7;17;4;3;5;2;0;1;1;0;0;0;0;0;POINT (13.44172 52.50125)
1;2019;7;16;4;2;0;4;0;1;0;1;0;0;0;0;POINT (13.39689 52.52857)
4;2019;7;15;4;3;0;7;0;0;0;0;1;0;1;1;POINT (13.32038 52.48327)
5;2019;7;16;4;2;6;4;0;0;1;1;0;0;0;0;POINT (13.1943 52.52898)
3;2019;7;16;4;2;5;3;0;1;1;0;0;0;0;0;POINT (13.50087 52.63582)
8;2019;7;14;4;2;5;3;0;0;1;0;1;0;0;0;POINT (13.45722 52.4532)
10;2019;7;13;4;3;1;5;0;1;1;0;0;0;0;0;POINT (13.55778 52.50216)
2;2019;7;13;4;3;1;5;0;0;1;0;1;0;1;0;POINT (13.45471 52.50789)
4;2019;7;13;4;2;6;4;0;0;1;1;0;0;0;0;POINT (13.30174 52.49908)
9;2019;7;12;4;3;5;3;0;0;0;0;0;1;1;0;POINT (13.54123 52.43537)
8;2019;7;9;4;3;2;6;0;0;1;0;0;0;0;0;POINT (13.44789 52.44272)
2;2019;7;8;4;2;5;3;0;1;1;0;0;0;0;0;POINT (13.42643 52.51585)
1;2019;7;7;4;3;6;4;0;0;0;1;0;1;0;0;POINT (13.37711 52.55617)
1;2019;7;7;4;3;5;2;0;1;1;0;0;0;0;0;POINT (13.42136 52.50561)
4;2019;7;7;4;3;5;3;0;1;1;0;0;0;0;0;POINT (13.29021 52.49722)
5;2019;7;7;4;3;2;6;0;0;1;0;0;0;0;0;POINT (13.16958 52.51864)
1;2019;7;7;4;3;3;6;0;1;1;0;0;0;0;0;POINT (13.39203 52.51989)
11;2019;7;1;4;3;6;4;2;0;1;1;0;0;0;0;POINT (13.49976 52.52615)
4;2019;7;9;3;3;6;7;0;1;0;0;0;0;1;0;POINT (13.32842 52.50812)
3;2019;7;22;3;3;0;3;2;0;1;0;1;0;0;0;POINT (13.4141 52.53045)
3;2019;7;20;3;3;6;7;0;1;0;1;0;0;0;0;POINT (13.49272 52.63667)
2;2019;7;19;3;2;5;3;0;1;1;0;0;0;0;0;POINT (13.43163 52.49751)
1;2019;7;17;3;3;5;2;0;1;1;0;0;0;0;0;POINT (13.40391 52.51541)
1;2019;7;17;3;3;5;2;0;1;1;0;0;0;0;0;POINT (13.41639 52.51102)
6;2019;7;16;3;3;9;1;0;0;1;0;0;0;0;0;POINT (13.18041 52.42204)
8;2019;7;16;3;3;1;1;0;0;1;0;1;0;0;0;POINT (13.44042 52.46192)
2;2019;7;16;3;3;3;6;0;1;1;0;0;0;0;0;POINT (13.43126 52.51324)
4;2019;7;15;3;2;0;1;0;1;0;0;0;0;0;0;POINT (13.26069 52.4896)
10;2019;7;14;3;3;5;2;0;1;0;0;0;0;1;0;POINT (13.52191 52.53573)
5;2019;7;23;3;2;7;7;2;0;0;0;0;0;1;0;POINT (13.15974 52.5523)
7;2019;7;22;3;3;0;3;2;0;1;0;0;0;1;0;POINT (13.39089 52.45748)
4;2019;7;20;3;3;1;5;0;0;1;0;0;0;1;0;POINT (13.30748 52.50124)
1;2019;7;13;3;3;1;7;0;0;1;0;1;0;0;0;POINT (13.33794 52.52775)
8;2019;7;13;3;3;0;2;0;0;0;0;1;0;1;0;POINT (13.47395 52.42565)
9;2019;7;9;3;3;2;6;0;1;0;0;0;0;0;0;POINT (13.69746 52.4229)
7;2019;7;12;3;3;5;7;0;0;1;0;1;0;0;0;POINT (13.39383 52.45721)
2;2019;7;11;3;3;2;6;0;0;1;0;0;0;0;0;POINT (13.41796 52.49928)
4;2019;7;11;3;3;5;5;0;1;1;0;0;0;0;0;POINT (13.33081 52.50033)
1;2019;7;10;3;3;5;2;0;1;1;0;0;0;0;0;POINT (13.38215 52.51397)
1;2019;7;7;3;3;1;5;0;1;1;0;0;0;0;0;POINT (13.38271 52.55167)
2;2019;7;9;3;3;6;7;0;1;0;1;0;0;0;0;POINT (13.38004 52.5062)
1;2019;7;9;3;3;5;3;0;1;0;0;0;1;0;0;POINT (13.37935 52.5405)
9;2019;7;9;3;3;0;1;0;1;0;0;0;0;0;0;POINT (13.47873 52.47163)
5;2019;7;9;3;3;0;3;0;0;1;0;1;0;0;0;POINT (13.20137 52.56214)
12;2019;7;16;3;3;9;1;0;0;1;0;0;0;0;0;POINT (13.36312 52.56624)
11;2019;7;9;3;3;5;2;0;1;1;0;0;0;0;0;POINT (13.48563 52.53879)
12;2019;7;15;3;2;1;7;0;0;1;0;0;0;1;0;POINT (13.34115 52.57271)
4;2019;7;15;3;3;0;1;0;0;0;0;1;0;0;0;POINT (13.30418 52.50374)
11;2019;7;15;3;3;1;5;0;1;1;0;0;0;0;0;POINT (13.4848 52.52078)
10;2019;7;15;3;2;5;2;0;0;0;0;1;0;1;0;POINT (13.57357 52.5524)
5;2019;7;15;3;3;0;2;0;1;1;0;0;0;0;0;POINT (13.18298 52.54792)
4;2019;7;14;3;3;2;7;0;0;1;0;0;0;0;0;POINT (13.31758 52.50124)
4;2019;7;14;3;3;5;2;0;1;1;0;0;0;0;0;POINT (13.331 52.50153)
9;2019;7;8;3;3;5;2;0;1;1;0;0;0;0;0;POINT (13.52586 52.42293)
3;2019;7;7;3;3;0;1;0;1;0;0;0;0;0;0;POINT (13.4323 52.60464)
9;2019;7;7;3;3;5;3;0;1;0;0;1;0;0;0;POINT (13.5388 52.43149)
4;2019;7;0;3;3;7;7;2;0;1;0;0;0;0;0;POINT (13.26944 52.54861)
6;2019;7;14;3;3;5;3;0;1;1;0;0;0;0;0;POINT (13.26717 52.4103)
7;2019;7;14;3;2;2;6;0;0;1;0;0;0;1;0;POINT (13.36335 52.44793)
9;2019;7;13;3;3;4;6;0;0;1;0;0;0;0;0;POINT (13.4719 52.45529)
2;2019;7;15;3;3;3;6;0;1;1;0;0;0;0;0;POINT (13.4439 52.51897)
1;2019;7;13;3;3;1;5;0;1;1;0;0;0;0;0;POINT (13.37932 52.52448)
4;2019;7;13;3;3;5;7;0;1;1;0;0;0;0;0;POINT (13.30678 52.51005)
4;2019;7;12;3;3;3;6;0;1;1;0;0;0;0;0;POINT (13.31395 52.50675)
1;2019;7;19;2;3;0;6;0;0;1;0;1;0;0;0;POINT (13.39604 52.53834)
8;2019;7;13;2;3;0;6;0;0;1;0;0;0;1;0;POINT (13.44908 52.47059)
4;2019;7;8;2;3;0;7;0;1;0;0;0;0;0;1;POINT (13.31363 52.49069)
11;2019;7;19;2;3;5;3;0;1;0;0;0;0;1;0;POINT (13.53578 52.47786)
7;2019;7;22;2;3;0;7;2;0;0;0;1;0;0;0;POINT (13.36025 52.49806)
4;2019;7;15;2;3;5;3;0;1;1;0;0;0;0;0;POINT (13.31722 52.51396)
3;2019;7;15;2;3;2;6;0;0;1;0;1;0;0;0;POINT (13.41397 52.55363)
9;2019;7;14;2;3;5;2;0;0;1;0;0;0;1;0;POINT (13.52698 52.41852)
1;2019;7;16;2;3;2;2;0;0;1;0;0;0;0;0;POINT (13.37123 52.5111)
7;2019;7;14;2;2;5;7;0;0;1;0;1;0;0;0;POINT (13.35395 52.50011)
4;2019;7;14;2;3;6;7;0;1;0;1;0;0;0;0;POINT (13.32891 52.50007)
2;2019;7;22;2;3;2;6;2;0;1;0;1;0;0;0;POINT (13.40574 52.49344)
4;2019;7;21;2;3;5;2;0;0;1;0;1;0;0;0;POINT (13.28885 52.50666)
5;2019;7;20;2;3;2;6;1;0;1;0;0;0;0;0;POINT (13.1845 52.54631)
1;2019;7;13;2;2;5;7;0;0;1;0;1;0;0;0;POINT (13.37123 52.55881)
4;2019;7;12;2;3;2;6;0;0;1;0;1;0;0;0;POINT (13.334 52.49981)
1;2019;7;19;2;3;3;6;0;1;0;1;0;0;1;0;POINT (13.38472 52.52923)
6;2019;7;18;2;3;5;3;0;1;1;0;0;0;0;0;POINT (13.20659 52.43045)
7;2019;7;18;2;2;0;7;0;1;0;1;0;0;0;0;POINT (13.36902 52.49306)
2;2019;7;12;2;3;6;4;0;1;0;1;0;0;0;0;POINT (13.43973 52.51406)
2;2019;7;18;2;3;0;6;0;0;0;0;0;0;1;0;POINT (13.41644 52.49097)
8;2019;7;17;2;3;0;3;0;1;1;0;0;0;0;0;POINT (13.4456 52.41631)
9;2019;7;17;2;3;0;1;0;1;1;0;0;0;0;0;POINT (13.51173 52.45828)
7;2019;7;17;2;3;2;6;0;0;1;0;1;0;0;0;POINT (13.39461 52.4657)
6;2019;7;17;2;2;1;5;0;1;0;0;0;0;1;0;POINT (13.26707 52.44465)
4;2019;7;17;2;3;5;3;0;1;1;0;0;0;0;0;POINT (13.28167 52.47645)
11;2019;7;15;2;3;6;4;0;1;0;1;0;0;0;0;POINT (13.48892 52.54223)
11;2019;7;10;2;3;5;3;0;0;1;0;0;0;0;0;POINT (13.53187 52.48406)
2;2019;7;16;2;3;5;2;0;1;1;0;0;0;0;0;POINT (13.45071 52.50167)
8;2019;7;16;2;3;5;3;0;1;1;0;0;0;0;0;POINT (13.45728 52.43114)
1;2019;7;16;2;3;1;5;0;1;1;0;0;0;0;0;POINT (13.39629 52.55073)
1;2019;7;16;2;3;5;3;0;1;1;0;0;0;0;0;POINT (13.34741 52.54386)
9;2019;7;15;2;3;5;2;0;0;1;0;0;0;1;0;POINT (13.55454 52.45589)
11;2019;7;15;2;2;2;6;0;0;1;0;0;0;0;0;POINT (13.48965 52.51224)
5;2019;7;15;2;3;6;4;0;0;1;1;0;0;0;0;POINT (13.19963 52.53449)
7;2019;7;10;2;2;5;2;0;0;1;0;0;0;0;0;POINT (13.37629 52.40915)
4;2019;7;10;2;3;5;2;0;1;1;0;0;0;0;0;POINT (13.31416 52.49056)
8;2019;7;10;2;3;5;2;0;1;1;0;0;0;0;0;POINT (13.43491 52.4403)
12;2019;7;7;3;2;2;6;0;1;1;0;0;0;0;0;POINT (13.34474 52.57392)
1;2019;7;9;2;3;5;7;0;1;1;0;0;0;0;0;POINT (13.3657 52.50309)
7;2019;7;9;2;3;5;2;0;0;1;0;1;0;0;0;POINT (13.3856 52.46859)
4;2019;7;16;3;3;6;4;0;0;1;1;0;0;0;0;POINT (13.29361 52.49135)
10;2019;7;7;3;2;5;3;0;1;1;0;0;0;0;0;POINT (13.56244 52.51147)
9;2019;7;6;2;3;5;2;0;0;1;0;0;0;0;0;POINT (13.50661 52.44655)
1;2019;7;6;2;3;2;2;0;0;1;0;0;0;0;0;POINT (13.35992 52.54679)
4;2019;7;16;3;3;2;6;0;0;1;0;0;0;0;0;POINT (13.31105 52.50049)
12;2019;7;6;2;3;5;3;0;1;1;0;0;0;0;0;POINT (13.29249 52.57869)
4;2019;7;18;3;3;5;3;0;0;1;0;0;0;0;0;POINT (13.32098 52.51305)
1;2019;7;4;2;2;5;3;1;0;1;0;0;0;0;0;POINT (13.3439 52.54641)
10;2019;7;1;2;3;5;2;2;0;1;0;0;0;1;0;POINT (13.51734 52.53564)
6;2019;7;16;3;3;6;4;0;0;1;1;0;0;0;0;POINT (13.3193 52.45931)
8;2019;7;0;2;2;6;4;2;0;1;1;0;0;0;0;POINT (13.43501 52.43555)
8;2019;7;15;3;2;5;2;0;1;1;0;0;0;0;0;POINT (13.4211 52.48027)
7;2019;7;6;2;3;5;3;0;0;0;0;0;0;1;0;POINT (13.3325 52.46898)
6;2019;7;8;3;3;0;1;0;0;0;0;1;0;0;0;POINT (13.26986 52.40917)
4;2019;7;9;3;3;2;6;0;0;1;0;0;0;0;0;POINT (13.27723 52.51866)
1;2019;7;15;1;3;6;4;0;1;0;1;0;0;0;0;POINT (13.38974 52.51135)
7;2019;7;18;1;3;0;7;0;1;1;0;0;0;0;0;POINT (13.38642 52.46147)
12;2019;7;0;3;2;0;1;2;0;1;0;0;0;0;0;POINT (13.35332 52.60007)
4;2019;7;11;1;3;5;3;0;0;0;0;1;1;0;0;POINT (13.33927 52.50318)
1;2019;7;0;3;3;5;2;2;0;0;0;0;0;1;0;POINT (13.37753 52.55638)
8;2019;7;15;1;3;6;4;0;0;1;1;0;0;0;0;POINT (13.43558 52.42322)
1;2019;7;19;3;3;6;4;0;1;0;1;0;0;0;0;POINT (13.37455 52.5481)
7;2019;7;21;1;3;0;1;0;0;0;0;1;0;0;0;POINT (13.35568 52.45744)
1;2019;7;8;3;3;6;7;0;0;1;1;0;0;0;0;POINT (13.3358 52.52075)
2;2019;7;19;1;2;5;2;0;1;1;0;0;0;0;0;POINT (13.44664 52.50282)
4;2019;7;19;1;2;5;2;0;0;1;0;0;0;0;0;POINT (13.30609 52.52329)
4;2019;7;17;3;1;2;2;0;1;1;0;0;0;0;0;POINT (13.30955 52.51026)
11;2019;7;22;2;3;0;1;2;1;0;0;0;0;0;0;POINT (13.47391 52.53622)
3;2019;7;19;1;3;4;2;0;1;1;0;0;0;0;0;POINT (13.40935 52.55932)
9;2019;7;14;2;3;0;1;0;1;0;0;0;0;0;0;POINT (13.50766 52.44108)
6;2019;7;18;1;2;2;7;0;0;1;0;1;0;1;0;POINT (13.35389 52.44345)
8;2019;7;18;2;3;5;2;0;1;1;0;0;0;0;0;POINT (13.43419 52.44295)
1;2019;7;17;1;3;0;1;0;0;0;0;1;0;0;0;POINT (13.3529 52.51624)
11;2019;7;17;2;3;5;2;0;0;1;0;0;0;0;0;POINT (13.49437 52.54508)
7;2019;7;16;1;2;0;1;0;0;0;0;0;0;1;0;POINT (13.38469 52.42208)
1;2019;7;16;1;3;2;6;0;0;1;0;0;0;0;0;POINT (13.38352 52.55579)
4;2019;7;17;2;2;5;7;0;0;1;0;1;0;0;0;POINT (13.33122 52.50292)
1;2019;7;12;1;3;5;7;0;0;1;0;0;1;0;0;POINT (13.38261 52.55188)
2;2019;7;17;2;3;1;5;0;1;1;0;0;0;0;0;POINT (13.41843 52.50152)
6;2019;7;11;1;3;5;3;0;1;1;0;0;0;0;0;POINT (13.31844 52.45451)
5;2019;7;17;2;3;1;5;0;1;1;0;0;0;0;0;POINT (13.19738 52.52104)
2;2019;7;12;1;3;5;7;0;0;1;0;1;0;0;0;POINT (13.41166 52.50336)
4;2019;7;15;2;2;1;1;0;0;1;1;0;0;0;0;POINT (13.30002 52.52947)
5;2019;7;10;1;3;5;2;0;0;1;0;0;0;0;0;POINT (13.22578 52.55514)
11;2019;7;10;1;2;5;2;0;1;0;0;0;0;1;0;POINT (13.50892 52.49496)
6;2019;7;14;2;3;5;3;0;1;0;0;0;1;0;0;POINT (13.19087 52.43458)
5;2019;7;14;2;3;0;3;0;0;1;0;1;0;0;0;POINT (13.20745 52.55034)
12;2019;7;11;1;3;0;1;0;0;0;0;1;0;0;0;POINT (13.3317 52.56202)