bez;ujahr;umonat;ustunde;uwochentag;ukategorie;uart;utyp1;ulichtverh;istrad;istpkw;istfuss;istkrad;istgkfz;istsonstige;ustrzustand;geometry
8;2019;7;16;1;3;1;5;0;1;1;0;0;0;0;0;POINT (13.44245 52.48345)
4;2019;7;11;2;3;5;3;0;1;1;0;0;0;0;0;POINT (13.26954 52.51972)
1;2019;7;9;1;2;5;3;0;1;1;0;0;0;0;0;POINT (13.41792 52.51558)
12;2019;7;15;1;2;5;2;0;0;1;0;1;0;0;0;POINT (13.31713 52.58821)
12;2019;7;11;2;3;2;6;0;0;1;0;0;0;0;0;POINT (13.35644 52.5967)
1;2019;7;11;2;2;5;2;0;0;1;0;1;0;0;0;POINT (13.42203 52.51099)
4;2019;7;8;1;3;1;5;0;1;0;0;0;0;1;0;POINT (13.30964 52.47651)
6;2019;7;11;2;3;2;6;0;0;1;0;0;0;0;0;POINT (13.3132 52.42298)
4;2019;7;7;1;3;5;3;0;0;1;0;0;0;0;0;POINT (13.2969 52.54801)
1;2019;7;10;2;3;2;6;0;0;1;0;0;0;0;0;POINT (13.39712 52.53681)
9;2019;7;6;1;3;5;2;0;0;1;0;0;0;0;0;POINT (13.49584 52.46607)
1;2019;7;8;2;3;0;2;0;1;0;0;1;0;0;0;POINT (13.38531 52.52876)
1;2019;7;6;1;3;5;2;0;0;1;0;0;0;0;0;POINT (13.4118 52.52397)
5;2019;7;6;1;3;3;6;0;0;0;0;1;1;0;0;POINT (13.21839 52.53743)
7;2019;7;8;2;2;5;3;0;1;1;0;0;0;0;0;POINT (13.41982 52.3929)
9;2019;7;5;1;3;0;1;1;0;0;0;1;0;0;0;POINT (13.51033 52.46407)
4;2019;7;6;2;3;5;2;1;0;1;0;0;0;0;0;POINT (13.32624 52.53804)
8;2019;7;2;1;3;5;3;2;0;1;0;0;0;0;0;POINT (13.42512 52.48061)
11;2019;7;22;2;3;2;6;2;0;1;0;0;0;0;0;POINT (13.47486 52.50158)
4;2019;7;7;1;3;0;3;0;1;1;0;0;0;0;0;POINT (13.31346 52.47702)
3;2019;7;22;2;3;5;2;2;0;1;0;0;0;0;0;POINT (13.46772 52.555)
4;2019;7;1;1;2;1;5;2;1;1;0;0;0;0;0;POINT (13.32935 52.50346)
10;2019;7;14;1;2;1;1;0;0;1;0;0;1;0;0;POINT (13.55815 52.53553)
4;2019;7;20;2;3;2;7;1;0;1;0;0;0;0;0;POINT (13.31275 52.50331)
1;2019;7;19;2;3;2;6;0;0;1;0;1;0;0;0;POINT (13.34256 52.5453)
9;2019;7;14;1;3;6;2;0;0;1;1;0;0;0;0;POINT (13.57158 52.43672)
1;2019;7;14;1;3;2;2;0;0;1;0;0;0;0;0;POINT (13.35466 52.51702)
12;2019;7;19;2;3;6;2;0;0;1;1;0;0;0;0;POINT (13.28236 52.59085)
8;2019;7;14;1;2;5;2;0;0;1;0;1;0;0;0;POINT (13.46621 52.46501)
7;2019;7;19;2;2;5;2;0;1;1;0;0;0;0;0;POINT (13.34813 52.50235)
4;2019;7;13;1;3;5;2;0;1;1;0;0;0;0;0;POINT (13.29155 52.51047)
7;2019;7;13;1;3;2;6;0;0;1;0;0;0;0;0;POINT (13.38273 52.41117)
3;2019;7;12;1;3;5;3;0;0;1;0;0;0;0;0;POINT (13.43044 52.55124)
9;2019;7;19;2;3;2;6;0;0;1;0;0;0;0;0;POINT (13.46064 52.45416)
4;2019;7;13;1;2;5;7;0;0;1;0;1;0;0;0;POINT (13.31711 52.54718)
4;2019;7;12;1;3;2;6;0;0;1;0;0;0;0;0;POINT (13.29308 52.47468)
10;2019;6;16;7;3;5;3;0;0;1;0;1;0;0;0;POINT (13.57758 52.48222)
4;2019;6;3;7;2;0;7;2;1;0;0;0;0;0;0;POINT (13.3214 52.51801)
1;2019;7;12;1;3;6;4;0;0;1;1;0;0;0;0;POINT (13.32838 52.53372)
7;2019;6;1;7;3;1;1;2;0;1;0;0;0;1;0;POINT (13.34144 52.47899)
2;2019;6;22;7;2;0;7;2;1;0;0;0;0;0;0;POINT (13.41344 52.48822)
9;2019;7;11;1;3;0;1;0;0;0;0;1;0;0;1;POINT (13.56721 52.455)
5;2019;6;20;7;3;1;5;0;0;1;0;1;0;0;0;POINT (13.11518 52.46091)
2;2019;7;10;1;3;3;6;0;1;0;0;0;0;0;0;POINT (13.41976 52.49916)
10;2019;6;19;7;3;5;2;0;1;1;0;0;0;0;0;POINT (13.58952 52.54496)
9;2019;6;19;7;2;2;6;0;0;1;0;0;0;0;0;POINT (13.63708 52.4477)
9;2019;7;9;1;3;5;3;0;1;1;0;0;0;0;0;POINT (13.58274 52.4342)
8;2019;7;8;1;3;2;6;0;0;1;0;0;0;0;0;POINT (13.4475 52.42713)
2;2019;6;19;7;3;5;2;0;1;1;0;0;0;0;0;POINT (13.40523 52.50518)
3;2019;6;16;7;3;5;3;0;1;1;0;0;0;0;0;POINT (13.43004 52.62095)
1;2019;7;8;1;3;1;5;0;1;1;0;0;0;0;0;POINT (13.41326 52.51334)
8;2019;6;15;7;2;5;3;0;1;1;0;0;0;0;0;POINT (13.44514 52.47395)
1;2019;7;7;1;3;5;3;0;0;1;0;0;1;0;0;POINT (13.40521 52.5084)
7;2019;6;14;7;2;6;7;0;0;1;1;0;0;0;0;POINT (13.39085 52.43447)
8;2019;7;6;1;3;5;3;0;1;1;0;0;0;0;0;POINT (13.43869 52.46938)
2;2019;6;14;7;3;5;2;0;0;1;0;1;0;0;0;POINT (13.42065 52.50326)
12;2019;7;3;1;3;9;1;2;0;1;0;0;0;0;0;POINT (13.31552 52.57799)
4;2019;6;9;7;3;1;5;0;1;1;0;0;0;0;0;POINT (13.31408 52.50745)
5;2019;6;13;7;3;1;5;0;0;1;0;0;0;0;0;POINT (13.19606 52.52994)
2;2019;7;18;1;3;6;4;0;1;0;1;0;0;0;0;POINT (13.39698 52.50529)
7;2019;7;16;1;3;5;2;0;1;1;0;0;0;0;1;POINT (13.36271 52.48894)
3;2019;6;12;7;3;5;2;0;0;1;0;0;0;0;0;POINT (13.47025 52.55363)
12;2019;7;15;1;3;2;2;0;0;1;0;0;0;0;0;POINT (13.28091 52.59391)
8;2019;6;12;7;3;5;7;0;1;1;0;0;0;0;0;POINT (13.46414 52.42531)
3;2019;7;15;1;3;5;2;0;1;1;0;0;0;0;0;POINT (13.38015 52.57503)
2;2019;6;11;7;3;2;2;0;1;1;0;0;0;0;0;POINT (13.41917 52.50131)
7;2019;7;14;1;2;3;6;0;0;1;0;0;0;1;1;POINT (13.34762 52.46693)
3;2019;6;11;7;3;3;6;0;1;1;0;0;0;0;0;POINT (13.43565 52.55401)
8;2019;7;14;1;3;2;6;0;0;1;0;0;0;0;1;POINT (13.42431 52.48588)
11;2019;6;10;7;3;5;3;0;0;1;0;0;1;0;0;POINT (13.49492 52.54206)
10;2019;6;10;7;3;5;3;0;1;1;0;0;0;0;0;POINT (13.55494 52.51564)
10;2019;7;14;1;3;5;2;0;1;1;0;0;0;0;0;POINT (13.57568 52.49021)
4;2019;6;9;7;3;1;5;0;1;1;0;0;0;0;0;POINT (13.31117 52.4894)
6;2019;7;14;1;3;2;5;0;0;0;0;1;0;1;1;POINT (13.3252 52.45854)
6;2019;6;8;7;2;0;1;0;1;0;0;0;0;0;0;POINT (13.27851 52.42989)
1;2019;6;11;6;3;5;5;0;1;1;0;0;0;0;0;POINT (13.33975 52.55436)
7;2019;7;14;1;3;2;6;0;0;1;0;1;0;0;1;POINT (13.3824 52.45588)
10;2019;6;2;6;3;5;3;2;0;1;0;0;0;0;0;POINT (13.54415 52.52583)
9;2019;7;13;1;3;0;4;0;0;0;1;0;0;1;0;POINT (13.57867 52.45781)
6;2019;6;16;6;2;2;7;0;0;1;0;1;0;0;0;POINT (13.26277 52.43899)
12;2019;7;13;1;3;3;6;0;0;1;0;0;0;0;0;POINT (13.29346 52.55233)
2;2019;6;23;6;3;0;7;2;0;0;1;1;0;0;0;POINT (13.44275 52.50116)
1;2019;7;20;1;3;3;6;1;1;1;0;0;0;0;0;POINT (13.35901 52.53981)
1;2019;6;22;6;3;5;2;2;0;1;0;0;0;0;0;POINT (13.39135 52.55517)
8;2019;6;21;6;3;0;7;1;1;0;0;0;0;0;0;POINT (13.42626 52.47763)
4;2019;7;19;1;3;5;2;0;0;1;0;0;0;0;0;POINT (13.31387 52.50631)
8;2019;7;19;1;3;2;6;0;0;1;0;0;0;0;0;POINT (13.46824 52.47205)
3;2019;6;21;6;3;5;2;1;1;0;0;0;0;1;0;POINT (13.40257 52.5546)
8;2019;7;17;1;3;3;6;0;0;1;0;1;0;0;1;POINT (13.43342 52.46396)
9;2019;6;19;6;3;3;6;0;0;1;0;1;0;0;0;POINT (13.59318 52.45197)
2;2019;7;17;1;3;5;2;0;1;1;0;0;0;0;0;POINT (13.43058 52.51126)
4;2019;6;19;6;2;5;2;0;1;1;0;0;0;0;0;POINT (13.31944 52.47686)
1;2019;7;17;1;3;2;6;0;0;1;0;0;1;0;1;POINT (13.38101 52.55629)
4;2019;6;18;6;3;1;5;0;1;1;0;0;0;0;0;POINT (13.30742 52.50425)
4;2019;6;18;6;3;5;2;0;1;1;0;0;0;0;0;POINT (13.29793 52.4955)
12;2019;7;17;1;2;2;6;0;0;1;0;1;0;0;1;POINT (13.29698 52.5802)
8;2019;6;18;6;3;0;2;0;1;1;0;0;0;0;0;POINT (13.47324 52.43238)
3;2019;7;17;1;3;5;3;0;1;1;0;0;0;0;1;POINT (13.44933 52.52883)
10;2019;6;18;6;3;5;2;0;0;1;0;0;0;0;0;POINT (13.61551 52.53195)
9;2019;7;16;1;3;2;6;0;1;1;0;0;0;0;1;POINT (13.57285 52.45422)
1;2019;6;17;6;3;0;1;0;0;0;0;0;0;1;0;POINT (13.37663 52.51776)
3;2019;7;11;1;3;0;5;0;1;1;0;0;0;0;0;POINT (13.4243 52.57609)
2;2019;6;15;6;2;6;2;0;0;1;1;0;0;0;0;POINT (13.37653 52.48771)
8;2019;6;15;6;3;2;6;0;0;1;0;0;0;0;0;POINT (13.46487 52.47047)
10;2019;7;15;1;3;6;4;0;0;1;1;0;0;0;0;POINT (13.58953 52.52802)
10;2019;6;13;6;3;5;3;0;0;1;0;0;0;0;0;POINT (13.59628 52.50616)
8;2019;7;16;1;3;2;6;0;0;1;0;0;0;0;1;POINT (13.43497 52.4505)
11;2019;6;12;6;2;5;7;0;0;1;0;1;0;0;0;POINT (13.47471 52.53646)
4;2019;7;18;1;3;1;7;0;1;1;0;0;0;0;0;POINT (13.33451 52.50324)
8;2019;6;11;6;3;0;1;0;1;0;0;0;0;0;0;POINT (13.43493 52.4609)
1;2019;7;22;7;3;6;4;1;0;1;1;0;0;0;0;POINT (13.36796 52.52442)
3;2019;6;11;6;3;5;3;0;0;1;0;0;0;0;0;POINT (13.44132 52.56856)
3;2019;6;11;6;2;5;2;0;1;1;0;0;0;0;0;POINT (13.45351 52.59127)
1;2019;7;21;7;3;3;2;1;1;0;0;0;0;0;0;POINT (13.41182 52.52397)
1;2019;7;21;7;3;0;3;1;0;1;0;1;0;0;0;POINT (13.33799 52.53021)
4;2019;6;8;6;3;0;7;0;0;1;0;1;0;0;0;POINT (13.31272 52.48926)
1;2019;6;7;6;3;5;2;0;1;1;0;0;0;0;0;POINT (13.42119 52.50981)
1;2019;7;20;7;3;5;3;0;0;1;0;0;0;0;0;POINT (13.36722 52.52317)
12;2019;6;7;6;3;4;6;0;0;1;0;0;0;0;0;POINT (13.2949 52.63711)
4;2019;7;19;7;3;0;1;0;1;0;0;0;0;0;0;POINT (13.28344 52.51852)
2;2019;6;1;6;3;5;3;2;0;1;0;0;0;0;0;POINT (13.42958 52.4982)
2;2019;6;1;6;3;1;5;2;1;0;0;0;0;1;0;POINT (13.41816 52.49971)
8;2019;7;17;7;3;5;2;0;0;1;0;0;0;0;0;POINT (13.44691 52.42697)
7;2019;6;19;5;3;5;2;0;0;1;0;0;0;1;0;POINT (13.39616 52.44729)
9;2019;6;19;5;3;5;2;0;0;1;0;0;0;0;0;POINT (13.53516 52.43231)
5;2019;7;17;7;3;9;1;0;0;1;0;0;0;0;0;POINT (13.13253 52.4731)
11;2019;6;14;5;3;6;4;0;0;1;1;0;0;0;0;POINT (13.52662 52.49288)
12;2019;7;16;7;3;5;3;0;1;1;0;0;0;0;0;POINT (13.35466 52.61802)
7;2019;7;13;7;3;6;4;0;1;0;1;0;0;0;0;POINT (13.35372 52.49372)
3;2019;6;6;5;3;5;7;0;0;1;0;0;0;1;0;POINT (13.42765 52.52847)
1;2019;7;12;7;3;5;2;0;0;1;0;0;0;0;0;POINT (13.36024 52.53732)
1;2019;6;15;5;3;5;2;0;1;1;0;0;0;0;0;POINT (13.40366 52.52601)
4;2019;7;8;7;2;5;3;0;1;1;0;0;0;0;0;POINT (13.26195 52.50115)
12;2019;6;20;5;3;9;1;0;0;1;0;0;0;0;0;POINT (13.25094 52.59998)
3;2019;6;19;5;3;1;5;0;1;0;0;0;0;1;0;POINT (13.41079 52.5396)
7;2019;7;5;7;3;5;3;0;0;1;0;0;0;1;0;POINT (13.40642 52.39376)
8;2019;7;16;6;3;5;2;0;1;1;0;0;0;0;0;POINT (13.44336 52.46991)
1;2019;6;18;5;3;5;2;0;1;1;0;0;0;0;0;POINT (13.34944 52.54233)
4;2019;6;17;5;3;5;2;0;1;0;0;0;0;0;0;POINT (13.28135 52.51233)
5;2019;7;23;6;3;6;4;2;0;1;1;0;0;0;1;POINT (13.19807 52.53306)
5;2019;6;17;5;3;5;3;0;1;1;0;0;0;0;0;POINT (13.20739 52.54482)
1;2019;7;23;6;3;5;2;2;0;1;0;0;0;0;0;POINT (13.34131 52.50511)
3;2019;6;17;5;3;2;2;0;0;1;0;0;0;0;0;POINT (13.4305 52.55177)
1;2019;6;16;5;3;5;2;0;0;0;0;1;0;1;0;POINT (13.40672 52.53576)
8;2019;7;23;6;2;0;1;2;0;0;0;1;0;0;1;POINT (13.51574 52.42088)
1;2019;6;15;5;3;5;2;0;1;1;0;0;0;0;0;POINT (13.35863 52.50675)
6;2019;6;16;5;3;5;2;0;0;1;0;1;0;0;0;POINT (13.3531 52.43338)
1;2019;7;22;6;2;0;1;2;1;0;0;0;0;0;1;POINT (13.37437 52.52799)
7;2019;6;14;5;3;1;5;0;1;1;0;0;0;0;0;POINT (13.33274 52.4762)
1;2019;7;22;6;3;2;6;2;0;1;0;0;0;0;1;POINT (13.40103 52.52999)
2;2019;6;13;5;3;5;2;0;1;1;0;0;0;0;0;POINT (13.42953 52.5231)
12;2019;6;13;5;3;5;2;0;1;1;0;0;0;0;0;POINT (13.28426 52.59444)
8;2019;7;20;6;3;0;1;2;0;1;0;0;0;0;1;POINT (13.45617 52.47381)
7;2019;7;21;6;3;6;2;2;0;1;1;0;0;0;1;POINT (13.3878 52.43903)
1;2019;6;12;5;3;5;2;0;1;1;0;0;0;0;0;POINT (13.40159 52.53976)
2;2019;6;12;5;3;5;7;0;0;0;0;1;0;1;0;POINT (13.42919 52.50914)
1;2019;7;20;6;3;5;3;1;1;1;0;0;0;0;1;POINT (13.40961 52.52264)
1;2019;6;12;5;3;5;3;0;1;1;0;0;0;0;0;POINT (13.39226 52.55481)
1;2019;7;20;6;3;0;2;0;1;1;0;0;0;0;1;POINT (13.37683 52.5094)
2;2019;6;11;5;3;5;2;0;1;1;0;0;0;0;0;POINT (13.39097 52.50418)
3;2019;6;11;5;3;6;3;0;0;1;1;0;0;0;0;POINT (13.43222 52.6045)
1;2019;6;11;5;3;5;5;0;1;1;0;0;0;0;0;POINT (13.40617 52.51797)
1;2019;7;19;6;3;2;6;0;0;1;0;0;0;0;1;POINT (13.36518 52.54911)
11;2019;6;10;5;3;2;6;0;0;1;0;0;1;0;0;POINT (13.52021 52.56846)
1;2019;7;19;6;3;5;3;0;1;1;0;0;0;0;1;POINT (13.40266 52.52803)
1;2019;6;10;5;3;0;3;0;1;1;0;0;0;0;0;POINT (13.39507 52.52797)
4;2019;7;19;6;3;0;3;0;1;0;0;1;0;0;1;POINT (13.30759 52.50368)
2;2019;6;9;5;3;5;3;0;1;1;0;0;0;0;0;POINT (13.39841 52.50705)
2;2019;7;19;6;3;5;3;0;0;1;0;0;0;1;1;POINT (13.44746 52.52643)
12;2019;6;18;5;3;2;6;0;0;1;0;0;0;0;0;POINT (13.28306 52.57565)
6;2019;7;18;6;3;5;2;0;1;1;0;0;0;0;0;POINT (13.32756 52.45465)
8;2019;6;22;5;3;0;1;2;1;0;0;0;0;0;0;POINT (13.43353 52.48203)
6;2019;7;18;6;3;0;1;0;0;0;0;1;0;0;0;POINT (13.3103 52.46658)
9;2019;6;17;5;2;0;1;0;1;0;0;0;0;0;0;POINT (13.553 52.43969)
7;2019;6;17;5;2;6;4;0;0;1;1;0;0;0;0;POINT (13.33268 52.46914)
10;2019;7;17;6;3;0;1;0;0;0;0;1;0;0;0;POINT (13.55486 52.51572)
1;2019;6;13;5;3;1;5;0;0;1;0;0;0;0;0;POINT (13.35431 52.52804)
4;2019;7;17;6;3;5;2;0;0;1;0;0;0;0;0;POINT (13.32021 52.48369)
11;2019;6;12;5;2;5;3;0;1;1;0;0;0;0;0;POINT (13.47649 52.50089)
9;2019;6;11;5;3;2;6;0;0;1;0;0;0;0;0;POINT (13.55113 52.42888)
1;2019;7;16;6;3;5;3;0;1;1;0;0;0;0;0;POINT (13.37569 52.55063)
4;2019;6;9;5;3;5;2;0;1;1;0;0;0;0;0;POINT (13.29241 52.51908)
1;2019;7;15;6;3;5;3;0;0;1;0;0;0;0;0;POINT (13.35985 52.52346)
4;2019;6;9;5;3;1;5;0;1;1;0;0;0;0;0;POINT (13.33818 52.5052)
4;2019;7;15;6;3;6;6;0;1;0;1;0;0;0;0;POINT (13.32423 52.48423)
1;2019;6;9;5;3;5;2;0;1;0;0;1;0;0;0;POINT (13.42002 52.52497)
5;2019;7;13;6;3;0;6;0;0;1;0;1;0;0;0;POINT (13.14694 52.53965)
9;2019;6;9;5;3;6;7;0;1;1;1;0;0;0;0;POINT (13.54457 52.43662)
8;2019;6;8;5;3;6;2;0;0;1;1;0;0;0;0;POINT (13.43364 52.48189)
1;2019;7;12;6;3;5;2;0;0;1;0;1;0;0;0;POINT (13.33757 52.51979)
3;2019;7;12;6;3;7;7;0;1;0;0;0;0;0;0;POINT (13.4805 52.6372)
4;2019;6;8;5;3;5;2;0;1;1;0;0;0;0;0;POINT (13.27347 52.49996)
9;2019;7;12;6;3;1;5;0;0;1;0;1;0;0;0;POINT (13.52853 52.4179)
2;2019;6;7;5;2;2;2;0;1;1;0;0;0;0;0;POINT (13.45877 52.50643)
7;2019;7;12;6;3;5;3;0;0;1;0;0;0;0;0;POINT (13.3722 52.45551)
6;2019;6;7;5;3;5;2;0;0;1;0;0;0;0;0;POINT (13.34835 52.43788)
4;2019;6;1;5;3;1;5;2;0;1;0;0;0;0;0;POINT (13.2783 52.47787)
1;2019;7;11;6;3;3;6;0;0;1;0;1;0;0;0;POINT (13.36494 52.55008)
4;2019;7;11;6;3;2;6;0;1;0;0;0;0;0;0;POINT (13.31995 52.49599)
8;2019;6;10;5;3;3;6;0;1;1;0;0;0;0;0;POINT (13.43334 52.49178)
8;2019;6;9;5;3;3;6;0;1;1;0;0;0;0;0;POINT (13.43258 52.46529)
6;2019;7;0;6;3;1;7;2;0;1;0;0;0;0;0;POINT (13.34123 52.46044)
11;2019;6;7;4;2;5;3;0;1;1;0;0;0;0;0;POINT (13.48225 52.50773)
8;2019;7;6;6;3;4;6;0;0;1;0;0;0;0;0;POINT (13.4305 52.46888)
3;2019;6;13;4;3;6;7;0;0;0;0;0;0;1;0;POINT (13.45466 52.55061)
6;2019;6;13;4;3;3;6;0;0;1;0;0;0;0;0;POINT (13.31536 52.46475)
1;2019;7;12;5;3;5;2;0;1;1;0;0;0;0;0;POINT (13.37706 52.50859)
1;2019;6;13;4;3;0;1;0;1;1;0;0;0;0;0;POINT (13.37737 52.54964)
10;2019;7;22;5;3;5;3;2;0;1;0;0;0;0;0;POINT (13.5397 52.53982)
1;2019;6;13;4;3;5;3;0;0;1;0;0;0;0;0;POINT (13.3915 52.52208)
8;2019;7;22;5;3;3;6;2;0;1;0;0;0;0;0;POINT (13.43188 52.46654)
4;2019;6;13;4;3;5;3;0;1;1;0;0;0;0;0;POINT (13.33125 52.50311)
7;2019;7;21;5;3;5;2;2;1;1;0;0;0;0;0;POINT (13.3463 52.50124)
9;2019;6;12;4;3;3;6;0;0;1;0;1;0;0;0;POINT (13.50196 52.48208)
4;2019;6;12;4;3;1;5;0;0;1;0;1;0;0;0;POINT (13.32313 52.51058)
6;2019;7;21;5;2;5;2;0;0;1;0;1;0;0;0;POINT (13.32272 52.45648)
1;2019;7;20;5;2;5;3;1;1;1;0;0;0;0;0;POINT (13.37002 52.55291)
1;2019;6;11;4;2;5;3;0;0;0;0;0;1;1;0;POINT (13.38693 52.52713)
1;2019;6;11;4;3;1;5;0;0;1;0;0;0;0;0;POINT (13.41343 52.52777)
1;2019;7;20;5;3;5;3;0;1;0;0;0;0;0;0;POINT (13.38789 52.52241)
10;2019;6;20;4;3;5;2;0;0;1;0;0;0;0;0;POINT (13.51751 52.53541)
1;2019;7;19;5;3;0;2;0;0;1;0;0;0;1;0;POINT (13.37854 52.5291)
4;2019;6;19;4;3;5;2;0;1;1;0;0;0;0;0;POINT (13.31109 52.50659)
9;2019;7;18;5;3;3;6;0;0;1;0;0;0;1;0;POINT (13.62536 52.45607)
2;2019;6;18;4;3;1;5;0;1;1;0;0;0;1;0;POINT (13.41781 52.50169)
7;2019;7;17;5;3;6;7;0;0;1;1;0;0;0;0;POINT (13.38433 52.45698)
1;2019;6;11;4;3;4;6;0;1;1;0;0;0;0;0;POINT (13.37403 52.54752)
7;2019;7;17;5;2;5;3;0;0;1;0;1;0;0;0;POINT (13.42183 52.3949)
11;2019;6;11;4;2;5;3;0;1;1;0;0;0;0;0;POINT (13.50607 52.49198)
6;2019;7;17;5;3;5;2;0;1;0;0;0;0;1;0;POINT (13.23237 52.43764)
3;2019;6;11;4;3;5;2;0;1;0;0;0;0;1;0;POINT (13.43034 52.55093)
7;2019;6;10;4;3;0;2;0;1;0;0;1;0;0;0;POINT (13.33141 52.46965)
3;2019;7;16;5;3;5;3;0;1;1;0;0;0;0;0;POINT (13.40892 52.5711)
2;2019;6;18;4;3;6;2;0;0;1;1;0;0;0;0;POINT (13.39145 52.50097)
12;2019;7;16;5;3;2;6;0;0;1;0;0;0;0;0;POINT (13.33104 52.57269)
9;2019;6;11;4;3;5;2;0;1;1;0;0;0;0;0;POINT (13.51256 52.46277)
2;2019;7;15;5;3;2;2;0;1;1;0;0;0;0;0;POINT (13.46966 52.5204)
11;2019;6;10;4;3;5;2;0;0;1;0;0;0;0;0;POINT (13.46794 52.54672)
3;2019;7;13;5;3;5;3;0;1;1;0;0;0;0;0;POINT (13.40628 52.55399)
8;2019;6;18;4;2;0;2;0;1;1;0;0;0;0;0;POINT (13.46196 52.42237)
3;2019;6;9;4;3;1;5;0;1;0;0;0;0;1;0;POINT (13.42088 52.5659)
2;2019;7;13;5;3;2;6;0;0;1;0;0;0;0;0;POINT (13.4463 52.5028)
8;2019;7;13;5;3;2;6;0;0;1;0;0;0;0;0;POINT (13.43813 52.47814)
2;2019;6;18;4;3;6;2;0;0;1;1;0;0;0;0;POINT (13.38794 52.50285)
1;2019;6;18;4;3;1;5;0;0;1;0;1;0;0;0;POINT (13.39509 52.52443)
9;2019;7;13;5;3;5;2;0;1;1;0;0;0;0;0;POINT (13.53637 52.43287)
9;2019;6;18;4;3;0;2;0;0;1;0;0;0;1;0;POINT (13.48054 52.47254)
6;2019;7;13;5;3;1;5;0;0;1;0;0;0;0;0;POINT (13.35788 52.44841)
11;2019;6;18;4;3;5;2;0;1;1;0;0;0;0;0;POINT (13.52696 52.48658)
6;2019;6;18;4;3;1;5;0;1;1;0;0;0;0;0;POINT (13.34303 52.45883)
1;2019;7;12;5;3;5;3;0;1;1;0;0;0;0;0;POINT (13.37985 52.54018)
1;2019;6;18;4;3;2;6;0;0;1;0;0;0;0;0;POINT (13.34502 52.52512)
2;2019;6;18;4;2;1;1;0;0;1;0;0;0;1;0;POINT (13.43398 52.51489)
7;2019;7;10;5;3;2;2;0;0;1;0;0;0;0;0;POINT (13.33952 52.48844)
10;2019;6;18;4;3;0;1;0;1;0;0;0;0;0;0;POINT (13.61445 52.49354)
10;2019;6;17;4;3;1;5;0;1;1;0;0;0;1;0;POINT (13.57548 52.51322)
5;2019;7;8;5;2;2;6;0;0;1;0;1;0;0;0;POINT (13.21876 52.53715)
11;2019;6;22;4;3;2;6;2;1;1;0;0;0;0;0;POINT (13.48611 52.50236)
8;2019;7;8;5;3;5;3;0;0;1;0;0;0;0;0;POINT (13.43683 52.46516)
2;2019;6;17;4;3;5;2;0;1;0;0;0;0;0;0;POINT (13.44549 52.52042)
1;2019;7;8;5;3;5;2;0;1;1;0;0;0;0;0;POINT (13.34491 52.53906)
3;2019;6;14;4;3;5;3;0;0;1;0;1;0;0;0;POINT (13.43446 52.54958)
3;2019;7;5;5;3;0;1;0;1;0;0;0;0;0;1;POINT (13.48703 52.61746)
2;2019;6;14;4;2;0;6;0;1;1;0;0;0;0;0;POINT (13.4646 52.50985)
1;2019;6;20;4;3;0;1;0;1;0;0;0;0;0;0;POINT (13.38235 52.55183)
11;2019;7;4;5;3;0;1;0;1;0;0;0;0;0;0;POINT (13.50583 52.49149)
2;2019;7;1;5;3;0;7;2;1;0;0;0;0;1;0;POINT (13.46 52.51729)
4;2019;6;14;4;3;0;1;0;0;0;0;1;0;0;0;POINT (13.33925 52.50327)
7;2019;6;13;4;3;5;2;0;1;1;0;0;0;0;0;POINT (13.34905 52.48944)
5;2019;7;15;5;2;0;6;0;0;1;0;0;0;1;0;POINT (13.18399 52.53416)
1;2019;6;9;4;2;0;1;0;1;0;0;0;0;0;0;POINT (13.399 52.53244)
1;2019;7;11;4;3;1;5;0;1;1;0;0;0;0;0;POINT (13.41294 52.51186)
4;2019;6;9;4;3;5;3;0;1;1;0;0;0;0;0;POINT (13.30844 52.48777)
1;2019;7;21;4;3;3;6;2;0;1;0;0;0;0;0;POINT (13.36424 52.54363)
6;2019;6;8;4;2;5;2;0;0;1;0;0;0;0;0;POINT (13.27084 52.45094)
2;2019;7;20;4;3;5;2;1;0;1;0;0;0;0;0;POINT (13.38945 52.49602)
1;2019;6;8;4;3;5;2;0;1;1;0;0;0;0;0;POINT (13.38062 52.5284)
3;2019;6;8;4;2;5;2;0;1;0;0;0;1;0;0;POINT (13.42691 52.55223)
9;2019;7;17;3;3;5;3;0;0;1;0;1;0;0;0;POINT (13.61871 52.45542)
2;2019;7;16;3;3;2;6;0;1;0;0;0;0;0;0;POINT (13.39299 52.49201)
1;2019;7;9;3;3;5;2;0;0;1;0;1;0;0;0;POINT (13.41027 52.52808)
6;2019;7;17;3;3;7;7;0;0;0;0;1;0;0;0;POINT (13.17532 52.41993)
1;2019;7;14;5;3;1;5;0;0;1;0;1;0;0;0;POINT (13.34425 52.53155)
4;2019;7;17;3;3;5;3;0;1;1;0;0;0;0;0;POINT (13.29662 52.51678)
4;2019;7;16;3;3;3;6;0;0;1;0;1;0;0;0;POINT (13.32198 52.4845)
8;2019;7;8;3;3;1;5;0;1;1;0;0;0;0;0;POINT (13.43895 52.48962)
1;2019;7;1;4;3;5;2;2;1;1;0;0;0;0;0;POINT (13.41797 52.51557)
2;2019;7;20;4;3;2;2;0;0;1;0;0;0;0;0;POINT (13.46611 52.50003)
11;2019;7;20;4;3;5;2;0;1;1;0;0;0;0;0;POINT (13.46825 52.54654)
1;2019;7;19;4;3;5;2;0;0;1;0;1;0;0;0;POINT (13.39274 52.54255)
4;2019;7;19;4;3;5;2;0;1;1;0;0;0;0;0;POINT (13.33215 52.5062)
4;2019;7;19;4;3;1;5;0;1;1;0;0;0;0;0;POINT (13.29071 52.51777)
2;2019;7;19;4;3;1;5;0;1;1;0;0;0;0;0;POINT (13.40115 52.49843)
3;2019;7;18;4;3;2;6;0;0;1;0;1;0;0;0;POINT (13.39815 52.55474)
9;2019;7;18;4;3;2;6;0;0;0;0;0;0;1;0;POINT (13.5593 52.45613)
7;2019;7;15;4;3;5;2;0;1;1;0;0;0;0;0;POINT (13.36195 52.44725)
5;2019;7;15;4;3;1;5;0;1;1;0;0;0;0;0;POINT (13.14 52.45204)
5;2019;7;17;4;2;5;3;0;0;1;0;1;0;0;0;POINT (13.21575 52.56455)
9;2019;7;15;4;2;5;3;0;1;1;0;0;0;0;0;POINT (13.52238 52.42827)
4;2019;7;9;4;3;0;7;0;1;0;0;0;0;0;0;POINT (13.28608 52.51877)
1;2019;7;15;4;2;3;6;0;1;1;0;0;0;0;0;POINT (13.39802 52.52947)
9;2019;7;14;4;3;5;7;0;0;1;0;0;0;0;0;POINT (13.56225 52.42118)
9;2019;7;10;4;3;5;2;0;0;1;0;0;0;0;0;POINT (13.52635 52.42461)