bez;ujahr;umonat;ustunde;uwochentag;ukategorie;uart;utyp1;ulichtverh;istrad;istpkw;istfuss;istkrad;istgkfz;istsonstige;ustrzustand;geometry
8;2019;7;18;4;3;5;3;0;0;1;0;0;0;0;0;POINT (13.45733 52.43109)
1;2019;7;22;4;2;0;1;2;0;0;0;0;0;1;0;POINT (13.39033 52.50783)
6;2019;7;23;4;3;5;3;2;0;1;0;1;0;0;0;POINT (13.36503 52.42407)
7;2019;7;13;4;3;5;2;0;1;1;0;0;0;0;0;POINT (13.34499 52.48461)
5;2019;7;8;4;3;6;4;0;0;0;1;0;1;0;0;POINT (13.15728 52.53301)
7;2019;7;8;4;3;5;2;0;1;0;0;0;1;0;0;POINT (13.33959 52.49758)
4;2019;7;12;4;3;1;5;0;1;0;0;0;0;1;0;POINT (13.21048 52.50135)
1;2019;7;12;4;3;3;6;0;0;1;0;1;0;0;0;POINT (13.35171 52.50877)
1;2019;7;12;4;2;5;3;0;0;1;0;1;0;0;0;POINT (13.37696 52.55805)
11;2019;7;12;4;3;5;2;0;1;1;0;0;0;0;0;POINT (13.50731 52.56417)
9;2019;7;8;4;2;5;2;0;1;1;0;0;0;0;0;POINT (13.5527 52.43065)
2;2019;7;10;4;2;5;2;0;0;1;0;0;0;1;0;POINT (13.3952 52.49617)
2;2019;7;10;4;2;0;6;0;0;1;0;0;0;1;0;POINT (13.40705 52.50468)
7;2019;7;7;4;3;2;6;0;0;0;0;1;1;0;0;POINT (13.37762 52.45289)
3;2019;7;7;4;3;5;3;0;1;0;0;0;0;1;0;POINT (13.42737 52.55249)
9;2019;7;7;4;3;5;2;0;1;1;0;0;0;0;0;POINT (13.44687 52.49398)
12;2019;7;6;4;3;0;7;0;0;1;0;1;0;0;1;POINT (13.37702 52.56071)
1;2019;7;10;4;3;5;3;0;0;1;0;0;0;0;0;POINT (13.34721 52.50549)
2;2019;7;9;4;3;1;5;0;0;1;0;0;0;0;0;POINT (13.42219 52.49159)
6;2019;7;9;4;3;0;3;0;1;0;0;0;0;0;0;POINT (13.17647 52.42094)
4;2019;7;9;4;2;5;3;0;1;1;0;0;0;0;0;POINT (13.29364 52.50544)
2;2019;7;8;4;2;0;1;0;0;1;0;0;0;0;0;POINT (13.39039 52.50671)
1;2019;7;17;4;3;0;6;0;0;1;0;0;0;1;0;POINT (13.34978 52.50326)
5;2019;7;9;4;1;3;6;0;1;0;0;0;1;0;0;POINT (13.21499 52.56371)
4;2019;7;17;3;3;5;2;0;1;1;0;0;0;0;0;POINT (13.33861 52.50526)
1;2019;7;17;3;3;2;6;0;1;1;0;0;0;0;0;POINT (13.37173 52.54204)
10;2019;7;16;3;3;5;3;0;1;1;0;0;0;0;0;POINT (13.60023 52.52608)
7;2019;7;15;3;3;2;6;0;0;1;0;0;0;0;0;POINT (13.3625 52.49787)
8;2019;7;15;3;3;5;7;0;0;1;0;0;0;0;0;POINT (13.4368 52.44863)
6;2019;7;15;3;2;5;2;0;0;1;0;0;0;0;0;POINT (13.3097 52.43147)
7;2019;7;17;3;3;1;5;0;1;1;0;0;0;0;0;POINT (13.36679 52.48509)
8;2019;7;15;3;3;0;6;0;0;1;0;0;0;1;0;POINT (13.43996 52.4242)
2;2019;7;14;3;3;2;6;0;0;1;0;1;0;1;0;POINT (13.44355 52.52508)
8;2019;7;13;3;3;2;7;0;1;0;0;0;0;1;0;POINT (13.49512 52.41271)
9;2019;7;12;3;2;0;4;0;0;0;1;0;0;1;0;POINT (13.56559 52.44528)
2;2019;7;11;3;3;5;2;0;1;1;0;0;0;0;0;POINT (13.39782 52.49074)
6;2019;7;11;3;3;0;1;0;1;0;0;0;0;0;0;POINT (13.34295 52.4454)
7;2019;7;10;3;3;5;2;0;0;1;0;1;0;0;0;POINT (13.37221 52.45557)
7;2019;7;9;3;2;5;2;0;1;0;0;1;0;0;0;POINT (13.35596 52.48609)
9;2019;7;9;3;3;2;3;0;1;1;0;0;0;0;0;POINT (13.71834 52.43149)
2;2019;7;8;3;3;5;3;0;1;1;0;0;0;0;0;POINT (13.41097 52.5039)
12;2019;7;23;3;2;2;6;2;0;1;0;0;0;1;0;POINT (13.30688 52.55491)
4;2019;7;20;3;2;1;1;0;0;1;0;0;0;0;0;POINT (13.31154 52.5477)
8;2019;7;19;3;3;5;3;0;0;1;0;0;0;0;0;POINT (13.48709 52.4229)
1;2019;7;19;3;2;0;6;0;1;1;0;0;0;0;0;POINT (13.37552 52.54852)
3;2019;7;6;3;3;0;3;0;0;1;0;1;0;0;0;POINT (13.43373 52.56032)
3;2019;7;6;3;3;5;3;0;1;1;0;0;0;0;0;POINT (13.43643 52.54853)
11;2019;7;5;3;3;5;3;0;1;1;0;0;0;0;0;POINT (13.50498 52.51081)
2;2019;7;1;3;2;0;1;2;0;0;0;0;0;1;0;POINT (13.46127 52.50857)
6;2019;7;15;3;3;5;2;0;0;1;0;0;0;1;0;POINT (13.31337 52.43537)
2;2019;7;9;2;2;0;2;0;1;1;0;0;0;0;0;POINT (13.44329 52.50037)
2;2019;7;16;2;3;5;2;0;1;0;0;0;0;0;0;POINT (13.44061 52.51702)
2;2019;7;18;2;3;5;2;0;1;1;0;0;0;0;0;POINT (13.40791 52.50444)
3;2019;7;17;2;3;5;7;0;1;1;0;0;0;0;0;POINT (13.46254 52.54976)
9;2019;7;17;2;2;5;3;0;0;1;0;1;0;0;0;POINT (13.50949 52.46346)
8;2019;7;17;2;3;1;5;0;1;1;0;0;0;1;0;POINT (13.43842 52.4846)
9;2019;7;16;2;3;2;7;0;0;1;0;0;0;0;0;POINT (13.60816 52.45317)
2;2019;7;2;2;3;1;1;2;0;1;0;0;0;0;0;POINT (13.39821 52.49509)
10;2019;7;14;2;3;2;6;0;0;1;0;0;0;1;0;POINT (13.51672 52.53531)
5;2019;7;14;2;3;5;2;0;0;1;0;0;0;0;0;POINT (13.18457 52.51555)
12;2019;7;13;2;3;1;5;0;0;1;0;1;0;0;0;POINT (13.24268 52.61626)
4;2019;7;13;2;3;1;5;0;1;1;0;0;0;0;0;POINT (13.33456 52.4966)
8;2019;7;13;2;3;5;3;0;1;1;0;0;0;0;0;POINT (13.49564 52.41775)
7;2019;7;12;2;3;5;3;0;0;1;0;0;0;0;0;POINT (13.39938 52.45299)
4;2019;7;12;2;3;2;6;0;0;1;0;0;0;0;0;POINT (13.28207 52.5338)
2;2019;7;12;2;3;5;2;0;1;0;0;0;1;0;0;POINT (13.45206 52.51068)
4;2019;7;10;2;3;6;4;0;0;1;1;0;0;0;0;POINT (13.30946 52.49525)
4;2019;7;10;2;3;5;2;0;1;1;0;0;0;0;0;POINT (13.30547 52.47979)
1;2019;7;18;2;3;4;6;0;1;0;0;0;0;1;0;POINT (13.40306 52.51669)
2;2019;7;9;2;3;6;7;0;0;1;1;0;0;0;0;POINT (13.39762 52.49506)
8;2019;7;19;2;3;0;3;0;1;0;0;0;0;0;0;POINT (13.44091 52.48646)
3;2019;7;19;2;3;5;2;0;1;1;0;0;0;0;0;POINT (13.45737 52.52923)
9;2019;7;6;2;2;3;6;0;0;1;0;0;0;0;0;POINT (13.55934 52.44479)
9;2019;7;18;2;3;2;6;0;0;1;0;0;0;1;0;POINT (13.5487 52.4277)
9;2019;7;18;2;2;0;1;0;0;0;0;1;0;0;0;POINT (13.51347 52.42766)
9;2019;7;18;2;3;5;3;0;1;0;0;0;0;1;0;POINT (13.58536 52.4111)
3;2019;7;16;2;3;5;3;0;1;1;0;0;0;0;0;POINT (13.38064 52.6341)
4;2019;7;16;2;3;2;2;0;0;1;0;1;0;0;0;POINT (13.29012 52.51902)
2;2019;7;16;2;3;0;1;0;1;0;0;0;0;0;0;POINT (13.41913 52.48761)
4;2019;7;15;2;3;2;6;0;1;1;0;0;0;0;0;POINT (13.32482 52.49798)
5;2019;7;15;2;3;3;6;0;1;0;0;0;0;1;0;POINT (13.21335 52.56099)
1;2019;7;15;2;3;0;6;0;0;0;0;0;0;1;0;POINT (13.34916 52.55198)
2;2019;7;17;2;3;2;6;0;0;1;0;1;0;0;0;POINT (13.42825 52.51812)
8;2019;7;21;2;3;3;6;0;1;1;0;0;0;0;0;POINT (13.4332 52.48914)
11;2019;7;13;2;3;2;6;0;0;1;0;0;0;0;0;POINT (13.46754 52.547)
9;2019;7;8;2;3;1;1;0;0;1;0;1;0;0;0;POINT (13.54842 52.45698)
11;2019;7;16;1;3;2;6;0;0;1;0;0;0;0;0;POINT (13.51564 52.55175)
5;2019;7;17;1;3;5;2;0;0;1;0;1;0;0;0;POINT (13.20126 52.51212)
1;2019;7;16;1;3;2;2;0;0;0;0;1;0;1;0;POINT (13.38071 52.51663)
6;2019;7;15;1;3;1;5;0;0;1;0;0;1;0;0;POINT (13.23549 52.43592)
2;2019;7;21;1;2;5;2;2;1;1;0;0;0;0;0;POINT (13.43537 52.51471)
8;2019;7;17;1;3;2;6;0;0;1;0;1;0;0;0;POINT (13.42789 52.42087)
6;2019;7;19;1;3;0;1;0;0;0;0;1;0;0;0;POINT (13.32435 52.45594)
8;2019;7;15;1;3;2;6;0;0;1;0;0;0;0;0;POINT (13.45303 52.47018)
12;2019;7;15;1;2;6;4;0;0;1;1;0;0;1;0;POINT (13.29447 52.57645)
1;2019;7;13;1;3;5;3;0;0;1;0;0;0;0;0;POINT (13.39165 52.52201)
6;2019;7;12;1;3;5;3;0;0;1;0;0;0;0;0;POINT (13.2486 52.42707)
2;2019;7;21;1;3;1;5;2;0;1;0;0;0;0;0;POINT (13.41559 52.48793)
1;2019;7;12;1;3;3;6;0;1;0;0;0;1;0;0;POINT (13.38137 52.53192)
1;2019;7;10;1;3;3;6;0;1;0;0;0;1;0;0;POINT (13.32972 52.5228)
4;2019;7;10;1;3;5;3;0;0;1;0;0;0;0;0;POINT (13.26702 52.51432)
1;2019;7;10;1;3;2;6;0;0;1;0;0;0;0;0;POINT (13.40933 52.52864)
9;2019;7;10;1;3;3;6;0;0;1;0;0;1;0;0;POINT (13.53044 52.44285)
9;2019;7;9;1;3;5;3;0;1;1;0;0;0;0;0;POINT (13.5039 52.46084)
6;2019;7;8;1;3;5;3;0;1;1;0;0;0;0;1;POINT (13.19323 52.43368)
7;2019;7;8;1;3;2;6;0;0;1;0;0;0;0;0;POINT (13.40979 52.45533)
5;2019;7;6;1;3;0;6;0;0;1;0;1;0;0;0;POINT (13.13341 52.55378)
1;2019;7;9;1;3;5;7;0;1;1;0;0;0;0;0;POINT (13.34911 52.5234)
1;2019;7;12;7;3;2;6;0;0;1;0;0;0;0;0;POINT (13.37411 52.55684)
1;2019;7;18;7;3;0;1;0;1;0;0;0;0;0;0;POINT (13.35722 52.52372)
3;2019;7;14;7;3;3;6;0;0;1;0;0;0;1;0;POINT (13.43669 52.545)
2;2019;7;1;7;3;9;1;2;0;1;0;0;0;0;1;POINT (13.44285 52.50101)
1;2019;7;1;7;3;0;1;2;1;0;0;0;0;0;1;POINT (13.40318 52.53198)
2;2019;7;21;7;2;0;3;1;0;1;0;1;0;0;0;POINT (13.42497 52.50205)
2;2019;7;19;7;3;0;7;0;0;0;0;0;0;1;0;POINT (13.44608 52.51287)
5;2019;7;18;7;3;2;6;0;0;1;0;0;0;0;0;POINT (13.11938 52.52899)
8;2019;7;17;7;3;6;4;0;0;0;1;1;0;0;0;POINT (13.42907 52.47163)
10;2019;7;10;7;3;8;1;0;0;1;0;0;0;0;0;POINT (13.60227 52.47909)
1;2019;7;20;7;3;6;4;1;1;0;1;0;0;0;0;POINT (13.35845 52.55401)
12;2019;7;13;6;3;0;3;0;0;1;0;1;0;0;0;POINT (13.32607 52.56182)
2;2019;7;15;6;3;0;1;0;0;1;0;0;0;0;1;POINT (13.45016 52.50747)
9;2019;7;3;6;2;9;1;1;0;0;0;1;0;0;0;POINT (13.46325 52.45453)
4;2019;7;0;6;3;3;6;2;0;1;0;0;0;0;0;POINT (13.33094 52.50527)
6;2019;7;18;6;3;3;6;0;1;1;0;0;0;0;1;POINT (13.28343 52.45192)
7;2019;7;23;6;3;6;4;2;0;1;1;0;0;0;1;POINT (13.36283 52.49417)
7;2019;7;22;6;2;0;2;2;0;1;0;1;0;0;1;POINT (13.41242 52.39439)
10;2019;7;21;6;3;5;2;2;1;1;0;0;0;0;1;POINT (13.56299 52.51421)
8;2019;7;21;6;3;6;2;1;0;1;1;0;0;0;1;POINT (13.44054 52.47384)
2;2019;7;19;6;3;5;7;0;0;1;0;1;0;0;0;POINT (13.41897 52.50372)
9;2019;7;18;6;2;5;7;0;0;1;0;0;0;0;0;POINT (13.57041 52.44081)
1;2019;7;17;6;3;6;2;0;0;1;1;0;0;0;0;POINT (13.38398 52.52983)
6;2019;7;16;6;3;2;6;0;1;1;0;0;0;0;1;POINT (13.34066 52.44568)
1;2019;7;16;6;3;1;5;0;0;1;0;0;0;0;1;POINT (13.38562 52.55562)
7;2019;7;15;6;3;0;1;0;0;1;0;1;0;0;1;POINT (13.3639 52.48834)
1;2019;7;14;6;3;5;3;0;1;1;0;0;0;0;1;POINT (13.33491 52.56005)
12;2019;7;14;6;3;2;6;0;0;1;0;0;0;0;0;POINT (13.21732 52.6114)
6;2019;7;14;6;3;6;4;0;0;1;1;0;0;0;0;POINT (13.14498 52.41489)
5;2019;7;13;6;3;5;2;0;0;1;0;1;0;0;0;POINT (13.18292 52.54787)
5;2019;7;13;6;3;5;3;0;0;1;0;0;0;0;0;POINT (13.18863 52.55645)
11;2019;7;13;6;3;0;1;0;1;0;0;0;0;0;0;POINT (13.47588 52.52036)
7;2019;7;12;6;3;5;2;0;1;1;0;0;0;0;0;POINT (13.36286 52.48891)
8;2019;7;12;6;3;5;2;0;0;1;0;0;0;0;0;POINT (13.45013 52.47669)
4;2019;7;11;6;3;2;3;0;0;1;0;0;0;0;0;POINT (13.32095 52.48399)
6;2019;7;8;6;3;0;2;0;1;1;0;0;0;0;0;POINT (13.28336 52.45885)
1;2019;7;7;6;3;6;2;0;0;1;1;0;0;0;0;POINT (13.34301 52.52551)
4;2019;7;10;6;3;3;6;0;1;1;0;0;0;0;0;POINT (13.32044 52.50168)
9;2019;7;12;6;3;2;6;0;0;1;0;0;0;1;0;POINT (13.50825 52.45076)
10;2019;7;8;5;2;5;3;0;1;1;0;0;0;0;1;POINT (13.60219 52.4833)
4;2019;7;14;5;3;1;5;0;0;1;0;0;0;0;0;POINT (13.33102 52.50165)
10;2019;7;10;5;3;5;3;0;0;1;0;0;0;0;1;POINT (13.5596 52.49931)
7;2019;7;11;5;3;6;7;0;0;1;1;0;0;0;0;POINT (13.34357 52.47998)
8;2019;7;21;5;3;0;5;2;0;1;0;0;0;0;0;POINT (13.43337 52.48084)
3;2019;7;17;5;3;5;2;0;1;1;0;0;0;0;0;POINT (13.40861 52.55395)
1;2019;7;17;5;3;3;6;0;1;0;0;0;0;1;1;POINT (13.36603 52.52509)
6;2019;7;17;5;3;5;2;0;1;1;0;0;0;0;0;POINT (13.25617 52.42881)
10;2019;7;17;3;3;2;2;0;0;1;0;0;0;0;0;POINT (13.57134 52.54592)
4;2019;7;8;3;3;5;3;0;1;0;0;0;0;1;0;POINT (13.32881 52.47885)
5;2019;7;15;5;3;5;2;0;1;1;0;0;0;0;1;POINT (13.1538 52.55399)
6;2019;7;14;5;3;2;6;0;0;1;0;0;0;0;0;POINT (13.31163 52.43355)
3;2019;7;14;5;2;5;3;0;0;1;0;1;0;0;1;POINT (13.50308 52.63657)
1;2019;7;14;5;3;2;6;0;0;1;0;0;0;0;1;POINT (13.38561 52.55015)
12;2019;7;14;5;3;2;2;0;0;1;0;0;0;1;1;POINT (13.28433 52.57564)
12;2019;7;13;5;3;2;6;0;0;1;0;0;0;0;1;POINT (13.33926 52.59652)
1;2019;7;12;5;3;2;6;0;0;1;0;0;0;0;1;POINT (13.34141 52.52554)
2;2019;7;12;5;3;6;7;0;1;0;0;0;0;1;1;POINT (13.44644 52.50238)
10;2019;7;16;5;3;2;6;0;0;1;0;0;0;0;0;POINT (13.58329 52.54908)
10;2019;7;12;5;3;5;3;0;0;1;0;0;0;1;1;POINT (13.51907 52.53274)
10;2019;7;12;5;3;5;3;0;1;1;0;0;0;0;1;POINT (13.59287 52.54835)
7;2019;7;11;5;3;5;2;0;0;1;0;0;0;0;0;POINT (13.35024 52.41429)
12;2019;7;10;5;2;5;3;0;0;1;0;0;0;0;1;POINT (13.33998 52.58817)
7;2019;7;10;5;3;0;1;0;1;0;0;0;0;0;1;POINT (13.36727 52.49343)
11;2019;7;12;5;3;1;5;0;1;1;0;0;0;0;1;POINT (13.47876 52.50183)
12;2019;7;10;5;3;8;1;0;0;1;0;0;0;0;1;POINT (13.28482 52.59587)
3;2019;7;16;5;3;2;6;0;0;1;0;0;0;0;1;POINT (13.41758 52.57239)
4;2019;7;15;5;3;5;7;0;0;1;0;0;0;0;1;POINT (13.32783 52.50552)
1;2019;7;10;5;3;0;1;0;0;0;0;1;0;0;1;POINT (13.35228 52.50566)
3;2019;7;10;5;3;0;3;0;0;1;0;1;0;0;1;POINT (13.49807 52.62828)
7;2019;7;9;5;3;1;5;0;1;1;0;0;0;0;1;POINT (13.33276 52.47685)
4;2019;7;9;5;3;2;6;0;0;1;0;0;0;1;1;POINT (13.32017 52.48429)
5;2019;7;8;5;3;2;6;0;0;1;0;0;0;0;1;POINT (13.20037 52.55541)
1;2019;7;9;5;3;0;7;0;1;1;0;0;0;0;0;POINT (13.3999 52.51298)
7;2019;7;8;5;2;9;1;0;0;1;0;0;0;0;1;POINT (13.41634 52.45161)
4;2019;7;8;5;3;0;1;0;0;0;0;1;0;0;1;POINT (13.29672 52.49754)
7;2019;7;8;5;3;5;2;0;0;1;0;0;0;1;1;POINT (13.36681 52.44967)
1;2019;7;7;5;3;2;6;0;0;1;0;0;1;0;1;POINT (13.36165 52.50552)
10;2019;7;7;5;3;5;3;0;0;1;0;0;0;0;1;POINT (13.59162 52.54147)
12;2019;7;7;5;3;2;6;0;0;1;0;0;0;0;1;POINT (13.28474 52.59597)
1;2019;7;6;5;2;5;2;0;0;1;0;1;0;0;1;POINT (13.39891 52.53262)
5;2019;7;6;5;3;5;3;0;0;1;0;0;0;0;1;POINT (13.19795 52.51946)
2;2019;7;1;5;3;0;3;2;1;1;0;0;0;0;0;POINT (13.39642 52.49103)
4;2019;7;16;5;3;2;7;0;1;1;0;0;0;0;0;POINT (13.31391 52.50652)
2;2019;7;9;4;3;5;2;0;1;0;0;0;0;0;0;POINT (13.38568 52.49659)
2;2019;7;14;4;3;6;7;0;0;0;1;0;0;1;0;POINT (13.45174 52.51259)
2;2019;7;14;4;3;6;4;0;1;0;1;0;0;0;0;POINT (13.43093 52.50986)
5;2019;7;14;4;3;5;3;0;0;1;0;1;0;0;0;POINT (13.19861 52.53335)
3;2019;7;14;4;3;2;6;0;0;1;0;0;0;0;0;POINT (13.43029 52.58885)
7;2019;7;22;4;3;5;2;2;1;1;0;0;0;0;1;POINT (13.38544 52.4661)
1;2019;7;13;4;3;6;4;0;1;0;1;0;0;0;0;POINT (13.37456 52.54234)
4;2019;7;19;4;2;0;7;0;1;0;0;0;0;0;0;POINT (13.28925 52.51896)
1;2019;7;13;4;3;6;6;0;1;0;1;0;0;0;0;POINT (13.38328 52.51141)
2;2019;7;20;4;3;2;6;0;0;1;0;1;0;0;0;POINT (13.46517 52.49818)
1;2019;7;19;4;3;6;4;0;0;1;1;0;0;0;0;POINT (13.38652 52.54961)
2;2019;7;13;4;3;2;7;0;0;1;0;1;0;0;0;POINT (13.45132 52.52609)
2;2019;7;20;4;3;5;3;0;1;0;0;0;0;0;0;POINT (13.43442 52.50414)
10;2019;7;12;4;3;0;3;0;0;1;0;1;0;0;0;POINT (13.5658 52.54485)
4;2019;7;12;4;2;5;3;0;0;1;0;0;0;0;0;POINT (13.32042 52.47676)
5;2019;7;11;4;3;5;2;0;0;1;0;1;0;0;0;POINT (13.19261 52.5309)
2;2019;7;10;4;3;5;2;0;1;1;0;0;0;0;0;POINT (13.46286 52.51503)
9;2019;7;9;4;2;2;6;0;0;1;0;0;0;0;0;POINT (13.48219 52.4815)
1;2019;7;9;4;3;5;2;0;0;1;0;0;0;0;0;POINT (13.36028 52.5373)
8;2019;7;17;4;2;1;5;0;1;1;0;0;0;0;0;POINT (13.43259 52.48851)
7;2019;7;8;4;3;5;2;0;1;1;0;0;0;0;0;POINT (13.34519 52.4903)
2;2019;7;8;4;3;6;2;0;0;1;1;0;0;0;0;POINT (13.38885 52.49947)
9;2019;7;9;4;3;5;2;0;1;1;0;0;0;0;0;POINT (13.47535 52.47581)
8;2019;7;23;4;3;9;1;2;0;1;0;0;0;0;1;POINT (13.43479 52.47863)
12;2019;7;23;4;3;0;1;2;1;0;0;0;0;0;0;POINT (13.29446 52.60092)
8;2019;7;22;4;3;1;5;2;1;1;0;0;0;0;1;POINT (13.42797 52.47373)
7;2019;7;17;4;3;6;7;0;0;1;1;0;0;0;0;POINT (13.3865 52.44561)
11;2019;7;14;4;3;0;1;0;0;0;0;1;0;0;0;POINT (13.50027 52.51064)
5;2019;7;21;3;3;1;5;1;0;1;0;0;1;0;0;POINT (13.23822 52.52676)
7;2019;7;21;3;2;5;3;1;1;0;0;0;0;1;0;POINT (13.42191 52.46245)
2;2019;7;21;3;3;5;3;1;1;1;0;0;0;0;1;POINT (13.39962 52.49438)
1;2019;7;21;3;3;0;1;2;0;0;0;1;0;0;1;POINT (13.38619 52.53136)
1;2019;7;21;3;3;5;3;2;1;1;0;0;0;0;1;POINT (13.39022 52.50768)
4;2019;7;20;3;3;3;6;0;1;1;0;0;0;0;0;POINT (13.32419 52.50225)
5;2019;7;20;3;2;9;1;0;0;0;0;1;0;0;0;POINT (13.1259 52.53556)
1;2019;7;20;3;3;5;2;0;1;1;0;0;0;0;0;POINT (13.39074 52.517)
11;2019;7;19;3;3;5;3;0;0;1;0;0;0;0;0;POINT (13.48533 52.52674)
2;2019;7;19;3;3;0;2;0;0;1;0;1;0;0;0;POINT (13.40396 52.49537)
10;2019;7;18;3;3;5;7;0;0;1;0;0;0;0;0;POINT (13.51975 52.52586)
6;2019;7;18;3;3;0;6;0;1;0;0;0;0;1;0;POINT (13.32542 52.46187)
8;2019;7;17;3;3;5;2;0;1;1;0;0;0;0;0;POINT (13.4481 52.47779)
1;2019;7;17;3;3;5;2;0;1;1;0;0;0;0;0;POINT (13.382 52.51394)
10;2019;7;15;3;3;5;2;0;0;1;0;0;0;0;0;POINT (13.56396 52.51884)
3;2019;7;14;3;3;5;3;0;1;0;0;0;0;1;0;POINT (13.45794 52.52882)
1;2019;7;14;3;3;2;7;0;1;1;0;0;0;0;0;POINT (13.37417 52.54365)
12;2019;7;13;3;3;3;6;0;0;1;0;0;0;0;0;POINT (13.30495 52.55285)
12;2019;7;13;3;3;1;5;0;0;1;0;0;0;0;0;POINT (13.23637 52.61175)
8;2019;7;11;3;3;2;6;0;0;1;0;0;1;0;0;POINT (13.42736 52.47486)
9;2019;7;10;3;2;6;4;0;0;1;1;0;0;0;0;POINT (13.53954 52.45082)
3;2019;7;7;3;3;1;5;0;0;1;0;0;0;1;0;POINT (13.42086 52.56597)
3;2019;7;10;3;3;2;6;0;0;1;0;0;0;0;0;POINT (13.4447 52.57928)
3;2019;7;9;3;3;3;6;0;0;1;0;1;0;0;0;POINT (13.41361 52.55394)
1;2019;7;10;3;3;5;3;0;0;1;0;1;0;0;0;POINT (13.37863 52.52857)
8;2019;7;3;6;3;2;6;2;1;1;0;0;0;0;0;POINT (13.43951 52.48208)
2;2019;7;3;6;2;0;1;2;0;0;0;1;0;0;0;POINT (13.39237 52.49213)
5;2019;7;2;6;2;0;1;2;0;1;0;0;0;0;0;POINT (13.26646 52.53371)
1;2019;7;22;5;2;5;3;2;1;0;0;0;0;0;0;POINT (13.34459 52.50646)
4;2019;7;14;6;3;5;2;0;1;1;0;0;0;0;0;POINT (13.32657 52.5194)
4;2019;7;14;6;2;3;6;0;1;1;0;0;0;0;0;POINT (13.30328 52.50986)
1;2019;7;13;6;3;0;2;0;0;1;0;1;0;0;0;POINT (13.35638 52.53589)
9;2019;7;22;6;3;6;4;2;1;0;1;0;0;0;0;POINT (13.44179 52.49099)
1;2019;7;13;6;2;0;7;0;0;1;1;0;0;1;0;POINT (13.39048 52.51216)
1;2019;7;12;6;2;2;2;0;1;1;0;0;0;0;0;POINT (13.3432 52.53194)
2;2019;7;21;6;3;5;2;1;1;1;0;0;0;0;0;POINT (13.43017 52.51014)
5;2019;7;12;6;2;5;2;0;0;1;0;0;0;0;0;POINT (13.18883 52.5217)
12;2019;7;12;6;3;5;2;0;1;1;0;0;0;0;0;POINT (13.31621 52.61387)
6;2019;7;12;6;3;5;2;0;1;1;0;0;0;0;0;POINT (13.23725 52.46928)
12;2019;7;12;6;3;4;5;0;0;1;0;0;0;1;0;POINT (13.34358 52.57363)
10;2019;7;19;6;3;3;6;0;0;1;0;1;0;0;0;POINT (13.56402 52.51887)
8;2019;7;11;6;3;0;1;0;0;0;0;1;0;0;0;POINT (13.47668 52.42564)
1;2019;7;11;6;3;1;5;0;1;0;0;0;0;1;0;POINT (13.39063 52.53184)
3;2019;7;11;6;3;5;2;0;0;1;0;0;0;0;0;POINT (13.4292 52.55636)
9;2019;7;11;6;3;5;3;0;0;1;0;0;0;0;0;POINT (13.48397 52.47416)
1;2019;7;11;6;2;5;3;0;1;1;0;0;0;0;0;POINT (13.34579 52.50396)
11;2019;7;10;6;3;5;3;0;1;0;0;0;0;1;0;POINT (13.5247 52.47859)
9;2019;7;8;6;3;0;6;0;0;0;0;1;0;1;0;POINT (13.5454 52.42581)
2;2019;7;4;6;3;5;3;1;0;1;0;0;0;0;0;POINT (13.42642 52.51586)
4;2019;7;7;5;3;3;6;0;1;0;0;0;0;1;0;POINT (13.27912 52.52523)
9;2019;7;6;5;3;3;6;0;1;0;0;0;0;1;0;POINT (13.5089 52.4525)
11;2019;7;16;5;3;5;2;0;1;1;0;0;0;0;0;POINT (13.50764 52.5643)
3;2019;7;16;5;3;5;3;0;1;1;0;0;0;0;0;POINT (13.39022 52.58518)
6;2019;7;15;5;3;2;6;0;0;1;0;1;0;0;0;POINT (13.33316 52.45239)
11;2019;7;15;5;2;0;1;0;0;0;0;0;0;1;0;POINT (13.53351 52.48173)
6;2019;7;15;5;2;5;7;0;0;0;0;1;0;1;0;POINT (13.26009 52.43429)
2;2019;7;15;5;2;5;3;0;1;0;0;0;0;1;0;POINT (13.43689 52.49571)
7;2019;7;13;5;3;2;6;0;0;1;0;0;0;1;0;POINT (13.34879 52.50209)
3;2019;7;13;5;3;5;3;0;0;1;0;0;0;0;0;POINT (13.47699 52.56322)
4;2019;7;13;5;3;2;6;0;0;1;0;1;0;0;0;POINT (13.3261 52.53872)
9;2019;7;13;5;3;5;2;0;1;1;0;0;0;0;0;POINT (13.50623 52.45387)
8;2019;7;12;5;2;2;6;0;0;1;0;0;0;0;0;POINT (13.43492 52.44018)
2;2019;7;12;5;3;0;7;0;1;0;0;0;0;0;0;POINT (13.40776 52.48835)
4;2019;7;11;5;3;6;7;0;0;1;1;0;0;0;0;POINT (13.28627 52.50982)
7;2019;7;11;5;3;3;6;0;0;1;0;1;0;0;0;POINT (13.39892 52.41397)
2;2019;7;10;5;3;5;2;0;1;0;0;0;1;0;0;POINT (13.43018 52.50652)
3;2019;7;22;5;3;5;3;2;1;1;0;0;0;0;0;POINT (13.456 52.53087)
7;2019;7;21;5;3;5;2;2;0;1;0;0;0;0;0;POINT (13.3721 52.4698)
9;2019;7;21;5;2;5;3;1;1;1;0;0;0;0;0;POINT (13.45423 52.49393)
2;2019;7;20;5;3;5;3;0;1;1;0;0;0;0;0;POINT (13.43014 52.51016)
7;2019;7;19;5;3;5;2;0;0;1;0;0;0;0;0;POINT (13.38559 52.47156)
4;2019;7;1;5;3;5;3;2;0;1;0;0;0;0;0;POINT (13.31116 52.5005)
8;2019;7;19;5;3;5;7;0;1;1;0;0;0;0;0;POINT (13.45418 52.42973)
11;2019;7;10;5;3;6;4;0;0;1;1;0;0;0;0;POINT (13.52556 52.482)
5;2019;7;9;5;3;0;6;0;0;0;0;0;0;1;0;POINT (13.19653 52.53066)
11;2019;7;9;5;3;5;2;0;1;1;0;0;0;0;0;POINT (13.485 52.53344)
1;2019;7;9;5;3;5;3;0;0;1;0;0;0;1;0;POINT (13.3878 52.52249)
1;2019;7;8;5;2;5;3;0;1;1;0;0;0;0;0;POINT (13.35685 52.54233)
7;2019;7;8;5;3;4;6;0;1;1;0;0;0;0;0;POINT (13.33025 52.4692)
11;2019;7;7;5;3;5;3;0;1;1;0;0;0;0;0;POINT (13.49709 52.50081)
9;2019;7;6;5;3;1;1;0;0;1;0;0;0;0;0;POINT (13.57713 52.46195)
2;2019;7;6;5;3;5;2;0;1;1;0;0;0;0;0;POINT (13.4663 52.50048)
1;2019;7;15;5;3;3;6;0;0;1;0;0;0;1;0;POINT (13.3858 52.51681)
8;2019;7;11;4;3;0;3;0;1;1;0;0;0;0;0;POINT (13.42715 52.4213)