bez;ujahr;umonat;ustunde;uwochentag;ukategorie;uart;utyp1;ulichtverh;istrad;istpkw;istfuss;istkrad;istgkfz;istsonstige;ustrzustand;geometry
8;2019;7;21;4;2;9;1;2;0;0;0;1;0;0;0;POINT (13.4637 52.46987)
1;2019;7;21;4;3;6;4;0;1;0;1;0;0;0;0;POINT (13.40794 52.51876)
1;2019;7;20;4;3;5;2;0;0;1;0;0;0;1;0;POINT (13.3588 52.55403)
4;2019;7;19;4;3;5;3;0;1;1;0;0;0;0;0;POINT (13.33144 52.50302)
6;2019;7;18;4;3;5;3;0;0;1;0;1;0;0;0;POINT (13.23384 52.43863)
8;2019;7;18;4;3;5;2;0;0;1;0;0;0;0;0;POINT (13.42585 52.41363)
11;2019;7;16;4;3;0;7;0;0;1;0;0;0;1;0;POINT (13.46894 52.54328)
2;2019;7;15;4;3;5;2;0;1;0;0;0;0;1;0;POINT (13.41627 52.49102)
1;2019;7;18;4;3;5;3;0;1;1;0;0;0;0;0;POINT (13.39035 52.50774)
2;2019;7;15;4;3;2;6;0;0;1;0;0;0;0;0;POINT (13.42809 52.51784)
1;2019;7;17;4;3;5;7;0;1;0;0;0;0;1;0;POINT (13.33002 52.52379)
1;2019;7;15;4;3;5;2;0;0;1;0;1;0;0;0;POINT (13.36914 52.54841)
1;2019;7;17;4;3;5;7;0;1;1;0;0;0;0;0;POINT (13.3895 52.51281)
1;2019;7;15;4;3;6;7;0;0;1;1;0;0;0;0;POINT (13.37985 52.55277)
4;2019;7;15;4;3;6;3;0;0;1;1;0;0;0;0;POINT (13.3318 52.49316)
8;2019;7;17;4;3;5;3;0;1;0;0;0;0;0;0;POINT (13.44196 52.4859)
8;2019;7;14;4;3;1;5;0;0;1;0;0;0;1;0;POINT (13.43495 52.44714)
7;2019;7;16;4;2;5;3;0;1;1;0;0;0;0;0;POINT (13.34725 52.4705)
12;2019;7;14;4;3;0;5;0;0;1;0;0;0;1;0;POINT (13.33624 52.61114)
9;2019;7;13;4;3;1;1;0;1;1;0;0;0;0;0;POINT (13.62176 52.44644)
1;2019;7;11;4;3;3;2;0;0;1;0;0;0;0;0;POINT (13.35054 52.51384)
7;2019;7;11;4;3;5;2;0;0;1;0;0;1;0;0;POINT (13.39273 52.41267)
1;2019;7;11;4;3;6;2;0;0;0;1;0;0;1;0;POINT (13.32845 52.5274)
9;2019;7;11;4;3;2;6;0;0;1;0;0;0;1;0;POINT (13.5539 52.43153)
7;2019;7;11;4;3;2;6;0;0;1;0;0;0;1;0;POINT (13.38469 52.47241)
1;2019;7;10;4;3;5;3;0;0;1;0;0;0;1;0;POINT (13.37936 52.52421)
1;2019;7;10;4;3;1;5;0;1;1;0;0;0;0;0;POINT (13.37591 52.50696)
11;2019;7;10;4;3;1;1;0;0;1;0;0;0;0;0;POINT (13.50015 52.5093)
11;2019;7;9;4;2;5;2;0;0;0;0;1;0;1;0;POINT (13.51968 52.55314)
3;2019;7;9;4;3;2;6;0;0;1;0;0;0;0;0;POINT (13.42917 52.57198)
1;2019;7;9;4;3;5;3;0;1;1;0;0;0;0;0;POINT (13.41966 52.50609)
4;2019;7;7;4;3;5;3;0;1;1;0;0;0;0;0;POINT (13.29357 52.4716)
7;2019;7;5;4;3;0;1;1;0;0;0;0;0;1;0;POINT (13.37774 52.47444)
5;2019;7;3;4;2;1;1;2;0;1;0;0;0;0;0;POINT (13.15044 52.54475)
3;2019;7;17;4;3;6;2;0;0;1;1;0;0;0;0;POINT (13.45894 52.55016)
2;2019;7;14;4;3;5;7;0;0;0;0;1;0;1;0;POINT (13.4429 52.50058)
7;2019;7;10;4;3;0;7;0;0;0;0;1;0;0;1;POINT (13.36126 52.49442)
4;2019;7;10;3;3;1;5;0;1;0;0;0;0;1;0;POINT (13.32868 52.50332)
7;2019;7;15;3;3;6;4;0;1;0;1;0;0;0;0;POINT (13.3377 52.47147)
5;2019;7;17;3;2;5;2;0;1;1;0;0;0;0;0;POINT (13.16639 52.55106)
11;2019;7;17;3;3;5;2;0;1;1;0;0;0;0;0;POINT (13.48928 52.54242)
2;2019;7;17;3;3;0;2;0;0;1;0;1;0;0;0;POINT (13.43969 52.51391)
9;2019;7;16;3;3;6;2;0;0;0;1;0;1;0;0;POINT (13.48697 52.46565)
1;2019;7;16;3;3;6;7;0;1;0;1;0;0;0;0;POINT (13.39404 52.54764)
6;2019;7;16;3;3;5;3;0;1;1;0;0;0;0;0;POINT (13.33135 52.44212)
7;2019;7;16;3;3;2;7;0;0;0;0;1;0;1;0;POINT (13.39011 52.46575)
4;2019;7;5;3;3;0;6;0;0;0;0;1;0;0;0;POINT (13.29328 52.53468)
5;2019;7;23;3;3;0;1;2;1;0;0;0;0;0;0;POINT (13.18028 52.49346)
1;2019;7;20;3;3;0;3;0;1;0;0;0;0;1;0;POINT (13.40252 52.54019)
1;2019;7;19;3;3;1;5;0;1;1;0;0;0;0;0;POINT (13.40605 52.535)
12;2019;7;19;3;3;2;4;0;0;1;1;0;0;0;0;POINT (13.30721 52.55503)
11;2019;7;18;3;3;2;3;0;0;1;0;0;0;0;0;POINT (13.47029 52.50224)
2;2019;7;18;3;3;0;6;0;1;0;0;0;0;0;0;POINT (13.45872 52.50658)
1;2019;7;18;3;3;5;3;0;1;1;0;0;0;0;0;POINT (13.40273 52.5281)
5;2019;7;18;3;2;2;6;0;0;1;0;1;0;0;0;POINT (13.21834 52.5373)
2;2019;7;18;3;3;5;2;0;0;1;0;1;0;0;0;POINT (13.39524 52.49463)
7;2019;7;18;3;3;6;2;0;1;0;1;0;0;0;0;POINT (13.3909 52.48422)
1;2019;7;18;3;3;0;1;0;1;0;0;0;0;0;0;POINT (13.40214 52.53081)
10;2019;7;17;3;3;6;7;0;0;1;1;0;0;0;0;POINT (13.60328 52.53859)
1;2019;7;12;3;3;2;2;0;0;1;0;0;0;1;0;POINT (13.35128 52.55838)
9;2019;7;12;3;3;0;6;0;0;1;0;1;0;0;0;POINT (13.51579 52.4681)
7;2019;7;12;3;3;5;2;0;1;1;0;0;0;0;0;POINT (13.36602 52.49374)
9;2019;7;11;3;2;6;7;0;0;1;1;0;0;0;0;POINT (13.48149 52.47904)
3;2019;7;10;3;2;6;4;0;0;1;1;0;0;0;0;POINT (13.43392 52.52921)
7;2019;7;9;3;3;5;2;0;0;1;0;0;0;0;0;POINT (13.34066 52.50256)
7;2019;7;8;3;3;5;3;0;1;1;0;0;0;0;0;POINT (13.353 52.49933)
1;2019;7;8;3;3;1;5;0;1;1;0;0;0;0;0;POINT (13.40475 52.51126)
11;2019;7;8;3;3;5;2;0;1;1;0;0;0;0;0;POINT (13.48175 52.52676)
11;2019;7;7;3;3;5;3;0;0;1;0;1;0;0;0;POINT (13.4859 52.51847)
5;2019;7;7;3;3;6;4;0;0;1;1;0;0;0;0;POINT (13.2287 52.52835)
3;2019;7;16;3;3;2;6;0;0;1;0;0;0;0;0;POINT (13.50296 52.63649)
11;2019;7;16;3;3;0;7;0;1;1;0;0;0;0;0;POINT (13.54177 52.47498)
4;2019;7;15;3;2;5;2;0;0;1;0;1;0;0;0;POINT (13.30702 52.50002)
12;2019;7;15;3;3;3;5;0;1;1;0;0;0;0;0;POINT (13.25485 52.5624)
4;2019;7;14;3;2;6;4;0;1;0;1;0;0;0;0;POINT (13.33179 52.49316)
3;2019;7;14;3;3;2;6;0;0;1;0;0;0;0;0;POINT (13.39719 52.55481)
3;2019;7;13;3;3;6;2;0;0;1;1;0;0;0;0;POINT (13.44815 52.54938)
1;2019;7;13;3;3;0;3;0;0;1;0;0;0;0;0;POINT (13.34077 52.51687)
1;2019;7;13;3;3;5;2;0;1;1;0;0;0;0;0;POINT (13.36034 52.53724)
11;2019;7;12;3;3;3;6;0;0;1;0;0;1;0;0;POINT (13.5069 52.5486)
2;2019;7;13;3;2;3;6;0;0;1;0;1;0;0;0;POINT (13.4487 52.52658)
10;2019;7;5;3;3;6;4;0;0;0;1;0;0;1;0;POINT (13.56011 52.53749)
2;2019;7;20;3;3;5;2;0;0;1;0;1;0;0;0;POINT (13.42868 52.51888)
9;2019;7;19;2;3;6;4;0;1;0;1;0;0;0;0;POINT (13.60949 52.40793)
1;2019;7;21;2;3;5;3;2;0;1;0;1;0;0;0;POINT (13.39201 52.53883)
1;2019;7;20;2;3;0;7;0;0;1;0;0;0;0;0;POINT (13.37144 52.54011)
7;2019;7;19;2;3;2;7;0;1;0;0;0;0;1;0;POINT (13.36335 52.48765)
9;2019;7;19;2;3;5;2;0;1;1;0;0;0;0;0;POINT (13.52547 52.46461)
2;2019;7;19;2;2;5;7;1;0;1;0;1;0;0;0;POINT (13.41615 52.49097)
1;2019;7;19;2;2;1;5;0;1;1;0;0;0;0;0;POINT (13.4029 52.52773)
1;2019;7;18;2;3;2;6;0;0;1;0;1;0;0;0;POINT (13.39946 52.52954)
5;2019;7;18;2;3;5;3;0;0;1;0;0;0;0;0;POINT (13.16259 52.52009)
8;2019;7;18;2;3;0;3;0;0;1;0;1;0;0;0;POINT (13.49134 52.42061)
2;2019;7;17;2;3;6;4;0;0;1;1;0;0;0;0;POINT (13.44198 52.50437)
2;2019;7;17;2;3;2;6;0;1;0;0;0;0;0;0;POINT (13.4446 52.50104)
2;2019;7;16;2;3;5;3;0;1;1;0;0;0;0;0;POINT (13.45331 52.501)
9;2019;7;16;2;3;5;7;0;0;1;0;0;0;1;0;POINT (13.51308 52.46689)
3;2019;7;11;2;3;0;1;0;1;0;0;0;0;0;0;POINT (13.49463 52.63574)
1;2019;7;16;2;2;0;1;0;1;0;0;0;0;0;0;POINT (13.40434 52.53317)
1;2019;7;16;2;3;0;1;0;1;0;0;0;0;0;0;POINT (13.40101 52.53001)
1;2019;7;15;2;3;5;2;0;0;1;0;1;0;0;0;POINT (13.38919 52.5147)
8;2019;7;15;2;2;0;1;0;1;0;0;0;0;0;0;POINT (13.424 52.48653)
2;2019;7;14;2;3;0;7;0;1;1;0;0;0;0;0;POINT (13.43972 52.51403)
1;2019;7;13;2;3;2;6;0;0;0;0;1;0;1;0;POINT (13.34485 52.54691)
6;2019;7;13;2;3;5;7;0;0;1;0;1;0;0;0;POINT (13.34297 52.44006)
9;2019;7;13;2;2;5;3;0;1;1;0;0;0;0;0;POINT (13.58374 52.4312)
8;2019;7;12;2;3;5;7;0;0;1;0;1;0;0;0;POINT (13.42121 52.47992)
4;2019;7;12;2;3;3;2;0;0;1;0;0;0;0;0;POINT (13.31187 52.50042)
1;2019;7;12;2;3;1;5;0;1;1;0;0;0;0;0;POINT (13.3821 52.52299)
4;2019;7;11;2;3;2;2;0;0;1;0;1;0;0;0;POINT (13.30792 52.48858)
2;2019;7;11;2;3;6;4;0;0;1;1;0;0;0;0;POINT (13.42487 52.50203)
4;2019;7;11;2;3;2;6;0;0;1;0;1;0;0;0;POINT (13.30815 52.50004)
3;2019;7;11;2;3;5;3;0;0;1;0;1;0;0;0;POINT (13.41375 52.58292)
5;2019;7;17;2;3;2;6;0;0;1;0;0;0;0;0;POINT (13.20485 52.53599)
5;2019;7;10;2;3;2;6;0;0;1;0;0;0;0;0;POINT (13.12271 52.52859)
7;2019;7;10;2;3;2;2;0;0;1;0;1;0;0;0;POINT (13.40032 52.48371)
2;2019;7;10;2;3;0;1;0;1;0;0;0;0;0;0;POINT (13.44112 52.49733)
1;2019;7;9;2;3;2;6;0;0;1;0;0;0;0;0;POINT (13.35723 52.54957)
11;2019;7;9;2;3;5;2;0;1;1;0;0;0;0;0;POINT (13.48078 52.49911)
4;2019;7;9;2;3;2;2;0;0;1;0;1;0;0;0;POINT (13.29741 52.52651)
3;2019;7;9;2;3;1;5;0;1;1;0;0;0;0;0;POINT (13.44823 52.53787)
9;2019;7;7;2;3;5;7;0;1;0;0;0;0;1;0;POINT (13.62528 52.4555)
3;2019;7;6;2;3;5;3;0;0;1;0;0;0;1;0;POINT (13.37427 52.58683)
11;2019;7;6;2;3;5;3;0;0;1;0;1;0;0;0;POINT (13.5226 52.56075)
1;2019;7;6;2;3;5;2;0;0;1;0;1;0;0;0;POINT (13.38718 52.52717)
4;2019;7;3;2;3;5;3;2;1;1;0;0;0;0;0;POINT (13.31411 52.49036)
1;2019;7;18;2;3;0;1;0;0;0;0;0;0;1;0;POINT (13.40022 52.52047)
5;2019;7;13;2;3;1;5;0;1;1;0;0;0;0;0;POINT (13.15438 52.5335)
1;2019;7;19;2;3;1;5;0;1;1;0;0;0;0;0;POINT (13.38618 52.52806)
3;2019;7;7;1;3;5;3;0;0;1;0;0;0;0;0;POINT (13.41945 52.55017)
4;2019;7;6;1;3;2;2;0;0;1;0;0;1;0;0;POINT (13.30242 52.54789)
7;2019;7;1;1;3;0;1;2;0;1;0;0;0;0;0;POINT (13.39954 52.41421)
1;2019;7;15;1;3;5;3;0;1;1;0;0;0;0;0;POINT (13.40974 52.52402)
3;2019;7;15;1;3;2;7;0;0;0;0;1;1;0;0;POINT (13.4286 52.58323)
4;2019;7;17;1;3;5;2;0;1;1;0;0;0;0;1;POINT (13.32609 52.4947)
4;2019;7;17;1;3;0;7;0;1;1;0;0;0;0;1;POINT (13.29982 52.49618)
1;2019;7;13;1;3;5;2;0;1;1;0;0;0;0;0;POINT (13.39114 52.53621)
1;2019;7;13;1;3;3;6;0;1;0;0;0;0;1;0;POINT (13.3902 52.53542)
1;2019;7;16;1;3;2;7;0;0;1;0;0;0;0;0;POINT (13.37236 52.55412)
1;2019;7;15;1;2;5;2;0;1;1;0;0;0;0;0;POINT (13.38421 52.50997)
1;2019;7;15;1;3;1;1;0;0;1;0;0;0;0;0;POINT (13.39309 52.54862)
5;2019;7;16;1;3;2;6;0;0;1;0;0;0;1;0;POINT (13.19734 52.52474)
4;2019;7;14;1;2;3;6;0;0;1;0;0;0;0;0;POINT (13.27934 52.50649)
4;2019;7;17;1;2;0;1;0;0;0;0;1;0;0;1;POINT (13.28594 52.5213)
5;2019;7;21;1;3;9;1;1;0;1;0;0;0;0;1;POINT (13.2036 52.55558)
8;2019;7;20;1;3;2;7;1;0;1;0;1;0;0;0;POINT (13.42924 52.48176)
12;2019;7;19;1;3;2;6;0;0;1;0;0;0;0;0;POINT (13.33097 52.56244)
1;2019;7;19;1;3;1;5;0;1;1;0;0;0;1;0;POINT (13.35349 52.55104)
2;2019;7;13;1;3;5;3;0;0;1;0;0;0;0;0;POINT (13.40636 52.5026)
4;2019;7;13;1;3;5;2;0;0;1;0;1;0;0;0;POINT (13.30717 52.50005)
1;2019;7;12;1;3;5;3;0;1;0;0;0;0;0;0;POINT (13.33192 52.52397)
9;2019;7;12;1;3;5;3;0;0;1;0;0;0;0;0;POINT (13.57869 52.45243)
11;2019;7;11;1;3;0;7;0;0;0;0;0;1;0;0;POINT (13.51906 52.51347)
6;2019;7;11;1;3;5;3;0;0;1;0;0;0;1;0;POINT (13.36719 52.4269)
9;2019;7;11;1;3;5;3;0;1;1;0;0;0;0;0;POINT (13.51199 52.4707)
2;2019;7;9;1;3;2;6;0;1;0;0;0;0;0;0;POINT (13.39596 52.49842)
11;2019;7;9;1;3;2;6;0;0;1;0;0;0;0;0;POINT (13.52482 52.47969)
3;2019;7;8;1;3;5;3;0;1;1;0;0;0;0;0;POINT (13.40833 52.5721)
1;2019;7;6;1;3;6;4;0;1;0;1;0;0;0;0;POINT (13.38041 52.52858)
5;2019;7;10;1;3;5;2;0;1;1;0;0;0;0;0;POINT (13.20768 52.55565)
4;2019;7;10;1;2;6;4;0;0;1;1;0;0;0;0;POINT (13.2705 52.51041)
3;2019;7;20;1;3;1;5;1;1;1;0;0;0;0;0;POINT (13.40197 52.58735)
5;2019;7;11;1;3;6;2;0;0;1;1;0;0;0;0;POINT (13.18859 52.55654)
9;2019;7;14;7;3;6;4;0;0;1;1;0;0;0;0;POINT (13.54892 52.41909)
1;2019;7;19;7;3;2;6;0;0;1;0;0;0;0;0;POINT (13.34718 52.54773)
3;2019;7;22;7;3;1;7;2;0;0;0;1;0;1;0;POINT (13.42814 52.55402)
4;2019;7;19;7;3;1;5;0;0;1;0;1;0;0;0;POINT (13.30114 52.48916)
3;2019;7;19;7;3;5;3;0;1;1;0;0;0;0;0;POINT (13.41205 52.54271)
6;2019;7;19;7;3;1;5;0;0;1;0;0;0;0;0;POINT (13.27691 52.43377)
8;2019;7;18;7;3;0;2;0;0;1;0;0;0;1;0;POINT (13.43015 52.48606)
9;2019;7;18;7;3;5;2;0;0;1;0;0;0;1;0;POINT (13.47511 52.47994)
9;2019;7;17;7;2;5;3;0;0;1;0;1;0;0;0;POINT (13.68421 52.37047)
11;2019;7;16;7;3;3;6;0;0;1;0;1;0;0;0;POINT (13.50533 52.53455)
11;2019;7;16;7;2;6;4;0;0;1;1;0;0;0;0;POINT (13.50161 52.56601)
11;2019;7;16;7;3;4;6;0;0;1;0;1;0;0;0;POINT (13.5144 52.57734)
2;2019;7;15;7;3;5;3;0;0;1;0;1;0;0;0;POINT (13.43083 52.51198)
5;2019;7;15;7;3;5;2;0;0;1;0;0;0;0;1;POINT (13.18459 52.54751)
4;2019;7;14;7;3;2;6;0;1;1;0;0;0;0;0;POINT (13.21147 52.50055)
9;2019;7;14;7;3;1;5;0;1;1;0;0;0;0;0;POINT (13.5709 52.4477)
4;2019;7;14;7;3;1;5;0;1;1;0;0;0;0;0;POINT (13.31645 52.50123)
1;2019;7;15;7;3;8;1;0;0;1;0;0;0;1;0;POINT (13.34134 52.53089)
12;2019;7;10;7;3;5;3;0;0;1;0;0;0;0;1;POINT (13.34115 52.60857)
8;2019;7;2;7;2;1;5;2;1;1;0;0;0;0;1;POINT (13.4375 52.49046)
1;2019;7;22;7;2;0;7;2;0;0;0;0;0;1;0;POINT (13.38732 52.54993)
3;2019;7;20;6;3;5;2;1;1;1;0;0;0;0;0;POINT (13.43467 52.54923)
1;2019;7;18;6;3;6;4;0;0;1;1;0;0;0;0;POINT (13.38638 52.54936)
12;2019;7;22;6;3;6;7;2;1;0;1;0;0;0;1;POINT (13.24339 52.61421)
7;2019;7;20;6;3;5;2;0;0;1;0;0;0;1;0;POINT (13.36116 52.49424)
12;2019;7;20;6;3;2;2;0;0;1;0;0;0;0;0;POINT (13.32756 52.56411)
8;2019;7;18;6;2;5;2;0;0;1;0;1;0;0;0;POINT (13.42894 52.48658)
11;2019;7;17;6;3;9;1;0;0;1;0;0;0;0;0;POINT (13.52253 52.57996)
1;2019;7;17;6;3;5;7;0;0;1;0;1;0;0;0;POINT (13.35112 52.53188)
7;2019;7;16;6;2;1;5;0;1;1;0;0;0;0;0;POINT (13.34596 52.49773)
4;2019;7;16;6;3;5;3;0;1;1;0;0;0;0;0;POINT (13.28675 52.5391)
3;2019;7;16;6;3;8;1;0;0;0;0;0;0;1;0;POINT (13.43954 52.55569)
4;2019;7;15;6;3;5;2;0;1;1;0;0;0;0;0;POINT (13.30232 52.48827)
4;2019;7;14;6;3;2;6;0;0;1;0;1;0;0;0;POINT (13.2787 52.50279)
4;2019;7;13;6;2;5;2;0;0;1;0;0;0;0;0;POINT (13.32236 52.48643)
11;2019;7;12;6;2;2;6;0;0;1;0;0;0;0;0;POINT (13.49936 52.53419)
6;2019;7;12;6;3;3;6;0;0;1;0;1;0;0;0;POINT (13.31327 52.42299)
7;2019;7;11;6;3;5;2;0;0;1;0;0;0;0;0;POINT (13.37829 52.43482)
7;2019;7;11;6;3;5;3;0;1;1;0;0;0;0;0;POINT (13.35083 52.40822)
10;2019;7;10;6;3;5;3;0;1;1;0;0;0;0;0;POINT (13.59215 52.54635)
3;2019;7;10;6;2;6;3;0;0;1;1;0;0;0;0;POINT (13.4321 52.60427)
5;2019;7;9;6;3;0;6;0;0;0;0;0;0;1;0;POINT (13.21843 52.53726)
9;2019;7;9;6;2;6;2;0;0;1;1;0;0;0;0;POINT (13.45829 52.48586)
12;2019;7;8;6;3;5;3;0;0;1;0;1;0;0;0;POINT (13.32931 52.57566)
8;2019;7;18;6;3;5;3;0;0;1;0;0;0;0;0;POINT (13.44411 52.4623)
3;2019;7;22;6;3;5;2;2;1;0;0;0;0;1;1;POINT (13.43473 52.55361)
5;2019;7;14;5;3;2;6;0;0;1;0;0;0;0;0;POINT (13.20054 52.54951)
6;2019;7;16;5;3;5;3;0;0;1;0;0;0;0;0;POINT (13.33233 52.45838)
5;2019;7;19;5;2;5;3;0;0;1;0;0;0;0;0;POINT (13.12863 52.52877)
1;2019;7;18;5;3;5;3;0;0;1;0;1;0;0;0;POINT (13.37692 52.51077)
3;2019;7;16;5;2;5;3;0;0;1;0;1;0;0;1;POINT (13.42703 52.55221)
12;2019;7;15;5;3;2;6;0;0;1;0;0;0;0;0;POINT (13.30134 52.59967)
11;2019;7;14;5;3;4;6;0;0;1;0;0;1;0;0;POINT (13.50906 52.54217)
2;2019;7;13;5;3;2;7;0;0;0;0;1;1;0;0;POINT (13.44804 52.51321)
5;2019;7;12;5;3;5;2;0;0;1;0;0;0;0;0;POINT (13.14159 52.53243)
12;2019;7;11;5;3;0;5;0;1;1;0;0;0;1;0;POINT (13.33008 52.59439)
1;2019;7;10;5;3;2;6;0;0;0;0;1;0;1;0;POINT (13.41182 52.52397)
6;2019;7;10;5;3;5;2;0;1;1;0;0;0;0;0;POINT (13.34563 52.43621)
1;2019;7;8;5;3;5;3;0;1;1;0;0;0;0;0;POINT (13.38906 52.51558)
5;2019;7;22;5;3;2;2;2;0;1;0;1;0;0;0;POINT (13.16551 52.55123)
8;2019;7;20;5;3;5;3;2;0;1;0;0;0;0;0;POINT (13.42968 52.46031)
2;2019;7;16;5;3;0;1;0;0;0;0;1;0;0;1;POINT (13.46767 52.49821)
1;2019;7;12;5;2;6;2;0;0;0;1;0;0;1;0;POINT (13.37071 52.50002)
4;2019;7;10;5;2;5;3;0;0;1;0;0;0;0;0;POINT (13.28127 52.51283)
11;2019;7;16;5;3;0;1;0;0;0;0;1;0;0;1;POINT (13.48464 52.53348)
1;2019;7;17;5;3;0;1;0;1;0;0;0;0;0;1;POINT (13.40202 52.5288)
10;2019;8;15;2;3;0;2;0;1;1;0;0;0;0;1;POINT (13.55943 52.53407)
3;2019;8;17;2;1;5;5;0;0;0;0;0;0;1;0;POINT (13.42201 52.56055)
8;2019;8;13;1;3;3;6;0;1;1;0;0;0;0;0;POINT (13.42931 52.44269)
1;2019;8;22;1;3;1;5;2;1;1;0;0;0;0;0;POINT (13.37289 52.51136)
4;2019;8;17;1;3;0;1;0;0;0;0;1;0;0;0;POINT (13.27296 52.50874)
4;2019;8;16;1;3;2;2;0;0;1;0;0;0;1;0;POINT (13.32672 52.5196)
1;2019;8;16;1;3;3;6;0;1;1;0;0;0;0;0;POINT (13.39896 52.52888)
4;2019;8;16;1;3;5;3;0;1;1;0;0;0;0;0;POINT (13.28696 52.51298)
9;2019;8;9;1;3;5;2;0;1;0;0;0;0;1;0;POINT (13.50192 52.46079)
4;2019;8;17;1;3;3;6;0;1;1;0;0;0;0;0;POINT (13.33346 52.48774)
9;2019;8;16;1;3;0;2;0;1;0;0;0;0;1;0;POINT (13.55323 52.46969)
3;2019;8;16;1;3;6;2;0;0;0;1;0;1;0;0;POINT (13.45741 52.52896)
9;2019;8;16;1;3;0;3;0;1;1;0;0;0;0;0;POINT (13.5495 52.43832)
8;2019;8;15;1;3;2;6;0;0;1;0;0;0;0;0;POINT (13.43151 52.48558)
7;2019;8;15;1;2;1;5;0;1;1;0;0;0;0;0;POINT (13.36226 52.48573)
1;2019;8;15;1;3;0;2;0;1;1;0;0;0;0;0;POINT (13.32187 52.53174)
7;2019;8;13;1;3;0;1;0;0;0;0;1;0;0;1;POINT (13.35567 52.45725)
1;2019;8;11;1;3;5;3;0;1;0;0;0;0;1;0;POINT (13.39124 52.50774)
2;2019;8;11;1;3;1;5;0;1;1;0;0;0;0;0;POINT (13.37531 52.48504)
4;2019;8;11;1;3;6;7;0;1;0;1;0;0;0;0;POINT (13.32177 52.52101)
8;2019;8;11;1;3;5;7;0;0;1;0;1;0;0;0;POINT (13.47745 52.4301)
6;2019;8;11;1;3;5;3;0;0;1;0;0;0;0;0;POINT (13.338 52.45114)
1;2019;8;8;1;2;5;3;0;1;1;0;0;0;0;0;POINT (13.40097 52.51838)
7;2019;8;8;1;3;5;2;0;1;1;0;0;0;0;0;POINT (13.40624 52.38667)
1;2019;8;8;1;3;2;6;0;0;1;0;0;0;1;0;POINT (13.42575 52.5153)
8;2019;8;8;1;3;5;2;0;1;1;0;0;0;0;0;POINT (13.4255 52.47978)
4;2019;8;7;1;3;2;6;0;0;1;0;0;0;0;0;POINT (13.26596 52.51305)
3;2019;8;7;1;3;2;7;0;0;1;0;0;0;0;0;POINT (13.41176 52.58233)
3;2019;8;10;1;3;0;3;0;1;0;0;0;0;1;0;POINT (13.42877 52.58431)
3;2019;8;7;1;3;5;2;0;0;1;0;1;0;0;0;POINT (13.45441 52.54913)
9;2019;8;6;1;3;5;3;0;1;1;0;0;0;0;0;POINT (13.51107 52.44954)
2;2019;8;2;1;3;5;3;2;0;1;0;0;0;1;0;POINT (13.42779 52.49634)
1;2019;8;6;1;3;1;5;0;1;1;0;0;0;0;0;POINT (13.3825 52.5478)
3;2019;8;10;1;3;2;6;0;0;1;0;0;0;0;0;POINT (13.46995 52.56424)
6;2019;8;9;1;3;5;2;0;0;1;0;1;0;0;0;POINT (13.32961 52.45894)
10;2019;8;9;1;3;2;6;0;0;1;0;0;0;0;0;POINT (13.56327 52.51429)
5;2019;8;9;1;3;5;2;0;1;1;0;0;0;0;0;POINT (13.19733 52.5435)
7;2019;8;4;7;3;2;6;2;0;1;0;0;0;0;0;POINT (13.38578 52.48432)
3;2019;8;17;7;2;0;1;0;1;0;0;0;0;0;0;POINT (13.48735 52.55672)
1;2019;8;13;7;3;0;1;0;0;0;0;1;0;0;0;POINT (13.37672 52.51081)
1;2019;8;0;7;3;0;1;2;0;0;0;0;0;1;0;POINT (13.40948 52.52221)
5;2019;8;12;7;3;2;6;0;0;1;0;1;0;1;0;POINT (13.20717 52.53889)
3;2019;8;17;7;3;5;3;0;0;1;0;1;0;0;0;POINT (13.49303 52.61124)
6;2019;8;16;7;3;5;3;0;0;1;0;1;0;0;0;POINT (13.34578 52.43636)
5;2019;8;13;7;3;2;6;0;0;1;0;0;0;0;0;POINT (13.15472 52.52176)
5;2019;8;12;7;3;3;6;0;0;1;0;1;0;0;0;POINT (13.21291 52.53859)
4;2019;8;4;7;3;1;5;2;0;1;0;0;0;1;0;POINT (13.32046 52.49798)
3;2019;8;4;7;3;5;3;2;0;1;0;0;0;0;0;POINT (13.40645 52.56538)
11;2019;8;18;7;3;0;7;0;1;0;0;0;0;0;0;POINT (13.48938 52.57715)
2;2019;8;0;7;3;0;5;2;1;1;0;0;0;1;0;POINT (13.44954 52.49677)
1;2019;8;21;7;3;1;5;2;1;1;0;0;0;0;0;POINT (13.34031 52.50524)
8;2019;8;20;7;2;5;3;1;0;1;0;0;0;0;0;POINT (13.43305 52.45238)
2;2019;8;19;7;3;0;1;0;1;0;0;0;0;0;0;POINT (13.39501 52.4964)
11;2019;8;19;7;3;0;1;0;1;0;0;0;0;0;0;POINT (13.52535 52.48108)
12;2019;8;21;6;3;2;6;0;0;1;0;0;0;0;0;POINT (13.32206 52.5606)
2;2019;8;14;6;3;4;6;0;1;0;0;0;0;1;0;POINT (13.43163 52.49928)
12;2019;8;14;6;3;2;6;0;0;1;0;0;0;0;0;POINT (13.28833 52.5844)
12;2019;8;19;6;3;5;3;0;0;1;0;0;0;0;0;POINT (13.30545 52.56826)
4;2019;8;13;6;3;6;4;0;0;1;1;0;0;0;0;POINT (13.26606 52.48295)
8;2019;8;13;6;3;5;3;0;1;1;0;0;0;0;0;POINT (13.47812 52.44212)
2;2019;8;15;6;3;2;6;0;1;1;0;0;0;0;0;POINT (13.42057 52.5031)
8;2019;8;15;6;3;1;5;0;1;1;0;0;0;0;0;POINT (13.43515 52.42676)
8;2019;8;17;6;3;5;2;0;1;1;0;0;0;0;0;POINT (13.47317 52.42312)
12;2019;8;15;6;3;5;2;0;0;1;0;0;0;0;0;POINT (13.32801 52.56411)
1;2019;8;15;6;3;6;4;0;0;1;1;0;0;0;0;POINT (13.38171 52.56209)
3;2019;8;17;6;2;5;3;0;0;1;0;1;0;0;0;POINT (13.39957 52.59158)
5;2019;8;16;6;3;0;2;0;1;1;0;0;0;0;0;POINT (13.18815 52.5325)
9;2019;8;17;6;2;2;6;0;0;1;0;1;0;0;0;POINT (13.55083 52.42908)
10;2019;8;18;6;3;5;3;0;0;1;0;0;0;0;0;POINT (13.6062 52.52422)
2;2019;8;19;6;3;0;1;0;1;0;0;0;0;0;0;POINT (13.45475 52.51911)
1;2019;8;19;6;2;1;5;0;1;0;0;0;0;1;0;POINT (13.38834 52.53162)
12;2019;8;23;6;3;5;2;2;0;1;0;1;0;0;0;POINT (13.32191 52.56053)
9;2019;8;22;6;3;0;3;2;0;1;0;1;0;0;0;POINT (13.48714 52.46554)
6;2019;8;23;6;3;5;3;2;1;0;0;0;0;0;0;POINT (13.32683 52.4269)