bez;ujahr;umonat;ustunde;uwochentag;ukategorie;uart;utyp1;ulichtverh;istrad;istpkw;istfuss;istkrad;istgkfz;istsonstige;ustrzustand;geometry
12;2019;8;13;6;2;2;7;0;1;1;0;0;0;0;0;POINT (13.37838 52.56595)
4;2019;8;11;6;3;5;5;0;0;1;0;1;0;0;0;POINT (13.2618 52.5192)
4;2019;8;11;6;3;2;6;0;1;1;0;0;0;0;0;POINT (13.33305 52.50578)
4;2019;8;11;6;3;2;6;0;1;1;0;0;0;0;0;POINT (13.29324 52.50672)
1;2019;8;10;6;3;0;2;0;0;0;0;0;1;1;0;POINT (13.38153 52.55612)
11;2019;8;1;6;2;6;4;2;0;1;1;0;0;0;0;POINT (13.4765 52.50089)
8;2019;8;14;5;2;6;4;0;0;1;1;0;0;0;0;POINT (13.4353 52.42336)
5;2019;8;0;5;3;6;2;2;0;0;1;0;0;1;0;POINT (13.20413 52.54374)
1;2019;8;16;5;3;5;3;0;1;1;0;0;0;0;0;POINT (13.3644 52.54959)
12;2019;8;18;5;3;0;2;0;1;1;0;0;0;0;0;POINT (13.34735 52.57855)
1;2019;8;9;5;3;6;7;0;0;0;1;0;0;1;0;POINT (13.38732 52.52595)
1;2019;8;14;5;2;5;3;0;0;1;0;1;0;0;0;POINT (13.35107 52.5297)
2;2019;8;18;5;3;0;2;0;1;1;0;0;0;0;1;POINT (13.38865 52.49932)
1;2019;8;11;5;3;5;5;0;0;1;0;0;0;0;0;POINT (13.37541 52.55026)
3;2019;8;11;5;3;0;5;0;1;0;0;0;0;0;0;POINT (13.4763 52.61124)
2;2019;8;15;5;3;5;2;0;1;1;0;0;0;0;0;POINT (13.42412 52.51335)
8;2019;8;14;5;3;6;4;0;0;1;1;0;0;0;0;POINT (13.44814 52.47782)
4;2019;8;14;5;3;5;3;0;0;0;0;1;0;1;0;POINT (13.30836 52.49004)
6;2019;8;13;5;3;1;5;0;1;0;0;0;0;1;0;POINT (13.31693 52.46321)
7;2019;8;13;5;3;2;6;0;0;1;0;1;0;0;0;POINT (13.35563 52.49013)
4;2019;8;12;5;3;5;7;0;0;1;0;1;0;0;0;POINT (13.32174 52.53891)
5;2019;8;11;5;3;2;6;0;0;1;0;0;0;0;0;POINT (13.20427 52.53033)
12;2019;8;11;5;2;5;3;0;0;1;0;1;0;0;0;POINT (13.31715 52.57636)
5;2019;8;10;5;3;1;5;0;0;1;0;0;0;1;0;POINT (13.18527 52.54469)
6;2019;8;8;5;2;0;1;0;0;1;0;1;0;0;0;POINT (13.28101 52.42105)
2;2019;8;8;5;3;5;3;0;1;0;0;0;0;0;0;POINT (13.39832 52.49599)
10;2019;8;8;5;3;2;7;0;0;1;0;0;0;0;0;POINT (13.56369 52.51887)
12;2019;8;8;5;3;2;6;0;0;1;0;0;0;0;0;POINT (13.33139 52.57371)
6;2019;8;8;5;3;5;2;0;1;1;0;0;0;0;0;POINT (13.26751 52.40804)
11;2019;8;19;5;3;0;2;1;0;1;0;1;0;0;1;POINT (13.48703 52.50243)
3;2019;8;19;5;3;1;5;0;1;1;0;0;0;0;1;POINT (13.41305 52.55755)
9;2019;8;18;5;3;2;2;0;0;1;0;0;0;0;1;POINT (13.57067 52.45177)
4;2019;8;18;5;2;5;3;0;0;1;0;1;0;0;1;POINT (13.31444 52.52093)
11;2019;8;18;5;3;1;5;1;1;1;0;0;0;0;1;POINT (13.52328 52.48307)
3;2019;8;17;5;2;0;1;0;1;0;0;0;0;0;1;POINT (13.45053 52.53621)
3;2019;8;17;5;3;2;6;0;0;1;0;0;0;0;1;POINT (13.45788 52.52858)
4;2019;8;17;5;3;6;4;0;0;1;1;0;0;0;1;POINT (13.32023 52.50686)
3;2019;8;17;5;3;5;3;0;0;1;0;0;0;0;1;POINT (13.44909 52.52887)
4;2019;8;16;5;3;5;3;0;0;1;0;0;0;0;1;POINT (13.26865 52.5093)
1;2019;8;16;5;3;2;6;0;0;1;0;0;0;0;1;POINT (13.37695 52.5435)
5;2019;8;22;5;3;6;4;2;0;1;1;0;0;0;0;POINT (13.1955 52.53347)
1;2019;8;20;5;3;0;1;0;1;0;0;0;0;0;0;POINT (13.36314 52.54872)
3;2019;8;18;5;3;0;2;1;1;1;0;0;0;0;1;POINT (13.41814 52.54971)
1;2019;8;15;4;3;2;6;0;0;1;0;1;0;0;0;POINT (13.38507 52.55691)
4;2019;8;22;4;3;1;5;2;1;1;0;0;0;0;0;POINT (13.33609 52.50006)
6;2019;8;21;4;2;5;2;2;0;1;0;0;0;0;0;POINT (13.3178 52.45792)
3;2019;8;21;4;2;5;3;1;1;0;0;0;0;1;0;POINT (13.43184 52.55451)
2;2019;8;20;4;3;1;5;1;1;1;0;0;0;0;0;POINT (13.46699 52.50809)
2;2019;8;20;4;3;6;4;1;1;0;1;0;0;0;0;POINT (13.3885 52.50172)
3;2019;8;19;4;3;6;4;0;0;1;1;0;0;0;0;POINT (13.411 52.5398)
10;2019;8;19;4;3;5;3;0;1;1;0;0;0;0;0;POINT (13.55726 52.50714)
5;2019;8;16;4;3;2;6;0;0;1;0;1;0;0;1;POINT (13.20875 52.56158)
8;2019;8;18;4;3;1;5;0;1;1;0;0;0;0;0;POINT (13.42145 52.47914)
2;2019;8;18;4;3;0;3;0;0;1;0;1;0;0;0;POINT (13.43188 52.50565)
5;2019;8;17;4;3;5;2;0;0;1;0;0;0;0;0;POINT (13.17819 52.54884)
4;2019;8;16;4;3;2;6;0;0;1;0;0;0;1;0;POINT (13.31075 52.51619)
7;2019;8;16;4;3;0;1;0;1;0;0;0;0;0;0;POINT (13.3646 52.45042)
4;2019;8;16;4;3;5;3;0;1;1;0;0;0;0;0;POINT (13.31467 52.49)
7;2019;8;14;4;3;5;3;0;0;1;0;0;0;0;0;POINT (13.37913 52.48058)
5;2019;8;14;4;3;2;6;0;0;1;0;0;0;0;0;POINT (13.20794 52.55389)
12;2019;8;14;4;3;0;6;0;1;0;0;0;1;0;0;POINT (13.32321 52.60771)
3;2019;8;14;4;2;6;4;0;0;1;1;0;0;0;0;POINT (13.43764 52.56978)
4;2019;8;13;4;3;5;2;0;0;1;0;1;0;0;0;POINT (13.24035 52.51192)
1;2019;8;15;4;3;5;3;0;0;1;0;0;0;0;0;POINT (13.3765 52.54303)
3;2019;8;13;4;3;6;4;0;0;0;1;1;0;0;0;POINT (13.41703 52.54989)
1;2019;8;13;4;2;6;4;0;0;1;1;0;0;0;0;POINT (13.40512 52.50823)
11;2019;8;13;4;3;5;2;0;1;1;0;0;0;0;0;POINT (13.49632 52.50016)
10;2019;8;12;4;3;0;6;0;1;1;0;0;0;0;0;POINT (13.58165 52.50746)
2;2019;8;12;4;3;1;5;0;1;0;0;0;1;0;0;POINT (13.39709 52.49119)
3;2019;8;12;4;2;5;3;0;0;1;0;0;1;0;0;POINT (13.42882 52.57917)
4;2019;8;12;4;3;2;6;0;0;1;0;0;0;0;0;POINT (13.28342 52.51867)
8;2019;8;12;4;3;5;7;0;0;1;0;0;0;0;0;POINT (13.41947 52.45215)
4;2019;8;10;4;3;5;3;0;0;1;0;0;0;0;0;POINT (13.25967 52.51476)
2;2019;8;12;4;3;2;2;0;0;1;0;1;0;0;1;POINT (13.39517 52.49625)
3;2019;8;9;4;3;5;2;0;1;1;0;0;0;0;0;POINT (13.41019 52.52988)
11;2019;8;8;4;3;5;3;0;0;0;0;0;1;1;0;POINT (13.46707 52.52846)
3;2019;8;11;4;3;5;7;0;0;1;0;0;0;0;0;POINT (13.4271 52.55221)
11;2019;8;8;4;3;5;5;0;0;1;0;1;0;0;1;POINT (13.46709 52.52873)
7;2019;8;10;4;3;0;6;0;1;1;0;0;0;0;0;POINT (13.34915 52.49074)
3;2019;8;10;4;3;1;5;0;0;1;0;0;0;0;0;POINT (13.41061 52.59041)
4;2019;8;8;4;3;0;3;0;0;1;0;1;0;0;0;POINT (13.32012 52.47679)
12;2019;8;8;4;3;5;2;0;1;1;0;0;0;0;0;POINT (13.35313 52.568)
1;2019;8;7;4;3;8;1;0;0;1;0;0;0;0;0;POINT (13.36425 52.50611)
2;2019;8;6;4;3;0;4;0;1;0;1;0;0;0;1;POINT (13.44551 52.49921)
11;2019;8;6;4;3;2;6;0;0;1;0;1;0;0;0;POINT (13.47553 52.5026)
1;2019;8;5;4;3;5;3;1;0;1;0;0;0;0;1;POINT (13.39434 52.54741)
4;2019;8;2;4;3;5;2;2;0;1;0;0;0;0;0;POINT (13.33088 52.48737)
2;2019;8;0;4;3;0;2;2;1;1;0;0;0;0;1;POINT (13.44157 52.50128)
12;2019;7;2;3;3;0;7;2;1;0;0;0;0;0;0;POINT (13.3315 52.57557)
4;2019;7;20;3;3;5;2;1;0;1;0;0;0;0;1;POINT (13.28097 52.47683)
12;2019;7;20;3;3;1;5;2;0;1;0;0;0;0;1;POINT (13.36223 52.57892)
12;2019;7;20;3;3;0;1;1;0;0;0;1;0;0;1;POINT (13.36444 52.56267)
2;2019;7;19;3;3;5;5;1;0;1;0;1;0;0;0;POINT (13.3847 52.49002)
2;2019;7;23;3;3;5;7;2;0;1;0;1;0;0;1;POINT (13.42958 52.50958)
4;2019;7;22;3;3;0;1;2;0;0;0;1;0;0;1;POINT (13.32228 52.49307)
4;2019;7;18;3;3;5;2;0;0;1;0;0;0;0;0;POINT (13.31387 52.50629)
8;2019;7;18;3;3;5;3;0;0;1;0;0;0;0;0;POINT (13.4898 52.42005)
1;2019;7;17;3;3;2;6;0;0;1;0;0;0;0;1;POINT (13.41054 52.52866)
4;2019;7;17;3;3;0;6;0;0;1;0;1;0;0;1;POINT (13.31316 52.50138)
4;2019;7;17;3;2;0;1;0;1;0;0;0;0;0;1;POINT (13.29507 52.50414)
10;2019;7;17;3;3;6;4;0;0;1;1;0;0;0;1;POINT (13.56175 52.50564)
1;2019;7;17;3;2;5;2;0;1;1;0;0;0;0;1;POINT (13.40397 52.52272)
1;2019;7;16;3;3;0;5;0;0;1;0;1;0;0;1;POINT (13.3416 52.52552)
7;2019;7;16;3;3;2;6;0;0;1;0;0;0;0;1;POINT (13.39025 52.43948)
1;2019;7;16;3;3;5;3;0;0;1;0;0;0;0;1;POINT (13.38009 52.53279)
12;2019;7;15;3;3;5;2;0;1;1;0;0;0;0;1;POINT (13.30409 52.62216)
1;2019;7;15;3;3;2;6;0;0;1;0;0;0;0;1;POINT (13.35136 52.50961)
4;2019;7;10;3;3;5;2;0;0;1;0;0;0;0;0;POINT (13.3261 52.53839)
1;2019;7;9;3;3;5;7;0;1;1;0;0;0;0;0;POINT (13.34586 52.52501)
12;2019;7;9;3;2;4;6;0;1;0;0;0;0;0;0;POINT (13.31081 52.56806)
2;2019;7;9;3;3;2;6;0;0;1;0;1;0;0;0;POINT (13.3877 52.49304)
2;2019;7;7;3;3;5;2;0;1;1;0;0;0;0;0;POINT (13.41658 52.50204)
1;2019;7;15;3;2;5;7;0;0;1;0;0;0;0;0;POINT (13.39981 52.52956)
1;2019;7;7;3;3;5;3;0;1;0;0;0;0;1;0;POINT (13.40497 52.53407)
5;2019;7;7;3;3;5;2;0;0;0;0;1;0;1;0;POINT (13.24138 52.53859)
12;2019;7;4;3;3;5;3;1;1;1;0;0;0;0;0;POINT (13.3019 52.56904)
11;2019;7;2;3;3;0;1;2;1;0;0;0;0;0;0;POINT (13.52631 52.56923)
5;2019;7;14;3;3;6;4;0;0;1;1;0;0;0;0;POINT (13.20843 52.54883)
1;2019;7;14;3;3;5;3;0;0;1;0;0;0;0;0;POINT (13.3309 52.55889)
6;2019;7;12;3;3;5;3;0;0;0;0;1;0;1;0;POINT (13.29312 52.46756)
4;2019;7;12;3;3;5;3;0;0;1;0;0;0;1;0;POINT (13.30914 52.50038)
12;2019;7;11;3;2;5;7;0;0;1;0;1;0;0;0;POINT (13.28976 52.58261)
7;2019;7;10;3;3;1;5;0;1;1;0;0;0;0;0;POINT (13.35427 52.48734)
4;2019;7;10;3;3;5;3;0;1;0;0;0;0;0;0;POINT (13.25378 52.50505)
8;2019;7;10;3;3;6;4;0;0;1;1;0;0;0;0;POINT (13.43059 52.46874)
12;2019;7;9;2;3;0;6;0;1;1;0;0;0;0;0;POINT (13.35128 52.56762)
3;2019;7;7;2;3;6;7;0;0;1;1;0;0;0;0;POINT (13.41854 52.56222)
10;2019;7;9;2;3;5;3;0;0;1;0;0;0;0;0;POINT (13.59751 52.50234)
3;2019;7;8;2;3;2;2;0;0;1;0;0;0;0;1;POINT (13.46844 52.55979)
1;2019;7;8;2;3;3;6;0;1;0;0;0;0;0;0;POINT (13.38377 52.53077)
1;2019;7;0;2;2;5;2;2;0;1;0;1;0;0;0;POINT (13.40571 52.51408)
9;2019;7;6;2;2;1;5;0;1;1;0;0;0;0;0;POINT (13.50394 52.44435)
11;2019;7;17;2;3;5;3;0;0;1;0;0;0;0;0;POINT (13.53203 52.48403)
4;2019;7;16;2;2;1;5;0;1;1;0;0;0;0;0;POINT (13.29938 52.47441)
5;2019;7;16;2;2;5;7;0;0;1;0;1;0;0;0;POINT (13.19888 52.53376)
1;2019;7;15;2;3;5;2;0;1;1;0;0;0;0;0;POINT (13.34803 52.55613)
4;2019;7;15;2;3;5;7;0;0;1;0;1;0;0;0;POINT (13.31765 52.5069)
1;2019;7;15;2;3;0;3;0;0;1;0;1;0;0;0;POINT (13.34673 52.50489)
2;2019;7;23;2;3;0;1;2;1;0;0;0;0;0;0;POINT (13.37917 52.49245)
1;2019;7;15;2;3;6;4;0;0;0;1;1;0;0;0;POINT (13.38989 52.55019)
3;2019;7;20;2;3;1;5;1;1;1;0;0;0;0;0;POINT (13.44 52.54387)
4;2019;7;13;2;3;0;7;0;0;1;0;1;0;0;0;POINT (13.26895 52.51845)
1;2019;7;20;2;2;0;1;0;1;0;0;0;0;0;0;POINT (13.34065 52.50518)
8;2019;7;14;2;3;5;3;0;0;1;0;1;0;0;0;POINT (13.42382 52.47728)
1;2019;7;20;2;3;5;3;0;0;1;0;0;0;0;0;POINT (13.3522 52.50632)
5;2019;7;20;2;3;5;3;0;1;1;0;0;0;0;0;POINT (13.16677 52.53351)
7;2019;7;19;2;3;5;7;0;0;1;0;1;0;0;0;POINT (13.34129 52.50045)
9;2019;7;13;2;3;3;1;0;1;0;0;0;0;1;0;POINT (13.48081 52.47267)
5;2019;7;12;2;3;2;2;0;1;1;0;0;0;0;0;POINT (13.14423 52.45431)
8;2019;7;18;2;3;2;6;0;0;1;0;0;0;0;0;POINT (13.4455 52.47913)
6;2019;7;18;2;3;5;2;0;1;1;0;0;0;0;0;POINT (13.25032 52.45365)
4;2019;7;18;2;3;3;6;0;0;1;0;0;0;0;0;POINT (13.30182 52.51032)
9;2019;7;17;2;3;2;7;0;0;1;0;1;0;0;0;POINT (13.50677 52.43699)
8;2019;7;17;2;3;5;3;0;1;0;0;0;0;1;0;POINT (13.4394 52.42414)
9;2019;7;10;2;2;1;5;0;0;1;0;1;0;0;0;POINT (13.62173 52.44644)
1;2019;7;9;2;3;1;5;0;1;0;0;0;1;0;0;POINT (13.39648 52.55998)
8;2019;7;12;2;3;5;2;0;0;1;0;0;0;1;0;POINT (13.49356 52.43026)
7;2019;7;14;2;1;6;2;0;0;0;1;0;1;0;0;POINT (13.34615 52.50097)
2;2019;7;13;1;3;5;2;0;1;0;0;0;0;1;0;POINT (13.44068 52.51726)
7;2019;7;15;1;3;0;7;0;1;0;0;0;0;0;0;POINT (13.39999 52.4135)
10;2019;7;12;1;3;0;1;0;1;0;0;0;0;0;0;POINT (13.60205 52.48328)
1;2019;7;22;1;3;2;6;2;0;1;0;1;0;0;1;POINT (13.39158 52.55543)
3;2019;7;21;1;3;0;2;2;0;1;0;1;0;0;1;POINT (13.40651 52.56538)
2;2019;7;20;1;3;1;1;0;0;1;0;1;0;0;1;POINT (13.4596 52.50908)
1;2019;7;18;1;3;5;2;0;1;0;0;0;0;1;1;POINT (13.39115 52.53621)
4;2019;7;18;1;3;0;6;0;0;1;0;1;0;0;1;POINT (13.32179 52.50172)
6;2019;7;18;1;3;0;5;0;1;1;0;0;0;0;1;POINT (13.29464 52.44225)
1;2019;7;18;1;3;2;6;0;0;1;0;0;0;0;1;POINT (13.37497 52.54816)
1;2019;7;16;1;3;2;6;0;0;1;0;0;0;0;0;POINT (13.39318 52.52491)
5;2019;7;16;1;3;5;7;0;1;1;0;0;0;0;0;POINT (13.20902 52.54654)
6;2019;7;19;1;3;2;6;0;0;1;0;0;0;0;1;POINT (13.34204 52.46337)
1;2019;7;17;1;3;1;5;0;1;1;0;0;0;0;1;POINT (13.39251 52.51228)
4;2019;7;16;1;3;5;2;0;0;1;0;1;0;0;0;POINT (13.33271 52.47869)
1;2019;7;16;1;3;5;2;0;1;1;0;0;0;0;0;POINT (13.39186 52.5498)
3;2019;7;19;1;3;0;7;0;0;1;0;0;0;0;1;POINT (13.44221 52.56974)
4;2019;7;15;1;2;5;3;0;1;1;0;0;0;0;0;POINT (13.33278 52.47972)
11;2019;7;15;1;3;5;2;0;1;0;0;0;0;1;0;POINT (13.516 52.53695)
1;2019;7;15;1;3;2;7;0;1;1;0;0;0;0;0;POINT (13.38107 52.53216)
4;2019;7;14;1;2;2;6;0;0;1;0;1;0;0;0;POINT (13.3083 52.47697)
9;2019;7;15;1;3;2;2;0;0;1;0;0;0;0;0;POINT (13.55432 52.4557)
5;2019;7;14;1;3;0;1;0;0;0;0;1;0;0;0;POINT (13.15133 52.55379)
4;2019;7;14;1;3;5;2;0;0;0;0;0;1;1;0;POINT (13.31265 52.49931)
2;2019;7;14;1;3;5;3;0;0;1;0;0;0;0;0;POINT (13.46471 52.50697)
9;2019;7;13;1;3;3;2;0;0;1;0;1;0;0;0;POINT (13.54691 52.43152)
7;2019;7;12;1;2;6;7;0;0;0;1;0;0;1;0;POINT (13.36413 52.47646)
4;2019;7;12;1;3;2;6;0;0;1;0;0;0;0;0;POINT (13.2762 52.51884)
3;2019;7;12;1;3;5;2;0;1;1;0;0;0;0;0;POINT (13.3995 52.55257)
2;2019;7;11;1;3;5;3;0;1;1;0;0;0;0;0;POINT (13.38616 52.48503)
10;2019;7;11;1;2;5;2;0;0;1;0;0;0;0;0;POINT (13.58792 52.52071)
9;2019;7;9;1;3;6;4;0;0;1;1;0;0;0;0;POINT (13.53902 52.42157)
2;2019;7;9;1;3;5;2;0;1;1;0;0;0;0;0;POINT (13.44061 52.51702)
4;2019;7;9;1;3;2;6;0;0;1;0;0;0;0;0;POINT (13.31481 52.48135)
5;2019;7;11;1;2;8;1;0;0;1;0;0;0;0;0;POINT (13.20789 52.52644)
2;2019;7;18;1;3;0;1;0;1;0;0;0;0;0;1;POINT (13.43206 52.50572)
2;2019;7;19;1;3;0;1;0;1;0;0;0;0;0;1;POINT (13.39079 52.50453)
4;2019;7;8;1;3;3;6;0;0;1;0;0;0;1;0;POINT (13.32616 52.53823)
8;2019;7;7;1;3;2;2;0;1;1;0;0;0;0;0;POINT (13.42904 52.4719)
2;2019;7;6;1;3;2;6;0;0;1;0;1;0;0;0;POINT (13.45159 52.51077)
6;2019;7;20;7;3;0;1;0;1;0;0;0;0;0;0;POINT (13.30465 52.41804)
7;2019;7;14;7;3;2;6;0;0;1;0;1;0;0;0;POINT (13.33872 52.49433)
5;2019;7;13;7;3;2;6;0;0;1;0;0;0;0;0;POINT (13.2386 52.5392)
1;2019;7;17;7;3;0;7;0;0;0;0;0;0;1;0;POINT (13.39526 52.52044)
1;2019;7;22;7;3;0;4;2;0;0;1;1;0;0;0;POINT (13.40054 52.52167)
8;2019;7;18;7;3;0;1;0;1;0;0;0;0;0;0;POINT (13.45455 52.46537)
8;2019;7;16;7;3;5;7;0;0;1;0;0;0;0;0;POINT (13.46588 52.43607)
1;2019;7;16;7;3;1;5;0;0;1;0;0;0;1;0;POINT (13.3755 52.5194)
7;2019;7;15;7;2;2;6;0;0;1;0;1;0;0;0;POINT (13.34821 52.46363)
1;2019;7;15;7;3;0;1;0;0;0;0;0;0;1;0;POINT (13.42229 52.52441)
2;2019;7;9;7;3;5;2;0;1;0;0;0;0;1;0;POINT (13.46617 52.4968)
2;2019;7;10;6;3;0;1;0;1;0;0;0;0;0;0;POINT (13.41316 52.50238)
2;2019;7;17;6;3;0;3;0;1;1;0;0;0;0;0;POINT (13.43671 52.52349)
8;2019;7;23;6;3;0;7;2;1;0;0;0;0;1;0;POINT (13.44507 52.47934)
6;2019;7;18;6;3;5;3;0;1;1;0;0;0;0;0;POINT (13.25596 52.43591)
8;2019;7;18;6;3;0;6;0;0;1;0;1;0;0;0;POINT (13.43156 52.49234)
1;2019;7;17;6;3;2;6;0;0;1;0;0;0;0;0;POINT (13.3343 52.54113)
4;2019;7;16;6;3;2;6;0;0;1;0;0;0;0;0;POINT (13.33642 52.49794)
4;2019;7;16;6;3;5;2;0;0;1;0;0;0;0;0;POINT (13.30202 52.50798)
1;2019;7;16;6;3;5;2;0;1;1;0;0;0;0;0;POINT (13.38794 52.56071)
6;2019;7;15;6;2;6;4;0;0;1;1;0;0;0;0;POINT (13.25073 52.44977)
8;2019;7;23;6;3;0;6;2;0;0;0;1;0;0;0;POINT (13.42936 52.48649)
1;2019;8;7;3;3;6;4;0;0;1;1;0;0;0;0;POINT (13.34436 52.51688)
5;2019;8;6;3;3;5;2;0;0;1;0;0;0;0;0;POINT (13.18465 52.5154)
9;2019;8;7;3;2;6;7;0;0;0;1;0;0;1;0;POINT (13.62264 52.44671)
5;2019;8;7;3;3;0;1;0;1;0;0;0;0;0;0;POINT (13.21749 52.57316)
3;2019;8;18;2;3;0;5;0;1;1;0;0;0;0;0;POINT (13.41071 52.5508)
1;2019;8;17;2;2;6;7;0;0;0;1;0;0;1;0;POINT (13.36058 52.52343)
1;2019;8;13;2;3;6;4;0;1;0;1;0;0;0;0;POINT (13.40034 52.51898)
3;2019;8;18;2;3;1;5;0;1;1;0;0;0;1;0;POINT (13.41086 52.53966)
9;2019;8;16;2;2;6;4;0;0;0;1;1;0;0;0;POINT (13.53409 52.45724)
3;2019;8;16;2;3;5;2;0;1;1;0;0;0;0;0;POINT (13.44464 52.54562)
1;2019;8;15;2;3;2;6;0;0;1;0;0;0;0;0;POINT (13.32881 52.524)
8;2019;8;18;2;3;1;5;1;1;1;0;0;0;0;0;POINT (13.4469 52.4861)
7;2019;8;18;2;3;6;2;0;0;1;1;0;0;0;0;POINT (13.38552 52.46859)
7;2019;8;18;2;3;6;4;0;0;1;1;0;0;0;0;POINT (13.34593 52.49875)
10;2019;8;18;2;3;1;5;0;1;1;0;0;0;0;0;POINT (13.59807 52.48935)
3;2019;8;17;2;3;3;6;0;1;0;0;0;0;0;0;POINT (13.42507 52.54099)
8;2019;8;17;2;3;5;2;0;1;1;0;0;0;0;0;POINT (13.44279 52.46508)
2;2019;8;17;2;3;5;2;0;1;1;0;0;0;0;0;POINT (13.46227 52.51322)
7;2019;8;17;2;3;2;2;0;1;1;0;0;0;0;0;POINT (13.32843 52.46896)
7;2019;8;17;2;2;0;1;0;0;0;0;0;0;1;0;POINT (13.38163 52.45943)
1;2019;8;8;2;3;0;6;0;1;0;0;0;0;0;0;POINT (13.41097 52.52577)
2;2019;8;12;2;3;0;7;0;0;0;0;1;0;0;0;POINT (13.45111 52.50229)
1;2019;8;16;2;3;5;3;0;1;1;0;1;0;0;0;POINT (13.40054 52.50999)
7;2019;8;15;2;3;5;2;0;0;1;0;1;0;0;0;POINT (13.37807 52.46637)
9;2019;8;15;2;3;2;1;0;0;1;0;0;0;0;0;POINT (13.47859 52.47158)
4;2019;8;14;2;3;5;3;0;0;1;0;1;0;0;0;POINT (13.29276 52.50683)
12;2019;8;14;2;3;2;6;0;0;1;0;0;0;0;0;POINT (13.24915 52.5521)
5;2019;8;13;2;3;2;6;0;0;1;0;0;0;0;0;POINT (13.19683 52.51318)
4;2019;8;13;2;3;5;2;0;1;0;0;0;1;0;0;POINT (13.3307 52.49082)
3;2019;8;16;2;3;3;6;0;1;1;0;0;0;0;0;POINT (13.46143 52.54945)
4;2019;8;15;2;2;5;2;0;0;1;0;0;0;0;0;POINT (13.33079 52.48727)
9;2019;8;12;2;3;5;7;0;0;1;0;0;0;1;0;POINT (13.58079 52.46007)
8;2019;8;15;2;3;1;5;0;0;1;0;0;0;0;0;POINT (13.41804 52.4186)
9;2019;8;12;2;3;1;5;0;1;0;0;0;0;1;0;POINT (13.62507 52.45379)
1;2019;8;11;2;3;3;7;0;1;1;0;0;0;0;0;POINT (13.41803 52.51524)
1;2019;8;8;2;3;2;6;0;1;1;0;0;0;0;0;POINT (13.3632 52.50355)
5;2019;8;8;2;3;5;7;0;0;1;0;1;0;0;0;POINT (13.17851 52.52556)
10;2019;8;11;2;3;2;6;0;0;1;0;0;1;0;0;POINT (13.5497 52.54271)
3;2019;8;6;2;2;0;7;0;1;0;0;0;0;0;0;POINT (13.39913 52.55468)
5;2019;8;10;2;3;0;2;0;1;1;0;0;0;0;0;POINT (13.17166 52.51102)
1;2019;8;6;2;3;5;2;0;1;1;0;0;0;0;0;POINT (13.33651 52.54212)
8;2019;8;1;2;3;6;7;2;0;0;1;0;0;1;0;POINT (13.44287 52.48026)
9;2019;8;9;2;3;5;3;0;1;1;0;0;0;0;0;POINT (13.479 52.44306)
10;2019;8;9;2;3;0;7;0;0;1;0;1;0;0;1;POINT (13.58449 52.54037)
8;2019;8;9;2;3;5;2;0;1;1;0;0;0;0;0;POINT (13.44096 52.48136)
2;2019;8;8;2;3;5;3;0;0;1;0;1;0;0;0;POINT (13.42864 52.51955)
5;2019;8;20;1;3;2;2;0;1;0;0;0;0;0;0;POINT (13.16921 52.52063)
7;2019;8;12;1;3;2;7;0;1;1;0;0;0;0;0;POINT (13.33091 52.46722)
4;2019;8;15;1;3;2;6;2;0;1;0;0;0;0;0;POINT (13.27692 52.51855)
8;2019;8;20;1;3;5;2;0;1;0;0;0;1;0;0;POINT (13.46005 52.43204)
11;2019;8;19;1;3;6;4;0;1;0;1;0;0;0;0;POINT (13.46927 52.53158)
10;2019;8;18;1;3;5;2;0;1;1;0;0;0;0;0;POINT (13.61988 52.53953)
7;2019;8;18;1;2;5;5;0;0;1;0;0;0;0;0;POINT (13.40939 52.43909)
1;2019;8;20;1;2;1;5;1;1;0;0;0;0;1;0;POINT (13.39257 52.53205)
11;2019;8;15;1;3;0;2;0;0;1;0;1;0;0;0;POINT (13.48655 52.54098)
5;2019;8;18;1;3;5;2;0;1;1;0;0;0;0;0;POINT (13.21582 52.52678)
1;2019;8;17;1;3;5;2;0;0;1;0;1;0;0;0;POINT (13.40118 52.51042)
7;2019;8;13;1;3;6;7;0;1;0;1;0;0;0;0;POINT (13.36297 52.49395)
2;2019;8;13;1;3;2;6;0;1;0;0;0;0;0;0;POINT (13.38887 52.49917)
4;2019;8;13;1;3;5;3;0;0;1;0;0;0;0;0;POINT (13.29001 52.48222)
2;2019;8;17;1;3;0;2;0;0;1;0;1;0;0;0;POINT (13.37436 52.4887)
5;2019;8;16;1;3;0;2;0;1;1;0;0;0;0;0;POINT (13.12482 52.52812)
11;2019;8;16;1;2;0;7;0;1;0;0;0;0;0;0;POINT (13.49076 52.49315)
12;2019;8;16;1;3;5;3;0;1;1;0;0;0;0;0;POINT (13.31082 52.60404)
5;2019;8;16;1;3;0;4;0;0;0;1;0;0;1;0;POINT (13.17602 52.52454)
5;2019;8;15;1;3;2;2;0;0;1;0;0;0;1;0;POINT (13.18963 52.53689)
10;2019;8;15;1;2;5;3;0;0;1;0;1;0;0;0;POINT (13.56206 52.56649)
12;2019;8;15;1;3;6;2;0;0;1;1;0;0;0;0;POINT (13.32977 52.5691)
11;2019;8;14;1;3;0;2;0;1;0;0;0;0;1;0;POINT (13.47718 52.52026)
1;2019;8;14;1;3;3;5;0;1;1;0;0;0;0;0;POINT (13.38378 52.52999)
6;2019;8;15;1;3;5;3;0;0;1;0;0;0;0;0;POINT (13.31587 52.44174)
4;2019;8;10;1;3;5;3;0;1;1;0;0;0;0;0;POINT (13.31333 52.48001)
12;2019;8;10;1;3;5;2;0;1;1;0;0;0;0;0;POINT (13.3245 52.56489)
3;2019;8;9;1;3;6;3;0;0;1;1;0;0;0;0;POINT (13.43234 52.60473)
11;2019;8;12;1;2;5;3;0;1;1;0;0;0;0;0;POINT (13.53255 52.51071)
2;2019;8;12;1;3;0;1;0;1;0;0;0;0;0;0;POINT (13.43037 52.50334)
9;2019;8;10;1;3;5;5;0;0;1;0;0;0;0;0;POINT (13.69988 52.40398)
1;2019;8;8;1;3;2;6;0;0;1;0;1;0;0;0;POINT (13.41589 52.52741)
7;2019;8;8;1;3;5;3;0;1;1;0;0;0;0;0;POINT (13.35297 52.49932)
7;2019;8;8;1;3;3;6;0;1;1;0;0;0;0;0;POINT (13.35833 52.48645)
1;2019;8;7;1;3;5;3;0;0;1;0;0;0;0;0;POINT (13.39115 52.53621)
4;2019;8;14;7;3;0;6;0;0;1;0;1;0;0;0;POINT (13.30789 52.4969)
8;2019;8;10;7;3;0;6;0;1;1;0;0;0;0;0;POINT (13.47557 52.44072)