bez;ujahr;umonat;ustunde;uwochentag;ukategorie;uart;utyp1;ulichtverh;istrad;istpkw;istfuss;istkrad;istgkfz;istsonstige;ustrzustand;geometry
8;2019;8;22;7;3;5;2;2;1;1;0;0;0;0;0;POINT (13.41949 52.47361)
8;2019;8;21;7;3;0;1;2;0;0;0;1;0;0;0;POINT (13.42415 52.48648)
2;2019;8;14;7;3;5;3;0;1;1;0;0;0;0;0;POINT (13.37957 52.4923)
12;2019;8;14;7;3;1;5;0;0;1;0;0;0;0;0;POINT (13.32267 52.57586)
6;2019;8;13;7;3;0;1;0;1;0;0;0;0;0;0;POINT (13.26227 52.45156)
4;2019;8;13;7;3;5;3;0;0;1;0;1;0;0;0;POINT (13.25984 52.51618)
6;2019;8;13;7;3;2;6;0;0;1;0;1;0;0;0;POINT (13.32621 52.42784)
8;2019;8;13;7;3;5;2;0;0;1;0;0;0;0;0;POINT (13.42111 52.48024)
3;2019;8;12;7;3;0;1;0;1;0;0;0;0;0;0;POINT (13.43896 52.54716)
2;2019;8;12;7;3;5;3;0;0;1;0;0;0;0;0;POINT (13.4325 52.50247)
4;2019;8;12;7;3;2;6;0;0;1;0;1;0;0;0;POINT (13.28436 52.49584)
1;2019;8;12;7;3;2;6;0;0;1;0;0;0;0;0;POINT (13.38096 52.5524)
9;2019;8;20;7;3;2;5;0;0;1;0;0;0;0;0;POINT (13.62612 52.44678)
11;2019;8;20;7;2;5;2;1;1;1;0;0;0;0;0;POINT (13.48672 52.5025)
1;2019;8;19;7;3;5;2;0;1;1;0;0;0;0;0;POINT (13.33402 52.52112)
9;2019;8;18;7;3;5;2;0;1;1;0;0;0;0;0;POINT (13.56475 52.43862)
8;2019;8;18;7;3;5;3;0;0;1;0;1;0;0;0;POINT (13.42903 52.48539)
10;2019;8;17;7;3;5;3;0;0;1;0;0;0;0;0;POINT (13.61307 52.50865)
12;2019;8;17;7;3;5;3;0;0;1;0;1;0;0;0;POINT (13.28058 52.63015)
5;2019;8;15;7;2;5;2;0;0;1;0;0;0;0;0;POINT (13.1846 52.54753)
12;2019;8;15;7;3;2;6;0;0;1;0;0;0;1;0;POINT (13.35036 52.59637)
6;2019;8;15;7;3;0;7;0;1;0;0;0;0;0;0;POINT (13.26583 52.43062)
8;2019;8;14;7;3;0;7;0;0;1;0;1;0;0;0;POINT (13.43527 52.42593)
1;2019;8;10;7;3;1;5;0;1;1;0;0;0;0;0;POINT (13.35319 52.54143)
9;2019;8;8;7;3;5;3;0;0;1;0;0;0;1;0;POINT (13.55431 52.44764)
5;2019;8;7;3;3;5;2;0;0;1;0;1;0;0;0;POINT (13.14928 52.55417)
5;2019;8;8;7;3;6;2;0;0;1;1;0;0;0;0;POINT (13.19977 52.53478)
3;2019;8;1;7;3;1;5;2;1;1;0;0;0;0;0;POINT (13.40254 52.59674)
3;2019;8;17;6;1;0;7;0;0;0;0;0;0;1;0;POINT (13.47019 52.56637)
3;2019;8;12;6;3;0;4;0;1;0;1;0;0;0;0;POINT (13.40983 52.54738)
3;2019;8;13;6;3;5;2;0;1;1;0;0;0;0;0;POINT (13.39422 52.56498)
4;2019;8;13;6;3;5;3;0;0;1;0;1;0;0;0;POINT (13.32989 52.50545)
11;2019;8;12;6;3;2;6;0;0;1;0;0;0;0;0;POINT (13.50792 52.54854)
3;2019;8;12;6;3;5;3;0;0;1;0;0;0;0;0;POINT (13.47543 52.61151)
9;2019;8;12;6;3;5;3;0;0;1;0;0;0;0;0;POINT (13.51405 52.46237)
4;2019;8;11;6;3;5;3;0;1;1;0;0;0;0;0;POINT (13.30175 52.46843)
5;2019;8;11;6;2;5;2;0;1;1;0;0;0;0;0;POINT (13.20854 52.56155)
6;2019;8;11;6;3;2;2;0;0;1;0;0;0;0;0;POINT (13.3278 52.42564)
9;2019;8;11;6;2;5;3;0;0;1;0;0;0;0;0;POINT (13.57347 52.39439)
5;2019;8;11;6;3;5;3;0;1;1;0;0;0;0;0;POINT (13.15575 52.53308)
9;2019;8;9;6;3;2;2;0;0;1;0;0;0;0;0;POINT (13.4885 52.45131)
1;2019;8;9;6;3;5;3;0;0;1;0;0;0;0;0;POINT (13.38903 52.51563)
12;2019;8;0;6;3;4;6;2;0;1;0;0;0;0;1;POINT (13.32926 52.60943)
5;2019;8;19;6;3;2;6;0;0;1;0;0;0;0;0;POINT (13.25898 52.54793)
4;2019;8;18;6;3;2;6;0;0;1;0;0;0;0;0;POINT (13.32824 52.47885)
3;2019;8;17;6;3;2;2;0;0;1;0;0;0;0;0;POINT (13.42647 52.54297)
4;2019;8;17;6;3;0;1;0;0;0;0;1;0;0;0;POINT (13.30199 52.48848)
1;2019;8;16;6;3;4;6;0;0;1;0;0;0;0;0;POINT (13.36045 52.55746)
9;2019;8;16;6;3;5;3;0;1;1;0;0;0;0;0;POINT (13.53267 52.4572)
4;2019;8;15;6;3;5;2;0;0;1;0;0;0;0;0;POINT (13.32611 52.53837)
2;2019;8;23;6;3;5;3;2;0;1;0;0;0;0;0;POINT (13.40258 52.50209)
7;2019;8;20;6;3;5;3;0;0;1;0;0;0;0;0;POINT (13.40925 52.38221)
3;2019;8;3;6;3;0;1;2;0;0;0;1;0;0;0;POINT (13.40818 52.54137)
1;2019;8;17;5;3;5;2;0;1;1;0;0;0;0;0;POINT (13.38313 52.5306)
2;2019;8;16;5;3;0;4;0;1;0;1;0;0;0;0;POINT (13.37915 52.5069)
2;2019;8;19;5;3;1;7;0;0;1;0;0;0;0;0;POINT (13.40043 52.48886)
4;2019;8;21;5;3;3;6;2;1;1;0;0;0;0;0;POINT (13.33164 52.50645)
12;2019;8;17;5;3;2;6;0;1;1;0;0;0;0;0;POINT (13.32728 52.56419)
8;2019;8;22;5;3;1;5;2;1;1;0;0;0;0;0;POINT (13.42833 52.48121)
2;2019;8;17;5;3;1;5;0;1;1;0;0;0;0;0;POINT (13.39581 52.50393)
2;2019;8;20;5;3;5;3;0;0;1;0;1;0;0;0;POINT (13.4111 52.50353)
8;2019;8;17;5;3;3;6;0;1;1;0;0;0;0;0;POINT (13.42434 52.48603)
9;2019;8;19;5;3;5;3;0;1;0;0;0;0;1;0;POINT (13.56802 52.40309)
3;2019;8;18;5;3;5;7;0;0;1;0;0;0;0;0;POINT (13.4185 52.55347)
6;2019;8;21;5;3;1;7;2;0;1;0;0;0;0;0;POINT (13.31566 52.42494)
4;2019;8;17;5;2;1;5;0;1;1;0;0;0;0;0;POINT (13.29831 52.48357)
4;2019;8;19;5;2;0;1;0;0;0;0;1;0;0;0;POINT (13.29695 52.50237)
8;2019;8;18;5;3;0;7;0;0;1;0;1;0;0;0;POINT (13.42487 52.48188)
7;2019;8;8;5;3;0;7;0;0;0;1;0;0;1;0;POINT (13.40349 52.44807)
9;2019;8;8;5;3;0;2;0;1;1;0;0;0;0;0;POINT (13.52484 52.46286)
12;2019;8;8;5;3;5;2;0;1;1;0;0;0;0;0;POINT (13.30055 52.57858)
7;2019;8;8;5;3;2;2;0;1;1;0;0;0;0;0;POINT (13.35467 52.49963)
12;2019;8;8;5;3;3;6;0;0;1;0;0;1;0;0;POINT (13.28603 52.58739)
4;2019;8;7;5;3;0;7;0;0;1;0;1;0;0;0;POINT (13.31383 52.54202)
12;2019;8;7;5;3;4;6;0;1;0;0;0;0;0;0;POINT (13.2845 52.66015)
4;2019;8;13;5;3;5;2;0;0;1;0;1;0;0;0;POINT (13.19847 52.47695)
1;2019;8;16;5;3;1;1;0;1;1;0;0;0;0;0;POINT (13.39188 52.53198)
9;2019;8;13;5;3;6;4;0;1;0;1;0;0;0;0;POINT (13.48464 52.47878)
11;2019;8;16;5;2;5;3;0;1;1;0;0;0;0;0;POINT (13.51154 52.5507)
1;2019;8;13;5;3;1;5;0;1;1;0;0;0;0;0;POINT (13.3771 52.52962)
7;2019;8;13;5;3;2;6;0;0;1;0;0;0;0;0;POINT (13.36344 52.47899)
3;2019;8;13;5;3;5;3;0;0;1;0;1;0;0;0;POINT (13.39757 52.57126)
9;2019;8;11;5;3;0;1;0;1;0;0;0;0;0;0;POINT (13.58006 52.45554)
1;2019;8;11;5;3;2;7;0;0;1;0;1;0;0;0;POINT (13.38962 52.5121)
12;2019;8;10;5;2;6;4;0;0;1;1;0;0;0;0;POINT (13.22998 52.62497)
5;2019;8;10;5;3;0;2;0;0;1;0;1;0;0;0;POINT (13.19954 52.53469)
3;2019;8;9;5;3;5;2;0;1;0;0;0;0;0;0;POINT (13.45106 52.55231)
1;2019;8;9;5;3;5;2;0;1;1;0;0;0;0;0;POINT (13.34517 52.53912)
9;2019;8;9;5;3;5;2;0;1;1;0;0;0;0;0;POINT (13.45785 52.48619)
5;2019;8;15;5;2;6;4;0;0;1;1;0;0;0;0;POINT (13.19575 52.53339)
1;2019;8;15;5;3;5;2;0;1;1;0;1;0;0;0;POINT (13.35162 52.55059)
2;2019;8;14;5;3;3;6;0;1;0;0;0;0;1;0;POINT (13.3844 52.50278)
5;2019;8;14;5;3;5;2;0;0;1;0;0;0;0;0;POINT (13.15781 52.54309)
11;2019;8;13;5;3;2;6;0;0;1;0;0;0;1;0;POINT (13.47778 52.53076)
4;2019;8;2;5;3;0;1;2;1;0;0;0;0;0;0;POINT (13.30811 52.48769)
3;2019;8;23;5;3;9;1;2;0;0;0;0;0;1;0;POINT (13.4123 52.53797)
4;2019;8;14;4;2;5;2;0;0;1;0;1;0;0;0;POINT (13.33083 52.5005)
5;2019;8;16;4;2;5;2;0;0;1;0;0;0;0;0;POINT (13.19452 52.5337)
11;2019;8;19;4;3;4;6;0;1;0;0;0;0;0;0;POINT (13.47979 52.52528)
4;2019;8;17;4;3;6;4;0;1;0;1;0;0;0;0;POINT (13.33139 52.50674)
9;2019;8;18;4;3;5;2;0;1;1;0;0;0;0;0;POINT (13.51404 52.46233)
6;2019;8;17;4;3;2;6;0;0;1;0;1;0;0;0;POINT (13.35907 52.4342)
6;2019;8;16;4;3;5;3;0;1;1;0;0;0;0;0;POINT (13.27034 52.42747)
1;2019;8;16;4;3;2;2;0;0;1;0;1;0;0;0;POINT (13.34936 52.50863)
1;2019;8;18;4;3;3;2;0;1;1;0;0;0;0;0;POINT (13.41373 52.50748)
9;2019;8;16;4;2;5;2;0;1;1;0;0;0;0;0;POINT (13.52524 52.45904)
8;2019;8;15;4;3;5;3;0;1;0;0;0;0;0;0;POINT (13.45476 52.47525)
2;2019;8;15;4;3;1;5;0;1;1;0;0;0;0;0;POINT (13.39108 52.50314)
1;2019;8;15;4;3;2;6;0;1;1;0;0;0;0;0;POINT (13.39132 52.50775)
8;2019;8;14;4;3;0;3;0;0;1;0;0;0;1;0;POINT (13.43513 52.48408)
1;2019;8;14;4;3;5;2;0;1;0;0;0;0;1;0;POINT (13.3797 52.5402)
5;2019;8;14;4;3;3;6;0;0;1;0;1;0;0;0;POINT (13.2031 52.54084)
2;2019;8;14;4;3;2;6;0;0;1;0;0;0;1;0;POINT (13.42653 52.51554)
8;2019;8;14;4;3;5;2;0;1;1;0;0;0;0;0;POINT (13.45425 52.4529)
11;2019;8;13;4;3;5;3;0;1;1;0;0;0;0;0;POINT (13.5267 52.5691)
1;2019;8;10;4;3;5;2;0;1;1;0;0;0;0;0;POINT (13.33191 52.52215)
7;2019;8;21;4;3;6;7;2;1;0;1;0;0;0;0;POINT (13.35449 52.48771)
4;2019;8;19;4;2;5;2;0;0;1;0;1;0;0;0;POINT (13.2868 52.49582)
6;2019;8;8;4;3;5;5;0;1;1;0;0;0;0;0;POINT (13.30474 52.46352)
12;2019;8;10;4;2;5;3;0;0;1;0;0;0;0;0;POINT (13.31306 52.58549)
3;2019;8;8;4;3;5;3;0;1;0;0;0;0;0;0;POINT (13.46986 52.56427)
3;2019;8;8;4;3;5;7;0;0;1;0;1;0;0;0;POINT (13.46161 52.53066)
1;2019;8;9;4;3;0;1;0;1;0;0;0;0;0;1;POINT (13.37774 52.50802)
8;2019;8;8;4;3;2;6;0;0;1;0;0;0;0;0;POINT (13.43385 52.44382)
5;2019;8;8;4;3;5;3;0;1;1;0;0;0;0;0;POINT (13.13174 52.5496)
10;2019;8;6;4;2;6;4;0;0;1;1;0;0;0;0;POINT (13.5676 52.55601)
5;2019;8;8;3;3;6;7;0;1;0;1;0;0;0;0;POINT (13.23187 52.53868)
1;2019;8;14;3;3;5;2;0;1;0;0;0;0;0;1;POINT (13.39087 52.51574)
9;2019;8;12;3;2;6;7;0;1;0;1;0;0;0;0;POINT (13.51528 52.45306)
7;2019;8;11;3;3;3;6;0;0;1;0;0;0;0;0;POINT (13.39976 52.45909)
4;2019;8;11;3;2;6;4;0;0;1;1;0;0;0;0;POINT (13.30786 52.49697)
2;2019;8;11;3;3;2;6;0;0;1;0;0;0;0;0;POINT (13.37989 52.49268)
2;2019;8;9;3;3;6;4;0;1;0;1;0;0;0;0;POINT (13.4 52.49451)
8;2019;8;9;3;3;6;4;0;0;1;1;0;0;0;0;POINT (13.44866 52.4213)
4;2019;8;9;3;3;5;7;0;0;1;0;0;0;0;0;POINT (13.28925 52.50664)
4;2019;8;9;3;3;5;3;0;1;1;0;0;0;0;0;POINT (13.31512 52.49089)
6;2019;8;9;3;2;5;3;0;1;1;0;0;0;0;0;POINT (13.29465 52.42932)
1;2019;8;8;3;3;0;6;0;0;1;0;1;0;0;0;POINT (13.39697 52.537)
1;2019;8;7;3;3;2;2;0;0;1;0;1;0;0;0;POINT (13.38422 52.50996)
8;2019;8;3;3;3;5;3;2;1;1;0;0;0;0;0;POINT (13.46069 52.46825)
1;2019;8;20;3;3;5;3;0;0;1;0;1;0;0;0;POINT (13.36099 52.50222)
4;2019;8;7;3;3;5;2;0;0;1;0;0;0;0;0;POINT (13.33077 52.49316)
12;2019;8;12;3;3;5;3;0;0;1;0;0;0;0;0;POINT (13.30035 52.61851)
12;2019;8;12;3;3;0;1;0;1;0;0;0;0;0;0;POINT (13.32611 52.56458)
3;2019;8;7;3;3;2;6;0;0;1;0;0;0;0;0;POINT (13.37577 52.59093)
6;2019;8;2;3;3;9;1;2;0;1;0;0;0;0;0;POINT (13.35271 52.4411)
2;2019;8;16;3;3;5;3;0;0;1;0;0;0;0;0;POINT (13.39652 52.4913)
3;2019;8;8;3;3;3;6;0;1;1;0;0;0;0;0;POINT (13.4234 52.55555)
1;2019;8;15;3;3;6;7;0;0;0;1;0;0;1;0;POINT (13.40584 52.53077)
7;2019;8;15;3;3;3;7;0;1;0;0;0;0;0;0;POINT (13.36347 52.4818)
1;2019;8;15;3;3;5;2;0;1;0;0;0;0;1;1;POINT (13.39373 52.50968)
2;2019;8;14;3;3;0;6;0;1;1;0;0;0;0;0;POINT (13.44744 52.4981)
1;2019;8;14;3;3;0;1;0;0;0;0;1;0;0;1;POINT (13.41589 52.52178)
7;2019;8;14;3;3;0;3;0;1;1;0;0;0;0;1;POINT (13.37505 52.437)
2;2019;8;14;3;3;0;2;0;0;0;0;1;0;1;1;POINT (13.395 52.49627)
3;2019;8;14;3;3;5;2;0;1;1;0;0;0;0;1;POINT (13.45909 52.52907)
4;2019;8;19;3;3;5;2;0;1;1;0;0;0;0;0;POINT (13.31898 52.5138)
5;2019;8;18;3;3;5;3;0;0;1;0;0;0;0;0;POINT (13.14161 52.53247)
11;2019;8;17;3;3;5;3;0;0;1;0;1;0;0;0;POINT (13.51824 52.49433)
11;2019;8;13;3;3;5;7;0;0;1;0;0;1;0;1;POINT (13.49554 52.52296)
10;2019;8;13;3;3;5;7;0;0;1;0;0;0;0;0;POINT (13.59257 52.51511)
1;2019;8;13;3;3;5;2;0;1;1;0;0;0;0;0;POINT (13.33927 52.52581)
1;2019;8;5;2;3;5;3;1;0;1;0;1;0;0;0;POINT (13.33473 52.53292)
6;2019;8;12;2;2;1;5;0;1;1;0;0;0;0;0;POINT (13.3309 52.46402)
4;2019;8;15;2;3;0;6;0;0;1;0;1;0;0;1;POINT (13.33101 52.49293)
7;2019;8;16;2;3;1;7;0;0;1;0;0;0;0;0;POINT (13.34924 52.48078)
4;2019;8;10;2;3;2;2;0;0;1;0;1;0;0;0;POINT (13.27998 52.51847)
1;2019;8;20;2;3;5;3;2;1;1;0;0;0;0;0;POINT (13.39078 52.51574)
7;2019;8;20;2;3;3;6;0;1;0;0;0;0;1;0;POINT (13.36502 52.4938)
6;2019;8;19;2;3;1;1;0;0;1;0;0;0;0;0;POINT (13.25153 52.42809)
7;2019;8;19;2;3;2;6;0;0;1;0;0;0;0;0;POINT (13.33273 52.46919)
5;2019;8;18;2;3;0;2;0;0;1;0;0;0;1;0;POINT (13.20319 52.54083)
5;2019;8;18;2;3;0;4;0;1;0;1;0;0;0;0;POINT (13.19458 52.53363)
1;2019;8;18;2;3;2;2;0;1;1;0;0;0;0;0;POINT (13.38617 52.52364)
1;2019;8;18;2;3;5;3;0;1;1;0;0;0;0;0;POINT (13.37464 52.53732)
2;2019;8;16;2;3;0;7;0;1;1;0;0;0;0;1;POINT (13.41479 52.49305)
2;2019;8;17;2;2;2;6;0;0;0;0;1;0;1;0;POINT (13.40986 52.48882)
9;2019;8;17;2;3;3;6;0;1;1;0;0;0;0;0;POINT (13.59213 52.41088)
1;2019;8;17;3;3;5;2;0;1;1;0;0;0;0;0;POINT (13.36414 52.50995)
1;2019;8;17;2;3;0;3;0;0;1;0;1;0;0;1;POINT (13.39406 52.50873)
4;2019;8;17;2;3;5;7;0;1;1;0;0;0;0;0;POINT (13.31801 52.51827)
1;2019;8;17;3;3;0;2;0;1;1;0;0;0;0;0;POINT (13.36034 52.53724)
3;2019;8;17;2;3;5;2;0;1;1;0;0;0;0;0;POINT (13.40252 52.5543)
7;2019;8;17;3;3;5;3;0;1;1;0;0;0;0;0;POINT (13.42008 52.40174)
1;2019;8;17;2;3;5;3;0;0;1;0;0;0;1;0;POINT (13.38899 52.51563)
10;2019;8;17;3;3;5;3;0;1;0;0;0;0;1;0;POINT (13.53743 52.54036)
6;2019;8;17;2;3;5;2;0;0;1;0;1;0;0;0;POINT (13.34886 52.43479)
1;2019;8;8;3;3;5;2;0;1;0;0;1;0;0;0;POINT (13.388 52.52175)
3;2019;8;11;2;3;2;5;0;0;1;0;1;0;0;0;POINT (13.47479 52.55551)
2;2019;8;16;3;3;6;7;0;1;0;1;0;0;0;0;POINT (13.40608 52.4977)
8;2019;8;12;2;3;2;6;0;1;1;0;0;0;0;0;POINT (13.42669 52.47633)
1;2019;8;16;3;2;1;5;0;0;1;0;1;0;0;0;POINT (13.37604 52.55489)
1;2019;8;11;2;3;5;3;0;0;1;0;1;0;0;0;POINT (13.39273 52.56418)
5;2019;8;11;2;3;6;7;0;0;1;1;0;0;0;0;POINT (13.27195 52.53649)
1;2019;8;15;3;3;5;2;0;0;1;0;1;0;0;0;POINT (13.37155 52.55399)
6;2019;8;10;2;3;1;5;0;1;1;0;0;0;0;0;POINT (13.26002 52.45157)
4;2019;8;15;3;2;5;2;0;1;0;0;0;0;1;0;POINT (13.32458 52.51688)
8;2019;8;9;2;3;5;3;0;0;1;0;1;0;1;0;POINT (13.42704 52.47554)
12;2019;8;12;3;3;5;7;0;0;1;0;1;0;0;0;POINT (13.28688 52.58381)
3;2019;8;9;2;3;0;3;0;0;1;0;0;0;1;0;POINT (13.47288 52.617)
6;2019;8;11;3;3;5;3;0;0;1;0;0;0;0;0;POINT (13.20659 52.43046)
8;2019;8;8;2;3;5;2;0;1;1;0;0;0;0;0;POINT (13.45416 52.46913)
4;2019;8;7;2;3;5;2;0;1;1;0;0;0;0;0;POINT (13.30297 52.51866)
11;2019;8;10;3;3;5;5;0;0;1;0;0;0;1;0;POINT (13.49693 52.51715)
1;2019;8;10;3;3;5;2;0;0;1;0;0;0;0;0;POINT (13.33036 52.52641)
3;2019;8;7;2;3;5;3;0;1;1;0;0;0;0;0;POINT (13.4286 52.58297)
11;2019;8;7;2;2;3;6;0;0;0;0;1;0;1;0;POINT (13.56286 52.5719)
1;2019;8;10;3;2;6;7;0;0;1;1;0;0;0;0;POINT (13.36759 52.52403)
9;2019;8;7;2;3;2;6;0;0;1;0;1;0;0;0;POINT (13.5641 52.44573)
9;2019;8;9;3;3;5;2;0;1;1;0;0;0;0;0;POINT (13.46417 52.4818)
4;2019;8;15;2;3;1;5;0;0;1;0;0;0;0;0;POINT (13.29024 52.47559)
11;2019;8;16;2;3;4;6;0;1;1;0;0;0;0;0;POINT (13.49902 52.51726)
7;2019;8;9;3;3;5;2;0;1;1;0;0;0;0;0;POINT (13.38982 52.42032)
12;2019;8;15;2;3;0;3;0;0;0;0;1;0;1;1;POINT (13.29454 52.62947)
5;2019;8;15;2;3;0;3;0;0;1;0;1;0;0;1;POINT (13.14924 52.55418)
3;2019;8;7;3;3;5;2;0;1;0;0;0;0;1;0;POINT (13.41095 52.53061)
4;2019;8;16;2;2;5;7;0;0;1;0;0;0;0;0;POINT (13.24678 52.51374)
5;2019;8;15;2;3;0;3;0;0;1;0;1;0;0;0;POINT (13.18764 52.51506)
1;2019;8;15;3;3;5;2;0;1;1;0;0;0;0;0;POINT (13.37723 52.55366)
1;2019;8;14;2;3;6;4;0;1;0;1;0;0;0;0;POINT (13.37429 52.55652)
3;2019;8;15;3;3;4;5;0;1;1;0;0;0;0;0;POINT (13.41935 52.53823)
11;2019;8;16;2;3;3;6;0;1;0;0;0;0;0;0;POINT (13.47157 52.53217)
7;2019;8;15;3;3;3;6;0;1;1;0;0;0;0;0;POINT (13.34628 52.50103)
8;2019;8;14;2;3;0;2;0;0;1;0;1;0;0;0;POINT (13.42602 52.46573)
3;2019;8;14;3;3;5;3;0;0;1;0;1;0;0;0;POINT (13.39965 52.56649)
9;2019;8;14;2;2;5;2;0;0;1;0;1;0;0;0;POINT (13.53636 52.43286)
9;2019;8;16;2;3;5;7;0;0;1;0;1;0;0;0;POINT (13.62717 52.46354)
4;2019;8;14;3;3;6;2;0;0;1;1;0;0;0;0;POINT (13.28329 52.51111)
12;2019;8;14;3;3;1;5;0;1;1;0;0;0;0;0;POINT (13.30212 52.59337)
5;2019;8;13;2;3;5;2;0;1;1;0;0;0;0;0;POINT (13.21397 52.53838)
1;2019;8;8;2;3;5;3;0;1;1;0;0;0;0;0;POINT (13.40314 52.53362)
8;2019;8;13;3;2;5;3;0;0;1;0;1;0;0;0;POINT (13.43878 52.48066)
4;2019;8;12;2;3;5;7;0;1;1;0;0;0;0;0;POINT (13.31937 52.48948)
2;2019;8;13;3;3;5;3;0;0;1;0;0;0;0;0;POINT (13.4267 52.51572)
12;2019;8;16;2;3;3;6;0;0;1;0;0;0;0;0;POINT (13.32627 52.59168)
3;2019;8;13;3;3;5;3;0;0;1;0;0;0;0;0;POINT (13.45845 52.55775)
2;2019;8;15;2;3;5;3;0;0;1;0;0;0;0;1;POINT (13.46106 52.51113)
4;2019;8;13;3;2;1;5;0;0;1;0;0;0;1;0;POINT (13.31097 52.51611)
3;2019;8;15;2;3;5;2;0;1;1;0;0;0;0;1;POINT (13.45907 52.52907)
6;2019;8;7;3;3;0;2;0;0;1;0;1;0;0;0;POINT (13.27671 52.45046)
12;2019;8;15;2;3;0;1;0;0;0;0;1;0;0;1;POINT (13.3157 52.57808)
7;2019;8;12;3;3;1;5;0;1;1;0;0;0;1;0;POINT (13.35981 52.49615)
9;2019;8;13;4;3;5;7;0;0;1;0;0;0;1;0;POINT (13.57393 52.44956)
10;2019;8;13;4;3;1;5;0;1;1;0;0;0;0;0;POINT (13.59095 52.50533)
1;2019;8;13;4;3;5;2;0;1;1;0;0;0;0;0;POINT (13.33876 52.5433)
1;2019;8;12;4;3;2;7;0;1;1;0;0;0;0;0;POINT (13.38861 52.51829)
1;2019;8;9;4;2;2;7;0;0;1;0;0;0;0;0;POINT (13.3342 52.52454)
4;2019;8;9;4;2;5;2;0;1;0;0;0;1;0;0;POINT (13.28042 52.51833)
1;2019;8;9;4;3;5;2;0;0;1;0;1;0;0;0;POINT (13.42459 52.5088)
1;2019;8;9;4;3;0;5;0;0;1;0;1;0;0;0;POINT (13.34609 52.53898)
11;2019;8;9;4;3;5;3;0;1;1;0;0;0;0;0;POINT (13.49315 52.56262)
1;2019;8;8;4;3;5;3;0;0;1;0;0;0;0;0;POINT (13.37698 52.5563)
7;2019;8;8;4;3;5;2;0;0;1;0;1;0;0;0;POINT (13.34746 52.47054)
12;2019;8;8;4;3;3;6;0;0;1;0;0;1;0;0;POINT (13.32912 52.56351)
1;2019;8;8;4;3;5;2;0;1;1;0;0;0;0;0;POINT (13.35721 52.52372)
2;2019;8;8;4;3;5;2;0;1;1;0;0;0;0;0;POINT (13.43292 52.52334)
9;2019;8;7;4;3;5;2;0;1;1;0;0;0;0;0;POINT (13.53341 52.45206)
7;2019;8;3;4;3;6;6;2;0;0;1;0;0;1;0;POINT (13.34456 52.49661)
12;2019;8;10;4;3;0;1;0;0;0;0;1;0;0;0;POINT (13.29944 52.62339)
12;2019;8;16;3;3;5;2;0;1;1;0;0;0;0;0;POINT (13.33151 52.56198)
12;2019;8;16;3;3;0;1;0;0;1;0;1;0;0;0;POINT (13.29597 52.59667)
2;2019;8;4;3;3;5;3;2;0;1;0;0;0;0;1;POINT (13.38516 52.4984)
3;2019;8;19;3;3;2;2;2;0;1;0;1;0;0;0;POINT (13.40059 52.55442)
4;2019;8;19;3;3;5;3;1;0;1;0;1;0;0;0;POINT (13.3066 52.51812)
6;2019;8;18;3;3;5;2;0;0;1;0;1;0;0;0;POINT (13.34639 52.44819)
7;2019;8;18;3;3;5;7;0;1;0;0;0;0;1;0;POINT (13.32837 52.46625)
2;2019;8;17;3;3;1;5;0;0;1;0;1;0;0;0;POINT (13.38785 52.50294)
2;2019;8;16;3;3;1;5;0;1;1;0;0;0;0;0;POINT (13.47213 52.51665)
2;2019;8;18;3;3;3;6;0;1;1;0;0;0;0;0;POINT (13.41821 52.49573)
5;2019;8;17;3;3;0;3;0;1;1;0;0;0;0;0;POINT (13.12936 52.52715)
6;2019;8;14;3;2;2;6;0;0;1;0;0;0;1;0;POINT (13.31916 52.43319)
7;2019;8;17;3;3;3;6;0;1;1;0;0;0;0;0;POINT (13.33447 52.47085)
4;2019;8;17;3;3;0;4;0;1;0;1;0;0;0;0;POINT (13.32341 52.49262)
7;2019;8;15;3;3;3;6;0;1;1;0;0;0;0;0;POINT (13.35697 52.49452)
7;2019;8;22;3;3;5;3;2;0;1;0;0;0;0;0;POINT (13.38271 52.4685)
7;2019;8;19;3;3;5;2;0;1;1;0;0;0;0;0;POINT (13.35297 52.48434)
1;2019;8;8;3;2;6;4;0;1;0;1;0;0;0;0;POINT (13.39298 52.54873)
1;2019;8;8;3;3;5;3;0;1;1;0;0;0;0;0;POINT (13.39026 52.50859)
5;2019;8;8;3;3;5;3;0;0;1;0;1;0;0;0;POINT (13.17995 52.49882)
2;2019;8;7;3;3;5;2;0;0;1;0;0;0;0;0;POINT (13.42867 52.51887)
12;2019;8;7;3;3;6;2;0;0;1;1;0;0;0;0;POINT (13.31306 52.57479)
3;2019;8;7;3;3;6;2;0;0;1;1;0;0;0;0;POINT (13.43011 52.60966)
5;2019;8;6;3;2;0;6;1;0;1;0;1;0;0;0;POINT (13.20652 52.53913)
8;2019;8;6;3;3;5;3;0;1;0;0;0;0;1;0;POINT (13.43353 52.44519)
7;2019;8;9;3;3;9;1;0;0;1;0;0;0;1;0;POINT (13.40676 52.44449)
10;2019;8;17;3;2;5;2;0;0;1;0;1;0;0;0;POINT (13.52 52.5326)
1;2019;8;16;3;2;5;3;0;1;1;0;0;0;0;0;POINT (13.39105 52.51488)
7;2019;8;15;3;3;0;1;0;0;1;0;1;0;0;0;POINT (13.34892 52.48564)
12;2019;8;15;3;3;5;3;0;1;1;0;0;0;0;0;POINT (13.28714 52.58609)
10;2019;8;15;3;3;5;3;0;1;1;0;0;0;0;0;POINT (13.52484 52.5362)
9;2019;8;15;3;3;6;4;0;0;1;1;0;0;0;0;POINT (13.50668 52.4473)
8;2019;8;15;3;3;5;2;0;1;1;0;0;0;0;0;POINT (13.42698 52.48733)
6;2019;8;14;3;2;5;3;0;1;1;0;0;0;0;0;POINT (13.29037 52.45768)
9;2019;8;14;3;3;5;2;0;0;1;0;0;0;0;0;POINT (13.53518 52.43229)
2;2019;8;12;3;3;5;3;0;1;1;0;0;0;0;0;POINT (13.38676 52.50101)
4;2019;8;11;3;3;5;2;0;1;0;0;1;0;0;0;POINT (13.28842 52.51301)
8;2019;8;10;3;2;2;6;0;0;1;0;1;0;0;0;POINT (13.44107 52.41756)
9;2019;8;9;3;3;5;3;0;0;1;0;0;0;1;0;POINT (13.58979 52.41074)
4;2019;8;9;3;2;5;3;0;0;1;0;1;0;0;0;POINT (13.31029 52.54764)
11;2019;8;9;3;3;5;2;0;1;0;0;0;0;1;0;POINT (13.56431 52.57228)
10;2019;8;11;2;2;0;7;0;1;0;0;0;0;0;0;POINT (13.60697 52.53375)
7;2019;8;15;2;3;2;6;0;0;1;0;0;0;0;0;POINT (13.38775 52.46039)
7;2019;8;8;2;3;5;3;0;1;0;0;0;0;0;0;POINT (13.34222 52.50183)