bez;ujahr;umonat;ustunde;uwochentag;ukategorie;uart;utyp1;ulichtverh;istrad;istpkw;istfuss;istkrad;istgkfz;istsonstige;ustrzustand;geometry
12;2019;8;21;2;3;0;1;2;0;0;0;1;0;0;0;POINT (13.33 52.5692)
3;2019;8;20;2;3;2;6;2;1;0;0;0;0;0;0;POINT (13.4075 52.56565)
1;2019;8;18;2;3;5;3;0;1;0;0;0;0;0;0;POINT (13.37672 52.5108)
6;2019;8;16;2;3;5;3;0;0;1;0;0;0;0;0;POINT (13.29995 52.44386)
8;2019;8;19;2;2;1;1;0;0;1;0;0;0;1;0;POINT (13.465 52.42954)
2;2019;8;16;2;3;2;6;0;0;1;0;0;0;0;0;POINT (13.39104 52.50337)
8;2019;8;16;2;3;2;6;0;0;1;0;0;0;1;0;POINT (13.43922 52.48147)
12;2019;8;15;2;3;0;1;0;0;1;0;1;0;0;0;POINT (13.34967 52.5921)
12;2019;8;15;2;3;5;3;0;1;0;0;0;0;0;0;POINT (13.23027 52.60787)
2;2019;8;14;2;3;6;2;0;0;0;1;0;1;0;0;POINT (13.3981 52.50712)
4;2019;8;14;2;3;5;3;0;1;1;0;0;0;0;0;POINT (13.29444 52.53442)
1;2019;8;18;2;3;5;2;0;1;1;0;0;0;0;0;POINT (13.3451 52.53906)
1;2019;8;18;2;3;1;5;0;1;1;0;0;0;0;0;POINT (13.38081 52.51104)
2;2019;8;18;2;3;0;7;0;0;1;0;0;0;1;0;POINT (13.41662 52.49958)
1;2019;8;18;2;3;1;5;0;1;1;0;0;0;1;0;POINT (13.35066 52.52359)
4;2019;8;16;2;3;0;2;0;0;1;0;0;0;1;0;POINT (13.33285 52.50643)
1;2019;8;9;2;3;0;5;0;1;0;0;0;1;0;0;POINT (13.41071 52.52717)
8;2019;8;17;2;2;6;4;0;0;0;1;1;0;0;0;POINT (13.4872 52.42292)
1;2019;8;17;2;2;6;7;0;1;0;1;0;0;0;0;POINT (13.35347 52.51649)
5;2019;8;15;2;3;5;2;0;0;1;0;0;0;0;0;POINT (13.24009 52.52624)
9;2019;8;15;2;2;5;2;0;1;1;0;0;0;0;0;POINT (13.57218 52.39216)
1;2019;8;10;2;3;2;3;0;1;1;0;0;0;0;0;POINT (13.36668 52.55733)
3;2019;8;10;2;3;2;3;0;0;1;0;1;0;0;0;POINT (13.42879 52.58505)
3;2019;8;9;2;3;2;6;0;1;1;0;0;0;0;0;POINT (13.42529 52.53387)
5;2019;8;9;2;3;2;2;0;0;1;0;0;0;0;0;POINT (13.14331 52.52421)
12;2019;8;8;2;3;0;4;0;0;1;1;0;0;0;0;POINT (13.29491 52.55036)
7;2019;8;9;2;3;5;2;0;1;1;0;0;0;0;0;POINT (13.40991 52.45532)
9;2019;8;9;2;3;5;2;0;0;1;0;0;0;0;0;POINT (13.59065 52.44653)
9;2019;8;7;2;3;5;2;0;1;0;0;0;1;0;0;POINT (13.51459 52.46889)
2;2019;8;7;2;3;5;3;0;0;1;0;1;0;0;0;POINT (13.44023 52.50207)
7;2019;8;8;2;1;6;4;0;0;0;1;0;1;0;0;POINT (13.3627 52.4122)
2;2019;8;18;1;3;6;4;0;1;0;1;0;0;0;0;POINT (13.41635 52.49123)
3;2019;8;10;1;3;3;6;0;1;0;0;0;0;0;0;POINT (13.43169 52.57119)
1;2019;8;18;1;3;6;4;0;0;0;1;0;0;1;0;POINT (13.33388 52.53294)
3;2019;8;13;1;3;4;6;0;0;1;0;1;0;0;0;POINT (13.47945 52.55316)
3;2019;8;17;1;3;2;6;0;0;1;0;0;0;0;0;POINT (13.42562 52.5866)
10;2019;8;17;1;2;2;7;0;0;1;0;0;0;0;0;POINT (13.57099 52.52856)
4;2019;8;17;1;3;1;5;0;0;1;0;0;0;0;0;POINT (13.30316 52.49405)
10;2019;8;17;1;3;5;2;0;0;1;0;0;0;1;0;POINT (13.60322 52.48485)
7;2019;8;16;1;2;6;4;0;0;1;1;0;0;0;0;POINT (13.4198 52.4614)
7;2019;8;16;1;3;5;2;0;0;1;0;1;0;0;0;POINT (13.37768 52.46593)
12;2019;8;15;1;3;5;3;0;0;1;0;1;0;0;0;POINT (13.31278 52.60864)
1;2019;8;15;1;3;5;3;0;0;1;0;0;0;0;0;POINT (13.36304 52.54874)
7;2019;8;15;1;3;2;6;0;0;1;0;1;0;0;0;POINT (13.3466 52.50137)
1;2019;8;23;1;3;6;4;2;0;1;1;0;0;0;0;POINT (13.36913 52.52625)
5;2019;8;15;1;3;6;2;0;0;1;1;0;0;0;0;POINT (13.19452 52.54573)
3;2019;8;19;1;3;6;4;0;1;0;1;0;0;0;0;POINT (13.41084 52.53064)
11;2019;8;18;4;3;5;2;0;1;1;0;0;0;0;0;POINT (13.52781 52.48989)
1;2019;8;19;1;3;5;2;0;1;1;0;0;0;0;0;POINT (13.39756 52.52941)
6;2019;8;14;1;3;1;5;0;0;1;0;0;0;1;0;POINT (13.27761 52.46477)
4;2019;8;19;1;3;5;2;0;1;1;0;0;0;0;0;POINT (13.31019 52.47906)
2;2019;8;14;1;3;5;3;0;1;0;0;0;0;1;0;POINT (13.44997 52.50752)
6;2019;8;19;1;2;5;7;0;0;0;0;1;0;1;0;POINT (13.35722 52.44537)
11;2019;8;19;1;3;1;5;0;1;1;0;0;0;0;0;POINT (13.50533 52.49223)
3;2019;8;17;1;3;2;6;0;1;1;0;0;0;0;0;POINT (13.46817 52.55389)
1;2019;8;18;1;3;2;6;0;1;1;0;0;0;0;0;POINT (13.41222 52.52428)
1;2019;8;13;1;3;2;6;0;0;1;0;0;0;0;0;POINT (13.35106 52.51048)
10;2019;8;18;1;3;5;2;0;0;1;0;0;0;0;0;POINT (13.55068 52.50937)
12;2019;8;12;1;3;5;3;0;0;1;0;1;0;0;0;POINT (13.29445 52.62954)
6;2019;8;12;1;3;5;7;0;0;1;0;0;0;0;0;POINT (13.27212 52.45352)
2;2019;8;12;1;3;2;2;0;0;1;0;0;1;0;0;POINT (13.44201 52.50091)
2;2019;8;12;1;3;1;5;0;1;0;0;0;0;1;0;POINT (13.42699 52.52716)
2;2019;8;11;1;3;5;3;0;0;1;0;0;0;0;0;POINT (13.43 52.50346)
6;2019;8;11;1;3;5;2;0;1;1;0;0;0;0;0;POINT (13.31775 52.45787)
8;2019;8;11;1;2;6;2;0;0;1;1;0;0;0;0;POINT (13.46795 52.42768)
4;2019;8;10;1;3;2;2;0;1;1;0;0;0;0;0;POINT (13.32944 52.48152)
6;2019;8;8;1;3;5;3;0;0;1;0;0;0;1;0;POINT (13.3628 52.42823)
4;2019;8;7;1;2;5;7;0;0;1;0;1;0;0;0;POINT (13.31326 52.50212)
6;2019;8;6;1;3;2;6;0;0;1;0;1;0;0;0;POINT (13.313 52.45273)
1;2019;8;6;1;3;5;2;1;1;1;0;0;0;0;0;POINT (13.37195 52.5194)
9;2019;8;5;1;3;0;1;1;0;1;0;1;0;0;1;POINT (13.5052 52.44535)
2;2019;8;5;1;3;2;6;1;0;1;0;0;0;0;0;POINT (13.37668 52.48483)
12;2019;8;11;1;3;0;7;0;0;1;0;0;0;0;0;POINT (13.28764 52.58018)
6;2019;8;19;7;3;2;6;0;0;1;0;0;0;0;0;POINT (13.3149 52.41732)
5;2019;8;19;7;3;0;6;0;0;0;0;1;0;1;1;POINT (13.19971 52.53525)
8;2019;8;21;7;3;5;3;2;0;1;0;0;0;0;1;POINT (13.45224 52.44337)
4;2019;8;13;7;3;2;3;0;0;1;0;0;0;0;0;POINT (13.27311 52.51943)
9;2019;8;21;7;3;2;2;2;0;1;0;0;0;0;1;POINT (13.49791 52.43363)
1;2019;8;22;7;2;0;7;2;0;0;0;0;0;1;1;POINT (13.39923 52.53216)
7;2019;8;22;7;2;4;1;2;0;1;0;0;0;0;1;POINT (13.3637 52.48844)
1;2019;8;18;7;3;0;1;0;0;0;0;1;0;0;1;POINT (13.37723 52.51282)
11;2019;8;20;7;2;0;1;1;0;0;0;1;0;0;1;POINT (13.51183 52.55053)
1;2019;8;19;7;2;5;2;0;0;1;0;0;0;0;1;POINT (13.37111 52.51111)
1;2019;8;19;7;3;2;6;0;0;1;0;0;0;0;1;POINT (13.32937 52.52268)
12;2019;8;19;7;3;2;6;0;0;1;0;0;0;0;1;POINT (13.33976 52.59585)
4;2019;8;18;7;3;5;3;0;1;1;0;0;0;0;1;POINT (13.26954 52.51972)
7;2019;8;18;7;3;5;2;0;1;1;0;0;0;0;1;POINT (13.40651 52.39376)
7;2019;8;17;7;3;1;5;0;1;1;0;0;0;0;0;POINT (13.35603 52.49017)
1;2019;8;17;7;3;5;2;0;0;1;0;0;0;1;1;POINT (13.40935 52.51677)
2;2019;8;16;7;3;5;3;0;0;1;0;0;0;0;0;POINT (13.41453 52.50014)
8;2019;8;16;7;2;1;5;0;0;1;0;0;0;0;0;POINT (13.45019 52.43695)
3;2019;8;16;7;3;5;2;0;0;1;0;0;0;0;1;POINT (13.40209 52.60285)
12;2019;8;14;7;3;5;3;0;0;1;0;0;0;0;0;POINT (13.33948 52.56397)
4;2019;8;14;7;3;5;7;0;0;1;0;0;0;0;1;POINT (13.28794 52.51462)
2;2019;8;13;7;3;6;2;0;1;0;1;0;0;0;1;POINT (13.39203 52.48936)
5;2019;8;11;7;3;2;6;0;0;1;0;0;0;0;1;POINT (13.22717 52.53766)
6;2019;8;11;7;2;5;3;0;0;1;0;0;0;0;1;POINT (13.35731 52.42299)
7;2019;8;2;7;3;3;6;2;0;1;0;1;0;0;0;POINT (13.34987 52.50045)
9;2019;8;21;7;3;2;6;2;0;1;0;0;0;1;1;POINT (13.47399 52.4751)
7;2019;8;18;6;3;1;5;0;0;1;0;0;0;0;0;POINT (13.34593 52.4892)
2;2019;8;4;6;3;1;1;2;0;1;0;0;0;0;0;POINT (13.44255 52.51626)
4;2019;8;1;6;3;0;4;2;1;0;1;0;0;0;0;POINT (13.29403 52.50674)
8;2019;8;13;6;3;5;2;0;1;1;0;0;0;0;0;POINT (13.4318 52.46641)
12;2019;8;13;6;3;5;2;0;0;1;0;1;0;0;0;POINT (13.27907 52.5784)
2;2019;8;13;6;3;6;4;0;1;0;1;0;0;0;0;POINT (13.38705 52.49316)
1;2019;8;12;6;3;5;3;0;0;1;0;0;0;1;0;POINT (13.37212 52.51957)
7;2019;8;12;6;3;5;2;0;0;1;0;0;0;0;0;POINT (13.38556 52.46859)
1;2019;8;12;6;3;0;1;0;0;0;0;1;0;0;0;POINT (13.3888 52.5172)
1;2019;8;11;6;3;2;6;0;0;1;0;0;0;0;0;POINT (13.38114 52.55597)
2;2019;8;0;6;3;0;1;2;0;0;0;0;0;1;0;POINT (13.39952 52.4946)
9;2019;8;22;6;2;5;2;2;0;1;0;0;0;0;0;POINT (13.54519 52.42574)
1;2019;8;22;6;3;2;6;2;0;1;0;0;0;0;0;POINT (13.42614 52.52305)
6;2019;8;20;6;3;6;7;2;1;0;1;0;0;0;0;POINT (13.32723 52.41072)
7;2019;8;19;6;3;5;3;0;1;1;0;0;0;0;0;POINT (13.36199 52.49771)
3;2019;8;18;6;3;0;7;0;1;0;0;0;0;0;0;POINT (13.44616 52.59074)
9;2019;8;17;6;2;5;3;0;0;1;0;1;0;0;0;POINT (13.48401 52.47418)
6;2019;8;17;6;3;2;6;0;0;1;0;0;0;0;0;POINT (13.32054 52.43465)
2;2019;8;16;6;3;2;7;0;0;1;0;0;0;1;0;POINT (13.42144 52.49608)
5;2019;8;16;6;2;0;1;0;1;0;0;0;0;0;0;POINT (13.17108 52.51832)
5;2019;8;15;6;3;2;6;0;0;1;0;0;0;0;0;POINT (13.18198 52.53751)
4;2019;8;15;6;3;5;3;0;1;1;0;0;0;0;0;POINT (13.32013 52.47289)
6;2019;8;15;6;3;2;6;0;0;1;0;0;0;0;0;POINT (13.30352 52.45907)
1;2019;8;15;6;3;1;5;0;0;1;0;1;0;0;0;POINT (13.38345 52.5561)
2;2019;8;14;6;3;2;6;0;0;1;0;0;0;1;0;POINT (13.45058 52.50864)
7;2019;8;14;6;3;2;6;0;1;1;0;0;0;0;0;POINT (13.38316 52.44817)
11;2019;8;8;5;2;5;3;0;1;1;0;0;0;0;0;POINT (13.53344 52.49255)
7;2019;8;19;5;3;6;7;0;0;1;1;0;0;0;0;POINT (13.32475 52.4657)
12;2019;8;20;5;3;5;2;0;0;1;0;1;0;0;0;POINT (13.3314 52.57352)
8;2019;8;19;5;3;3;6;0;1;1;0;0;0;0;0;POINT (13.42893 52.48647)
1;2019;8;18;5;3;5;2;0;0;1;0;1;0;0;0;POINT (13.41753 52.51847)
1;2019;8;17;5;3;3;6;0;0;1;0;1;0;0;0;POINT (13.40837 52.52891)
9;2019;8;16;5;3;5;2;0;1;1;0;0;0;0;0;POINT (13.54693 52.43151)
10;2019;8;16;5;3;2;6;0;0;1;0;0;0;1;0;POINT (13.57861 52.49907)
1;2019;8;16;5;3;0;5;0;1;0;0;0;0;1;0;POINT (13.32398 52.53213)
4;2019;8;16;5;3;6;4;0;0;1;1;0;0;0;0;POINT (13.329 52.47972)
1;2019;8;15;5;3;5;2;0;1;0;0;0;0;0;0;POINT (13.41221 52.51225)
4;2019;8;15;5;3;2;6;0;0;1;0;0;0;0;0;POINT (13.29437 52.4976)
6;2019;8;15;5;3;5;2;0;1;1;0;0;0;0;0;POINT (13.23428 52.4392)
1;2019;8;14;5;3;5;3;0;1;1;0;0;0;0;0;POINT (13.3691 52.54622)
1;2019;8;15;5;3;2;6;0;0;1;0;0;0;0;0;POINT (13.33092 52.52395)
7;2019;8;15;5;3;2;7;0;0;1;0;0;0;0;0;POINT (13.40492 52.42776)
9;2019;8;16;5;3;5;2;0;1;1;0;0;0;0;0;POINT (13.52327 52.40216)
12;2019;8;14;5;3;5;7;0;0;1;0;1;0;0;0;POINT (13.2916 52.5946)
4;2019;8;18;5;3;0;7;0;0;0;0;0;0;1;0;POINT (13.29782 52.52513)
9;2019;8;17;5;3;2;6;0;1;1;0;0;0;0;0;POINT (13.58244 52.43654)
7;2019;8;2;5;2;8;7;2;1;1;0;0;0;0;0;POINT (13.36236 52.41238)
3;2019;8;7;5;3;2;6;0;0;1;0;1;0;0;0;POINT (13.41383 52.55364)
3;2019;8;7;5;3;5;3;0;0;1;0;0;0;0;0;POINT (13.47698 52.56329)
10;2019;8;7;5;3;1;5;0;1;1;0;0;0;0;0;POINT (13.5612 52.52519)
11;2019;8;6;5;3;1;7;0;0;1;0;0;0;0;0;POINT (13.5087 52.50059)
1;2019;8;0;5;2;0;1;2;1;0;0;0;0;0;0;POINT (13.41389 52.50769)
1;2019;8;13;5;3;0;5;0;1;1;0;0;0;0;0;POINT (13.34319 52.53165)
4;2019;8;13;5;3;2;6;0;0;1;0;0;0;0;0;POINT (13.28803 52.49623)
3;2019;8;13;5;3;3;6;0;0;1;0;0;0;0;0;POINT (13.48734 52.61833)
7;2019;8;13;5;3;1;5;0;0;1;0;1;0;0;0;POINT (13.37724 52.48044)
10;2019;8;12;5;3;8;1;0;0;0;0;1;0;0;0;POINT (13.58651 52.53939)
12;2019;8;12;5;3;5;2;0;1;1;0;0;0;0;0;POINT (13.29267 52.57869)
3;2019;8;11;5;3;5;3;0;1;1;0;0;0;0;0;POINT (13.47907 52.60984)
4;2019;8;11;5;3;5;2;0;0;1;0;0;0;0;0;POINT (13.30705 52.51348)
1;2019;8;11;5;2;0;7;0;0;1;0;0;0;1;0;POINT (13.37841 52.5503)
2;2019;8;10;5;3;2;6;0;0;1;0;0;0;0;0;POINT (13.4453 52.49932)
4;2019;8;10;5;2;6;2;0;0;1;1;0;0;0;0;POINT (13.30079 52.51533)
3;2019;8;10;5;3;9;1;0;0;1;0;0;0;0;0;POINT (13.39754 52.61726)
4;2019;8;10;5;3;5;3;0;1;0;0;0;0;1;0;POINT (13.26545 52.49512)
1;2019;8;9;5;3;5;3;0;1;1;0;0;0;0;0;POINT (13.39809 52.52723)
1;2019;8;9;5;3;5;2;0;1;0;0;0;1;0;0;POINT (13.39605 52.53834)
10;2019;8;10;5;3;3;6;0;1;0;0;0;0;1;0;POINT (13.57248 52.56817)
3;2019;8;8;5;3;5;3;0;0;1;0;0;0;0;0;POINT (13.43752 52.55598)
8;2019;8;10;5;3;5;2;0;1;1;0;0;0;0;0;POINT (13.43529 52.49117)
5;2019;8;17;4;3;5;3;0;0;1;0;0;0;0;0;POINT (13.20572 52.5416)
1;2019;8;8;5;3;1;5;0;0;1;0;1;0;0;0;POINT (13.34504 52.52152)
10;2019;8;8;5;3;5;2;0;1;1;0;0;0;0;0;POINT (13.61631 52.53163)
1;2019;8;16;4;3;1;7;0;1;1;0;0;0;0;0;POINT (13.33953 52.50537)
1;2019;8;8;5;3;5;2;0;0;1;0;1;0;0;0;POINT (13.37698 52.55718)
4;2019;8;9;5;3;1;5;0;1;1;0;0;0;0;0;POINT (13.29525 52.49774)
3;2019;8;16;4;3;0;6;0;1;0;0;0;0;1;0;POINT (13.43544 52.54927)
4;2019;8;9;5;3;1;5;0;1;0;0;0;0;1;0;POINT (13.31023 52.50346)
3;2019;8;9;4;2;5;2;0;1;1;0;0;0;0;0;POINT (13.45902 52.52906)
7;2019;8;15;5;2;5;2;0;1;0;0;0;0;1;0;POINT (13.37093 52.49262)
3;2019;8;14;4;3;5;2;0;1;1;0;0;0;0;0;POINT (13.42881 52.54775)
1;2019;8;15;5;3;0;1;0;0;0;0;1;0;0;0;POINT (13.36038 52.54437)
2;2019;8;9;4;3;6;7;0;0;1;1;0;0;0;0;POINT (13.39087 52.50453)
2;2019;8;9;5;3;5;3;0;1;1;0;0;0;0;0;POINT (13.44666 52.50281)
4;2019;8;18;4;3;6;2;0;0;1;1;0;0;0;0;POINT (13.31966 52.50308)
1;2019;8;14;5;2;5;3;0;1;1;0;0;0;0;0;POINT (13.36657 52.50289)
7;2019;8;18;4;3;1;5;0;1;1;0;0;0;0;0;POINT (13.38587 52.43462)
8;2019;8;23;4;3;2;2;2;0;1;0;0;0;0;0;POINT (13.43075 52.48601)
6;2019;8;14;5;3;5;2;0;0;1;0;1;0;0;0;POINT (13.33764 52.45854)
11;2019;8;22;4;3;0;1;2;1;0;0;0;0;0;0;POINT (13.47644 52.50106)
8;2019;8;14;5;3;2;6;0;0;1;0;0;0;0;0;POINT (13.45257 52.4292)
1;2019;8;22;4;3;2;6;2;0;1;0;1;0;0;0;POINT (13.41777 52.52582)
5;2019;8;20;4;3;2;6;0;0;1;0;0;0;0;0;POINT (13.19743 52.53305)
6;2019;8;14;5;3;0;6;0;1;0;0;0;0;0;0;POINT (13.34632 52.43237)
12;2019;8;20;4;3;6;7;1;0;1;1;0;0;0;0;POINT (13.36711 52.60244)
3;2019;8;9;5;3;5;3;0;1;1;0;0;0;0;0;POINT (13.42737 52.55249)
1;2019;8;18;4;3;2;7;0;1;1;0;0;0;0;0;POINT (13.35952 52.5463)
11;2019;8;14;5;2;2;2;0;1;1;0;0;0;0;0;POINT (13.49496 52.54538)
10;2019;8;17;4;3;0;7;0;1;0;0;0;0;0;0;POINT (13.60383 52.48547)
6;2019;8;13;5;2;0;3;0;1;0;0;1;0;0;0;POINT (13.22411 52.42947)
1;2019;8;17;4;3;1;1;0;0;1;0;1;0;0;0;POINT (13.40494 52.51467)
1;2019;8;17;4;3;2;6;0;0;1;0;0;0;0;0;POINT (13.41239 52.50576)
8;2019;8;13;5;3;5;2;0;0;1;0;0;0;0;0;POINT (13.44985 52.44555)
8;2019;8;13;5;3;5;2;0;1;1;0;0;0;0;0;POINT (13.49039 52.42783)
11;2019;8;17;4;3;0;6;0;1;0;0;0;0;0;0;POINT (13.52615 52.49324)
3;2019;8;13;5;3;5;3;0;0;1;0;0;0;0;0;POINT (13.41842 52.55514)
1;2019;8;16;4;3;5;3;0;1;1;0;0;0;0;0;POINT (13.35765 52.54111)
7;2019;8;13;5;3;2;6;0;1;1;0;0;0;0;0;POINT (13.38731 52.45852)
3;2019;8;16;4;2;0;1;0;0;0;0;1;0;0;1;POINT (13.37487 52.59657)
7;2019;8;15;4;3;5;2;0;1;1;0;0;0;0;0;POINT (13.40031 52.48371)
1;2019;8;8;5;3;2;6;0;1;1;0;0;0;0;0;POINT (13.35023 52.51365)
1;2019;8;8;5;2;4;6;0;1;1;0;0;0;0;0;POINT (13.38669 52.50749)
9;2019;8;15;4;3;0;6;0;1;1;0;0;0;0;0;POINT (13.5664 52.44398)
7;2019;8;15;4;3;6;4;0;0;1;1;0;0;0;0;POINT (13.34848 52.50078)
6;2019;8;7;5;3;5;3;0;1;1;0;0;0;0;0;POINT (13.33245 52.4583)
9;2019;8;15;4;3;2;6;0;0;1;0;0;0;0;0;POINT (13.5422 52.45778)
1;2019;8;7;5;3;4;4;0;1;0;1;0;0;0;0;POINT (13.3432 52.52848)
1;2019;8;16;4;3;5;3;0;1;1;0;0;0;0;1;POINT (13.37727 52.55363)
1;2019;8;16;4;3;5;3;0;1;1;0;0;0;0;0;POINT (13.39516 52.51726)
8;2019;8;7;5;3;1;4;0;0;1;1;1;0;0;0;POINT (13.43833 52.45421)
3;2019;8;15;4;3;6;4;0;0;1;1;0;0;0;0;POINT (13.45398 52.55401)
4;2019;8;6;5;3;5;3;0;0;1;0;1;0;0;0;POINT (13.27838 52.50695)
7;2019;8;15;4;3;5;7;0;1;1;0;0;0;0;0;POINT (13.34863 52.49793)
5;2019;8;6;5;3;5;2;0;1;1;0;0;0;0;0;POINT (13.20564 52.53945)
2;2019;8;14;4;2;6;4;0;0;1;1;0;0;0;0;POINT (13.45229 52.52774)
3;2019;8;14;4;3;5;3;0;1;1;0;0;0;0;0;POINT (13.41864 52.55508)
12;2019;8;13;4;3;2;6;0;0;1;0;0;0;0;0;POINT (13.32455 52.58821)
1;2019;8;13;4;3;2;6;0;0;1;0;1;0;0;0;POINT (13.39776 52.53251)
1;2019;8;23;4;3;2;6;2;0;1;0;0;0;0;0;POINT (13.36734 52.52571)
12;2019;8;17;4;3;5;3;0;0;1;0;1;0;0;0;POINT (13.25449 52.56194)
3;2019;8;12;4;3;2;6;0;0;1;0;0;0;0;0;POINT (13.41334 52.56642)
1;2019;8;10;4;3;0;2;0;1;1;0;0;0;0;0;POINT (13.32959 52.5238)
2;2019;8;17;4;3;5;2;0;1;1;0;0;0;0;0;POINT (13.40787 52.50445)
6;2019;8;10;4;3;5;2;0;0;1;0;1;0;0;0;POINT (13.27342 52.41665)
10;2019;8;17;4;3;5;2;0;1;1;0;0;0;0;0;POINT (13.57356 52.54655)
2;2019;8;10;4;3;2;6;0;0;1;0;0;0;0;0;POINT (13.4354 52.49982)
12;2019;8;15;4;2;5;2;0;1;1;0;0;0;0;0;POINT (13.33077 52.56256)
5;2019;8;16;4;3;5;3;0;0;1;0;0;0;0;0;POINT (13.2424 52.52804)
11;2019;8;16;4;3;5;3;0;1;1;0;0;0;0;0;POINT (13.48578 52.52078)
12;2019;8;12;4;3;0;7;0;0;1;0;0;0;0;0;POINT (13.25665 52.62666)
11;2019;8;17;4;2;0;1;0;0;0;0;1;0;0;0;POINT (13.47081 52.53192)
2;2019;8;9;4;3;5;2;0;1;1;0;0;0;0;0;POINT (13.39526 52.49688)
2;2019;8;16;4;3;0;4;0;1;0;1;0;0;0;0;POINT (13.4555 52.5005)
7;2019;8;9;4;2;1;5;0;0;1;0;1;0;0;0;POINT (13.39358 52.46557)
1;2019;8;9;4;3;5;3;0;1;0;0;0;0;1;0;POINT (13.39194 52.53002)
2;2019;8;16;4;3;5;2;0;0;1;0;1;0;0;0;POINT (13.44064 52.51711)
4;2019;8;8;4;3;2;6;0;0;1;0;0;0;0;0;POINT (13.3193 52.51358)
4;2019;8;16;4;3;2;6;0;0;1;0;0;0;1;0;POINT (13.30409 52.50407)
7;2019;8;8;4;3;2;6;0;1;1;0;0;0;0;0;POINT (13.37682 52.479)
5;2019;8;16;4;3;2;6;0;0;1;0;0;0;0;0;POINT (13.21748 52.53798)
9;2019;8;8;4;3;3;6;0;1;0;0;0;0;1;0;POINT (13.52462 52.43932)
2;2019;8;15;4;2;5;3;0;1;0;0;1;0;0;0;POINT (13.37474 52.48504)
12;2019;8;8;4;3;6;4;0;0;1;1;0;0;0;0;POINT (13.32894 52.56673)
2;2019;8;7;4;3;0;1;0;1;0;0;0;0;0;0;POINT (13.386 52.49007)
10;2019;8;15;4;3;2;6;0;0;1;0;0;0;0;0;POINT (13.59416 52.53359)
1;2019;8;15;4;3;3;6;0;0;1;0;0;0;0;0;POINT (13.3916 52.55514)
12;2019;8;7;4;3;5;3;0;1;1;0;0;0;0;0;POINT (13.28902 52.63288)
8;2019;8;7;4;3;5;2;0;1;1;0;0;0;0;0;POINT (13.43982 52.4752)
2;2019;8;23;4;2;6;6;2;0;1;1;0;0;0;0;POINT (13.41992 52.49862)
3;2019;8;7;4;3;1;5;0;1;1;0;0;0;0;0;POINT (13.42827 52.5371)
2;2019;8;22;4;3;1;5;2;1;1;0;1;0;0;0;POINT (13.41466 52.49372)
9;2019;8;5;4;3;5;3;0;1;1;0;0;0;0;0;POINT (13.52663 52.42459)
1;2019;8;7;4;3;5;3;0;0;1;0;0;0;0;0;POINT (13.35399 52.54721)
3;2019;8;10;4;3;2;6;0;1;1;0;0;0;0;0;POINT (13.40334 52.55803)
8;2019;8;7;4;3;2;6;0;0;1;0;1;0;0;0;POINT (13.43666 52.44952)
1;2019;8;18;3;2;6;4;1;1;0;1;0;0;0;0;POINT (13.39527 52.51514)
4;2019;8;20;4;3;0;7;1;1;0;0;0;0;0;0;POINT (13.32261 52.48595)
4;2019;8;8;3;3;5;3;0;0;1;0;0;0;0;0;POINT (13.32854 52.49093)
1;2019;8;18;3;3;6;4;1;1;0;1;0;0;0;0;POINT (13.39516 52.51513)
11;2019;8;19;4;3;5;2;0;1;0;0;1;0;0;0;POINT (13.46937 52.50239)
2;2019;8;12;3;3;5;2;0;1;0;0;0;0;1;0;POINT (13.39053 52.50666)
3;2019;8;18;4;2;5;3;0;1;0;0;0;0;0;0;POINT (13.44561 52.53463)
6;2019;8;9;3;3;2;7;0;0;1;0;0;0;0;0;POINT (13.32622 52.45982)
6;2019;8;18;4;3;2;6;0;0;1;0;0;0;0;0;POINT (13.35241 52.43336)
6;2019;8;12;3;3;0;6;0;1;1;0;0;0;0;0;POINT (13.33856 52.43216)
2;2019;8;18;4;3;5;2;0;0;1;0;1;0;0;0;POINT (13.42938 52.49463)
12;2019;8;21;3;2;1;5;2;0;1;0;1;0;0;0;POINT (13.32084 52.56585)
10;2019;8;21;3;2;5;2;2;0;1;0;1;0;0;0;POINT (13.54132 52.53444)
7;2019;8;14;4;3;2;6;0;0;1;0;0;0;1;0;POINT (13.37794 52.46847)
4;2019;8;14;4;2;0;7;0;1;0;0;0;0;0;0;POINT (13.27835 52.48804)
6;2019;8;19;3;3;5;3;0;1;1;0;0;0;0;0;POINT (13.29791 52.44747)
2;2019;8;18;3;3;5;3;0;1;0;0;0;0;1;0;POINT (13.42159 52.49813)
6;2019;8;14;4;3;0;5;0;0;0;0;1;0;1;0;POINT (13.23626 52.44005)
4;2019;8;18;3;3;5;3;0;1;1;0;0;0;0;0;POINT (13.3065 52.49276)
8;2019;8;14;4;3;5;3;0;0;1;0;0;0;1;0;POINT (13.44469 52.42632)
10;2019;8;19;3;2;1;1;0;0;1;0;1;0;0;0;POINT (13.53854 52.55751)
7;2019;8;13;4;2;1;5;0;0;1;0;1;0;0;0;POINT (13.40439 52.39382)
12;2019;8;16;3;2;0;7;0;0;1;1;0;0;0;0;POINT (13.36342 52.56828)
1;2019;8;13;4;3;6;4;0;1;0;1;0;0;0;0;POINT (13.40293 52.529)
7;2019;8;18;3;3;5;2;0;1;1;0;0;0;0;0;POINT (13.37106 52.47037)
9;2019;8;12;4;3;3;6;0;0;1;0;0;0;0;0;POINT (13.58249 52.45535)
1;2019;8;17;3;3;0;5;0;1;1;0;0;0;0;0;POINT (13.37518 52.53687)
4;2019;8;10;4;3;2;6;0;0;1;0;0;0;1;0;POINT (13.29978 52.48743)
2;2019;8;9;4;3;3;6;0;1;1;0;0;0;0;0;POINT (13.44247 52.5042)
8;2019;8;9;4;3;5;2;0;1;1;0;0;0;0;0;POINT (13.4327 52.47835)
6;2019;8;8;4;3;2;6;0;1;1;0;0;0;0;0;POINT (13.31519 52.4657)
1;2019;8;8;4;3;2;6;0;0;1;0;1;1;0;0;POINT (13.38845 52.52742)
3;2019;8;7;4;3;5;3;0;1;1;0;0;0;0;0;POINT (13.45298 52.56743)
2;2019;8;7;4;3;2;6;0;0;1;0;0;0;0;0;POINT (13.41351 52.49179)
2;2019;8;7;4;3;5;2;0;1;1;0;0;0;0;0;POINT (13.40158 52.50609)
9;2019;8;7;4;3;5;2;0;1;1;0;0;0;0;0;POINT (13.5728 52.47048)
11;2019;8;18;4;2;1;1;0;0;1;0;1;0;0;0;POINT (13.52003 52.57034)
9;2019;8;16;4;2;0;3;0;0;1;0;1;0;0;0;POINT (13.62565 52.45754)
6;2019;8;10;4;2;1;5;0;1;1;0;0;0;0;0;POINT (13.32091 52.44393)