bez;ujahr;umonat;ustunde;uwochentag;ukategorie;uart;utyp1;ulichtverh;istrad;istpkw;istfuss;istkrad;istgkfz;istsonstige;ustrzustand;geometry
7;2019;8;14;4;2;0;1;0;1;0;0;0;0;0;0;POINT (13.36093 52.49018)
5;2019;8;14;4;2;5;3;0;0;1;0;0;0;0;0;POINT (13.18747 52.51498)
5;2019;8;13;4;2;5;3;0;0;1;0;1;0;0;0;POINT (13.12825 52.53106)
8;2019;8;9;4;2;5;3;0;0;1;0;1;0;0;0;POINT (13.49109 52.42382)
2;2019;8;7;4;2;2;6;0;0;1;0;1;0;0;0;POINT (13.43228 52.50562)
1;2019;8;12;4;3;3;6;0;0;1;0;0;0;0;0;POINT (13.36142 52.55516)
7;2019;8;5;4;3;1;5;2;1;1;0;0;0;0;0;POINT (13.3656 52.49534)
5;2019;8;13;4;3;1;5;0;1;1;0;0;0;0;0;POINT (13.19937 52.53906)
3;2019;8;7;3;3;6;4;0;1;0;1;0;0;0;0;POINT (13.42126 52.56349)
8;2019;8;8;3;3;6;4;0;1;0;1;0;0;0;0;POINT (13.45279 52.47534)
6;2019;8;21;3;3;1;5;2;1;1;0;0;0;0;0;POINT (13.25021 52.46705)
1;2019;8;20;3;3;0;7;1;0;0;0;1;0;1;1;POINT (13.35044 52.51365)
5;2019;8;20;3;3;0;2;0;0;1;0;1;0;0;0;POINT (13.1846 52.54752)
7;2019;8;18;3;3;0;3;0;0;1;0;1;0;0;0;POINT (13.34765 52.48628)
3;2019;8;17;3;3;6;4;0;1;0;1;0;0;0;0;POINT (13.43988 52.5408)
2;2019;8;18;3;3;3;6;0;1;1;0;0;0;0;0;POINT (13.41588 52.49278)
1;2019;8;18;3;3;2;6;0;0;1;0;1;0;0;0;POINT (13.37273 52.53841)
10;2019;8;17;3;3;1;5;0;1;1;0;0;0;0;0;POINT (13.63315 52.52298)
11;2019;8;17;3;3;5;2;0;1;0;0;0;0;1;0;POINT (13.47503 52.50155)
3;2019;8;15;3;3;6;2;0;0;1;1;0;0;0;0;POINT (13.45896 52.55016)
2;2019;8;17;3;3;5;3;0;1;1;0;0;0;0;0;POINT (13.45484 52.52346)
4;2019;8;16;3;3;2;6;0;0;1;0;0;0;1;0;POINT (13.31486 52.51281)
12;2019;8;17;3;3;5;2;0;1;1;0;0;0;0;0;POINT (13.33195 52.57555)
2;2019;8;16;3;3;2;6;0;0;0;0;0;0;1;0;POINT (13.46513 52.50775)
2;2019;8;16;3;3;0;3;0;0;1;0;1;0;0;0;POINT (13.4355 52.52169)
8;2019;8;16;3;3;5;3;0;0;1;0;0;0;0;0;POINT (13.4349 52.43743)
4;2019;8;15;3;3;6;4;0;1;0;1;0;0;0;0;POINT (13.32668 52.48405)
6;2019;8;15;3;3;0;1;0;1;0;0;0;0;0;0;POINT (13.30123 52.44609)
8;2019;8;15;3;3;5;2;0;0;1;0;0;0;0;0;POINT (13.44468 52.4631)
1;2019;8;15;3;3;0;6;0;0;1;0;1;0;0;0;POINT (13.32932 52.52266)
3;2019;8;15;3;3;5;3;0;1;0;0;0;0;0;0;POINT (13.46076 52.52381)
9;2019;8;14;3;3;0;1;0;1;0;0;0;0;0;0;POINT (13.54896 52.43823)
9;2019;8;14;3;3;5;7;0;0;1;0;1;0;0;0;POINT (13.50996 52.47031)
1;2019;8;14;3;3;1;5;0;0;1;0;0;0;0;0;POINT (13.3545 52.56094)
9;2019;8;14;3;3;5;3;0;0;1;0;0;0;1;0;POINT (13.61139 52.45602)
1;2019;8;13;3;3;5;3;0;0;1;0;0;0;0;0;POINT (13.3606 52.54858)
4;2019;8;13;3;3;2;6;0;0;1;0;0;0;0;0;POINT (13.28623 52.48024)
8;2019;8;13;3;3;5;2;0;1;1;0;0;0;0;0;POINT (13.41634 52.48048)
5;2019;8;12;3;3;6;4;0;1;0;1;0;0;0;0;POINT (13.24797 52.54541)
1;2019;8;12;3;3;1;5;0;1;1;0;0;0;0;0;POINT (13.37355 52.55702)
2;2019;8;11;3;3;5;3;0;1;1;0;0;0;0;0;POINT (13.39782 52.49528)
1;2019;8;11;3;3;6;4;0;0;0;1;0;0;1;0;POINT (13.38629 52.52996)
8;2019;8;10;3;3;2;6;0;0;1;0;1;0;0;0;POINT (13.42687 52.47591)
4;2019;8;10;3;3;5;2;0;1;1;0;0;0;0;0;POINT (13.32866 52.4786)
4;2019;8;10;3;3;5;2;0;1;0;0;0;0;1;0;POINT (13.30564 52.47976)
1;2019;8;9;3;3;5;2;0;1;1;0;0;0;0;0;POINT (13.39002 52.52568)
12;2019;8;9;3;3;4;6;0;1;0;0;0;0;0;0;POINT (13.29162 52.59578)
3;2019;8;8;3;3;6;4;0;0;1;1;0;0;0;0;POINT (13.45426 52.53241)
1;2019;8;8;3;3;2;7;0;0;1;0;0;0;0;0;POINT (13.342 52.55231)
1;2019;8;7;3;3;6;4;0;1;0;1;0;0;0;0;POINT (13.37321 52.5381)
1;2019;8;7;3;3;1;5;0;1;0;0;0;0;1;0;POINT (13.3852 52.55022)
5;2019;8;7;3;3;3;6;0;0;1;0;0;1;0;0;POINT (13.2323 52.53958)
7;2019;8;1;3;3;8;1;2;0;1;0;0;0;0;0;POINT (13.36211 52.44731)
8;2019;8;1;3;3;5;2;2;0;1;0;0;0;0;0;POINT (13.42486 52.48196)
1;2019;8;20;3;3;5;2;1;1;1;0;0;0;0;0;POINT (13.36617 52.52394)
2;2019;8;12;3;3;0;2;0;1;1;0;0;0;0;0;POINT (13.45925 52.50119)
5;2019;8;17;3;2;5;3;0;1;1;0;0;0;0;0;POINT (13.19973 52.53457)
9;2019;8;14;3;2;3;6;0;1;0;0;0;0;0;0;POINT (13.50109 52.46044)
1;2019;8;12;3;2;6;4;0;0;0;1;1;0;0;0;POINT (13.34968 52.55726)
10;2019;8;7;3;2;5;3;0;1;1;0;0;0;0;0;POINT (13.58899 52.51125)
11;2019;8;6;3;2;5;3;0;1;1;0;0;0;0;0;POINT (13.51165 52.55073)
4;2019;8;8;2;3;2;2;0;0;1;0;1;0;0;0;POINT (13.30993 52.52325)
6;2019;8;7;2;3;5;2;0;1;1;0;0;0;0;0;POINT (13.27965 52.42977)
4;2019;8;20;2;3;5;3;2;0;1;0;0;0;1;0;POINT (13.30416 52.5267)
1;2019;8;19;2;3;0;1;1;1;0;0;0;0;0;0;POINT (13.41738 52.5157)
4;2019;8;19;2;3;1;5;1;1;1;0;0;0;0;0;POINT (13.2549 52.52083)
3;2019;8;19;2;3;3;6;0;1;0;0;0;0;0;0;POINT (13.42794 52.54551)
1;2019;8;18;2;3;0;1;0;1;0;0;0;0;0;0;POINT (13.38012 52.51991)
1;2019;8;18;2;3;1;5;0;1;1;0;0;0;1;0;POINT (13.41084 52.52689)
1;2019;8;17;2;3;6;2;0;0;1;1;0;0;0;0;POINT (13.37955 52.52258)
3;2019;8;17;2;3;5;3;0;0;1;0;1;0;0;0;POINT (13.4062 52.58178)
1;2019;8;17;2;3;2;6;0;1;1;0;0;0;0;0;POINT (13.35857 52.54012)
4;2019;8;17;2;3;6;4;0;0;1;1;0;0;0;0;POINT (13.30274 52.50608)
8;2019;8;17;2;3;2;6;0;0;1;0;0;0;0;0;POINT (13.45794 52.43122)
4;2019;8;16;2;3;5;3;0;1;1;0;0;0;0;0;POINT (13.32331 52.516)
9;2019;8;16;2;3;5;2;0;0;1;0;0;0;0;0;POINT (13.53098 52.41559)
4;2019;8;16;2;3;5;2;0;1;1;0;0;0;0;0;POINT (13.29148 52.4751)
7;2019;8;16;2;3;5;2;0;1;1;0;0;0;0;0;POINT (13.38571 52.4782)
10;2019;8;15;2;3;1;5;0;1;1;0;0;0;0;0;POINT (13.55654 52.53302)
4;2019;8;9;2;3;5;2;0;1;1;0;0;0;0;0;POINT (13.29732 52.51112)
7;2019;8;12;7;2;0;7;0;1;0;0;0;0;0;0;POINT (13.37201 52.49244)
1;2019;8;4;2;3;5;3;2;0;1;0;0;0;0;1;POINT (13.3655 52.55712)
3;2019;8;15;2;3;0;3;0;0;1;0;1;0;0;0;POINT (13.45071 52.59126)
7;2019;8;14;2;3;0;5;0;1;1;0;0;0;0;0;POINT (13.34387 52.46482)
7;2019;8;14;2;3;5;3;0;0;1;0;0;0;1;0;POINT (13.39974 52.45601)
1;2019;8;14;2;3;5;2;0;1;1;0;0;0;0;0;POINT (13.36581 52.50307)
8;2019;8;14;2;3;6;4;0;0;1;1;0;0;0;0;POINT (13.49625 52.41561)
10;2019;8;13;2;3;5;2;0;1;1;0;0;0;0;0;POINT (13.62085 52.53094)
1;2019;8;12;2;3;5;3;0;0;1;0;1;0;0;0;POINT (13.38005 52.53278)
4;2019;8;12;2;3;2;6;0;0;1;0;0;0;0;0;POINT (13.32524 52.5415)
3;2019;8;12;2;3;2;6;0;0;1;0;0;0;0;0;POINT (13.44022 52.556)
1;2019;8;5;2;3;5;3;1;1;1;0;0;0;0;0;POINT (13.36538 52.55681)
7;2019;8;11;2;3;3;6;0;1;0;0;0;0;1;0;POINT (13.36357 52.47832)
4;2019;8;11;2;3;5;3;0;0;1;0;0;0;0;0;POINT (13.2739 52.50968)
6;2019;8;10;2;3;5;3;0;1;1;0;0;0;0;0;POINT (13.33554 52.40876)
7;2019;8;10;2;3;4;6;0;1;0;0;0;0;0;0;POINT (13.32687 52.46494)
9;2019;8;9;2;3;5;3;0;0;1;0;0;1;0;0;POINT (13.52213 52.40246)
6;2019;8;9;2;3;6;4;0;1;0;1;0;0;0;0;POINT (13.31041 52.43096)
3;2019;8;8;2;3;5;2;0;0;1;0;1;0;0;0;POINT (13.39881 52.57059)
1;2019;8;8;2;3;5;7;0;0;1;0;1;0;0;0;POINT (13.3295 52.53299)
7;2019;8;7;2;3;6;4;0;1;0;1;0;0;0;0;POINT (13.35568 52.45731)
4;2019;8;8;2;3;3;6;0;1;0;0;0;0;1;0;POINT (13.30451 52.49945)
8;2019;8;7;2;3;5;2;0;1;0;0;0;0;1;0;POINT (13.49192 52.42044)
3;2019;8;7;2;3;5;2;0;1;0;0;0;0;0;0;POINT (13.48578 52.61584)
1;2019;8;7;2;3;5;5;0;1;1;0;0;0;0;0;POINT (13.41928 52.508)
1;2019;8;6;2;3;3;6;0;0;1;0;1;0;0;0;POINT (13.41589 52.52741)
11;2019;8;16;2;2;0;3;0;1;0;0;0;0;0;0;POINT (13.49248 52.51629)
10;2019;8;6;2;3;5;2;1;1;0;0;0;0;1;0;POINT (13.56577 52.57039)
12;2019;8;13;2;2;8;6;0;0;1;0;0;0;0;0;POINT (13.30161 52.58003)
9;2019;8;9;2;2;1;5;0;1;0;0;0;0;1;0;POINT (13.50083 52.45649)
2;2019;8;9;2;3;1;5;0;1;1;0;0;0;1;0;POINT (13.42172 52.50062)
7;2019;8;10;2;3;2;6;0;0;1;0;0;0;0;0;POINT (13.33772 52.46705)
12;2019;8;15;1;3;6;4;0;0;0;1;1;0;0;0;POINT (13.36643 52.56392)
6;2019;8;18;1;3;6;7;0;1;0;1;0;0;0;0;POINT (13.23749 52.44409)
6;2019;8;18;1;3;2;6;0;1;1;0;0;0;0;0;POINT (13.26173 52.41644)
12;2019;8;17;1;3;5;2;0;1;0;0;0;0;1;0;POINT (13.36298 52.56665)
2;2019;8;17;1;3;5;3;0;1;1;0;0;0;0;0;POINT (13.42155 52.50067)
3;2019;8;17;1;3;2;7;0;0;1;0;0;0;0;0;POINT (13.45734 52.52446)
6;2019;8;16;1;3;2;6;0;1;1;0;0;0;0;0;POINT (13.2503 52.42128)
7;2019;8;16;1;3;0;7;0;1;0;0;0;0;0;0;POINT (13.32819 52.4734)
1;2019;8;16;1;3;5;3;0;1;0;0;0;0;0;0;POINT (13.32434 52.52651)
4;2019;8;16;1;3;1;5;0;0;1;0;0;0;0;0;POINT (13.28093 52.47873)
11;2019;8;10;1;3;0;7;0;1;0;0;0;0;0;0;POINT (13.5016 52.49305)
1;2019;9;12;1;3;0;4;0;0;0;1;0;0;1;0;POINT (13.37361 52.55677)
1;2019;8;20;1;3;5;3;2;1;1;0;0;0;0;0;POINT (13.38383 52.55501)
9;2019;9;15;1;3;5;3;0;1;1;0;0;0;0;0;POINT (13.51811 52.44375)
11;2019;9;7;1;3;3;2;0;1;1;0;0;0;0;0;POINT (13.48583 52.51853)
11;2019;8;16;1;3;2;6;0;0;1;0;0;0;1;0;POINT (13.50835 52.56434)
2;2019;8;15;1;3;5;2;0;1;0;0;1;0;0;0;POINT (13.47248 52.50852)
4;2019;9;11;1;3;2;2;0;0;1;0;0;1;0;0;POINT (13.30889 52.49077)
6;2019;9;11;1;3;2;6;0;0;1;0;1;0;0;0;POINT (13.2688 52.44756)
10;2019;8;15;1;3;2;6;0;0;1;0;0;0;0;0;POINT (13.61883 52.53111)
6;2019;9;10;1;2;2;6;0;0;1;0;0;0;0;0;POINT (13.36606 52.4353)
9;2019;8;15;1;3;0;3;0;1;1;0;0;0;0;0;POINT (13.56918 52.44268)
1;2019;9;11;1;3;2;2;0;0;1;0;0;0;0;0;POINT (13.39127 52.5362)
1;2019;8;15;1;3;2;6;0;0;1;0;0;0;1;0;POINT (13.38381 52.55123)
8;2019;9;11;1;3;5;3;0;0;1;0;0;0;0;0;POINT (13.49002 52.42008)
5;2019;8;15;1;3;5;3;0;1;1;0;0;0;0;0;POINT (13.21259 52.57321)
12;2019;9;11;1;3;3;6;0;0;1;0;0;0;0;0;POINT (13.32948 52.5633)
7;2019;9;7;1;3;2;7;0;0;0;0;1;0;1;0;POINT (13.36637 52.48828)
6;2019;8;14;1;3;0;1;0;1;0;0;0;0;0;0;POINT (13.28715 52.4325)
4;2019;8;12;1;3;5;3;0;1;1;0;0;0;0;0;POINT (13.32832 52.52225)
9;2019;9;10;1;3;0;1;0;1;0;0;0;0;0;0;POINT (13.57468 52.44836)
1;2019;8;11;1;3;2;6;0;1;1;0;0;0;0;0;POINT (13.38958 52.51234)
1;2019;9;7;1;3;1;5;0;1;1;0;0;0;0;0;POINT (13.38679 52.5146)
2;2019;8;13;1;3;5;3;0;1;1;0;0;0;0;0;POINT (13.45809 52.51945)
9;2019;9;14;1;3;5;3;0;1;1;0;0;0;0;0;POINT (13.50696 52.44714)
6;2019;8;11;1;2;5;2;0;1;1;0;0;0;0;0;POINT (13.27106 52.43878)
1;2019;9;10;1;3;0;1;0;1;1;0;0;0;0;0;POINT (13.39309 52.53211)
11;2019;8;10;1;3;0;6;0;0;1;0;1;0;0;0;POINT (13.47735 52.53094)
10;2019;9;10;1;3;2;6;0;0;0;0;1;1;0;0;POINT (13.60049 52.4766)
1;2019;9;14;1;3;5;3;0;0;1;0;1;0;0;0;POINT (13.34898 52.51479)
2;2019;8;10;1;3;5;5;0;1;0;0;0;0;1;0;POINT (13.47434 52.51066)
2;2019;9;10;1;3;5;3;0;0;1;0;0;0;1;0;POINT (13.41052 52.49859)
8;2019;8;9;1;3;5;3;0;0;1;0;0;0;0;0;POINT (13.48361 52.43121)
10;2019;9;9;1;3;2;6;0;1;1;0;0;0;0;0;POINT (13.56039 52.48678)
1;2019;9;9;1;2;5;2;0;0;1;0;1;0;0;0;POINT (13.35094 52.52435)
4;2019;8;9;1;3;0;1;0;1;0;0;0;0;0;0;POINT (13.33025 52.51321)
4;2019;9;9;1;2;6;7;0;0;0;1;0;0;1;0;POINT (13.26877 52.51168)
12;2019;8;8;1;3;1;1;0;0;1;0;0;0;0;0;POINT (13.31362 52.5725)
4;2019;9;8;1;3;2;6;0;0;1;0;1;0;0;0;POINT (13.33102 52.49064)
2;2019;8;8;1;3;2;6;0;0;1;0;0;0;0;0;POINT (13.40725 52.49848)
9;2019;9;8;1;2;2;6;0;0;1;0;0;0;0;0;POINT (13.57751 52.44408)
4;2019;8;7;1;3;5;2;0;1;1;0;0;0;0;0;POINT (13.31528 52.49065)
4;2019;9;8;1;3;5;2;0;1;1;0;0;0;0;0;POINT (13.28731 52.513)
7;2019;9;10;1;2;9;7;0;0;1;0;0;0;0;0;POINT (13.35471 52.4587)
6;2019;8;7;1;3;5;2;0;1;1;0;0;0;0;0;POINT (13.32637 52.42773)
2;2019;8;5;1;3;5;2;1;0;1;0;1;0;0;0;POINT (13.43109 52.51276)
2;2019;9;13;7;3;6;7;0;0;0;1;0;0;1;0;POINT (13.40412 52.49558)
2;2019;8;0;1;3;0;1;2;0;0;0;1;0;0;0;POINT (13.45663 52.5118)
3;2019;9;0;7;3;5;3;2;0;1;0;0;0;1;0;POINT (13.41373 52.53231)
3;2019;8;23;1;3;0;1;2;1;0;0;0;0;0;1;POINT (13.42202 52.57358)
6;2019;9;17;7;2;6;4;0;0;1;1;0;0;0;0;POINT (13.29917 52.41972)
1;2019;8;21;1;3;5;3;2;1;1;0;0;0;0;1;POINT (13.36566 52.55683)
1;2019;9;20;7;3;6;4;2;1;0;1;0;0;0;0;POINT (13.35617 52.54203)
4;2019;9;18;7;3;5;2;0;1;1;0;0;0;0;0;POINT (13.28526 52.51287)
11;2019;8;20;1;3;0;7;1;1;1;0;0;0;0;1;POINT (13.52147 52.51331)
8;2019;9;18;7;3;0;6;0;0;1;0;0;0;1;0;POINT (13.43975 52.48155)
6;2019;8;19;1;3;1;5;2;1;0;0;0;0;1;1;POINT (13.33954 52.45085)
10;2019;9;17;7;3;5;2;0;0;1;0;0;0;0;0;POINT (13.56562 52.57044)
5;2019;8;18;1;3;3;2;0;0;1;0;0;1;0;0;POINT (13.22769 52.55879)
10;2019;9;16;7;3;6;6;0;1;0;1;0;0;0;0;POINT (13.57607 52.54019)
12;2019;8;22;1;2;5;3;2;0;1;0;0;0;1;1;POINT (13.37258 52.56823)
11;2019;9;11;7;3;5;3;0;1;1;0;0;0;0;0;POINT (13.52343 52.49742)
2;2019;9;11;7;3;5;3;0;1;1;0;0;0;0;0;POINT (13.39445 52.50697)
2;2019;8;20;1;2;1;1;2;0;1;0;1;0;0;1;POINT (13.45814 52.51312)
5;2019;9;10;7;3;5;2;0;1;1;0;0;0;0;0;POINT (13.21459 52.5383)
5;2019;8;20;1;2;5;2;1;0;1;0;1;0;0;1;POINT (13.19854 52.54288)
1;2019;9;10;7;3;1;5;0;1;1;0;0;0;0;0;POINT (13.3787 52.53405)
10;2019;8;17;1;3;3;6;0;0;1;0;1;0;0;0;POINT (13.60447 52.53763)
9;2019;9;8;7;3;2;6;0;0;1;0;0;0;0;0;POINT (13.49715 52.45834)
3;2019;8;14;1;2;3;6;0;1;0;0;0;0;1;0;POINT (13.43162 52.60335)
2;2019;8;22;6;3;2;6;2;0;1;0;1;0;0;0;POINT (13.47559 52.51206)
1;2019;8;21;6;2;5;3;2;1;0;0;0;0;1;0;POINT (13.40642 52.52498)
8;2019;8;13;1;2;2;6;0;1;1;0;0;0;0;0;POINT (13.43778 52.47863)
4;2019;8;8;1;2;3;6;0;1;1;0;0;0;0;0;POINT (13.31353 52.51783)
2;2019;8;21;6;3;0;1;2;0;0;0;1;0;0;0;POINT (13.46998 52.50634)
3;2019;8;20;6;3;1;5;1;0;1;0;0;0;0;0;POINT (13.37462 52.58523)
7;2019;8;5;1;3;0;3;1;0;1;0;1;0;0;0;POINT (13.41022 52.39925)
11;2019;8;19;6;2;0;7;1;0;0;1;0;0;1;0;POINT (13.52409 52.5653)
1;2019;8;7;1;3;6;2;0;1;0;1;0;0;0;0;POINT (13.3767 52.51072)
4;2019;8;18;6;3;5;3;0;0;1;0;0;0;0;0;POINT (13.29595 52.48117)
8;2019;8;18;6;2;5;3;0;1;0;0;0;0;1;0;POINT (13.43605 52.44929)
8;2019;8;13;7;3;2;6;0;0;1;0;1;0;0;0;POINT (13.43154 52.46713)
8;2019;8;17;6;3;1;5;0;1;0;0;0;0;1;0;POINT (13.44526 52.46807)
10;2019;8;17;6;3;5;2;0;1;1;0;0;0;0;0;POINT (13.57789 52.49763)
6;2019;8;8;7;3;5;2;0;1;1;0;0;0;0;0;POINT (13.27049 52.45102)
4;2019;8;17;6;3;2;6;0;1;1;0;0;0;0;0;POINT (13.32894 52.50338)
4;2019;8;23;7;3;2;6;2;0;1;0;0;0;0;0;POINT (13.33409 52.50447)
11;2019;8;16;6;2;5;3;0;0;1;0;1;0;0;0;POINT (13.52973 52.56984)
1;2019;8;15;6;3;5;3;0;1;0;0;1;0;0;0;POINT (13.34419 52.54616)
1;2019;8;22;7;3;5;3;2;1;0;0;1;0;0;0;POINT (13.33484 52.52461)
1;2019;8;14;6;3;0;1;0;0;0;0;1;0;0;0;POINT (13.41999 52.50818)
6;2019;8;19;7;3;0;2;0;1;1;0;0;0;0;0;POINT (13.3351 52.46269)
1;2019;8;13;6;3;5;3;0;1;1;0;0;0;0;0;POINT (13.3915 52.55031)
1;2019;8;18;7;3;1;5;0;1;1;0;0;0;0;0;POINT (13.3424 52.50488)
8;2019;8;13;6;3;6;4;0;1;0;1;0;0;0;0;POINT (13.42707 52.42063)
4;2019;8;13;6;3;2;6;0;0;1;0;0;0;0;0;POINT (13.31512 52.49078)
5;2019;8;17;7;3;5;2;0;0;1;0;1;0;0;0;POINT (13.15351 52.5534)
12;2019;8;17;7;3;0;1;0;0;0;0;1;0;0;0;POINT (13.31728 52.59402)
2;2019;8;13;6;3;1;5;0;1;1;0;0;0;0;0;POINT (13.39687 52.50509)
8;2019;8;13;6;3;2;6;0;0;1;0;0;0;0;0;POINT (13.43505 52.45039)
6;2019;8;17;7;3;2;6;0;0;1;0;1;0;0;0;POINT (13.26735 52.40923)
1;2019;8;13;6;3;1;6;0;0;1;0;0;0;0;0;POINT (13.38185 52.55592)
6;2019;8;15;7;3;5;3;0;0;1;0;1;0;0;0;POINT (13.31826 52.46623)
1;2019;8;12;6;3;2;6;0;0;1;0;0;0;0;0;POINT (13.38378 52.55125)
2;2019;8;12;6;3;2;6;0;0;1;0;0;0;0;0;POINT (13.43316 52.50524)
9;2019;8;14;7;3;1;6;0;0;1;0;1;0;0;0;POINT (13.5407 52.45833)
8;2019;8;11;6;3;3;6;0;1;1;0;0;0;0;0;POINT (13.43405 52.48479)
12;2019;8;10;6;3;2;2;0;0;1;0;1;0;0;0;POINT (13.34688 52.59692)
4;2019;8;14;7;3;3;6;0;0;1;0;1;0;0;0;POINT (13.26244 52.5154)
2;2019;8;9;6;3;1;6;0;1;1;0;0;0;0;0;POINT (13.46952 52.52071)
1;2019;8;14;7;3;6;2;0;1;0;1;0;0;0;0;POINT (13.38415 52.51009)
3;2019;8;8;6;3;1;5;0;1;1;0;0;0;0;0;POINT (13.41476 52.56649)
9;2019;8;7;6;2;5;2;0;0;1;0;0;0;0;0;POINT (13.4913 52.46909)
10;2019;8;21;7;2;0;1;2;1;0;0;0;0;0;0;POINT (13.57626 52.55202)
1;2019;8;11;7;3;5;7;0;0;1;0;0;0;1;0;POINT (13.42346 52.52381)
1;2019;8;4;6;3;8;1;2;0;1;0;0;0;0;0;POINT (13.3702 52.51666)
7;2019;8;12;6;3;6;7;0;0;1;1;0;0;0;0;POINT (13.34809 52.41495)
2;2019;8;10;7;3;5;2;0;0;1;0;0;0;0;0;POINT (13.44063 52.5171)
2;2019;8;0;6;2;6;4;2;1;0;1;0;0;0;0;POINT (13.42393 52.50154)
12;2019;8;3;7;3;0;1;2;1;0;0;0;0;0;0;POINT (13.27964 52.5853)
5;2019;8;0;7;3;5;3;2;1;1;0;0;0;0;0;POINT (13.19977 52.53455)
4;2019;8;13;6;3;5;2;0;1;1;0;0;0;0;0;POINT (13.30218 52.50683)
7;2019;8;18;5;3;5;3;0;1;0;0;0;0;0;0;POINT (13.41198 52.46429)
11;2019;8;22;6;2;0;1;2;1;0;0;0;0;0;0;POINT (13.49647 52.51416)
4;2019;8;23;5;3;6;7;2;0;1;1;0;0;0;0;POINT (13.32975 52.50355)
2;2019;8;22;6;3;2;7;2;1;1;0;0;0;0;0;POINT (13.42385 52.49035)
8;2019;8;21;5;2;5;3;2;1;1;0;0;0;0;0;POINT (13.43266 52.47835)
11;2019;8;10;6;3;0;7;0;1;0;0;0;0;0;0;POINT (13.48049 52.49925)
3;2019;8;19;5;3;5;3;0;1;1;0;0;0;0;0;POINT (13.45337 52.54207)
7;2019;8;18;6;3;5;3;0;0;1;0;0;0;0;0;POINT (13.36382 52.49733)
4;2019;8;19;5;3;5;3;0;1;1;0;0;0;0;0;POINT (13.27375 52.51462)
12;2019;8;18;6;3;2;6;0;0;1;0;0;0;0;0;POINT (13.32599 52.56145)
6;2019;8;18;5;3;5;3;0;1;1;0;0;0;0;0;POINT (13.32538 52.41391)
1;2019;8;17;6;3;5;2;0;1;1;0;0;0;0;0;POINT (13.38328 52.51142)
3;2019;8;17;5;3;5;5;0;0;1;0;1;0;0;0;POINT (13.43843 52.54441)
2;2019;8;23;6;3;1;5;2;1;1;0;0;0;0;0;POINT (13.41899 52.50086)
4;2019;8;17;5;2;5;3;0;1;1;0;0;0;0;0;POINT (13.30282 52.5055)
4;2019;8;17;5;2;0;7;0;1;0;0;0;0;0;0;POINT (13.30385 52.50559)
5;2019;8;18;6;3;0;6;0;0;1;0;1;0;0;0;POINT (13.21303 52.53859)
7;2019;8;16;5;3;5;2;0;0;1;0;1;0;0;0;POINT (13.34592 52.49887)
7;2019;8;17;6;3;5;3;0;1;1;0;0;0;0;0;POINT (13.36705 52.45579)
3;2019;8;13;5;3;4;6;0;0;1;0;0;0;0;0;POINT (13.50783 52.62665)
1;2019;8;9;5;3;3;6;0;0;1;0;0;0;1;0;POINT (13.40617 52.51797)
10;2019;8;15;6;3;0;7;0;1;0;0;0;0;0;0;POINT (13.5655 52.49317)
1;2019;8;15;5;3;0;7;0;0;0;0;1;0;0;0;POINT (13.36162 52.54477)
5;2019;8;23;6;3;2;6;2;0;1;0;0;0;0;0;POINT (13.20795 52.55388)
4;2019;8;15;5;3;1;5;0;1;1;0;0;0;0;0;POINT (13.29723 52.50685)
8;2019;8;21;6;3;3;6;2;0;1;0;1;0;0;0;POINT (13.43082 52.46835)
12;2019;8;15;5;3;2;6;0;0;1;0;1;0;0;0;POINT (13.3161 52.57845)
5;2019;8;19;6;3;6;4;1;0;1;1;0;0;0;0;POINT (13.20608 52.54069)
12;2019;8;14;5;3;5;2;0;1;0;0;0;0;1;0;POINT (13.34593 52.5745)
1;2019;8;13;5;3;5;3;0;1;1;0;0;0;0;0;POINT (13.35233 52.51584)
5;2019;8;15;6;3;2;2;0;0;1;0;0;0;0;0;POINT (13.21573 52.52682)
1;2019;8;19;6;2;0;7;0;1;0;0;0;0;0;0;POINT (13.38527 52.5353)
7;2019;8;13;5;3;5;7;0;0;1;0;0;0;0;0;POINT (13.37486 52.46866)
9;2019;8;14;6;3;5;3;0;1;1;0;0;0;0;0;POINT (13.54955 52.43829)
8;2019;8;13;5;3;5;2;0;1;1;0;0;0;0;0;POINT (13.43429 52.44624)
3;2019;8;14;6;3;2;3;0;0;1;0;0;0;0;0;POINT (13.41831 52.56896)
4;2019;8;13;5;3;2;6;0;0;1;0;0;0;0;0;POINT (13.30982 52.50658)
4;2019;8;12;5;3;5;2;0;1;1;0;0;0;0;0;POINT (13.30621 52.52112)
9;2019;8;13;6;3;2;6;0;0;1;0;0;0;0;0;POINT (13.57753 52.44408)
8;2019;8;13;6;3;5;2;0;0;1;0;0;0;0;0;POINT (13.46205 52.42251)
9;2019;8;12;5;3;5;3;0;1;0;0;0;0;1;0;POINT (13.49244 52.44991)
3;2019;8;11;5;3;0;3;0;1;0;0;0;0;1;0;POINT (13.41873 52.57259)
9;2019;8;12;6;3;5;3;0;1;0;0;0;0;0;0;POINT (13.57225 52.45079)
5;2019;8;11;5;3;0;3;0;0;1;0;1;0;0;0;POINT (13.17918 52.53385)
7;2019;8;11;6;3;5;2;0;1;1;0;0;0;0;0;POINT (13.33855 52.46669)
7;2019;8;9;5;3;1;5;0;1;1;0;0;0;0;0;POINT (13.37909 52.44796)
1;2019;8;9;5;3;5;3;0;1;1;0;0;0;0;0;POINT (13.40041 52.50943)
9;2019;8;11;6;2;8;1;0;0;0;0;1;0;0;0;POINT (13.67219 52.41825)
8;2019;8;9;5;3;2;6;0;0;1;0;0;0;0;0;POINT (13.4398 52.47591)
4;2019;8;6;6;2;8;7;0;0;1;0;0;0;0;1;POINT (13.33364 52.50698)
12;2019;8;8;5;3;5;2;0;1;1;0;0;0;0;0;POINT (13.22707 52.58465)
2;2019;8;12;6;3;5;3;0;0;1;0;0;0;0;0;POINT (13.42772 52.49627)
8;2019;8;8;5;3;6;4;0;0;1;1;0;0;0;0;POINT (13.43013 52.42148)
8;2019;8;16;6;3;5;3;0;1;1;0;0;0;0;0;POINT (13.43458 52.47251)
1;2019;8;8;5;3;5;2;0;1;1;0;0;0;0;0;POINT (13.39096 52.5633)
7;2019;8;7;5;3;1;5;0;0;1;0;0;1;0;0;POINT (13.40149 52.3964)
3;2019;8;3;5;3;6;4;2;0;1;1;0;0;0;0;POINT (13.43639 52.53886)
7;2019;8;15;5;3;5;3;0;0;1;0;0;0;0;0;POINT (13.34505 52.489)
2;2019;8;7;5;3;5;2;0;1;1;0;0;0;0;0;POINT (13.42396 52.51343)