bez;ujahr;umonat;ustunde;uwochentag;ukategorie;uart;utyp1;ulichtverh;istrad;istpkw;istfuss;istkrad;istgkfz;istsonstige;ustrzustand;geometry
7;2019;8;9;5;3;6;4;0;0;1;1;0;0;0;0;POINT (13.3955 52.46541)
6;2019;8;19;5;3;5;3;0;0;1;0;1;0;0;0;POINT (13.32819 52.45427)
9;2019;8;16;5;2;5;7;0;0;1;0;1;0;0;0;POINT (13.62428 52.44795)
2;2019;8;13;5;3;0;2;0;1;0;0;0;0;1;0;POINT (13.43797 52.5002)
1;2019;8;16;5;2;1;5;0;0;1;0;0;0;1;0;POINT (13.41332 52.51336)
1;2019;8;1;5;3;0;1;2;0;0;0;0;0;1;0;POINT (13.40847 52.52907)
1;2019;8;13;5;2;5;2;0;0;1;0;0;0;0;0;POINT (13.36983 52.55973)
9;2019;8;20;5;3;0;6;1;1;0;0;0;0;1;0;POINT (13.57163 52.44472)
3;2019;8;8;5;3;0;6;0;0;0;0;1;0;0;0;POINT (13.42804 52.53354)
3;2019;8;20;5;3;5;2;1;1;1;0;0;0;0;0;POINT (13.41092 52.56118)
1;2019;8;8;5;2;5;3;0;1;0;0;0;0;0;0;POINT (13.34854 52.52201)
9;2019;8;17;5;3;5;2;0;1;1;0;0;0;0;0;POINT (13.54691 52.43152)
11;2019;8;11;5;3;0;6;0;0;1;0;0;0;0;0;POINT (13.48075 52.49918)
6;2019;8;9;5;2;1;5;0;1;1;0;0;0;0;0;POINT (13.28239 52.42233)
8;2019;8;19;5;2;0;2;0;0;1;0;0;0;1;0;POINT (13.43491 52.44031)
4;2019;8;4;5;3;1;5;2;1;1;0;0;0;0;0;POINT (13.29621 52.51638)
6;2019;8;19;5;2;6;4;0;1;0;1;0;0;0;0;POINT (13.31831 52.46178)
1;2019;8;9;4;3;5;2;0;1;1;0;0;0;0;0;POINT (13.3851 52.53245)
8;2019;8;18;5;3;2;6;0;1;1;0;0;0;0;0;POINT (13.43884 52.48141)
1;2019;8;21;4;3;1;5;2;1;1;0;0;0;0;0;POINT (13.36333 52.54891)
12;2019;8;18;5;3;1;5;0;1;1;0;0;0;0;0;POINT (13.3686 52.56859)
12;2019;8;19;4;3;3;6;1;1;1;0;0;0;0;0;POINT (13.27848 52.63602)
11;2019;8;18;4;3;5;3;0;1;0;0;0;0;0;0;POINT (13.47881 52.52834)
2;2019;8;18;5;3;6;4;0;1;0;1;0;0;0;0;POINT (13.41573 52.49117)
1;2019;8;17;5;3;1;5;0;1;0;0;0;0;1;0;POINT (13.41186 52.50507)
7;2019;8;18;4;3;5;2;0;1;1;0;0;0;0;0;POINT (13.4021 52.4634)
1;2019;8;18;4;3;2;6;0;0;1;0;0;0;0;0;POINT (13.37164 52.51119)
7;2019;8;16;5;2;5;2;0;1;1;0;0;0;0;0;POINT (13.33516 52.47129)
1;2019;8;17;4;3;5;3;0;1;0;0;0;0;1;0;POINT (13.38133 52.51201)
4;2019;8;16;5;3;5;2;0;1;0;0;0;0;1;0;POINT (13.33067 52.48722)
9;2019;8;19;4;3;5;3;0;0;1;0;1;0;0;0;POINT (13.53673 52.41294)
1;2019;8;17;4;3;6;4;0;0;1;1;0;0;0;0;POINT (13.34139 52.52555)
1;2019;8;22;5;3;2;2;2;1;1;0;0;0;0;0;POINT (13.37182 52.50926)
4;2019;8;15;4;3;0;7;0;1;0;0;0;0;0;0;POINT (13.32254 52.48658)
1;2019;8;15;4;3;5;3;0;1;1;0;0;0;0;0;POINT (13.39182 52.50957)
9;2019;8;16;5;2;5;2;0;1;1;0;0;0;0;0;POINT (13.5442 52.3994)
3;2019;8;15;4;3;5;3;0;1;0;0;0;0;0;0;POINT (13.41663 52.57063)
6;2019;8;14;4;3;3;2;0;0;1;0;1;0;0;0;POINT (13.35411 52.4384)
5;2019;8;22;5;3;5;2;2;1;1;0;0;0;0;0;POINT (13.24704 52.54415)
7;2019;8;14;4;3;3;5;0;1;1;0;0;0;0;0;POINT (13.346 52.49667)
4;2019;8;22;5;2;5;2;2;1;1;0;0;0;0;0;POINT (13.29857 52.47246)
3;2019;8;14;4;3;5;2;0;1;1;0;0;0;0;0;POINT (13.40895 52.57104)
4;2019;8;21;5;3;5;2;1;1;1;0;0;0;0;0;POINT (13.31651 52.49947)
2;2019;8;14;4;3;4;7;0;1;0;0;0;0;0;0;POINT (13.43375 52.49958)
11;2019;8;20;5;3;0;2;1;1;1;0;0;0;0;0;POINT (13.48596 52.52077)
5;2019;8;14;4;3;5;3;0;1;1;0;0;0;0;0;POINT (13.26912 52.53777)
5;2019;8;14;4;3;5;2;0;1;1;0;0;0;0;0;POINT (13.13375 52.46163)
8;2019;8;16;5;2;3;6;0;0;1;0;1;0;0;0;POINT (13.42795 52.47377)
1;2019;8;16;5;3;5;3;0;0;1;0;0;0;1;0;POINT (13.39029 52.50859)
4;2019;8;13;4;3;0;2;0;0;1;0;0;0;1;0;POINT (13.31524 52.5148)
8;2019;8;14;4;2;2;6;0;0;1;0;0;0;0;0;POINT (13.46209 52.43255)
12;2019;8;15;5;3;5;2;0;0;1;0;1;0;0;0;POINT (13.29159 52.596)
1;2019;8;12;4;3;5;3;0;1;0;0;0;0;0;0;POINT (13.40004 52.51206)
1;2019;8;15;5;3;5;2;0;1;1;0;0;0;0;0;POINT (13.33324 52.56093)
9;2019;8;12;4;3;5;3;0;0;1;0;0;0;0;0;POINT (13.49786 52.43372)
5;2019;8;12;5;3;2;6;0;0;1;0;0;0;0;0;POINT (13.22884 52.52832)
12;2019;8;10;4;3;0;6;0;0;1;0;1;0;0;0;POINT (13.33111 52.56236)
5;2019;8;11;5;3;5;3;0;1;1;0;0;0;0;0;POINT (13.17321 52.54947)
7;2019;8;10;4;3;0;7;0;0;1;0;0;0;1;0;POINT (13.39407 52.45684)
1;2019;8;11;5;3;2;6;0;0;1;0;0;0;0;0;POINT (13.39095 52.5449)
3;2019;8;13;7;3;5;3;0;0;1;0;0;0;0;0;POINT (13.41964 52.55617)
9;2019;9;8;1;3;5;3;0;0;1;0;0;0;0;1;POINT (13.69943 52.43586)
12;2019;9;7;1;3;5;3;0;0;1;0;0;0;1;1;POINT (13.30927 52.57872)
8;2019;9;7;1;3;5;3;0;0;1;0;0;0;0;1;POINT (13.426 52.49138)
7;2019;9;6;1;3;2;2;2;0;1;0;0;0;1;1;POINT (13.37965 52.44472)
8;2019;9;14;1;3;6;2;0;0;1;1;0;0;0;1;POINT (13.4681 52.42785)
11;2019;9;6;1;3;5;2;1;1;1;0;0;0;0;1;POINT (13.48078 52.49911)
4;2019;9;5;1;3;2;6;0;0;1;0;0;0;0;1;POINT (13.32621 52.5381)
9;2019;9;18;1;3;5;3;0;1;1;0;0;0;0;1;POINT (13.57523 52.45385)
4;2019;9;22;7;3;5;3;2;1;1;0;0;0;0;0;POINT (13.29941 52.5197)
1;2019;9;3;7;3;1;5;2;0;1;0;0;0;0;0;POINT (13.37629 52.54615)
8;2019;9;21;7;3;1;5;2;0;1;0;0;0;0;0;POINT (13.43437 52.47643)
8;2019;9;21;7;2;6;7;2;1;0;1;0;0;0;0;POINT (13.4311 52.47815)
7;2019;9;21;7;3;1;5;2;0;1;0;0;0;0;0;POINT (13.38864 52.42068)
7;2019;9;18;7;3;2;7;0;0;1;0;1;0;0;0;POINT (13.37065 52.45568)
7;2019;9;14;7;3;1;5;0;0;1;0;0;0;1;0;POINT (13.40211 52.43156)
8;2019;9;2;7;2;0;1;2;1;0;0;0;0;0;0;POINT (13.4347 52.47861)
2;2019;9;1;7;3;0;7;2;0;0;0;0;0;1;0;POINT (13.45651 52.50758)
12;2019;9;0;7;2;0;1;2;1;0;0;0;0;0;0;POINT (13.30943 52.62179)
2;2019;9;0;7;3;2;7;2;1;1;0;0;0;0;1;POINT (13.41958 52.50168)
4;2019;9;0;7;3;5;3;2;0;1;0;0;0;0;0;POINT (13.3166 52.51624)
12;2019;9;13;7;3;2;6;0;0;1;0;0;0;0;0;POINT (13.29423 52.55174)
1;2019;9;13;7;3;0;7;0;0;0;0;0;0;1;0;POINT (13.36352 52.50985)
8;2019;9;0;7;3;3;6;2;1;1;0;0;0;0;0;POINT (13.43214 52.46607)
1;2019;9;11;7;3;5;2;0;0;1;0;0;0;0;0;POINT (13.35121 52.55832)
7;2019;9;11;7;3;2;2;0;0;1;0;0;0;0;0;POINT (13.39275 52.41271)
3;2019;9;11;7;3;5;3;0;0;1;0;0;0;0;0;POINT (13.4729 52.61689)
11;2019;9;10;7;3;0;3;0;1;0;0;0;0;1;0;POINT (13.526 52.49347)
8;2019;9;21;6;3;5;3;2;1;1;0;0;0;0;0;POINT (13.43573 52.469)
4;2019;9;23;6;2;0;1;2;0;0;0;0;0;1;0;POINT (13.30595 52.52032)
3;2019;9;23;6;2;5;3;2;0;1;0;0;0;0;0;POINT (13.42223 52.5599)
6;2019;9;22;6;3;0;1;2;0;0;0;1;0;0;1;POINT (13.23216 52.43745)
1;2019;9;17;6;3;6;4;0;0;1;1;0;0;0;0;POINT (13.3553 52.54644)
6;2019;9;14;6;3;5;3;0;0;1;0;1;0;0;0;POINT (13.25032 52.41856)
9;2019;9;16;6;3;5;3;0;1;1;0;0;0;0;0;POINT (13.59988 52.45222)
5;2019;9;16;6;2;4;6;0;0;1;0;1;0;0;0;POINT (13.21099 52.56802)
10;2019;9;16;6;3;2;6;0;0;1;0;0;0;0;0;POINT (13.56095 52.49224)
8;2019;9;15;6;2;5;2;0;0;1;0;0;0;1;0;POINT (13.4348 52.44037)
10;2019;9;15;6;3;5;2;0;0;1;0;1;0;0;0;POINT (13.59165 52.51117)
8;2019;9;14;6;3;5;3;0;0;1;0;0;0;0;0;POINT (13.41587 52.43998)
4;2019;9;14;6;3;0;1;0;0;0;0;1;0;0;0;POINT (13.29715 52.51221)
3;2019;9;14;6;3;6;4;0;1;0;1;0;0;0;0;POINT (13.40853 52.53743)
3;2019;9;14;6;3;1;1;0;1;1;0;0;0;0;0;POINT (13.45961 52.54779)
4;2019;9;14;6;3;2;6;0;0;1;0;0;0;0;0;POINT (13.30601 52.49973)
9;2019;9;11;6;3;0;1;0;1;0;0;0;0;0;0;POINT (13.54877 52.43816)
1;2019;9;10;6;3;1;1;0;1;1;0;0;0;0;0;POINT (13.39149 52.53193)
7;2019;9;9;6;3;5;3;0;1;1;0;0;0;0;0;POINT (13.32887 52.47159)
8;2019;9;14;6;3;6;7;0;0;1;1;0;0;0;0;POINT (13.50774 52.40567)
2;2019;9;1;6;3;1;5;2;1;1;0;0;0;1;0;POINT (13.38547 52.49006)
2;2019;9;22;5;3;1;1;2;0;1;0;0;0;1;0;POINT (13.39442 52.48795)
2;2019;9;21;5;3;0;1;2;1;0;0;0;0;0;0;POINT (13.40873 52.50421)
2;2019;9;21;5;3;5;2;2;1;1;0;0;0;0;0;POINT (13.46118 52.50087)
3;2019;9;20;5;2;5;2;2;0;1;0;1;0;0;0;POINT (13.4913 52.63768)
3;2019;9;11;5;3;5;3;0;1;1;0;0;0;0;0;POINT (13.41282 52.54439)
1;2019;9;11;5;2;6;2;0;0;1;1;0;0;0;0;POINT (13.39122 52.51402)
4;2019;9;11;5;3;3;6;0;0;1;0;1;0;0;0;POINT (13.32966 52.48182)
1;2019;9;10;5;3;2;6;0;0;1;0;0;0;0;0;POINT (13.35072 52.55805)
7;2019;9;19;5;3;1;5;2;0;1;0;0;0;1;0;POINT (13.41327 52.45185)
1;2019;9;15;5;2;0;1;0;0;0;0;0;0;1;0;POINT (13.37745 52.50826)
1;2019;9;9;5;3;2;2;0;0;0;0;1;1;0;0;POINT (13.42223 52.50543)
2;2019;9;19;5;3;6;4;1;0;1;1;0;0;0;0;POINT (13.39659 52.48932)
9;2019;9;19;5;3;5;2;1;1;1;0;0;0;0;0;POINT (13.50403 52.43675)
1;2019;9;8;5;3;2;2;0;1;1;0;0;0;0;0;POINT (13.40997 52.52859)
1;2019;9;14;5;3;2;6;0;0;1;0;0;0;0;0;POINT (13.32961 52.53912)
1;2019;9;8;5;3;3;6;0;0;1;0;1;0;0;0;POINT (13.37747 52.55657)
1;2019;9;14;5;3;1;7;0;1;1;0;0;0;0;0;POINT (13.42304 52.50927)
2;2019;9;8;5;3;0;7;0;0;0;0;0;1;0;0;POINT (13.43081 52.51192)
11;2019;9;18;5;2;6;4;0;0;1;1;0;0;0;0;POINT (13.50006 52.53088)
8;2019;9;7;5;2;6;4;0;0;1;1;0;0;0;0;POINT (13.41969 52.41602)
4;2019;9;14;5;3;5;3;0;1;1;0;0;0;0;0;POINT (13.32258 52.52117)
8;2019;9;18;5;3;1;5;0;0;1;0;0;0;0;0;POINT (13.42256 52.46279)
1;2019;9;14;5;3;2;6;0;0;1;0;0;0;0;0;POINT (13.37078 52.5568)
9;2019;9;6;5;3;5;3;0;0;1;0;0;0;0;0;POINT (13.51913 52.4644)
7;2019;9;16;5;3;2;2;0;1;1;0;0;0;0;0;POINT (13.34059 52.50247)
4;2019;9;13;5;3;5;2;0;1;1;0;0;0;0;0;POINT (13.2808 52.47681)
10;2019;9;12;5;3;2;6;0;0;1;0;0;0;0;0;POINT (13.56049 52.48798)
3;2019;9;16;5;3;5;2;0;1;1;0;0;0;0;0;POINT (13.46056 52.55954)
5;2019;9;12;5;2;5;2;0;0;1;0;0;0;0;0;POINT (13.21138 52.52732)
1;2019;9;16;5;3;9;1;0;0;1;1;0;0;0;0;POINT (13.38417 52.55591)
12;2019;9;12;5;3;2;6;0;0;1;0;0;0;1;0;POINT (13.31022 52.56796)
1;2019;9;16;5;3;5;2;0;1;1;0;0;0;0;0;POINT (13.34411 52.54604)
10;2019;9;12;5;3;2;2;0;0;1;0;1;0;0;0;POINT (13.60248 52.53852)
4;2019;9;11;5;2;3;6;0;0;1;0;1;0;0;0;POINT (13.28143 52.51359)
1;2019;9;15;5;3;0;1;0;1;0;0;0;0;0;0;POINT (13.40501 52.53388)
4;2019;9;15;5;2;5;2;0;1;1;0;0;0;0;0;POINT (13.30384 52.49937)
4;2019;9;12;5;3;5;2;0;1;0;0;0;1;0;0;POINT (13.32772 52.50482)
1;2019;9;19;5;1;9;7;1;0;1;1;0;0;1;0;POINT (13.39594 52.53247)
4;2019;9;6;4;2;0;7;0;1;1;0;0;0;0;0;POINT (13.31151 52.47958)
1;2019;9;4;4;2;6;2;2;0;1;1;0;0;0;1;POINT (13.41663 52.51096)
7;2019;9;22;4;3;5;2;2;0;1;0;0;0;0;0;POINT (13.4001 52.45913)
2;2019;9;20;4;3;2;6;2;0;1;0;0;0;0;0;POINT (13.39503 52.49644)
6;2019;9;20;4;3;5;2;2;1;1;0;0;0;0;0;POINT (13.27428 52.45894)
12;2019;9;18;4;2;0;7;0;1;0;0;0;0;0;0;POINT (13.29627 52.57717)
10;2019;9;18;4;2;5;3;0;0;1;0;0;0;0;0;POINT (13.56483 52.49314)
3;2019;9;21;4;3;5;3;2;1;1;0;0;0;0;0;POINT (13.43767 52.52952)
6;2019;9;10;4;3;5;2;0;1;1;0;0;0;0;0;POINT (13.34358 52.43919)
1;2019;9;17;4;3;5;3;0;1;0;0;0;0;0;1;POINT (13.33914 52.5266)
10;2019;9;17;4;3;2;6;0;0;1;0;0;0;0;0;POINT (13.56338 52.49629)
1;2019;9;12;4;3;2;6;0;0;1;0;0;0;0;0;POINT (13.35718 52.54526)
12;2019;9;11;4;3;5;2;0;1;1;0;0;0;0;0;POINT (13.34772 52.57424)
3;2019;9;11;4;3;5;2;0;1;1;0;0;0;0;0;POINT (13.41208 52.54314)
3;2019;9;9;4;3;5;3;0;1;1;0;0;0;0;0;POINT (13.39733 52.58005)
10;2019;9;9;4;3;2;6;0;0;1;0;0;1;0;0;POINT (13.54408 52.54103)
4;2019;9;8;4;3;3;6;0;0;1;0;0;0;0;0;POINT (13.27602 52.50738)
6;2019;9;8;4;3;2;6;0;0;1;0;0;1;0;0;POINT (13.29823 52.42183)
7;2019;9;8;4;3;5;2;0;1;1;0;0;0;0;0;POINT (13.42039 52.46172)
3;2019;9;8;4;3;0;2;0;1;1;0;0;0;0;0;POINT (13.38413 52.59116)
9;2019;9;8;4;3;0;2;0;0;1;0;1;0;0;1;POINT (13.51051 52.44457)
5;2019;9;8;4;2;5;3;0;1;0;0;0;0;1;0;POINT (13.24803 52.54561)
4;2019;9;17;4;3;0;5;0;0;0;0;1;0;1;0;POINT (13.27009 52.49709)
8;2019;9;17;4;3;5;3;0;0;1;0;0;0;0;0;POINT (13.41051 52.41404)
12;2019;9;17;4;3;5;2;0;1;1;0;0;0;0;0;POINT (13.24423 52.61495)
4;2019;9;17;4;2;6;7;0;0;1;1;0;0;0;0;POINT (13.32482 52.48648)
4;2019;9;17;4;3;5;3;0;0;1;0;0;0;0;0;POINT (13.30383 52.49927)
5;2019;9;16;4;2;0;1;0;1;0;0;0;0;0;0;POINT (13.18097 52.48843)
5;2019;9;7;4;3;5;3;0;1;1;0;0;0;0;0;POINT (13.13354 52.46157)
4;2019;9;15;4;3;6;4;0;0;1;1;0;0;0;0;POINT (13.33882 52.50344)
9;2019;9;7;4;2;6;4;0;0;1;1;0;0;0;0;POINT (13.58651 52.44493)
5;2019;9;15;5;2;5;3;0;0;1;0;1;0;0;0;POINT (13.20489 52.54413)
10;2019;9;15;4;3;6;2;0;0;1;1;0;0;0;0;POINT (13.60475 52.53655)
1;2019;9;15;5;3;1;5;0;1;1;0;0;0;0;0;POINT (13.34 52.52633)
6;2019;9;15;5;3;5;3;0;1;1;0;0;0;0;0;POINT (13.15206 52.41503)
9;2019;9;7;4;3;0;1;0;0;0;0;1;0;0;1;POINT (13.55018 52.45643)
1;2019;9;15;4;3;5;2;0;1;1;0;0;0;0;0;POINT (13.38628 52.55339)
1;2019;9;21;5;3;2;6;2;0;1;0;0;0;0;0;POINT (13.41869 52.51529)
4;2019;9;15;4;3;5;3;0;0;1;0;0;0;0;0;POINT (13.30081 52.52739)
10;2019;9;6;4;3;5;3;1;0;1;0;0;0;0;1;POINT (13.61438 52.53023)
4;2019;9;7;4;3;5;2;0;1;1;0;0;0;0;1;POINT (13.32033 52.48385)
6;2019;9;11;4;3;0;1;0;1;0;0;0;0;0;0;POINT (13.32426 52.46066)
2;2019;9;14;4;3;5;5;0;1;1;0;0;0;0;0;POINT (13.3944 52.48694)
6;2019;9;16;4;3;5;2;0;1;1;0;0;0;0;0;POINT (13.27494 52.46036)
6;2019;9;15;4;3;6;4;0;1;0;1;0;0;0;0;POINT (13.23175 52.43709)
6;2019;9;6;4;2;2;7;0;0;1;0;0;0;1;1;POINT (13.26481 52.41927)
7;2019;9;16;4;3;2;2;0;1;1;0;0;0;0;0;POINT (13.34363 52.48886)
7;2019;9;14;4;3;5;7;0;0;0;0;1;0;1;0;POINT (13.35339 52.48923)
1;2019;9;16;4;3;0;5;0;0;1;0;1;0;0;0;POINT (13.41536 52.51856)
7;2019;9;14;4;3;5;3;0;1;1;0;0;0;0;0;POINT (13.36559 52.49379)
4;2019;9;16;4;2;5;2;0;0;1;0;0;0;1;0;POINT (13.30234 52.51884)
9;2019;9;14;4;3;0;2;0;0;1;0;1;0;0;0;POINT (13.50878 52.45247)
7;2019;9;15;4;3;0;6;0;0;1;0;0;0;1;0;POINT (13.37061 52.4705)
12;2019;9;15;4;3;2;2;0;0;1;0;1;0;0;0;POINT (13.29454 52.57628)
4;2019;9;6;4;3;0;1;0;0;0;0;1;0;0;1;POINT (13.27907 52.52548)
12;2019;9;6;4;3;5;3;0;0;1;0;1;0;0;1;POINT (13.31812 52.58935)
5;2019;9;15;4;3;1;5;0;1;1;0;0;0;0;0;POINT (13.20086 52.54967)
11;2019;9;15;4;3;1;5;0;0;1;0;0;0;0;0;POINT (13.4653 52.52434)
12;2019;9;6;4;2;0;3;1;0;1;0;1;0;0;1;POINT (13.37369 52.56337)
3;2019;9;14;4;3;5;3;0;0;1;0;0;0;0;0;POINT (13.49808 52.62828)
8;2019;9;18;4;2;0;7;1;0;0;0;1;0;0;1;POINT (13.43346 52.44408)
11;2019;9;14;4;2;6;4;0;1;0;1;0;0;0;0;POINT (13.49548 52.5053)
2;2019;9;13;4;3;5;3;0;1;0;0;0;0;1;0;POINT (13.44684 52.50272)
11;2019;9;13;4;2;5;3;0;1;1;0;0;0;0;0;POINT (13.49995 52.52919)
12;2019;9;14;4;3;5;3;0;1;1;0;0;0;0;0;POINT (13.31522 52.61317)
1;2019;9;13;4;3;2;6;0;0;1;0;0;0;0;0;POINT (13.3584 52.55399)
12;2019;9;11;4;3;3;6;0;0;1;0;0;1;0;0;POINT (13.32915 52.56332)
2;2019;9;11;4;3;2;6;0;1;0;0;0;0;0;0;POINT (13.43043 52.51041)
4;2019;9;23;4;2;5;7;2;0;1;0;0;0;0;0;POINT (13.28772 52.49615)
1;2019;9;14;4;3;6;4;0;0;0;1;0;0;1;0;POINT (13.34108 52.52558)
10;2019;9;15;4;3;5;3;0;1;1;0;0;0;0;0;POINT (13.60165 52.53846)
2;2019;9;12;3;3;2;6;0;1;1;0;0;0;0;0;POINT (13.43404 52.52297)
2;2019;9;20;4;3;5;3;2;0;1;0;0;0;0;0;POINT (13.39439 52.50701)
1;2019;9;14;3;3;3;3;0;1;1;0;0;0;0;0;POINT (13.40989 52.52898)
3;2019;9;19;4;3;0;4;2;0;0;1;1;0;0;0;POINT (13.41818 52.55424)
7;2019;9;18;4;2;3;6;0;0;1;0;0;0;0;0;POINT (13.34494 52.48731)
1;2019;9;20;3;3;3;6;2;0;1;0;0;0;0;0;POINT (13.40047 52.52959)
1;2019;9;19;3;3;5;2;0;1;1;0;0;0;0;0;POINT (13.34491 52.53906)
4;2019;9;18;4;3;5;3;0;0;1;0;0;0;0;0;POINT (13.28673 52.49587)
5;2019;9;18;4;2;5;3;0;1;1;0;0;0;0;0;POINT (13.17268 52.52197)
7;2019;9;19;3;2;1;5;0;0;1;0;0;0;0;0;POINT (13.41273 52.45192)
6;2019;9;17;4;2;5;2;0;0;1;0;1;0;0;0;POINT (13.26691 52.41212)
1;2019;9;18;3;3;1;5;0;1;0;0;0;1;1;0;POINT (13.39318 52.52491)
12;2019;9;17;4;2;6;4;0;0;1;1;0;0;0;0;POINT (13.37727 52.57124)
12;2019;9;18;3;3;2;6;0;0;1;0;0;0;0;0;POINT (13.37712 52.56108)
4;2019;9;10;4;3;1;5;0;1;1;0;0;0;0;0;POINT (13.29553 52.49795)
4;2019;9;18;3;3;1;5;0;0;1;0;0;0;0;0;POINT (13.30119 52.51411)
4;2019;9;10;4;3;5;3;0;0;1;0;1;0;0;0;POINT (13.32237 52.48558)
5;2019;9;10;4;3;5;3;0;0;1;0;1;0;0;1;POINT (13.17047 52.53366)
8;2019;9;18;3;3;5;3;0;0;1;0;1;0;0;0;POINT (13.49607 52.41742)
4;2019;9;18;3;3;2;6;0;0;1;0;0;0;0;0;POINT (13.33101 52.49297)
1;2019;9;9;4;3;3;6;0;0;1;0;0;0;0;0;POINT (13.34518 52.55442)
5;2019;9;18;3;3;3;6;0;0;0;0;1;0;1;0;POINT (13.2023 52.53994)
3;2019;9;9;4;3;5;3;0;1;1;0;0;0;0;0;POINT (13.44588 52.54464)
9;2019;9;17;3;3;5;2;0;0;1;0;1;0;0;0;POINT (13.52142 52.46641)
4;2019;9;9;4;3;3;6;0;0;0;0;1;0;1;0;POINT (13.277 52.5187)
1;2019;9;17;3;3;5;2;0;1;0;0;1;0;0;0;POINT (13.41783 52.50658)
8;2019;9;7;4;3;2;7;0;1;1;0;0;0;0;0;POINT (13.44861 52.44035)
3;2019;9;16;3;2;5;3;0;1;1;0;0;0;0;0;POINT (13.3696 52.59749)
1;2019;9;8;4;3;5;3;0;1;0;0;1;0;0;1;POINT (13.41345 52.52528)
2;2019;9;7;4;3;5;2;0;1;1;0;0;0;0;1;POINT (13.38977 52.49591)
4;2019;9;16;3;3;2;3;0;1;1;0;0;0;0;0;POINT (13.29425 52.49772)
12;2019;9;5;4;2;0;3;2;1;1;0;0;0;0;1;POINT (13.3304 52.56245)
2;2019;9;16;3;3;1;5;0;1;1;0;0;0;0;0;POINT (13.41419 52.50268)
1;2019;9;16;4;2;6;4;0;1;0;1;0;0;0;0;POINT (13.34326 52.51875)
1;2019;9;8;3;3;3;6;0;1;1;0;0;0;0;0;POINT (13.3877 52.52362)
8;2019;9;15;3;3;3;6;0;1;0;0;0;0;0;0;POINT (13.41955 52.44067)
9;2019;9;15;3;3;0;3;0;1;0;0;0;0;1;0;POINT (13.55133 52.43682)
6;2019;9;15;3;3;5;3;0;1;1;0;0;0;0;0;POINT (13.31549 52.45883)
8;2019;9;16;3;3;2;2;0;1;0;0;0;0;1;0;POINT (13.43281 52.46882)
1;2019;9;15;3;3;2;2;0;1;0;0;0;0;1;0;POINT (13.40259 52.51638)
4;2019;9;21;3;3;2;6;2;0;1;0;0;0;0;0;POINT (13.32099 52.54471)
9;2019;9;12;3;3;5;2;0;1;1;0;0;0;0;0;POINT (13.6248 52.45155)
1;2019;9;21;3;3;5;3;2;0;1;0;0;0;0;0;POINT (13.39184 52.50957)
5;2019;9;20;3;3;6;4;2;1;0;1;0;0;0;0;POINT (13.17728 52.51702)
7;2019;9;11;3;3;6;2;0;0;1;1;0;0;0;0;POINT (13.33269 52.47245)
1;2019;9;11;3;2;2;2;0;0;0;0;1;0;0;0;POINT (13.37316 52.54392)
11;2019;9;20;3;3;5;2;2;0;1;0;1;0;0;0;POINT (13.4851 52.51585)
1;2019;9;10;3;3;2;3;0;0;1;0;0;0;1;0;POINT (13.34109 52.54453)
4;2019;9;20;3;2;6;4;2;0;1;1;0;0;0;0;POINT (13.28147 52.47705)
9;2019;9;0;3;3;5;3;2;0;1;0;0;0;0;0;POINT (13.50359 52.46072)
1;2019;9;19;3;3;1;5;2;0;1;0;0;0;0;0;POINT (13.39122 52.5404)
9;2019;9;10;3;3;6;4;0;1;0;1;0;0;0;0;POINT (13.59387 52.44725)
3;2019;9;19;3;3;5;2;1;0;1;0;0;0;0;0;POINT (13.43699 52.57198)
3;2019;9;19;3;3;4;6;1;1;0;0;0;0;0;0;POINT (13.40535 52.54079)
4;2019;9;10;3;3;0;5;0;0;1;0;1;0;0;0;POINT (13.31307 52.4777)
3;2019;9;19;3;3;3;6;0;1;0;0;0;0;0;0;POINT (13.4058 52.54088)
6;2019;9;15;3;3;5;3;0;1;0;0;0;0;1;0;POINT (13.33461 52.43196)
2;2019;9;18;3;3;0;1;0;1;1;0;0;0;0;0;POINT (13.46138 52.51103)
12;2019;9;10;3;2;5;2;0;0;1;0;0;0;0;0;POINT (13.29482 52.57627)
5;2019;9;17;3;3;5;3;0;0;1;0;0;0;0;0;POINT (13.24981 52.53811)
5;2019;9;14;3;3;5;2;0;1;0;0;0;0;1;0;POINT (13.2313 52.53823)
11;2019;9;17;3;3;2;6;0;0;1;0;0;0;0;0;POINT (13.51886 52.51372)
9;2019;9;9;3;3;5;3;0;1;1;0;0;0;0;0;POINT (13.57628 52.45456)
4;2019;9;10;3;3;5;3;0;0;1;0;0;0;0;0;POINT (13.2798 52.50868)
3;2019;9;17;3;3;5;2;0;1;1;0;0;0;0;0;POINT (13.45778 52.52903)
7;2019;9;14;3;3;5;2;0;1;1;0;0;0;0;0;POINT (13.37801 52.46863)
7;2019;9;16;3;3;5;3;0;0;1;0;0;0;1;0;POINT (13.37057 52.4689)
4;2019;9;14;3;3;5;3;0;0;1;0;1;0;0;0;POINT (13.29961 52.49433)
11;2019;9;16;3;3;2;6;0;0;1;0;0;0;0;0;POINT (13.51378 52.53949)
6;2019;9;14;3;3;5;2;0;1;1;0;0;0;0;0;POINT (13.31559 52.45338)
1;2019;9;7;3;3;5;2;0;1;0;0;1;0;0;0;POINT (13.40098 52.51836)
9;2019;9;12;3;3;5;3;0;0;0;0;0;0;1;0;POINT (13.50677 52.46364)
5;2019;9;9;3;3;0;2;0;0;1;0;0;0;1;0;POINT (13.20056 52.53779)
8;2019;9;14;3;3;5;2;0;0;1;0;1;0;0;0;POINT (13.47378 52.43822)
12;2019;9;12;3;3;1;5;0;1;1;0;0;0;0;0;POINT (13.29157 52.63386)
6;2019;9;12;3;3;5;3;0;0;1;0;1;0;0;0;POINT (13.34236 52.45956)
4;2019;9;10;3;2;5;2;0;1;0;0;0;0;1;0;POINT (13.32041 52.48365)
2;2019;9;11;3;3;0;7;0;0;1;0;0;0;0;0;POINT (13.43003 52.49816)
4;2019;9;13;3;2;6;4;0;0;0;1;1;0;0;0;POINT (13.29351 52.48417)
9;2019;9;11;3;3;5;2;0;1;0;0;0;1;0;0;POINT (13.51353 52.46476)
1;2019;9;10;3;3;1;5;0;1;1;0;0;0;1;0;POINT (13.36652 52.55689)
10;2019;9;9;3;3;5;7;0;0;1;0;0;0;0;0;POINT (13.56386 52.51885)
8;2019;9;10;3;3;5;2;0;1;1;0;0;0;0;0;POINT (13.42817 52.49343)
4;2019;9;9;3;3;1;5;0;1;1;0;0;0;0;0;POINT (13.30711 52.51396)