bez;ujahr;umonat;ustunde;uwochentag;ukategorie;uart;utyp1;ulichtverh;istrad;istpkw;istfuss;istkrad;istgkfz;istsonstige;ustrzustand;geometry
7;2019;9;12;3;3;5;2;0;0;1;0;0;0;0;0;POINT (13.34507 52.49226)
1;2019;9;8;3;3;2;2;0;0;1;0;1;0;0;0;POINT (13.35001 52.51379)
11;2019;9;8;3;3;5;2;0;1;1;0;0;0;0;0;POINT (13.51965 52.50587)
11;2019;9;9;3;3;0;6;0;0;1;0;0;1;0;0;POINT (13.46471 52.53056)
2;2019;9;8;3;3;5;2;0;1;1;0;0;0;0;0;POINT (13.44665 52.50281)
7;2019;9;7;3;3;6;7;0;0;0;0;0;0;1;0;POINT (13.34721 52.49518)
12;2019;9;7;3;3;5;2;0;1;1;0;0;0;0;0;POINT (13.29154 52.59602)
9;2019;9;12;3;3;5;3;0;1;1;0;0;0;0;0;POINT (13.7187 52.43152)
2;2019;9;7;3;3;3;6;0;1;1;0;0;0;0;0;POINT (13.39237 52.50711)
4;2019;9;6;3;2;0;3;0;0;1;0;1;0;0;0;POINT (13.29732 52.548)
12;2019;9;5;3;3;0;3;2;1;1;0;0;0;0;0;POINT (13.32997 52.58721)
5;2019;9;5;3;3;0;7;1;0;0;0;1;0;0;0;POINT (13.20793 52.58332)
9;2019;9;6;3;3;5;2;0;1;1;0;0;0;0;0;POINT (13.56708 52.45491)
9;2019;9;14;3;3;0;2;0;0;1;0;0;0;1;0;POINT (13.59658 52.4415)
5;2019;9;0;3;3;6;4;2;0;0;1;0;0;1;0;POINT (13.21136 52.56026)
12;2019;9;16;3;3;9;1;0;0;1;0;0;0;0;0;POINT (13.28459 52.5888)
12;2019;9;12;2;3;5;3;0;0;1;0;0;0;0;0;POINT (13.32262 52.56534)
8;2019;9;15;3;3;5;2;0;1;1;0;0;0;0;0;POINT (13.42114 52.48014)
11;2019;9;17;2;3;1;5;0;1;1;0;0;0;0;0;POINT (13.49824 52.51428)
12;2019;9;15;3;3;3;6;0;0;1;0;1;0;0;0;POINT (13.32967 52.56237)
4;2019;9;15;3;2;0;7;0;1;1;0;0;0;0;0;POINT (13.29104 52.5191)
11;2019;9;8;2;3;5;3;0;1;0;0;0;0;0;0;POINT (13.51914 52.50997)
11;2019;9;15;3;3;5;2;0;1;1;0;0;0;0;0;POINT (13.52687 52.49213)
10;2019;9;15;3;3;5;7;0;0;0;0;1;0;1;0;POINT (13.55713 52.5343)
3;2019;9;14;2;3;5;3;0;0;1;0;1;0;0;0;POINT (13.4326 52.59068)
1;2019;9;11;3;3;0;1;0;1;0;0;0;0;0;0;POINT (13.39527 52.52043)
2;2019;9;23;2;3;1;5;2;0;0;0;0;0;1;0;POINT (13.43944 52.49839)
7;2019;9;13;3;3;5;3;0;0;1;0;0;0;0;0;POINT (13.39564 52.45426)
1;2019;9;12;3;3;5;2;0;1;1;0;0;0;0;0;POINT (13.38164 52.55627)
1;2019;9;15;2;3;5;2;0;1;1;0;0;0;0;0;POINT (13.36034 52.53724)
5;2019;9;20;2;2;6;4;1;0;1;1;0;0;0;0;POINT (13.18479 52.53806)
1;2019;9;8;3;2;0;7;0;0;1;0;0;0;0;0;POINT (13.36035 52.53724)
5;2019;9;13;2;3;2;7;0;0;1;0;0;0;0;0;POINT (13.16898 52.52376)
1;2019;9;20;2;3;2;6;2;1;1;0;0;0;0;0;POINT (13.38434 52.50973)
1;2019;9;16;2;2;5;3;0;0;1;0;1;0;0;0;POINT (13.37327 52.55725)
12;2019;9;15;2;3;5;3;0;1;1;0;0;0;0;0;POINT (13.27985 52.58812)
8;2019;9;19;2;3;5;2;1;0;1;0;0;0;0;0;POINT (13.44983 52.44555)
6;2019;9;12;2;3;1;5;0;0;1;0;1;0;0;0;POINT (13.32001 52.44636)
5;2019;9;16;2;3;5;2;0;0;1;0;0;0;0;0;POINT (13.1843 52.53417)
1;2019;9;14;2;2;0;1;0;0;0;0;0;0;1;0;POINT (13.39969 52.52025)
2;2019;9;16;2;3;3;6;0;0;1;0;1;0;0;0;POINT (13.43252 52.4972)
9;2019;9;18;2;3;2;6;0;0;1;0;0;0;0;0;POINT (13.56334 52.44574)
9;2019;9;16;2;3;5;3;0;0;1;0;0;0;0;0;POINT (13.48469 52.46025)
2;2019;9;14;2;3;2;7;0;1;1;0;0;0;0;0;POINT (13.43977 52.51849)
5;2019;9;16;2;3;5;7;0;0;1;0;1;0;0;0;POINT (13.20988 52.54808)
6;2019;9;13;2;3;5;3;0;0;1;0;0;0;1;0;POINT (13.28699 52.41785)
4;2019;9;15;2;3;1;5;0;1;1;0;0;0;0;0;POINT (13.3179 52.49517)
12;2019;9;16;2;3;5;3;0;0;1;0;1;0;0;0;POINT (13.33448 52.57062)
6;2019;9;15;2;3;2;6;0;0;1;0;0;0;1;0;POINT (13.31541 52.44779)
9;2019;9;17;2;3;5;2;0;1;0;0;0;0;1;0;POINT (13.52665 52.42638)
1;2019;9;15;2;3;2;6;0;1;1;0;0;0;0;0;POINT (13.34255 52.55622)
4;2019;9;13;2;3;0;3;0;0;1;0;0;0;1;1;POINT (13.2928 52.50665)
1;2019;9;15;2;3;0;4;0;0;0;1;0;0;1;0;POINT (13.32827 52.52637)
2;2019;9;15;2;3;2;7;0;1;1;0;0;0;0;0;POINT (13.43942 52.50239)
10;2019;9;13;2;2;1;5;0;0;1;0;0;0;1;1;POINT (13.60347 52.54224)
12;2019;9;14;2;3;2;6;0;0;1;0;0;0;0;0;POINT (13.3199 52.60687)
6;2019;9;16;2;2;5;3;0;1;1;0;0;0;0;0;POINT (13.24678 52.42069)
10;2019;9;14;2;3;3;6;0;1;1;0;0;0;0;0;POINT (13.60048 52.47657)
11;2019;9;14;2;3;5;3;0;1;1;0;0;0;0;0;POINT (13.47442 52.50449)
3;2019;9;12;2;3;5;2;0;1;1;0;0;0;0;0;POINT (13.39541 52.56568)
10;2019;9;14;2;3;5;2;0;1;1;0;0;0;0;0;POINT (13.56371 52.54179)
8;2019;9;11;2;3;5;7;0;0;1;0;0;0;0;0;POINT (13.42484 52.48252)
4;2019;9;13;2;3;0;5;0;0;1;0;1;0;0;0;POINT (13.30653 52.47706)
8;2019;9;11;2;3;5;2;0;0;1;0;0;0;1;0;POINT (13.43413 52.4428)
4;2019;9;12;2;3;6;7;0;0;1;1;0;0;0;0;POINT (13.33837 52.50339)
2;2019;9;10;2;3;5;2;0;1;1;0;0;0;0;0;POINT (13.38974 52.49591)
3;2019;9;10;2;3;0;2;0;0;0;0;1;1;0;0;POINT (13.46975 52.564)
8;2019;9;10;2;2;5;7;0;0;1;0;1;0;0;0;POINT (13.47615 52.41846)
1;2019;9;10;2;3;5;2;0;0;1;0;0;0;1;0;POINT (13.41176 52.52397)
3;2019;9;10;2;3;6;2;0;0;1;1;0;0;0;1;POINT (13.42354 52.55505)
1;2019;9;10;2;3;5;2;0;1;1;0;0;0;0;0;POINT (13.34945 52.54232)
4;2019;9;10;2;2;5;2;0;0;1;0;1;0;0;1;POINT (13.30302 52.50554)
9;2019;9;9;2;3;6;2;0;0;1;1;0;0;0;0;POINT (13.53891 52.43443)
4;2019;9;10;2;3;0;1;0;1;0;0;0;0;0;1;POINT (13.29662 52.5168)
3;2019;9;22;2;3;0;1;2;1;0;0;0;0;0;0;POINT (13.40776 52.55102)
11;2019;9;9;2;3;1;5;0;1;0;0;0;1;0;0;POINT (13.47678 52.50077)
1;2019;9;10;2;3;0;7;0;1;0;0;0;0;0;1;POINT (13.34684 52.54795)
11;2019;9;8;2;3;0;6;0;1;1;0;0;0;0;0;POINT (13.48824 52.5184)
7;2019;9;8;2;3;5;2;0;1;1;0;0;0;0;0;POINT (13.40031 52.48371)
5;2019;9;8;2;3;2;6;0;0;1;0;0;0;1;0;POINT (13.21856 52.56027)
8;2019;9;9;2;3;6;7;0;0;1;1;0;0;0;0;POINT (13.43576 52.42346)
4;2019;9;8;2;3;5;3;0;0;1;0;0;0;0;0;POINT (13.3355 52.4993)
2;2019;9;9;2;3;5;2;0;1;0;0;0;0;1;1;POINT (13.38238 52.48985)
11;2019;9;7;2;3;6;4;0;0;0;1;1;0;0;0;POINT (13.4794 52.52378)
2;2019;9;21;2;2;3;7;2;1;1;0;0;0;0;0;POINT (13.3893 52.48975)
3;2019;9;7;2;3;5;2;0;1;1;0;0;0;0;0;POINT (13.48315 52.55487)
1;2019;9;7;2;3;2;6;0;0;1;0;0;0;0;1;POINT (13.35003 52.50339)
6;2019;9;7;2;2;6;4;0;0;1;1;0;0;0;0;POINT (13.36051 52.44662)
2;2019;9;7;2;3;5;2;0;1;1;0;0;0;0;1;POINT (13.4663 52.50049)
1;2019;9;6;2;3;5;3;0;1;1;0;0;0;0;0;POINT (13.38548 52.51859)
1;2019;9;23;2;3;5;3;2;1;0;0;1;0;0;0;POINT (13.40518 52.52866)
8;2019;9;16;2;3;5;3;0;1;1;0;0;0;0;0;POINT (13.47886 52.41405)
10;2019;9;18;2;3;5;3;0;1;1;0;0;0;0;0;POINT (13.57918 52.55073)
4;2019;9;17;2;3;0;4;0;1;0;1;0;0;0;0;POINT (13.30196 52.51881)
10;2019;9;8;2;3;0;3;0;0;1;0;0;0;1;0;POINT (13.56306 52.51431)
8;2019;9;14;2;3;2;6;0;0;1;0;0;0;1;0;POINT (13.42736 52.47485)
4;2019;9;17;2;2;5;2;0;0;1;0;1;0;0;0;POINT (13.32294 52.48998)
6;2019;9;16;2;3;5;3;0;0;1;0;0;0;1;0;POINT (13.3212 52.42963)
12;2019;9;19;2;1;5;3;2;0;1;0;1;0;0;0;POINT (13.33323 52.57885)
5;2019;9;11;2;3;2;6;0;0;1;0;0;0;1;0;POINT (13.18445 52.54608)
2;2019;9;14;1;3;1;5;0;1;1;0;0;0;0;0;POINT (13.44631 52.49875)
3;2019;9;1;2;3;5;3;2;0;1;0;0;0;0;1;POINT (13.43043 52.55125)
8;2019;9;14;1;3;2;2;0;0;1;0;1;0;0;0;POINT (13.43746 52.47897)
2;2019;9;14;2;3;1;5;0;0;1;0;0;0;1;0;POINT (13.43343 52.50891)
10;2019;9;10;1;3;5;3;0;1;0;0;0;0;1;0;POINT (13.58694 52.51231)
11;2019;9;6;1;2;6;7;1;1;0;1;0;0;0;0;POINT (13.46988 52.54772)
11;2019;9;8;1;3;2;2;0;1;1;0;0;0;0;0;POINT (13.52439 52.47859)
11;2019;9;22;1;3;1;1;2;0;1;0;0;0;0;1;POINT (13.5202 52.55532)
7;2019;9;16;1;3;5;3;0;1;0;0;0;0;0;0;POINT (13.3353 52.47376)
7;2019;9;12;1;2;5;3;0;1;1;0;0;0;0;1;POINT (13.36139 52.47941)
11;2019;9;5;1;3;6;7;2;0;1;0;0;0;1;1;POINT (13.52535 52.48151)
12;2019;9;21;1;2;5;3;2;0;1;0;1;0;0;0;POINT (13.30582 52.62042)
12;2019;9;20;1;3;5;3;2;0;1;0;0;0;0;1;POINT (13.36265 52.60062)
1;2019;9;18;1;3;6;7;0;0;1;1;0;0;0;0;POINT (13.41526 52.52684)
12;2019;9;19;1;3;5;3;2;0;1;0;0;0;0;1;POINT (13.37741 52.57132)
1;2019;9;18;1;3;3;6;0;1;1;0;0;0;0;0;POINT (13.39139 52.51312)
5;2019;9;5;1;3;6;2;2;0;1;1;0;0;0;1;POINT (13.18179 52.53408)
12;2019;9;18;1;2;6;4;0;0;1;1;0;0;0;0;POINT (13.31893 52.58757)
1;2019;9;19;1;3;2;6;1;0;1;0;0;0;0;1;POINT (13.32887 52.52398)
1;2019;9;18;1;3;2;6;0;0;1;0;0;0;0;1;POINT (13.36819 52.5257)
1;2019;9;17;1;3;5;3;0;1;1;0;0;0;0;0;POINT (13.41964 52.50609)
4;2019;9;17;1;3;5;2;0;1;1;0;0;0;0;0;POINT (13.31937 52.49222)
6;2019;9;13;1;3;2;6;0;0;1;0;1;0;0;1;POINT (13.29497 52.44455)
12;2019;9;16;1;3;6;4;0;0;1;1;0;0;0;1;POINT (13.29481 52.57649)
7;2019;9;17;1;3;5;3;0;0;1;0;0;0;0;0;POINT (13.37226 52.46971)
8;2019;9;12;1;3;2;6;0;0;1;0;0;0;1;1;POINT (13.42996 52.44286)
4;2019;9;17;1;3;5;2;0;1;1;0;0;0;0;0;POINT (13.27667 52.51258)
12;2019;9;16;1;3;5;3;0;0;1;0;0;0;0;1;POINT (13.32221 52.57391)
6;2019;9;16;1;3;5;2;0;0;1;0;0;0;0;1;POINT (13.27972 52.43246)
5;2019;9;17;1;3;5;3;0;1;1;0;0;0;0;0;POINT (13.2093 52.54734)
6;2019;9;10;1;3;2;7;0;0;1;0;0;0;0;1;POINT (13.29473 52.458)
4;2019;9;10;1;3;1;5;0;1;0;0;0;1;0;1;POINT (13.25757 52.51847)
4;2019;9;15;1;3;2;6;0;0;1;0;0;0;0;0;POINT (13.32961 52.50994)
1;2019;9;16;1;3;5;3;0;0;1;0;0;0;0;1;POINT (13.37282 52.54978)
5;2019;9;16;1;2;6;2;0;0;1;1;0;0;0;1;POINT (13.17158 52.51104)
7;2019;9;23;1;3;5;2;2;0;1;0;0;0;1;0;POINT (13.39632 52.42332)
4;2019;9;16;1;3;6;4;0;0;1;1;0;0;0;1;POINT (13.32129 52.4958)
7;2019;9;16;1;3;5;2;0;0;1;0;0;0;0;0;POINT (13.39544 52.42439)
5;2019;9;15;1;3;5;2;0;1;1;0;0;0;0;1;POINT (13.19707 52.53134)
2;2019;9;15;1;3;2;6;0;0;1;0;0;0;0;0;POINT (13.41053 52.4886)
9;2019;9;9;1;3;8;1;0;0;1;0;0;0;0;1;POINT (13.59182 52.45519)
5;2019;9;15;1;3;4;1;0;0;1;0;0;0;0;0;POINT (13.16059 52.5952)
8;2019;9;15;1;3;5;3;0;1;1;0;0;0;0;1;POINT (13.43791 52.48289)
4;2019;9;9;1;3;5;2;0;0;1;0;0;0;1;1;POINT (13.30384 52.49935)
8;2019;9;8;1;3;2;6;0;0;1;0;0;0;0;0;POINT (13.46068 52.47169)
5;2019;9;12;1;2;5;2;0;0;1;0;1;0;0;0;POINT (13.18472 52.54759)
5;2019;9;14;1;3;2;6;0;0;1;0;0;0;0;1;POINT (13.23972 52.52632)
8;2019;9;9;1;3;0;6;0;0;1;0;1;0;0;1;POINT (13.4361 52.44009)
8;2019;9;12;1;2;5;3;0;1;1;0;0;0;0;0;POINT (13.45399 52.4692)
4;2019;9;14;1;3;6;4;0;1;0;1;0;0;0;1;POINT (13.30249 52.51549)
3;2019;9;15;1;3;2;6;0;0;1;0;0;0;0;0;POINT (13.3846 52.59119)
2;2019;9;14;1;3;5;3;0;1;1;0;0;0;0;1;POINT (13.43607 52.49805)
6;2019;9;12;1;2;5;2;0;0;1;0;1;0;0;0;POINT (13.25111 52.44998)
2;2019;9;9;1;3;6;2;0;0;1;1;0;0;0;1;POINT (13.39699 52.48883)
3;2019;9;7;1;3;2;7;0;0;1;0;1;0;0;0;POINT (13.49607 52.61451)
2;2019;9;14;1;3;2;6;1;0;1;0;0;1;0;1;POINT (13.46175 52.51837)
1;2019;9;8;1;3;0;3;0;1;0;0;1;0;0;0;POINT (13.41831 52.51686)
5;2019;9;16;5;3;5;2;0;0;1;0;0;0;0;0;POINT (13.19556 52.52917)
12;2019;9;16;5;3;2;6;0;0;1;0;0;0;0;0;POINT (13.32143 52.60736)
8;2019;9;16;5;3;1;1;0;0;1;0;1;0;0;0;POINT (13.50778 52.42623)
1;2019;9;16;5;3;3;6;0;0;1;0;1;0;0;0;POINT (13.38605 52.54972)
1;2019;9;16;5;3;5;2;0;1;1;0;0;0;0;0;POINT (13.41955 52.52518)
8;2019;9;15;5;2;5;2;0;1;1;0;0;0;0;0;POINT (13.46832 52.4277)
9;2019;9;15;5;3;0;1;0;1;0;0;0;0;0;0;POINT (13.52121 52.44165)
4;2019;9;14;5;3;2;6;0;0;1;0;0;0;0;0;POINT (13.29695 52.48605)
5;2019;9;14;5;3;5;3;0;0;1;0;0;0;1;0;POINT (13.23199 52.53833)
2;2019;9;14;5;3;0;5;0;0;1;0;1;0;0;0;POINT (13.39993 52.50663)
9;2019;9;14;5;3;5;2;0;1;1;0;0;0;0;0;POINT (13.53636 52.43286)
11;2019;9;14;5;3;6;7;0;0;1;1;0;0;0;0;POINT (13.46487 52.52473)
4;2019;9;14;5;2;3;6;0;0;1;0;0;0;1;0;POINT (13.31891 52.51364)
1;2019;9;13;5;3;2;6;0;1;1;0;0;0;0;0;POINT (13.40537 52.51964)
4;2019;9;13;5;3;5;7;0;0;1;0;0;0;0;0;POINT (13.3109 52.49543)
1;2019;9;21;5;3;0;1;2;0;0;0;1;0;0;0;POINT (13.34058 52.52644)
3;2019;9;21;5;3;0;1;2;0;0;0;0;0;1;0;POINT (13.41131 52.5306)
9;2019;9;21;5;3;5;3;2;0;1;0;0;0;0;0;POINT (13.47532 52.48006)
1;2019;9;13;5;3;2;6;0;0;1;0;0;0;0;0;POINT (13.38864 52.56141)
5;2019;9;12;5;3;5;3;0;0;1;0;0;0;0;0;POINT (13.18887 52.55901)
8;2019;9;12;5;3;5;2;0;0;1;0;1;0;0;0;POINT (13.41685 52.41828)
12;2019;9;12;5;2;2;6;0;0;1;0;1;0;0;0;POINT (13.22183 52.61884)
3;2019;9;7;5;3;3;6;0;1;1;0;0;0;0;0;POINT (13.48729 52.64046)
9;2019;9;12;5;3;2;6;0;0;1;0;0;0;0;0;POINT (13.64167 52.4215)
1;2019;9;7;5;3;0;3;0;0;0;0;1;0;0;0;POINT (13.40449 52.52196)
10;2019;9;12;5;3;5;3;0;0;1;0;0;0;0;0;POINT (13.56568 52.52915)
11;2019;9;6;5;2;4;7;0;0;1;0;0;0;1;0;POINT (13.52528 52.55551)
4;2019;9;11;5;3;1;5;0;1;1;0;0;0;0;0;POINT (13.30538 52.50791)
10;2019;9;9;5;3;5;3;0;1;1;0;0;0;0;0;POINT (13.60628 52.52469)
7;2019;9;9;5;2;5;3;0;1;1;0;0;0;0;0;POINT (13.36346 52.48129)
11;2019;9;9;5;3;0;7;0;0;1;0;0;0;0;0;POINT (13.48596 52.5207)
8;2019;9;8;5;3;6;4;0;0;1;1;0;0;0;0;POINT (13.43939 52.41753)
4;2019;9;8;5;3;5;2;0;0;1;0;0;0;0;0;POINT (13.28512 52.49362)
7;2019;9;8;5;3;1;1;0;0;1;0;0;0;0;0;POINT (13.38238 52.43132)
10;2019;9;7;5;3;5;3;0;0;1;0;0;0;1;0;POINT (13.61743 52.53126)
1;2019;9;14;5;3;0;6;0;0;1;0;0;0;1;0;POINT (13.36709 52.52563)
10;2019;9;15;4;2;5;2;0;1;0;0;0;0;0;0;POINT (13.53578 52.5258)
4;2019;9;11;4;3;5;7;0;0;1;0;0;0;0;0;POINT (13.27266 52.51947)
1;2019;9;21;4;3;0;3;2;0;1;0;1;0;0;0;POINT (13.37672 52.51079)
4;2019;9;17;4;3;2;7;0;0;1;0;1;0;0;0;POINT (13.29394 52.4844)
2;2019;9;10;4;3;3;6;0;0;1;0;0;1;0;0;POINT (13.41734 52.48784)
8;2019;9;20;4;3;6;4;2;0;1;1;0;0;0;0;POINT (13.47281 52.46479)
5;2019;9;10;4;3;2;7;0;0;1;0;1;0;0;0;POINT (13.18826 52.53267)
2;2019;9;19;4;3;6;4;1;1;0;1;0;0;0;0;POINT (13.41952 52.48756)
2;2019;9;16;4;2;5;2;0;0;1;0;1;0;0;0;POINT (13.3943 52.50114)
5;2019;9;19;4;3;6;4;1;1;0;1;0;0;0;0;POINT (13.18849 52.53433)
1;2019;9;9;4;3;1;5;0;1;1;0;0;0;0;0;POINT (13.3633 52.50748)
10;2019;9;16;4;3;6;4;0;0;1;1;0;0;0;0;POINT (13.59236 52.51925)
1;2019;9;9;4;3;0;6;0;0;1;0;0;0;1;0;POINT (13.38436 52.55618)
1;2019;9;15;4;3;5;3;0;0;1;0;0;0;0;0;POINT (13.33158 52.52233)
5;2019;9;15;4;3;2;6;0;0;1;0;0;0;0;0;POINT (13.1952 52.52757)
1;2019;9;14;4;3;2;3;0;0;1;0;1;0;0;0;POINT (13.40015 52.53105)
11;2019;9;19;4;3;5;3;1;0;1;0;0;0;0;0;POINT (13.54954 52.56873)
8;2019;9;8;4;3;0;2;0;1;1;0;0;0;0;0;POINT (13.45294 52.44562)
2;2019;9;8;4;3;5;2;0;1;1;0;0;0;0;0;POINT (13.46104 52.5111)
8;2019;9;7;4;2;5;2;0;1;1;0;0;0;0;0;POINT (13.43446 52.44647)
4;2019;9;14;4;2;6;4;0;0;0;1;0;0;1;0;POINT (13.27995 52.51847)
9;2019;9;14;4;2;5;7;0;1;1;0;0;0;0;0;POINT (13.56263 52.45637)
7;2019;9;7;4;3;5;3;0;1;1;0;0;0;0;0;POINT (13.34961 52.40689)
8;2019;9;17;4;2;5;3;0;0;1;0;0;0;0;0;POINT (13.44754 52.47606)
1;2019;9;14;4;3;6;4;0;1;0;1;0;0;0;0;POINT (13.40527 52.52218)
1;2019;9;17;4;2;5;2;0;1;1;0;0;0;0;0;POINT (13.35538 52.5193)
5;2019;9;14;4;3;1;1;0;1;1;0;0;0;0;0;POINT (13.16268 52.542)
11;2019;9;13;4;2;6;4;0;0;1;1;0;0;0;0;POINT (13.49589 52.5003)
2;2019;9;2;4;3;1;5;2;0;1;0;0;0;0;0;POINT (13.4225 52.50274)
1;2019;9;13;4;3;3;6;0;0;1;0;0;1;0;0;POINT (13.33682 52.54268)
8;2019;9;12;4;3;5;2;0;0;1;0;0;0;0;0;POINT (13.4646 52.47015)
5;2019;9;11;4;3;1;5;0;0;1;0;0;0;1;0;POINT (13.23898 52.54419)
8;2019;9;5;4;3;5;7;1;0;1;0;0;0;0;0;POINT (13.42461 52.48428)
1;2019;9;14;4;3;0;6;0;0;0;0;0;0;1;0;POINT (13.3566 52.53555)
3;2019;9;13;4;2;5;3;0;0;1;0;0;0;0;0;POINT (13.45941 52.56271)
7;2019;9;4;4;3;6;2;2;0;1;1;0;0;0;0;POINT (13.36187 52.498)
1;2019;9;13;4;3;2;6;0;0;1;0;0;0;1;0;POINT (13.35195 52.50765)
12;2019;9;15;3;2;0;6;0;0;1;0;0;0;1;0;POINT (13.2267 52.58374)
4;2019;9;16;3;3;5;3;0;1;1;0;0;0;0;0;POINT (13.30171 52.49892)
1;2019;9;9;3;3;5;3;0;1;1;0;0;0;0;0;POINT (13.40018 52.50952)
2;2019;9;8;3;3;6;4;0;0;1;1;0;0;0;0;POINT (13.43293 52.49483)
8;2019;9;13;3;3;6;2;0;0;1;1;0;0;0;0;POINT (13.49736 52.4162)
1;2019;9;13;3;3;5;2;0;1;1;0;0;0;0;0;POINT (13.38715 52.52124)
9;2019;9;23;3;3;0;1;2;1;0;0;0;0;0;0;POINT (13.45391 52.49413)
11;2019;9;16;3;3;5;3;0;1;1;0;0;0;0;0;POINT (13.51137 52.50437)
10;2019;9;8;3;3;5;3;0;0;1;0;0;0;0;0;POINT (13.60531 52.52763)
1;2019;9;22;3;2;1;5;2;1;0;0;0;0;1;0;POINT (13.35994 52.53303)
1;2019;9;21;3;3;1;1;2;1;1;0;0;0;0;0;POINT (13.38737 52.52562)
6;2019;9;19;3;3;1;5;2;1;1;0;0;0;0;0;POINT (13.22283 52.43034)
7;2019;9;19;3;3;2;6;1;0;1;0;0;0;0;0;POINT (13.34521 52.48551)
5;2019;9;18;3;3;5;7;1;0;1;0;1;0;0;0;POINT (13.19145 52.5363)
11;2019;9;18;3;3;0;3;0;1;1;0;0;0;0;0;POINT (13.49323 52.51441)
4;2019;9;18;3;3;6;4;0;0;1;1;0;0;0;0;POINT (13.33197 52.50932)
3;2019;9;17;3;2;6;7;0;0;1;1;0;0;0;0;POINT (13.43258 52.59576)
1;2019;9;17;3;3;6;2;0;0;1;1;0;0;0;0;POINT (13.37704 52.50861)
2;2019;9;17;3;3;3;6;0;0;1;0;0;0;0;0;POINT (13.46232 52.50081)
6;2019;9;17;3;3;1;7;0;0;1;0;0;0;0;0;POINT (13.2628 52.42401)
5;2019;9;16;3;3;2;3;0;1;1;0;0;0;0;0;POINT (13.22731 52.54502)
9;2019;9;8;3;3;0;6;0;0;1;0;0;0;0;0;POINT (13.53283 52.44125)
5;2019;9;16;3;3;5;3;0;0;1;0;0;0;0;0;POINT (13.20298 52.52369)
3;2019;9;15;3;3;2;2;0;1;1;0;0;0;0;0;POINT (13.44459 52.54205)
9;2019;9;6;3;3;5;2;1;1;0;0;0;0;1;0;POINT (13.60631 52.45275)
9;2019;9;6;3;3;5;2;0;1;1;0;0;0;0;0;POINT (13.4725 52.45436)
1;2019;9;15;3;3;6;4;0;0;0;1;0;0;1;0;POINT (13.41018 52.52176)
5;2019;9;5;3;2;6;2;2;0;1;1;0;0;0;0;POINT (13.19977 52.53478)
12;2019;9;14;3;3;5;2;0;1;1;0;0;0;0;0;POINT (13.35903 52.57427)
7;2019;9;14;3;3;5;3;0;1;1;0;0;0;0;0;POINT (13.40393 52.45975)
4;2019;9;14;3;3;5;3;0;0;1;0;1;0;0;0;POINT (13.30647 52.51754)
12;2019;9;14;3;3;6;4;0;0;1;1;0;0;0;1;POINT (13.34939 52.59209)
7;2019;9;13;3;2;6;2;0;0;1;1;0;0;0;0;POINT (13.35426 52.49822)
2;2019;9;13;3;3;0;3;0;1;0;0;1;0;0;0;POINT (13.43083 52.50624)
11;2019;9;10;3;2;4;2;0;1;0;0;0;0;1;0;POINT (13.53271 52.47944)
1;2019;9;7;3;3;6;2;0;0;1;1;0;0;0;0;POINT (13.39113 52.53622)
12;2019;9;10;3;3;5;2;0;0;1;0;0;0;1;0;POINT (13.3131 52.57489)
8;2019;9;9;3;2;5;3;0;0;1;0;1;0;0;0;POINT (13.45767 52.48533)
5;2019;9;9;3;3;5;3;0;1;1;0;0;0;0;0;POINT (13.18655 52.54733)
10;2019;9;9;3;3;5;2;0;1;1;0;0;0;0;0;POINT (13.51727 52.53527)
2;2019;9;8;3;3;5;2;0;1;1;0;0;0;0;0;POINT (13.42674 52.51577)
8;2019;9;7;3;3;5;7;0;1;1;0;0;0;0;0;POINT (13.44464 52.44593)
2;2019;9;6;3;3;5;3;0;1;0;0;1;0;0;1;POINT (13.4335 52.5051)
5;2019;9;9;3;2;5;3;0;0;1;0;0;0;1;0;POINT (13.1989 52.53315)
2;2019;9;16;2;3;1;5;0;1;1;0;0;0;0;0;POINT (13.39424 52.49086)
3;2019;9;22;2;3;5;3;2;0;1;0;0;0;0;1;POINT (13.44193 52.55031)
1;2019;9;22;2;2;6;4;2;1;0;1;0;0;0;1;POINT (13.344 52.51703)
1;2019;9;21;2;3;6;4;2;1;0;1;0;0;0;1;POINT (13.39611 52.53243)
10;2019;9;20;2;2;5;3;2;0;1;0;0;0;0;1;POINT (13.57273 52.55003)
1;2019;9;19;2;3;5;2;1;0;1;0;0;0;1;1;POINT (13.39115 52.55029)
5;2019;9;19;2;3;5;2;2;0;1;0;0;0;0;0;POINT (13.21641 52.52646)
3;2019;9;19;2;2;6;4;0;0;1;1;0;0;0;1;POINT (13.45315 52.54224)
12;2019;9;18;2;3;2;6;1;0;1;0;0;0;0;1;POINT (13.35438 52.5621)
2;2019;9;18;2;3;2;7;1;0;1;0;1;0;0;1;POINT (13.43572 52.52326)
8;2019;9;18;2;3;6;4;2;0;0;1;1;0;0;1;POINT (13.43401 52.48998)
2;2019;9;17;2;3;0;2;1;1;1;0;0;0;0;1;POINT (13.42998 52.52329)
3;2019;9;18;2;3;5;2;0;0;1;0;1;0;0;1;POINT (13.40853 52.5612)
8;2019;9;15;2;3;0;2;0;1;1;0;0;0;0;0;POINT (13.45898 52.44041)
3;2019;9;16;2;2;2;6;0;0;1;0;0;0;0;1;POINT (13.43011 52.54474)
9;2019;9;17;2;3;2;6;0;0;1;0;0;0;0;1;POINT (13.57414 52.45265)
10;2019;9;17;2;3;5;3;1;0;1;0;1;0;0;1;POINT (13.56742 52.57333)
9;2019;9;17;2;3;2;6;0;0;1;0;0;0;0;1;POINT (13.55833 52.45551)
2;2019;9;14;2;3;2;6;0;0;1;0;1;0;0;1;POINT (13.42604 52.49941)
5;2019;9;14;2;3;2;6;0;0;1;0;0;0;0;1;POINT (13.21783 52.53748)
4;2019;9;12;2;3;6;4;0;0;0;1;1;0;0;1;POINT (13.32032 52.52015)
11;2019;9;12;2;2;5;2;0;1;1;0;0;0;0;1;POINT (13.51986 52.50591)
2;2019;9;11;2;3;3;6;0;0;1;0;0;0;0;0;POINT (13.38756 52.49282)
10;2019;9;11;2;3;5;2;0;0;1;0;0;0;0;0;POINT (13.51722 52.53548)
3;2019;9;11;2;2;5;2;0;0;1;0;0;0;1;0;POINT (13.46544 52.55189)
7;2019;9;10;2;3;5;7;0;0;0;0;1;0;1;0;POINT (13.34133 52.49739)
2;2019;9;12;3;3;2;6;0;0;1;0;0;1;0;1;POINT (13.41785 52.49921)
3;2019;9;10;2;3;5;3;0;0;1;0;1;0;0;0;POINT (13.43689 52.54493)
11;2019;9;5;2;3;7;7;1;1;0;0;0;0;0;0;POINT (13.47716 52.53318)