bez;ujahr;umonat;ustunde;uwochentag;ukategorie;uart;utyp1;ulichtverh;istrad;istpkw;istfuss;istkrad;istgkfz;istsonstige;ustrzustand;geometry
4;2019;9;10;2;3;5;2;0;1;1;0;0;0;0;0;POINT (13.30711 52.49872)
4;2019;9;23;2;3;2;1;2;0;1;0;1;0;0;0;POINT (13.32164 52.512)
8;2019;9;9;2;3;2;6;0;0;1;0;0;0;0;0;POINT (13.42434 52.48602)
3;2019;9;9;2;3;5;2;0;1;1;0;0;0;0;0;POINT (13.42031 52.60624)
12;2019;9;23;2;3;5;3;2;1;1;0;0;0;0;0;POINT (13.33187 52.5951)
6;2019;9;15;2;3;5;3;0;1;0;0;0;0;0;0;POINT (13.26057 52.4266)
2;2019;9;9;2;3;2;2;0;1;1;0;0;0;0;0;POINT (13.3781 52.49179)
6;2019;9;8;2;2;1;5;0;1;1;0;0;0;0;0;POINT (13.33288 52.43996)
5;2019;9;21;2;3;5;3;2;1;1;0;0;0;0;0;POINT (13.19016 52.52213)
5;2019;9;8;2;3;0;2;0;1;0;0;0;0;1;0;POINT (13.14164 52.53255)
3;2019;9;8;2;3;6;7;0;1;0;1;0;0;0;0;POINT (13.42311 52.55767)
11;2019;9;6;2;3;5;2;0;1;1;0;0;0;0;0;POINT (13.53521 52.56139)
1;2019;9;16;2;3;1;1;0;0;1;0;0;0;0;1;POINT (13.33936 52.54022)
9;2019;9;16;2;2;5;7;0;0;1;0;0;0;1;0;POINT (13.58419 52.46416)
2;2019;9;17;2;2;6;4;0;0;0;1;1;0;0;0;POINT (13.41236 52.50309)
6;2019;9;16;2;3;5;3;0;1;0;0;0;0;1;1;POINT (13.32339 52.44988)
2;2019;9;16;2;3;5;3;0;0;1;0;0;0;0;0;POINT (13.40641 52.50251)
3;2019;9;16;2;3;5;3;0;1;1;0;0;0;0;1;POINT (13.42675 52.56503)
2;2019;9;16;2;3;5;3;0;1;1;0;0;0;0;1;POINT (13.40566 52.49935)
10;2019;9;16;2;2;2;6;0;0;1;0;0;0;0;0;POINT (13.62184 52.52487)
2;2019;9;16;2;3;5;7;0;1;1;0;0;0;0;1;POINT (13.39067 52.49598)
11;2019;9;15;2;3;0;3;0;0;1;0;0;0;1;0;POINT (13.47677 52.53696)
11;2019;9;6;2;3;6;4;0;0;0;1;1;0;0;0;POINT (13.48216 52.52675)
4;2019;9;15;2;2;3;6;0;0;1;0;1;0;0;0;POINT (13.33076 52.50529)
11;2019;9;16;2;2;5;3;0;0;1;0;1;0;0;1;POINT (13.51441 52.55667)
1;2019;9;16;2;3;5;3;0;0;1;0;0;0;0;1;POINT (13.34605 52.54486)
5;2019;9;15;2;3;5;7;0;1;1;0;0;0;0;0;POINT (13.19135 52.52844)
12;2019;9;15;2;3;6;4;0;0;1;1;0;0;0;0;POINT (13.36344 52.5715)
2;2019;9;15;2;3;2;7;0;0;1;0;0;0;0;1;POINT (13.43682 52.52085)
2;2019;9;15;2;3;5;3;0;1;1;0;0;0;0;1;POINT (13.4146 52.50022)
8;2019;9;14;2;3;5;3;0;1;1;0;0;0;0;0;POINT (13.48812 52.41869)
11;2019;9;15;2;2;0;3;0;1;1;0;0;0;0;1;POINT (13.49485 52.54533)
1;2019;9;13;2;3;5;2;0;0;1;0;0;0;0;0;POINT (13.35737 52.53594)
11;2019;9;15;2;3;0;1;0;0;0;0;1;0;0;1;POINT (13.48003 52.51736)
1;2019;9;13;2;3;5;2;0;0;1;0;0;0;0;0;POINT (13.34982 52.50322)
11;2019;9;14;2;2;2;6;0;0;1;0;0;1;1;1;POINT (13.50363 52.53445)
1;2019;9;10;2;3;5;2;0;0;1;0;1;0;0;0;POINT (13.38866 52.56143)
2;2019;9;14;2;3;2;6;0;0;1;0;1;0;0;1;POINT (13.4152 52.49858)
1;2019;9;13;2;3;0;1;0;0;0;0;1;0;0;1;POINT (13.37927 52.52947)
3;2019;9;10;2;3;2;5;0;0;1;0;0;0;0;0;POINT (13.42067 52.52869)
1;2019;9;8;2;3;5;2;0;1;1;0;0;0;0;0;POINT (13.40568 52.51411)
7;2019;9;17;2;3;5;3;0;1;1;0;0;0;0;0;POINT (13.35706 52.49892)
1;2019;9;8;2;3;5;2;0;1;1;0;0;0;0;0;POINT (13.37727 52.55363)
7;2019;9;17;1;3;0;7;0;0;0;0;1;0;1;1;POINT (13.36807 52.45976)
2;2019;9;8;2;3;0;2;0;1;0;0;1;0;0;0;POINT (13.43031 52.49558)
8;2019;9;13;1;3;2;7;0;0;1;0;0;0;1;0;POINT (13.45495 52.47626)
3;2019;9;8;2;3;2;6;0;1;1;0;0;0;0;0;POINT (13.4503 52.55168)
1;2019;9;7;1;3;5;2;0;0;1;0;0;1;0;0;POINT (13.34947 52.5423)
2;2019;9;7;2;3;2;6;1;0;1;0;0;1;0;0;POINT (13.39818 52.50694)
4;2019;9;12;1;3;6;4;0;0;1;1;0;0;0;0;POINT (13.30209 52.50981)
6;2019;9;22;1;3;1;5;2;0;1;0;0;0;0;0;POINT (13.34972 52.45019)
1;2019;9;7;2;3;3;6;0;1;1;0;0;0;0;0;POINT (13.40743 52.52384)
1;2019;9;18;1;3;5;2;0;0;1;0;1;0;0;0;POINT (13.33083 52.53352)
12;2019;9;7;2;3;2;7;0;0;1;0;0;0;0;0;POINT (13.2909 52.62642)
12;2019;9;18;1;3;2;6;0;0;1;0;0;0;0;0;POINT (13.35827 52.61234)
1;2019;9;17;1;3;5;2;0;1;1;0;0;0;0;0;POINT (13.32469 52.53226)
4;2019;9;7;2;3;2;2;1;0;1;0;0;0;0;0;POINT (13.28196 52.50987)
3;2019;9;17;1;3;4;6;0;1;1;0;0;0;0;0;POINT (13.40043 52.5714)
4;2019;9;5;2;3;6;4;2;0;0;1;1;0;0;0;POINT (13.30635 52.52963)
4;2019;9;17;1;3;3;6;0;0;1;0;0;0;0;0;POINT (13.29649 52.54838)
10;2019;9;0;2;3;9;1;2;0;1;0;0;0;0;0;POINT (13.58653 52.54574)
7;2019;9;17;1;3;0;7;0;0;0;0;1;0;0;1;POINT (13.36785 52.45964)
2;2019;9;22;2;2;5;3;2;1;1;1;0;0;0;0;POINT (13.39597 52.49838)
7;2019;9;17;1;3;0;7;0;0;0;0;1;0;1;1;POINT (13.36662 52.45971)
8;2019;9;16;1;2;5;2;0;1;0;0;0;0;1;0;POINT (13.48216 52.42549)
8;2019;9;9;1;3;0;3;0;1;0;0;0;1;0;0;POINT (13.44468 52.46801)
9;2019;9;14;1;3;5;2;0;1;1;0;0;0;0;0;POINT (13.52679 52.42646)
7;2019;9;16;1;2;5;3;0;0;1;0;0;0;0;0;POINT (13.4106 52.40668)
3;2019;9;20;1;3;0;6;2;1;1;0;0;0;0;0;POINT (13.41906 52.56226)
8;2019;9;16;1;3;6;7;0;0;0;1;0;0;1;0;POINT (13.44123 52.46972)
4;2019;9;16;1;3;5;3;0;1;1;0;0;0;0;0;POINT (13.29587 52.48125)
9;2019;9;16;1;3;1;7;0;0;1;0;0;0;0;0;POINT (13.47596 52.47341)
11;2019;9;14;1;3;2;6;0;0;1;0;0;0;0;0;POINT (13.52076 52.56833)
2;2019;9;15;1;3;1;5;0;1;1;0;0;0;0;0;POINT (13.45369 52.51039)
12;2019;9;15;1;3;2;6;0;0;1;0;0;0;0;0;POINT (13.24938 52.55272)
1;2019;9;9;1;3;2;2;0;0;1;0;0;1;0;0;POINT (13.34902 52.51474)
1;2019;9;14;1;2;5;2;0;0;1;0;0;0;0;0;POINT (13.36549 52.55712)
9;2019;9;8;1;3;5;3;0;1;1;0;0;0;0;0;POINT (13.57017 52.4012)
8;2019;9;14;1;3;6;7;0;1;0;1;0;0;0;0;POINT (13.42427 52.48521)
5;2019;9;8;1;3;2;6;0;0;1;0;0;0;0;0;POINT (13.24728 52.53808)
12;2019;9;11;1;2;5;3;0;0;0;0;1;0;1;0;POINT (13.328 52.564)
10;2019;9;8;1;3;5;2;0;1;1;0;0;0;0;0;POINT (13.52929 52.52561)
6;2019;9;14;1;3;2;7;0;0;1;0;1;0;0;0;POINT (13.34839 52.42323)
11;2019;9;10;1;3;6;4;0;0;1;1;0;0;0;0;POINT (13.50944 52.50213)
4;2019;9;8;1;3;5;2;0;1;1;0;0;0;0;0;POINT (13.31881 52.49184)
1;2019;9;9;1;3;5;2;0;1;1;0;0;0;0;0;POINT (13.39551 52.51515)
7;2019;9;7;1;3;2;2;0;0;1;0;0;1;0;0;POINT (13.38131 52.44094)
1;2019;9;10;1;3;6;7;0;0;1;1;0;0;0;0;POINT (13.38982 52.52354)
1;2019;9;21;1;2;6;4;2;0;1;1;0;0;0;0;POINT (13.36688 52.55215)
5;2019;9;14;1;3;2;6;0;0;1;0;0;0;1;0;POINT (13.19835 52.54307)
12;2019;9;19;1;3;3;6;2;0;1;0;1;0;0;0;POINT (13.31296 52.57071)
2;2019;9;9;1;3;5;2;0;1;1;0;0;0;0;1;POINT (13.40193 52.49241)
6;2019;9;9;1;3;5;3;0;1;1;0;0;0;0;1;POINT (13.25135 52.41555)
9;2019;9;20;1;2;2;7;2;0;1;0;0;0;0;0;POINT (13.69935 52.43583)
1;2019;9;20;1;3;2;6;2;0;1;0;0;0;0;0;POINT (13.36517 52.55679)
4;2019;9;9;1;3;6;2;0;0;1;1;0;0;0;0;POINT (13.3317 52.50545)
1;2019;9;9;1;3;3;6;0;1;1;0;0;0;0;0;POINT (13.41663 52.51133)
9;2019;9;16;1;3;2;6;0;0;1;0;0;0;0;0;POINT (13.58202 52.44229)
4;2019;9;8;1;3;2;6;0;1;1;0;0;0;0;1;POINT (13.34077 52.5044)
7;2019;9;9;1;2;5;3;0;1;0;0;0;0;0;0;POINT (13.38688 52.46707)
1;2019;9;8;1;3;5;2;0;1;1;0;0;0;0;0;POINT (13.37863 52.52825)
3;2019;9;8;1;3;0;2;0;1;1;0;0;0;0;0;POINT (13.42811 52.55216)
3;2019;9;15;1;3;5;3;0;0;1;0;0;0;0;0;POINT (13.43517 52.62904)
6;2019;9;7;1;2;5;3;0;1;1;0;0;0;0;0;POINT (13.33138 52.4266)
12;2019;9;13;1;3;0;7;0;0;1;0;0;0;0;0;POINT (13.23223 52.61378)
7;2019;9;14;1;3;5;3;0;1;1;0;0;0;0;0;POINT (13.34377 52.48555)
4;2019;9;11;1;3;5;7;0;0;1;0;0;0;1;0;POINT (13.31504 52.50097)
1;2019;9;19;1;3;0;4;2;1;0;1;0;0;0;0;POINT (13.40269 52.528)
8;2019;9;11;1;3;5;3;0;0;1;0;0;0;0;0;POINT (13.42499 52.48191)
8;2019;9;7;1;3;2;7;0;0;1;0;0;0;0;0;POINT (13.42513 52.47309)
4;2019;9;13;1;3;6;4;0;0;1;1;0;0;0;0;POINT (13.29637 52.53955)
1;2019;9;15;7;3;1;5;0;1;1;0;0;0;0;0;POINT (13.38593 52.5559)
5;2019;9;17;1;3;0;3;0;1;1;0;0;0;0;0;POINT (13.13845 52.52845)
11;2019;9;8;7;3;6;4;0;0;1;1;0;0;0;0;POINT (13.4809 52.49906)
1;2019;9;13;1;3;0;1;0;1;0;0;0;0;0;0;POINT (13.3917 52.52528)
4;2019;9;16;7;3;5;2;0;1;1;0;0;0;0;0;POINT (13.33245 52.50606)
4;2019;9;18;7;3;0;7;0;0;0;0;1;0;0;1;POINT (13.29921 52.50684)
8;2019;9;9;1;3;5;2;0;1;1;0;0;0;0;0;POINT (13.43536 52.4861)
3;2019;9;18;1;3;4;1;1;1;0;0;0;0;1;0;POINT (13.44917 52.54906)
8;2019;9;16;7;3;0;7;0;0;0;1;0;0;1;0;POINT (13.43075 52.46783)
1;2019;9;16;7;3;0;1;0;0;0;0;0;0;1;0;POINT (13.35067 52.51193)
1;2019;9;12;1;3;5;3;0;0;1;0;0;0;0;0;POINT (13.37561 52.54021)
9;2019;9;16;7;3;2;6;0;1;1;0;0;0;0;0;POINT (13.45266 52.48987)
9;2019;9;12;1;3;5;3;0;1;1;0;0;0;0;0;POINT (13.65687 52.41519)
4;2019;9;15;7;3;1;5;0;1;1;0;0;0;0;0;POINT (13.31454 52.48121)
4;2019;9;14;7;3;2;3;0;1;1;0;0;0;0;0;POINT (13.30139 52.51925)
3;2019;9;18;1;3;2;6;2;0;1;0;0;0;0;0;POINT (13.41706 52.52834)
4;2019;9;13;7;3;5;2;0;0;0;0;1;0;0;0;POINT (13.29476 52.53963)
4;2019;9;20;7;3;3;2;2;0;1;0;0;0;0;0;POINT (13.29307 52.53449)
4;2019;9;17;1;3;5;2;0;0;1;0;0;0;0;0;POINT (13.30794 52.48853)
1;2019;9;18;7;2;5;3;0;1;1;0;0;0;0;0;POINT (13.35636 52.55539)
1;2019;9;17;1;3;6;7;0;0;1;1;0;0;0;0;POINT (13.34472 52.51689)
9;2019;9;18;7;3;5;2;0;0;1;0;0;0;0;0;POINT (13.53638 52.43287)
7;2019;9;17;7;3;5;2;0;1;1;0;0;0;0;0;POINT (13.38543 52.4661)
9;2019;9;14;1;3;1;1;0;1;1;0;0;0;0;0;POINT (13.57496 52.44633)
1;2019;9;17;1;3;1;5;0;1;1;0;0;0;0;0;POINT (13.39293 52.54235)
1;2019;9;7;7;3;0;1;0;0;0;0;1;0;0;0;POINT (13.37187 52.51957)
2;2019;9;0;7;3;0;7;2;1;0;0;0;0;0;0;POINT (13.44488 52.50116)
4;2019;9;17;1;3;6;7;0;0;0;1;0;0;1;0;POINT (13.32735 52.50303)
9;2019;9;6;7;3;5;3;0;1;1;0;0;0;0;0;POINT (13.45428 52.49596)
8;2019;9;11;1;3;2;2;0;0;1;0;0;0;0;0;POINT (13.44835 52.46453)
8;2019;9;10;1;3;1;5;0;0;1;0;0;0;1;0;POINT (13.43667 52.47065)
4;2019;9;6;7;3;2;6;1;0;1;0;1;0;0;0;POINT (13.32608 52.53857)
4;2019;9;4;7;3;5;2;2;0;1;0;0;0;0;0;POINT (13.33238 52.50627)
5;2019;9;10;1;2;1;5;0;0;1;0;0;0;0;0;POINT (13.21283 52.53015)
5;2019;9;1;7;3;1;1;2;0;1;0;0;0;0;0;POINT (13.24575 52.52767)
7;2019;9;10;1;3;5;3;0;0;1;0;0;0;0;0;POINT (13.40615 52.38204)
9;2019;9;4;6;3;5;3;2;0;1;0;0;0;0;0;POINT (13.5312 52.41561)
8;2019;9;17;1;3;5;7;0;1;1;0;0;0;0;0;POINT (13.43585 52.42444)
7;2019;9;14;6;3;2;6;0;0;1;0;0;0;0;0;POINT (13.40067 52.44533)
3;2019;9;16;1;3;5;2;0;1;1;0;0;0;0;0;POINT (13.42075 52.554)
12;2019;9;14;6;3;6;4;0;0;1;1;0;0;0;0;POINT (13.33105 52.57248)
1;2019;9;10;1;3;5;3;0;0;1;0;0;0;0;0;POINT (13.34092 52.55318)
12;2019;9;14;6;2;0;1;0;1;0;0;0;0;0;0;POINT (13.3181 52.61132)
9;2019;9;10;1;3;2;7;0;0;1;0;1;0;0;0;POINT (13.57374 52.46823)
7;2019;9;14;6;2;5;2;0;1;1;0;0;0;0;0;POINT (13.36094 52.49426)
4;2019;9;13;1;3;0;2;0;0;0;0;0;0;1;0;POINT (13.32814 52.50808)
3;2019;9;13;6;3;5;3;0;0;1;0;0;0;0;0;POINT (13.44116 52.54947)
9;2019;9;13;6;3;5;3;0;1;1;0;0;0;0;0;POINT (13.56917 52.44269)
1;2019;9;20;7;3;5;3;2;1;1;0;0;0;0;0;POINT (13.33669 52.5421)
9;2019;9;21;6;3;3;6;2;0;1;0;1;0;0;0;POINT (13.59942 52.45224)
11;2019;9;23;7;3;5;3;2;0;1;0;0;0;0;0;POINT (13.51158 52.50554)
4;2019;9;21;6;3;0;1;2;0;0;0;0;0;1;0;POINT (13.32929 52.48155)
6;2019;9;23;6;3;6;4;2;0;1;1;0;0;0;0;POINT (13.36085 52.44682)
2;2019;9;20;7;3;5;2;2;1;1;0;0;0;0;0;POINT (13.38612 52.48736)
1;2019;9;22;6;2;6;4;1;0;1;1;0;0;0;0;POINT (13.37931 52.55299)
3;2019;9;21;7;2;5;2;2;1;1;0;0;0;0;0;POINT (13.42762 52.54582)
4;2019;9;21;6;3;5;2;2;0;1;0;0;0;0;0;POINT (13.26856 52.50914)
1;2019;9;21;7;3;3;6;2;0;1;0;0;0;0;0;POINT (13.38515 52.55043)
11;2019;9;21;6;3;6;4;2;0;1;1;0;0;0;0;POINT (13.51921 52.51366)
9;2019;9;20;7;3;0;7;2;0;0;0;1;0;0;1;POINT (13.55833 52.45549)
1;2019;9;13;6;3;0;7;0;1;0;0;0;0;0;0;POINT (13.40351 52.53231)
7;2019;9;21;6;3;0;1;2;0;0;0;1;0;0;0;POINT (13.37784 52.45252)
7;2019;9;19;7;3;5;3;2;1;1;0;0;0;0;0;POINT (13.35988 52.49613)
4;2019;9;19;7;3;5;2;2;0;1;0;0;0;1;0;POINT (13.29641 52.52926)
6;2019;9;13;6;3;5;2;0;0;1;0;1;0;0;0;POINT (13.31779 52.46121)
12;2019;9;15;7;3;4;6;0;0;1;0;0;0;0;0;POINT (13.37027 52.57013)
2;2019;9;20;6;3;1;5;2;1;1;0;0;0;0;0;POINT (13.38309 52.49235)
4;2019;9;14;7;2;3;6;0;1;0;0;0;0;1;0;POINT (13.32492 52.50253)
6;2019;9;12;6;3;5;5;0;0;1;0;0;0;0;0;POINT (13.34487 52.45023)
12;2019;9;11;6;3;5;2;0;0;1;0;0;0;0;0;POINT (13.28684 52.5862)
6;2019;9;14;7;3;1;5;0;0;1;0;1;0;0;0;POINT (13.31373 52.43527)
2;2019;9;13;7;3;5;7;0;0;1;0;0;0;1;0;POINT (13.38088 52.50556)
6;2019;9;19;6;2;0;1;1;0;0;0;1;0;0;0;POINT (13.29708 52.44272)
6;2019;9;18;6;2;2;6;0;0;1;0;0;0;0;0;POINT (13.34972 52.43441)
10;2019;9;13;7;3;5;7;0;0;1;0;1;0;0;0;POINT (13.5656 52.57045)
6;2019;9;10;6;3;0;6;0;0;1;0;1;0;0;0;POINT (13.32892 52.42887)
3;2019;9;13;7;2;5;7;0;1;1;0;0;0;0;0;POINT (13.42314 52.54515)
9;2019;9;9;6;3;3;6;0;1;0;0;0;0;0;0;POINT (13.49857 52.4589)
3;2019;9;9;6;3;2;6;0;0;1;0;0;0;0;0;POINT (13.41477 52.55387)
12;2019;9;12;7;3;5;3;0;0;1;0;1;0;0;0;POINT (13.33006 52.56936)
9;2019;9;9;6;2;6;4;0;0;1;1;0;0;0;0;POINT (13.57171 52.43778)
9;2019;9;12;7;2;5;3;0;0;1;0;1;0;0;0;POINT (13.59254 52.43853)
6;2019;9;9;6;3;6;4;0;1;0;1;0;0;0;0;POINT (13.23249 52.43773)
6;2019;9;19;7;2;2;2;1;1;1;0;0;0;0;0;POINT (13.2967 52.44295)
3;2019;9;8;6;3;6;4;0;1;0;1;0;0;0;0;POINT (13.4646 52.57028)
11;2019;9;11;6;3;5;2;0;1;1;0;0;0;0;0;POINT (13.47616 52.53284)
1;2019;9;16;6;3;1;6;0;1;1;0;0;0;0;0;POINT (13.38825 52.52045)
12;2019;9;16;6;3;0;1;0;0;0;0;1;0;0;0;POINT (13.32235 52.5934)
11;2019;9;20;6;3;1;5;2;0;1;0;0;0;1;0;POINT (13.46012 52.5264)
1;2019;9;19;6;3;5;3;2;0;1;0;0;0;0;0;POINT (13.37123 52.51108)
7;2019;9;15;6;3;3;6;0;1;1;0;0;0;0;0;POINT (13.36507 52.45018)
9;2019;9;14;6;3;5;2;0;0;1;0;0;0;1;0;POINT (13.50067 52.43511)
3;2019;9;18;6;3;1;5;1;0;1;0;0;0;1;0;POINT (13.42678 52.54757)
12;2019;9;2;6;3;1;5;2;0;1;0;0;0;0;0;POINT (13.35352 52.59655)
3;2019;9;17;6;3;5;3;0;1;1;0;0;0;0;0;POINT (13.49344 52.61423)
7;2019;9;0;6;3;1;3;2;1;1;0;0;0;0;0;POINT (13.3413 52.46471)
9;2019;9;16;6;2;5;2;0;0;1;0;0;0;0;0;POINT (13.52662 52.42646)
7;2019;9;13;5;3;1;5;0;1;1;0;0;0;0;0;POINT (13.40954 52.38655)
10;2019;9;13;6;3;1;5;0;1;1;0;0;0;0;0;POINT (13.60226 52.53851)
4;2019;9;10;5;3;0;7;0;1;0;0;0;0;0;0;POINT (13.33203 52.50033)
1;2019;9;10;6;3;5;2;0;0;1;0;0;0;0;0;POINT (13.36033 52.53732)
12;2019;9;14;5;3;5;7;0;0;1;0;0;0;0;0;POINT (13.32521 52.56476)
10;2019;9;7;6;2;6;4;0;0;0;1;0;0;1;0;POINT (13.61227 52.5116)
7;2019;9;14;5;3;2;6;0;0;1;0;0;0;0;0;POINT (13.37797 52.46609)
5;2019;9;13;5;3;2;6;0;0;1;0;0;0;0;0;POINT (13.19522 52.5276)
12;2019;9;15;6;3;1;5;0;1;1;0;0;0;1;0;POINT (13.31374 52.56758)
1;2019;9;13;5;3;3;6;0;1;0;0;0;0;0;0;POINT (13.41821 52.51541)
12;2019;9;15;6;3;2;7;0;0;1;0;0;0;0;0;POINT (13.31986 52.58755)
5;2019;9;13;5;3;5;2;0;1;0;0;0;0;1;1;POINT (13.21405 52.53837)
8;2019;9;14;6;3;3;6;0;1;1;0;0;0;0;0;POINT (13.43887 52.48223)
7;2019;9;12;5;3;0;7;0;1;1;0;0;0;0;0;POINT (13.32857 52.47363)
7;2019;9;3;6;2;9;1;2;0;0;0;1;0;0;0;POINT (13.32856 52.47626)
7;2019;9;12;5;3;0;7;0;1;1;0;0;0;0;0;POINT (13.3551 52.487)
5;2019;9;11;5;3;2;6;0;0;1;0;0;0;0;0;POINT (13.2255 52.55437)
1;2019;9;14;6;3;2;2;0;0;1;0;0;0;0;0;POINT (13.37704 52.51251)
3;2019;9;14;6;3;0;1;0;0;0;0;1;0;0;0;POINT (13.4596 52.53065)
5;2019;9;11;5;3;0;7;0;0;1;0;0;0;1;0;POINT (13.21882 52.5594)
9;2019;9;10;5;3;1;5;0;0;1;0;0;0;0;0;POINT (13.58743 52.45141)
9;2019;9;1;6;3;2;2;2;0;1;0;0;0;0;0;POINT (13.62818 52.4467)
9;2019;9;10;5;3;5;2;0;1;1;0;0;0;0;0;POINT (13.45423 52.49389)
8;2019;9;13;6;3;5;3;0;0;1;0;0;0;0;0;POINT (13.47759 52.43016)
4;2019;9;9;5;3;6;7;0;0;1;1;0;0;0;0;POINT (13.31323 52.50192)
12;2019;9;21;5;3;4;6;2;1;1;0;0;0;0;0;POINT (13.32418 52.56588)
10;2019;9;13;6;3;5;3;0;1;1;0;0;0;0;0;POINT (13.59283 52.54824)
4;2019;9;9;5;2;0;1;0;0;0;0;1;0;0;0;POINT (13.28067 52.49905)
2;2019;9;7;5;3;5;2;0;0;1;0;0;0;0;0;POINT (13.42984 52.52328)
2;2019;9;12;6;3;0;3;0;0;1;0;1;0;0;0;POINT (13.43351 52.5051)
8;2019;9;17;5;3;2;2;0;0;1;0;0;0;0;0;POINT (13.44165 52.46968)
12;2019;9;3;5;3;0;1;2;0;0;0;1;0;0;0;POINT (13.36454 52.56269)
6;2019;9;12;6;3;2;6;0;0;1;0;0;0;0;0;POINT (13.33805 52.4513)
8;2019;9;20;5;3;5;3;2;0;1;0;0;0;0;0;POINT (13.48539 52.42419)
4;2019;9;11;6;3;0;1;0;0;1;0;1;0;0;0;POINT (13.32417 52.54227)
12;2019;9;18;5;3;2;6;0;0;1;0;0;0;0;0;POINT (13.36403 52.60635)
6;2019;9;11;6;3;5;3;0;0;1;0;0;0;0;0;POINT (13.25836 52.43569)
1;2019;9;18;5;3;6;4;0;0;1;1;0;0;0;0;POINT (13.38672 52.52757)
10;2019;9;11;6;3;0;1;0;0;0;0;1;0;0;0;POINT (13.55482 52.55774)
5;2019;9;17;5;2;5;3;0;0;1;0;1;0;0;0;POINT (13.13696 52.54811)
9;2019;9;18;5;3;5;2;0;1;1;0;0;0;0;0;POINT (13.56246 52.45665)
5;2019;9;10;6;3;5;2;0;1;1;0;0;0;0;0;POINT (13.18176 52.53408)
2;2019;9;10;6;3;5;7;0;1;1;0;0;0;0;0;POINT (13.41052 52.49845)
3;2019;9;17;5;3;5;3;0;1;1;0;0;0;0;0;POINT (13.42175 52.56265)
8;2019;9;17;5;3;2;6;0;0;1;0;0;0;0;0;POINT (13.42682 52.48104)
9;2019;9;10;6;3;5;7;0;0;1;0;0;0;1;0;POINT (13.57331 52.45008)
4;2019;9;16;5;3;5;3;0;1;1;0;0;0;0;0;POINT (13.31735 52.5121)
1;2019;9;12;6;3;1;5;0;1;1;0;0;0;0;0;POINT (13.37121 52.51778)
1;2019;9;16;5;3;4;6;0;1;0;0;0;0;1;0;POINT (13.39104 52.54455)
1;2019;9;23;5;3;2;6;2;0;1;0;0;0;0;0;POINT (13.37425 52.55683)
1;2019;9;16;5;2;5;3;0;0;1;0;0;0;1;0;POINT (13.34686 52.55329)
4;2019;9;18;5;3;1;5;0;1;1;0;0;0;0;0;POINT (13.3296 52.50547)
10;2019;9;16;5;3;2;6;0;0;1;0;0;0;1;0;POINT (13.55516 52.53391)
7;2019;9;14;1;3;5;3;0;0;1;0;0;0;1;0;POINT (13.38044 52.47247)
9;2019;9;16;1;3;2;6;0;0;1;0;0;0;0;1;POINT (13.47425 52.47524)
1;2019;9;15;1;3;2;6;0;0;1;0;0;0;0;1;POINT (13.3495 52.54895)
12;2019;9;16;1;2;6;4;0;0;1;1;0;0;0;0;POINT (13.28602 52.58716)
12;2019;9;16;1;3;0;4;0;0;1;1;0;0;0;0;POINT (13.27788 52.57272)
1;2019;9;16;1;2;5;3;0;0;0;0;1;0;1;1;POINT (13.41538 52.52271)
2;2019;9;16;1;3;5;3;0;0;1;0;0;0;0;1;POINT (13.44896 52.5243)
5;2019;9;16;1;3;1;5;0;1;1;0;0;0;0;1;POINT (13.196 52.52716)
9;2019;9;16;1;3;5;3;0;0;1;0;0;0;1;0;POINT (13.53271 52.42877)
1;2019;9;6;1;3;5;2;0;1;1;0;0;0;0;0;POINT (13.38417 52.55604)
6;2019;9;12;1;3;3;6;0;0;1;0;0;0;1;1;POINT (13.33841 52.4492)
6;2019;9;12;1;2;6;2;0;0;1;1;0;0;0;1;POINT (13.36207 52.43461)
4;2019;9;12;1;2;2;7;0;0;1;0;0;0;0;1;POINT (13.33332 52.50416)
6;2019;9;9;1;3;6;4;0;0;1;1;0;0;0;1;POINT (13.25934 52.43072)
5;2019;9;9;1;3;2;2;0;0;1;0;0;0;0;1;POINT (13.20108 52.55543)
8;2019;9;11;1;3;5;3;0;0;1;0;1;0;0;1;POINT (13.45168 52.47805)
3;2019;9;10;1;3;2;6;0;0;1;0;0;0;0;1;POINT (13.41257 52.54524)
4;2019;9;9;1;3;5;2;0;0;1;0;0;0;0;1;POINT (13.31389 52.48099)
4;2019;9;8;1;3;5;2;0;1;1;0;0;0;0;1;POINT (13.31477 52.51198)
2;2019;9;8;1;3;0;5;0;1;1;0;0;0;0;1;POINT (13.44342 52.50091)
4;2019;9;7;1;3;5;2;0;1;1;0;0;0;0;1;POINT (13.28259 52.53389)
4;2019;9;7;1;3;2;6;0;0;1;0;0;0;0;1;POINT (13.2738 52.50009)
1;2019;9;6;1;3;6;2;2;0;1;1;0;0;0;1;POINT (13.39376 52.54126)
7;2019;9;6;1;2;6;2;2;0;1;1;0;0;0;1;POINT (13.38561 52.44556)
8;2019;9;6;1;3;6;4;2;0;1;1;0;0;0;1;POINT (13.43805 52.4175)
2;2019;9;6;1;3;2;6;2;0;1;0;0;1;0;1;POINT (13.47048 52.50604)
6;2019;9;5;1;3;5;2;2;1;1;0;0;0;0;1;POINT (13.35533 52.42768)
1;2019;9;18;1;3;5;2;0;1;1;0;0;0;0;0;POINT (13.3842 52.55566)
8;2019;9;18;7;3;2;7;2;0;1;0;1;0;1;1;POINT (13.46508 52.42596)
1;2019;9;17;7;3;0;4;0;0;0;1;1;0;0;1;POINT (13.34101 52.50524)
1;2019;9;16;7;3;2;6;0;0;1;0;0;0;0;1;POINT (13.39882 52.53281)
4;2019;9;16;7;2;5;3;0;0;1;0;0;0;0;1;POINT (13.31371 52.50623)
5;2019;9;15;7;2;5;2;1;0;1;0;0;0;0;1;POINT (13.14147 52.53249)
1;2019;9;14;7;3;0;1;0;0;0;0;0;0;1;1;POINT (13.38732 52.52632)
10;2019;9;14;7;3;5;3;0;0;1;0;0;0;1;1;POINT (13.61163 52.54008)
8;2019;9;13;7;3;2;6;0;0;1;0;0;0;0;1;POINT (13.40308 52.41493)
7;2019;9;13;7;3;3;6;0;1;1;0;0;0;0;1;POINT (13.34144 52.47642)
4;2019;9;12;7;3;3;6;0;0;1;0;0;0;0;1;POINT (13.28069 52.50675)
2;2019;9;12;7;2;4;7;0;1;0;0;0;0;1;1;POINT (13.42478 52.50194)
5;2019;9;8;7;3;1;5;0;0;1;0;0;0;0;0;POINT (13.23264 52.543)
3;2019;9;19;7;3;0;6;2;0;1;0;0;0;0;1;POINT (13.45943 52.52937)
2;2019;9;8;7;3;5;3;0;1;1;0;0;0;0;1;POINT (13.39451 52.49179)