bez;ujahr;umonat;ustunde;uwochentag;ukategorie;uart;utyp1;ulichtverh;istrad;istpkw;istfuss;istkrad;istgkfz;istsonstige;ustrzustand;geometry
1;2019;9;19;7;3;5;2;1;0;1;0;0;0;0;1;POINT (13.33498 52.56017)
6;2019;9;18;7;3;5;7;1;0;1;0;1;0;0;1;POINT (13.34517 52.43692)
8;2019;9;17;7;3;5;2;0;1;0;0;0;0;1;1;POINT (13.4397 52.48392)
4;2019;9;21;6;3;1;1;2;0;1;0;0;0;0;1;POINT (13.26438 52.48491)
7;2019;10;17;2;3;2;6;1;0;1;0;1;0;0;1;POINT (13.40002 52.48374)
1;2019;9;13;6;2;2;6;0;1;0;0;0;0;1;0;POINT (13.35044 52.51371)
1;2019;10;17;2;3;1;5;0;1;1;0;0;0;0;1;POINT (13.42301 52.50653)
7;2019;9;15;6;3;1;5;1;0;1;0;0;0;0;1;POINT (13.41894 52.46097)
6;2019;10;17;2;3;5;3;0;0;1;0;0;0;0;1;POINT (13.35728 52.42298)
4;2019;9;22;6;3;0;2;2;0;0;1;0;0;1;0;POINT (13.33254 52.50602)
6;2019;10;16;2;3;2;6;0;0;1;0;0;0;0;1;POINT (13.3586 52.44824)
7;2019;10;16;2;3;2;2;0;0;1;0;0;0;1;1;POINT (13.39729 52.42383)
1;2019;9;23;6;3;5;2;2;1;1;0;0;0;0;0;POINT (13.37941 52.52943)
7;2019;10;16;2;3;2;6;0;0;1;0;1;0;0;1;POINT (13.36388 52.49733)
4;2019;9;21;6;3;8;1;2;0;1;0;0;0;0;1;POINT (13.28103 52.47696)
4;2019;10;16;2;3;2;6;0;0;1;0;0;0;0;1;POINT (13.27935 52.51273)
8;2019;10;15;2;3;5;3;0;0;1;0;0;0;0;1;POINT (13.42168 52.44112)
4;2019;9;19;6;2;5;2;2;0;1;0;1;0;0;1;POINT (13.26583 52.4834)
11;2019;10;15;2;3;6;4;0;0;1;1;0;0;0;1;POINT (13.50472 52.56351)
5;2019;9;18;6;3;0;1;0;1;1;0;0;0;0;1;POINT (13.21784 52.5479)
8;2019;10;15;2;3;2;2;0;0;1;0;0;0;0;1;POINT (13.43748 52.46934)
8;2019;9;18;6;3;0;5;0;1;1;0;0;0;0;1;POINT (13.42663 52.48746)
1;2019;10;14;2;3;5;2;0;1;1;0;0;0;0;1;POINT (13.38669 52.55553)
9;2019;9;15;6;3;0;1;0;0;0;0;1;0;0;1;POINT (13.58097 52.46024)
12;2019;10;10;2;3;0;5;0;0;1;0;0;0;1;1;POINT (13.32892 52.56616)
11;2019;10;9;2;3;2;7;0;0;0;0;0;1;1;1;POINT (13.49856 52.53811)
1;2019;9;17;6;3;2;7;0;0;1;0;0;0;0;1;POINT (13.40765 52.50983)
12;2019;9;15;6;3;0;6;0;0;1;0;1;0;0;1;POINT (13.29532 52.54997)
9;2019;10;9;2;3;5;2;0;0;1;0;0;0;1;1;POINT (13.69251 52.37167)
10;2019;9;16;6;3;0;5;0;0;1;0;0;0;0;0;POINT (13.57571 52.5414)
2;2019;10;14;2;3;5;3;0;1;1;0;0;0;0;1;POINT (13.42198 52.49904)
11;2019;9;15;6;3;2;6;0;0;1;0;0;0;0;1;POINT (13.50871 52.55017)
1;2019;10;2;2;3;0;7;2;0;0;0;0;0;1;0;POINT (13.38831 52.52006)
7;2019;10;13;2;3;5;2;0;0;1;0;0;0;0;1;POINT (13.40799 52.45249)
7;2019;9;16;6;2;5;2;0;0;1;0;1;0;0;1;POINT (13.37404 52.44507)
1;2019;9;14;6;3;2;6;0;0;1;0;0;0;0;1;POINT (13.40045 52.50991)
2;2019;10;12;2;3;2;2;0;0;1;0;0;0;1;1;POINT (13.37676 52.4914)
12;2019;10;11;2;3;5;2;0;0;1;0;0;0;1;1;POINT (13.29225 52.59059)
6;2019;9;14;6;3;5;2;0;1;1;0;0;0;0;1;POINT (13.34174 52.41594)
5;2019;10;10;2;2;5;3;0;0;1;0;0;1;0;1;POINT (13.15854 52.46262)
2;2019;9;12;6;3;3;6;0;1;0;0;0;0;1;1;POINT (13.39612 52.49138)
1;2019;10;20;1;3;5;2;0;0;1;0;0;0;1;0;POINT (13.38427 52.55605)
11;2019;10;14;1;3;2;2;0;0;1;0;0;0;0;0;POINT (13.52799 52.55684)
4;2019;9;12;6;3;0;4;0;0;0;1;1;0;0;1;POINT (13.33341 52.50218)
3;2019;10;17;1;3;5;3;0;0;0;0;1;0;1;0;POINT (13.41566 52.53166)
5;2019;9;9;6;3;0;1;0;0;0;0;1;0;0;1;POINT (13.20099 52.51218)
2;2019;10;20;1;2;5;2;2;0;1;0;1;0;0;0;POINT (13.41927 52.50128)
8;2019;9;9;6;3;0;1;0;0;0;0;1;0;0;1;POINT (13.42896 52.48777)
4;2019;10;20;1;3;5;2;2;0;1;0;0;0;0;0;POINT (13.30609 52.52329)
5;2019;9;12;6;2;0;6;0;0;0;0;1;0;0;1;POINT (13.21023 52.53847)
2;2019;10;19;1;3;5;7;2;0;1;0;1;0;0;0;POINT (13.41061 52.49845)
4;2019;10;19;1;3;2;7;2;0;1;0;0;0;0;0;POINT (13.30244 52.50983)
8;2019;9;11;6;3;6;4;0;0;1;1;0;0;0;0;POINT (13.42719 52.47521)
6;2019;9;11;6;3;0;1;0;1;0;0;0;0;0;1;POINT (13.25771 52.43445)
1;2019;10;16;1;3;4;2;0;1;0;0;0;0;0;0;POINT (13.41726 52.5159)
2;2019;10;18;1;3;2;6;2;0;1;0;0;0;1;0;POINT (13.3889 52.49874)
5;2019;9;10;6;2;5;2;0;1;1;0;0;0;0;1;POINT (13.18476 52.54751)
8;2019;10;16;1;3;5;3;0;1;1;0;0;0;0;0;POINT (13.4898 52.41993)
4;2019;9;10;6;3;6;7;0;0;1;1;0;0;0;0;POINT (13.3215 52.48419)
9;2019;10;18;1;3;1;5;2;1;1;0;0;0;0;0;POINT (13.60818 52.45499)
1;2019;10;15;1;2;4;6;0;1;0;0;0;0;1;0;POINT (13.39598 52.52832)
1;2019;9;10;6;3;2;6;0;0;1;0;0;0;0;1;POINT (13.34333 52.52938)
9;2019;10;15;1;3;5;3;0;1;0;0;1;0;0;0;POINT (13.51954 52.44278)
7;2019;9;1;6;3;5;3;2;0;1;0;0;0;0;0;POINT (13.3789 52.48062)
10;2019;10;15;1;3;2;6;0;0;1;0;0;0;0;0;POINT (13.59949 52.54731)
2;2019;9;15;6;3;5;2;0;0;1;0;0;0;0;1;POINT (13.37688 52.50192)
8;2019;10;15;1;3;6;4;0;0;1;1;0;0;0;0;POINT (13.42803 52.47564)
1;2019;10;8;1;3;2;2;0;0;1;0;0;0;1;0;POINT (13.35094 52.52436)
2;2019;9;11;6;3;5;3;0;0;1;0;0;0;0;0;POINT (13.40653 52.50255)
2;2019;10;9;1;3;2;6;0;0;1;0;0;0;0;0;POINT (13.44664 52.49856)
12;2019;9;16;5;3;5;2;0;1;1;0;0;0;0;1;POINT (13.31711 52.61485)
6;2019;10;14;1;3;0;1;0;0;0;0;1;0;0;0;POINT (13.3146 52.46509)
4;2019;9;21;5;3;5;2;2;1;1;0;0;0;0;1;POINT (13.33061 52.49316)
10;2019;10;14;1;3;2;2;0;0;1;0;0;0;0;0;POINT (13.56184 52.53503)
9;2019;9;17;5;3;0;1;1;0;0;0;1;0;0;1;POINT (13.54936 52.45671)
7;2019;10;13;1;3;5;2;0;1;0;0;0;0;1;0;POINT (13.36185 52.47468)
1;2019;10;13;1;3;5;3;0;1;0;0;0;0;1;0;POINT (13.39226 52.55483)
7;2019;9;15;5;3;4;6;0;0;1;0;1;0;0;1;POINT (13.37061 52.44458)
7;2019;9;12;5;3;0;1;0;0;1;0;1;0;0;1;POINT (13.40949 52.46405)
2;2019;10;10;1;3;1;7;0;1;1;0;0;0;0;0;POINT (13.38663 52.50096)
1;2019;10;13;1;3;6;4;0;0;1;1;0;0;0;0;POINT (13.34577 52.52502)
12;2019;9;7;5;3;3;2;0;0;1;0;0;0;0;1;POINT (13.32652 52.56252)
12;2019;10;13;1;2;5;3;0;0;1;0;0;0;0;0;POINT (13.32131 52.56834)
9;2019;9;13;5;3;5;2;0;1;0;0;0;0;1;1;POINT (13.58154 52.4407)
11;2019;10;10;1;3;6;2;0;0;1;1;0;0;0;0;POINT (13.51986 52.50595)
1;2019;10;10;1;3;5;2;0;1;0;0;0;1;0;0;POINT (13.34436 52.53835)
5;2019;9;19;5;3;2;2;0;0;1;0;0;0;0;0;POINT (13.14388 52.54624)
6;2019;10;12;1;3;5;3;0;1;1;0;0;0;0;0;POINT (13.26537 52.442)
12;2019;10;10;1;3;5;2;0;0;1;0;0;0;1;0;POINT (13.35581 52.58346)
7;2019;9;9;5;3;0;7;0;0;0;0;1;0;1;1;POINT (13.37793 52.40758)
1;2019;10;9;1;3;0;7;0;1;0;0;0;0;0;0;POINT (13.39416 52.50821)
2;2019;9;14;5;3;0;6;0;0;1;0;0;0;1;0;POINT (13.46812 52.50257)
8;2019;10;9;1;3;3;6;0;1;0;0;0;0;1;0;POINT (13.43178 52.49228)
2;2019;10;9;1;3;2;6;0;0;1;0;0;0;0;0;POINT (13.39664 52.49128)
12;2019;9;13;5;3;5;3;0;0;1;0;0;0;0;1;POINT (13.33045 52.56248)
4;2019;9;12;5;3;5;3;0;1;1;0;0;0;0;1;POINT (13.32628 52.53793)
3;2019;10;9;1;3;5;3;0;1;1;0;0;0;0;0;POINT (13.44225 52.54679)
11;2019;9;14;5;3;3;6;0;0;1;0;0;0;0;1;POINT (13.48974 52.51255)
7;2019;10;8;1;3;1;5;0;1;1;0;0;0;0;0;POINT (13.38055 52.48196)
2;2019;10;7;1;3;5;3;0;1;1;0;0;0;0;0;POINT (13.38015 52.49853)
5;2019;9;15;5;3;2;6;0;0;1;0;0;0;0;0;POINT (13.20693 52.52915)
1;2019;9;14;5;3;2;6;0;0;1;0;0;0;0;1;POINT (13.37712 52.54363)
9;2019;10;12;1;3;5;3;0;1;1;0;0;0;0;0;POINT (13.57825 52.45921)
1;2019;10;12;1;3;5;2;0;0;1;0;0;0;0;0;POINT (13.37418 52.55649)
10;2019;9;14;5;3;6;4;0;0;1;1;0;0;0;1;POINT (13.58908 52.5424)
5;2019;10;8;1;3;2;2;0;0;1;0;0;0;0;0;POINT (13.20003 52.54488)
1;2019;9;14;5;3;5;3;0;1;1;0;0;0;0;1;POINT (13.35083 52.5473)
4;2019;10;8;1;3;5;7;0;0;1;0;0;0;0;0;POINT (13.30435 52.50353)
9;2019;9;14;5;3;5;2;0;1;1;0;0;0;0;1;POINT (13.58628 52.45151)
12;2019;10;7;1;3;5;2;0;1;1;0;0;0;0;0;POINT (13.36454 52.56387)
5;2019;9;14;5;3;5;3;0;0;1;0;0;0;0;1;POINT (13.1949 52.54489)
7;2019;10;12;1;3;6;2;0;0;1;1;0;0;0;0;POINT (13.40973 52.38718)
12;2019;10;1;1;2;1;7;2;0;1;0;0;0;0;0;POINT (13.36354 52.57147)
6;2019;9;14;5;3;5;3;0;0;1;0;1;0;0;1;POINT (13.29957 52.42138)
4;2019;9;13;5;3;5;2;0;1;1;0;0;0;0;1;POINT (13.32345 52.49352)
5;2019;10;11;1;3;1;7;0;0;1;0;0;0;0;0;POINT (13.20174 52.54632)
3;2019;10;11;1;2;6;4;0;0;1;1;0;0;0;0;POINT (13.45744 52.52872)
4;2019;9;13;5;3;2;2;0;0;1;0;0;0;1;1;POINT (13.30792 52.48856)
1;2019;10;11;1;3;5;2;0;0;1;0;1;0;0;0;POINT (13.42513 52.50866)
2;2019;9;12;5;3;2;6;0;0;1;0;0;0;1;1;POINT (13.39505 52.49765)
9;2019;10;10;1;2;5;3;0;1;1;0;0;0;0;0;POINT (13.50835 52.46368)
2;2019;10;5;7;3;1;5;2;1;1;0;0;0;1;1;POINT (13.46659 52.50236)
7;2019;9;13;5;3;1;6;0;1;1;0;0;0;0;1;POINT (13.39407 52.39764)
10;2019;10;14;7;3;5;3;0;1;1;0;0;0;0;0;POINT (13.57286 52.55007)
8;2019;9;12;5;3;1;5;0;1;1;0;0;0;0;1;POINT (13.43507 52.4841)
1;2019;10;19;7;3;5;2;2;0;1;0;0;0;0;0;POINT (13.38656 52.54942)
1;2019;9;12;5;3;5;2;0;1;1;0;0;0;0;1;POINT (13.40459 52.50892)
7;2019;9;12;5;2;6;4;0;0;1;1;0;0;0;1;POINT (13.38208 52.39856)
1;2019;10;18;7;2;6;4;1;0;1;1;0;0;0;0;POINT (13.34181 52.53218)
5;2019;10;18;7;3;2;6;1;0;1;0;0;0;0;0;POINT (13.21003 52.54837)
1;2019;9;11;5;3;5;2;0;1;1;0;0;0;0;1;POINT (13.34793 52.55615)
11;2019;10;21;7;3;2;2;2;0;1;0;1;0;0;0;POINT (13.49044 52.49347)
1;2019;9;21;5;2;6;4;2;0;1;1;0;0;0;0;POINT (13.38423 52.50993)
1;2019;10;16;7;3;2;6;0;0;1;0;0;0;0;0;POINT (13.38257 52.55617)
7;2019;9;18;5;3;5;3;1;1;1;0;0;0;0;1;POINT (13.34943 52.49952)
8;2019;10;14;7;3;2;6;0;0;1;0;0;0;0;0;POINT (13.43642 52.42388)
9;2019;9;18;5;3;8;1;1;0;1;0;0;0;0;1;POINT (13.46318 52.45454)
12;2019;10;14;7;3;2;2;0;1;1;0;0;0;0;0;POINT (13.28526 52.63663)
7;2019;10;14;7;3;2;6;0;0;1;0;0;0;0;0;POINT (13.38577 52.48432)
1;2019;9;19;5;3;0;1;2;0;0;0;0;0;1;1;POINT (13.38902 52.51875)
11;2019;9;18;5;3;5;3;1;0;1;0;0;0;0;1;POINT (13.49323 52.51442)
8;2019;10;14;7;3;5;3;0;1;1;0;0;0;0;0;POINT (13.44305 52.48231)
4;2019;9;18;5;3;8;1;1;0;1;0;0;0;0;1;POINT (13.27821 52.52643)
1;2019;10;13;7;3;6;4;0;0;1;1;0;0;0;0;POINT (13.37334 52.5569)
1;2019;9;17;5;3;1;5;0;1;1;0;0;0;0;1;POINT (13.32808 52.52744)
2;2019;10;13;7;3;2;2;0;1;1;0;0;0;0;0;POINT (13.4409 52.50478)
7;2019;9;16;5;3;5;3;0;0;1;0;0;0;0;1;POINT (13.3962 52.39699)
12;2019;10;13;7;3;5;2;0;0;1;0;0;0;0;0;POINT (13.31414 52.57671)
6;2019;10;13;7;3;5;3;0;1;1;0;0;0;0;0;POINT (13.22667 52.43974)
4;2019;9;17;5;3;4;6;0;0;1;0;1;0;0;1;POINT (13.29031 52.50301)
5;2019;10;12;7;3;5;2;0;1;1;0;0;0;0;0;POINT (13.16187 52.54638)
7;2019;9;16;5;3;2;6;0;0;1;0;1;0;0;1;POINT (13.41001 52.39895)
7;2019;10;11;7;3;6;4;0;0;0;1;0;0;1;0;POINT (13.34822 52.50239)
11;2019;9;16;5;3;6;4;0;0;1;1;0;0;0;1;POINT (13.52496 52.48014)
2;2019;10;9;7;3;5;3;0;1;1;0;0;0;0;0;POINT (13.43093 52.5128)
1;2019;9;16;5;3;2;6;0;0;1;0;0;0;0;1;POINT (13.39408 52.54085)
8;2019;10;1;7;2;1;5;2;0;1;0;0;0;1;0;POINT (13.44665 52.44029)
8;2019;9;16;5;3;3;6;0;0;1;0;1;0;0;1;POINT (13.42051 52.45216)
4;2019;9;15;5;3;5;3;0;0;1;0;0;0;1;1;POINT (13.27881 52.47769)
12;2019;10;0;7;2;5;2;2;0;1;0;1;0;0;1;POINT (13.292 52.59058)
4;2019;9;15;5;3;6;4;0;0;1;1;0;0;0;1;POINT (13.30619 52.52667)
12;2019;10;13;6;3;2;6;0;0;1;0;0;0;0;0;POINT (13.31227 52.56792)
12;2019;10;16;6;3;8;1;0;0;1;0;0;0;0;0;POINT (13.33471 52.60334)
3;2019;9;11;5;3;0;1;0;1;1;1;0;0;0;1;POINT (13.43833 52.55517)
10;2019;9;9;5;3;5;2;0;1;1;0;0;0;0;1;POINT (13.61262 52.50759)
2;2019;10;16;6;3;5;3;0;1;1;0;0;0;0;0;POINT (13.41117 52.50351)
5;2019;9;10;5;3;2;6;0;0;1;0;0;0;1;1;POINT (13.18498 52.54754)
1;2019;10;14;6;3;0;1;0;1;0;0;0;0;0;0;POINT (13.38096 52.51637)
9;2019;9;10;5;3;5;3;0;1;1;0;0;0;0;1;POINT (13.54998 52.43636)
7;2019;10;20;6;3;6;7;2;1;0;1;0;0;0;1;POINT (13.34115 52.50252)
1;2019;9;10;5;3;5;2;0;1;1;0;0;0;0;1;POINT (13.35121 52.5043)
7;2019;10;19;6;3;5;2;2;0;1;0;0;0;0;0;POINT (13.39005 52.43435)
4;2019;10;18;6;3;2;6;1;0;1;0;0;0;0;1;POINT (13.30591 52.52348)
9;2019;10;18;6;3;9;1;0;0;0;0;1;0;0;0;POINT (13.5668 52.45516)
4;2019;9;10;5;3;6;4;0;0;1;1;0;0;0;1;POINT (13.30155 52.49447)
3;2019;10;17;6;3;0;7;0;0;1;0;0;0;1;0;POINT (13.44775 52.55322)
4;2019;9;9;5;2;5;3;0;0;1;0;0;0;0;1;POINT (13.28147 52.51146)
4;2019;10;14;6;3;6;2;0;0;1;1;0;0;0;0;POINT (13.3376 52.5036)
12;2019;9;9;5;3;5;3;0;1;1;0;0;0;0;1;POINT (13.35926 52.57425)
4;2019;10;12;6;3;3;6;0;0;1;0;1;0;0;0;POINT (13.30719 52.50662)
5;2019;10;12;6;3;6;4;0;0;1;1;0;0;0;0;POINT (13.22732 52.54676)
9;2019;9;9;5;2;5;2;0;0;1;0;0;0;0;1;POINT (13.55067 52.42903)
3;2019;9;9;5;3;0;5;0;1;0;0;0;1;0;1;POINT (13.41943 52.54762)
7;2019;10;11;6;3;2;2;0;0;1;0;0;0;0;0;POINT (13.36131 52.41259)
3;2019;10;11;6;3;5;3;0;0;1;0;0;0;0;1;POINT (13.45878 52.55028)
1;2019;9;9;5;3;3;6;0;0;1;0;0;0;0;1;POINT (13.35106 52.50412)
6;2019;10;7;6;3;5;2;1;0;1;0;0;0;0;1;POINT (13.32847 52.46025)
5;2019;9;8;5;3;5;2;0;1;1;0;0;0;0;1;POINT (13.20839 52.56204)
6;2019;10;6;6;3;5;3;2;0;1;0;0;0;0;1;POINT (13.27067 52.45106)
4;2019;10;5;6;3;2;6;2;0;1;0;0;0;0;1;POINT (13.31557 52.48936)
1;2019;10;4;6;3;5;2;2;0;1;0;0;0;0;1;POINT (13.4181 52.51548)
9;2019;9;8;5;3;2;6;0;0;1;0;0;0;0;1;POINT (13.54703 52.43145)
4;2019;10;19;6;3;1;5;2;1;1;0;0;0;0;1;POINT (13.31405 52.5073)
8;2019;9;8;5;3;5;2;0;1;1;0;0;0;0;1;POINT (13.45583 52.47381)
10;2019;10;10;5;3;6;4;0;0;1;1;0;0;0;0;POINT (13.54901 52.54345)
11;2019;10;19;5;3;6;2;2;0;1;1;0;0;0;1;POINT (13.49809 52.5097)
9;2019;9;8;5;3;2;6;0;0;1;0;0;1;0;1;POINT (13.56203 52.43738)
1;2019;10;22;5;3;5;2;2;0;1;0;0;0;0;1;POINT (13.38416 52.55591)
1;2019;9;9;5;3;2;6;0;1;0;0;0;0;0;1;POINT (13.38093 52.51619)
6;2019;10;21;5;3;6;2;2;0;1;1;0;0;0;1;POINT (13.31359 52.43531)
1;2019;9;7;5;3;5;7;0;0;1;0;1;0;0;1;POINT (13.35005 52.53224)
5;2019;10;21;5;3;2;6;2;0;1;0;0;0;0;1;POINT (13.20783 52.53883)
6;2019;10;10;5;3;2;7;0;0;1;0;1;0;0;0;POINT (13.25172 52.44884)
1;2019;9;0;5;3;1;5;2;0;1;0;0;0;0;0;POINT (13.38028 52.54608)
4;2019;9;8;5;2;0;7;0;0;1;0;0;1;0;1;POINT (13.29106 52.54824)
5;2019;10;20;5;3;6;7;2;0;1;1;0;0;0;1;POINT (13.21004 52.54899)
7;2019;10;19;5;3;6;2;2;0;1;1;0;0;0;1;POINT (13.34621 52.49727)
10;2019;9;12;5;2;0;1;0;0;0;0;1;0;0;1;POINT (13.59886 52.47567)
5;2019;10;19;5;3;5;3;2;0;1;0;0;0;0;1;POINT (13.19781 52.51938)
2;2019;9;8;5;3;6;4;0;1;0;1;0;0;0;1;POINT (13.4119 52.49141)
1;2019;10;17;5;3;0;1;0;0;0;0;1;0;0;1;POINT (13.38998 52.53535)
7;2019;9;7;5;3;0;4;0;1;0;1;0;0;0;1;POINT (13.38512 52.44807)
1;2019;10;18;5;3;5;7;0;0;1;0;1;0;0;1;POINT (13.38302 52.51228)
6;2019;9;18;4;3;5;2;0;0;1;0;0;0;0;0;POINT (13.23003 52.43086)
4;2019;10;17;5;3;5;3;1;0;1;0;0;0;0;1;POINT (13.27257 52.53922)
5;2019;10;16;5;3;2;6;0;0;1;0;0;0;0;1;POINT (13.20684 52.52919)
2;2019;9;21;4;3;5;2;2;1;0;0;0;0;1;0;POINT (13.41881 52.50061)
4;2019;9;11;4;3;9;1;0;0;1;0;0;0;0;0;POINT (13.20219 52.49321)
2;2019;10;16;5;3;5;3;0;1;1;0;0;0;0;1;POINT (13.42683 52.50154)
4;2019;9;11;4;3;2;6;0;0;1;0;0;0;0;0;POINT (13.30313 52.50548)
3;2019;10;15;5;3;0;5;0;1;1;0;0;0;0;0;POINT (13.43217 52.60441)
6;2019;9;13;4;2;5;5;0;0;1;0;1;0;0;0;POINT (13.34001 52.4116)
1;2019;10;14;5;3;0;1;0;0;0;0;1;0;0;1;POINT (13.39209 52.53672)
4;2019;9;12;4;2;0;7;0;0;1;0;0;0;1;0;POINT (13.31033 52.47899)
3;2019;10;14;5;3;5;2;0;0;1;0;0;0;0;1;POINT (13.42912 52.55634)
5;2019;9;12;4;2;5;2;0;1;1;0;0;0;0;0;POINT (13.12993 52.46416)
7;2019;10;12;5;3;5;2;0;0;1;0;1;0;0;0;POINT (13.37819 52.45621)
2;2019;10;10;5;3;2;2;0;0;1;0;0;0;0;0;POINT (13.44206 52.50102)
5;2019;9;12;4;2;6;4;0;0;0;1;1;0;0;0;POINT (13.20602 52.53524)
12;2019;10;14;5;3;2;6;0;0;1;0;0;0;0;1;POINT (13.33093 52.56231)
1;2019;9;10;4;3;5;3;0;0;1;0;0;0;1;0;POINT (13.38751 52.54898)
6;2019;10;13;5;3;2;6;0;0;1;0;0;0;0;1;POINT (13.32947 52.45388)
7;2019;10;5;5;2;5;2;2;1;1;0;0;0;0;0;POINT (13.37798 52.46863)
1;2019;9;10;4;3;2;6;0;0;1;0;0;0;0;0;POINT (13.37518 52.53687)
8;2019;10;0;5;3;5;2;2;1;1;0;0;0;0;0;POINT (13.43768 52.48124)
3;2019;9;8;4;3;1;5;0;1;1;0;0;0;0;0;POINT (13.40589 52.54587)
4;2019;10;0;5;3;5;3;2;0;1;0;0;0;0;0;POINT (13.30643 52.51758)
7;2019;9;8;4;3;1;5;0;1;0;0;0;0;1;0;POINT (13.3528 52.48988)
2;2019;10;17;4;3;6;7;0;0;0;1;0;0;1;0;POINT (13.42277 52.4958)
6;2019;9;8;4;3;5;3;0;1;1;0;0;0;0;0;POINT (13.25596 52.4359)
3;2019;10;14;4;3;5;3;0;0;1;0;0;0;0;1;POINT (13.45325 52.54774)
9;2019;10;13;4;2;5;3;0;0;1;0;0;0;0;1;POINT (13.50359 52.46072)
6;2019;9;7;4;3;5;3;0;0;1;0;0;0;0;0;POINT (13.34034 52.4161)
5;2019;9;7;4;3;4;6;0;1;0;0;0;0;0;0;POINT (13.20062 52.54923)
5;2019;10;11;4;2;4;6;0;0;1;0;0;0;0;1;POINT (13.23623 52.55009)
2;2019;9;7;4;2;5;3;0;1;1;0;0;0;0;0;POINT (13.39584 52.49902)
8;2019;10;11;4;3;5;3;0;0;1;0;0;0;0;1;POINT (13.4528 52.44535)
3;2019;9;16;4;3;6;7;0;1;0;1;0;0;0;0;POINT (13.43352 52.53348)
1;2019;10;10;4;2;0;7;0;0;1;0;0;0;0;1;POINT (13.40345 52.52988)
11;2019;9;16;4;3;5;3;0;0;1;0;1;0;0;0;POINT (13.50485 52.54647)
8;2019;10;23;4;3;5;3;2;0;1;0;0;0;0;0;POINT (13.43604 52.48901)
1;2019;10;10;4;3;0;1;0;0;0;0;1;0;0;1;POINT (13.38989 52.53527)
3;2019;9;18;4;3;5;3;1;1;1;0;0;0;0;0;POINT (13.44586 52.54477)
1;2019;10;9;4;3;0;1;0;0;0;0;1;0;0;1;POINT (13.37859 52.52926)
9;2019;9;18;4;3;5;3;2;1;1;0;0;0;0;0;POINT (13.58094 52.41699)
2;2019;10;4;4;2;6;2;2;0;1;1;0;0;0;1;POINT (13.38605 52.50648)
4;2019;9;16;4;3;5;2;0;0;1;0;0;0;0;0;POINT (13.28773 52.49614)
8;2019;10;19;4;3;5;3;2;0;1;0;0;0;1;0;POINT (13.43193 52.46645)
3;2019;9;16;4;3;2;6;0;0;1;0;0;0;0;0;POINT (13.45036 52.61919)
1;2019;10;16;4;3;1;5;0;1;1;0;0;0;0;1;POINT (13.32777 52.52748)
4;2019;10;14;4;3;2;6;0;0;1;0;0;0;0;1;POINT (13.28381 52.51869)
1;2019;9;16;4;3;5;2;0;1;1;0;0;0;0;0;POINT (13.38991 52.5103)
11;2019;10;14;4;3;1;1;0;0;1;0;0;0;0;1;POINT (13.54094 52.56895)
12;2019;9;18;4;3;6;6;1;0;1;1;0;0;0;0;POINT (13.21546 52.59835)
2;2019;10;18;4;2;5;3;2;0;1;0;0;0;1;0;POINT (13.40523 52.50518)
8;2019;9;18;4;3;5;2;0;1;0;0;0;0;1;0;POINT (13.43364 52.44534)
1;2019;10;18;3;2;6;4;1;0;1;1;0;0;0;1;POINT (13.37586 52.51776)
3;2019;9;15;4;3;3;6;0;1;1;0;0;0;0;0;POINT (13.42586 52.5432)
9;2019;10;7;3;3;6;2;0;0;1;1;0;0;0;1;POINT (13.57448 52.45282)
6;2019;10;7;3;3;0;1;2;0;0;0;1;0;0;1;POINT (13.29942 52.45452)
11;2019;9;14;4;3;0;6;0;0;1;0;0;0;1;0;POINT (13.49972 52.53433)
4;2019;9;14;4;3;6;4;0;0;1;1;0;0;0;0;POINT (13.33321 52.48761)
8;2019;10;7;3;3;6;4;2;0;1;1;0;0;0;1;POINT (13.44878 52.47845)
6;2019;10;7;3;3;3;6;0;1;0;0;0;0;1;0;POINT (13.31477 52.46397)
7;2019;9;14;4;3;5;7;0;0;1;0;1;0;0;0;POINT (13.34371 52.48887)
3;2019;10;18;3;3;5;7;0;0;1;0;1;0;0;0;POINT (13.42913 52.56161)
1;2019;9;14;4;3;2;7;0;0;1;0;0;0;0;0;POINT (13.3561 52.55534)
1;2019;10;17;3;2;5;2;0;0;1;0;1;0;0;0;POINT (13.33794 52.51375)
5;2019;10;17;3;3;2;6;0;0;1;0;0;0;0;1;POINT (13.23602 52.54191)
7;2019;9;18;4;3;2;6;1;0;1;0;0;0;0;0;POINT (13.34275 52.50213)
8;2019;10;16;3;3;6;2;0;0;1;1;0;0;0;0;POINT (13.45462 52.47466)
1;2019;10;16;3;3;0;1;0;0;0;0;0;0;1;1;POINT (13.31905 52.53113)
1;2019;9;17;4;2;3;6;0;0;1;0;1;0;0;0;POINT (13.37124 52.50493)
8;2019;10;16;3;3;1;5;0;1;1;0;0;0;0;1;POINT (13.44361 52.47064)
2;2019;9;14;4;3;3;6;0;0;1;0;1;0;0;0;POINT (13.37638 52.49157)
6;2019;10;16;3;3;0;2;0;1;0;0;0;0;1;0;POINT (13.30409 52.42656)
7;2019;10;23;3;2;5;7;2;0;1;0;1;0;0;0;POINT (13.32857 52.47365)
12;2019;9;18;4;3;5;2;0;1;1;0;0;0;0;0;POINT (13.3252 52.59409)
8;2019;10;16;3;3;5;3;0;1;0;0;1;0;0;0;POINT (13.43345 52.48939)
7;2019;9;13;4;3;6;2;0;0;1;1;0;0;0;0;POINT (13.34592 52.49891)
1;2019;10;22;3;3;0;7;2;0;0;1;0;0;1;0;POINT (13.41945 52.51226)
1;2019;9;17;4;3;5;7;0;0;1;0;0;0;0;0;POINT (13.38542 52.53121)
12;2019;10;15;3;3;5;3;0;0;1;0;0;0;1;0;POINT (13.3305 52.57115)
1;2019;10;15;3;3;2;6;0;0;1;0;0;0;0;0;POINT (13.33867 52.54326)
4;2019;9;17;4;3;1;5;0;0;1;0;1;0;0;0;POINT (13.30884 52.51679)
1;2019;9;13;4;3;2;2;0;1;1;0;0;0;0;0;POINT (13.34584 52.54479)
1;2019;10;22;3;3;1;5;2;1;1;0;0;0;0;0;POINT (13.36133 52.54467)
12;2019;10;21;3;3;5;2;2;0;1;0;0;0;0;0;POINT (13.32191 52.56053)
4;2019;9;17;4;3;2;6;0;0;1;0;0;0;0;0;POINT (13.28984 52.4707)
3;2019;10;13;3;2;6;4;0;0;1;1;0;0;0;1;POINT (13.46567 52.55744)