bez;ujahr;umonat;ustunde;uwochentag;ukategorie;uart;utyp1;ulichtverh;istrad;istpkw;istfuss;istkrad;istgkfz;istsonstige;ustrzustand;geometry
8;2019;9;17;4;3;5;3;0;0;1;0;0;0;0;1;POINT (13.43744 52.46363)
1;2019;10;13;3;3;2;6;0;0;1;0;0;0;1;0;POINT (13.40435 52.50778)
3;2019;10;13;3;3;2;6;0;0;1;0;0;1;0;0;POINT (13.38215 52.57344)
9;2019;9;0;4;3;1;1;2;0;1;0;0;0;0;1;POINT (13.54183 52.40356)
7;2019;10;12;3;2;4;6;0;0;1;0;0;0;0;0;POINT (13.40964 52.46406)
8;2019;10;20;3;3;6;2;2;0;1;1;0;0;0;0;POINT (13.42897 52.48418)
2;2019;9;7;4;3;0;1;0;1;0;0;0;0;0;1;POINT (13.40962 52.50403)
6;2019;10;12;3;3;6;2;0;0;1;1;0;0;0;1;POINT (13.32989 52.45814)
9;2019;9;8;4;2;0;1;0;0;0;0;1;0;0;1;POINT (13.68344 52.44361)
3;2019;10;20;3;3;5;3;2;1;1;0;0;0;0;0;POINT (13.42772 52.56058)
8;2019;10;11;3;2;5;3;0;0;1;0;0;0;0;1;POINT (13.45874 52.44031)
2;2019;9;1;4;2;0;1;2;1;0;0;0;0;0;1;POINT (13.42175 52.49904)
3;2019;9;8;4;3;6;4;0;0;0;1;1;0;0;0;POINT (13.37887 52.5761)
3;2019;10;11;3;3;5;3;0;0;1;0;0;0;0;1;POINT (13.39719 52.58681)
1;2019;10;18;3;3;2;6;2;1;1;0;0;0;0;0;POINT (13.37717 52.52219)
7;2019;9;19;3;3;2;6;1;0;1;0;0;0;0;0;POINT (13.39299 52.41273)
1;2019;10;10;3;3;2;6;0;0;1;0;0;0;0;1;POINT (13.32838 52.53355)
2;2019;9;10;3;3;0;3;0;1;0;0;0;0;0;0;POINT (13.45151 52.51079)
1;2019;9;12;3;3;0;1;0;1;0;0;0;0;0;1;POINT (13.40567 52.51412)
1;2019;10;8;3;3;5;2;0;1;1;0;0;0;0;1;POINT (13.37958 52.54554)
7;2019;10;10;3;3;2;6;0;0;1;0;0;0;0;1;POINT (13.34602 52.49626)
2;2019;9;9;3;3;5;3;0;1;1;0;0;0;0;1;POINT (13.39441 52.5069)
1;2019;10;8;3;3;5;2;0;1;1;0;0;0;0;1;POINT (13.38664 52.5119)
3;2019;9;16;3;3;5;3;0;0;1;0;0;0;0;1;POINT (13.44553 52.56507)
7;2019;10;10;3;3;5;2;0;0;1;0;0;0;0;1;POINT (13.39005 52.43435)
4;2019;9;23;3;3;5;7;2;1;1;0;0;0;0;0;POINT (13.31514 52.49892)
11;2019;10;10;3;2;2;1;0;0;1;0;0;0;1;1;POINT (13.48527 52.53351)
1;2019;9;21;3;3;0;6;2;1;0;1;0;0;0;1;POINT (13.3917 52.52717)
2;2019;10;8;3;3;0;2;0;1;1;0;0;0;0;1;POINT (13.40134 52.49299)
3;2019;9;21;3;3;0;7;2;0;0;0;0;0;1;1;POINT (13.41428 52.57215)
2;2019;10;8;3;2;5;2;0;0;1;0;1;0;0;1;POINT (13.42628 52.5159)
11;2019;9;20;3;3;5;2;2;0;1;0;0;0;0;1;POINT (13.52815 52.55697)
11;2019;10;10;3;2;0;1;0;1;0;0;0;0;0;1;POINT (13.48742 52.52663)
1;2019;9;20;3;3;6;4;2;0;1;1;0;0;0;1;POINT (13.35879 52.55378)
8;2019;10;6;3;3;8;1;2;0;1;0;0;0;0;1;POINT (13.45247 52.45258)
6;2019;10;9;3;3;0;1;0;0;0;0;1;0;0;1;POINT (13.31447 52.46507)
1;2019;9;20;3;3;0;7;2;1;1;0;0;0;0;0;POINT (13.35759 52.54106)
9;2019;10;9;3;3;2;4;0;0;1;1;0;0;0;1;POINT (13.48723 52.46571)
10;2019;9;19;3;3;0;3;2;0;1;0;1;0;0;1;POINT (13.53978 52.54008)
4;2019;10;9;3;2;6;4;0;0;1;1;0;0;0;1;POINT (13.28052 52.5185)
10;2019;10;16;3;3;2;6;0;0;1;0;0;0;1;0;POINT (13.60428 52.5402)
1;2019;9;19;3;2;6;4;2;0;0;1;0;0;1;0;POINT (13.37304 52.52758)
9;2019;10;20;2;3;1;1;2;1;1;0;0;0;0;1;POINT (13.57864 52.44384)
2;2019;9;19;3;3;5;2;2;1;1;0;0;0;0;1;POINT (13.422 52.48699)
8;2019;10;19;2;3;6;4;2;0;1;1;0;0;0;1;POINT (13.44791 52.47776)
10;2019;9;19;3;3;5;3;2;1;1;0;0;0;0;1;POINT (13.60615 52.52463)
11;2019;10;20;2;3;5;2;2;1;1;0;0;0;0;1;POINT (13.48076 52.49912)
7;2019;9;19;3;3;5;2;2;1;1;0;0;0;0;1;POINT (13.32202 52.47354)
7;2019;10;19;2;3;5;3;2;0;1;0;0;0;0;1;POINT (13.34755 52.48709)
5;2019;10;18;2;3;5;2;0;0;1;0;0;0;0;0;POINT (13.19964 52.53462)
1;2019;9;14;3;3;0;6;0;0;1;0;0;0;1;0;POINT (13.38332 52.51142)
1;2019;9;18;3;3;1;1;1;0;1;0;0;0;0;1;POINT (13.36338 52.55656)
3;2019;10;15;2;3;5;2;0;1;1;0;0;0;0;0;POINT (13.41192 52.54104)
12;2019;9;17;3;2;5;3;0;0;1;0;0;0;1;1;POINT (13.33213 52.56178)
11;2019;10;21;2;3;6;7;2;1;0;1;0;0;0;1;POINT (13.52423 52.55423)
2;2019;9;17;3;3;5;3;0;1;1;0;0;0;0;1;POINT (13.46331 52.50828)
8;2019;10;11;2;3;6;7;0;0;1;1;0;0;0;1;POINT (13.43556 52.4809)
1;2019;10;17;2;3;5;3;0;0;1;0;0;0;1;1;POINT (13.36579 52.55714)
2;2019;9;17;3;3;5;3;0;1;1;0;0;0;0;1;POINT (13.39615 52.49838)
1;2019;9;17;3;3;5;3;0;1;1;0;0;0;0;1;POINT (13.40439 52.5331)
6;2019;10;17;2;3;5;3;1;1;1;0;0;0;0;1;POINT (13.33714 52.44561)
1;2019;10;16;2;3;5;3;0;0;1;0;0;0;1;0;POINT (13.34827 52.50682)
7;2019;9;17;3;3;5;3;0;1;1;0;0;0;0;1;POINT (13.32868 52.47293)
1;2019;10;15;2;3;6;7;0;0;0;1;0;0;1;1;POINT (13.39293 52.54878)
6;2019;9;16;3;3;5;3;0;1;1;0;0;0;0;1;POINT (13.22915 52.42643)
7;2019;10;16;2;3;5;2;0;0;1;0;1;0;0;1;POINT (13.34592 52.49886)
6;2019;10;15;2;3;0;3;0;1;1;0;0;0;0;1;POINT (13.21762 52.4344)
2;2019;9;20;3;2;0;1;2;0;0;0;1;0;0;1;POINT (13.4174 52.49902)
4;2019;10;15;2;3;0;1;0;0;1;0;0;0;1;1;POINT (13.29971 52.50047)
5;2019;9;16;3;3;6;4;0;0;1;1;0;0;0;1;POINT (13.15398 52.54926)
5;2019;10;15;2;3;0;7;0;0;0;0;1;0;0;1;POINT (13.20648 52.54326)
4;2019;9;16;3;3;0;6;0;0;1;0;1;0;0;1;POINT (13.32354 52.49332)
4;2019;10;15;2;2;5;2;0;0;1;0;0;0;0;1;POINT (13.29742 52.52647)
1;2019;9;18;3;3;0;7;1;0;0;0;1;0;0;1;POINT (13.38043 52.55603)
4;2019;10;15;2;3;2;6;0;1;1;0;0;0;0;0;POINT (13.32916 52.50936)
2;2019;10;14;2;2;3;6;0;0;1;0;0;1;0;1;POINT (13.44948 52.52679)
5;2019;9;16;3;3;4;1;0;0;1;0;0;0;0;1;POINT (13.23622 52.55011)
1;2019;9;8;3;3;5;2;0;1;1;0;0;0;0;0;POINT (13.33976 52.51889)
2;2019;10;14;2;3;3;6;0;1;1;0;0;0;0;1;POINT (13.45119 52.52662)
1;2019;10;14;2;3;2;6;0;0;1;0;0;0;1;1;POINT (13.3587 52.55373)
1;2019;9;8;3;3;2;6;0;1;1;0;0;0;0;1;POINT (13.39159 52.51211)
5;2019;10;14;2;3;5;3;0;1;1;0;0;0;0;1;POINT (13.20471 52.54431)
2;2019;9;16;3;3;8;1;0;0;1;1;0;0;0;1;POINT (13.43192 52.50569)
2;2019;10;14;2;3;2;3;0;0;1;0;0;0;0;1;POINT (13.42396 52.51329)
11;2019;9;16;3;3;5;3;0;1;1;0;0;0;0;1;POINT (13.48654 52.55206)
4;2019;10;14;2;3;5;2;0;1;1;0;0;0;0;1;POINT (13.33161 52.51334)
6;2019;9;16;3;3;0;6;0;0;0;0;1;0;0;1;POINT (13.34962 52.44946)
4;2019;10;14;2;3;6;4;0;1;0;1;0;0;0;1;POINT (13.31668 52.50051)
7;2019;9;15;3;3;5;3;1;0;1;0;0;0;0;1;POINT (13.37207 52.4556)
7;2019;10;13;2;3;2;6;0;0;1;0;1;0;0;1;POINT (13.38859 52.43916)
5;2019;9;15;3;3;2;6;0;0;1;0;0;0;0;1;POINT (13.19729 52.56089)
4;2019;10;13;2;3;2;6;0;0;1;0;0;0;0;1;POINT (13.32041 52.506)
4;2019;10;12;2;3;2;6;0;0;1;0;0;0;0;1;POINT (13.3012 52.4947)
6;2019;9;12;3;3;2;6;0;0;1;0;0;0;1;1;POINT (13.35072 52.43397)
1;2019;10;12;2;3;5;3;0;1;0;0;0;0;1;1;POINT (13.36976 52.55974)
1;2019;9;15;3;3;2;6;0;0;1;0;1;0;0;1;POINT (13.3798 52.55639)
12;2019;10;11;2;3;2;3;0;0;1;0;0;0;1;1;POINT (13.33543 52.59567)
2;2019;9;12;3;3;5;3;0;1;1;0;0;0;0;1;POINT (13.43419 52.52332)
9;2019;10;11;2;3;2;6;0;0;1;0;0;0;0;1;POINT (13.61821 52.45543)
10;2019;9;12;3;3;0;1;0;0;0;0;1;0;0;1;POINT (13.5907 52.51425)
3;2019;10;11;2;3;6;4;0;0;1;1;0;0;0;1;POINT (13.42187 52.56271)
4;2019;10;8;2;2;5;7;0;0;1;0;0;0;0;1;POINT (13.29994 52.51839)
7;2019;9;11;3;3;1;5;0;0;1;0;0;0;0;1;POINT (13.3532 52.41669)
3;2019;9;11;3;3;6;4;0;0;1;1;0;0;0;1;POINT (13.43235 52.5353)
3;2019;10;7;2;3;2;6;0;0;1;0;0;0;1;1;POINT (13.48082 52.56649)
9;2019;10;7;2;2;6;4;0;0;1;1;0;0;0;1;POINT (13.44142 52.49071)
4;2019;9;11;3;3;0;5;0;1;1;0;0;0;0;0;POINT (13.28499 52.49241)
11;2019;10;11;2;3;5;2;0;0;1;0;0;0;1;1;POINT (13.48681 52.55222)
6;2019;9;10;3;3;2;2;0;0;1;0;0;0;0;1;POINT (13.34771 52.43529)
3;2019;10;10;2;3;0;2;0;1;1;0;0;0;0;1;POINT (13.39033 52.61857)
9;2019;10;7;2;3;5;3;0;1;1;0;0;0;0;1;POINT (13.6187 52.45528)
7;2019;9;10;3;3;2;2;0;0;1;0;0;0;0;1;POINT (13.38559 52.4661)
2;2019;10;10;2;3;6;2;0;0;1;1;0;0;0;1;POINT (13.39554 52.49834)
1;2019;10;5;2;3;2;6;2;0;1;0;0;1;0;1;POINT (13.32998 52.52721)
4;2019;9;10;3;3;6;4;0;1;0;1;0;0;0;1;POINT (13.28924 52.51896)
4;2019;10;9;2;3;5;3;0;1;1;0;0;0;0;1;POINT (13.32185 52.49307)
2;2019;10;0;2;3;1;6;2;0;1;0;0;1;1;0;POINT (13.40245 52.4983)
6;2019;9;15;3;2;5;3;0;0;1;0;0;1;0;1;POINT (13.31331 52.42298)
3;2019;10;9;2;3;5;3;0;1;0;0;0;0;0;1;POINT (13.43056 52.5518)
1;2019;9;10;3;3;2;6;0;0;1;0;0;0;0;1;POINT (13.38929 52.55015)
11;2019;9;9;1;3;2;6;0;0;1;0;0;0;0;1;POINT (13.51232 52.56804)
8;2019;9;10;3;3;5;3;0;0;1;0;0;0;0;1;POINT (13.4447 52.42631)
1;2019;9;16;1;2;1;5;0;0;1;0;1;0;0;1;POINT (13.38072 52.52833)
1;2019;9;15;3;3;0;3;0;0;0;0;1;0;1;1;POINT (13.36929 52.54619)
10;2019;9;15;1;3;5;2;0;0;1;0;0;0;0;0;POINT (13.53959 52.5398)
6;2019;9;19;1;3;2;6;1;0;1;0;0;0;0;1;POINT (13.34734 52.44993)
9;2019;9;14;3;3;5;3;0;1;1;0;0;0;0;1;POINT (13.52662 52.44543)
1;2019;9;9;3;3;2;6;0;0;1;0;0;0;0;1;POINT (13.36599 52.55715)
6;2019;9;19;1;3;5;3;2;1;1;0;0;0;0;1;POINT (13.30324 52.40885)
10;2019;9;17;1;3;5;2;0;1;1;0;0;0;0;0;POINT (13.62676 52.52998)
4;2019;9;14;3;3;3;6;0;0;1;0;0;0;0;1;POINT (13.27369 52.50837)
4;2019;9;18;1;3;2;6;0;0;1;0;0;0;0;1;POINT (13.29979 52.48743)
12;2019;9;14;3;3;0;7;0;0;0;0;1;0;0;1;POINT (13.2666 52.59808)
1;2019;9;17;1;3;5;3;2;0;1;0;0;0;0;0;POINT (13.39415 52.51149)
10;2019;9;13;3;3;6;2;0;0;1;1;0;0;0;0;POINT (13.60475 52.53655)
4;2019;9;14;1;3;5;7;0;0;1;0;0;0;0;1;POINT (13.30842 52.48765)
4;2019;9;12;3;3;4;6;0;0;1;0;0;0;0;0;POINT (13.31994 52.47884)
4;2019;10;18;3;3;0;4;1;1;0;1;0;0;0;1;POINT (13.31357 52.50427)
1;2019;10;18;3;3;0;3;1;1;1;0;0;0;0;1;POINT (13.34929 52.5085)
9;2019;10;12;3;3;6;4;0;0;1;1;0;0;0;0;POINT (13.51607 52.46452)
5;2019;10;17;3;3;2;6;0;0;1;0;0;0;1;1;POINT (13.22529 52.5374)
1;2019;10;17;3;3;2;6;0;0;1;0;0;0;0;1;POINT (13.40092 52.52963)
1;2019;10;0;3;2;0;1;2;0;0;0;1;0;0;0;POINT (13.40359 52.53344)
7;2019;10;11;3;3;5;3;0;1;1;0;0;0;0;1;POINT (13.36344 52.47862)
4;2019;10;11;3;2;6;2;0;0;1;1;0;0;0;1;POINT (13.30065 52.47395)
3;2019;10;11;3;3;2;6;0;0;1;0;1;0;0;1;POINT (13.41458 52.54756)
9;2019;10;9;3;3;5;3;0;1;1;0;0;0;0;1;POINT (13.56603 52.44506)
1;2019;10;9;3;3;5;7;0;0;0;0;1;0;1;1;POINT (13.37688 52.54345)
3;2019;10;9;3;3;1;5;0;1;0;0;0;1;0;1;POINT (13.42463 52.54714)
5;2019;10;9;3;3;2;6;0;0;1;0;0;0;1;1;POINT (13.20775 52.5387)
3;2019;10;9;3;3;5;2;0;1;1;0;0;0;0;1;POINT (13.42264 52.54459)
12;2019;10;8;3;3;5;3;0;0;1;0;0;0;0;1;POINT (13.33417 52.61047)
1;2019;10;8;3;3;0;7;0;0;1;0;0;0;1;1;POINT (13.37937 52.5295)
9;2019;10;8;3;3;0;3;0;0;1;0;1;0;0;1;POINT (13.52681 52.43768)
4;2019;10;7;3;3;5;5;0;1;1;0;0;0;0;1;POINT (13.32195 52.48181)
3;2019;10;7;3;3;6;4;1;0;0;1;1;0;0;0;POINT (13.43337 52.55823)
8;2019;10;6;3;3;5;2;2;1;1;0;0;0;0;0;POINT (13.43621 52.44908)
4;2019;10;19;3;1;6;4;2;0;1;1;1;0;0;1;POINT (13.28765 52.47757)
9;2019;10;15;2;3;3;6;0;1;0;0;0;0;0;0;POINT (13.57504 52.4443)
2;2019;10;18;2;3;0;1;1;0;0;0;1;0;0;0;POINT (13.41828 52.49377)
3;2019;10;15;2;2;5;3;0;1;1;0;0;0;0;0;POINT (13.44367 52.546)
2;2019;10;22;2;3;1;5;2;1;1;0;0;0;1;0;POINT (13.43096 52.50619)
1;2019;10;22;2;3;3;6;2;0;1;0;1;0;0;0;POINT (13.37932 52.52949)
1;2019;10;13;3;3;6;2;0;0;1;1;0;0;0;1;POINT (13.37189 52.50906)
2;2019;10;21;2;3;1;5;2;1;1;0;0;0;0;0;POINT (13.45484 52.51018)
4;2019;10;20;2;3;5;7;2;1;1;0;0;0;0;0;POINT (13.29425 52.49772)
7;2019;10;20;2;3;2;6;2;0;1;0;0;0;0;0;POINT (13.39185 52.4398)
1;2019;10;18;2;3;0;1;1;0;0;0;1;0;0;0;POINT (13.3842 52.55573)
5;2019;10;16;2;3;0;4;0;0;0;1;0;0;1;0;POINT (13.21854 52.55851)
10;2019;10;15;2;3;5;2;0;0;1;0;0;0;1;0;POINT (13.53958 52.5398)
9;2019;10;15;2;3;4;6;0;0;1;0;0;0;0;0;POINT (13.56645 52.47326)
1;2019;10;11;2;2;0;5;0;0;1;0;1;0;1;0;POINT (13.37732 52.50836)
7;2019;10;14;2;3;1;5;0;1;0;0;1;0;0;0;POINT (13.35376 52.49475)
11;2019;10;11;2;2;5;3;0;0;1;1;0;0;0;0;POINT (13.47955 52.52055)
6;2019;10;11;2;3;0;1;0;1;0;0;0;0;0;1;POINT (13.30048 52.44681)
9;2019;10;11;2;3;5;2;0;1;0;0;0;1;0;0;POINT (13.51458 52.46889)
1;2019;10;11;2;3;5;2;0;1;0;0;0;0;0;0;POINT (13.39881 52.52888)
5;2019;10;10;2;3;5;2;0;1;1;0;0;0;0;0;POINT (13.19594 52.52729)
4;2019;10;9;2;3;1;5;0;1;1;0;0;0;0;1;POINT (13.31705 52.47022)
1;2019;10;8;2;3;5;3;0;1;0;1;0;0;0;0;POINT (13.38414 52.5101)
4;2019;10;8;2;3;2;6;0;0;1;0;0;0;0;0;POINT (13.32325 52.51118)
1;2019;10;9;2;3;4;6;0;1;1;0;0;0;0;0;POINT (13.42367 52.5091)
3;2019;10;14;2;3;6;4;0;1;0;1;0;0;0;0;POINT (13.40629 52.531)
1;2019;10;8;2;3;2;2;0;1;1;0;0;0;0;0;POINT (13.38993 52.50944)
7;2019;10;14;2;3;6;7;0;0;0;1;0;0;1;0;POINT (13.40438 52.43952)
1;2019;10;18;2;3;0;2;1;0;1;0;1;0;0;0;POINT (13.31519 52.52808)
1;2019;10;14;2;3;2;6;0;0;1;0;0;0;0;0;POINT (13.35827 52.50121)
9;2019;10;8;2;3;0;3;0;0;1;0;1;0;0;0;POINT (13.50514 52.44505)
2;2019;10;7;2;2;2;6;0;0;1;0;1;0;0;0;POINT (13.41853 52.49878)
10;2019;10;18;2;3;2;7;1;0;1;0;0;0;0;0;POINT (13.57191 52.56839)
5;2019;10;7;2;3;0;6;0;0;1;0;1;0;0;0;POINT (13.24182 52.53854)
5;2019;10;6;2;3;5;3;1;1;1;0;0;0;0;0;POINT (13.20535 52.54178)
5;2019;10;17;2;3;5;2;0;1;1;0;0;0;0;0;POINT (13.17803 52.54866)
2;2019;10;17;2;3;5;3;0;1;0;0;0;1;0;0;POINT (13.43091 52.5128)
8;2019;10;13;2;3;2;6;0;0;1;0;0;0;0;0;POINT (13.43244 52.48524)
1;2019;10;17;2;3;5;2;0;0;1;0;1;0;0;0;POINT (13.34571 52.53814)
12;2019;10;12;2;3;6;2;0;0;0;1;0;0;1;0;POINT (13.31497 52.61029)
8;2019;10;15;2;3;2;6;0;0;1;0;0;0;0;0;POINT (13.43414 52.44308)
3;2019;10;12;2;3;5;2;0;0;0;0;1;0;1;0;POINT (13.43231 52.54381)
9;2019;10;16;2;3;2;6;0;0;0;0;0;0;1;0;POINT (13.49609 52.46625)
7;2019;10;21;1;2;5;3;2;0;1;0;1;0;0;0;POINT (13.40011 52.45907)
4;2019;10;21;1;3;6;7;2;0;0;1;0;1;0;0;POINT (13.29316 52.53676)
1;2019;10;20;1;3;2;6;2;1;1;0;0;0;0;0;POINT (13.35523 52.53485)
2;2019;10;19;1;3;5;2;2;1;1;0;0;0;0;0;POINT (13.45282 52.51241)
3;2019;10;18;1;3;2;2;1;1;1;0;0;0;0;0;POINT (13.45779 52.52903)
1;2019;10;18;1;3;6;4;1;1;0;1;0;0;0;0;POINT (13.37774 52.50802)
4;2019;10;18;1;3;5;2;1;1;1;0;0;0;0;0;POINT (13.28101 52.47694)
1;2019;10;17;1;3;5;2;0;1;1;0;0;0;0;0;POINT (13.36433 52.50998)
8;2019;10;17;1;2;1;5;0;0;1;0;0;0;0;0;POINT (13.43528 52.43427)
12;2019;10;17;1;3;1;5;1;0;1;0;0;0;0;0;POINT (13.35086 52.56808)
6;2019;10;16;1;2;0;6;0;0;1;0;0;0;1;0;POINT (13.31873 52.45457)
10;2019;10;15;1;3;5;2;0;1;0;0;0;0;1;0;POINT (13.54013 52.52566)
3;2019;10;15;1;3;5;7;0;0;0;0;0;0;1;0;POINT (13.4112 52.53999)
2;2019;10;15;1;2;6;4;0;0;1;1;0;0;0;0;POINT (13.39592 52.50705)
2;2019;10;9;1;3;2;2;0;1;1;0;0;0;0;0;POINT (13.39961 52.49429)
11;2019;10;15;1;3;5;5;0;0;1;0;0;0;0;0;POINT (13.51016 52.49031)
8;2019;10;15;1;3;0;6;0;1;0;0;0;0;1;0;POINT (13.44806 52.4876)
5;2019;10;11;1;2;5;3;0;1;0;0;1;0;0;0;POINT (13.18661 52.53259)
9;2019;10;11;1;3;0;6;0;1;0;0;0;0;1;0;POINT (13.62495 52.45286)
9;2019;10;11;1;2;0;7;0;1;0;0;0;0;0;0;POINT (13.59072 52.44656)
1;2019;10;15;1;3;2;6;0;0;1;0;1;0;0;0;POINT (13.39032 52.53559)
2;2019;10;8;1;3;2;6;0;0;1;0;1;0;0;0;POINT (13.46907 52.50243)
5;2019;10;14;1;3;2;2;0;0;1;0;0;0;0;0;POINT (13.24753 52.53829)
1;2019;10;8;1;3;2;6;0;0;1;0;0;0;0;0;POINT (13.36422 52.54363)
12;2019;10;7;1;3;5;2;0;0;1;0;0;0;0;0;POINT (13.32911 52.56721)
7;2019;10;13;1;3;2;3;0;0;1;0;1;0;0;0;POINT (13.3822 52.39941)
11;2019;10;10;1;2;6;4;0;0;1;1;0;0;0;0;POINT (13.49786 52.5469)
6;2019;10;6;1;3;1;5;1;1;1;0;0;0;0;0;POINT (13.3082 52.44296)
4;2019;10;10;1;3;5;2;0;0;1;0;0;0;0;0;POINT (13.28683 52.49583)
8;2019;10;14;1;3;6;2;0;0;1;1;0;0;0;0;POINT (13.43338 52.464)
3;2019;10;6;1;3;5;3;2;1;1;0;0;0;0;1;POINT (13.4491 52.52886)
9;2019;10;10;1;3;5;5;0;0;1;0;0;0;0;0;POINT (13.50767 52.45317)
10;2019;10;13;1;2;0;3;0;0;1;0;1;0;0;0;POINT (13.53863 52.52464)
4;2019;10;10;1;3;5;2;0;0;1;0;1;0;0;0;POINT (13.28283 52.51864)
4;2019;10;13;1;3;5;3;0;1;1;0;0;0;0;0;POINT (13.30651 52.52893)
10;2019;10;9;1;3;5;2;0;0;1;0;0;0;0;0;POINT (13.58375 52.51494)
2;2019;10;9;1;3;2;6;0;0;1;0;1;0;0;0;POINT (13.40055 52.49842)
3;2019;10;12;1;2;5;3;0;1;1;0;0;0;0;0;POINT (13.41185 52.54105)
7;2019;10;9;1;3;0;1;0;1;0;0;0;0;0;0;POINT (13.37732 52.47638)
2;2019;10;8;1;3;0;7;0;0;0;0;1;0;0;1;POINT (13.40266 52.50369)
7;2019;10;12;1;3;2;6;0;0;1;0;0;0;0;0;POINT (13.37798 52.47296)
8;2019;10;16;7;3;5;3;0;1;1;0;0;0;0;0;POINT (13.42765 52.48113)
3;2019;10;22;7;2;3;6;2;1;0;0;0;0;1;0;POINT (13.40831 52.56595)
3;2019;10;17;7;3;4;6;0;1;0;0;0;0;0;0;POINT (13.4288 52.58054)
9;2019;10;16;7;3;2;6;0;0;1;0;0;0;0;1;POINT (13.59244 52.43861)
12;2019;10;16;7;3;0;1;0;0;0;0;1;0;0;0;POINT (13.36585 52.6046)
3;2019;10;15;7;3;2;6;0;0;1;0;1;0;0;0;POINT (13.37561 52.5811)
1;2019;10;15;7;2;2;6;0;0;1;0;1;0;0;0;POINT (13.34949 52.50332)
1;2019;10;13;7;3;5;3;0;1;0;0;1;0;0;0;POINT (13.37103 52.5111)
12;2019;10;13;7;3;5;2;0;0;1;0;0;0;1;0;POINT (13.32185 52.56057)
4;2019;10;13;7;3;5;5;0;0;1;0;1;0;0;0;POINT (13.31189 52.49135)
4;2019;10;12;7;3;2;6;0;0;1;0;0;0;0;0;POINT (13.2818 52.51106)
8;2019;10;11;7;3;6;2;0;0;1;1;0;0;0;0;POINT (13.41702 52.41822)
3;2019;10;10;7;3;5;3;0;0;1;0;0;0;0;0;POINT (13.47017 52.55361)
11;2019;10;9;7;3;5;7;0;1;1;0;0;0;0;0;POINT (13.52044 52.56872)
2;2019;10;7;7;3;6;7;0;0;1;1;0;0;0;0;POINT (13.43214 52.51062)
4;2019;10;6;7;3;5;7;2;0;1;0;0;0;0;0;POINT (13.31459 52.5475)
1;2019;10;22;7;3;5;3;2;0;1;0;0;0;0;1;POINT (13.41774 52.50661)
3;2019;10;22;7;2;3;6;2;1;0;0;0;0;1;0;POINT (13.40836 52.56597)
2;2019;10;20;7;3;5;3;2;0;1;0;1;0;0;1;POINT (13.43493 52.50147)
4;2019;10;20;7;3;0;1;2;1;0;0;0;0;0;0;POINT (13.31373 52.51808)
4;2019;10;16;3;3;5;2;0;0;1;0;1;0;0;1;POINT (13.30013 52.49442)
1;2019;10;17;2;3;0;1;1;0;1;0;0;0;1;1;POINT (13.3858 52.52837)
4;2019;10;19;7;3;0;1;2;0;0;0;1;0;0;1;POINT (13.31995 52.4685)
11;2019;10;19;7;3;0;1;2;0;0;0;1;0;0;1;POINT (13.47577 52.51224)
2;2019;10;18;7;3;0;2;2;1;1;0;0;0;0;1;POINT (13.4123 52.49867)
4;2019;10;18;7;3;0;1;1;0;0;0;1;0;0;0;POINT (13.31919 52.50148)
7;2019;10;13;6;3;2;2;0;0;1;0;0;0;0;0;POINT (13.37833 52.4518)
6;2019;10;13;6;3;2;2;0;0;1;0;0;0;0;0;POINT (13.27517 52.46089)
1;2019;10;18;6;3;0;5;1;0;1;0;1;0;0;0;POINT (13.34863 52.53802)
2;2019;10;15;3;2;6;4;0;0;1;1;0;0;0;1;POINT (13.46882 52.50247)
6;2019;10;23;6;2;0;1;2;1;0;0;0;0;0;0;POINT (13.3001 52.43988)
3;2019;10;23;6;2;2;6;2;0;1;0;1;0;0;0;POINT (13.4527 52.534)
1;2019;10;15;3;3;6;4;0;0;0;1;1;0;0;1;POINT (13.39554 52.52896)
1;2019;10;22;6;2;5;2;1;1;1;0;0;0;0;0;POINT (13.34507 52.55429)
8;2019;10;21;6;3;5;2;2;0;1;0;0;0;1;0;POINT (13.45406 52.4826)
4;2019;10;22;6;3;5;2;2;0;1;0;0;0;1;0;POINT (13.29542 52.53961)
1;2019;10;22;6;3;6;2;2;0;1;1;0;0;0;0;POINT (13.40996 52.51061)
8;2019;10;19;6;3;0;5;2;0;1;0;0;0;1;0;POINT (13.435 52.4611)
1;2019;10;18;6;3;1;5;2;0;1;0;0;0;1;0;POINT (13.33342 52.55957)
12;2019;10;18;6;3;6;2;2;0;0;1;0;0;1;0;POINT (13.29138 52.58103)
12;2019;10;16;6;2;5;3;0;1;1;0;0;0;0;0;POINT (13.31903 52.61136)
8;2019;10;15;6;3;5;3;0;0;1;0;0;0;0;0;POINT (13.45 52.42801)
5;2019;10;15;6;2;0;6;0;0;1;0;0;0;1;0;POINT (13.19574 52.52961)
7;2019;10;14;6;3;5;2;0;1;1;0;0;0;0;0;POINT (13.37602 52.40912)
7;2019;10;14;6;3;5;7;0;0;1;0;1;0;0;0;POINT (13.34599 52.49883)
10;2019;10;13;6;3;0;6;0;0;1;0;0;0;1;0;POINT (13.54292 52.54242)
4;2019;10;12;6;3;5;3;0;1;0;0;1;0;0;0;POINT (13.31439 52.51067)
10;2019;10;12;6;3;5;2;0;0;0;0;0;0;1;0;POINT (13.59041 52.5295)
9;2019;10;12;6;3;5;3;0;1;1;0;0;0;0;0;POINT (13.52677 52.43767)
6;2019;10;12;6;3;5;3;0;0;1;0;0;0;0;0;POINT (13.31951 52.4594)
11;2019;10;11;6;3;5;3;0;1;1;0;0;0;0;0;POINT (13.52141 52.49988)
11;2019;10;11;6;3;3;6;0;1;0;0;0;0;1;0;POINT (13.49976 52.52616)
11;2019;10;10;6;3;3;6;0;1;1;0;0;0;0;0;POINT (13.48514 52.5232)
3;2019;10;10;6;3;5;3;0;0;1;0;0;0;0;0;POINT (13.44377 52.57234)
11;2019;10;10;6;3;0;3;0;0;1;0;1;0;0;0;POINT (13.52042 52.57031)
4;2019;10;9;6;3;5;7;0;0;1;0;1;0;0;0;POINT (13.30637 52.52718)
8;2019;10;1;6;3;5;3;2;0;1;0;1;0;0;0;POINT (13.43056 52.49256)
5;2019;10;0;6;3;6;4;2;0;1;1;0;0;0;0;POINT (13.20112 52.5342)