bez;ujahr;umonat;ustunde;uwochentag;ukategorie;uart;utyp1;ulichtverh;istrad;istpkw;istfuss;istkrad;istgkfz;istsonstige;ustrzustand;geometry
2;2019;10;19;5;3;0;6;2;0;1;0;1;0;0;0;POINT (13.43572 52.52337)
1;2019;10;10;5;2;6;4;0;1;0;1;0;0;0;1;POINT (13.38347 52.51839)
11;2019;10;20;5;3;6;4;2;0;1;1;0;0;0;1;POINT (13.50143 52.48281)
1;2019;10;14;5;3;5;7;0;1;0;0;0;0;1;0;POINT (13.42646 52.5081)
5;2019;10;13;5;3;5;2;0;0;1;0;0;0;0;0;POINT (13.18886 52.52175)
8;2019;10;13;5;3;2;6;0;0;1;0;0;0;0;0;POINT (13.44357 52.4642)
11;2019;10;19;5;2;5;3;2;0;1;0;0;0;1;1;POINT (13.4718 52.53199)
1;2019;10;10;5;3;0;6;0;1;1;0;0;0;0;0;POINT (13.35673 52.53561)
6;2019;10;19;5;3;5;3;2;0;1;0;0;0;0;1;POINT (13.36376 52.43966)
3;2019;10;19;5;3;1;5;2;1;1;0;0;0;0;1;POINT (13.41426 52.53831)
2;2019;10;17;5;3;5;2;1;1;1;0;0;0;0;1;POINT (13.44202 52.50092)
4;2019;10;19;5;3;5;2;2;1;1;0;0;0;0;1;POINT (13.27994 52.52044)
12;2019;10;6;5;3;2;6;1;0;1;0;0;0;0;0;POINT (13.227 52.62686)
2;2019;10;12;3;3;0;3;0;1;1;0;0;0;0;1;POINT (13.45203 52.51069)
6;2019;10;18;5;3;5;3;2;0;1;0;0;0;0;1;POINT (13.28593 52.44973)
5;2019;10;5;5;3;6;4;2;0;0;1;1;0;0;0;POINT (13.27716 52.53506)
2;2019;10;17;5;3;5;3;1;1;1;0;0;0;0;1;POINT (13.41215 52.49871)
1;2019;10;17;5;3;5;7;1;0;1;0;1;0;0;0;POINT (13.38347 52.55131)
7;2019;10;16;5;3;2;6;0;0;1;0;0;0;0;1;POINT (13.36192 52.41417)
6;2019;10;16;5;2;5;5;0;0;1;0;0;0;0;1;POINT (13.26605 52.41537)
7;2019;10;15;5;3;5;2;0;0;1;0;1;0;0;0;POINT (13.40232 52.38668)
11;2019;10;14;5;3;2;6;0;0;1;0;0;0;0;0;POINT (13.48807 52.5418)
1;2019;10;14;5;3;0;5;0;0;0;1;0;0;1;0;POINT (13.32862 52.52926)
4;2019;10;20;5;3;5;7;2;0;1;0;0;0;0;1;POINT (13.29765 52.50189)
8;2019;10;14;3;3;3;6;0;0;1;0;0;0;1;1;POINT (13.42941 52.45517)
4;2019;10;15;5;3;2;6;0;0;1;0;0;0;1;0;POINT (13.28275 52.53387)
2;2019;10;16;4;3;6;6;0;0;0;1;0;0;1;1;POINT (13.40178 52.50612)
1;2019;10;19;4;3;5;3;2;1;0;0;0;0;0;0;POINT (13.39408 52.50791)
8;2019;10;23;4;3;2;6;2;0;1;0;0;0;0;1;POINT (13.42642 52.47696)
1;2019;10;22;4;3;2;6;2;0;1;0;0;0;0;1;POINT (13.35261 52.55926)
3;2019;10;20;4;3;6;4;2;1;0;1;0;0;0;1;POINT (13.4963 52.6345)
7;2019;10;20;4;3;6;4;2;0;1;1;0;0;0;1;POINT (13.32863 52.4652)
10;2019;10;19;4;2;3;6;2;1;1;0;0;0;0;1;POINT (13.60372 52.54285)
5;2019;10;19;4;2;6;4;2;0;1;1;0;0;0;0;POINT (13.19895 52.53488)
1;2019;10;17;4;3;5;2;0;0;1;0;0;0;0;1;POINT (13.4025 52.51185)
7;2019;10;13;3;3;6;7;0;0;0;1;0;1;0;1;POINT (13.37242 52.45761)
8;2019;10;17;4;3;0;3;0;0;1;0;1;0;0;1;POINT (13.42381 52.47728)
11;2019;10;14;3;3;3;6;0;1;1;0;0;0;0;1;POINT (13.51463 52.48765)
1;2019;10;9;4;3;0;1;0;1;0;0;0;0;0;1;POINT (13.4037 52.53252)
6;2019;10;9;4;3;3;6;0;1;1;0;0;0;0;0;POINT (13.25913 52.43079)
7;2019;10;8;4;3;2;6;0;0;1;0;0;0;0;1;POINT (13.36658 52.44955)
2;2019;10;6;4;2;5;3;1;0;1;0;0;0;0;1;POINT (13.42614 52.5159)
3;2019;10;6;4;3;6;2;2;0;1;1;0;0;0;1;POINT (13.35453 52.58865)
3;2019;10;13;3;3;5;2;0;1;1;0;0;0;0;1;POINT (13.47995 52.55328)
1;2019;10;4;4;3;0;1;2;0;0;0;0;0;1;1;POINT (13.41039 52.50652)
7;2019;10;16;4;3;5;2;0;1;1;0;0;0;0;0;POINT (13.39228 52.41373)
2;2019;10;15;4;3;5;2;0;0;0;0;0;0;1;0;POINT (13.4298 52.52311)
2;2019;10;15;4;3;1;5;0;1;0;0;0;0;1;0;POINT (13.46841 52.52029)
1;2019;10;14;4;3;5;2;0;0;1;0;0;0;0;1;POINT (13.3698 52.55971)
1;2019;10;12;4;3;5;3;0;0;1;0;1;0;0;0;POINT (13.40103 52.51831)
2;2019;10;10;4;3;5;7;0;0;1;0;1;0;0;1;POINT (13.38418 52.48499)
5;2019;10;21;3;2;9;1;2;0;1;0;0;0;0;0;POINT (13.20056 52.53855)
11;2019;10;10;4;3;6;6;0;1;0;1;0;0;0;0;POINT (13.50485 52.5634)
5;2019;10;6;4;3;2;6;1;0;0;0;1;0;1;1;POINT (13.24555 52.52494)
1;2019;10;23;3;3;5;2;2;0;1;0;0;0;0;1;POINT (13.37662 52.50944)
1;2019;10;23;3;3;0;1;2;1;0;0;0;0;0;1;POINT (13.42005 52.51481)
3;2019;10;18;3;2;5;2;0;0;1;0;0;0;1;0;POINT (13.42949 52.5865)
10;2019;10;18;3;2;6;4;2;0;1;1;0;0;0;1;POINT (13.57844 52.55101)
9;2019;10;17;3;3;5;2;0;0;1;0;0;0;0;0;POINT (13.58973 52.44614)
1;2019;10;16;3;3;1;5;0;1;1;0;0;0;0;0;POINT (13.35156 52.54783)
7;2019;10;16;3;2;6;4;0;0;1;1;0;0;0;0;POINT (13.34746 52.50078)
1;2019;10;21;3;3;0;3;2;0;1;0;0;0;1;1;POINT (13.40173 52.52896)
4;2019;10;17;3;3;2;6;0;0;1;0;1;0;0;0;POINT (13.31265 52.50011)
11;2019;10;15;3;3;0;6;0;0;1;0;0;0;1;0;POINT (13.51902 52.57461)
11;2019;10;15;3;3;6;4;0;0;0;1;0;0;1;0;POINT (13.49876 52.51028)
4;2019;10;12;3;3;2;6;0;0;1;0;0;0;0;1;POINT (13.3252 52.54151)
2;2019;10;21;3;3;0;4;2;1;0;1;0;0;0;1;POINT (13.42032 52.49673)
4;2019;10;15;3;3;0;3;0;1;0;0;1;0;0;0;POINT (13.3314 52.50303)
11;2019;10;12;3;3;6;4;0;1;0;1;0;0;0;1;POINT (13.46751 52.53395)
1;2019;10;9;3;3;1;1;0;1;1;0;0;0;0;0;POINT (13.3977 52.52376)
3;2019;10;21;3;3;5;3;2;1;0;0;1;0;0;1;POINT (13.40788 52.57321)
6;2019;10;20;3;3;0;2;2;0;1;0;1;0;0;1;POINT (13.26353 52.41133)
12;2019;10;8;3;3;1;5;0;1;1;0;0;0;0;1;POINT (13.28414 52.58922)
11;2019;10;7;3;3;1;7;0;0;1;0;0;0;0;1;POINT (13.50393 52.54889)
12;2019;10;14;3;3;2;6;0;0;1;0;0;0;0;1;POINT (13.32135 52.56038)
11;2019;10;12;3;3;2;6;0;0;1;0;0;0;0;1;POINT (13.47168 52.50525)
3;2019;10;7;3;2;5;2;0;0;1;0;0;0;1;0;POINT (13.41838 52.55329)
10;2019;10;20;3;3;0;7;2;0;1;0;1;0;0;1;POINT (13.56798 52.57359)
8;2019;10;14;3;3;2;6;0;0;1;0;0;0;0;1;POINT (13.43111 52.45247)
3;2019;10;14;3;3;5;2;0;0;1;0;0;0;0;0;POINT (13.40253 52.5543)
9;2019;10;13;3;3;0;6;0;0;1;0;0;0;1;0;POINT (13.66881 52.408)
7;2019;10;12;3;3;1;5;0;1;1;0;0;0;0;1;POINT (13.34096 52.47639)
1;2019;10;19;3;3;0;7;2;0;0;0;0;0;1;1;POINT (13.33882 52.50529)
7;2019;10;19;3;3;5;2;2;1;1;0;0;0;0;0;POINT (13.35454 52.49718)
8;2019;10;5;3;3;0;3;2;1;1;0;0;0;0;1;POINT (13.42778 52.48833)
2;2019;10;19;3;3;3;6;2;0;1;0;0;1;0;1;POINT (13.42222 52.50049)
6;2019;10;11;3;2;5;2;0;1;1;0;0;0;0;0;POINT (13.29684 52.46438)
3;2019;10;10;3;3;2;6;0;1;1;0;0;0;0;0;POINT (13.41365 52.56647)
2;2019;10;22;3;3;5;3;2;0;1;0;0;0;1;1;POINT (13.40298 52.49402)
12;2019;10;7;3;3;2;6;0;0;1;0;0;0;0;0;POINT (13.32626 52.56446)
5;2019;10;10;3;3;6;7;0;0;1;1;0;0;0;0;POINT (13.20804 52.54773)
1;2019;10;14;3;3;0;1;0;0;0;0;1;0;0;1;POINT (13.38475 52.53103)
3;2019;10;6;3;3;5;3;0;1;0;0;0;0;1;1;POINT (13.40514 52.58595)
1;2019;10;18;3;3;2;6;2;0;1;0;0;0;0;0;POINT (13.42804 52.50743)
9;2019;10;6;3;2;5;3;2;1;1;0;0;0;0;1;POINT (13.61724 52.45522)
4;2019;10;18;3;3;2;6;2;0;1;0;0;0;0;0;POINT (13.26545 52.5208)
1;2019;10;6;3;3;6;4;2;1;0;1;0;0;0;1;POINT (13.39016 52.56276)
12;2019;10;6;3;3;5;2;1;0;1;0;0;0;0;1;POINT (13.32433 52.58797)
1;2019;10;10;2;3;5;2;0;1;1;0;0;0;0;1;POINT (13.33511 52.52478)
9;2019;10;21;2;3;5;2;2;0;1;0;0;0;0;1;POINT (13.4913 52.46909)
2;2019;10;19;3;3;2;6;2;0;1;0;1;0;0;1;POINT (13.38193 52.48982)
1;2019;10;20;2;3;1;5;2;1;0;0;0;0;1;1;POINT (13.40242 52.52898)
3;2019;10;18;2;3;2;6;0;0;1;0;1;0;0;1;POINT (13.41267 52.53241)
2;2019;10;17;2;3;6;7;0;0;1;1;0;0;0;1;POINT (13.44695 52.51843)
4;2019;10;18;2;2;0;1;2;1;0;0;0;0;0;1;POINT (13.31505 52.46951)
12;2019;10;19;3;2;6;4;2;0;0;1;1;0;0;1;POINT (13.37287 52.56192)
1;2019;10;20;2;3;6;4;2;0;1;1;0;0;0;1;POINT (13.39293 52.56429)
10;2019;10;7;4;3;0;3;0;0;0;0;1;0;1;1;POINT (13.55739 52.52743)
1;2019;10;13;4;3;2;2;0;1;1;0;0;0;0;0;POINT (13.41027 52.52853)
12;2019;10;5;4;3;5;7;2;0;1;0;0;0;1;1;POINT (13.34668 52.56689)
5;2019;10;6;4;3;2;2;1;0;1;0;0;0;0;1;POINT (13.23192 52.53927)
7;2019;10;13;4;3;1;5;0;0;0;0;0;1;1;0;POINT (13.41723 52.46018)
8;2019;10;6;4;3;2;2;2;0;1;0;1;0;0;1;POINT (13.42966 52.47047)
5;2019;10;12;4;3;2;7;0;0;1;0;0;0;0;1;POINT (13.2608 52.53718)
7;2019;10;12;4;3;0;1;0;1;0;0;0;0;0;1;POINT (13.38329 52.41119)
1;2019;10;6;4;3;0;1;2;0;0;0;1;0;0;1;POINT (13.38691 52.5595)
1;2019;10;9;4;3;2;2;0;0;1;0;0;0;0;1;POINT (13.38363 52.55141)
1;2019;10;6;4;3;2;6;2;0;1;0;0;1;0;1;POINT (13.39134 52.53624)
1;2019;10;8;4;2;1;5;0;1;0;0;0;0;1;1;POINT (13.37349 52.52017)
7;2019;10;10;4;3;2;6;0;0;1;0;0;0;0;1;POINT (13.39228 52.41462)
7;2019;10;8;4;3;5;2;0;1;1;0;0;0;0;1;POINT (13.36587 52.44919)
1;2019;10;9;4;3;1;5;0;1;1;0;0;0;0;0;POINT (13.37697 52.55765)
3;2019;10;8;4;3;2;6;0;0;1;0;0;0;0;1;POINT (13.47751 52.56692)
12;2019;10;8;4;3;2;6;0;0;1;0;0;0;0;1;POINT (13.33569 52.56508)
1;2019;10;8;4;3;5;2;0;1;1;0;0;0;0;1;POINT (13.38055 52.53259)
4;2019;10;8;4;2;0;7;0;1;0;0;0;0;0;1;POINT (13.28153 52.5184)
6;2019;10;12;3;3;5;3;0;1;1;0;0;0;0;0;POINT (13.30551 52.44201)
5;2019;10;18;3;3;5;3;2;0;1;0;1;0;0;0;POINT (13.19597 52.52723)
3;2019;10;9;3;3;5;2;0;1;0;0;0;0;1;0;POINT (13.4111 52.53067)
4;2019;10;18;3;3;5;3;2;1;1;0;0;0;0;0;POINT (13.32525 52.50253)
7;2019;10;20;3;3;5;2;2;0;1;0;0;0;0;0;POINT (13.40676 52.39377)
4;2019;10;10;4;3;5;3;0;1;1;0;0;0;0;0;POINT (13.31366 52.51541)
3;2019;10;20;3;3;5;3;2;1;1;0;0;0;0;0;POINT (13.46844 52.55703)
3;2019;10;19;3;3;5;3;2;1;1;0;0;0;0;0;POINT (13.41829 52.53662)
4;2019;10;6;4;3;0;6;1;0;1;0;1;0;0;0;POINT (13.29387 52.53366)
8;2019;10;14;4;3;5;7;0;0;1;0;0;0;0;0;POINT (13.45007 52.42818)
6;2019;10;16;3;3;5;3;0;0;1;0;0;0;0;0;POINT (13.32982 52.41084)
4;2019;10;14;3;2;5;3;0;1;0;0;0;0;0;0;POINT (13.26346 52.50043)
8;2019;10;14;3;3;5;3;0;1;1;0;0;0;0;0;POINT (13.47639 52.43472)
1;2019;10;17;3;3;6;4;2;1;0;1;0;0;0;0;POINT (13.3922 52.55456)
12;2019;10;13;3;3;1;5;0;0;1;0;0;0;0;0;POINT (13.32211 52.59512)
5;2019;10;17;3;2;0;1;0;0;0;0;1;0;0;0;POINT (13.21314 52.53859)
4;2019;10;13;3;3;6;4;0;0;1;1;0;0;0;0;POINT (13.25676 52.5163)
4;2019;10;17;3;3;5;2;0;1;1;0;0;0;0;0;POINT (13.26445 52.49264)
2;2019;10;9;4;2;6;4;0;1;0;1;0;0;0;0;POINT (13.44726 52.52637)
3;2019;10;17;3;3;1;5;1;1;1;0;0;0;1;1;POINT (13.41405 52.5631)
6;2019;10;7;4;2;0;4;0;1;0;1;0;0;0;0;POINT (13.33492 52.45093)
2;2019;10;14;3;3;6;7;0;0;1;1;0;0;0;0;POINT (13.39274 52.50223)
2;2019;10;16;3;3;5;2;0;1;1;0;0;0;0;0;POINT (13.37664 52.48741)
9;2019;10;7;3;3;5;2;0;1;0;0;0;0;1;0;POINT (13.45406 52.4889)
1;2019;10;16;3;2;1;5;0;0;1;0;0;0;0;0;POINT (13.33763 52.54144)
8;2019;10;16;3;3;5;7;0;0;1;0;1;0;0;0;POINT (13.4931 52.4299)
1;2019;10;16;3;3;3;6;0;1;0;0;0;1;0;0;POINT (13.33734 52.51587)
8;2019;10;15;3;3;2;6;0;0;1;0;0;0;0;0;POINT (13.45944 52.43262)
12;2019;10;15;3;3;3;6;0;0;1;0;1;0;0;0;POINT (13.32585 52.62545)
6;2019;10;15;3;3;5;2;0;1;1;0;0;0;0;0;POINT (13.31229 52.43034)
11;2019;10;15;3;3;5;3;0;1;1;0;0;0;0;0;POINT (13.49639 52.50345)
2;2019;10;8;4;3;0;6;0;0;0;0;1;0;1;0;POINT (13.38423 52.49566)
5;2019;10;12;3;3;6;7;0;0;1;1;0;0;0;0;POINT (13.19557 52.53356)
3;2019;10;10;3;3;5;2;0;1;0;0;0;0;1;0;POINT (13.40616 52.58169)
7;2019;10;7;4;3;2;6;0;0;1;0;0;0;1;1;POINT (13.38955 52.45704)
1;2019;10;10;3;3;5;2;0;1;1;0;0;0;0;0;POINT (13.35206 52.5503)
10;2019;10;10;3;3;5;3;0;1;0;0;0;0;0;0;POINT (13.55256 52.50563)
1;2019;10;9;3;3;6;4;0;0;1;1;0;0;0;0;POINT (13.37644 52.50785)
3;2019;10;8;3;3;5;3;0;1;0;0;0;0;1;0;POINT (13.40073 52.56556)
7;2019;10;8;3;3;5;2;0;1;0;0;0;0;0;0;POINT (13.36786 52.4831)
7;2019;10;8;3;3;2;6;0;0;1;0;0;0;0;0;POINT (13.33941 52.4996)
2;2019;10;13;3;3;1;7;0;1;1;0;0;0;0;0;POINT (13.43379 52.49569)
10;2019;10;7;3;3;0;7;0;0;1;0;0;0;0;0;POINT (13.56951 52.54565)
2;2019;10;7;3;3;0;6;0;0;1;0;1;0;0;0;POINT (13.40273 52.4983)
1;2019;10;7;3;3;5;7;0;1;1;0;0;0;0;0;POINT (13.38617 52.53897)
7;2019;10;7;3;3;2;7;0;0;1;0;0;0;0;0;POINT (13.34463 52.48558)
9;2019;10;7;3;3;2;6;0;0;1;0;0;0;0;0;POINT (13.55326 52.46951)
5;2019;10;6;4;3;0;1;2;0;0;0;1;0;0;1;POINT (13.16436 52.55143)
8;2019;10;13;3;3;0;2;0;0;1;1;0;0;0;0;POINT (13.45831 52.47261)
5;2019;10;7;3;2;6;4;2;0;1;1;0;0;0;0;POINT (13.18265 52.4861)
12;2019;10;13;3;3;5;2;0;1;1;0;0;0;0;0;POINT (13.28144 52.59263)
8;2019;10;12;3;3;5;7;0;1;1;0;0;0;0;0;POINT (13.44109 52.46394)
9;2019;10;6;3;3;1;5;2;1;1;0;0;0;0;0;POINT (13.53586 52.42232)
12;2019;10;5;3;3;1;5;2;0;1;0;0;0;1;1;POINT (13.3205 52.57595)
9;2019;10;12;3;3;0;7;0;0;1;0;1;0;0;0;POINT (13.52846 52.4291)
11;2019;10;12;3;3;5;2;0;0;1;0;0;0;1;0;POINT (13.47598 52.5329)
5;2019;10;11;3;3;1;5;0;1;0;0;0;0;1;0;POINT (13.19776 52.52241)
1;2019;10;11;3;3;2;6;0;0;1;0;0;0;0;0;POINT (13.35617 52.55283)
6;2019;10;1;3;2;9;1;2;0;1;0;0;0;0;0;POINT (13.2002 52.44112)
4;2019;10;16;2;3;2;6;0;1;1;0;0;0;0;0;POINT (13.32335 52.51089)
1;2019;10;8;4;3;5;2;0;1;1;0;0;0;0;0;POINT (13.38046 52.52273)
3;2019;10;18;2;3;6;7;1;0;1;1;0;0;0;0;POINT (13.44042 52.54075)
4;2019;10;19;2;3;2;6;2;0;1;0;1;0;0;0;POINT (13.30854 52.49573)
10;2019;10;19;2;3;5;3;2;0;1;0;0;0;0;0;POINT (13.53858 52.52462)
8;2019;10;19;2;3;5;7;2;0;1;0;1;0;0;0;POINT (13.44916 52.45251)
2;2019;10;19;2;3;1;5;2;1;0;0;0;0;1;0;POINT (13.447 52.49836)
11;2019;10;19;2;3;2;6;2;0;1;0;0;0;0;0;POINT (13.47753 52.51467)
5;2019;10;19;2;2;6;4;2;0;1;1;0;0;0;0;POINT (13.16609 52.54189)
11;2019;10;22;2;3;5;2;2;0;1;0;0;0;0;0;POINT (13.50959 52.54637)
3;2019;10;22;2;3;5;2;2;0;1;0;1;0;0;0;POINT (13.40055 52.58041)
4;2019;10;15;2;3;0;6;0;1;0;0;0;0;1;0;POINT (13.32467 52.51018)
1;2019;10;13;2;3;2;2;0;1;1;0;0;0;0;0;POINT (13.37049 52.54536)
9;2019;10;12;2;3;5;3;0;0;1;0;0;0;0;0;POINT (13.47953 52.48444)
3;2019;10;19;4;3;3;6;2;0;1;0;1;0;0;0;POINT (13.42413 52.54736)
12;2019;10;12;2;3;6;4;0;0;0;1;0;0;1;0;POINT (13.32819 52.56462)
5;2019;10;10;2;3;0;2;0;0;1;0;0;0;1;0;POINT (13.20039 52.53654)
9;2019;10;10;2;3;5;2;0;1;1;0;0;0;0;0;POINT (13.48978 52.46785)
3;2019;10;22;4;3;1;5;2;0;1;0;0;0;0;0;POINT (13.42708 52.55563)
6;2019;10;9;2;3;2;6;0;1;1;0;0;0;0;0;POINT (13.31549 52.44584)
7;2019;10;17;2;3;2;2;0;0;1;0;1;0;0;0;POINT (13.3825 52.41107)
3;2019;10;17;2;3;6;4;0;0;1;1;0;0;0;0;POINT (13.41216 52.56271)
8;2019;10;17;2;3;0;7;0;1;0;0;0;0;0;0;POINT (13.43956 52.47998)
9;2019;10;16;2;3;2;6;0;0;1;0;0;0;0;0;POINT (13.47872 52.47162)
7;2019;10;8;2;3;2;6;0;0;1;0;0;0;1;0;POINT (13.38048 52.42384)
9;2019;10;6;2;3;5;3;0;1;1;0;0;0;0;0;POINT (13.5351 52.43972)
12;2019;10;1;2;2;9;1;2;0;1;0;0;0;0;0;POINT (13.3401 52.58809)
7;2019;10;7;4;3;0;1;0;1;0;0;0;0;0;1;POINT (13.37474 52.43451)
5;2019;10;7;2;3;5;3;0;0;1;0;1;0;0;0;POINT (13.24332 52.54383)
12;2019;10;16;2;3;1;5;0;0;1;0;1;0;0;0;POINT (13.34383 52.6077)
4;2019;10;16;2;3;2;6;0;0;1;0;1;0;0;0;POINT (13.29958 52.49407)
1;2019;10;15;2;3;5;2;0;1;0;0;0;1;0;0;POINT (13.35438 52.53679)
2;2019;10;16;2;3;1;5;0;1;1;0;0;0;0;0;POINT (13.3766 52.48586)
1;2019;10;7;2;3;6;2;1;0;1;1;0;0;0;0;POINT (13.34651 52.52493)
5;2019;10;15;2;3;2;6;0;0;1;0;0;0;0;0;POINT (13.20973 52.52782)
6;2019;10;15;2;3;6;2;0;0;1;1;0;0;0;0;POINT (13.353 52.43323)
12;2019;10;7;2;3;2;6;0;0;1;0;0;0;0;0;POINT (13.30008 52.5792)
6;2019;10;15;2;3;3;6;0;1;1;0;0;0;0;0;POINT (13.31932 52.45224)
4;2019;10;15;2;3;6;4;0;0;0;1;1;0;0;0;POINT (13.29712 52.51044)
5;2019;10;15;2;3;5;2;0;1;1;0;0;0;0;0;POINT (13.24983 52.53811)
6;2019;10;14;2;3;6;4;0;0;1;1;0;0;0;0;POINT (13.34797 52.42412)
2;2019;10;6;2;3;5;3;0;0;1;0;1;0;0;0;POINT (13.4434 52.51794)
8;2019;10;7;2;3;0;3;2;1;1;0;0;0;0;1;POINT (13.47935 52.41909)
1;2019;10;17;1;3;5;3;1;1;1;0;0;0;0;0;POINT (13.35862 52.50689)
5;2019;10;17;1;3;2;6;0;0;1;0;0;0;0;0;POINT (13.20865 52.5284)
1;2019;10;15;1;3;6;2;0;0;1;1;0;0;0;0;POINT (13.38289 52.54223)
3;2019;10;16;1;3;2;2;0;0;1;0;0;0;1;0;POINT (13.38068 52.57441)
8;2019;10;16;1;3;5;3;0;1;0;0;0;0;1;0;POINT (13.49858 52.41039)
3;2019;10;16;1;3;5;3;0;0;1;0;0;0;0;0;POINT (13.44655 52.59535)
4;2019;10;15;1;3;5;3;0;1;1;0;0;0;0;0;POINT (13.30108 52.51541)
8;2019;10;15;1;3;5;2;0;1;1;0;0;0;0;0;POINT (13.50065 52.40089)
3;2019;10;13;1;3;6;7;0;0;0;1;0;0;1;0;POINT (13.40266 52.54673)
6;2019;10;19;1;2;5;2;0;0;1;0;0;0;0;0;POINT (13.2241 52.42949)
3;2019;10;15;1;3;1;5;0;1;0;0;0;0;1;0;POINT (13.4093 52.53816)
11;2019;10;14;1;2;5;3;0;1;0;0;0;0;1;0;POINT (13.47646 52.50962)
5;2019;10;14;1;2;5;3;0;1;1;0;0;0;0;0;POINT (13.20136 52.5477)
4;2019;10;14;1;3;2;6;0;0;1;0;0;0;0;0;POINT (13.33583 52.49936)
7;2019;10;8;4;2;6;4;0;0;0;1;1;0;0;0;POINT (13.39439 52.48397)
5;2019;10;14;1;2;2;6;0;0;1;0;0;0;0;0;POINT (13.16419 52.51976)
6;2019;10;14;1;3;5;3;0;1;0;0;0;0;1;0;POINT (13.24925 52.43625)
11;2019;10;13;1;3;5;3;0;1;1;0;0;0;0;0;POINT (13.50629 52.50881)
2;2019;10;19;1;3;5;2;2;1;0;0;0;0;1;0;POINT (13.43969 52.51391)
6;2019;10;19;1;3;0;2;2;0;1;0;1;0;0;0;POINT (13.34804 52.45129)
8;2019;10;19;1;3;1;5;2;1;1;0;0;0;0;0;POINT (13.44795 52.48439)
1;2019;10;19;1;3;5;2;2;1;1;0;0;0;0;0;POINT (13.40879 52.51198)
9;2019;10;19;1;3;4;6;2;0;1;0;0;0;0;0;POINT (13.48548 52.44884)
1;2019;10;8;4;3;1;7;0;0;1;0;0;0;0;1;POINT (13.3666 52.55776)
2;2019;10;19;1;3;1;5;2;1;1;0;0;0;0;0;POINT (13.42549 52.50073)
1;2019;10;18;1;3;0;1;1;1;0;0;0;0;0;1;POINT (13.3932 52.52491)
1;2019;10;8;4;3;5;3;0;0;1;0;0;0;0;0;POINT (13.39165 52.51222)
1;2019;10;1;1;3;0;1;2;1;0;0;0;0;0;0;POINT (13.41319 52.5085)
6;2019;10;19;4;2;0;3;2;0;1;0;1;0;0;0;POINT (13.30079 52.42369)
5;2019;10;11;1;3;2;6;0;0;1;0;0;1;0;0;POINT (13.23234 52.54255)
3;2019;10;12;1;3;2;6;0;0;1;0;0;0;0;0;POINT (13.44443 52.59054)
7;2019;10;12;1;3;5;3;0;0;1;0;0;0;0;0;POINT (13.32186 52.47349)
11;2019;10;10;1;3;1;7;0;0;1;0;0;0;0;0;POINT (13.49423 52.53641)
3;2019;10;9;1;3;5;3;0;0;1;0;1;0;0;0;POINT (13.44624 52.54991)
4;2019;10;8;1;3;2;6;0;0;1;0;0;0;0;0;POINT (13.33103 52.48913)
9;2019;10;8;1;3;0;2;0;1;1;0;0;0;0;0;POINT (13.59319 52.45239)
1;2019;10;8;1;3;0;6;0;1;1;0;0;0;0;0;POINT (13.42436 52.51377)
11;2019;10;6;4;3;5;3;2;1;1;0;0;0;0;1;POINT (13.47621 52.51257)
1;2019;10;8;1;3;5;3;0;1;1;0;0;0;0;0;POINT (13.37788 52.53184)
10;2019;10;8;1;3;5;3;0;1;1;0;0;0;0;0;POINT (13.60215 52.53611)
12;2019;10;7;1;3;4;6;1;1;0;0;0;0;0;1;POINT (13.24132 52.61802)
2;2019;10;7;1;3;0;1;0;0;1;0;1;0;0;1;POINT (13.471 52.51533)
4;2019;10;7;4;3;0;6;0;0;0;0;1;0;0;1;POINT (13.27759 52.52668)
6;2019;10;7;1;3;0;2;1;1;1;0;0;0;0;1;POINT (13.26478 52.41937)
9;2019;10;6;1;3;5;2;2;0;1;0;0;0;0;0;POINT (13.55068 52.42918)
8;2019;10;15;7;2;2;6;0;0;1;0;0;0;0;0;POINT (13.44491 52.41762)
6;2019;10;10;7;2;1;1;0;0;1;0;0;0;0;0;POINT (13.27746 52.46516)
1;2019;10;21;7;3;5;2;2;0;1;0;0;0;0;0;POINT (13.33754 52.55865)
12;2019;10;19;7;2;5;2;2;1;1;0;0;0;0;0;POINT (13.37048 52.56406)
5;2019;10;17;7;3;5;2;1;0;1;0;0;0;0;0;POINT (13.14159 52.53243)
12;2019;10;16;7;3;2;6;0;0;1;0;0;0;0;0;POINT (13.33617 52.56552)
9;2019;10;3;7;2;8;1;2;0;1;0;0;0;0;0;POINT (13.51318 52.42947)
8;2019;10;9;7;3;1;5;0;0;1;0;0;0;1;0;POINT (13.44728 52.46426)
4;2019;10;12;7;3;2;6;0;0;1;0;0;0;0;0;POINT (13.29102 52.49709)
2;2019;10;15;7;3;6;4;0;0;1;1;0;0;0;0;POINT (13.43192 52.52315)
2;2019;10;11;6;3;0;7;0;1;1;0;0;0;0;0;POINT (13.37677 52.49123)
7;2019;10;12;6;3;0;6;0;0;1;0;0;0;0;0;POINT (13.37037 52.40937)
9;2019;10;19;6;2;5;2;2;0;1;0;1;0;0;0;POINT (13.45472 52.49421)
5;2019;10;18;6;2;2;7;0;0;1;0;1;0;1;0;POINT (13.21621 52.53796)
1;2019;10;22;6;3;0;1;2;0;0;0;0;0;1;0;POINT (13.4103 52.51734)
8;2019;10;19;6;3;5;3;2;0;1;0;0;0;0;0;POINT (13.46472 52.47033)
6;2019;10;17;6;3;5;3;1;0;1;0;0;0;1;0;POINT (13.314 52.41097)
8;2019;10;17;6;2;6;4;1;0;1;1;0;0;0;1;POINT (13.43992 52.46381)
6;2019;10;16;6;3;2;2;0;0;1;0;0;0;0;0;POINT (13.32066 52.4517)
1;2019;10;16;6;3;3;6;0;0;1;0;1;0;0;0;POINT (13.33391 52.52448)
5;2019;10;15;6;3;5;2;0;0;1;0;0;0;0;0;POINT (13.27184 52.53661)
2;2019;10;15;6;3;5;3;0;1;1;0;0;0;0;0;POINT (13.41932 52.49916)
7;2019;10;16;6;2;0;1;0;0;0;0;0;0;1;1;POINT (13.34256 52.49724)
4;2019;10;8;4;3;5;2;0;0;1;0;0;0;0;0;POINT (13.33082 52.50043)
5;2019;10;14;6;3;6;4;0;0;1;1;0;0;0;0;POINT (13.21472 52.56472)