bez;ujahr;umonat;ustunde;uwochentag;ukategorie;uart;utyp1;ulichtverh;istrad;istpkw;istfuss;istkrad;istgkfz;istsonstige;ustrzustand;geometry
11;2019;10;19;4;3;6;4;2;0;0;1;0;0;1;0;POINT (13.49905 52.56121)
1;2019;10;14;6;3;1;5;0;1;1;0;0;0;0;0;POINT (13.38986 52.52348)
8;2019;10;13;6;3;6;4;0;1;0;1;0;0;0;1;POINT (13.43673 52.46633)
11;2019;10;11;6;3;6;7;0;0;0;1;0;0;1;0;POINT (13.50982 52.57646)
2;2019;10;2;6;3;1;5;2;1;1;0;0;0;1;1;POINT (13.43416 52.49964)
7;2019;10;18;5;3;5;2;2;1;0;0;1;0;0;1;POINT (13.34617 52.50099)
7;2019;10;3;5;2;0;1;2;1;0;0;0;0;0;1;POINT (13.37048 52.49275)
8;2019;10;3;5;3;5;2;2;1;0;0;0;0;1;0;POINT (13.44424 52.48171)
7;2019;10;11;5;3;5;2;0;1;1;0;0;0;0;0;POINT (13.34686 52.50086)
7;2019;10;11;5;3;1;7;0;0;1;0;1;0;0;0;POINT (13.35662 52.49363)
3;2019;10;8;4;3;5;3;0;1;0;0;0;0;1;1;POINT (13.43718 52.5944)
4;2019;10;11;5;3;6;7;0;0;1;1;0;0;0;0;POINT (13.30218 52.49901)
4;2019;10;19;4;3;1;5;2;1;1;0;0;0;0;0;POINT (13.29303 52.51154)
11;2019;10;11;5;3;5;3;0;0;1;0;0;0;1;0;POINT (13.52823 52.55697)
2;2019;10;12;5;3;5;3;0;1;0;0;0;0;0;0;POINT (13.37426 52.48782)
2;2019;10;12;5;3;5;2;0;0;0;0;0;1;1;0;POINT (13.43963 52.52384)
8;2019;10;12;5;3;5;2;0;0;0;0;0;1;1;0;POINT (13.43419 52.44296)
11;2019;10;10;5;3;0;4;0;0;0;1;0;0;1;1;POINT (13.52456 52.56206)
4;2019;10;10;5;3;3;2;0;0;1;0;0;1;0;0;POINT (13.27895 52.50355)
1;2019;10;10;5;3;2;6;0;1;1;0;0;0;0;1;POINT (13.37056 52.52338)
4;2019;10;9;5;3;0;1;0;0;0;0;1;0;0;1;POINT (13.32931 52.49497)
1;2019;10;9;5;2;5;3;0;1;1;0;0;0;0;1;POINT (13.37985 52.54018)
2;2019;10;5;4;3;9;1;1;0;1;0;0;0;0;0;POINT (13.38775 52.50321)
2;2019;10;8;5;3;1;5;0;1;1;0;0;0;0;0;POINT (13.4275 52.51683)
5;2019;10;7;4;3;2;6;0;0;1;0;0;0;1;0;POINT (13.14979 52.53276)
7;2019;10;8;5;3;5;2;0;0;1;0;0;1;0;1;POINT (13.40314 52.46343)
4;2019;10;8;5;3;2;7;0;0;0;0;1;1;0;1;POINT (13.328 52.47871)
11;2019;10;7;4;3;2;7;0;0;1;0;0;1;0;1;POINT (13.48592 52.521)
4;2019;10;7;5;3;5;3;0;1;1;0;0;0;0;1;POINT (13.31725 52.50426)
11;2019;10;6;5;3;5;3;1;0;1;0;0;0;1;1;POINT (13.47329 52.53616)
1;2019;10;6;5;3;2;7;2;0;1;0;0;0;0;1;POINT (13.33786 52.54127)
11;2019;10;11;4;3;5;3;0;0;1;0;0;0;0;1;POINT (13.50936 52.50568)
12;2019;10;0;5;2;6;4;2;0;1;1;0;0;0;1;POINT (13.34639 52.59617)
1;2019;10;19;5;3;6;4;2;1;0;1;0;0;0;1;POINT (13.41631 52.51983)
3;2019;10;19;5;3;5;3;2;1;1;0;0;0;0;1;POINT (13.41364 52.56648)
6;2019;10;19;5;3;5;3;2;0;1;0;0;0;0;1;POINT (13.25107 52.44991)
3;2019;10;17;5;3;5;3;1;1;1;0;0;0;0;0;POINT (13.45552 52.54138)
11;2019;10;17;5;3;6;4;0;0;1;1;0;0;0;0;POINT (13.4997 52.52511)
2;2019;10;22;5;3;5;2;2;1;1;0;0;0;0;1;POINT (13.42785 52.51816)
5;2019;10;2;4;2;6;4;2;0;0;1;0;0;1;1;POINT (13.18877 52.52184)
2;2019;10;21;5;3;0;2;2;0;1;0;1;0;0;1;POINT (13.42318 52.48668)
1;2019;10;16;5;2;6;4;0;0;1;1;0;0;0;0;POINT (13.38733 52.54993)
2;2019;10;13;4;3;2;6;0;0;1;0;1;0;0;0;POINT (13.38649 52.485)
6;2019;10;16;5;3;0;7;0;0;0;0;1;0;1;1;POINT (13.34611 52.43511)
3;2019;10;16;5;3;5;2;0;1;1;0;1;0;0;0;POINT (13.41095 52.53975)
2;2019;10;20;5;3;5;2;2;1;1;0;0;0;0;1;POINT (13.44665 52.50281)
12;2019;10;11;4;3;5;7;0;1;1;0;0;0;0;1;POINT (13.23205 52.62367)
1;2019;10;15;5;3;2;6;0;0;1;0;0;0;0;0;POINT (13.38497 52.55676)
10;2019;10;14;5;3;5;3;0;0;1;0;1;0;0;0;POINT (13.56031 52.48762)
6;2019;10;20;5;3;2;6;2;0;1;0;0;0;0;1;POINT (13.32082 52.45712)
1;2019;10;10;4;3;1;5;0;1;1;0;0;0;1;0;POINT (13.3762 52.51073)
9;2019;10;20;5;3;0;1;2;1;0;0;0;0;0;1;POINT (13.58071 52.46)
2;2019;10;19;5;2;0;1;2;0;0;0;1;0;1;1;POINT (13.46281 52.50832)
11;2019;10;14;5;3;6;2;0;0;1;1;0;0;0;0;POINT (13.5232 52.49557)
6;2019;10;18;4;3;5;3;1;0;1;0;0;0;0;1;POINT (13.31911 52.45452)
6;2019;10;14;5;3;5;3;0;1;1;0;0;0;0;0;POINT (13.3448 52.43773)
10;2019;10;14;5;3;5;3;0;1;1;0;0;0;0;0;POINT (13.61664 52.54098)
6;2019;10;9;3;1;6;4;0;0;0;1;0;1;0;1;POINT (13.29793 52.44184)
8;2019;10;19;5;3;2;3;2;1;1;0;0;0;0;1;POINT (13.46617 52.42649)
9;2019;10;15;3;3;5;3;0;0;1;0;0;0;0;1;POINT (13.57278 52.42779)
12;2019;10;6;3;3;3;6;1;1;1;0;0;0;0;1;POINT (13.32372 52.62491)
3;2019;10;9;5;3;2;6;0;0;1;0;0;0;0;0;POINT (13.43883 52.54756)
6;2019;10;18;4;3;5;3;0;0;1;0;0;0;1;0;POINT (13.32914 52.42303)
1;2019;10;13;4;3;1;5;0;1;1;0;0;0;0;0;POINT (13.41292 52.50643)
1;2019;10;17;3;3;5;2;0;1;1;0;0;0;0;0;POINT (13.36035 52.53724)
2;2019;10;9;4;3;5;2;0;1;0;0;0;1;0;0;POINT (13.44932 52.5244)
12;2019;10;16;3;3;5;3;0;0;1;0;0;0;0;1;POINT (13.31871 52.57292)
8;2019;10;6;4;2;8;1;1;0;1;0;0;0;0;1;POINT (13.44324 52.47405)
10;2019;10;1;4;2;5;2;2;1;0;0;0;0;1;1;POINT (13.56752 52.55602)
1;2019;10;22;4;3;5;2;2;0;1;0;0;0;1;0;POINT (13.38985 52.51122)
4;2019;10;16;3;3;5;3;0;0;1;0;0;0;0;1;POINT (13.26125 52.51783)
10;2019;10;21;4;2;6;4;2;0;1;1;0;0;0;0;POINT (13.51899 52.53101)
1;2019;10;20;4;3;0;2;2;1;1;0;0;0;0;0;POINT (13.4167 52.51945)
4;2019;10;20;4;3;1;5;2;1;1;0;0;0;0;0;POINT (13.32397 52.49575)
4;2019;10;19;4;3;5;2;2;1;1;0;0;0;0;0;POINT (13.31037 52.48934)
4;2019;10;15;4;3;2;6;0;0;1;0;1;0;0;0;POINT (13.32972 52.51005)
2;2019;10;14;4;3;3;6;0;0;1;0;1;0;0;0;POINT (13.46112 52.50102)
4;2019;10;12;4;3;5;7;0;1;1;0;0;0;0;0;POINT (13.33092 52.50056)
8;2019;10;14;4;3;6;7;0;0;1;1;0;0;0;0;POINT (13.43596 52.47878)
11;2019;10;7;4;3;5;3;0;1;0;0;0;0;0;1;POINT (13.52782 52.48993)
1;2019;10;18;4;3;6;4;2;0;1;1;0;0;0;0;POINT (13.3516 52.50521)
5;2019;10;7;4;3;3;5;0;0;1;0;0;1;0;0;POINT (13.19354 52.53396)
7;2019;10;18;4;2;5;2;2;1;1;0;0;0;0;0;POINT (13.36097 52.49426)
4;2019;10;17;4;3;5;2;0;1;1;0;0;0;0;0;POINT (13.32534 52.48654)
2;2019;10;21;4;2;3;6;2;1;1;0;0;0;0;1;POINT (13.39576 52.49615)
1;2019;10;14;4;2;6;4;0;0;1;1;0;0;0;0;POINT (13.42 52.50672)
1;2019;10;17;4;3;5;2;0;1;1;0;0;0;0;0;POINT (13.4223 52.51138)
7;2019;10;13;4;3;0;4;0;0;0;1;0;0;1;0;POINT (13.36285 52.41215)
11;2019;10;16;4;2;5;7;0;0;1;0;0;0;1;0;POINT (13.47793 52.51455)
6;2019;10;16;4;3;5;2;0;0;1;0;0;0;0;0;POINT (13.27218 52.45353)
4;2019;10;15;4;2;5;3;0;1;1;0;0;0;0;0;POINT (13.33032 52.51294)
11;2019;10;16;3;3;4;5;1;0;1;0;0;1;0;1;POINT (13.4727 52.50506)
9;2019;10;15;4;2;6;4;0;1;0;1;0;0;0;0;POINT (13.52267 52.40232)
3;2019;10;13;4;3;5;3;0;1;1;0;0;0;0;0;POINT (13.479 52.60745)
9;2019;10;15;4;2;6;7;0;0;1;1;0;0;0;0;POINT (13.47047 52.48262)
4;2019;10;15;4;2;3;6;0;1;1;0;0;0;0;0;POINT (13.31589 52.50658)
10;2019;10;10;4;3;3;6;0;0;1;0;0;1;0;0;POINT (13.5367 52.53912)
4;2019;10;16;3;3;5;2;0;1;1;0;0;0;0;1;POINT (13.28535 52.47952)
9;2019;10;6;4;3;5;7;2;0;1;0;0;0;0;1;POINT (13.48689 52.47628)
4;2019;10;8;1;3;6;4;0;0;1;1;0;0;0;0;POINT (13.3255 52.50937)
1;2019;10;23;4;3;1;5;2;0;1;0;0;1;0;0;POINT (13.35044 52.55788)
12;2019;11;15;6;3;5;7;0;0;1;0;0;0;0;1;POINT (13.33342 52.5641)
12;2019;10;21;6;2;4;6;2;0;1;0;0;0;0;0;POINT (13.32525 52.58903)
2;2019;10;0;2;3;0;3;2;1;0;0;1;0;0;1;POINT (13.3836 52.49352)
3;2019;11;10;5;3;5;7;0;1;1;0;0;0;0;0;POINT (13.4494 52.54796)
2;2019;10;14;5;3;1;5;0;0;1;0;1;0;0;0;POINT (13.38366 52.48499)
12;2019;10;17;1;2;6;2;2;0;1;1;0;0;0;1;POINT (13.33563 52.60275)
1;2019;10;12;4;3;3;6;0;0;1;0;1;0;0;0;POINT (13.35211 52.51574)
2;2019;10;1;7;2;5;3;2;0;1;0;0;0;0;0;POINT (13.40794 52.49997)
4;2019;10;16;3;3;1;1;0;1;1;0;0;0;0;1;POINT (13.33433 52.49514)
3;2019;11;18;5;3;5;2;2;1;1;0;0;0;0;0;POINT (13.43356 52.60771)
3;2019;10;0;6;2;0;1;2;0;0;0;0;0;1;0;POINT (13.4376 52.5297)
7;2019;10;10;2;3;2;6;0;0;1;0;0;0;0;0;POINT (13.40198 52.43972)
6;2019;11;16;5;3;0;6;1;0;0;0;0;0;1;1;POINT (13.25839 52.44644)
4;2019;10;19;5;3;5;7;2;0;1;0;0;0;0;0;POINT (13.31542 52.50106)
4;2019;10;11;2;3;5;2;0;0;1;0;1;0;0;0;POINT (13.30088 52.5154)
5;2019;11;9;5;3;2;6;0;0;1;0;1;0;0;0;POINT (13.2026 52.52376)
4;2019;10;23;5;3;1;5;2;1;1;0;0;0;1;0;POINT (13.32073 52.50598)
4;2019;10;16;1;3;2;6;1;0;1;0;0;0;0;1;POINT (13.31488 52.51299)
4;2019;10;10;4;3;5;2;0;0;1;0;0;0;0;0;POINT (13.28028 52.51833)
12;2019;10;18;7;3;1;5;2;0;1;0;0;0;0;0;POINT (13.33977 52.56633)
4;2019;10;13;3;3;5;3;0;0;1;0;1;0;0;0;POINT (13.26845 52.5139)
1;2019;11;20;5;2;6;4;2;0;1;1;0;0;0;1;POINT (13.33064 52.52725)
2;2019;10;13;6;2;1;5;0;1;1;0;0;0;0;0;POINT (13.39525 52.49942)
2;2019;10;7;2;3;0;7;1;0;0;0;1;0;0;1;POINT (13.37709 52.49175)
8;2019;10;10;5;3;2;6;0;0;1;0;0;1;0;0;POINT (13.44734 52.46554)
10;2019;10;18;4;3;5;3;2;1;0;0;0;0;1;1;POINT (13.57689 52.4955)
1;2019;10;12;5;3;0;2;0;1;1;0;0;0;0;0;POINT (13.36523 52.55803)
4;2019;10;7;1;3;2;6;0;1;1;0;0;0;0;0;POINT (13.26572 52.49946)
10;2019;10;18;4;3;6;4;2;0;1;1;0;0;0;0;POINT (13.5402 52.5263)
8;2019;11;21;6;3;6;2;2;0;1;1;0;0;0;1;POINT (13.50636 52.40299)
1;2019;10;16;6;3;6;4;0;1;0;1;0;0;0;0;POINT (13.3941 52.52841)
1;2019;10;18;1;2;0;1;2;0;0;0;1;0;0;1;POINT (13.34386 52.54639)
8;2019;10;19;4;3;6;4;2;0;1;1;0;0;0;0;POINT (13.42482 52.48795)
11;2019;11;8;6;2;3;6;0;0;0;0;1;0;1;1;POINT (13.49798 52.53414)
3;2019;10;17;6;3;2;4;2;0;1;1;0;0;0;0;POINT (13.51403 52.64121)
1;2019;10;10;3;3;2;2;0;0;1;0;0;0;0;0;POINT (13.3699 52.55977)
12;2019;10;8;3;2;5;2;0;0;1;0;0;0;0;0;POINT (13.32129 52.59357)
1;2019;11;17;5;2;5;3;2;1;1;0;0;0;0;1;POINT (13.37668 52.51076)
2;2019;10;18;5;3;1;5;2;1;1;0;0;0;0;0;POINT (13.39158 52.50678)
9;2019;10;11;2;2;6;4;0;0;0;1;0;1;0;0;POINT (13.57836 52.45747)
1;2019;10;15;4;3;6;7;0;0;1;1;0;0;0;0;POINT (13.36016 52.54694)
3;2019;10;12;5;3;2;6;0;0;1;0;0;0;0;0;POINT (13.40089 52.59059)
11;2019;10;8;1;3;6;4;0;0;1;1;0;0;0;0;POINT (13.51605 52.50582)
8;2019;10;10;4;2;5;5;0;0;1;0;1;0;0;0;POINT (13.43391 52.47852)
3;2019;11;16;6;2;5;3;2;0;1;0;0;0;1;1;POINT (13.39018 52.61854)
9;2019;10;15;6;3;0;6;0;0;0;0;1;0;1;0;POINT (13.55684 52.45581)
7;2019;10;16;2;3;3;6;2;0;1;0;1;0;0;0;POINT (13.38852 52.46573)
1;2019;11;12;5;3;2;2;0;0;1;0;0;0;0;0;POINT (13.38991 52.51029)
2;2019;10;15;5;2;5;2;0;0;1;0;1;0;0;0;POINT (13.38667 52.501)
2;2019;10;18;1;3;2;6;2;0;1;0;0;0;0;1;POINT (13.39948 52.49041)
4;2019;10;7;3;3;1;6;0;0;1;0;0;0;1;0;POINT (13.28276 52.49363)
9;2019;10;19;2;3;5;3;2;1;1;0;0;0;0;0;POINT (13.51043 52.46325)
2;2019;11;14;5;3;5;3;0;1;1;0;0;0;0;0;POINT (13.40147 52.50603)
8;2019;10;16;5;3;5;2;0;1;1;0;0;0;0;0;POINT (13.46452 52.47043)
6;2019;10;13;1;3;0;2;0;1;1;0;0;0;0;1;POINT (13.3298 52.42897)
8;2019;10;13;4;3;1;5;0;1;1;0;0;0;1;0;POINT (13.43693 52.48112)
1;2019;10;12;5;3;2;2;0;0;1;0;0;0;0;0;POINT (13.36781 52.52585)
4;2019;10;20;1;1;0;7;2;0;1;0;0;0;0;1;POINT (13.25554 52.47376)
8;2019;10;14;4;1;6;7;0;0;0;1;0;1;0;0;POINT (13.44092 52.4697)
5;2019;11;14;6;3;1;5;0;0;1;0;0;0;0;1;POINT (13.19781 52.52008)
1;2019;10;21;6;3;1;5;2;0;1;0;0;0;1;0;POINT (13.38834 52.55179)
2;2019;10;12;2;3;5;2;0;1;1;0;0;0;0;0;POINT (13.40586 52.48951)
11;2019;11;10;5;3;6;2;0;0;1;1;0;0;0;0;POINT (13.50693 52.49693)
2;2019;10;14;5;3;1;5;0;0;1;0;0;0;0;0;POINT (13.43129 52.50605)
8;2019;10;17;1;3;2;6;2;0;1;0;0;0;0;1;POINT (13.45906 52.47648)
12;2019;10;7;4;3;2;6;0;0;1;0;0;0;0;0;POINT (13.36024 52.57592)
2;2019;10;4;7;3;1;5;2;0;1;0;0;0;0;0;POINT (13.44594 52.49896)
1;2019;10;14;3;3;3;6;0;0;1;0;0;0;0;0;POINT (13.38881 52.51716)
2;2019;10;12;4;3;0;5;0;1;1;0;0;0;0;0;POINT (13.38423 52.49566)
1;2019;10;11;5;3;0;5;0;1;1;0;0;0;0;0;POINT (13.40752 52.5116)
9;2019;10;13;7;3;5;3;0;1;1;0;0;0;0;0;POINT (13.50084 52.44747)
1;2019;10;17;3;3;5;2;2;1;1;0;0;0;0;0;POINT (13.35114 52.50963)
4;2019;11;19;5;3;5;2;2;1;1;0;0;0;0;1;POINT (13.33038 52.49539)
4;2019;10;19;6;3;6;4;2;0;0;1;0;0;1;0;POINT (13.32262 52.48784)
5;2019;10;10;2;3;5;3;0;0;1;0;1;0;0;0;POINT (13.18988 52.53439)
12;2019;11;8;5;3;0;6;0;0;1;0;0;0;1;0;POINT (13.35386 52.56209)
3;2019;10;13;5;3;5;3;0;0;1;0;0;0;1;0;POINT (13.45257 52.53915)
10;2019;10;16;1;2;6;4;0;0;1;1;0;0;0;0;POINT (13.57189 52.57182)
8;2019;10;10;4;3;0;1;0;1;0;0;0;0;0;0;POINT (13.40561 52.41552)
12;2019;10;14;6;3;5;3;0;0;1;0;0;0;0;0;POINT (13.3266 52.5757)
11;2019;10;11;3;3;1;5;0;0;1;0;0;0;0;0;POINT (13.49985 52.52741)
4;2019;10;17;3;2;4;7;2;1;0;0;0;0;1;0;POINT (13.29475 52.53267)
9;2019;11;18;5;2;5;2;2;0;1;0;1;0;0;0;POINT (13.58614 52.42557)
8;2019;10;12;6;3;5;3;0;0;1;0;0;0;0;0;POINT (13.43868 52.44811)
3;2019;10;17;2;2;0;7;2;1;0;0;0;0;0;0;POINT (13.41952 52.56706)
4;2019;11;18;5;3;5;3;2;1;1;0;0;0;0;1;POINT (13.31511 52.49089)
2;2019;10;1;6;3;5;3;2;1;1;0;0;0;0;0;POINT (13.46722 52.50974)
5;2019;10;6;2;3;5;2;1;1;1;0;0;0;0;0;POINT (13.22724 52.53767)
3;2019;10;9;4;3;0;3;0;0;1;0;1;0;0;0;POINT (13.43795 52.55894)
4;2019;10;13;5;3;5;2;0;0;1;0;1;0;0;0;POINT (13.32298 52.49022)
7;2019;10;11;1;2;5;3;0;0;1;0;1;0;0;0;POINT (13.37769 52.4338)
7;2019;10;19;4;3;6;4;2;1;0;1;0;0;0;0;POINT (13.36026 52.48135)
8;2019;11;8;6;3;5;3;0;0;1;0;1;0;0;1;POINT (13.49865 52.41047)
2;2019;10;17;6;3;5;2;2;1;1;0;0;0;0;0;POINT (13.46109 52.51709)
1;2019;10;8;3;3;2;6;0;1;1;0;0;0;0;0;POINT (13.38055 52.51635)
4;2019;10;18;3;1;5;5;2;0;1;0;1;0;0;0;POINT (13.32638 52.47873)
7;2019;11;16;5;3;5;3;2;1;1;0;0;0;0;0;POINT (13.32545 52.46966)
10;2019;10;17;5;3;0;3;1;0;1;0;0;0;1;0;POINT (13.51717 52.53533)
12;2019;10;14;2;3;6;2;0;0;1;1;0;0;0;0;POINT (13.34369 52.61346)
1;2019;10;15;4;3;3;6;0;1;1;0;0;0;0;0;POINT (13.40239 52.52836)
4;2019;10;11;5;3;5;7;0;0;1;0;0;0;0;0;POINT (13.27918 52.52488)
6;2019;10;8;1;3;5;3;0;1;1;0;0;0;0;0;POINT (13.2439 52.42579)
4;2019;10;9;4;3;6;2;0;0;0;1;1;0;0;0;POINT (13.29961 52.47329)
4;2019;10;17;4;3;1;5;1;1;1;0;0;0;0;0;POINT (13.30026 52.49932)
12;2019;10;9;5;3;6;2;0;0;1;1;0;0;0;0;POINT (13.31737 52.56655)
11;2019;10;9;1;3;5;2;0;1;1;0;0;0;0;0;POINT (13.47582 52.50621)
6;2019;10;16;4;2;6;4;2;0;1;1;0;0;0;1;POINT (13.26673 52.41314)
6;2019;11;22;6;3;5;3;2;1;1;0;0;0;0;1;POINT (13.34244 52.43454)
5;2019;10;16;6;3;2;6;0;1;1;0;0;0;0;0;POINT (13.16576 52.55103)
3;2019;10;5;3;3;6;6;2;0;1;1;0;0;0;0;POINT (13.48134 52.6373)
8;2019;10;17;2;3;6;4;2;0;0;1;1;0;0;0;POINT (13.46637 52.46804)
12;2019;11;14;5;3;6;4;0;0;1;1;0;0;0;0;POINT (13.35539 52.56229)
4;2019;10;16;5;3;5;2;0;1;0;0;0;0;1;0;POINT (13.28147 52.51147)
12;2019;10;17;1;2;2;6;2;0;1;0;0;0;0;0;POINT (13.36124 52.57052)
1;2019;10;13;4;3;0;1;0;0;0;0;1;0;0;0;POINT (13.334 52.52113)
6;2019;10;8;5;3;2;6;0;0;1;0;0;0;0;0;POINT (13.34879 52.42261)
12;2019;10;17;7;3;2;6;2;0;1;0;0;0;0;0;POINT (13.28041 52.59423)
4;2019;10;19;3;3;6;2;2;0;1;1;0;0;0;0;POINT (13.31038 52.47902)
12;2019;11;17;5;3;5;3;1;0;1;0;0;0;0;1;POINT (13.32621 52.5917)
4;2019;10;14;6;3;0;7;0;0;0;0;0;0;1;0;POINT (13.323 52.4978)
10;2019;10;11;2;3;9;7;0;0;0;0;0;0;1;0;POINT (13.59868 52.5438)
2;2019;11;10;5;3;2;2;0;0;1;0;0;0;0;0;POINT (13.45682 52.50247)
2;2019;10;22;5;2;5;3;2;0;1;0;0;0;1;0;POINT (13.43019 52.51032)
7;2019;11;15;6;3;6;2;0;0;0;1;0;0;1;1;POINT (13.41954 52.39472)
9;2019;10;14;6;3;5;3;0;0;1;0;0;0;0;0;POINT (13.5533 52.4696)
7;2019;10;14;2;3;2;6;0;0;1;0;0;0;0;0;POINT (13.36237 52.44744)
8;2019;11;10;5;2;2;6;0;0;1;0;1;0;0;0;POINT (13.4388 52.45261)
11;2019;10;15;5;3;0;2;0;0;1;0;0;0;1;0;POINT (13.47602 52.53291)
4;2019;10;18;1;3;5;3;2;0;1;0;0;0;0;1;POINT (13.28181 52.51099)
2;2019;10;12;4;3;2;6;0;0;1;0;0;0;0;0;POINT (13.46615 52.50845)
2;2019;10;2;7;3;5;3;2;0;1;0;0;0;0;0;POINT (13.45202 52.50353)
7;2019;10;16;3;3;5;2;0;0;1;0;1;0;0;0;POINT (13.34887 52.45898)
12;2019;11;18;5;3;6;2;2;0;1;1;0;0;0;1;POINT (13.36037 52.59691)
4;2019;10;11;6;3;5;3;0;0;1;0;0;0;0;0;POINT (13.26893 52.51158)
9;2019;10;10;2;3;1;5;0;1;1;0;0;0;1;0;POINT (13.54049 52.43049)
2;2019;11;1;5;2;5;5;2;0;1;0;0;0;0;0;POINT (13.4453 52.49932)
2;2019;10;19;5;3;5;7;2;1;1;0;0;0;0;0;POINT (13.4452 52.49938)
1;2019;10;23;1;2;4;6;2;1;1;0;0;0;0;1;POINT (13.39208 52.52519)
8;2019;10;22;4;3;1;5;2;0;1;0;0;0;0;0;POINT (13.44953 52.42782)
6;2019;10;17;1;3;5;3;2;0;1;0;0;0;0;1;POINT (13.302 52.43236)
3;2019;10;4;4;3;5;2;2;0;1;0;1;0;0;0;POINT (13.41842 52.55342)
4;2019;10;19;7;3;6;2;2;0;1;1;0;0;0;0;POINT (13.30487 52.49434)
12;2019;10;13;3;3;2;6;0;0;1;0;0;0;0;0;POINT (13.36044 52.57624)
9;2019;11;21;5;2;0;1;2;1;0;0;0;0;0;1;POINT (13.59314 52.45343)
6;2019;10;13;6;3;0;1;0;1;0;0;0;0;0;0;POINT (13.3132 52.4288)
3;2019;10;8;2;3;5;2;0;1;1;0;0;0;0;0;POINT (13.42073 52.53369)
1;2019;10;17;4;3;5;3;2;1;1;0;0;0;0;0;POINT (13.40094 52.5184)
5;2019;10;10;1;3;5;2;0;1;1;0;0;0;0;0;POINT (13.19555 52.5292)
5;2019;10;18;4;3;6;4;2;0;1;1;0;0;0;0;POINT (13.15246 52.53296)
1;2019;11;0;6;3;2;6;2;0;1;0;0;0;0;1;POINT (13.35446 52.54915)
4;2019;10;17;6;3;5;3;1;1;1;0;0;0;0;0;POINT (13.33461 52.49521)
4;2019;10;8;3;3;2;6;0;0;1;0;0;0;1;0;POINT (13.29452 52.53263)
12;2019;10;19;2;3;5;2;2;1;1;0;0;0;0;0;POINT (13.28008 52.5757)
12;2019;11;16;5;3;1;5;0;0;1;0;0;0;0;0;POINT (13.35113 52.57028)
9;2019;10;14;5;3;0;6;0;1;0;0;0;0;0;0;POINT (13.58793 52.46903)
6;2019;11;9;6;3;2;2;0;0;1;0;0;0;0;1;POINT (13.30511 52.4179)
5;2019;10;17;6;3;0;7;1;1;1;0;0;0;0;0;POINT (13.15444 52.53325)
6;2019;10;10;3;3;5;3;0;0;1;0;0;0;0;0;POINT (13.34572 52.46093)
1;2019;10;13;3;2;2;6;0;0;0;0;1;1;0;0;POINT (13.36792 52.52589)
2;2019;11;21;5;3;5;3;2;1;1;0;0;0;0;1;POINT (13.43066 52.51109)
1;2019;10;19;5;3;5;2;2;1;1;0;0;0;0;0;POINT (13.38801 52.5218)
7;2019;10;12;2;2;5;3;0;1;0;0;1;0;0;0;POINT (13.38354 52.4686)
11;2019;10;15;4;3;0;2;1;0;1;0;0;0;1;0;POINT (13.48007 52.52668)
4;2019;10;8;5;3;6;4;0;0;1;1;0;0;0;0;POINT (13.31182 52.52565)
1;2019;10;8;1;3;5;3;0;1;1;0;0;0;0;0;POINT (13.36143 52.53784)
1;2019;10;14;4;2;5;3;0;1;1;0;0;0;0;0;POINT (13.4043 52.5272)
1;2019;11;17;6;3;2;2;2;0;1;0;0;0;0;1;POINT (13.35033 52.54155)
1;2019;10;15;6;3;2;6;0;0;1;0;0;0;0;0;POINT (13.33811 52.5411)
11;2019;10;16;2;3;5;2;1;1;0;0;0;0;1;0;POINT (13.51546 52.53766)
4;2019;11;13;5;3;5;3;0;1;1;0;0;0;0;0;POINT (13.31511 52.4909)
8;2019;10;15;5;2;5;3;0;0;1;0;1;0;0;0;POINT (13.46015 52.43185)
1;2019;10;18;1;3;1;5;2;1;1;0;0;0;0;1;POINT (13.39254 52.51498)
9;2019;10;8;4;3;5;2;0;1;1;0;0;0;0;0;POINT (13.51188 52.46292)
4;2019;10;8;5;3;5;2;0;1;1;0;0;0;0;0;POINT (13.28229 52.48379)
11;2019;10;13;7;3;2;6;0;1;1;0;0;0;0;0;POINT (13.47822 52.50666)
3;2019;10;6;1;3;5;2;0;1;1;0;0;0;0;0;POINT (13.48125 52.60936)
3;2019;10;10;4;3;0;1;0;0;1;0;0;0;0;0;POINT (13.49886 52.63522)
7;2019;10;7;5;3;6;2;0;0;1;1;0;0;0;0;POINT (13.37782 52.47239)
5;2019;10;5;1;3;2;6;1;0;1;0;0;0;0;0;POINT (13.19826 52.53259)
2;2019;10;19;4;3;1;5;2;1;0;0;0;0;1;0;POINT (13.39484 52.50248)
7;2019;11;15;6;3;6;4;0;0;1;1;0;0;0;1;POINT (13.36792 52.4851)
7;2019;10;14;6;3;0;5;0;1;0;0;1;0;0;0;POINT (13.34172 52.50204)
3;2019;10;13;2;3;2;6;0;0;1;0;0;0;0;0;POINT (13.43304 52.596)
6;2019;11;10;5;3;2;6;0;0;1;0;0;0;0;0;POINT (13.32056 52.45664)
5;2019;10;15;5;2;0;2;0;0;1;0;0;0;1;0;POINT (13.1995 52.5348)
3;2019;10;17;1;3;5;3;2;0;1;0;0;0;0;1;POINT (13.41211 52.53114)
6;2019;10;7;4;3;2;6;0;0;1;0;0;0;0;1;POINT (13.3289 52.45991)
2;2019;10;1;7;3;5;2;2;0;1;0;0;0;0;0;POINT (13.3943 52.50115)
9;2019;10;15;3;3;5;2;0;0;1;0;0;0;0;0;POINT (13.52666 52.4265)
7;2019;11;18;5;3;2;2;2;1;1;0;0;0;0;1;POINT (13.34912 52.49048)
4;2019;10;0;6;2;1;5;2;1;1;0;0;0;0;0;POINT (13.28505 52.49294)
4;2019;10;20;3;3;5;3;1;0;1;0;0;0;0;0;POINT (13.30385 52.49951)
1;2019;11;20;5;3;5;3;2;0;1;0;0;0;0;1;POINT (13.37845 52.55041)
7;2019;10;20;6;3;1;7;2;0;1;0;0;0;0;0;POINT (13.37288 52.45357)
8;2019;10;16;2;3;0;3;0;0;0;0;1;0;1;1;POINT (13.43532 52.42553)
7;2019;11;9;5;3;2;2;0;0;1;0;0;0;0;0;POINT (13.35219 52.48981)
12;2019;10;14;5;3;5;7;0;0;1;0;1;0;0;0;POINT (13.32521 52.56476)