bez;ujahr;umonat;ustunde;uwochentag;ukategorie;uart;utyp1;ulichtverh;istrad;istpkw;istfuss;istkrad;istgkfz;istsonstige;ustrzustand;geometry
8;2019;10;16;1;3;3;6;0;0;1;0;1;0;0;0;POINT (13.42599 52.47795)
9;2019;10;10;4;3;3;6;0;0;1;0;0;0;0;0;POINT (13.48224 52.46161)
8;2019;10;12;6;3;5;3;0;1;1;0;0;0;0;0;POINT (13.43668 52.43986)
1;2019;10;12;3;3;6;4;0;0;1;1;0;0;0;0;POINT (13.40349 52.52309)
9;2019;10;17;3;2;0;6;2;0;0;0;1;0;1;0;POINT (13.56368 52.42042)
2;2019;11;23;5;3;2;6;2;0;1;0;0;0;0;1;POINT (13.41731 52.49901)
10;2019;10;12;6;3;0;5;0;0;1;0;1;0;0;0;POINT (13.60667 52.53445)
6;2019;10;8;2;3;5;3;0;1;1;0;0;0;0;1;POINT (13.22955 52.4338)
4;2019;10;17;4;3;6;4;2;0;1;1;0;0;0;0;POINT (13.29387 52.49769)
3;2019;10;7;5;3;7;7;1;0;0;0;1;0;0;0;POINT (13.48723 52.61378)
10;2019;10;9;1;3;5;2;0;0;1;0;1;0;0;0;POINT (13.56358 52.49783)
1;2019;10;9;2;3;5;2;0;1;0;0;0;0;0;0;POINT (13.40119 52.51042)
4;2019;10;9;4;3;1;5;0;1;1;0;0;0;0;0;POINT (13.32218 52.50642)
10;2019;10;16;5;3;0;1;0;1;0;0;0;0;0;0;POINT (13.61318 52.49981)
8;2019;10;11;1;3;3;6;0;0;1;0;0;0;0;0;POINT (13.45668 52.47345)
10;2019;10;19;4;3;6;4;2;0;1;1;0;0;0;0;POINT (13.60184 52.5376)
3;2019;11;8;6;3;5;2;1;1;1;0;0;0;0;1;POINT (13.4304 52.55126)
3;2019;10;17;6;3;1;5;0;1;1;0;0;0;0;0;POINT (13.45998 52.55302)
9;2019;10;10;3;3;4;7;0;0;1;0;0;0;1;0;POINT (13.4956 52.44901)
7;2019;10;8;3;3;6;2;0;0;1;1;0;0;0;0;POINT (13.34741 52.47059)
11;2019;11;22;5;2;5;3;2;0;1;0;1;0;0;1;POINT (13.51424 52.55666)
10;2019;10;18;5;3;2;6;1;0;1;0;0;0;0;0;POINT (13.62117 52.53084)
6;2019;10;8;2;2;5;3;0;0;1;0;0;0;1;0;POINT (13.27746 52.41346)
6;2019;10;15;4;3;5;3;0;0;1;0;0;0;0;0;POINT (13.35744 52.42295)
7;2019;10;7;5;3;2;6;0;0;1;0;0;0;0;0;POINT (13.34496 52.47941)
12;2019;10;8;1;3;2;6;0;0;1;0;0;0;0;0;POINT (13.35241 52.59648)
10;2019;10;1;4;2;2;3;2;0;1;0;0;0;0;0;POINT (13.55018 52.54282)
1;2019;11;16;6;3;5;3;0;0;1;0;0;0;1;1;POINT (13.35982 52.52346)
1;2019;10;15;6;2;6;2;0;0;1;1;0;0;0;0;POINT (13.33765 52.52543)
10;2019;10;14;2;3;6;6;0;1;0;1;0;0;0;0;POINT (13.59724 52.54423)
8;2019;10;19;4;2;5;5;2;0;1;0;1;0;0;0;POINT (13.42632 52.47717)
4;2019;11;20;6;3;2;6;2;0;1;0;0;0;0;1;POINT (13.32348 52.50582)
7;2019;10;16;6;3;6;7;0;1;0;1;0;0;0;0;POINT (13.35522 52.49473)
3;2019;10;7;3;3;2;6;0;0;1;0;0;0;0;1;POINT (13.48001 52.5666)
11;2019;10;18;2;3;0;1;2;0;0;0;1;0;0;0;POINT (13.49293 52.501)
1;2019;10;9;5;3;5;7;0;0;1;0;1;0;0;0;POINT (13.37319 52.51777)
7;2019;11;15;5;3;5;3;0;1;1;0;0;0;0;0;POINT (13.3764 52.4601)
9;2019;10;16;5;3;6;4;0;0;0;1;0;0;1;0;POINT (13.53908 52.40299)
4;2019;10;20;1;3;5;3;2;0;1;0;0;0;0;1;POINT (13.28009 52.51838)
6;2019;10;13;4;3;5;3;0;1;1;0;0;0;0;0;POINT (13.31569 52.44716)
5;2019;10;3;5;3;9;1;2;0;1;0;0;0;0;1;POINT (13.13252 52.47311)
7;2019;10;18;7;3;2;2;2;0;1;0;0;0;0;0;POINT (13.35282 52.49481)
9;2019;10;6;3;3;5;3;2;1;1;0;0;0;0;0;POINT (13.59488 52.43319)
2;2019;10;9;5;3;2;6;0;1;1;0;0;0;0;0;POINT (13.43358 52.5198)
2;2019;11;12;6;3;5;3;0;0;1;0;0;0;0;1;POINT (13.45948 52.50793)
4;2019;10;21;6;3;0;1;2;0;0;0;0;0;1;0;POINT (13.30243 52.5068)
1;2019;10;11;2;3;5;3;0;1;0;0;1;0;0;0;POINT (13.39395 52.51925)
2;2019;11;10;5;3;2;2;0;1;1;0;0;0;0;0;POINT (13.42917 52.5109)
2;2019;10;14;5;3;2;7;0;1;1;0;0;0;0;0;POINT (13.44213 52.50124)
7;2019;10;17;1;3;0;5;2;1;1;0;0;0;0;1;POINT (13.38063 52.44526)
3;2019;10;7;4;3;2;6;0;0;1;0;0;0;0;0;POINT (13.44805 52.53778)
5;2019;10;15;5;3;2;6;0;0;1;0;0;0;0;0;POINT (13.18379 52.54305)
12;2019;11;11;5;3;2;6;0;0;0;0;0;0;1;0;POINT (13.2965 52.58034)
4;2019;10;15;5;3;5;3;0;1;1;0;0;0;0;0;POINT (13.31938 52.50151)
2;2019;10;18;1;3;2;6;2;0;1;0;0;0;0;1;POINT (13.38885 52.49936)
3;2019;10;7;4;3;5;3;0;1;1;0;0;0;0;0;POINT (13.45509 52.55932)
4;2019;10;0;5;3;5;2;2;0;1;0;0;0;0;0;POINT (13.29489 52.53963)
1;2019;10;11;7;3;0;1;0;0;0;0;1;0;0;1;POINT (13.38468 52.53101)
4;2019;10;16;3;3;5;7;1;0;1;0;0;0;0;0;POINT (13.32541 52.50357)
10;2019;10;17;4;2;1;4;1;1;1;1;0;0;0;0;POINT (13.60198 52.53691)
1;2019;11;19;5;3;2;6;2;0;1;0;0;0;0;1;POINT (13.35481 52.55213)
4;2019;10;12;6;3;5;7;0;0;1;0;0;0;0;0;POINT (13.32038 52.48306)
4;2019;10;10;2;3;5;2;0;1;1;0;0;0;0;1;POINT (13.26159 52.51566)
10;2019;10;21;4;3;5;3;2;0;1;0;0;0;0;0;POINT (13.5989 52.52834)
3;2019;11;7;5;3;5;2;1;1;1;0;0;0;0;0;POINT (13.45817 52.52555)
1;2019;10;21;5;3;8;1;2;0;0;0;0;0;1;0;POINT (13.39493 52.51242)
4;2019;10;15;1;3;5;5;0;0;1;0;0;0;1;0;POINT (13.31353 52.50401)
2;2019;10;7;4;3;5;2;0;1;1;0;0;0;0;0;POINT (13.40114 52.5063)
9;2019;10;18;4;3;5;2;0;1;1;0;0;0;0;0;POINT (13.55085 52.42906)
8;2019;10;17;6;3;0;6;1;0;1;0;1;0;0;0;POINT (13.43275 52.46495)
1;2019;10;11;3;3;5;3;0;1;1;0;0;0;0;0;POINT (13.39279 52.56409)
10;2019;10;18;4;2;5;2;2;1;1;0;0;0;0;1;POINT (13.56376 52.51886)
5;2019;10;13;3;2;5;2;0;1;1;0;0;0;0;0;POINT (13.18542 52.55155)
1;2019;10;16;4;3;1;5;0;1;1;0;0;0;0;0;POINT (13.38894 52.51633)
3;2019;10;16;4;2;3;5;0;1;1;0;0;0;0;0;POINT (13.40803 52.56582)
2;2019;10;20;7;3;5;3;2;0;1;0;0;0;0;0;POINT (13.44064 52.51713)
12;2019;10;14;3;3;2;6;0;0;1;0;0;0;0;0;POINT (13.29831 52.61357)
12;2019;10;16;4;3;2;6;0;0;1;0;0;0;1;0;POINT (13.24636 52.60111)
9;2019;10;15;4;3;3;6;0;0;0;0;0;0;1;0;POINT (13.57864 52.45778)
4;2019;11;17;5;3;3;6;2;0;1;0;0;0;0;1;POINT (13.28258 52.51847)
8;2019;10;13;6;3;2;2;0;0;1;0;1;0;0;0;POINT (13.43491 52.44028)
8;2019;10;7;2;3;5;3;0;1;1;0;0;0;0;1;POINT (13.47006 52.43495)
9;2019;10;15;4;3;5;3;0;0;1;0;0;0;0;0;POINT (13.54658 52.40088)
7;2019;10;7;4;3;5;2;0;1;1;1;0;0;0;0;POINT (13.33507 52.46801)
8;2019;10;13;5;3;5;3;0;0;1;0;1;0;0;0;POINT (13.43681 52.46516)
3;2019;10;10;1;3;6;4;0;1;0;1;0;0;0;0;POINT (13.42831 52.56184)
6;2019;10;18;4;3;1;5;2;1;1;0;0;0;0;0;POINT (13.33424 52.45181)
4;2019;11;5;6;3;0;1;2;0;1;0;0;0;0;1;POINT (13.31367 52.48097)
3;2019;10;17;6;3;5;7;0;0;1;0;0;0;1;0;POINT (13.39252 52.58214)
11;2019;10;8;3;3;2;6;0;1;1;0;0;0;0;0;POINT (13.49081 52.50343)
8;2019;10;22;2;3;5;7;2;0;1;0;0;0;0;0;POINT (13.42448 52.48637)
4;2019;11;16;5;3;5;3;1;0;1;0;0;0;0;0;POINT (13.31585 52.50626)
11;2019;10;17;5;3;2;6;0;0;1;0;0;0;0;0;POINT (13.50379 52.56266)
7;2019;10;17;2;3;0;7;1;0;0;1;0;0;1;0;POINT (13.36385 52.4767)
1;2019;10;14;4;3;5;5;0;1;1;0;0;0;0;0;POINT (13.40054 52.52173)
8;2019;10;11;5;3;6;4;0;0;1;1;0;0;0;0;POINT (13.44633 52.43694)
4;2019;11;16;6;3;6;4;0;0;1;1;0;0;0;0;POINT (13.32149 52.48642)
8;2019;11;20;5;3;8;1;2;0;1;0;0;0;0;1;POINT (13.4436 52.46427)
6;2019;10;12;6;3;0;2;0;1;1;0;0;0;0;0;POINT (13.26168 52.44173)
8;2019;11;22;6;3;5;3;2;0;1;0;0;0;0;1;POINT (13.44271 52.46504)
10;2019;10;13;2;2;6;2;0;0;1;1;0;0;0;0;POINT (13.58943 52.52321)
4;2019;11;22;6;3;5;2;2;0;1;0;0;0;0;1;POINT (13.32034 52.4814)
11;2019;10;16;4;3;2;6;2;0;1;0;0;0;0;0;POINT (13.52581 52.49378)
3;2019;10;10;5;3;5;3;0;0;1;0;0;0;1;0;POINT (13.46688 52.61503)
8;2019;11;12;6;3;3;6;0;0;1;0;0;0;1;1;POINT (13.43486 52.4408)
11;2019;11;12;6;3;5;3;0;1;1;0;0;0;0;0;POINT (13.52206 52.49723)
2;2019;10;8;1;3;5;3;0;0;1;0;1;0;0;0;POINT (13.45243 52.51248)
7;2019;10;16;4;2;5;3;0;1;1;0;0;0;0;0;POINT (13.38284 52.41112)
12;2019;11;11;6;2;5;7;0;0;1;0;1;0;0;1;POINT (13.35213 52.57371)
9;2019;11;11;6;2;3;2;0;0;1;0;0;0;1;0;POINT (13.57178 52.45112)
12;2019;11;17;6;3;6;4;2;0;1;1;0;0;0;1;POINT (13.30964 52.58384)
4;2019;10;16;6;3;1;5;0;1;1;0;0;0;0;0;POINT (13.31401 52.50084)
8;2019;10;6;3;3;5;3;2;1;1;0;0;0;0;1;POINT (13.4959 52.43205)
7;2019;11;11;6;3;0;2;0;0;1;0;1;0;0;1;POINT (13.36091 52.49012)
12;2019;10;17;2;3;0;3;2;0;1;0;1;0;1;0;POINT (13.37471 52.56139)
3;2019;11;11;6;3;0;2;0;1;1;0;0;0;0;1;POINT (13.41316 52.54768)
11;2019;10;17;4;3;6;4;0;0;1;1;0;0;0;0;POINT (13.496 52.53412)
6;2019;11;14;5;3;1;5;0;1;1;0;0;0;0;0;POINT (13.31391 52.43586)
5;2019;10;16;5;3;0;4;0;0;0;1;0;0;1;0;POINT (13.19665 52.56278)
10;2019;11;10;6;3;5;3;0;0;1;0;0;0;0;1;POINT (13.60227 52.53606)
3;2019;10;19;1;3;5;3;2;1;1;0;0;0;0;0;POINT (13.36946 52.59738)
11;2019;10;8;4;3;1;5;0;1;1;0;0;0;0;0;POINT (13.47334 52.52058)
2;2019;10;10;5;3;1;5;0;0;1;0;0;0;0;0;POINT (13.43342 52.50318)
12;2019;11;10;6;3;5;3;0;0;1;0;0;0;0;1;POINT (13.36591 52.60455)
9;2019;11;10;6;3;5;2;0;0;1;0;0;0;0;1;POINT (13.51965 52.42822)
6;2019;10;16;7;3;0;3;0;1;1;0;0;0;0;1;POINT (13.22443 52.42556)
6;2019;10;18;3;3;5;2;2;0;1;0;0;0;0;1;POINT (13.2402 52.44271)
6;2019;11;10;6;3;0;3;0;0;0;0;1;0;1;1;POINT (13.30464 52.46203)
1;2019;10;15;4;3;1;5;0;1;1;0;0;0;0;0;POINT (13.38734 52.52582)
1;2019;11;15;5;3;5;2;1;1;0;0;0;0;1;0;POINT (13.37685 52.51073)
4;2019;10;20;6;3;0;7;1;0;1;0;0;0;0;0;POINT (13.3144 52.47202)
2;2019;11;7;2;3;6;4;0;1;0;1;0;0;0;0;POINT (13.39574 52.49908)
7;2019;11;6;2;2;1;7;1;0;1;0;0;0;1;0;POINT (13.38746 52.45883)
6;2019;11;14;2;2;1;5;0;0;1;0;0;0;0;0;POINT (13.25077 52.42253)
12;2019;11;13;2;3;3;6;0;1;1;0;0;0;0;0;POINT (13.24991 52.59482)
1;2019;11;13;2;3;0;2;0;1;1;0;0;0;0;0;POINT (13.37114 52.50131)
1;2019;11;11;2;3;5;7;0;0;1;0;0;0;0;0;POINT (13.35121 52.5521)
1;2019;11;9;2;3;5;2;0;1;1;0;0;0;0;0;POINT (13.38975 52.51129)
12;2019;11;18;2;3;5;2;2;0;1;0;1;0;0;0;POINT (13.35094 52.56948)
12;2019;11;18;2;3;2;6;2;0;1;0;0;0;1;0;POINT (13.29595 52.57679)
10;2019;11;18;2;3;5;2;2;1;1;0;0;0;0;0;POINT (13.57565 52.49006)
9;2019;11;17;2;3;6;2;2;0;1;1;0;0;0;0;POINT (13.65579 52.41551)
4;2019;11;17;2;3;0;6;2;0;1;0;0;0;1;0;POINT (13.32616 52.53822)
7;2019;11;16;2;3;5;2;2;0;1;0;0;0;0;0;POINT (13.40672 52.39377)
1;2019;11;16;2;3;5;3;2;1;1;0;0;0;0;0;POINT (13.39013 52.50946)
11;2019;11;15;2;3;2;6;0;0;1;0;0;0;0;0;POINT (13.50872 52.54887)
1;2019;11;15;1;3;2;6;0;1;1;0;0;0;0;0;POINT (13.37679 52.52254)
9;2019;11;15;1;3;0;6;0;1;0;1;0;0;0;0;POINT (13.56535 52.43902)
3;2019;11;7;1;2;5;2;2;1;1;0;0;0;0;0;POINT (13.4286 52.58308)
1;2019;11;6;1;2;6;2;1;0;1;1;0;0;0;0;POINT (13.37084 52.51787)
8;2019;11;6;1;3;5;3;1;1;0;0;0;0;1;1;POINT (13.43316 52.4449)
1;2019;11;12;1;2;3;6;0;1;1;0;0;0;0;0;POINT (13.3401 52.52633)
7;2019;11;12;1;3;0;3;0;1;0;0;0;0;1;0;POINT (13.35056 52.4091)
1;2019;11;11;1;3;2;6;0;0;1;0;0;0;0;0;POINT (13.40643 52.51808)
12;2019;11;11;1;3;5;2;0;0;1;0;0;0;1;0;POINT (13.29036 52.63346)
12;2019;11;10;1;3;5;7;0;1;1;0;0;0;0;0;POINT (13.23506 52.6085)
3;2019;11;10;1;3;5;2;0;1;0;0;0;1;0;0;POINT (13.422 52.53566)
6;2019;11;9;1;2;5;2;0;1;0;0;0;1;0;0;POINT (13.30393 52.45866)
1;2019;11;19;1;3;2;6;2;0;1;0;1;0;0;0;POINT (13.35073 52.51171)
11;2019;11;9;1;3;5;2;0;0;1;0;0;1;0;0;POINT (13.4776 52.53085)
7;2019;11;18;1;3;2;3;2;0;1;0;0;0;0;0;POINT (13.34516 52.48912)
2;2019;11;18;1;3;3;3;2;0;1;0;0;0;0;0;POINT (13.44063 52.51708)
3;2019;11;17;1;3;5;3;2;1;1;0;0;0;0;0;POINT (13.46738 52.59709)
3;2019;11;17;1;3;3;6;2;0;1;0;0;0;1;0;POINT (13.45356 52.55159)
3;2019;11;15;1;3;5;3;0;0;1;0;0;0;0;0;POINT (13.42653 52.55538)
6;2019;11;15;1;3;0;6;1;0;1;0;0;0;1;0;POINT (13.33098 52.45322)
9;2019;11;15;1;3;5;3;0;0;1;0;0;0;0;0;POINT (13.48834 52.4513)
1;2019;11;15;1;3;5;2;0;1;1;0;0;0;0;0;POINT (13.34434 52.53833)
10;2019;11;15;1;3;5;3;0;1;1;0;0;0;0;0;POINT (13.56499 52.52227)
3;2019;11;15;1;3;5;2;0;1;1;0;0;0;0;0;POINT (13.42794 52.54551)
10;2019;11;13;1;3;2;2;0;0;1;0;1;0;0;0;POINT (13.6136 52.50918)
9;2019;11;13;1;3;2;6;0;0;1;0;0;0;0;0;POINT (13.56904 52.44458)
5;2019;11;12;1;3;5;3;0;0;1;0;0;0;0;0;POINT (13.2726 52.53253)
6;2019;11;21;7;3;5;3;2;0;1;0;0;0;0;1;POINT (13.34689 52.44999)
1;2019;11;20;7;3;2;6;2;0;1;0;0;0;0;0;POINT (13.38324 52.55157)
7;2019;11;19;7;2;0;7;2;0;0;1;0;0;1;0;POINT (13.34497 52.48608)
6;2019;11;17;7;3;5;2;2;0;1;0;1;0;0;0;POINT (13.3178 52.4144)
8;2019;11;17;7;3;6;2;2;0;1;1;0;0;0;1;POINT (13.43471 52.44018)
5;2019;11;14;7;3;5;2;0;1;1;0;0;0;0;0;POINT (13.1629 52.55156)
12;2019;11;13;7;3;3;6;0;1;0;0;0;0;0;0;POINT (13.32809 52.59343)
1;2019;11;14;7;3;2;6;0;0;1;0;1;0;0;0;POINT (13.36004 52.50985)
3;2019;11;13;7;3;2;6;0;0;1;0;0;0;1;0;POINT (13.38109 52.57427)
5;2019;11;13;7;2;0;2;0;0;1;0;0;0;1;0;POINT (13.19863 52.55526)
2;2019;11;11;7;2;6;4;0;0;1;1;0;0;0;0;POINT (13.43923 52.51234)
3;2019;11;11;7;3;5;3;0;0;1;0;0;0;0;0;POINT (13.4595 52.54797)
11;2019;11;10;7;2;0;1;0;0;0;0;1;0;0;1;POINT (13.49555 52.56534)
1;2019;11;7;7;3;2;6;0;0;1;0;0;0;0;0;POINT (13.33793 52.52647)
7;2019;11;5;7;3;6;7;2;0;1;1;1;0;0;1;POINT (13.3528 52.41749)
3;2019;11;0;7;3;0;5;2;0;0;0;1;0;1;1;POINT (13.40907 52.5413)
11;2019;11;18;6;2;5;3;2;0;1;0;1;0;0;1;POINT (13.49629 52.52043)
4;2019;11;15;6;3;5;3;0;0;1;1;0;0;0;0;POINT (13.32019 52.48388)
1;2019;11;17;6;3;1;5;2;1;1;0;0;0;0;1;POINT (13.36254 52.50113)
5;2019;11;17;6;3;2;7;2;0;1;0;0;0;0;1;POINT (13.22762 52.53787)
1;2019;11;17;6;3;2;2;2;0;1;0;0;0;0;1;POINT (13.39091 52.56322)
8;2019;11;16;6;3;5;2;2;1;1;0;0;0;0;1;POINT (13.44523 52.47909)
4;2019;11;15;6;2;5;2;0;0;1;0;0;0;0;1;POINT (13.29672 52.54807)
11;2019;11;20;6;3;9;1;2;0;1;0;0;0;0;1;POINT (13.50838 52.54843)
9;2019;11;14;6;3;5;2;0;0;1;0;0;0;0;1;POINT (13.51435 52.46876)
8;2019;11;14;6;3;5;2;0;0;1;0;0;0;0;1;POINT (13.44734 52.46427)
1;2019;11;14;6;3;6;2;0;0;1;1;0;0;0;1;POINT (13.39806 52.53488)
6;2019;11;14;6;3;5;3;0;0;1;0;0;0;0;1;POINT (13.30642 52.43417)
5;2019;11;19;6;2;0;1;2;0;0;0;1;0;0;1;POINT (13.19396 52.55087)
1;2019;11;14;6;3;0;1;0;0;0;0;1;0;0;1;POINT (13.34151 52.50564)
8;2019;11;14;6;3;6;2;0;0;1;1;0;0;0;1;POINT (13.42515 52.48006)
1;2019;11;14;6;3;2;6;0;0;1;0;0;0;1;1;POINT (13.37994 52.55607)
1;2019;11;18;6;2;1;5;2;0;1;0;0;0;0;0;POINT (13.40054 52.52173)
12;2019;11;18;6;3;5;7;2;0;1;0;0;0;0;1;POINT (13.32038 52.56589)
1;2019;11;13;6;3;5;3;0;1;1;0;0;0;0;1;POINT (13.39857 52.52344)
7;2019;11;18;6;3;0;6;2;0;0;0;1;0;1;1;POINT (13.3434 52.47266)
7;2019;11;13;6;3;4;7;0;0;1;0;0;0;0;1;POINT (13.36171 52.44716)
8;2019;11;12;6;3;3;6;0;0;1;0;1;0;0;1;POINT (13.4348 52.48442)
9;2019;11;12;6;3;5;2;0;0;1;0;0;0;0;1;POINT (13.53883 52.45761)
8;2019;11;11;6;3;2;6;0;0;1;0;0;0;0;1;POINT (13.45231 52.45239)
8;2019;11;11;6;3;2;6;0;0;1;0;0;0;0;1;POINT (13.43204 52.46625)
5;2019;11;0;6;3;1;1;2;0;1;0;0;0;1;1;POINT (13.23158 52.54528)
2;2019;11;0;6;3;0;1;2;1;0;0;0;0;0;1;POINT (13.45006 52.5075)
6;2019;11;23;6;3;5;2;2;0;1;0;0;0;0;1;POINT (13.30961 52.43128)
1;2019;11;23;6;3;1;5;2;1;1;0;0;0;1;0;POINT (13.41851 52.51047)
2;2019;11;22;6;3;5;2;2;1;1;0;0;0;0;1;POINT (13.46661 52.5013)
12;2019;11;22;6;3;2;6;2;0;1;0;0;0;0;0;POINT (13.28533 52.57562)
1;2019;11;21;6;2;6;2;2;0;1;1;0;0;0;0;POINT (13.39364 52.54118)
5;2019;11;21;6;2;2;6;2;0;1;0;0;0;0;1;POINT (13.19762 52.52339)
2;2019;11;21;6;3;2;6;2;0;1;0;0;0;0;1;POINT (13.41204 52.48841)
1;2019;11;18;6;3;0;1;2;1;0;0;0;0;0;1;POINT (13.36548 52.52525)
1;2019;11;11;5;3;5;2;0;1;1;0;0;0;0;0;POINT (13.3704 52.54465)
10;2019;11;23;5;3;1;5;2;0;1;0;0;1;0;1;POINT (13.60617 52.5345)
4;2019;11;23;5;3;5;3;2;0;1;0;0;0;0;1;POINT (13.31965 52.503)
2;2019;11;22;5;3;2;6;2;0;1;0;0;0;0;1;POINT (13.41599 52.4987)
10;2019;11;22;5;2;4;6;2;0;1;0;0;0;0;1;POINT (13.61019 52.4944)
5;2019;11;21;5;3;5;2;2;0;1;0;0;0;0;1;POINT (13.12236 52.52867)
9;2019;11;20;5;3;5;2;2;0;1;0;0;0;0;1;POINT (13.47866 52.47755)
2;2019;11;20;5;3;6;2;2;0;1;1;0;0;0;1;POINT (13.42318 52.48658)
1;2019;11;19;5;2;6;4;2;0;1;1;0;0;0;1;POINT (13.37269 52.54018)
5;2019;11;19;5;3;5;2;2;0;1;0;1;0;0;1;POINT (13.18475 52.53419)
6;2019;11;18;5;3;5;3;2;0;1;0;0;0;0;1;POINT (13.36059 52.44677)
12;2019;11;18;5;3;5;3;2;0;1;0;1;0;0;0;POINT (13.32668 52.59207)
12;2019;11;18;5;2;6;7;1;0;1;1;0;0;0;0;POINT (13.32674 52.56434)
3;2019;11;10;5;3;5;2;0;0;1;0;1;0;0;0;POINT (13.41026 52.56206)
2;2019;11;9;5;3;3;6;0;0;1;0;0;0;0;0;POINT (13.40334 52.49384)
11;2019;11;14;5;2;6;4;0;0;0;1;0;1;0;0;POINT (13.47363 52.53579)
5;2019;11;9;5;3;5;5;0;0;1;0;0;0;0;0;POINT (13.16769 52.52095)
3;2019;11;14;5;3;5;3;0;0;1;0;0;0;0;0;POINT (13.37444 52.58538)
8;2019;11;13;5;3;5;2;0;1;1;0;0;0;0;0;POINT (13.42715 52.47519)
12;2019;11;8;5;3;1;5;0;0;1;0;0;0;0;0;POINT (13.30271 52.56884)
8;2019;11;11;5;3;1;7;0;0;1;0;0;0;0;0;POINT (13.43467 52.47453)
4;2019;11;11;5;3;5;3;0;0;1;0;1;0;0;0;POINT (13.30651 52.5275)
2;2019;11;11;5;3;2;6;0;0;1;0;0;0;0;0;POINT (13.42158 52.48711)
2;2019;11;8;5;3;5;3;0;1;0;0;1;0;0;0;POINT (13.42934 52.52125)
7;2019;11;7;5;3;5;3;0;1;1;0;0;0;0;0;POINT (13.41032 52.39919)
7;2019;11;6;5;3;0;2;1;1;1;0;0;0;0;0;POINT (13.35131 52.41415)
5;2019;11;6;5;3;9;1;2;0;1;0;0;0;0;0;POINT (13.19977 52.53478)
11;2019;11;17;5;2;6;4;2;0;1;1;0;0;0;0;POINT (13.47972 52.52377)
4;2019;11;17;5;3;1;5;2;1;1;0;0;0;0;1;POINT (13.30035 52.50821)
4;2019;11;17;5;3;3;2;2;0;1;0;0;1;0;1;POINT (13.27999 52.506)
8;2019;11;17;5;3;6;4;2;0;0;1;0;0;1;0;POINT (13.43403 52.48184)
12;2019;11;16;5;3;5;2;1;1;1;0;0;0;0;1;POINT (13.2859 52.59512)
8;2019;11;16;5;3;1;5;2;1;1;0;0;0;0;0;POINT (13.43264 52.46517)
8;2019;11;13;5;3;6;4;0;0;1;1;0;0;0;0;POINT (13.48868 52.41946)
1;2019;11;16;5;3;6;4;1;0;1;1;0;0;0;1;POINT (13.37698 52.55722)
5;2019;11;15;5;3;2;7;1;1;1;0;0;0;0;1;POINT (13.18242 52.5385)
5;2019;11;16;5;3;6;2;1;0;1;1;0;0;0;1;POINT (13.17003 52.51854)
2;2019;11;9;5;3;3;5;0;1;1;0;0;0;0;0;POINT (13.43375 52.50028)
3;2019;11;15;5;3;1;5;0;1;1;0;0;0;0;0;POINT (13.39772 52.58564)
4;2019;11;15;5;3;5;2;1;0;1;0;0;0;0;0;POINT (13.29425 52.49772)
3;2019;11;15;5;3;5;3;0;1;1;0;0;0;0;0;POINT (13.40832 52.54134)
9;2019;11;15;5;3;5;3;0;1;1;0;0;0;0;0;POINT (13.68816 52.44115)
1;2019;11;15;5;3;2;6;0;1;1;0;0;0;0;2;POINT (13.33827 52.52373)
4;2019;11;15;5;3;5;2;0;1;0;0;1;0;0;0;POINT (13.32138 52.4998)
2;2019;11;16;4;3;6;4;1;0;1;1;0;0;0;1;POINT (13.43733 52.51101)
1;2019;11;8;4;3;0;5;1;1;1;0;0;0;0;0;POINT (13.37464 52.50857)
2;2019;11;20;4;3;2;2;2;0;1;0;0;0;0;0;POINT (13.4183 52.49873)
10;2019;11;20;4;3;9;1;2;0;1;0;0;0;0;0;POINT (13.58313 52.54933)
12;2019;11;19;4;3;6;2;2;0;1;1;0;0;0;0;POINT (13.34744 52.59622)
8;2019;11;17;4;3;0;6;2;0;1;0;0;0;1;0;POINT (13.42943 52.47804)
11;2019;11;17;4;3;2;6;2;0;1;0;0;0;0;0;POINT (13.52842 52.55679)
1;2019;11;17;4;3;6;2;2;0;1;1;0;0;0;0;POINT (13.37861 52.55043)
6;2019;11;17;4;3;3;2;1;1;1;0;0;0;0;0;POINT (13.31893 52.46251)
11;2019;11;16;4;3;0;2;2;0;1;0;0;0;1;0;POINT (13.52512 52.48024)
2;2019;11;18;4;3;3;5;2;1;1;0;0;0;0;0;POINT (13.41871 52.50047)
1;2019;11;15;4;3;2;2;0;1;1;0;0;0;0;0;POINT (13.39566 52.51516)
1;2019;11;15;4;3;2;2;0;0;1;0;0;0;0;0;POINT (13.36574 52.54242)
9;2019;11;14;4;3;2;6;0;0;1;0;0;0;0;0;POINT (13.50899 52.46358)
7;2019;11;17;4;3;5;2;2;0;1;0;1;0;0;0;POINT (13.34628 52.50108)
9;2019;11;17;4;3;5;2;2;0;1;0;0;0;1;0;POINT (13.5899 52.41083)
3;2019;11;13;4;2;5;3;0;0;1;0;0;0;0;2;POINT (13.39837 52.59246)
6;2019;11;17;4;2;1;5;2;1;1;0;0;0;0;1;POINT (13.23004 52.43501)
12;2019;11;12;4;3;2;6;0;0;1;0;0;0;0;0;POINT (13.29099 52.59586)
2;2019;11;12;4;3;4;6;0;1;0;0;0;0;1;0;POINT (13.43024 52.52312)
4;2019;11;8;4;3;6;7;0;0;0;1;0;0;1;0;POINT (13.31141 52.52576)
11;2019;11;8;4;3;0;2;0;1;1;0;0;0;0;0;POINT (13.49858 52.52639)
1;2019;11;8;4;3;1;5;0;1;1;0;0;0;1;1;POINT (13.3735 52.5202)
4;2019;11;7;4;3;5;3;0;1;1;0;0;0;0;0;POINT (13.31543 52.4708)
3;2019;11;7;4;3;2;1;0;0;1;0;0;0;0;1;POINT (13.38001 52.57514)
7;2019;11;7;4;3;5;2;0;1;1;0;0;0;0;0;POINT (13.37572 52.45575)
5;2019;11;5;4;3;6;4;2;0;0;1;0;0;1;1;POINT (13.14912 52.5542)
6;2019;11;14;3;3;6;4;0;0;1;1;0;0;0;0;POINT (13.23142 52.42242)
1;2019;11;8;3;3;5;3;0;1;1;0;0;0;0;1;POINT (13.39225 52.50788)
7;2019;11;8;3;2;0;5;0;0;1;0;0;0;1;1;POINT (13.36833 52.44554)