bez;ujahr;umonat;ustunde;uwochentag;ukategorie;uart;utyp1;ulichtverh;istrad;istpkw;istfuss;istkrad;istgkfz;istsonstige;ustrzustand;geometry
1;2019;11;9;3;3;5;2;0;1;1;0;0;0;0;1;POINT (13.33753 52.51605)
11;2019;11;8;3;3;6;4;0;0;1;1;0;0;0;1;POINT (13.46748 52.54789)
8;2019;11;8;3;3;3;6;0;0;1;0;0;1;0;1;POINT (13.42595 52.47806)
10;2019;11;7;3;3;6;2;1;0;1;1;0;0;0;1;POINT (13.56565 52.52897)
3;2019;11;6;3;3;0;3;0;0;1;0;1;0;0;1;POINT (13.45512 52.55924)
11;2019;11;6;3;3;5;2;2;1;1;0;0;0;0;1;POINT (13.51067 52.55052)
4;2019;11;1;3;3;5;2;2;0;1;0;0;0;1;1;POINT (13.3128 52.48047)
6;2019;11;23;3;3;8;1;2;0;1;0;0;0;0;0;POINT (13.31432 52.42404)
7;2019;11;18;3;3;0;2;2;0;1;0;1;0;0;1;POINT (13.40373 52.43958)
4;2019;11;20;3;3;0;5;2;0;1;0;1;0;0;1;POINT (13.30104 52.50675)
1;2019;11;6;3;3;0;5;2;0;1;0;0;0;1;1;POINT (13.38991 52.5353)
9;2019;11;17;3;3;5;2;2;1;1;0;0;0;0;1;POINT (13.55938 52.44651)
2;2019;11;16;3;3;0;5;1;1;1;0;0;0;0;1;POINT (13.42064 52.49712)
1;2019;11;18;3;3;6;7;2;0;0;1;0;0;1;1;POINT (13.36314 52.52923)
3;2019;11;16;3;2;6;2;2;0;1;1;0;0;0;1;POINT (13.4699 52.56398)
3;2019;11;16;3;2;5;3;2;0;1;0;0;0;0;1;POINT (13.42642 52.55541)
1;2019;11;15;3;2;5;3;1;1;1;0;0;0;0;1;POINT (13.39108 52.53624)
11;2019;11;15;3;3;5;3;0;1;1;0;0;0;0;1;POINT (13.5158 52.49374)
1;2019;11;19;3;3;5;2;2;0;1;0;0;0;1;1;POINT (13.41645 52.51097)
1;2019;11;15;3;3;2;6;0;0;1;0;0;0;0;1;POINT (13.35483 52.55214)
12;2019;11;15;3;3;5;3;0;0;1;0;0;0;0;1;POINT (13.32929 52.56341)
11;2019;11;14;3;3;5;3;0;1;1;0;0;0;0;1;POINT (13.47191 52.50452)
2;2019;11;14;3;2;6;4;0;0;1;1;0;0;0;1;POINT (13.45152 52.50846)
9;2019;11;13;3;3;3;6;0;1;0;0;0;0;1;1;POINT (13.54609 52.43718)
7;2019;11;13;3;3;1;5;0;1;1;0;0;0;0;1;POINT (13.37338 52.48086)
3;2019;11;13;3;3;5;3;0;0;1;0;0;0;0;1;POINT (13.38493 52.59116)
11;2019;11;11;3;3;5;3;0;0;1;0;1;0;0;1;POINT (13.52745 52.49167)
8;2019;11;11;3;3;5;3;0;1;1;0;0;0;0;1;POINT (13.44957 52.47909)
6;2019;11;10;3;3;2;6;0;0;1;0;1;0;0;1;POINT (13.2995 52.4477)
10;2019;11;9;3;2;5;3;0;0;1;0;0;0;0;1;POINT (13.57489 52.4872)
1;2019;11;8;3;3;5;2;0;1;1;0;0;0;0;1;POINT (13.41822 52.51737)
1;2019;11;16;3;3;0;1;2;0;0;0;1;0;0;1;POINT (13.38783 52.52276)
6;2019;11;9;2;3;6;7;0;0;1;1;0;0;0;0;POINT (13.34619 52.46052)
2;2019;11;17;2;3;0;7;2;0;0;0;1;0;0;1;POINT (13.45695 52.51306)
1;2019;11;21;2;3;1;5;2;1;1;0;0;0;0;0;POINT (13.33667 52.52669)
7;2019;11;20;2;3;1;6;2;0;1;0;0;0;0;0;POINT (13.34479 52.4622)
1;2019;11;18;2;3;5;2;2;0;1;0;1;0;0;1;POINT (13.35636 52.50983)
2;2019;11;19;2;2;6;4;2;0;1;1;0;0;0;1;POINT (13.422 52.50055)
11;2019;11;19;2;3;2;6;2;0;1;0;0;0;0;1;POINT (13.47704 52.53318)
7;2019;11;22;2;3;5;2;2;0;1;0;1;0;0;0;POINT (13.38569 52.46859)
12;2019;11;21;2;3;6;2;2;0;1;1;0;0;0;1;POINT (13.37264 52.56172)
8;2019;11;0;2;3;6;2;2;0;1;1;0;0;0;0;POINT (13.45004 52.4767)
1;2019;11;11;2;3;6;7;0;0;1;1;0;0;0;1;POINT (13.39318 52.50965)
6;2019;11;10;2;3;2;2;0;0;1;0;0;0;1;0;POINT (13.34181 52.44177)
3;2019;11;10;2;3;0;3;0;0;1;0;1;0;0;1;POINT (13.49743 52.64082)
8;2019;11;10;2;3;1;5;0;1;1;0;0;0;0;0;POINT (13.44051 52.48198)
1;2019;11;9;2;3;6;4;0;1;0;1;0;0;0;1;POINT (13.3714 52.51957)
3;2019;11;9;2;2;0;2;0;0;1;0;0;0;1;0;POINT (13.47901 52.60759)
3;2019;11;9;2;3;0;1;0;0;0;0;1;0;0;0;POINT (13.43867 52.55127)
8;2019;11;8;2;3;5;3;0;0;1;0;0;0;0;1;POINT (13.46213 52.42242)
3;2019;11;8;2;2;0;3;0;1;1;0;0;0;0;1;POINT (13.43568 52.55095)
6;2019;11;8;2;2;6;4;0;0;1;1;0;0;0;1;POINT (13.34174 52.44729)
7;2019;11;7;2;3;6;4;0;0;1;1;0;0;0;0;POINT (13.35562 52.49013)
1;2019;11;8;2;3;0;4;0;0;0;1;1;0;0;1;POINT (13.3694 52.54618)
2;2019;11;7;2;3;1;5;0;0;1;0;0;0;0;0;POINT (13.37495 52.48742)
11;2019;11;7;2;3;5;2;0;1;0;0;0;0;1;0;POINT (13.5088 52.56475)
11;2019;11;7;2;3;0;1;0;1;0;0;0;0;0;1;POINT (13.46616 52.52861)
11;2019;11;6;2;3;5;2;1;1;0;0;0;0;0;0;POINT (13.47973 52.52418)
3;2019;11;2;2;3;8;1;2;0;1;0;0;0;0;1;POINT (13.42078 52.57299)
4;2019;11;18;2;3;0;1;2;1;0;0;0;0;0;0;POINT (13.31062 52.54774)
3;2019;11;17;2;3;0;1;1;0;0;0;1;0;0;1;POINT (13.415 52.57241)
7;2019;11;17;2;3;0;1;2;0;0;0;1;0;0;1;POINT (13.36819 52.48368)
12;2019;11;16;2;3;5;3;2;1;1;0;0;0;0;1;POINT (13.29132 52.57552)
7;2019;11;16;2;3;3;6;0;0;1;0;1;0;0;1;POINT (13.36837 52.48399)
11;2019;11;17;2;3;5;7;2;0;1;0;1;0;0;1;POINT (13.48506 52.51559)
1;2019;11;15;2;3;0;4;1;1;0;1;0;0;0;1;POINT (13.40504 52.52878)
2;2019;11;15;2;3;5;2;1;1;1;0;0;0;0;1;POINT (13.43952 52.52389)
4;2019;11;15;2;3;5;2;0;1;1;0;0;0;0;1;POINT (13.29574 52.48024)
7;2019;11;15;2;3;1;5;0;0;1;0;0;0;0;0;POINT (13.37877 52.45018)
2;2019;11;14;2;3;5;3;0;1;1;0;0;0;0;1;POINT (13.41934 52.50134)
2;2019;11;14;2;2;5;2;0;1;1;0;0;0;0;1;POINT (13.38583 52.48503)
9;2019;11;16;2;3;2;6;2;0;1;0;0;0;0;0;POINT (13.50652 52.44683)
1;2019;11;13;2;3;5;2;0;1;1;0;0;0;0;1;POINT (13.38918 52.51475)
1;2019;11;12;2;3;5;3;0;0;1;0;1;0;0;0;POINT (13.39418 52.54741)
6;2019;11;12;2;3;5;3;0;1;1;0;0;0;0;0;POINT (13.27674 52.45061)
7;2019;11;12;2;3;0;1;0;0;0;0;1;0;0;1;POINT (13.35486 52.49629)
3;2019;11;12;2;3;5;3;0;1;0;0;0;0;0;0;POINT (13.40818 52.56892)
1;2019;11;11;2;3;3;6;0;1;1;0;0;0;0;1;POINT (13.34221 52.52626)
4;2019;11;5;2;3;1;5;2;1;1;0;0;0;0;0;POINT (13.29896 52.48456)
1;2019;11;22;1;3;0;1;2;0;0;0;1;0;0;1;POINT (13.35696 52.53573)
1;2019;11;21;1;3;2;2;2;0;1;0;1;0;0;1;POINT (13.41363 52.51129)
1;2019;11;20;1;3;2;6;2;0;1;0;0;0;1;1;POINT (13.33648 52.5149)
1;2019;11;18;1;3;7;7;1;1;0;0;0;0;0;1;POINT (13.34745 52.54827)
4;2019;11;19;1;3;6;4;2;0;1;1;0;0;0;1;POINT (13.31742 52.50547)
1;2019;11;17;1;3;1;5;2;0;1;0;0;0;1;1;POINT (13.34767 52.53973)
7;2019;11;13;1;3;2;6;0;0;1;0;0;0;0;1;POINT (13.40347 52.44824)
7;2019;11;14;1;3;6;4;0;0;1;1;0;0;0;0;POINT (13.34593 52.49864)
12;2019;11;14;1;3;5;7;0;0;1;0;0;0;0;1;POINT (13.30436 52.60109)
12;2019;11;18;1;3;5;2;1;1;1;0;0;0;0;1;POINT (13.35119 52.56742)
9;2019;11;14;1;3;5;7;0;0;1;0;0;0;1;0;POINT (13.58066 52.45204)
3;2019;11;14;1;3;6;4;0;0;1;1;0;0;0;1;POINT (13.4572 52.55819)
12;2019;11;18;1;3;5;3;1;0;1;0;0;0;0;1;POINT (13.34708 52.59621)
4;2019;11;18;1;3;5;2;2;0;1;0;1;0;0;1;POINT (13.33456 52.49512)
7;2019;11;14;1;3;6;4;0;0;1;1;0;0;0;0;POINT (13.38748 52.44795)
6;2019;11;18;1;3;5;2;2;1;1;0;0;0;0;1;POINT (13.3158 52.44308)
5;2019;11;18;1;3;2;6;2;0;1;0;0;0;0;1;POINT (13.21987 52.53704)
2;2019;11;13;1;3;2;6;1;0;1;0;0;0;0;1;POINT (13.3766 52.48589)
9;2019;11;17;1;3;6;2;2;0;1;1;0;0;0;1;POINT (13.45823 52.48575)
1;2019;11;13;1;3;0;3;0;0;1;0;1;0;0;1;POINT (13.36602 52.55348)
7;2019;11;13;1;3;1;5;0;0;1;0;0;0;0;0;POINT (13.38216 52.42327)
3;2019;11;13;1;3;5;3;0;0;1;0;0;0;1;1;POINT (13.47397 52.60982)
4;2019;11;13;1;3;5;3;0;0;1;0;0;0;0;1;POINT (13.30427 52.48826)
6;2019;11;12;1;2;5;3;0;1;1;0;0;0;0;1;POINT (13.35857 52.43093)
10;2019;11;12;1;3;0;3;0;0;1;0;0;0;0;1;POINT (13.61868 52.52148)
1;2019;11;16;1;3;6;4;2;0;1;1;0;0;0;1;POINT (13.36567 52.55713)
4;2019;11;15;3;2;6;7;0;0;1;1;0;0;0;0;POINT (13.2662 52.51318)
1;2019;11;15;3;2;5;2;0;1;1;0;0;0;0;0;POINT (13.32957 52.5228)
12;2019;11;16;1;3;1;5;1;1;0;0;0;0;1;0;POINT (13.34226 52.57025)
8;2019;11;10;1;2;5;2;0;1;0;0;0;1;0;1;POINT (13.45833 52.47275)
6;2019;11;15;1;3;5;2;0;0;0;0;1;1;0;0;POINT (13.29361 52.44579)
8;2019;11;15;3;3;6;4;0;0;1;1;0;0;0;0;POINT (13.43221 52.47078)
5;2019;11;10;1;3;4;6;0;0;1;0;0;0;0;1;POINT (13.24812 52.53511)
4;2019;11;10;3;3;2;6;0;1;1;0;0;0;0;0;POINT (13.28255 52.50638)
9;2019;11;9;1;3;3;6;0;0;1;0;0;0;0;1;POINT (13.55887 52.44906)
1;2019;11;6;1;3;6;2;1;0;1;1;0;0;0;0;POINT (13.34337 52.53193)
8;2019;11;8;3;3;0;3;0;0;1;0;0;0;1;0;POINT (13.45457 52.46528)
8;2019;11;8;1;3;5;3;0;1;1;0;0;0;0;1;POINT (13.49017 52.42009)
6;2019;11;7;1;3;5;2;0;1;1;0;0;0;0;1;POINT (13.304 52.45906)
9;2019;11;7;1;3;2;6;0;0;1;0;0;0;0;1;POINT (13.4671 52.45188)
12;2019;11;8;3;3;5;2;0;0;1;0;0;0;0;0;POINT (13.36461 52.56271)
11;2019;11;6;1;3;5;2;1;0;1;0;1;0;0;1;POINT (13.50957 52.49631)
1;2019;11;7;1;3;0;6;1;1;1;0;0;0;0;1;POINT (13.38557 52.54909)
11;2019;11;7;3;3;5;3;0;1;1;0;0;0;0;0;POINT (13.52523 52.4822)
5;2019;11;7;1;3;5;2;0;0;1;0;0;0;1;1;POINT (13.21132 52.52734)
10;2019;11;6;3;2;5;2;2;0;1;0;1;0;0;0;POINT (13.58683 52.51638)
7;2019;11;6;1;3;6;2;1;0;1;1;0;0;0;1;POINT (13.37019 52.46711)
11;2019;11;6;1;3;6;4;2;0;0;1;1;0;0;1;POINT (13.47687 52.50173)
1;2019;11;8;3;3;2;3;0;1;0;0;0;0;0;0;POINT (13.35044 52.51371)
3;2019;11;16;3;3;5;2;2;1;0;0;0;0;1;0;POINT (13.45182 52.5349)
12;2019;11;13;7;3;0;7;0;0;0;0;1;0;0;1;POINT (13.2922 52.59058)
12;2019;11;5;7;2;1;5;2;0;1;0;0;0;0;1;POINT (13.36963 52.60133)
9;2019;11;11;2;3;5;7;0;0;0;0;0;0;1;0;POINT (13.50319 52.44201)
1;2019;11;10;2;3;2;2;0;0;1;0;0;0;0;0;POINT (13.32957 52.5238)
2;2019;11;3;7;3;0;1;2;1;0;1;0;0;0;1;POINT (13.4606 52.50885)
3;2019;11;1;7;3;2;6;2;0;1;0;1;0;0;1;POINT (13.43061 52.58969)
8;2019;11;17;7;3;2;7;2;0;1;0;0;0;0;1;POINT (13.4467 52.4401)
2;2019;11;10;2;3;5;2;0;1;0;0;0;0;1;0;POINT (13.47248 52.50852)
9;2019;11;17;7;3;0;1;2;1;0;0;0;0;0;1;POINT (13.57411 52.44499)
1;2019;11;8;2;3;5;2;0;1;1;0;0;0;0;0;POINT (13.38743 52.53352)
1;2019;11;15;7;3;5;3;0;1;1;0;0;0;0;1;POINT (13.39198 52.55412)
1;2019;11;15;7;3;2;6;0;0;1;0;0;0;0;0;POINT (13.37368 52.55691)
11;2019;11;8;2;3;5;3;0;0;1;0;0;0;1;0;POINT (13.5377 52.49296)
3;2019;11;15;7;3;5;3;0;1;1;0;0;0;0;1;POINT (13.38977 52.57429)
5;2019;11;14;7;3;0;7;0;0;0;0;1;0;0;1;POINT (13.26476 52.5369)
1;2019;11;15;7;3;5;3;0;0;1;0;0;0;0;0;POINT (13.37327 52.55725)
5;2019;11;8;2;3;5;7;0;0;1;0;0;0;0;0;POINT (13.22877 52.52819)
2;2019;11;8;2;3;2;6;0;0;1;0;0;0;0;0;POINT (13.42845 52.51918)
3;2019;11;14;7;3;0;1;0;1;0;0;0;0;0;1;POINT (13.46014 52.5634)
2;2019;11;6;7;3;1;5;2;0;1;0;0;0;0;1;POINT (13.45721 52.50713)
1;2019;11;8;2;2;5;2;0;1;1;0;0;0;0;0;POINT (13.37767 52.52902)
6;2019;11;21;7;3;2;7;2;0;1;0;0;0;0;1;POINT (13.2649 52.44145)
4;2019;11;19;4;3;6;2;2;0;1;1;0;0;0;1;POINT (13.30729 52.49995)
5;2019;11;18;4;3;5;3;2;0;0;0;1;0;0;1;POINT (13.16865 52.52382)
12;2019;11;18;4;3;6;4;2;0;1;1;0;0;0;1;POINT (13.32646 52.5624)
9;2019;11;7;4;3;2;6;0;0;1;0;0;1;0;0;POINT (13.47523 52.4561)
8;2019;11;6;4;3;6;4;1;0;1;1;0;0;0;0;POINT (13.4219 52.41316)
3;2019;11;5;4;3;6;4;2;0;1;1;0;0;0;1;POINT (13.40282 52.55374)
5;2019;11;7;4;3;5;2;0;0;1;0;0;0;1;0;POINT (13.20031 52.53778)
3;2019;11;8;3;3;0;2;0;1;1;0;0;0;0;1;POINT (13.43237 52.59514)
2;2019;11;21;3;3;5;3;2;0;1;0;0;0;0;1;POINT (13.42881 52.51544)
11;2019;11;19;3;3;6;4;2;0;1;1;0;0;0;0;POINT (13.50575 52.5636)
3;2019;11;19;3;3;5;3;2;0;1;0;0;0;0;1;POINT (13.48304 52.61187)
2;2019;11;17;3;3;4;7;2;1;0;0;0;0;0;1;POINT (13.41539 52.49461)
1;2019;11;17;3;3;5;3;2;1;1;0;0;0;0;1;POINT (13.37985 52.54018)
10;2019;11;17;3;3;5;3;2;0;1;0;0;1;0;1;POINT (13.60093 52.51533)
10;2019;11;17;3;3;5;2;2;1;1;0;0;0;0;1;POINT (13.54962 52.53237)
5;2019;11;16;3;3;5;3;2;0;1;0;0;0;0;0;POINT (13.24698 52.54416)
9;2019;11;22;3;3;0;1;2;0;0;0;0;0;1;0;POINT (13.48075 52.47005)
8;2019;11;22;3;3;0;7;2;0;1;0;1;0;0;0;POINT (13.43243 52.46554)
2;2019;11;19;3;3;0;2;2;0;1;0;1;0;0;1;POINT (13.38222 52.48984)
4;2019;11;21;3;3;5;3;2;0;1;0;0;0;0;0;POINT (13.30785 52.48844)
9;2019;11;12;3;3;5;3;0;0;1;0;0;0;0;1;POINT (13.52847 52.4291)
7;2019;11;11;3;3;9;1;0;0;1;0;0;0;0;1;POINT (13.37581 52.40921)
8;2019;11;10;3;3;2;6;0;1;1;0;0;0;0;1;POINT (13.45392 52.47495)
1;2019;11;10;3;2;2;6;0;1;1;0;0;0;0;1;POINT (13.38577 52.517)
2;2019;11;10;3;3;5;7;0;1;1;0;0;0;0;1;POINT (13.46367 52.50591)
8;2019;11;10;3;3;0;6;0;0;1;0;1;0;0;1;POINT (13.44286 52.48376)
7;2019;11;9;3;3;4;7;0;1;0;0;0;0;0;0;POINT (13.40059 52.43756)
11;2019;11;9;3;3;6;4;0;0;1;1;0;0;0;1;POINT (13.48643 52.54094)
5;2019;11;8;3;3;0;1;0;0;0;0;1;0;0;1;POINT (13.2076 52.55735)
4;2019;11;8;3;2;6;4;0;0;0;1;1;0;0;1;POINT (13.27927 52.51273)
4;2019;11;8;3;2;6;2;0;0;0;1;0;1;0;1;POINT (13.31386 52.49038)
4;2019;11;8;3;3;2;6;0;0;1;0;0;0;0;1;POINT (13.30333 52.50556)
4;2019;11;6;3;3;6;4;1;0;1;1;0;0;0;1;POINT (13.33579 52.51371)
6;2019;11;7;3;2;5;2;0;1;1;0;0;0;0;1;POINT (13.30725 52.43326)
7;2019;11;7;3;3;3;6;2;0;1;0;0;1;0;1;POINT (13.37251 52.40907)
4;2019;11;7;3;3;5;2;0;0;1;0;0;0;1;1;POINT (13.29742 52.52648)
9;2019;11;16;3;2;5;3;2;1;1;0;0;0;0;0;POINT (13.4897 52.45081)
4;2019;11;15;3;3;6;4;1;1;0;1;0;0;0;0;POINT (13.33157 52.50379)
12;2019;11;14;3;3;0;1;0;0;1;0;1;0;0;1;POINT (13.28936 52.58311)
11;2019;11;14;3;3;6;4;0;0;0;1;0;0;1;1;POINT (13.49271 52.54422)
8;2019;11;13;3;3;4;6;0;0;1;0;0;0;0;1;POINT (13.432 52.42437)
5;2019;11;7;3;3;5;2;0;0;1;0;1;0;0;1;POINT (13.16099 52.52537)
4;2019;11;7;3;3;0;3;1;1;1;0;0;0;0;1;POINT (13.34063 52.50444)
4;2019;11;6;3;3;6;2;2;0;1;1;0;0;0;1;POINT (13.28651 52.5188)
1;2019;11;9;3;3;3;6;0;1;1;0;0;0;0;1;POINT (13.39778 52.52781)
5;2019;11;6;3;3;7;7;2;1;0;0;0;0;0;1;POINT (13.2451 52.53816)
1;2019;11;5;3;2;5;2;2;1;1;0;0;0;0;1;POINT (13.37444 52.53732)
1;2019;11;4;3;3;0;1;2;0;0;0;0;0;1;1;POINT (13.40416 52.53299)
3;2019;11;13;2;3;6;4;0;0;1;1;0;0;0;1;POINT (13.41578 52.52956)
1;2019;11;22;2;3;5;2;2;0;1;0;0;0;1;1;POINT (13.38132 52.5523)
1;2019;11;22;2;2;6;4;2;0;0;1;1;0;0;1;POINT (13.39429 52.52865)
4;2019;11;23;2;3;2;6;2;0;1;0;0;0;0;1;POINT (13.29796 52.52448)
11;2019;11;21;2;3;5;3;2;1;1;0;0;0;0;1;POINT (13.54541 52.56772)
7;2019;11;19;2;3;1;5;2;0;1;0;0;0;1;0;POINT (13.41933 52.45854)
1;2019;11;19;2;3;6;7;2;0;1;1;0;0;0;1;POINT (13.38824 52.51983)
5;2019;11;19;2;3;6;2;2;0;1;1;0;0;0;1;POINT (13.15727 52.54892)
7;2019;11;20;2;2;6;2;2;0;1;1;0;0;0;1;POINT (13.35107 52.48617)
3;2019;11;18;2;3;6;4;2;0;1;1;0;0;0;1;POINT (13.40281 52.55428)
10;2019;11;17;2;3;2;6;2;0;1;0;0;0;0;0;POINT (13.56396 52.55651)
7;2019;11;17;2;3;6;2;2;0;1;1;0;0;0;0;POINT (13.37672 52.46149)
8;2019;11;17;2;2;6;4;1;0;1;1;0;0;0;0;POINT (13.44944 52.43895)
8;2019;11;16;2;3;2;6;2;0;1;0;0;1;0;0;POINT (13.42405 52.45235)
11;2019;11;16;2;3;5;2;2;1;1;0;0;0;0;0;POINT (13.51886 52.51353)
4;2019;11;15;2;3;5;2;0;0;1;0;0;0;1;0;POINT (13.27591 52.51874)
4;2019;11;14;2;3;5;3;0;1;1;0;0;0;0;0;POINT (13.32822 52.50799)
5;2019;11;15;2;2;0;4;1;0;0;1;1;0;0;0;POINT (13.20393 52.5399)
7;2019;11;19;2;2;1;7;2;0;1;0;0;0;0;0;POINT (13.41873 52.39485)
7;2019;11;14;2;3;5;7;0;0;1;0;0;0;0;0;POINT (13.3588 52.49046)
9;2019;11;14;2;3;2;6;0;0;1;0;0;0;0;0;POINT (13.5918 52.4412)
4;2019;11;14;2;3;5;2;0;0;1;0;0;0;0;0;POINT (13.32611 52.53836)
4;2019;11;15;2;3;2;6;0;0;1;0;0;0;0;0;POINT (13.2954 52.53961)
1;2019;11;11;2;3;1;5;0;0;1;0;0;0;0;0;POINT (13.37195 52.54014)
11;2019;11;11;2;3;2;6;0;0;1;0;0;0;0;0;POINT (13.49674 52.53413)
7;2019;11;9;2;3;1;5;0;1;1;0;0;0;0;0;POINT (13.37176 52.4581)
9;2019;11;10;2;2;6;7;0;0;1;1;0;0;0;0;POINT (13.56778 52.44484)
2;2019;11;6;2;3;5;2;2;1;1;0;0;0;0;0;POINT (13.45206 52.52773)
8;2019;11;9;2;3;5;3;0;0;1;0;0;0;1;0;POINT (13.45027 52.46863)
8;2019;11;9;2;3;0;7;0;0;1;0;0;0;0;0;POINT (13.44325 52.46994)
4;2019;11;8;2;3;5;2;0;1;1;0;0;0;0;0;POINT (13.31643 52.49891)
1;2019;11;8;2;3;5;3;0;1;1;0;0;0;0;0;POINT (13.40628 52.53234)
7;2019;11;8;2;3;5;3;0;0;1;0;0;0;0;0;POINT (13.39096 52.45738)
9;2019;11;7;2;3;2;2;0;1;1;0;0;0;0;1;POINT (13.50564 52.44574)
2;2019;11;7;2;3;8;1;1;1;0;0;0;0;0;1;POINT (13.44143 52.49763)
3;2019;11;7;2;2;6;2;0;0;0;1;0;1;0;0;POINT (13.43975 52.56798)
5;2019;11;8;1;3;5;2;0;1;1;0;0;0;0;0;POINT (13.20383 52.53991)
8;2019;11;17;1;3;6;2;2;0;1;1;0;0;0;1;POINT (13.43502 52.44037)
9;2019;11;18;1;3;5;2;2;1;0;0;0;1;0;1;POINT (13.53988 52.39668)
4;2019;11;18;1;3;2;7;2;0;1;0;0;0;0;1;POINT (13.32845 52.47881)
1;2019;11;17;1;3;0;1;2;1;0;0;0;0;0;1;POINT (13.35604 52.52117)
6;2019;11;16;1;3;5;3;2;0;1;0;0;0;0;1;POINT (13.27722 52.45998)
3;2019;11;17;1;3;5;2;2;1;1;0;0;0;0;1;POINT (13.40578 52.55134)
2;2019;11;18;1;3;0;7;2;1;0;0;0;0;0;0;POINT (13.45591 52.50996)
1;2019;11;16;1;3;6;2;1;0;1;1;0;0;0;1;POINT (13.37376 52.52347)
12;2019;11;16;1;3;6;6;2;0;1;1;0;0;0;1;POINT (13.37798 52.56448)
11;2019;11;16;1;3;0;3;2;0;1;0;0;0;1;1;POINT (13.46687 52.52839)
4;2019;11;17;1;3;5;3;2;0;1;0;0;0;0;1;POINT (13.33423 52.49863)
9;2019;11;17;1;2;6;4;2;0;1;1;0;0;0;1;POINT (13.52188 52.40212)
10;2019;11;15;1;3;5;2;0;1;1;0;0;0;0;1;POINT (13.5407 52.53446)
1;2019;11;17;1;3;6;4;2;1;0;1;0;0;0;1;POINT (13.38012 52.5189)
2;2019;11;15;1;3;5;3;0;1;0;0;0;0;1;1;POINT (13.43008 52.51014)
3;2019;11;13;1;2;5;3;1;1;1;0;0;0;0;1;POINT (13.40422 52.58148)
7;2019;11;17;1;2;6;2;2;0;1;1;0;0;0;1;POINT (13.39445 52.48393)
12;2019;11;13;1;3;5;3;0;0;1;0;0;0;0;1;POINT (13.30131 52.60177)
4;2019;11;13;1;3;2;3;0;1;1;0;0;0;0;1;POINT (13.31654 52.47826)
5;2019;11;17;1;3;2;6;2;0;1;0;0;0;1;1;POINT (13.20432 52.5303)
12;2019;11;17;1;3;6;2;2;0;0;1;0;0;1;1;POINT (13.32642 52.6045)
12;2019;11;12;1;2;5;2;0;1;0;0;0;1;0;0;POINT (13.31197 52.56803)
10;2019;11;19;1;3;1;5;2;0;1;0;1;0;0;1;POINT (13.61728 52.52006)
1;2019;11;12;1;2;5;2;0;0;1;0;1;0;0;1;POINT (13.34276 52.52544)
1;2019;11;19;1;3;2;6;2;0;1;0;1;0;0;1;POINT (13.40288 52.5297)
4;2019;11;10;1;3;5;2;0;0;1;0;0;0;1;1;POINT (13.29675 52.54801)
5;2019;11;9;1;2;5;2;0;0;1;0;0;0;0;0;POINT (13.12926 52.52717)
6;2019;11;9;1;3;2;2;0;0;1;0;0;0;0;1;POINT (13.33138 52.45311)
3;2019;11;9;1;3;6;4;0;0;1;1;0;0;0;0;POINT (13.39574 52.5659)
9;2019;11;8;1;2;6;4;0;0;1;1;0;0;0;1;POINT (13.51203 52.45719)
9;2019;11;8;1;3;5;2;0;1;1;0;0;0;0;1;POINT (13.57001 52.4525)
1;2019;11;8;1;3;5;2;0;1;0;0;0;0;1;0;POINT (13.3432 52.53194)
1;2019;11;8;1;3;0;1;0;1;0;0;0;0;0;1;POINT (13.38374 52.53001)
7;2019;11;7;1;3;2;6;0;0;1;0;1;0;0;1;POINT (13.37253 52.44436)
8;2019;11;7;1;3;1;5;0;1;1;0;0;0;1;1;POINT (13.43422 52.4902)
6;2019;11;7;1;3;6;4;0;0;1;1;0;0;0;1;POINT (13.32263 52.43317)
12;2019;11;6;1;2;5;2;2;0;1;0;0;0;1;1;POINT (13.31749 52.55984)
2;2019;11;16;7;2;6;4;2;0;1;1;0;0;0;1;POINT (13.44178 52.50433)
12;2019;11;15;7;3;0;3;0;0;1;0;1;0;0;1;POINT (13.35625 52.56205)
3;2019;11;15;7;3;5;3;0;1;1;0;0;0;0;1;POINT (13.4656 52.5517)
9;2019;11;14;7;3;1;7;0;1;0;0;0;0;1;1;POINT (13.57171 52.43804)
9;2019;11;13;7;3;0;7;0;0;0;0;1;0;0;1;POINT (13.72853 52.42783)
2;2019;11;10;7;3;5;3;0;0;1;0;0;0;0;1;POINT (13.38523 52.50229)
6;2019;11;9;7;3;5;3;0;0;1;0;0;0;0;1;POINT (13.26014 52.42721)
12;2019;11;8;7;3;5;3;0;0;1;0;1;0;0;1;POINT (13.3159 52.61764)
8;2019;11;17;7;2;6;4;2;0;1;1;0;0;0;1;POINT (13.42466 52.46557)
2;2019;11;2;7;3;1;5;2;1;1;0;0;0;0;0;POINT (13.37667 52.48841)
1;2019;11;23;7;3;5;3;2;0;1;0;0;0;0;1;POINT (13.38435 52.55603)
12;2019;11;6;7;3;8;1;2;0;1;0;0;0;0;1;POINT (13.32883 52.59379)
11;2019;11;21;7;3;4;1;2;0;1;0;0;0;0;1;POINT (13.47186 52.50525)
3;2019;11;20;7;3;5;2;2;1;1;0;0;0;0;1;POINT (13.42998 52.55142)
8;2019;11;20;7;2;6;3;2;0;1;1;0;0;0;1;POINT (13.40607 52.41576)
8;2019;11;17;7;3;6;4;2;0;1;1;0;0;0;1;POINT (13.4254 52.47975)
9;2019;11;17;7;2;5;2;2;0;1;0;0;0;0;1;POINT (13.49131 52.4691)
7;2019;11;15;7;3;1;7;1;0;1;0;0;0;1;1;POINT (13.35274 52.48454)
12;2019;11;7;7;3;9;1;2;0;1;0;0;0;0;1;POINT (13.35436 52.61705)
2;2019;11;5;6;3;5;3;2;0;1;0;0;0;0;1;POINT (13.39461 52.50456)
10;2019;11;14;6;3;5;2;0;0;1;0;0;0;0;0;POINT (13.59291 52.54844)
8;2019;11;22;6;3;2;6;2;0;1;0;0;0;0;0;POINT (13.42687 52.47591)
6;2019;11;19;6;3;6;2;2;0;1;1;0;0;0;0;POINT (13.30682 52.42893)
2;2019;11;18;6;3;2;6;2;0;1;0;0;0;0;0;POINT (13.41611 52.49973)
1;2019;11;18;6;3;2;6;2;0;1;0;0;0;0;0;POINT (13.37993 52.55143)