bez;ujahr;umonat;ustunde;uwochentag;ukategorie;uart;utyp1;ulichtverh;istrad;istpkw;istfuss;istkrad;istgkfz;istsonstige;ustrzustand;geometry
1;2019;11;14;6;3;5;2;0;0;1;0;0;0;0;1;POINT (13.34407 52.5461)
1;2019;11;0;6;2;1;5;2;0;1;0;0;0;1;0;POINT (13.38663 52.52482)
5;2019;11;9;6;3;5;2;0;0;1;0;0;0;0;1;POINT (13.14798 52.53277)
10;2019;11;7;6;3;0;1;2;0;0;0;1;0;0;1;POINT (13.51966 52.53564)
6;2019;11;6;6;3;5;3;2;1;1;0;0;0;0;1;POINT (13.31981 52.42657)
7;2019;11;20;6;3;2;6;2;0;1;0;0;0;0;0;POINT (13.33852 52.46655)
6;2019;11;5;6;2;9;1;2;0;1;1;0;0;0;0;POINT (13.28712 52.45108)
2;2019;11;20;6;3;5;2;2;0;1;0;0;0;0;0;POINT (13.38773 52.49303)
3;2019;11;19;6;3;0;3;2;0;1;0;1;0;0;0;POINT (13.39428 52.56501)
2;2019;11;18;6;3;2;6;2;0;1;0;0;0;0;0;POINT (13.44588 52.50193)
9;2019;11;13;6;3;5;2;0;0;1;0;0;0;0;0;POINT (13.47661 52.47296)
4;2019;11;13;6;3;5;7;0;0;1;0;0;0;0;0;POINT (13.33312 52.48709)
4;2019;11;12;6;3;6;7;0;0;1;1;0;0;0;0;POINT (13.28667 52.47947)
1;2019;11;2;6;3;0;2;2;0;1;0;0;0;0;0;POINT (13.41555 52.52708)
11;2019;11;12;6;3;2;6;0;0;1;0;0;0;0;1;POINT (13.48435 52.53346)
1;2019;11;10;6;2;0;5;0;0;1;0;1;0;0;1;POINT (13.35195 52.54808)
1;2019;11;11;5;3;6;4;0;0;1;1;0;0;0;0;POINT (13.33944 52.53382)
2;2019;11;22;5;3;0;3;2;1;1;0;0;0;0;0;POINT (13.4136 52.4884)
11;2019;11;7;5;3;6;4;2;0;1;1;0;0;0;1;POINT (13.49427 52.54011)
7;2019;11;19;5;3;5;2;2;1;1;0;0;0;0;0;POINT (13.32846 52.46493)
4;2019;11;17;5;3;0;5;2;1;1;0;0;0;0;0;POINT (13.33178 52.49687)
12;2019;11;17;5;3;2;6;2;0;1;0;0;0;0;0;POINT (13.33098 52.56244)
1;2019;11;13;7;3;5;3;0;0;1;0;1;0;0;0;POINT (13.3769 52.51077)
11;2019;11;12;7;3;5;3;0;1;1;0;0;0;0;0;POINT (13.5307 52.51017)
7;2019;11;17;5;3;3;6;2;0;1;0;0;1;0;0;POINT (13.37781 52.47346)
4;2019;11;12;7;3;3;6;0;0;1;0;0;0;1;0;POINT (13.28123 52.5131)
4;2019;11;16;5;3;2;6;0;0;1;0;0;0;1;0;POINT (13.271 52.51981)
7;2019;11;11;7;3;0;5;0;1;1;0;0;0;0;0;POINT (13.36017 52.48647)
3;2019;11;10;7;3;5;3;0;0;1;0;0;0;0;0;POINT (13.47409 52.6099)
1;2019;11;16;5;3;0;1;0;1;0;0;0;0;0;1;POINT (13.37988 52.54015)
4;2019;11;1;7;3;1;1;2;0;1;0;0;0;0;0;POINT (13.29096 52.53754)
4;2019;11;16;7;3;6;2;2;0;1;1;0;0;0;0;POINT (13.29876 52.47337)
9;2019;11;2;7;3;0;1;2;1;0;0;0;0;0;1;POINT (13.55968 52.44431)
2;2019;11;14;5;3;5;3;0;1;1;0;0;0;0;0;POINT (13.44042 52.51586)
3;2019;11;14;5;3;5;3;0;1;1;0;0;0;0;0;POINT (13.44104 52.55637)
7;2019;11;19;7;2;6;4;2;0;1;1;0;0;0;0;POINT (13.37343 52.43689)
1;2019;11;17;7;3;0;1;2;0;0;0;0;0;1;0;POINT (13.35388 52.52384)
10;2019;11;15;5;2;5;3;0;1;1;0;0;0;0;0;POINT (13.55356 52.51583)
11;2019;11;17;6;3;2;6;2;0;1;0;0;0;0;0;POINT (13.51242 52.53502)
1;2019;11;17;6;2;0;1;2;1;0;0;0;0;0;0;POINT (13.37903 52.52926)
7;2019;11;15;5;3;5;3;1;0;1;0;0;0;0;0;POINT (13.37678 52.40843)
4;2019;11;14;5;3;5;3;0;0;1;0;0;0;0;0;POINT (13.28541 52.50651)
1;2019;11;15;6;3;6;4;0;0;1;1;0;0;0;0;POINT (13.34891 52.54548)
11;2019;11;13;6;3;2;6;0;0;1;0;0;0;0;0;POINT (13.48549 52.52335)
3;2019;11;14;5;3;2;6;0;0;1;0;0;0;0;0;POINT (13.41668 52.55366)
2;2019;11;14;5;3;2;2;0;0;0;0;1;0;1;0;POINT (13.43502 52.50868)
3;2019;11;12;6;3;0;5;0;0;1;0;0;0;0;0;POINT (13.46481 52.55018)
7;2019;11;12;6;3;3;6;0;1;1;0;0;0;0;0;POINT (13.35303 52.40827)
11;2019;11;22;6;3;0;2;2;1;1;0;0;0;0;0;POINT (13.49815 52.51392)
7;2019;11;12;5;3;6;7;0;0;1;1;0;0;0;0;POINT (13.40033 52.48371)
10;2019;11;20;6;2;6;4;2;0;1;1;0;0;0;0;POINT (13.57779 52.54786)
4;2019;11;14;5;3;0;7;0;1;1;0;0;0;0;0;POINT (13.31439 52.51808)
1;2019;11;19;6;3;0;5;2;0;1;0;0;0;0;0;POINT (13.37049 52.56013)
6;2019;11;20;6;2;4;6;2;0;1;0;0;0;0;0;POINT (13.31773 52.42784)
1;2019;11;13;5;2;0;6;0;0;1;0;1;0;0;0;POINT (13.32756 52.52459)
10;2019;11;19;6;3;0;1;2;0;0;0;1;0;0;0;POINT (13.59153 52.54208)
12;2019;11;10;6;3;2;6;0;0;1;0;0;0;0;0;POINT (13.33344 52.59554)
4;2019;11;10;6;3;5;2;0;0;1;0;0;0;0;0;POINT (13.29947 52.5197)
11;2019;11;13;5;3;6;7;0;0;1;1;0;0;0;0;POINT (13.50924 52.55158)
1;2019;11;13;5;2;0;2;0;1;1;0;0;0;0;0;POINT (13.40977 52.52402)
8;2019;11;7;6;3;0;1;2;1;0;0;0;0;0;0;POINT (13.42554 52.4808)
11;2019;11;2;6;3;9;1;2;0;1;0;0;0;0;1;POINT (13.50882 52.54999)
1;2019;11;12;5;3;0;2;0;1;1;0;0;0;0;0;POINT (13.39318 52.56447)
4;2019;11;12;5;3;1;5;0;1;1;0;0;0;0;0;POINT (13.30113 52.47036)
12;2019;11;9;5;3;5;3;0;1;1;0;0;0;0;1;POINT (13.35405 52.59235)
8;2019;11;17;5;3;6;2;2;0;1;1;0;0;0;0;POINT (13.43351 52.44397)
1;2019;11;12;5;3;3;6;0;0;1;0;1;0;0;0;POINT (13.37303 52.53821)
12;2019;11;21;5;3;5;3;2;0;1;0;0;0;0;0;POINT (13.28603 52.58693)
1;2019;11;20;5;3;6;7;2;0;1;1;0;0;0;0;POINT (13.39243 52.55504)
1;2019;11;10;5;3;5;5;0;1;0;0;0;0;1;0;POINT (13.41424 52.51149)
5;2019;11;10;5;3;5;7;0;0;1;0;1;0;0;0;POINT (13.24561 52.52769)
8;2019;11;19;5;3;5;2;2;0;1;0;0;0;0;0;POINT (13.4386 52.45262)
2;2019;11;23;5;3;0;7;2;1;0;0;0;0;0;0;POINT (13.4021 52.48883)
6;2019;11;19;5;2;1;7;2;0;1;0;0;0;0;1;POINT (13.29789 52.45303)
3;2019;11;9;5;3;1;5;0;1;1;0;0;0;0;0;POINT (13.40887 52.53025)
4;2019;11;19;5;3;3;5;2;0;1;0;1;0;0;1;POINT (13.29162 52.48315)
5;2019;11;10;5;2;0;7;0;0;1;0;0;0;1;0;POINT (13.16917 52.53238)
1;2019;11;18;5;3;5;2;2;1;1;0;0;0;0;0;POINT (13.38091 52.51637)
2;2019;11;18;5;3;1;5;2;1;1;0;0;0;1;1;POINT (13.43409 52.50866)
9;2019;11;8;5;3;2;6;0;0;1;0;0;0;0;0;POINT (13.48084 52.46103)
1;2019;11;8;5;3;5;2;0;0;1;0;0;0;0;0;POINT (13.36328 52.52458)
3;2019;11;18;5;3;0;5;2;0;1;0;0;0;0;0;POINT (13.45266 52.54755)
11;2019;11;6;5;3;0;6;1;0;1;0;1;0;0;0;POINT (13.4638 52.53019)
3;2019;11;17;5;3;2;6;2;0;1;0;0;0;0;0;POINT (13.41293 52.54529)
3;2019;11;17;5;3;1;5;2;1;1;0;0;0;0;0;POINT (13.41131 52.55076)
3;2019;11;8;5;3;6;7;0;1;0;1;0;0;0;0;POINT (13.44761 52.55325)
5;2019;11;6;5;2;6;4;2;0;1;1;0;0;0;0;POINT (13.22243 52.52867)
8;2019;11;17;5;3;2;6;2;0;1;0;0;0;0;1;POINT (13.48374 52.42554)
5;2019;11;17;5;2;0;1;2;1;0;0;0;0;0;0;POINT (13.19918 52.53288)
1;2019;11;8;5;3;3;6;0;0;1;0;0;1;0;0;POINT (13.33057 52.53946)
5;2019;11;5;5;2;6;4;2;0;0;1;0;0;1;0;POINT (13.15576 52.52161)
9;2019;11;17;5;3;0;7;2;1;0;0;0;0;0;0;POINT (13.50633 52.43747)
9;2019;11;17;5;3;6;7;2;0;1;1;0;0;0;0;POINT (13.53619 52.44027)
10;2019;11;7;5;2;5;3;1;1;1;0;0;0;0;0;POINT (13.59162 52.54149)
10;2019;11;17;5;3;0;5;2;0;1;0;0;0;0;0;POINT (13.56347 52.51711)
7;2019;11;16;4;3;6;2;1;0;0;1;0;0;1;0;POINT (13.35016 52.41439)
6;2019;11;11;5;3;5;3;0;0;1;0;0;0;0;1;POINT (13.33226 52.41762)
9;2019;11;10;5;3;8;7;0;0;1;0;0;0;0;1;POINT (13.5565 52.41105)
4;2019;11;19;4;3;6;7;2;0;0;1;0;0;1;0;POINT (13.34018 52.50384)
12;2019;11;7;4;3;3;6;2;0;1;0;0;0;0;0;POINT (13.37779 52.56369)
2;2019;11;16;5;3;1;5;1;1;1;0;0;0;0;0;POINT (13.43578 52.49181)
10;2019;11;15;5;3;1;5;1;0;1;0;0;0;0;0;POINT (13.61334 52.50882)
12;2019;11;7;4;3;5;3;0;1;1;0;0;0;0;0;POINT (13.28066 52.63418)
6;2019;11;9;4;3;6;2;0;0;1;1;0;0;0;0;POINT (13.33826 52.4166)
4;2019;11;15;5;3;5;2;0;0;1;0;0;0;1;0;POINT (13.30234 52.51884)
7;2019;11;13;5;3;0;6;0;1;1;0;0;0;0;0;POINT (13.38076 52.47465)
4;2019;11;1;4;3;5;2;2;0;1;0;0;1;0;0;POINT (13.30164 52.52925)
9;2019;11;19;4;3;4;6;2;0;1;0;0;0;0;0;POINT (13.57169 52.43759)
11;2019;11;13;5;3;6;4;0;0;1;1;0;0;0;0;POINT (13.50481 52.56302)
2;2019;11;9;5;3;5;2;0;1;1;0;0;0;0;1;POINT (13.46285 52.51502)
11;2019;11;9;5;3;5;2;0;0;1;0;0;0;0;0;POINT (13.51175 52.55075)
10;2019;11;19;4;2;1;5;2;0;1;0;0;0;1;0;POINT (13.61655 52.53158)
11;2019;11;18;4;2;6;4;2;0;0;1;0;0;1;0;POINT (13.50319 52.56245)
3;2019;11;9;5;3;5;3;0;0;1;0;0;0;0;0;POINT (13.42743 52.55241)
10;2019;11;13;5;3;5;3;0;0;1;0;0;0;0;0;POINT (13.61266 52.51516)
1;2019;11;17;4;3;2;6;2;0;1;0;0;0;0;0;POINT (13.37678 52.55632)
10;2019;11;15;4;3;5;3;0;1;1;0;0;0;0;0;POINT (13.59159 52.54164)
1;2019;11;8;5;3;2;6;0;0;1;0;1;0;0;1;POINT (13.37097 52.54007)
2;2019;11;7;5;3;0;6;1;0;1;0;1;0;0;1;POINT (13.46696 52.49753)
7;2019;11;15;4;3;5;2;0;1;1;0;0;0;0;0;POINT (13.37008 52.46057)
3;2019;11;12;5;3;5;3;0;0;1;0;0;0;0;0;POINT (13.42744 52.5524)
8;2019;11;12;4;2;5;2;0;1;1;0;0;0;0;0;POINT (13.49541 52.43161)
1;2019;11;6;5;3;2;6;2;0;1;0;0;0;0;1;POINT (13.37394 52.55655)
10;2019;11;7;5;2;6;2;2;0;1;1;0;0;0;1;POINT (13.60404 52.5392)
7;2019;11;12;4;2;1;7;0;0;1;0;0;0;0;0;POINT (13.39955 52.40343)
4;2019;11;12;4;3;2;6;0;0;1;0;0;0;0;0;POINT (13.31329 52.50236)
1;2019;11;5;5;3;5;2;2;1;0;0;0;1;0;1;POINT (13.32824 52.53541)
8;2019;11;5;5;3;6;2;2;0;1;1;0;0;0;1;POINT (13.45588 52.47389)
10;2019;11;11;4;3;3;6;0;0;1;0;0;0;1;0;POINT (13.54924 52.54352)
1;2019;11;10;4;3;5;7;0;1;1;0;0;0;0;0;POINT (13.41821 52.51744)
9;2019;11;12;5;2;4;6;0;0;1;0;0;0;0;1;POINT (13.60331 52.43441)
9;2019;11;11;5;3;2;6;0;0;1;0;0;0;0;1;POINT (13.57414 52.44436)
6;2019;11;15;4;3;2;6;0;0;1;0;1;0;0;0;POINT (13.30985 52.43162)
5;2019;11;11;5;3;1;5;0;1;0;0;0;0;1;1;POINT (13.17148 52.52842)
1;2019;11;14;4;3;5;2;0;1;1;0;0;0;0;0;POINT (13.3566 52.53569)
11;2019;11;13;4;3;5;2;0;1;1;0;0;0;0;0;POINT (13.4985 52.51571)
1;2019;11;11;5;3;3;5;0;1;1;0;0;0;0;0;POINT (13.41197 52.50522)
11;2019;11;13;4;3;6;4;0;0;1;1;0;0;0;0;POINT (13.50405 52.56729)
7;2019;11;19;5;3;0;7;2;0;0;0;0;0;1;1;POINT (13.34461 52.46374)
1;2019;11;22;4;3;5;2;2;0;1;0;1;0;0;0;POINT (13.37056 52.53983)
11;2019;11;19;4;3;3;6;2;1;0;0;0;0;1;0;POINT (13.48594 52.52667)
8;2019;11;14;4;3;5;2;0;1;1;0;0;0;0;0;POINT (13.45007 52.47669)
5;2019;11;17;4;3;2;6;2;0;1;0;0;0;0;1;POINT (13.26548 52.5357)
12;2019;11;10;4;3;5;3;0;0;1;0;0;0;0;0;POINT (13.24139 52.61796)
12;2019;11;17;4;2;6;2;2;0;1;1;0;0;0;1;POINT (13.29147 52.59602)
4;2019;11;17;4;2;5;2;2;0;1;0;1;0;0;1;POINT (13.30227 52.54789)
10;2019;11;17;4;3;2;6;2;0;1;0;0;0;0;1;POINT (13.51915 52.53548)
10;2019;11;17;4;3;6;2;2;0;1;1;0;0;0;1;POINT (13.54981 52.54288)
7;2019;11;16;4;3;2;6;2;0;1;0;0;0;0;1;POINT (13.34516 52.48881)
11;2019;11;19;4;3;6;3;2;0;1;1;0;0;0;0;POINT (13.53043 52.50972)
8;2019;11;9;4;3;5;3;0;0;1;0;1;0;0;0;POINT (13.43818 52.48276)
3;2019;11;16;4;3;1;5;2;1;1;0;0;0;1;1;POINT (13.48223 52.61066)
1;2019;11;17;4;3;6;4;2;0;1;1;0;0;0;1;POINT (13.41528 52.52685)
4;2019;11;16;4;3;6;2;2;0;1;1;0;0;0;1;POINT (13.31405 52.50621)
9;2019;11;8;4;3;5;3;0;0;1;0;1;0;0;0;POINT (13.57572 52.42384)
7;2019;11;16;4;2;6;4;2;0;1;1;0;0;0;1;POINT (13.34217 52.50185)
7;2019;11;9;4;2;1;7;0;0;1;0;0;0;1;0;POINT (13.40328 52.43583)
1;2019;11;16;4;3;5;2;2;1;1;0;0;0;0;1;POINT (13.39321 52.53751)
1;2019;11;16;4;3;5;2;1;0;1;0;0;0;1;1;POINT (13.38664 52.51192)
2;2019;11;6;4;3;5;5;2;1;0;0;0;0;1;0;POINT (13.41409 52.5039)
12;2019;11;15;4;3;6;4;1;0;1;1;0;0;0;1;POINT (13.37148 52.56938)
12;2019;11;15;4;3;6;4;0;0;1;1;0;0;0;1;POINT (13.31953 52.60693)
3;2019;11;15;4;3;5;2;1;1;0;0;0;0;1;0;POINT (13.44125 52.53205)
9;2019;11;9;4;3;6;2;0;0;1;1;0;0;0;0;POINT (13.50502 52.43708)
6;2019;11;15;4;3;6;4;1;0;0;1;0;0;1;1;POINT (13.2833 52.45878)
9;2019;11;14;4;3;0;1;0;1;0;0;0;0;0;1;POINT (13.63866 52.44767)
12;2019;11;9;4;3;5;3;0;1;1;0;0;0;0;0;POINT (13.32261 52.62465)
6;2019;11;14;4;2;0;7;0;0;1;0;0;0;0;1;POINT (13.34217 52.44707)
1;2019;11;1;4;3;0;1;2;0;0;0;0;0;1;0;POINT (13.40656 52.52515)
1;2019;11;12;4;3;6;4;0;0;1;1;0;0;0;1;POINT (13.36383 52.52841)
6;2019;11;12;4;2;6;2;0;0;1;1;0;0;0;0;POINT (13.3156 52.44319)
1;2019;11;0;4;3;0;1;2;1;0;0;0;0;0;1;POINT (13.42846 52.50724)
2;2019;11;20;3;3;6;4;2;0;1;1;0;0;0;0;POINT (13.39244 52.5067)
1;2019;11;12;4;2;3;6;0;1;0;0;0;0;1;0;POINT (13.40999 52.51803)
3;2019;11;12;4;3;5;3;0;0;1;0;0;0;1;0;POINT (13.40691 52.58639)
9;2019;11;17;3;3;0;5;2;0;1;1;0;0;1;1;POINT (13.57957 52.455)
8;2019;11;7;3;3;5;3;1;1;0;0;0;0;1;0;POINT (13.4158 52.4806)
4;2019;11;10;4;3;6;4;0;0;1;1;0;0;0;0;POINT (13.30892 52.50601)
12;2019;11;11;4;3;1;5;0;0;1;0;0;0;0;1;POINT (13.32946 52.60726)
4;2019;11;9;4;3;5;2;0;1;1;0;0;0;0;0;POINT (13.32809 52.50715)
2;2019;11;20;3;3;6;4;2;0;1;1;0;0;0;0;POINT (13.43225 52.49925)
2;2019;11;9;4;3;5;3;0;1;1;0;0;0;0;0;POINT (13.42482 52.5021)
9;2019;11;19;3;3;5;3;2;1;1;0;0;0;0;0;POINT (13.52233 52.42854)
6;2019;11;8;4;3;2;2;0;1;1;0;0;0;0;0;POINT (13.32837 52.45432)
2;2019;11;22;4;3;5;3;2;1;1;0;0;0;0;1;POINT (13.39499 52.50317)
4;2019;11;18;3;3;5;2;2;1;1;0;0;0;0;0;POINT (13.32548 52.48177)
10;2019;11;20;4;3;5;2;2;0;1;0;0;0;0;1;POINT (13.62607 52.52933)
2;2019;11;18;4;3;2;6;2;0;1;0;0;0;0;1;POINT (13.46817 52.49913)
1;2019;11;20;4;3;6;2;2;0;1;1;0;0;0;1;POINT (13.39118 52.54472)
2;2019;11;18;3;3;5;2;2;1;1;0;0;0;0;0;POINT (13.40794 52.50438)
12;2019;11;18;3;2;6;4;2;0;1;1;0;0;0;0;POINT (13.37007 52.57466)
1;2019;11;19;4;2;1;1;2;0;1;0;0;1;0;1;POINT (13.3636 52.55668)
12;2019;11;19;4;2;1;5;2;1;1;0;0;0;0;1;POINT (13.28693 52.63898)
2;2019;11;14;3;3;5;3;0;0;1;0;0;0;0;0;POINT (13.42454 52.4972)
4;2019;12;22;3;3;4;1;2;0;1;0;0;1;0;0;POINT (13.28305 52.51865)
2;2019;12;22;3;3;5;2;2;0;1;0;1;0;0;0;POINT (13.42298 52.50027)
8;2019;12;21;3;3;1;1;2;0;1;0;0;0;0;0;POINT (13.46977 52.43476)
2;2019;12;12;3;2;1;1;0;1;1;0;0;0;0;1;POINT (13.46962 52.51244)
1;2019;12;11;3;3;2;6;0;0;1;0;0;0;0;0;POINT (13.34314 52.52664)
8;2019;12;9;3;3;1;5;0;1;1;0;0;0;1;0;POINT (13.45149 52.48066)
4;2019;12;9;3;3;2;2;0;1;1;0;0;0;0;1;POINT (13.33561 52.49939)
11;2019;12;9;3;3;5;2;0;1;1;0;0;0;0;0;POINT (13.52826 52.55689)
4;2019;12;9;3;3;5;3;0;1;1;0;0;0;0;1;POINT (13.28468 52.47402)
2;2019;12;9;3;2;6;4;0;0;1;1;0;0;0;0;POINT (13.43509 52.50841)
1;2019;12;9;3;3;1;5;0;1;1;0;0;0;1;0;POINT (13.39705 52.51387)
9;2019;12;8;3;3;5;3;0;0;1;0;0;0;0;1;POINT (13.51788 52.46609)
5;2019;12;8;3;3;3;6;0;0;1;0;1;0;0;1;POINT (13.21014 52.549)
3;2019;12;5;3;3;0;3;2;0;0;0;1;0;0;1;POINT (13.39733 52.5671)
6;2019;12;16;3;3;0;2;2;0;1;1;0;0;0;0;POINT (13.25508 52.44061)
1;2019;12;16;3;3;1;5;2;1;1;0;0;0;1;1;POINT (13.34725 52.55658)
6;2019;12;14;3;3;5;2;0;0;1;0;0;0;0;0;POINT (13.31533 52.44955)
9;2019;12;14;3;3;5;3;0;1;1;0;0;0;0;0;POINT (13.48833 52.45128)
10;2019;12;15;2;3;4;6;1;1;1;0;0;0;0;1;POINT (13.54482 52.52222)
5;2019;12;11;2;2;6;4;0;0;1;1;0;0;0;1;POINT (13.19886 52.53489)
6;2019;12;9;2;3;0;2;0;1;1;0;0;0;0;1;POINT (13.25987 52.42918)
11;2019;12;9;2;2;6;4;0;0;1;1;0;0;0;1;POINT (13.50953 52.55111)
2;2019;12;10;2;3;2;6;0;0;1;0;0;0;1;1;POINT (13.44383 52.52532)
4;2019;12;9;2;3;5;3;0;0;1;0;0;0;0;1;POINT (13.26452 52.50897)
7;2019;12;9;2;2;5;3;0;0;1;0;0;0;0;2;POINT (13.38255 52.45834)
8;2019;12;8;2;3;3;6;0;1;1;0;0;0;0;0;POINT (13.43692 52.48112)
8;2019;12;8;2;3;2;6;0;0;1;0;0;0;0;0;POINT (13.41845 52.45197)
11;2019;12;7;2;3;0;1;0;1;0;0;0;0;0;2;POINT (13.47622 52.51257)
6;2019;12;8;2;3;6;2;0;0;1;1;0;0;0;0;POINT (13.27619 52.43343)
2;2019;12;7;2;3;0;2;0;1;0;0;0;0;1;2;POINT (13.38345 52.49346)
9;2019;12;7;2;3;5;2;1;0;1;0;1;0;0;1;POINT (13.55173 52.42849)
5;2019;12;5;2;3;1;5;2;0;1;0;0;0;0;2;POINT (13.22546 52.55213)
12;2019;12;5;2;3;5;2;2;0;1;0;0;0;0;2;POINT (13.29208 52.59057)
1;2019;12;21;2;3;6;2;2;0;1;1;0;0;0;1;POINT (13.39874 52.53258)
12;2019;12;20;2;3;5;2;2;0;1;0;0;0;0;0;POINT (13.30293 52.58073)
3;2019;12;20;2;3;0;1;2;0;0;0;1;0;0;2;POINT (13.46574 52.552)
9;2019;12;20;2;3;5;2;2;1;1;0;0;0;0;1;POINT (13.51428 52.44638)
9;2019;12;17;2;3;1;1;2;0;1;0;1;0;0;1;POINT (13.58201 52.44227)
3;2019;12;17;2;3;5;2;2;1;1;0;0;0;0;1;POINT (13.44161 52.54329)
3;2019;12;17;2;3;2;6;2;0;1;0;0;0;0;1;POINT (13.45957 52.56294)
10;2019;12;18;2;3;2;2;2;0;1;0;0;0;0;1;POINT (13.61953 52.52243)
1;2019;12;18;2;3;1;5;2;1;1;0;0;0;0;1;POINT (13.39916 52.52479)
1;2019;12;16;2;3;2;2;2;0;1;0;0;0;0;1;POINT (13.41649 52.51965)
11;2019;12;7;2;3;0;6;1;1;1;0;0;0;0;2;POINT (13.53074 52.49263)
7;2019;12;17;2;3;6;2;2;0;1;1;0;0;0;1;POINT (13.35933 52.45658)
12;2019;12;17;2;3;1;5;2;0;1;0;1;0;0;1;POINT (13.3683 52.56398)
3;2019;12;16;2;2;6;4;2;0;1;1;0;0;0;1;POINT (13.45834 52.54999)
3;2019;12;17;2;3;2;6;2;0;1;0;0;0;0;1;POINT (13.43607 52.54221)
3;2019;12;16;2;3;5;3;2;0;1;0;0;0;0;1;POINT (13.42703 52.55221)
1;2019;12;16;2;3;5;2;2;0;1;0;0;0;0;1;POINT (13.31595 52.5258)
3;2019;12;15;2;3;5;3;0;1;1;0;0;0;0;1;POINT (13.41475 52.55387)
7;2019;12;15;2;2;1;5;0;0;1;0;0;0;0;1;POINT (13.37815 52.42475)
1;2019;12;15;2;3;5;3;0;1;1;0;0;0;0;1;POINT (13.39682 52.51433)
4;2019;12;15;2;3;2;6;0;0;1;0;0;0;0;0;POINT (13.30914 52.49163)
4;2019;12;14;2;3;5;2;0;1;1;0;0;0;0;0;POINT (13.29599 52.49591)
11;2019;12;7;2;3;6;2;2;0;1;1;0;0;0;1;POINT (13.49285 52.53925)
2;2019;12;13;2;3;1;5;0;1;1;0;0;0;0;1;POINT (13.38896 52.49414)
9;2019;12;12;2;3;6;6;0;0;1;1;0;0;0;1;POINT (13.57455 52.45303)
9;2019;12;11;2;2;5;2;0;1;1;0;0;0;0;0;POINT (13.56262 52.45637)
2;2019;12;20;1;2;5;2;2;0;1;0;0;0;0;1;POINT (13.37665 52.48503)
1;2019;12;21;1;2;3;6;2;1;0;0;0;0;0;1;POINT (13.36794 52.52614)
12;2019;12;16;1;3;1;5;2;1;0;0;0;0;1;0;POINT (13.29139 52.60521)
4;2019;12;17;1;3;6;2;2;0;1;1;0;0;0;1;POINT (13.29607 52.49804)
4;2019;12;17;1;3;2;6;2;0;1;0;0;0;0;1;POINT (13.29652 52.54833)
7;2019;12;17;1;3;6;2;2;0;1;1;0;0;0;1;POINT (13.3703 52.46717)
2;2019;12;17;1;3;5;3;2;0;1;0;0;0;1;1;POINT (13.44068 52.51727)
7;2019;12;17;1;2;6;4;2;0;1;1;0;0;0;1;POINT (13.35011 52.4143)
1;2019;12;16;1;3;2;6;2;1;1;0;0;0;0;1;POINT (13.38032 52.53277)
8;2019;12;16;1;3;1;5;2;1;1;0;0;0;0;1;POINT (13.46744 52.46837)
12;2019;12;16;1;3;5;3;2;0;1;0;0;0;0;1;POINT (13.31791 52.57081)
2;2019;12;16;1;3;5;2;2;0;1;0;0;0;1;1;POINT (13.42993 52.52316)
6;2019;12;16;1;3;5;2;2;1;1;0;0;0;0;1;POINT (13.31229 52.43033)
4;2019;12;16;1;3;2;6;2;0;1;0;0;0;0;1;POINT (13.3105 52.52575)
2;2019;12;15;1;3;0;7;1;1;0;0;0;0;0;1;POINT (13.45705 52.5097)
2;2019;12;16;1;2;6;4;2;0;1;1;0;0;0;1;POINT (13.39596 52.49842)
2;2019;12;22;1;3;8;1;2;0;1;0;0;0;0;0;POINT (13.46261 52.51984)
8;2019;12;14;1;3;5;3;0;1;1;0;0;0;0;1;POINT (13.43526 52.49118)
6;2019;12;14;1;3;2;6;0;0;1;0;0;1;0;0;POINT (13.3481 52.43767)
2;2019;12;21;1;2;3;6;2;1;1;0;0;0;0;1;POINT (13.41945 52.49675)
3;2019;12;19;1;3;5;7;2;0;1;0;0;0;1;1;POINT (13.46086 52.52963)
7;2019;12;13;1;3;2;6;0;0;1;0;0;1;0;0;POINT (13.40826 52.46393)
6;2019;12;19;1;3;6;2;2;0;1;1;0;0;0;1;POINT (13.30871 52.46737)
1;2019;12;13;1;3;2;6;0;0;1;0;0;1;0;1;POINT (13.38675 52.55553)
12;2019;12;12;1;3;0;5;0;0;1;0;0;0;1;1;POINT (13.31571 52.57794)
3;2019;12;18;1;2;6;2;2;0;1;1;0;0;0;1;POINT (13.43943 52.54776)
3;2019;12;16;1;3;6;4;2;0;1;1;0;0;0;1;POINT (13.37144 52.59134)
9;2019;12;11;1;3;5;2;0;0;1;0;0;0;0;0;POINT (13.47875 52.47759)
7;2019;12;17;1;3;1;5;2;0;1;0;0;0;0;1;POINT (13.35333 52.41371)
6;2019;12;11;1;3;0;3;0;0;0;0;0;0;1;0;POINT (13.32573 52.41486)
4;2019;12;9;1;3;5;2;0;0;1;0;1;0;0;1;POINT (13.32767 52.52078)
4;2019;12;5;1;3;5;7;2;0;1;0;0;1;0;0;POINT (13.29426 52.49771)
3;2019;12;5;1;3;5;3;2;1;1;0;0;0;0;0;POINT (13.49135 52.63774)
8;2019;12;4;1;3;4;6;2;0;1;0;0;0;0;1;POINT (13.46985 52.47293)
2;2019;12;2;1;3;6;4;2;0;1;1;0;0;0;0;POINT (13.45682 52.51176)
3;2019;12;17;1;3;5;7;2;1;1;0;0;0;0;1;POINT (13.39396 52.56484)
11;2019;12;7;1;3;5;2;0;1;1;0;0;0;0;0;POINT (13.52449 52.47864)
7;2019;12;22;7;3;5;3;2;0;1;0;0;0;0;0;POINT (13.38572 52.4661)
1;2019;12;21;7;3;1;6;2;0;1;0;0;0;1;0;POINT (13.34172 52.54486)
3;2019;12;19;7;2;6;4;2;0;0;1;0;0;1;0;POINT (13.41283 52.5537)
5;2019;12;18;7;3;5;2;2;0;1;0;1;0;0;0;POINT (13.19594 52.5273)
11;2019;12;14;7;3;0;4;0;1;0;1;0;0;0;0;POINT (13.4796 52.51625)
8;2019;12;13;7;3;5;3;0;0;1;0;0;0;0;0;POINT (13.43628 52.47272)
3;2019;12;10;7;3;2;6;0;0;1;0;0;0;0;0;POINT (13.45736 52.56117)
8;2019;12;4;7;2;5;3;2;0;1;0;0;0;0;0;POINT (13.46231 52.43253)