bez;ujahr;umonat;ustunde;uwochentag;ukategorie;uart;utyp1;ulichtverh;istrad;istpkw;istfuss;istkrad;istgkfz;istsonstige;ustrzustand;geometry
2;2019;12;1;7;2;6;7;2;0;1;1;0;0;0;0;POINT (13.43332 52.52317)
1;2019;12;1;7;3;5;3;2;0;1;0;0;0;1;0;POINT (13.41541 52.52274)
2;2019;11;15;6;3;0;6;0;0;1;0;1;0;0;0;POINT (13.40035 52.49434)
1;2019;11;12;6;3;5;3;0;1;1;0;0;0;0;0;POINT (13.36267 52.5227)
12;2019;11;0;6;3;2;6;2;0;1;0;0;0;0;0;POINT (13.28376 52.59704)
5;2019;11;9;6;3;6;2;0;0;1;1;0;0;0;0;POINT (13.20058 52.53857)
1;2019;11;3;6;3;2;6;2;0;1;0;0;0;0;0;POINT (13.41034 52.5287)
1;2019;11;23;6;3;1;5;2;1;0;0;0;0;1;0;POINT (13.3835 52.53021)
2;2019;11;19;6;3;5;3;2;0;1;0;1;0;0;0;POINT (13.46564 52.52007)
3;2019;11;18;6;3;5;2;2;1;1;0;0;0;0;0;POINT (13.4367 52.59252)
8;2019;11;18;6;3;5;2;2;0;1;0;0;0;0;0;POINT (13.43134 52.48157)
5;2019;11;16;6;3;5;2;1;0;1;0;0;0;0;0;POINT (13.24775 52.53811)
12;2019;11;16;6;3;2;6;1;0;1;0;0;0;0;0;POINT (13.28459 52.59467)
3;2019;11;18;6;3;2;6;2;0;1;0;0;0;0;0;POINT (13.43015 52.55136)
5;2019;11;14;6;2;6;4;0;0;1;1;0;0;0;0;POINT (13.19976 52.53475)
11;2019;11;12;6;2;5;2;0;0;1;0;0;0;1;0;POINT (13.47121 52.53543)
7;2019;11;14;6;3;2;6;0;0;1;0;0;0;0;0;POINT (13.37585 52.44327)
2;2019;11;7;6;3;0;7;0;1;0;0;0;0;0;0;POINT (13.42572 52.4991)
2;2019;11;4;6;3;0;1;2;0;0;0;0;0;1;0;POINT (13.46832 52.50254)
2;2019;11;19;6;3;6;2;2;0;1;1;0;0;0;1;POINT (13.45907 52.5012)
2;2019;11;17;5;3;5;2;2;0;1;0;0;0;0;0;POINT (13.39945 52.49829)
8;2019;11;19;5;3;5;7;2;0;1;0;0;0;0;1;POINT (13.46018 52.4319)
5;2019;11;18;5;3;5;2;2;1;1;0;0;0;0;0;POINT (13.20067 52.53871)
5;2019;11;18;5;3;6;4;2;0;1;1;0;0;0;0;POINT (13.19798 52.53919)
8;2019;11;18;5;3;0;6;2;0;0;0;1;0;1;0;POINT (13.43096 52.4681)
2;2019;11;17;5;3;3;2;1;1;1;0;0;0;0;0;POINT (13.41215 52.49852)
2;2019;11;16;5;3;5;2;2;1;1;0;0;0;0;0;POINT (13.40572 52.48909)
1;2019;11;15;5;3;1;5;0;0;1;0;0;1;0;0;POINT (13.38401 52.55111)
8;2019;11;14;5;3;5;3;0;0;1;0;0;0;0;1;POINT (13.44219 52.48858)
9;2019;11;12;5;3;0;6;0;0;1;0;1;0;0;1;POINT (13.68383 52.3705)
6;2019;11;12;5;3;5;7;0;0;1;0;0;0;1;0;POINT (13.25934 52.4328)
1;2019;11;12;5;3;5;2;0;0;1;0;0;0;0;0;POINT (13.39119 52.53615)
6;2019;11;11;5;3;6;4;0;0;1;1;0;0;0;0;POINT (13.34493 52.46137)
12;2019;11;11;5;3;5;2;0;0;1;0;0;0;0;0;POINT (13.292 52.59059)
7;2019;11;11;5;2;1;5;0;0;1;0;0;0;0;0;POINT (13.3596 52.41913)
2;2019;11;9;5;3;6;4;0;0;0;1;0;0;1;0;POINT (13.39254 52.50684)
5;2019;11;9;5;3;2;6;0;0;1;0;0;1;0;0;POINT (13.24772 52.54753)
7;2019;11;9;5;3;5;3;0;1;1;0;0;0;0;0;POINT (13.33642 52.46765)
2;2019;11;16;5;2;0;7;2;1;0;0;0;0;0;0;POINT (13.39508 52.49972)
1;2019;11;9;5;3;2;6;0;0;1;0;0;0;0;0;POINT (13.36946 52.55953)
7;2019;11;9;5;3;6;4;0;1;0;1;0;0;0;1;POINT (13.35946 52.49818)
2;2019;11;8;5;3;5;2;0;1;0;0;0;0;1;0;POINT (13.44098 52.52449)
2;2019;11;8;5;3;6;4;0;1;0;1;0;0;0;1;POINT (13.39718 52.48889)
10;2019;11;7;5;3;6;4;2;0;1;1;0;0;0;1;POINT (13.57474 52.56804)
5;2019;11;19;4;3;2;6;2;0;1;0;0;0;0;1;POINT (13.22697 52.53763)
9;2019;11;19;4;2;1;5;2;0;1;0;0;0;1;1;POINT (13.58823 52.46947)
4;2019;11;19;4;3;2;6;2;0;1;0;0;0;0;1;POINT (13.31328 52.50227)
4;2019;11;18;4;3;3;6;2;0;1;0;1;0;0;1;POINT (13.30087 52.51933)
8;2019;11;18;4;3;2;3;2;0;1;0;0;0;0;1;POINT (13.43604 52.48381)
1;2019;11;18;4;2;6;2;2;0;1;1;0;0;0;1;POINT (13.36013 52.5443)
3;2019;11;19;4;2;6;2;2;0;0;1;0;0;1;0;POINT (13.40258 52.55464)
7;2019;11;18;4;3;5;2;2;0;1;0;0;0;0;1;POINT (13.39002 52.43435)
11;2019;11;17;4;3;0;6;2;0;1;0;1;0;0;1;POINT (13.47546 52.50217)
1;2019;11;17;4;3;2;6;2;0;1;0;0;0;0;1;POINT (13.35172 52.54295)
11;2019;11;17;4;3;5;2;2;0;1;0;0;0;0;1;POINT (13.46774 52.54644)
6;2019;11;17;4;3;6;2;2;0;1;1;0;0;0;1;POINT (13.30307 52.42676)
11;2019;11;17;4;2;6;4;2;1;0;1;0;0;0;1;POINT (13.51011 52.535)
12;2019;11;17;4;3;1;5;2;0;1;0;0;0;0;0;POINT (13.30805 52.61224)
1;2019;11;17;4;3;5;3;2;1;1;0;0;0;0;1;POINT (13.39482 52.53075)
5;2019;11;17;4;3;6;4;2;0;1;1;0;0;0;1;POINT (13.1953 52.53555)
10;2019;11;16;4;3;5;3;2;1;1;0;0;0;0;1;POINT (13.60014 52.47472)
10;2019;11;16;4;3;6;7;2;0;0;1;0;0;1;0;POINT (13.58694 52.51714)
9;2019;11;16;4;3;6;4;2;0;1;1;0;0;0;1;POINT (13.58312 52.44328)
1;2019;11;15;4;3;5;2;0;1;1;0;0;0;0;0;POINT (13.40977 52.52402)
10;2019;11;14;4;3;6;4;0;0;1;1;0;0;0;0;POINT (13.57424 52.56044)
4;2019;11;21;4;3;5;2;2;1;1;0;0;0;0;1;POINT (13.32051 52.48638)
9;2019;11;12;4;3;1;5;0;0;1;0;0;0;0;0;POINT (13.52295 52.43477)
12;2019;11;13;4;3;2;6;0;0;1;0;0;0;0;1;POINT (13.34581 52.58947)
3;2019;11;13;4;3;7;7;0;1;0;0;0;0;0;0;POINT (13.41529 52.53793)
11;2019;11;12;4;3;5;2;0;0;1;0;0;0;0;0;POINT (13.50348 52.5097)
5;2019;11;12;4;3;2;3;0;0;1;0;1;0;0;0;POINT (13.17459 52.55425)
4;2019;11;20;4;3;5;7;2;0;1;0;1;0;0;1;POINT (13.30452 52.48841)
9;2019;11;12;4;3;5;7;0;0;1;0;0;1;0;0;POINT (13.51729 52.47144)
9;2019;11;20;4;3;5;3;2;1;1;0;0;0;0;1;POINT (13.48366 52.47402)
2;2019;11;11;4;3;5;7;0;1;1;0;0;0;0;0;POINT (13.43328 52.49967)
12;2019;11;10;4;3;5;2;0;1;1;0;0;0;0;0;POINT (13.33153 52.56211)
11;2019;11;10;4;3;6;2;0;0;0;1;0;1;0;0;POINT (13.50881 52.56452)
3;2019;11;10;4;3;1;5;0;1;0;0;0;0;1;0;POINT (13.43334 52.59803)
10;2019;11;8;4;3;5;3;0;1;1;0;0;0;0;0;POINT (13.61172 52.53988)
5;2019;11;8;4;3;2;6;0;0;1;0;0;0;0;0;POINT (13.18233 52.48662)
2;2019;11;7;4;3;6;4;0;1;1;1;0;0;0;1;POINT (13.42866 52.50404)
5;2019;11;5;4;3;5;2;2;1;1;0;0;0;0;1;POINT (13.24308 52.53864)
7;2019;11;18;3;3;2;7;2;1;1;0;0;0;0;1;POINT (13.35223 52.49647)
7;2019;11;17;3;3;6;6;2;1;0;1;0;0;0;0;POINT (13.39102 52.46023)
3;2019;11;19;3;3;5;3;2;0;1;0;0;0;0;1;POINT (13.44221 52.54668)
8;2019;11;20;3;3;1;5;2;1;1;0;0;0;0;0;POINT (13.43492 52.46679)
8;2019;11;16;3;3;6;2;1;0;1;1;0;0;0;1;POINT (13.41702 52.41822)
1;2019;11;19;3;2;1;5;2;0;1;0;0;0;1;1;POINT (13.38783 52.5606)
8;2019;11;19;3;3;6;4;2;0;1;1;0;0;0;1;POINT (13.45505 52.47275)
9;2019;11;19;3;3;2;6;2;0;1;0;0;0;0;1;POINT (13.46954 52.45202)
6;2019;11;18;3;3;6;2;2;0;1;1;0;0;0;1;POINT (13.33456 52.43751)
3;2019;12;8;5;3;5;3;0;1;1;0;0;0;0;1;POINT (13.43677 52.54881)
4;2019;11;18;3;3;5;2;2;0;1;0;0;0;0;1;POINT (13.32625 52.53801)
8;2019;11;18;3;3;8;1;2;0;1;0;0;0;0;1;POINT (13.43051 52.45448)
6;2019;12;8;5;3;5;7;0;0;0;0;1;0;1;0;POINT (13.24667 52.4251)
3;2019;11;17;3;3;2;6;2;0;1;0;0;0;0;1;POINT (13.4427 52.54605)
7;2019;12;5;5;3;5;3;2;0;1;0;0;0;0;0;POINT (13.4107 52.41027)
4;2019;11;17;3;3;5;2;2;1;1;0;0;0;0;1;POINT (13.3036 52.48843)
12;2019;11;17;3;3;6;4;2;0;1;1;0;0;0;1;POINT (13.33965 52.58798)
4;2019;12;6;5;3;2;6;0;0;1;0;0;0;0;1;POINT (13.29006 52.49471)
7;2019;11;17;3;3;5;7;2;0;1;0;1;0;0;1;POINT (13.39267 52.45297)
7;2019;11;17;3;3;5;3;2;0;1;0;0;0;0;1;POINT (13.36003 52.4754)
6;2019;11;17;3;3;5;3;2;1;1;0;0;0;0;1;POINT (13.32688 52.45492)
12;2019;12;6;5;3;5;2;2;0;1;0;0;0;1;2;POINT (13.28079 52.59379)
3;2019;12;6;5;2;5;3;2;1;1;0;0;0;0;0;POINT (13.40892 52.57111)
2;2019;11;17;3;3;5;2;2;1;1;0;0;0;0;1;POINT (13.42635 52.49929)
1;2019;11;17;3;3;5;2;2;0;1;0;1;0;0;1;POINT (13.34945 52.51509)
7;2019;12;7;5;3;5;3;1;1;1;0;0;0;0;0;POINT (13.35342 52.48913)
1;2019;11;17;3;3;6;2;2;0;1;1;0;0;0;1;POINT (13.35107 52.54101)
1;2019;11;20;3;3;5;2;2;1;1;0;0;0;0;0;POINT (13.32993 52.52378)
5;2019;12;7;5;3;5;3;1;1;1;0;0;0;0;1;POINT (13.20702 52.56533)
8;2019;12;0;5;2;6;2;2;0;1;1;0;0;0;0;POINT (13.4558 52.47389)
1;2019;11;22;3;3;0;7;2;0;0;0;0;0;1;1;POINT (13.38522 52.53116)
3;2019;11;13;3;3;3;6;0;1;1;0;0;0;0;0;POINT (13.44399 52.61499)
11;2019;12;13;5;2;6;4;0;0;1;1;0;0;0;1;POINT (13.48129 52.53623)
6;2019;12;13;5;3;2;6;0;0;1;0;0;0;0;1;POINT (13.27468 52.46023)
10;2019;11;13;3;3;2;6;0;0;1;0;0;0;1;0;POINT (13.56028 52.48563)
2;2019;11;12;3;3;0;1;0;0;0;0;0;0;1;0;POINT (13.44952 52.51296)
9;2019;11;12;3;3;2;6;0;0;1;0;0;0;0;1;POINT (13.48556 52.46434)
11;2019;12;12;5;3;5;7;0;0;1;0;0;0;1;1;POINT (13.47776 52.5308)
7;2019;11;12;3;3;3;6;0;1;0;0;0;1;0;0;POINT (13.38593 52.48431)
4;2019;12;12;5;3;0;1;0;0;0;0;1;0;0;1;POINT (13.30732 52.52464)
8;2019;11;11;3;3;2;6;0;0;1;0;0;0;1;0;POINT (13.42348 52.48657)
3;2019;11;11;3;3;5;3;0;0;1;0;0;0;0;0;POINT (13.47018 52.55361)
2;2019;12;12;5;3;0;1;0;0;0;0;1;0;0;1;POINT (13.38756 52.50355)
6;2019;11;10;3;3;2;7;0;0;1;0;0;0;0;0;POINT (13.35522 52.44897)
10;2019;11;16;3;3;6;4;2;0;0;1;0;0;1;1;POINT (13.6049 52.53665)
1;2019;11;9;3;2;5;3;0;1;1;0;0;0;0;0;POINT (13.37991 52.5331)
1;2019;12;11;5;3;6;2;0;0;0;1;0;0;1;0;POINT (13.35221 52.54824)
12;2019;12;11;5;3;0;3;0;0;1;0;1;0;0;1;POINT (13.32654 52.5757)
12;2019;11;7;3;3;5;3;0;0;1;0;0;0;0;0;POINT (13.33737 52.60473)
1;2019;11;16;3;3;6;2;2;0;1;1;0;0;0;1;POINT (13.42122 52.50986)
11;2019;12;10;5;3;3;6;0;0;1;0;0;0;0;1;POINT (13.51914 52.51027)
6;2019;12;18;5;1;6;2;2;0;1;1;0;0;0;1;POINT (13.35006 52.43427)
5;2019;11;7;3;2;5;2;0;0;0;0;0;0;1;0;POINT (13.20031 52.53781)
11;2019;11;16;3;3;6;2;1;0;1;1;0;0;0;1;POINT (13.51148 52.50558)
6;2019;12;17;5;1;6;2;2;0;1;1;0;0;0;1;POINT (13.25124 52.44997)
2;2019;11;16;3;3;5;3;2;1;1;0;0;0;0;1;POINT (13.41029 52.50379)
10;2019;11;5;3;3;5;3;2;0;1;0;1;0;0;0;POINT (13.54007 52.53437)
1;2019;12;17;4;3;1;5;2;1;1;0;0;0;0;1;POINT (13.34686 52.53062)
10;2019;12;13;4;3;0;4;0;0;0;1;0;0;1;0;POINT (13.60987 52.53306)
4;2019;11;15;3;3;2;6;0;0;1;0;0;0;0;1;POINT (13.31383 52.50598)
3;2019;11;15;3;3;6;4;1;0;1;1;0;0;0;1;POINT (13.44687 52.56841)
2;2019;11;15;3;3;6;4;0;0;1;1;0;0;0;1;POINT (13.45806 52.50176)
3;2019;12;12;4;3;5;3;0;0;1;0;0;0;0;0;POINT (13.47389 52.60993)
1;2019;11;15;3;3;2;1;0;1;0;0;0;0;1;1;POINT (13.36722 52.52255)
10;2019;12;12;4;3;0;3;0;0;0;0;0;0;1;0;POINT (13.56949 52.56905)
11;2019;11;7;3;3;0;1;1;1;0;0;0;0;0;0;POINT (13.48146 52.5191)
8;2019;11;17;3;3;4;5;2;0;1;0;1;0;0;0;POINT (13.42317 52.48502)
12;2019;12;9;4;3;6;4;0;0;1;1;0;0;0;0;POINT (13.2896 52.57868)
4;2019;12;9;4;2;2;6;0;0;1;0;1;0;0;1;POINT (13.3178 52.49959)
3;2019;11;7;2;3;6;4;1;0;1;1;0;0;0;0;POINT (13.38834 52.5885)
3;2019;12;9;4;3;2;6;0;1;1;0;0;0;0;0;POINT (13.43719 52.55267)
8;2019;11;19;2;2;0;1;2;1;0;0;0;0;0;0;POINT (13.42545 52.48078)
10;2019;11;18;2;2;6;4;2;0;0;1;0;0;1;0;POINT (13.55144 52.53375)
8;2019;12;23;4;2;6;4;2;0;1;1;0;0;0;0;POINT (13.445 52.47921)
8;2019;12;8;4;3;2;6;0;0;1;0;0;0;0;0;POINT (13.42794 52.48759)
12;2019;11;17;2;3;5;3;2;0;1;0;1;0;0;0;POINT (13.29729 52.58011)
8;2019;11;16;2;3;5;3;2;0;1;0;0;0;0;0;POINT (13.43633 52.46722)
6;2019;12;7;4;3;1;5;0;1;1;0;0;0;0;0;POINT (13.29724 52.42307)
4;2019;12;21;4;3;5;2;2;1;1;0;0;0;0;0;POINT (13.33067 52.49321)
4;2019;11;16;2;3;2;6;2;0;1;0;0;0;0;0;POINT (13.21868 52.50884)
1;2019;11;16;2;3;2;6;1;0;1;0;0;0;0;0;POINT (13.36281 52.53847)
11;2019;12;7;4;3;5;3;2;1;1;0;0;0;0;1;POINT (13.50607 52.49199)
6;2019;11;16;2;2;6;4;2;0;1;1;0;0;0;0;POINT (13.31552 52.45871)
11;2019;12;7;4;3;5;3;2;1;1;0;0;0;0;1;POINT (13.49962 52.53494)
12;2019;11;16;2;3;2;6;2;0;1;0;0;0;0;0;POINT (13.37782 52.56378)
9;2019;11;16;2;3;0;5;1;0;1;0;0;0;0;0;POINT (13.6062 52.44992)
4;2019;12;21;4;3;1;5;2;0;1;0;0;0;0;0;POINT (13.33782 52.50172)
4;2019;12;0;4;2;0;7;2;0;0;0;0;0;1;0;POINT (13.29998 52.50998)
8;2019;11;15;2;3;3;6;1;1;0;0;0;0;1;0;POINT (13.44215 52.48323)
6;2019;11;20;2;3;5;3;2;1;1;0;0;0;0;1;POINT (13.30669 52.46433)
7;2019;12;10;4;2;5;3;0;1;0;0;0;1;0;0;POINT (13.36634 52.45972)
6;2019;12;19;4;3;1;1;2;0;1;0;1;0;0;1;POINT (13.24815 52.42211)
2;2019;11;19;2;3;5;2;2;1;1;0;0;0;0;0;POINT (13.40792 52.50436)
4;2019;11;19;2;3;5;3;1;0;1;0;0;0;0;0;POINT (13.31328 52.52993)
12;2019;12;17;4;3;6;4;2;0;1;1;0;0;0;0;POINT (13.32069 52.59273)
2;2019;12;18;4;3;0;1;2;0;0;0;1;0;0;0;POINT (13.39715 52.49088)
12;2019;11;19;2;3;2;6;2;0;1;0;1;0;0;0;POINT (13.27726 52.57574)
7;2019;11;19;2;3;1;5;2;1;1;0;0;0;0;0;POINT (13.3248 52.46618)
5;2019;11;19;2;3;5;2;2;0;1;0;0;0;0;0;POINT (13.19838 52.533)
2;2019;12;17;4;3;6;4;2;0;1;1;0;0;0;0;POINT (13.43763 52.50333)
3;2019;12;17;4;3;3;6;2;0;1;0;0;0;1;0;POINT (13.42438 52.55226)
6;2019;11;18;2;3;2;6;2;0;1;0;0;0;0;0;POINT (13.31305 52.42284)
12;2019;11;15;2;3;5;3;1;0;1;0;0;0;0;0;POINT (13.28867 52.59575)
4;2019;12;18;4;3;1;5;2;1;0;0;0;0;1;0;POINT (13.29717 52.51206)
2;2019;12;17;4;3;6;6;1;0;1;1;0;0;0;0;POINT (13.4685 52.50973)
2;2019;11;14;2;3;5;2;0;0;1;0;0;1;0;0;POINT (13.40665 52.49843)
1;2019;11;15;2;3;0;1;0;0;0;0;1;0;0;0;POINT (13.35292 52.53547)
6;2019;12;18;4;3;5;3;2;1;1;0;0;0;0;0;POINT (13.22916 52.42643)
4;2019;11;14;2;3;1;5;0;0;1;0;0;0;0;0;POINT (13.28027 52.51914)
4;2019;12;16;4;3;0;3;2;1;0;0;1;0;0;1;POINT (13.31505 52.50103)
7;2019;11;14;2;3;5;3;0;1;1;0;0;0;0;0;POINT (13.37825 52.46716)
2;2019;11;13;2;3;5;2;0;1;0;0;0;0;1;0;POINT (13.41045 52.5038)
7;2019;12;16;4;3;5;2;2;0;1;0;1;0;0;1;POINT (13.35499 52.48388)
3;2019;12;16;4;3;1;5;2;1;1;0;0;0;0;0;POINT (13.43563 52.52942)
9;2019;11;13;2;3;5;2;0;0;1;0;0;0;0;0;POINT (13.51963 52.42828)
11;2019;11;10;2;3;5;3;0;0;1;0;0;0;0;0;POINT (13.51489 52.50558)
11;2019;12;16;4;3;6;4;2;0;1;1;0;0;0;1;POINT (13.50359 52.57441)
3;2019;12;14;4;3;5;3;0;1;1;0;0;0;0;0;POINT (13.49787 52.62836)
7;2019;11;10;2;3;0;7;0;0;1;0;0;0;1;0;POINT (13.40659 52.39376)
1;2019;11;12;2;3;0;7;0;0;0;0;1;0;1;0;POINT (13.32987 52.52293)
1;2019;12;15;4;3;2;2;0;1;1;0;0;0;0;0;POINT (13.38205 52.51404)
4;2019;11;9;2;3;3;6;0;0;1;0;1;0;0;0;POINT (13.28575 52.50655)
5;2019;12;14;4;3;2;6;0;0;1;0;0;0;0;0;POINT (13.21716 52.53772)
9;2019;12;14;4;2;6;4;0;0;1;1;0;0;0;0;POINT (13.51284 52.46449)
1;2019;11;9;2;3;5;2;0;0;1;0;0;0;1;0;POINT (13.36982 52.55972)
12;2019;12;14;4;3;0;6;0;0;1;0;1;0;0;0;POINT (13.30098 52.58231)
2;2019;11;7;2;3;0;3;0;1;0;0;1;0;0;0;POINT (13.39043 52.49068)
6;2019;12;14;4;2;5;3;0;1;1;0;0;0;0;0;POINT (13.30284 52.42677)
12;2019;12;13;4;3;2;7;0;0;1;0;0;0;0;0;POINT (13.32068 52.58374)
5;2019;11;7;2;3;2;6;1;0;1;0;0;0;0;0;POINT (13.26727 52.53661)
4;2019;11;7;2;3;5;3;0;1;1;0;0;0;0;0;POINT (13.29629 52.49761)
8;2019;12;13;4;3;5;7;0;1;1;0;0;0;0;0;POINT (13.43406 52.45271)
6;2019;11;7;2;3;1;5;1;0;0;0;0;0;1;0;POINT (13.28965 52.46899)
8;2019;11;12;2;3;6;4;0;0;1;1;0;0;1;0;POINT (13.43931 52.41753)
8;2019;11;10;2;3;3;6;0;1;1;0;0;0;0;0;POINT (13.44143 52.48097)
1;2019;11;11;2;3;1;5;0;1;1;0;0;0;0;0;POINT (13.35607 52.50488)
11;2019;11;10;2;3;6;4;0;0;0;1;0;0;1;0;POINT (13.50474 52.56322)
2;2019;12;13;4;3;1;5;0;0;1;0;0;0;0;0;POINT (13.38402 52.50484)
5;2019;12;18;3;3;5;2;1;0;1;0;0;0;1;0;POINT (13.18491 52.51545)
3;2019;11;10;2;3;5;2;0;0;1;0;0;0;1;0;POINT (13.43221 52.60448)
11;2019;11;13;1;3;5;2;0;1;0;0;0;0;1;0;POINT (13.52274 52.47646)
1;2019;11;8;1;3;5;3;0;0;1;0;0;0;0;0;POINT (13.33524 52.55727)
4;2019;12;7;3;3;6;2;1;0;1;1;0;0;0;0;POINT (13.28511 52.4796)
1;2019;11;8;1;3;6;4;0;1;0;1;0;0;0;0;POINT (13.38044 52.51809)
1;2019;12;14;3;3;6;4;0;0;1;1;0;0;0;0;POINT (13.35701 52.54524)
11;2019;11;15;1;2;6;7;0;0;1;1;0;0;0;0;POINT (13.50324 52.5538)
8;2019;11;21;1;3;6;4;2;0;1;1;0;0;0;0;POINT (13.45573 52.47393)
6;2019;12;19;3;2;5;2;2;0;1;0;1;0;0;0;POINT (13.30293 52.41515)
10;2019;11;20;1;2;5;2;2;1;1;0;0;0;0;0;POINT (13.57184 52.54608)
2;2019;11;19;1;3;0;1;2;1;1;0;0;0;0;0;POINT (13.44621 52.49881)
5;2019;11;17;1;3;5;3;2;1;1;0;0;0;0;0;POINT (13.15578 52.46123)
7;2019;12;18;3;3;5;2;2;0;1;0;1;0;0;0;POINT (13.37945 52.44527)
8;2019;11;16;1;3;2;6;2;0;1;0;0;0;0;0;POINT (13.46086 52.46835)
8;2019;11;16;1;3;5;3;2;0;1;0;1;0;0;0;POINT (13.4385 52.45259)
12;2019;12;18;3;3;9;1;2;0;1;0;0;0;0;0;POINT (13.27517 52.59791)
4;2019;11;16;1;3;2;3;2;1;1;0;0;0;0;0;POINT (13.29267 52.50678)
7;2019;12;18;3;2;6;4;2;0;0;1;1;0;0;1;POINT (13.37771 52.46585)
2;2019;11;15;1;3;1;1;0;0;1;0;0;0;0;0;POINT (13.39513 52.4941)
8;2019;11;18;1;3;0;1;2;1;0;0;0;0;0;0;POINT (13.42552 52.48079)
4;2019;12;17;3;3;1;5;2;1;1;0;0;0;1;0;POINT (13.31425 52.50088)
8;2019;12;17;3;3;6;4;2;1;0;1;0;0;0;0;POINT (13.42624 52.48543)
2;2019;11;11;1;3;5;3;0;1;1;0;0;0;0;0;POINT (13.37546 52.48932)
7;2019;11;14;1;3;0;4;0;1;0;1;0;0;0;0;POINT (13.32147 52.469)
4;2019;12;17;3;3;0;7;2;0;0;0;1;0;0;0;POINT (13.29608 52.50804)
2;2019;12;16;3;3;5;3;2;1;1;0;0;0;0;0;POINT (13.43963 52.5241)
9;2019;11;15;1;3;7;7;0;0;1;0;0;0;1;0;POINT (13.52374 52.40494)
12;2019;11;15;1;3;4;6;0;0;1;0;0;0;0;0;POINT (13.25173 52.55697)
9;2019;11;15;1;3;2;6;0;0;1;0;0;0;0;0;POINT (13.55849 52.45337)
1;2019;12;18;3;3;5;2;2;1;1;0;0;0;0;0;POINT (13.36828 52.50631)
10;2019;11;15;1;3;2;6;0;0;1;0;0;0;0;0;POINT (13.54573 52.54454)
1;2019;12;15;3;3;5;3;1;0;1;0;0;0;0;0;POINT (13.41964 52.52515)
3;2019;11;13;1;3;6;2;0;0;1;1;0;0;0;0;POINT (13.48285 52.61159)
2;2019;11;11;1;3;5;3;0;1;1;0;0;0;0;0;POINT (13.40119 52.48516)
9;2019;12;23;3;3;6;2;2;0;1;1;0;0;0;0;POINT (13.5697 52.44202)
11;2019;11;9;1;3;0;6;0;0;1;0;1;0;0;0;POINT (13.50647 52.56386)
1;2019;11;8;1;3;6;4;0;1;0;1;0;0;0;0;POINT (13.34851 52.53909)
4;2019;11;8;1;3;9;1;0;0;0;0;0;0;1;0;POINT (13.29513 52.53474)
2;2019;12;23;3;3;2;6;2;0;1;0;0;0;0;1;POINT (13.43974 52.50222)
2;2019;12;22;3;3;2;6;2;0;1;0;0;0;0;0;POINT (13.46152 52.51791)
12;2019;11;6;1;2;5;3;2;1;1;0;0;0;0;0;POINT (13.27709 52.57765)
8;2019;11;0;1;3;1;5;2;1;1;0;0;0;0;0;POINT (13.44052 52.48199)
3;2019;12;14;6;3;2;1;0;1;1;0;0;0;0;1;POINT (13.42703 52.55214)
4;2019;12;14;6;3;0;1;0;1;0;0;0;0;0;1;POINT (13.33118 52.49542)
8;2019;12;13;6;3;4;2;0;1;1;0;0;0;0;1;POINT (13.43533 52.48608)
10;2019;12;13;6;3;5;2;0;0;1;0;0;0;0;1;POINT (13.59149 52.54478)
5;2019;12;13;6;3;0;1;0;1;0;0;0;0;0;1;POINT (13.18188 52.53627)
6;2019;12;12;6;3;5;3;0;0;1;0;0;0;0;1;POINT (13.30696 52.41956)
6;2019;12;12;6;3;5;7;0;0;1;0;0;0;0;1;POINT (13.31013 52.42095)
6;2019;12;11;6;3;5;2;0;1;1;0;0;0;0;1;POINT (13.33761 52.4594)
1;2019;12;11;6;3;2;6;0;0;1;0;1;0;0;1;POINT (13.39343 52.53751)
3;2019;12;10;6;3;5;3;0;1;1;0;0;0;0;1;POINT (13.40815 52.54144)
2;2019;12;5;6;3;6;2;2;0;1;1;0;0;0;1;POINT (13.45041 52.50385)
2;2019;12;3;6;3;0;1;2;0;0;0;0;0;1;1;POINT (13.45591 52.51342)
8;2019;12;23;6;3;5;2;2;0;1;0;0;0;0;1;POINT (13.44017 52.48171)
2;2019;12;23;6;3;2;6;2;0;1;0;0;0;0;1;POINT (13.41992 52.50216)
11;2019;12;21;6;2;6;4;2;0;1;1;0;0;0;1;POINT (13.50916 52.53481)
7;2019;12;20;6;2;5;2;2;0;1;0;0;0;0;1;POINT (13.40651 52.39849)
4;2019;12;19;6;3;6;6;2;1;0;1;0;0;0;1;POINT (13.31907 52.49179)
8;2019;12;16;6;3;2;6;2;0;1;0;0;0;0;1;POINT (13.462 52.43252)
11;2019;12;17;6;3;0;7;2;0;1;0;0;0;1;0;POINT (13.47306 52.5364)
10;2019;12;17;6;3;6;2;2;0;1;1;0;0;0;1;POINT (13.60216 52.53608)
1;2019;12;15;6;3;0;1;1;0;0;0;1;0;0;1;POINT (13.39246 52.55697)
2;2019;12;15;6;3;5;3;0;0;1;0;0;0;0;1;POINT (13.38353 52.50345)
5;2019;12;22;5;3;6;2;2;0;1;1;0;0;0;0;POINT (13.20801 52.54521)
9;2019;12;21;5;3;1;5;2;1;0;0;0;0;1;1;POINT (13.58403 52.44184)
9;2019;12;13;5;3;6;4;0;0;1;1;0;0;0;0;POINT (13.58287 52.43437)
1;2019;12;13;5;3;5;3;0;0;1;0;0;0;0;0;POINT (13.40627 52.53233)
9;2019;12;13;5;3;0;6;0;0;1;0;0;0;1;0;POINT (13.59232 52.45137)
12;2019;12;12;5;3;6;4;0;0;1;1;0;0;0;0;POINT (13.32838 52.56515)
7;2019;12;11;5;3;5;3;0;0;1;0;0;0;1;0;POINT (13.34717 52.47063)
6;2019;12;7;5;3;6;2;1;0;1;1;0;0;0;1;POINT (13.31548 52.44965)
7;2019;12;10;5;3;5;3;0;1;1;0;0;0;0;0;POINT (13.34629 52.496)
4;2019;12;10;5;3;5;2;0;0;1;0;1;0;0;0;POINT (13.31503 52.50086)
7;2019;12;10;5;3;0;1;0;1;0;0;0;0;0;2;POINT (13.39793 52.38642)
10;2019;12;10;5;3;0;1;0;0;0;0;1;0;0;2;POINT (13.55973 52.54175)