bez;ujahr;umonat;ustunde;uwochentag;ukategorie;uart;utyp1;ulichtverh;istrad;istpkw;istfuss;istkrad;istgkfz;istsonstige;ustrzustand;geometry
4;2019;12;9;5;2;6;2;0;0;1;1;0;0;0;0;POINT (13.31267 52.49934)
9;2019;12;9;5;3;4;1;0;0;1;0;0;0;0;2;POINT (13.5291 52.42684)
6;2019;12;8;5;3;5;3;0;0;0;0;1;1;0;1;POINT (13.32924 52.42312)
4;2019;12;8;5;3;5;2;0;1;1;0;0;0;0;0;POINT (13.33101 52.49261)
1;2019;12;8;5;2;0;1;1;0;0;0;1;0;0;2;POINT (13.34185 52.51795)
12;2019;12;8;5;3;3;6;0;1;1;0;0;0;0;0;POINT (13.33513 52.60239)
4;2019;12;7;5;3;5;2;1;1;0;0;0;0;1;0;POINT (13.30402 52.48)
7;2019;12;7;5;3;5;2;0;1;1;0;0;0;0;1;POINT (13.41893 52.46097)
11;2019;12;7;5;3;5;7;2;1;1;0;0;0;0;1;POINT (13.52608 52.49355)
4;2019;12;14;5;2;6;4;0;0;1;1;0;0;0;0;POINT (13.33265 52.50402)
1;2019;12;19;5;3;5;3;2;0;1;0;0;0;0;0;POINT (13.39165 52.52201)
3;2019;12;19;5;2;0;1;2;1;0;0;0;0;0;0;POINT (13.40688 52.54108)
5;2019;12;19;5;3;2;6;2;0;1;0;0;0;0;0;POINT (13.18383 52.55201)
9;2019;12;18;5;3;1;5;2;1;1;0;0;0;0;0;POINT (13.45413 52.49592)
1;2019;12;18;5;2;5;3;2;1;1;0;0;0;0;0;POINT (13.34689 52.55327)
7;2019;12;17;5;3;2;6;2;0;1;0;0;0;0;0;POINT (13.39617 52.44012)
11;2019;12;17;5;3;2;6;2;0;1;0;0;0;0;1;POINT (13.51214 52.56577)
5;2019;12;16;5;3;0;6;2;0;1;0;0;0;1;0;POINT (13.20022 52.53682)
6;2019;12;16;5;3;2;2;1;0;1;0;0;0;0;0;POINT (13.34672 52.45001)
1;2019;12;16;5;3;0;1;0;1;0;0;0;0;0;0;POINT (13.35347 52.51967)
3;2019;12;16;5;3;8;1;2;0;1;0;0;0;0;0;POINT (13.37391 52.58682)
5;2019;12;15;5;3;5;3;0;0;1;0;0;0;1;0;POINT (13.19453 52.54127)
1;2019;12;15;5;3;2;2;2;0;0;0;0;0;1;1;POINT (13.38044 52.51809)
2;2019;12;15;5;3;2;7;0;1;1;0;0;0;0;0;POINT (13.44903 52.51797)
3;2019;12;14;5;3;6;4;0;0;1;1;0;0;0;0;POINT (13.40168 52.58733)
3;2019;12;6;4;3;6;7;2;1;0;1;0;0;0;0;POINT (13.42712 52.57715)
4;2019;12;13;4;2;6;4;0;0;1;1;0;0;0;0;POINT (13.30015 52.49498)
2;2019;12;11;4;3;5;2;0;1;1;0;0;0;0;0;POINT (13.4474 52.49813)
1;2019;12;16;4;3;3;6;2;1;0;0;0;0;1;0;POINT (13.376 52.5285)
8;2019;12;16;4;3;5;3;2;1;1;0;0;0;0;0;POINT (13.43663 52.48185)
12;2019;12;16;4;3;6;4;1;0;1;1;0;0;0;1;POINT (13.34167 52.59981)
6;2019;12;15;4;3;3;6;2;0;1;0;0;0;0;1;POINT (13.29282 52.44642)
7;2019;12;15;4;3;5;3;1;0;1;0;0;0;0;1;POINT (13.39498 52.42249)
9;2019;12;15;4;3;5;3;2;0;1;0;0;0;0;1;POINT (13.5081 52.4503)
1;2019;12;14;4;3;1;5;0;0;1;0;0;0;0;0;POINT (13.37662 52.50951)
8;2019;12;20;4;3;6;7;2;0;0;1;0;0;1;1;POINT (13.44948 52.47143)
1;2019;12;13;4;3;0;5;0;0;1;0;1;0;0;1;POINT (13.39765 52.54666)
6;2019;12;13;4;3;2;2;0;0;1;0;0;0;0;1;POINT (13.27528 52.41127)
1;2019;12;12;4;3;5;3;0;1;1;0;0;0;0;1;POINT (13.38122 52.55246)
10;2019;12;12;4;3;5;3;0;1;1;0;0;0;0;1;POINT (13.61192 52.51406)
11;2019;12;12;4;3;0;1;0;0;0;0;1;0;0;1;POINT (13.47017 52.50316)
9;2019;12;12;4;2;5;2;1;1;0;0;0;1;0;0;POINT (13.49746 52.45811)
9;2019;12;11;4;3;8;1;0;0;1;0;0;0;0;1;POINT (13.4923 52.45804)
1;2019;12;11;4;3;5;3;0;0;1;0;1;0;0;1;POINT (13.39962 52.52371)
2;2019;12;10;4;3;0;5;0;0;1;0;0;0;0;0;POINT (13.39142 52.50113)
8;2019;12;10;4;2;2;6;0;0;1;0;0;1;0;0;POINT (13.41708 52.41837)
9;2019;12;9;4;3;3;6;0;0;1;0;0;0;1;1;POINT (13.55834 52.45548)
2;2019;12;21;4;2;5;3;2;1;0;0;0;0;0;1;POINT (13.37943 52.49166)
1;2019;12;20;4;3;1;5;0;1;1;0;0;0;0;0;POINT (13.40018 52.53102)
8;2019;12;19;4;2;6;1;2;0;1;1;0;0;0;0;POINT (13.43663 52.45733)
5;2019;12;19;4;3;2;6;2;0;1;0;0;0;0;0;POINT (13.23155 52.53827)
6;2019;12;18;4;3;5;3;2;1;1;0;0;0;0;1;POINT (13.27595 52.43342)
2;2019;12;18;4;3;2;2;2;1;1;0;0;0;0;0;POINT (13.41486 52.50474)
3;2019;12;17;4;2;5;3;2;0;1;0;0;0;0;1;POINT (13.44132 52.56856)
3;2019;12;17;4;2;6;4;2;0;1;1;0;0;0;1;POINT (13.46741 52.55995)
4;2019;12;16;4;3;5;2;2;0;1;0;0;0;0;0;POINT (13.30227 52.54789)
1;2019;12;8;4;3;5;3;0;0;1;0;0;0;1;1;POINT (13.39304 52.51506)
9;2019;12;7;4;3;3;5;0;0;0;0;1;0;1;1;POINT (13.47596 52.47613)
3;2019;12;7;4;3;5;2;0;0;1;0;0;0;0;1;POINT (13.42353 52.5551)
3;2019;12;7;4;3;2;6;1;0;1;0;0;0;0;1;POINT (13.44992 52.53682)
6;2019;12;7;4;2;6;4;0;0;1;1;0;0;0;1;POINT (13.26059 52.42656)
1;2019;12;7;4;3;5;2;2;0;1;0;0;0;0;1;POINT (13.39601 52.53827)
9;2019;12;6;4;3;4;6;2;1;0;0;0;0;0;1;POINT (13.57556 52.45395)
8;2019;12;6;4;3;6;2;1;0;0;1;0;0;1;1;POINT (13.49541 52.43161)
12;2019;12;6;4;3;2;6;2;0;1;0;0;0;0;1;POINT (13.29564 52.61072)
5;2019;12;5;4;3;6;2;2;0;0;1;0;0;1;1;POINT (13.15777 52.53316)
9;2019;12;7;3;3;4;5;0;1;1;0;0;0;0;0;POINT (13.49058 52.46311)
3;2019;12;16;3;3;0;6;1;1;1;0;0;0;0;0;POINT (13.42218 52.54039)
8;2019;12;20;3;3;0;2;2;1;0;0;0;0;1;0;POINT (13.43368 52.48212)
12;2019;12;20;3;3;1;1;2;0;1;0;0;0;0;2;POINT (13.32426 52.60076)
3;2019;12;17;3;3;4;6;1;0;1;0;1;0;0;0;POINT (13.47084 52.55976)
1;2019;12;17;3;3;5;2;2;1;1;0;0;0;0;0;POINT (13.34332 52.53096)
6;2019;12;16;3;3;5;3;0;0;1;0;0;0;0;0;POINT (13.333 52.42397)
9;2019;12;16;3;3;6;4;2;0;1;1;0;0;0;0;POINT (13.54873 52.4358)
11;2019;12;16;3;3;5;2;2;0;1;0;0;0;0;0;POINT (13.5206 52.56851)
1;2019;12;15;3;3;5;3;0;0;1;0;0;0;0;1;POINT (13.3757 52.53795)
10;2019;12;15;3;3;2;2;1;0;1;0;0;0;0;0;POINT (13.57163 52.54601)
4;2019;12;15;3;3;0;6;0;0;1;0;0;0;1;0;POINT (13.31913 52.50147)
5;2019;12;15;3;2;9;1;0;0;1;0;0;0;0;0;POINT (13.22291 52.53722)
5;2019;12;14;3;2;5;2;0;0;1;0;0;0;0;0;POINT (13.16265 52.52008)
7;2019;12;13;3;3;6;4;0;0;1;1;0;0;0;0;POINT (13.36059 52.45381)
4;2019;12;13;3;3;0;4;0;1;0;1;0;0;0;0;POINT (13.28855 52.51308)
1;2019;12;12;3;3;5;2;0;1;1;0;0;0;0;0;POINT (13.41648 52.51102)
8;2019;12;12;3;3;0;2;0;0;1;0;0;0;1;0;POINT (13.43399 52.44345)
3;2019;12;7;3;3;0;6;1;0;1;0;0;0;1;0;POINT (13.44561 52.56506)
9;2019;12;7;3;3;2;2;1;0;1;0;0;0;0;0;POINT (13.53523 52.43215)
4;2019;12;6;3;3;6;2;2;0;1;1;0;0;0;0;POINT (13.33123 52.48603)
12;2019;12;22;3;2;6;4;2;0;0;1;1;0;0;0;POINT (13.33968 52.59584)
1;2019;12;19;3;3;2;6;2;0;1;0;0;0;0;0;POINT (13.38225 52.55589)
1;2019;12;17;3;3;6;2;2;1;0;1;0;0;0;0;POINT (13.40591 52.51123)
4;2019;12;15;3;1;5;3;0;1;1;0;0;0;0;0;POINT (13.29976 52.52132)
9;2019;12;17;2;3;6;6;2;0;1;1;0;0;0;0;POINT (13.57315 52.39442)
12;2019;12;7;2;3;2;6;0;0;1;0;0;0;0;0;POINT (13.29509 52.55062)
1;2019;12;14;2;3;3;2;0;1;0;0;0;0;1;0;POINT (13.38665 52.51183)
12;2019;12;11;2;2;6;7;0;0;1;1;0;1;1;0;POINT (13.29232 52.55382)
7;2019;12;16;2;3;6;7;2;0;0;1;0;0;1;0;POINT (13.3683 52.42419)
4;2019;12;15;2;3;2;6;1;0;1;0;0;0;1;0;POINT (13.28491 52.49174)
12;2019;12;15;2;3;2;2;1;0;1;0;0;0;0;0;POINT (13.30576 52.62047)
1;2019;12;23;2;3;5;2;2;0;1;0;1;0;0;0;POINT (13.35209 52.53327)
7;2019;12;14;2;3;5;3;0;1;1;0;0;0;0;0;POINT (13.38833 52.39849)
4;2019;12;13;2;3;5;3;0;0;1;0;0;0;0;0;POINT (13.29367 52.48438)
7;2019;12;13;2;3;6;2;0;0;1;1;0;0;0;0;POINT (13.37193 52.46968)
11;2019;12;13;2;3;2;6;0;0;1;0;0;0;0;0;POINT (13.50464 52.53465)
11;2019;12;12;2;3;1;5;0;1;1;0;0;0;0;1;POINT (13.49987 52.5458)
9;2019;12;12;2;3;5;2;0;1;1;0;0;0;0;1;POINT (13.53511 52.43972)
1;2019;12;12;2;3;5;2;0;1;1;0;0;0;0;2;POINT (13.34309 52.52813)
5;2019;12;11;2;3;1;5;0;0;1;0;1;0;0;0;POINT (13.19764 52.52331)
2;2019;12;10;2;3;1;5;0;0;1;0;0;0;0;1;POINT (13.39562 52.48648)
2;2019;12;10;2;3;6;7;0;0;1;1;0;0;0;0;POINT (13.44169 52.49869)
4;2019;12;9;2;2;5;2;0;1;1;0;0;0;0;0;POINT (13.31424 52.49028)
5;2019;12;10;2;3;2;6;0;0;1;0;0;0;0;1;POINT (13.20721 52.53888)
3;2019;12;9;2;3;1;5;0;0;1;0;0;0;1;0;POINT (13.37712 52.57755)
10;2019;12;8;2;3;7;7;0;1;0;0;0;0;0;0;POINT (13.62071 52.50917)
2;2019;12;22;2;3;5;3;2;1;1;0;0;0;0;1;POINT (13.37929 52.4897)
1;2019;12;20;2;3;5;2;2;0;1;0;0;0;0;0;POINT (13.32838 52.53294)
9;2019;12;20;2;3;5;2;2;0;1;0;0;0;0;1;POINT (13.55493 52.43266)
2;2019;12;19;2;3;6;4;2;0;1;1;0;0;0;0;POINT (13.39918 52.49622)
5;2019;12;19;2;3;1;5;2;0;1;0;0;0;0;0;POINT (13.20923 52.53843)
7;2019;12;19;2;3;1;5;2;0;1;0;0;0;0;0;POINT (13.37784 52.47743)
1;2019;12;19;2;3;5;3;2;0;1;0;1;0;0;0;POINT (13.37207 52.51125)
3;2019;12;18;2;3;2;6;2;0;1;0;0;0;0;0;POINT (13.4136 52.56657)
4;2019;12;17;2;3;1;5;2;1;1;0;0;0;0;1;POINT (13.32721 52.503)
6;2019;12;17;2;3;6;2;2;0;1;1;0;0;0;0;POINT (13.26758 52.40898)
1;2019;12;17;2;3;1;5;2;1;1;0;0;0;1;0;POINT (13.34332 52.53128)
8;2019;12;16;2;2;5;3;2;0;1;0;0;0;0;0;POINT (13.46521 52.42965)
6;2019;12;16;2;3;5;3;1;1;1;0;0;0;0;0;POINT (13.36666 52.43544)
4;2019;12;7;2;2;0;1;2;1;0;0;0;0;0;2;POINT (13.22799 52.50636)
7;2019;12;6;2;3;5;2;2;0;1;0;0;0;0;1;POINT (13.3326 52.46897)
11;2019;12;4;2;3;0;2;2;1;0;0;0;0;1;1;POINT (13.51949 52.54472)
2;2019;12;16;2;3;6;4;2;0;1;1;0;0;0;0;POINT (13.4491 52.52198)
11;2019;12;0;2;2;9;1;2;0;1;0;0;0;0;1;POINT (13.45883 52.52594)
1;2019;12;8;2;3;0;2;0;0;0;1;0;0;1;0;POINT (13.34331 52.5264)
6;2019;12;8;2;3;0;1;0;1;0;0;0;0;0;2;POINT (13.29666 52.46439)
4;2019;12;7;2;3;5;2;0;0;1;0;0;0;0;1;POINT (13.28998 52.48223)
3;2019;12;7;2;3;6;7;0;1;0;1;0;0;0;0;POINT (13.47174 52.6021)
4;2019;12;7;2;3;5;2;1;0;1;0;0;0;0;0;POINT (13.2995 52.51967)
12;2019;12;7;2;2;5;3;2;0;1;0;0;1;0;1;POINT (13.30698 52.55502)
12;2019;12;20;1;3;2;6;2;0;1;0;0;0;0;1;POINT (13.32416 52.5878)
9;2019;12;17;1;3;6;6;0;1;0;1;0;0;0;0;POINT (13.59412 52.44448)
1;2019;12;9;1;3;5;3;0;1;1;0;0;0;0;1;POINT (13.37928 52.50703)
8;2019;12;12;1;3;5;3;0;1;1;0;0;0;0;0;POINT (13.4374 52.44845)
5;2019;12;15;1;3;2;6;1;0;1;0;0;0;0;1;POINT (13.13021 52.46405)
12;2019;12;21;1;3;6;4;2;0;1;1;0;0;0;1;POINT (13.28062 52.58695)
6;2019;12;20;1;3;0;7;2;1;1;0;0;0;0;1;POINT (13.35341 52.45203)
11;2019;12;19;1;3;3;6;2;0;1;0;0;0;0;1;POINT (13.50497 52.53453)
2;2019;12;19;1;3;6;2;2;0;1;1;0;0;0;1;POINT (13.38251 52.485)
7;2019;12;19;1;3;6;2;2;0;1;1;0;0;0;1;POINT (13.38548 52.46574)
5;2019;12;20;1;3;2;6;0;0;1;0;0;0;0;1;POINT (13.21417 52.53852)
9;2019;12;19;1;3;5;2;2;0;1;0;1;0;0;1;POINT (13.52105 52.46085)
2;2019;12;5;1;3;0;6;2;0;1;0;1;0;0;1;POINT (13.45477 52.51581)
3;2019;12;18;3;3;5;3;2;1;1;0;0;0;0;0;POINT (13.42025 52.53814)
7;2019;12;18;1;3;6;2;2;0;1;1;0;0;0;1;POINT (13.37312 52.42486)
12;2019;12;18;1;2;6;2;2;0;0;1;0;0;1;1;POINT (13.32977 52.56912)
6;2019;12;17;3;3;5;2;2;0;1;0;0;0;0;0;POINT (13.34671 52.45001)
8;2019;12;17;3;3;5;2;2;1;1;0;0;0;0;0;POINT (13.43265 52.48707)
12;2019;12;18;1;2;6;2;2;0;1;1;0;0;0;1;POINT (13.34115 52.60009)
8;2019;12;18;1;3;6;4;2;0;1;1;0;0;0;1;POINT (13.43072 52.48602)
3;2019;12;17;3;2;9;1;2;0;1;0;0;0;0;0;POINT (13.41215 52.53121)
7;2019;12;17;3;3;5;2;2;1;1;0;0;0;0;0;POINT (13.33856 52.4667)
6;2019;12;17;1;3;5;2;2;0;1;0;0;0;0;1;POINT (13.32264 52.42908)
4;2019;12;13;3;3;2;6;0;1;1;0;0;0;1;0;POINT (13.33804 52.50192)
8;2019;12;17;1;3;5;2;2;0;1;0;0;0;1;1;POINT (13.44794 52.42626)
4;2019;12;11;3;3;2;6;0;0;1;0;0;0;0;0;POINT (13.26041 52.51633)
9;2019;12;10;3;3;5;3;0;0;1;0;0;0;0;0;POINT (13.5312 52.40514)
7;2019;12;17;1;2;2;2;2;0;1;0;0;1;0;1;POINT (13.39223 52.41407)
7;2019;12;17;1;3;5;3;2;0;1;0;0;0;1;1;POINT (13.34603 52.49602)
9;2019;12;10;3;3;6;7;0;0;1;1;0;0;0;1;POINT (13.57836 52.45746)
5;2019;12;9;3;3;0;1;0;0;0;0;1;0;0;0;POINT (13.15564 52.53295)
6;2019;12;17;1;3;2;6;2;0;1;0;0;0;0;1;POINT (13.327 52.43984)
1;2019;12;23;2;3;2;6;2;0;1;0;0;0;0;0;POINT (13.35151 52.5096)
8;2019;12;23;2;2;6;4;2;0;1;1;0;0;0;0;POINT (13.43381 52.48977)
3;2019;12;16;1;2;5;2;2;0;1;0;1;0;0;1;POINT (13.47019 52.55361)
3;2019;12;16;1;3;5;3;2;0;1;0;0;0;1;1;POINT (13.42327 52.60458)
9;2019;12;20;2;3;5;2;2;1;1;0;0;0;0;0;POINT (13.50813 52.45294)
6;2019;12;19;2;3;2;2;2;0;1;0;0;0;0;0;POINT (13.27037 52.4499)
5;2019;12;19;2;3;5;2;2;1;1;0;0;0;0;0;POINT (13.16269 52.52007)
10;2019;12;17;2;3;2;6;2;1;1;0;0;0;0;0;POINT (13.58779 52.52342)
4;2019;12;16;2;3;2;6;2;0;1;0;0;0;0;0;POINT (13.29613 52.48544)
4;2019;12;15;1;3;1;5;1;1;1;0;0;0;0;1;POINT (13.3031 52.51651)
8;2019;12;16;1;3;6;2;2;0;1;1;0;0;0;1;POINT (13.48445 52.42316)
1;2019;12;16;2;3;5;3;2;1;1;0;0;0;0;0;POINT (13.40889 52.51202)
10;2019;12;16;1;3;2;6;2;0;1;0;0;0;0;1;POINT (13.58789 52.52122)
6;2019;12;16;2;3;5;3;2;0;1;0;0;0;0;1;POINT (13.36726 52.42686)
4;2019;12;15;1;3;5;3;1;1;1;0;0;0;0;1;POINT (13.30001 52.50983)
4;2019;12;15;1;3;5;3;0;0;1;0;0;0;0;0;POINT (13.32083 52.49254)
5;2019;12;16;2;2;6;4;2;0;1;1;0;0;0;0;POINT (13.18956 52.55038)
2;2019;12;13;1;3;5;2;0;0;1;0;1;0;0;0;POINT (13.47182 52.5078)
1;2019;12;13;1;3;1;5;0;1;0;0;0;1;0;0;POINT (13.40789 52.52843)
1;2019;12;12;1;3;2;6;0;0;1;0;0;0;1;0;POINT (13.32821 52.53509)
10;2019;12;10;2;2;0;7;1;1;0;0;0;0;0;0;POINT (13.5208 52.53561)
12;2019;12;5;2;3;6;2;2;0;1;1;0;0;0;0;POINT (13.35272 52.56777)
8;2019;12;11;1;3;0;3;0;0;1;0;1;0;0;1;POINT (13.46204 52.4225)
4;2019;12;11;1;3;2;6;0;0;1;0;1;0;0;0;POINT (13.32031 52.47817)
7;2019;12;15;2;3;5;2;0;1;1;0;0;0;0;0;POINT (13.34475 52.48913)
10;2019;12;11;1;2;5;3;0;0;1;0;0;0;0;0;POINT (13.60247 52.51021)
3;2019;12;9;1;2;4;6;0;0;1;0;0;0;0;0;POINT (13.37012 52.59742)
7;2019;12;15;2;3;5;2;0;1;1;0;0;0;0;0;POINT (13.40887 52.39397)
7;2019;12;13;2;3;5;3;0;1;1;0;0;0;0;1;POINT (13.39769 52.3821)
2;2019;12;9;1;3;5;2;0;1;1;0;0;0;0;0;POINT (13.39754 52.50605)
9;2019;12;9;1;3;1;5;0;0;1;0;0;0;0;0;POINT (13.59147 52.42133)
6;2019;12;13;2;3;0;1;0;1;0;0;0;0;0;1;POINT (13.21857 52.42837)
10;2019;12;13;2;3;5;3;0;1;1;0;0;0;0;0;POINT (13.58877 52.54239)
3;2019;12;7;1;2;5;3;1;1;0;0;0;0;1;1;POINT (13.43937 52.56823)
4;2019;12;7;1;3;5;3;2;1;1;0;0;0;0;0;POINT (13.31982 52.46881)
8;2019;12;6;1;3;5;3;1;1;0;0;0;0;1;0;POINT (13.44004 52.4896)
4;2019;12;13;2;3;5;3;0;1;0;0;0;0;0;0;POINT (13.31653 52.4893)
8;2019;12;6;1;3;5;3;2;1;1;0;0;0;0;0;POINT (13.44959 52.47908)
4;2019;12;12;2;3;5;2;0;0;1;0;0;0;0;0;POINT (13.28683 52.49583)
9;2019;12;6;1;3;5;2;2;1;0;0;0;0;1;1;POINT (13.55835 52.45577)
11;2019;12;6;1;3;5;3;2;0;1;0;0;0;0;0;POINT (13.50849 52.55007)
2;2019;12;12;2;3;0;2;0;1;1;0;0;0;0;0;POINT (13.38786 52.50299)
3;2019;12;15;1;3;5;3;1;0;1;0;0;0;1;1;POINT (13.45353 52.59133)
1;2019;12;20;7;3;2;6;2;0;1;0;0;0;1;1;POINT (13.35729 52.55301)
1;2019;12;18;7;3;3;6;2;0;1;0;0;0;0;1;POINT (13.36164 52.54788)
5;2019;12;11;2;2;6;7;0;0;1;1;0;0;0;0;POINT (13.27009 52.53642)
11;2019;12;11;2;3;5;3;0;1;1;0;0;0;0;0;POINT (13.51137 52.50436)
7;2019;12;18;7;3;2;6;2;0;1;0;0;0;0;1;POINT (13.34664 52.50117)
8;2019;12;18;7;3;5;7;2;0;1;0;0;0;1;0;POINT (13.42494 52.48138)
4;2019;12;9;2;3;5;3;0;0;1;0;0;0;0;1;POINT (13.27165 52.51708)
8;2019;12;9;2;3;5;2;0;0;1;0;0;0;0;1;POINT (13.42765 52.42082)
3;2019;12;17;7;3;6;4;2;0;1;1;0;0;0;1;POINT (13.3992 52.57076)
1;2019;12;16;7;3;5;3;2;0;1;0;0;0;0;1;POINT (13.36731 52.50456)
9;2019;12;9;2;3;5;3;0;1;1;0;0;0;0;1;POINT (13.52284 52.42345)
5;2019;12;16;7;3;3;6;2;0;1;0;0;0;0;1;POINT (13.20269 52.54015)
6;2019;12;16;7;3;1;5;2;0;1;0;0;0;0;1;POINT (13.23073 52.43594)
4;2019;12;8;2;3;0;2;0;0;1;0;1;0;0;1;POINT (13.31188 52.50052)
8;2019;12;7;2;3;6;2;2;0;1;1;0;0;0;1;POINT (13.45581 52.47378)
3;2019;12;15;7;3;5;3;1;0;1;0;0;0;0;1;POINT (13.47289 52.617)
6;2019;12;15;7;3;3;6;0;0;1;0;0;0;0;1;POINT (13.2241 52.42949)
4;2019;12;13;7;3;5;5;0;0;1;0;0;0;0;1;POINT (13.2881 52.51889)
8;2019;12;8;2;3;6;4;0;0;1;1;0;0;0;1;POINT (13.4326 52.41525)
7;2019;12;14;7;3;3;6;0;0;1;0;0;0;0;1;POINT (13.41554 52.45922)
12;2019;12;7;2;3;2;2;0;0;1;0;1;0;0;1;POINT (13.36803 52.6027)
5;2019;12;3;7;2;9;1;2;0;1;0;0;0;0;1;POINT (13.17736 52.52536)
8;2019;12;3;7;3;9;1;2;0;1;0;0;0;0;0;POINT (13.43165 52.4664)
10;2019;12;7;2;3;5;2;0;0;1;0;0;0;1;1;POINT (13.60027 52.47557)
9;2019;12;7;2;3;6;4;2;0;1;1;0;0;0;1;POINT (13.50722 52.43841)
3;2019;12;7;7;3;0;7;0;0;0;0;1;0;1;1;POINT (13.42298 52.53528)
10;2019;12;6;2;3;4;6;2;1;1;0;0;0;0;1;POINT (13.58115 52.5133)
12;2019;12;0;7;2;6;4;2;0;1;1;0;0;0;1;POINT (13.3043 52.61953)
7;2019;12;17;6;2;5;2;2;0;1;0;0;0;0;0;POINT (13.36141 52.41245)
7;2019;12;9;2;2;6;3;0;0;0;1;0;0;1;0;POINT (13.38436 52.48214)
11;2019;12;16;2;1;6;4;2;0;1;1;0;0;0;0;POINT (13.47798 52.5331)
5;2019;12;17;6;2;1;5;2;0;1;0;0;0;0;1;POINT (13.22618 52.53767)
7;2019;12;17;6;3;6;4;2;0;1;1;0;0;0;1;POINT (13.406 52.38666)
12;2019;12;11;2;1;9;1;0;0;1;0;0;0;0;0;POINT (13.21423 52.60985)
3;2019;12;17;1;3;4;5;0;0;1;0;0;0;1;0;POINT (13.39993 52.56571)
10;2019;12;17;6;3;6;4;2;0;0;1;0;0;1;1;POINT (13.53626 52.53975)
12;2019;12;17;6;2;5;2;2;0;1;0;1;0;0;1;POINT (13.31133 52.62758)
3;2019;12;6;1;3;2;6;2;0;1;0;0;0;0;0;POINT (13.4543 52.58926)
5;2019;12;16;6;3;2;6;2;0;1;0;0;0;0;0;POINT (13.21307 52.53844)
1;2019;12;23;1;3;2;6;2;0;1;0;0;0;0;1;POINT (13.32855 52.53095)
7;2019;12;15;6;3;5;3;0;0;1;0;0;0;0;0;POINT (13.39962 52.3968)
10;2019;12;21;6;3;2;6;2;0;1;0;0;0;0;1;POINT (13.5617 52.50436)
4;2019;12;21;1;2;0;1;2;1;0;0;0;0;0;1;POINT (13.24937 52.52361)
1;2019;12;21;1;3;5;3;2;0;1;0;0;0;0;1;POINT (13.36018 52.54431)
4;2019;12;20;6;2;6;4;2;0;1;1;0;0;0;1;POINT (13.33043 52.4787)
3;2019;12;12;6;3;0;5;0;0;1;0;0;0;1;1;POINT (13.40908 52.59026)
12;2019;12;21;1;3;6;2;2;0;1;1;0;0;0;1;POINT (13.30556 52.58191)
2;2019;12;20;1;3;0;1;2;1;0;0;0;0;0;1;POINT (13.40069 52.48425)
4;2019;12;11;6;3;6;4;0;0;1;1;0;0;0;1;POINT (13.33711 52.50389)
12;2019;12;11;6;3;5;2;0;0;1;0;0;0;0;0;POINT (13.28424 52.59443)
4;2019;12;19;1;3;5;7;2;1;1;0;0;0;0;1;POINT (13.33761 52.50153)
1;2019;12;19;1;3;6;2;2;0;1;1;0;0;0;1;POINT (13.39376 52.54127)
4;2019;12;11;6;3;2;6;0;0;1;0;0;0;0;1;POINT (13.33117 52.50259)
8;2019;12;6;6;3;6;2;2;0;1;1;0;0;0;1;POINT (13.44808 52.47774)
5;2019;12;4;6;3;5;3;2;0;1;0;0;0;0;1;POINT (13.17161 52.51103)
4;2019;12;16;1;3;3;6;2;1;1;0;0;0;0;0;POINT (13.32743 52.50548)
6;2019;12;7;1;3;5;2;1;0;1;0;0;0;1;0;POINT (13.29707 52.44262)
4;2019;12;9;6;3;5;2;0;1;1;0;0;0;0;1;POINT (13.31035 52.479)
1;2019;12;1;6;3;8;1;2;0;1;0;0;0;0;1;POINT (13.37683 52.5094)
1;2019;12;9;1;3;0;3;0;0;1;0;1;0;0;0;POINT (13.37187 52.55407)
2;2019;12;6;1;3;5;3;2;0;1;0;0;0;1;0;POINT (13.39596 52.49829)
11;2019;12;19;6;2;6;4;2;0;1;1;0;0;0;1;POINT (13.5227 52.51322)
8;2019;12;19;6;3;5;3;2;0;1;0;0;0;1;1;POINT (13.43302 52.46473)
9;2019;12;5;1;3;5;3;2;1;1;0;0;0;0;1;POINT (13.52674 52.43765)
1;2019;12;19;6;3;5;2;2;0;1;0;0;0;0;1;POINT (13.3771 52.55374)
1;2019;12;18;1;3;3;6;2;1;1;0;0;0;0;1;POINT (13.35025 52.55154)
2;2019;12;18;6;3;2;6;2;0;1;0;1;0;0;1;POINT (13.39456 52.50584)
8;2019;12;18;6;3;1;5;2;1;1;0;0;0;0;1;POINT (13.44873 52.47735)
6;2019;12;18;1;3;2;6;2;0;1;0;1;0;0;0;POINT (13.34583 52.42876)
12;2019;12;17;1;3;5;3;2;1;1;0;0;0;0;1;POINT (13.31736 52.56662)
11;2019;12;18;6;3;2;6;2;0;1;0;0;0;0;1;POINT (13.51455 52.50555)
8;2019;12;18;6;3;2;6;2;0;1;0;0;0;0;0;POINT (13.43188 52.48163)
1;2019;12;17;1;3;5;7;2;0;1;0;1;0;0;1;POINT (13.3573 52.55995)
11;2019;12;17;1;3;2;6;2;0;1;0;0;0;0;1;POINT (13.51197 52.56595)
5;2019;12;18;6;3;5;2;2;1;1;0;0;0;0;1;POINT (13.24509 52.52484)
2;2019;12;20;5;3;6;4;2;0;0;1;0;0;1;0;POINT (13.38221 52.48489)
10;2019;12;16;1;3;2;6;2;0;1;0;0;0;0;2;POINT (13.57816 52.54775)
9;2019;12;20;5;3;6;4;2;0;0;1;0;0;1;1;POINT (13.52612 52.423)
8;2019;12;14;1;2;0;3;0;0;0;0;1;0;1;1;POINT (13.48996 52.4213)
2;2019;12;13;1;3;2;6;0;0;1;0;0;0;0;0;POINT (13.39521 52.4944)
12;2019;12;20;5;2;4;6;2;1;0;0;0;0;0;0;POINT (13.24174 52.59871)
3;2019;12;12;1;3;9;1;0;0;1;0;0;0;1;1;POINT (13.43697 52.52957)
7;2019;12;16;5;3;6;4;2;1;0;1;0;0;0;1;POINT (13.34819 52.50237)
4;2019;12;9;1;3;2;6;0;0;1;0;0;0;0;0;POINT (13.32054 52.48622)
10;2019;12;18;7;3;5;3;2;0;1;0;0;0;1;1;POINT (13.51747 52.53535)
6;2019;12;17;5;3;6;2;2;0;1;1;0;0;0;1;POINT (13.31561 52.44309)