bez;ujahr;umonat;ustunde;uwochentag;ukategorie;uart;utyp1;ulichtverh;istrad;istpkw;istfuss;istkrad;istgkfz;istsonstige;ustrzustand;geometry
3;2019;12;17;1;3;2;6;2;0;1;0;0;0;0;0;POINT (13.45708 52.52953)
7;2019;12;18;3;3;0;7;2;1;0;0;0;0;0;1;POINT (13.39323 52.45813)
11;2019;12;16;1;3;5;3;2;1;1;0;0;0;0;0;POINT (13.51028 52.53488)
10;2019;12;16;1;3;2;6;1;0;1;0;1;0;0;0;POINT (13.56205 52.49408)
2;2019;12;18;3;3;1;5;2;1;1;0;0;0;0;1;POINT (13.3958 52.49599)
1;2019;12;15;1;3;3;6;0;0;1;1;0;0;0;0;POINT (13.41538 52.52271)
1;2019;12;14;1;3;1;5;0;1;1;0;0;0;0;0;POINT (13.38421 52.51232)
1;2019;12;14;1;3;2;2;0;0;1;0;0;0;1;0;POINT (13.41808 52.51544)
11;2019;12;18;3;2;5;2;2;0;1;0;1;0;0;0;POINT (13.49862 52.51569)
1;2019;12;14;3;3;2;2;0;1;1;0;0;0;0;0;POINT (13.38082 52.5164)
8;2020;1;11;3;2;3;6;0;0;1;0;0;1;0;1;POINT (13.45500598 52.4623009)
4;2020;1;2;2;2;9;1;2;0;0;0;0;1;0;1;POINT (13.29111618 52.49387309)
4;2020;1;7;7;3;0;1;1;0;0;0;0;0;1;1;POINT (13.30534822 52.48407191)
2;2020;1;22;5;2;1;5;2;0;1;0;0;0;0;0;POINT (13.43737099 52.517556)
4;2020;1;17;7;3;0;1;2;0;0;0;1;0;0;1;POINT (13.29974796 52.48791866)
7;2020;1;14;5;3;2;6;0;0;1;0;0;0;0;0;POINT (13.33629164 52.47837396)
7;2020;1;13;1;3;0;4;0;0;0;1;0;0;1;0;POINT (13.36256795 52.49909824)
7;2020;1;15;6;2;1;1;0;0;1;0;0;0;0;0;POINT (13.38588423 52.47553062)
3;2020;1;13;4;3;2;6;0;0;1;0;0;0;0;0;POINT (13.39826708 52.57738163)
1;2020;1;9;7;3;5;3;0;0;1;0;0;0;0;0;POINT (13.36525689 52.55808889)
9;2020;2;12;6;3;2;2;0;0;0;0;1;0;1;1;POINT (13.4577519 52.4918167)
4;2020;1;17;4;3;2;1;2;0;1;0;0;0;0;0;POINT (13.32702026 52.47781709)
4;2020;1;11;4;3;0;1;0;1;0;0;0;0;0;0;POINT (13.28696175 52.51024968)
4;2020;1;15;1;3;5;3;0;0;1;0;0;1;0;0;POINT (13.29063655 52.49378756)
1;2020;1;15;4;3;5;2;0;0;1;0;0;0;0;1;POINT (13.369821 52.51582959)
2;2020;1;18;3;3;3;6;1;1;0;0;0;0;0;0;POINT (13.44252783 52.51689063)
12;2020;1;14;4;2;3;7;0;0;1;0;0;1;0;1;POINT (13.30881102 52.55713178)
1;2020;1;10;5;3;5;2;0;0;1;0;0;0;0;0;POINT (13.41961997 52.52520178)
2;2020;1;21;3;3;6;7;2;1;0;1;0;0;0;0;POINT (13.45285824 52.50107535)
5;2020;1;15;3;3;2;6;0;0;1;0;0;0;1;1;POINT (13.20312525 52.5117929)
3;2020;1;7;2;3;0;7;0;0;1;0;0;0;1;1;POINT (13.44418945 52.52943224)
6;2020;1;11;3;3;5;2;0;0;1;0;0;0;0;0;POINT (13.17542061 52.41996231)
7;2020;1;9;2;2;6;2;0;0;0;1;0;1;0;0;POINT (13.36193572 52.41362926)
3;2020;1;7;2;3;3;6;0;1;1;0;0;0;0;0;POINT (13.44815487 52.54717101)
3;2020;1;17;2;3;5;3;2;0;1;0;0;0;0;1;POINT (13.46906298 52.56297781)
1;2020;1;13;7;3;5;3;0;0;1;0;0;0;0;0;POINT (13.4091764 52.51674525)
1;2020;1;18;4;3;4;6;2;1;0;0;0;0;1;0;POINT (13.37764319 52.50957906)
4;2020;1;6;2;3;3;6;2;0;1;0;0;1;0;1;POINT (13.28260654 52.52843034)
11;2020;1;4;1;3;6;2;2;0;1;1;0;0;0;1;POINT (13.47675274 52.51343456)
6;2020;1;3;7;3;3;6;2;0;1;0;0;0;1;1;POINT (13.26399353 52.43534916)
7;2020;1;9;3;3;3;6;0;0;1;0;0;1;0;0;POINT (13.3886979 52.4695124)
4;2020;1;15;6;3;1;5;0;0;1;0;1;0;0;0;POINT (13.29769472 52.51090969)
12;2020;1;15;5;3;3;6;0;0;1;0;0;0;0;0;POINT (13.34401431 52.58274696)
1;2020;1;3;3;2;6;4;2;0;1;1;0;0;0;0;POINT (13.41262809 52.51921233)
1;2020;1;16;5;3;2;6;2;0;1;0;0;0;0;1;POINT (13.41675606 52.52207519)
4;2020;1;22;4;3;2;6;2;0;1;0;0;0;0;0;POINT (13.30955669 52.48192672)
3;2020;1;6;3;3;5;2;2;0;1;0;0;0;0;0;POINT (13.4242441 52.53905061)
12;2020;1;11;4;3;5;3;0;1;1;0;0;0;0;1;POINT (13.31537724 52.61314013)
3;2020;1;16;4;2;0;7;0;1;0;0;0;0;0;0;POINT (13.40385303 52.5809442)
4;2020;1;17;2;3;2;6;2;0;1;0;0;0;0;0;POINT (13.29492109 52.53905409)
1;2020;1;8;4;3;2;6;0;0;1;0;0;0;0;0;POINT (13.37977451 52.50972329)
4;2020;1;14;7;2;2;6;0;0;1;0;0;0;0;0;POINT (13.32575802 52.53800624)
12;2020;1;13;4;3;5;3;0;0;1;0;0;0;0;1;POINT (13.33128678 52.60063121)
1;2020;1;17;3;3;0;5;2;1;1;0;0;0;0;1;POINT (13.42301478 52.51988474)
1;2020;1;7;2;3;1;5;1;1;1;0;0;0;0;0;POINT (13.36640787 52.55308856)
3;2020;1;12;2;3;1;5;0;1;1;0;0;0;0;1;POINT (13.40242993 52.58622174)
7;2020;1;16;2;3;6;2;1;0;0;1;0;0;1;1;POINT (13.38058644 52.43805153)
10;2020;1;12;3;3;1;5;0;0;1;0;0;0;1;1;POINT (13.54051453 52.52197488)
1;2020;1;18;2;3;0;1;2;0;1;0;1;0;0;1;POINT (13.37899741 52.50967)
4;2020;1;17;1;3;3;6;2;0;1;0;0;1;0;0;POINT (13.2852835 52.50964634)
10;2020;1;6;5;2;0;1;2;0;0;0;1;0;0;2;POINT (13.54077723 52.5099775)
4;2020;1;19;7;3;5;3;2;0;1;0;0;1;0;0;POINT (13.28097194 52.50247963)
4;2020;1;15;5;3;2;6;0;0;1;0;0;1;0;0;POINT (13.3041698 52.48481229)
2;2020;1;22;3;3;5;3;2;0;1;0;0;0;0;0;POINT (13.45376921 52.51582173)
4;2020;1;15;6;3;5;7;0;0;1;0;0;0;0;0;POINT (13.3055724 52.51161677)
4;2020;1;18;4;3;3;6;0;0;1;0;0;0;1;0;POINT (13.28276782 52.51015542)
3;2020;1;13;5;3;5;2;0;1;1;0;0;0;0;1;POINT (13.39058326 52.61854174)
9;2020;1;12;4;3;2;6;0;0;1;0;0;0;1;0;POINT (13.51196554 52.42816033)
4;2020;1;5;2;3;2;6;2;0;1;0;0;0;0;0;POINT (13.29376824 52.53755066)
5;2020;1;15;4;3;2;6;0;0;1;0;0;0;0;1;POINT (13.15177549 52.49758644)
7;2020;1;14;3;2;2;6;0;0;1;0;0;0;0;0;POINT (13.36656709 52.47224193)
7;2020;1;7;5;3;5;3;2;1;1;0;0;0;0;1;POINT (13.35664989 52.40563733)
4;2020;1;11;5;3;2;6;0;0;1;0;0;0;0;0;POINT (13.2852335 52.51422561)
3;2020;1;17;4;3;2;6;1;0;1;0;0;0;0;0;POINT (13.40267503 52.58073554)
4;2020;1;16;3;3;3;6;2;0;1;0;0;1;0;0;POINT (13.31401653 52.47937611)
7;2020;1;5;2;3;5;2;2;0;1;0;0;0;0;1;POINT (13.38457459 52.45269491)
4;2020;1;6;2;3;2;6;2;0;1;0;0;0;0;0;POINT (13.29493447 52.5394255)
7;2020;1;10;2;2;5;3;0;0;1;0;0;0;0;0;POINT (13.38502877 52.44928169)
11;2020;1;9;3;3;5;3;0;1;1;0;0;0;0;0;POINT (13.50492813 52.51074273)
9;2020;1;7;2;3;5;3;1;1;1;0;0;0;0;1;POINT (13.46502433 52.48672236)
4;2020;1;18;7;3;2;6;2;0;1;0;0;0;0;0;POINT (13.28251145 52.52021565)
5;2020;1;16;4;3;3;6;2;0;0;0;1;0;1;0;POINT (13.18689744 52.5150694)
6;2020;1;16;5;2;6;2;2;0;1;1;0;0;0;1;POINT (13.26230773 52.43482496)
9;2020;1;18;1;3;5;3;2;0;1;0;0;0;0;0;POINT (13.47943026 52.48449525)
9;2020;1;12;1;3;5;3;0;1;1;0;0;0;0;0;POINT (13.47941806 52.48448944)
10;2020;1;12;5;2;5;2;0;0;1;0;0;0;0;0;POINT (13.56136496 52.50860475)
1;2020;1;10;4;3;3;6;0;0;1;0;0;1;0;0;POINT (13.36963169 52.54177478)
5;2020;1;0;7;3;5;2;2;1;1;0;0;0;0;0;POINT (13.17896627 52.51656757)
1;2020;2;0;6;3;5;2;2;0;1;0;0;0;0;0;POINT (13.41650018 52.52219145)
1;2020;1;22;4;3;0;1;2;0;0;0;1;0;0;1;POINT (13.36550618 52.55794822)
7;2020;1;11;4;3;2;6;0;0;1;0;0;0;0;0;POINT (13.36093162 52.49284138)
6;2020;1;22;5;3;1;7;2;1;1;0;0;0;0;0;POINT (13.28938045 52.44400008)
2;2020;1;18;3;3;2;6;2;0;1;0;0;0;0;0;POINT (13.37836475 52.49927984)
7;2020;1;20;4;3;5;3;2;0;1;0;0;0;0;1;POINT (13.3873192 52.4401743)
7;2020;1;6;5;3;6;2;2;0;1;1;0;0;0;1;POINT (13.38186602 52.43927037)
10;2020;1;18;3;3;5;2;2;0;1;0;0;0;0;1;POINT (13.55823167 52.56282336)
3;2020;1;7;3;2;5;3;2;1;0;0;0;0;1;1;POINT (13.43701537 52.53978795)
1;2020;1;17;7;3;5;3;2;1;1;0;0;0;0;0;POINT (13.36548411 52.55807714)
12;2020;1;14;4;3;2;6;0;0;1;0;0;0;0;1;POINT (13.34684894 52.57906894)
4;2020;1;10;3;3;5;3;0;0;1;0;0;1;0;0;POINT (13.2934365 52.53676681)
9;2020;1;8;2;3;5;3;0;1;1;0;0;0;0;1;POINT (13.47943434 52.4844972)
7;2020;1;16;2;3;2;2;2;0;1;0;0;0;0;1;POINT (13.35976037 52.474454)
2;2020;1;13;2;2;0;2;0;1;1;0;0;0;0;1;POINT (13.46599365 52.51452225)
4;2020;1;12;7;3;2;6;0;0;1;0;0;0;0;1;POINT (13.28219929 52.51011815)
10;2020;1;11;2;3;3;6;0;0;1;0;0;1;0;1;POINT (13.56343189 52.5079485)
2;2020;1;6;1;3;6;4;1;0;1;1;0;0;0;0;POINT (13.44767223 52.50372295)
6;2020;1;11;5;3;5;7;0;0;1;0;0;0;0;0;POINT (13.0970364 52.4132711)
7;2020;1;0;1;3;9;1;2;0;1;0;0;0;0;0;POINT (13.40847871 52.46140018)
1;2020;1;19;7;3;5;2;1;0;1;0;0;0;0;0;POINT (13.36730684 52.55149233)
4;2020;1;8;3;3;2;6;0;0;1;0;0;0;0;0;POINT (13.28032454 52.50034887)
3;2020;1;16;6;3;6;2;2;0;1;1;0;0;0;0;POINT (13.40357185 52.5692346)
4;2020;1;15;4;3;5;3;0;0;1;0;0;0;1;0;POINT (13.32298198 52.53766662)
12;2020;1;22;5;3;5;7;2;0;1;0;0;0;0;1;POINT (13.36477857 52.56057739)
12;2020;1;12;4;3;3;6;0;0;1;0;1;0;0;0;POINT (13.33252244 52.5977376)
10;2020;1;5;3;3;2;6;2;0;1;0;0;0;0;0;POINT (13.58320199 52.50517035)
7;2020;1;17;4;3;2;6;2;0;1;0;0;0;0;1;POINT (13.36702781 52.47208819)
6;2020;1;8;4;2;9;1;0;0;1;0;0;0;0;1;POINT (13.33024664 52.46248404)
4;2020;1;20;2;3;6;4;2;0;1;1;0;0;0;0;POINT (13.25848409 52.5085347)
4;2020;1;14;5;3;3;6;0;0;1;0;1;0;0;0;POINT (13.29925021 52.54624577)
10;2020;1;7;4;2;1;1;2;0;1;0;0;1;0;0;POINT (13.54012794 52.52232363)
1;2020;1;12;4;3;2;1;0;0;1;0;0;1;0;1;POINT (13.41602635 52.52215817)
2;2020;1;20;3;3;6;2;2;0;1;1;0;0;0;1;POINT (13.37479602 52.50308901)
5;2020;1;7;2;3;2;6;2;0;1;0;0;0;1;0;POINT (13.17875479 52.51643767)
1;2020;1;17;2;3;6;3;2;0;1;1;0;0;0;1;POINT (13.36758744 52.5512916)
2;2020;10;1;6;2;5;2;2;1;1;0;0;0;0;1;POINT (13.4477226 52.52658663)
2;2020;4;22;3;3;1;5;2;0;1;0;0;0;1;1;POINT (13.44456805 52.51668464)
7;2020;9;13;4;3;2;7;0;0;1;0;0;0;0;0;POINT (13.37558903 52.42909385)
3;2020;11;6;1;3;2;6;2;0;1;0;0;0;1;1;POINT (13.47948482 52.62722172)
12;2020;5;15;7;3;2;6;0;0;1;0;0;0;0;0;POINT (13.32420191 52.60751483)
3;2020;8;7;2;3;5;3;0;1;1;0;0;0;0;0;POINT (13.43457473 52.53561866)
1;2020;6;16;3;3;3;6;0;1;1;0;0;0;0;0;POINT (13.36988851 52.54038342)
5;2020;5;19;4;2;6;7;0;0;1;1;0;0;0;0;POINT (13.18553429 52.51532832)
4;2020;4;19;3;3;3;5;1;1;1;0;0;0;0;1;POINT (13.29886025 52.51117642)
7;2020;9;14;3;3;3;6;0;0;0;0;1;0;1;0;POINT (13.39645684 52.4231668)
2;2020;12;14;5;3;3;6;0;0;1;0;1;0;0;0;POINT (13.4287219 52.51818229)
7;2020;8;14;3;3;0;7;0;0;0;0;1;0;1;0;POINT (13.36174766 52.4971452)
7;2020;6;22;5;3;2;7;2;0;1;0;0;0;0;0;POINT (13.38483821 52.45023607)
4;2020;10;14;7;3;0;6;0;0;1;0;0;0;0;1;POINT (13.31577878 52.51209274)
2;2020;4;16;3;3;6;4;0;1;0;1;0;0;0;0;POINT (13.45410718 52.51618682)
4;2020;11;17;3;3;2;6;2;0;1;0;0;0;0;0;POINT (13.2830989 52.51893029)
1;2020;9;17;2;3;5;2;0;1;1;0;0;0;0;0;POINT (13.36834502 52.50630542)
12;2020;8;17;1;3;2;6;0;0;1;0;1;0;0;0;POINT (13.36106337 52.56984154)
4;2020;4;9;3;3;5;3;0;0;1;0;0;0;0;1;POINT (13.2972364 52.51087962)
3;2020;10;11;5;2;5;7;0;1;1;0;0;0;0;1;POINT (13.42774802 52.56751703)
4;2020;8;16;3;3;5;2;0;1;1;0;0;0;0;0;POINT (13.3332539 52.51343282)
1;2020;7;23;3;3;2;6;2;0;1;0;0;0;1;1;POINT (13.42023536 52.52520283)
4;2020;6;10;5;2;8;1;0;0;0;0;1;0;0;0;POINT (13.30968606 52.48201461)
10;2020;11;5;4;2;3;6;2;1;0;0;1;0;0;0;POINT (13.53728504 52.52720576)
1;2020;4;7;3;3;3;6;0;1;1;0;0;0;0;0;POINT (13.38836072 52.51711768)
7;2020;9;15;4;3;6;4;0;0;1;1;0;0;0;0;POINT (13.36188566 52.41374014)
2;2020;12;20;2;3;5;2;2;1;1;0;0;0;0;0;POINT (13.38926438 52.49748826)
12;2020;6;19;1;3;6;2;0;0;1;1;0;0;0;0;POINT (13.34784496 52.57448766)
4;2020;4;13;2;3;2;7;0;0;1;0;0;0;1;0;POINT (13.28473853 52.49524971)
3;2020;9;20;4;3;5;2;2;1;1;0;0;0;0;0;POINT (13.44523473 52.52887167)
12;2020;7;11;6;2;0;7;0;0;1;0;0;0;0;0;POINT (13.28707127 52.59250061)
2;2020;4;23;2;3;3;6;2;0;1;0;0;0;0;1;POINT (13.37456616 52.50320726)
7;2020;10;18;4;3;0;3;1;1;1;0;0;0;0;1;POINT (13.38813093 52.43755635)
7;2020;12;12;3;3;2;6;0;0;1;0;0;0;0;0;POINT (13.39525933 52.46703845)
3;2020;5;15;6;3;1;5;0;0;1;0;0;0;1;0;POINT (13.40309044 52.59463211)
5;2020;8;11;6;3;6;4;0;0;0;1;1;0;0;0;POINT (13.18957283 52.51453246)
6;2020;7;16;3;3;2;6;0;0;1;0;0;0;0;0;POINT (13.26445457 52.43546614)
3;2020;5;15;7;2;3;6;0;0;1;0;1;0;0;0;POINT (13.42724663 52.63389582)
12;2020;10;14;3;3;5;3;0;0;1;0;0;0;0;0;POINT (13.34765328 52.5744711)
3;2020;4;10;2;3;2;6;0;0;1;0;0;0;0;0;POINT (13.39906373 52.57318377)
3;2020;9;6;1;3;2;6;1;0;1;0;0;0;0;0;POINT (13.45061974 52.54806894)
7;2020;11;10;1;3;2;6;0;0;1;0;0;0;1;0;POINT (13.35725223 52.47380151)
2;2020;5;18;6;3;5;3;0;1;1;0;0;0;0;0;POINT (13.38914034 52.4980268)
12;2020;8;18;5;3;5;2;0;1;1;0;0;0;0;0;POINT (13.35999744 52.5719312)
7;2020;6;3;7;3;3;6;2;0;1;0;0;0;0;1;POINT (13.38605362 52.48320552)
1;2020;4;8;2;3;5;2;0;1;1;0;0;0;0;0;POINT (13.36833544 52.54111107)
6;2020;10;11;6;3;2;2;0;0;1;0;1;0;0;0;POINT (13.17419967 52.42024051)
6;2020;12;6;4;3;5;3;2;1;1;0;0;0;0;0;POINT (13.26220729 52.43495058)
7;2020;8;15;1;3;2;6;0;0;1;0;0;0;0;0;POINT (13.40270548 52.46395107)
7;2020;7;8;4;3;2;6;0;0;1;0;0;0;0;0;POINT (13.38674203 52.44202754)
2;2020;4;7;2;3;5;3;0;1;1;0;0;0;0;0;POINT (13.45362467 52.5184913)
1;2020;10;10;4;3;3;6;0;0;1;0;1;0;0;0;POINT (13.40398898 52.51271094)
12;2020;4;12;1;3;2;2;0;0;1;0;0;0;0;0;POINT (13.31536758 52.6130958)
10;2020;9;9;2;3;5;2;0;1;1;0;0;0;0;0;POINT (13.61355311 52.50476522)
4;2020;11;11;1;2;8;1;0;1;0;0;0;0;0;0;POINT (13.28173285 52.5099218)
7;2020;9;0;6;3;1;5;2;1;1;0;0;0;0;0;POINT (13.35970961 52.48966372)
8;2020;5;19;6;3;2;6;0;0;1;0;0;0;0;0;POINT (13.43084597 52.46192107)
7;2020;8;16;7;3;2;6;0;0;1;0;0;0;0;0;POINT (13.38605474 52.48331311)
1;2020;6;18;2;3;2;6;0;0;1;0;1;0;0;0;POINT (13.36114698 52.51526557)
6;2020;4;18;7;2;0;1;0;1;0;0;0;0;0;0;POINT (13.1609308 52.41965943)
1;2020;9;12;1;3;2;6;0;0;1;0;0;0;0;0;POINT (13.42028521 52.52524472)
7;2020;12;6;3;3;2;6;2;0;1;0;1;0;0;1;POINT (13.38560059 52.44702202)
1;2020;8;13;2;3;3;6;0;1;1;0;0;0;0;0;POINT (13.36644065 52.55302354)
3;2020;6;12;3;3;1;5;0;1;1;0;0;0;0;0;POINT (13.42817699 52.53219701)
6;2020;4;10;5;3;2;6;0;0;1;0;1;0;0;0;POINT (13.22517713 52.42974441)
4;2020;11;6;1;3;5;2;0;0;1;0;0;0;0;0;POINT (13.28924145 52.51039198)
4;2020;9;14;7;3;2;6;0;0;1;0;0;0;0;0;POINT (13.28805012 52.53256497)
3;2020;8;15;6;2;5;2;0;1;1;0;0;0;0;0;POINT (13.41479592 52.55501441)
7;2020;4;15;4;2;5;7;0;0;1;0;0;0;0;0;POINT (13.35392759 52.47896396)
6;2020;10;16;3;3;9;1;1;0;1;0;0;0;0;1;POINT (13.19810794 52.42020694)
3;2020;8;9;2;3;0;7;0;1;0;0;0;0;0;1;POINT (13.4027963 52.59319086)
3;2020;7;7;1;3;5;2;0;0;1;0;0;0;1;0;POINT (13.39867415 52.57245093)
7;2020;6;8;3;3;2;6;0;0;1;0;0;0;0;0;POINT (13.38407497 52.45799223)
4;2020;11;8;2;3;2;6;0;0;1;0;1;0;0;0;POINT (13.2850998 52.51615065)
7;2020;4;15;4;3;5;7;0;1;1;0;0;0;0;0;POINT (13.40010893 52.41611495)
2;2020;9;16;3;3;5;3;0;1;0;0;1;0;0;0;POINT (13.4503043 52.51610528)
1;2020;11;17;7;3;4;6;2;0;1;0;0;0;0;0;POINT (13.36600606 52.50344432)
7;2020;6;19;5;3;2;6;2;0;1;0;0;0;0;0;POINT (13.42020885 52.46135439)
1;2020;4;17;4;3;5;2;0;1;1;0;0;0;0;0;POINT (13.40893058 52.51698823)
2;2020;9;18;2;3;4;6;0;1;0;0;0;0;1;0;POINT (13.38916994 52.49474915)
4;2020;7;15;4;3;2;6;0;0;1;0;0;0;0;0;POINT (13.26895749 52.49567649)
3;2020;4;17;4;3;5;7;0;0;1;0;0;0;1;0;POINT (13.39936222 52.5740439)
11;2020;10;5;3;3;0;1;2;0;0;0;1;0;0;1;POINT (13.49712071 52.5115612)
10;2020;12;0;4;3;5;3;2;0;1;0;0;0;0;1;POINT (13.55308467 52.50905153)
4;2020;8;15;4;3;0;2;0;0;1;0;1;0;0;0;POINT (13.2818844 52.51009751)
4;2020;7;17;1;3;5;2;0;1;1;0;0;0;0;0;POINT (13.30927944 52.51166594)
6;2020;5;15;5;2;2;3;0;0;1;0;1;0;0;0;POINT (13.15978455 52.41962326)
5;2020;10;20;2;3;0;7;2;1;0;0;0;0;0;0;POINT (13.20034294 52.51235134)
2;2020;4;18;3;3;5;7;0;0;1;0;1;0;0;0;POINT (13.44739846 52.50339496)
7;2020;9;12;6;3;2;6;0;0;1;0;0;0;0;0;POINT (13.38559478 52.47329034)
4;2020;11;18;4;2;6;4;2;0;1;1;0;0;0;1;POINT (13.28153148 52.50990864)
7;2020;8;10;3;3;2;6;0;0;0;0;1;0;1;1;POINT (13.38094583 52.43843117)
6;2020;7;15;2;3;5;2;0;1;1;0;0;0;0;0;POINT (13.31465963 52.45319391)
10;2020;6;19;4;3;0;1;0;0;0;0;0;0;1;1;POINT (13.58785304 52.50500838)
11;2020;11;7;3;3;5;3;0;1;1;0;0;0;0;0;POINT (13.48424305 52.51281989)
3;2020;4;14;3;3;2;6;0;0;1;0;1;0;0;0;POINT (13.43882048 52.54093992)
2;2020;9;13;4;2;2;6;0;1;0;0;0;1;0;0;POINT (13.45149083 52.50954047)
3;2020;11;12;1;2;5;3;0;0;1;0;1;0;0;0;POINT (13.41197129 52.54110574)
1;2020;6;13;7;3;0;7;0;1;0;0;0;0;0;0;POINT (13.36873395 52.54107316)
3;2020;4;14;3;3;0;6;0;0;0;0;1;0;1;0;POINT (13.40388787 52.58095031)
2;2020;9;17;3;3;6;7;0;0;1;1;0;0;0;1;POINT (13.47438881 52.5136655)
6;2020;7;16;4;3;5;2;0;1;1;0;0;0;0;0;POINT (13.26347876 52.43507264)
9;2020;4;12;3;2;6;4;0;0;1;1;0;0;0;0;POINT (13.48310444 52.47453537)
12;2020;10;17;4;3;5;2;0;1;1;0;0;0;0;1;POINT (13.3650165 52.56051202)
3;2020;12;18;1;3;1;5;2;0;1;0;0;0;0;1;POINT (13.42993228 52.55388392)
11;2020;8;14;4;3;5;3;0;1;1;0;0;0;0;0;POINT (13.48337084 52.57674715)
2;2020;7;18;2;3;4;6;0;1;0;0;0;0;0;0;POINT (13.45371394 52.51878762)
10;2020;5;1;6;2;0;1;2;1;0;0;0;0;0;0;POINT (13.58155435 52.5051909)
1;2020;10;11;2;3;5;2;0;1;1;0;0;0;0;0;POINT (13.37163915 52.51948058)
3;2020;4;7;3;3;2;2;0;1;1;0;0;0;0;0;POINT (13.41232436 52.5411205)
4;2020;9;10;7;2;5;7;0;1;1;0;0;0;0;0;POINT (13.29587666 52.51078804)
4;2020;11;15;1;2;1;5;0;1;1;0;0;0;0;0;POINT (13.25658277 52.50841475)
9;2020;5;9;5;3;5;3;0;1;1;0;0;0;0;0;POINT (13.47944076 52.48450025)
1;2020;8;16;4;3;3;6;0;1;1;0;0;0;0;0;POINT (13.38158082 52.51668117)
4;2020;6;11;6;3;2;6;0;0;1;0;0;0;0;0;POINT (13.26290731 52.50878865)
11;2020;4;21;2;3;5;3;1;1;1;0;0;0;0;0;POINT (13.48810065 52.5124305)
4;2020;10;23;5;3;2;6;2;0;1;0;0;0;0;0;POINT (13.30114551 52.48707993)
7;2020;12;8;3;3;5;3;0;1;1;0;0;0;0;0;POINT (13.36591227 52.41668328)
7;2020;8;16;1;3;5;3;0;1;1;0;0;0;0;0;POINT (13.4063202 52.40473038)
2;2020;6;10;2;3;1;7;0;1;1;0;0;0;0;0;POINT (13.46054868 52.5150693)
1;2020;4;16;2;3;2;6;0;0;1;0;0;0;0;0;POINT (13.40911803 52.51715359)
4;2020;10;14;4;3;3;6;0;0;1;0;0;1;0;0;POINT (13.28066221 52.50181617)
1;2020;4;9;2;3;5;3;0;0;1;0;0;0;0;0;POINT (13.37201659 52.5051321)
12;2020;9;17;1;3;5;3;0;1;1;0;0;0;0;0;POINT (13.36476748 52.5618615)
3;2020;11;12;7;3;2;6;0;0;1;0;0;0;0;0;POINT (13.43111307 52.58290693)
7;2020;9;16;5;3;3;6;0;0;1;0;1;0;1;0;POINT (13.35515444 52.47726727)
4;2020;4;19;2;3;3;6;0;0;1;0;0;1;0;0;POINT (13.31717086 52.4784286)
2;2020;5;10;4;3;3;6;0;0;1;0;0;0;0;0;POINT (13.38706153 52.49196288)
7;2020;8;1;6;3;1;5;2;1;1;0;0;0;0;0;POINT (13.35400391 52.48488774)
9;2020;7;23;2;3;5;3;2;1;1;0;0;0;0;0;POINT (13.49318558 52.46776151)
4;2020;6;14;2;3;3;6;0;0;1;0;0;0;0;0;POINT (13.28103777 52.50324646)
7;2020;4;13;1;2;3;6;0;0;1;0;1;0;0;0;POINT (13.37965629 52.43683161)
1;2020;9;12;6;3;2;6;0;0;0;0;1;0;1;1;POINT (13.36462098 52.50184626)
2;2020;12;7;1;3;5;2;1;1;1;0;0;0;0;1;POINT (13.4480592 52.50424029)
7;2020;6;15;3;2;5;2;0;1;1;0;0;0;0;0;POINT (13.38577648 52.48066991)
10;2020;4;18;1;3;2;6;0;1;1;0;0;0;0;0;POINT (13.59122779 52.50508568)
2;2020;11;18;7;3;5;3;2;1;0;0;0;0;1;0;POINT (13.44624057 52.51651575)
2;2020;9;21;6;3;2;6;2;0;1;0;0;0;0;0;POINT (13.45344077 52.51678201)
7;2020;7;13;5;3;2;6;0;0;1;0;0;0;0;0;POINT (13.36587252 52.47278082)
3;2020;4;23;7;3;5;2;2;0;1;0;0;0;0;0;POINT (13.44490001 52.54548562)
6;2020;10;13;2;3;5;2;0;0;1;0;0;0;0;0;POINT (13.31433531 52.45309167)
1;2020;8;18;1;3;6;4;0;1;0;1;0;0;0;0;POINT (13.39391319 52.51738622)
1;2020;7;5;7;3;0;1;1;0;0;0;0;0;1;0;POINT (13.40628797 52.52065584)
2;2020;6;16;3;3;5;2;0;1;1;0;0;0;0;0;POINT (13.46734993 52.51437749)
4;2020;11;5;1;3;0;1;2;0;0;0;1;0;0;1;POINT (13.29107791 52.49361636)
2;2020;4;15;7;3;5;2;0;0;1;0;1;0;0;0;POINT (13.4602211 52.51524574)
1;2020;9;3;3;3;0;1;2;1;0;0;0;0;0;0;POINT (13.38053423 52.50977323)
4;2020;11;14;6;3;2;6;0;0;1;0;0;0;0;0;POINT (13.28272554 52.4975865)
1;2020;6;20;4;2;3;6;0;1;0;0;0;0;0;0;POINT (13.36950152 52.54061461)
9;2020;4;14;7;3;4;6;0;1;1;0;0;0;0;0;POINT (13.4776735 52.48645195)
2;2020;8;18;1;2;8;1;0;1;0;0;1;0;0;0;POINT (13.44862254 52.5050662)
7;2020;7;16;3;2;2;6;0;0;1;0;0;0;0;0;POINT (13.3591579 52.47413376)