bez;ujahr;umonat;ustunde;uwochentag;ukategorie;uart;utyp1;ulichtverh;istrad;istpkw;istfuss;istkrad;istgkfz;istsonstige;ustrzustand;geometry
3;2020;4;18;7;2;5;2;0;1;1;0;0;0;0;0;POINT (13.40251882 52.59221462)
6;2020;10;15;3;3;2;6;0;0;1;0;0;0;0;0;POINT (13.32560134 52.45854821)
12;2020;12;19;2;3;2;6;1;0;1;0;0;0;1;1;POINT (13.29653196 52.57854009)
4;2020;8;17;3;3;0;5;0;0;1;0;1;0;0;0;POINT (13.32448685 52.51270726)
2;2020;7;1;1;3;0;1;2;1;0;0;0;0;0;0;POINT (13.45250799 52.51850647)
4;2020;5;21;4;3;5;2;2;0;1;0;0;0;1;0;POINT (13.32293018 52.5124425)
2;2020;10;9;1;3;2;6;0;0;1;0;0;0;0;1;POINT (13.46778829 52.51448606)
5;2020;4;13;7;3;7;7;0;0;1;0;0;0;0;0;POINT (13.15881615 52.50229296)
6;2020;9;16;5;3;5;2;0;1;0;0;0;0;1;0;POINT (13.28134383 52.44153857)
9;2020;11;6;3;3;5;2;1;1;1;0;0;0;0;1;POINT (13.45770576 52.4917118)
6;2020;5;14;4;3;6;4;0;0;1;1;0;0;0;0;POINT (13.26020684 52.43518383)
7;2020;8;14;2;3;0;6;0;0;1;0;1;0;0;0;POINT (13.35880551 52.40848492)
3;2020;6;8;4;3;2;6;0;0;1;0;0;1;0;1;POINT (13.41404184 52.5504052)
12;2020;5;18;4;3;2;6;0;0;1;0;0;0;0;0;POINT (13.31672631 52.56356798)
11;2020;4;18;6;2;5;2;0;1;1;0;0;0;0;0;POINT (13.48425738 52.51281844)
4;2020;10;17;4;2;0;1;0;0;0;0;1;0;0;0;POINT (13.2773456 52.5019975)
4;2020;12;14;1;3;3;6;0;0;1;0;0;0;1;0;POINT (13.26349438 52.50882524)
12;2020;8;17;4;3;5;2;0;1;1;0;0;0;0;0;POINT (13.36441297 52.56374521)
7;2020;6;17;1;3;3;1;0;1;1;0;0;0;0;1;POINT (13.38576841 52.48031053)
2;2020;4;19;6;3;0;1;0;1;0;0;0;0;0;0;POINT (13.45239512 52.51913448)
3;2020;10;23;1;3;1;5;2;1;0;0;1;0;0;1;POINT (13.41296765 52.5454471)
2;2020;4;19;6;3;5;7;0;0;1;0;0;0;1;0;POINT (13.45286307 52.51911761)
3;2020;11;18;5;3;3;6;2;0;1;0;0;0;0;0;POINT (13.40291995 52.56932574)
4;2020;9;15;4;3;2;6;0;0;1;0;0;0;0;0;POINT (13.28420673 52.50804871)
9;2020;4;17;6;2;2;6;0;0;1;0;0;0;0;0;POINT (13.4954539 52.43487933)
12;2020;5;14;4;3;5;2;0;1;1;0;0;0;0;0;POINT (13.34661417 52.5793719)
12;2020;8;22;4;3;0;1;2;0;0;0;1;0;0;0;POINT (13.31026786 52.56534157)
11;2020;7;17;6;3;2;6;0;0;1;0;0;0;0;0;POINT (13.48471754 52.51277287)
9;2020;6;13;6;3;4;6;0;1;0;0;0;0;0;0;POINT (13.49858878 52.46403488)
2;2020;5;7;4;3;5;2;0;1;0;0;0;1;0;0;POINT (13.45421973 52.51582966)
2;2020;8;19;3;3;5;3;1;1;1;0;0;0;0;1;POINT (13.44892339 52.51624478)
6;2020;6;12;5;3;5;3;0;0;1;0;0;0;0;0;POINT (13.28128562 52.44152039)
3;2020;4;14;5;2;1;5;0;1;1;0;0;0;0;0;POINT (13.40288736 52.58077322)
2;2020;10;13;5;3;0;7;0;1;1;0;0;0;0;0;POINT (13.38703773 52.49190901)
4;2020;12;15;2;3;2;6;0;0;1;0;0;0;0;0;POINT (13.28827783 52.53262331)
6;2020;8;0;7;2;0;1;2;1;0;0;0;0;0;0;POINT (13.30509893 52.44979968)
12;2020;6;10;1;3;5;2;0;1;1;0;0;0;0;0;POINT (13.31131723 52.62763112)
1;2020;4;21;5;3;3;6;2;0;1;0;0;0;0;0;POINT (13.3651072 52.53371796)
3;2020;10;9;3;3;0;7;0;1;0;0;0;0;1;1;POINT (13.41413236 52.55088414)
1;2020;4;18;5;3;2;6;0;0;1;0;0;0;0;0;POINT (13.36853129 52.50661824)
3;2020;9;20;7;3;0;6;2;0;1;0;1;0;0;0;POINT (13.41399298 52.55011698)
7;2020;11;10;5;3;0;7;0;0;1;0;0;0;0;0;POINT (13.39950108 52.41779567)
6;2020;9;15;5;3;2;3;0;1;1;0;0;0;0;0;POINT (13.23572881 52.43238801)
1;2020;4;19;4;3;2;3;0;0;1;0;0;0;0;0;POINT (13.36977732 52.54199003)
2;2020;5;15;3;3;5;2;0;1;1;0;0;0;0;0;POINT (13.46001098 52.51512284)
7;2020;8;8;5;3;5;2;0;1;1;0;0;0;0;0;POINT (13.38574131 52.46948207)
3;2020;7;16;2;3;0;1;0;0;0;0;1;0;0;0;POINT (13.42950534 52.53293574)
12;2020;6;3;7;3;6;7;2;1;0;1;0;0;0;0;POINT (13.3131211 52.62162125)
7;2020;4;14;4;3;0;6;0;0;0;0;1;0;1;0;POINT (13.4023763 52.46440113)
12;2020;9;11;5;3;0;1;0;0;0;0;1;0;0;1;POINT (13.31905507 52.61071135)
2;2020;12;18;7;3;0;1;2;0;0;0;1;0;0;1;POINT (13.38050565 52.49925198)
4;2020;6;14;3;3;2;6;0;0;1;0;0;0;0;0;POINT (13.28424382 52.50947282)
12;2020;4;10;4;2;5;2;0;1;1;0;0;0;0;0;POINT (13.36333529 52.56550027)
7;2020;11;8;4;3;5;2;0;1;1;0;0;0;0;0;POINT (13.34856039 52.48186026)
4;2020;9;14;6;3;2;6;0;0;1;0;0;0;0;0;POINT (13.29245416 52.53495182)
4;2020;7;14;4;3;2;6;0;0;1;0;0;0;1;0;POINT (13.28153415 52.52204971)
2;2020;4;8;4;3;5;2;0;1;1;0;0;0;0;0;POINT (13.46601288 52.51452041)
4;2020;10;21;6;2;0;1;2;0;0;0;1;0;0;0;POINT (13.30042759 52.54754364)
7;2020;8;11;1;2;0;6;0;1;0;0;0;0;1;0;POINT (13.39097603 52.43217681)
7;2020;7;14;5;3;0;4;0;0;0;1;0;0;1;0;POINT (13.34857785 52.48187286)
7;2020;6;11;2;3;5;3;0;0;1;0;0;0;0;0;POINT (13.3845856 52.4526368)
7;2020;10;15;6;3;6;7;0;0;0;1;0;0;1;1;POINT (13.36066758 52.49082948)
7;2020;4;22;3;3;3;6;2;0;1;0;0;0;1;0;POINT (13.35078483 52.48084033)
3;2020;9;13;2;3;4;6;0;1;0;0;0;0;1;0;POINT (13.41282271 52.54616619)
9;2020;11;16;5;3;5;3;2;1;1;0;0;0;0;0;POINT (13.46719457 52.48525271)
11;2020;6;7;4;3;5;7;0;0;1;0;1;0;0;0;POINT (13.48299705 52.57441929)
3;2020;4;18;3;2;3;6;0;0;1;0;1;0;0;0;POINT (13.47639728 52.56810347)
10;2020;8;13;1;3;3;6;0;0;1;0;0;0;0;0;POINT (13.54500683 52.51501105)
4;2020;7;7;3;3;3;6;0;0;1;0;0;1;0;0;POINT (13.28538331 52.4948027)
7;2020;6;18;2;3;6;7;0;1;0;1;0;0;0;0;POINT (13.40687955 52.39307919)
3;2020;4;10;3;3;5;2;0;0;1;0;0;0;1;0;POINT (13.42422234 52.53929135)
9;2020;10;16;1;3;2;6;0;0;1;0;0;0;1;1;POINT (13.50615373 52.458949)
6;2020;12;8;1;3;1;5;0;1;0;0;0;1;0;1;POINT (13.13490246 52.416583)
1;2020;8;9;3;2;5;3;0;1;0;0;0;0;0;0;POINT (13.40327432 52.5191375)
3;2020;7;8;7;2;0;7;0;1;0;0;0;0;0;0;POINT (13.41673288 52.54045533)
3;2020;5;10;3;3;5;3;0;1;0;0;0;0;1;0;POINT (13.41232082 52.54107614)
7;2020;10;5;1;3;5;2;2;0;1;0;1;0;0;0;POINT (13.38508144 52.43981258)
4;2020;4;16;3;3;5;2;0;0;1;0;1;0;0;0;POINT (13.32296455 52.51242424)
1;2020;9;8;4;3;5;2;0;1;1;0;0;0;0;0;POINT (13.40156061 52.51144258)
7;2020;11;14;2;3;5;2;0;0;1;0;0;0;0;0;POINT (13.38437674 52.45264707)
3;2020;5;14;3;3;5;2;0;0;1;0;0;0;1;0;POINT (13.42178414 52.5396644)
10;2020;8;19;2;2;2;6;0;0;1;0;1;0;0;0;POINT (13.56099283 52.5086419)
10;2020;6;13;4;3;2;6;0;0;1;0;0;0;0;0;POINT (13.54849132 52.55114859)
6;2020;5;16;4;3;1;5;0;0;1;0;0;0;0;0;POINT (13.1878422 52.41921014)
7;2020;4;11;2;2;6;2;0;0;0;1;0;0;1;0;POINT (13.35211733 52.48026289)
1;2020;9;15;3;3;2;6;0;0;1;0;0;0;0;0;POINT (13.3693372 52.51567949)
6;2020;12;10;6;3;5;3;0;0;1;0;0;0;0;0;POINT (13.20983761 52.42607022)
4;2020;8;14;4;3;2;6;0;0;1;0;0;0;0;0;POINT (13.28431181 52.51636738)
1;2020;6;13;7;3;0;2;0;0;1;0;1;0;0;1;POINT (13.36979314 52.51582761)
1;2020;10;21;7;3;6;2;2;0;1;1;0;0;0;1;POINT (13.36991809 52.54182771)
4;2020;4;11;2;2;3;6;0;0;1;0;0;1;0;0;POINT (13.28267563 52.5285488)
7;2020;11;11;3;3;2;6;0;0;1;0;0;0;0;0;POINT (13.38392301 52.45524437)
2;2020;9;20;2;3;0;1;2;1;0;0;0;0;0;0;POINT (13.45421308 52.51585733)
1;2020;4;7;2;3;2;6;0;0;1;0;1;0;0;0;POINT (13.4093978 52.51692973)
11;2020;10;9;5;3;5;2;0;1;1;0;0;0;0;0;POINT (13.47741242 52.5135167)
1;2020;8;17;3;3;0;7;0;0;1;0;0;0;0;0;POINT (13.36900992 52.5409083)
2;2020;7;8;4;3;6;4;0;1;0;1;0;0;0;0;POINT (13.46737556 52.51452703)
1;2020;6;15;5;3;5;2;0;0;1;0;1;0;0;0;POINT (13.36433752 52.50151857)
10;2020;4;7;2;3;3;6;0;0;1;0;0;1;0;0;POINT (13.54912041 52.50936755)
9;2020;9;19;4;3;2;6;2;0;1;0;0;0;0;0;POINT (13.4584948 52.4921875)
7;2020;12;6;3;3;2;6;2;0;1;0;0;0;0;1;POINT (13.38576647 52.47013771)
1;2020;6;14;2;3;2;6;0;0;1;0;0;0;0;0;POINT (13.36988176 52.53962508)
3;2020;4;22;2;3;7;7;2;0;0;0;1;0;0;0;POINT (13.44723418 52.61239422)
1;2020;9;20;5;3;5;3;1;0;1;0;0;0;1;0;POINT (13.40452841 52.51998819)
12;2020;7;19;7;3;0;1;0;0;1;0;0;0;0;1;POINT (13.3593792 52.57302394)
4;2020;4;14;2;3;2;6;0;0;1;0;0;0;1;0;POINT (13.25130682 52.50808982)
12;2020;10;9;5;3;2;6;0;0;1;0;0;0;0;0;POINT (13.2863425 52.59349486)
4;2020;12;14;3;3;2;6;0;0;1;0;0;0;1;0;POINT (13.28394504 52.496296)
3;2020;5;12;2;2;3;6;0;1;1;0;0;0;0;1;POINT (13.4171928 52.54018538)
3;2020;8;19;7;3;5;2;0;1;1;0;0;0;0;0;POINT (13.42357729 52.52820858)
12;2020;7;15;4;3;6;4;0;0;1;1;0;0;0;1;POINT (13.34148242 52.58606131)
7;2020;6;13;1;3;2;6;0;0;1;0;0;0;0;0;POINT (13.38774267 52.43877174)
6;2020;10;14;3;3;2;6;0;0;1;0;0;0;0;0;POINT (13.2775146 52.44015384)
4;2020;4;13;7;3;5;2;0;1;1;0;0;0;0;0;POINT (13.28927752 52.5105605)
6;2020;9;17;1;3;3;6;0;0;1;0;1;0;0;0;POINT (13.28489245 52.44262935)
5;2020;11;18;2;3;2;6;2;0;1;0;0;0;1;0;POINT (13.20029473 52.51236113)
3;2020;4;16;7;3;0;6;0;0;1;0;1;0;0;0;POINT (13.42110704 52.53957202)
10;2020;9;6;4;3;2;6;0;0;1;0;0;0;0;0;POINT (13.54058463 52.50998554)
7;2020;12;20;5;3;3;6;2;0;1;0;0;1;0;0;POINT (13.3783977 52.47007231)
7;2020;6;17;2;3;5;2;0;1;0;0;0;1;0;0;POINT (13.3619437 52.41361158)
4;2020;4;14;7;3;2;6;0;0;1;0;0;0;0;0;POINT (13.24273997 52.50755724)
7;2020;9;15;5;2;1;5;0;0;1;0;1;0;0;0;POINT (13.35538408 52.48559851)
6;2020;7;11;2;3;1;5;0;0;1;0;0;0;0;0;POINT (13.21255787 52.42682716)
7;2020;4;22;6;3;6;2;2;0;1;1;0;0;0;0;POINT (13.38551455 52.47010089)
4;2020;10;16;5;3;2;6;0;0;1;0;0;0;0;0;POINT (13.28512231 52.51416072)
2;2020;8;18;7;3;3;6;0;1;1;0;0;0;0;0;POINT (13.38913618 52.49806467)
12;2020;7;11;5;3;2;1;0;1;1;0;0;0;0;1;POINT (13.36161187 52.56915016)
6;2020;6;12;2;3;5;7;0;1;1;0;0;0;0;0;POINT (13.17720506 52.41937446)
4;2020;10;10;4;3;0;2;0;1;0;0;0;0;1;1;POINT (13.30919604 52.51166055)
12;2020;4;14;6;3;3;6;0;0;1;0;1;0;0;0;POINT (13.30314311 52.64161311)
7;2020;9;11;1;3;8;7;0;0;0;0;0;0;1;0;POINT (13.37715154 52.43242476)
1;2020;11;16;4;3;2;6;2;0;1;0;1;0;0;1;POINT (13.36337553 52.53591793)
12;2020;6;14;3;3;2;2;0;0;1;0;1;0;0;0;POINT (13.33233326 52.5985259)
4;2020;8;11;7;2;5;2;0;1;1;0;0;0;0;0;POINT (13.27580244 52.50971341)
2;2020;6;15;2;3;6;4;0;0;0;1;0;0;1;0;POINT (13.4705667 52.51405899)
6;2020;4;19;5;3;0;1;1;0;0;0;1;0;0;0;POINT (13.19354965 52.42117243)
3;2020;10;16;1;3;3;6;0;0;1;0;1;0;0;1;POINT (13.43156674 52.53472011)
9;2020;12;12;6;3;2;6;0;0;1;0;0;0;0;0;POINT (13.51170499 52.45510763)
4;2020;8;13;2;3;2;6;0;0;1;0;0;0;0;0;POINT (13.2997676 52.48826207)
4;2020;7;9;4;3;0;7;0;1;0;1;0;0;0;0;POINT (13.29417657 52.51086998)
11;2020;5;14;2;3;6;7;0;0;0;1;0;0;1;0;POINT (13.47945108 52.51330707)
7;2020;10;0;5;2;9;1;2;0;1;0;0;0;0;0;POINT (13.34357523 52.4784035)
1;2020;4;17;5;3;2;6;0;0;1;0;0;0;0;0;POINT (13.40581801 52.52064422)
4;2020;9;19;3;3;2;6;1;0;1;0;0;0;0;0;POINT (13.28156846 52.49872074)
7;2020;11;18;1;3;2;6;2;0;1;0;0;0;0;1;POINT (13.3871618 52.43892215)
11;2020;5;11;1;3;2;6;0;0;1;0;0;0;0;1;POINT (13.47901532 52.5133538)
7;2020;8;14;1;3;1;5;0;1;1;0;0;0;0;0;POINT (13.36111978 52.49493779)
2;2020;6;15;3;2;6;4;0;0;1;1;0;0;0;0;POINT (13.44253494 52.51688992)
4;2020;5;15;4;3;2;6;0;0;1;0;0;0;0;0;POINT (13.28598233 52.53198577)
6;2020;4;15;5;2;5;2;0;0;1;0;0;0;0;0;POINT (13.28263625 52.44174293)
3;2020;9;9;3;3;2;6;0;1;1;0;0;0;0;0;POINT (13.43212507 52.53636857)
2;2020;12;19;4;3;5;2;2;1;1;0;0;0;0;1;POINT (13.45375173 52.51590121)
12;2020;8;8;3;3;5;2;0;1;1;0;0;0;0;0;POINT (13.31888786 52.61081317)
6;2020;6;16;5;3;0;5;0;1;1;0;0;0;0;1;POINT (13.15462097 52.41895174)
1;2020;10;17;6;3;2;6;0;0;1;0;0;0;0;0;POINT (13.37856689 52.50964109)
2;2020;4;13;4;2;3;6;0;1;0;0;0;0;0;0;POINT (13.45683238 52.51544346)
7;2020;11;12;3;2;3;6;0;1;1;0;0;0;0;0;POINT (13.38703199 52.44071678)
6;2020;9;15;2;3;5;3;0;0;1;0;1;0;0;0;POINT (13.3050046 52.44977138)
1;2020;8;14;1;2;2;6;0;0;0;0;1;0;1;0;POINT (13.36437795 52.50156531)
1;2020;4;17;4;3;2;6;0;0;1;0;0;0;0;0;POINT (13.36844761 52.53880436)
2;2020;10;21;5;3;5;2;2;1;1;0;0;0;0;1;POINT (13.46001336 52.51512261)
1;2020;8;12;3;3;3;6;0;1;0;0;0;1;0;0;POINT (13.38613382 52.51012917)
7;2020;7;12;3;3;3;6;0;0;1;0;1;0;0;1;POINT (13.37761173 52.46998726)
2;2020;6;6;5;3;5;2;0;1;0;0;0;0;1;1;POINT (13.45716764 52.51556449)
9;2020;11;13;4;3;3;6;0;0;1;0;1;0;0;0;POINT (13.48047226 52.4423656)
3;2020;4;16;4;3;5;2;0;1;1;0;0;0;0;0;POINT (13.43900519 52.54109732)
1;2020;9;14;4;3;5;3;0;1;1;0;0;0;0;0;POINT (13.41249547 52.51914733)
1;2020;11;11;1;3;5;3;0;0;1;0;0;0;0;0;POINT (13.37201659 52.5051321)
7;2020;6;16;1;3;2;6;0;0;1;0;0;0;0;0;POINT (13.38558429 52.4728514)
10;2020;4;15;4;3;2;2;0;0;1;0;0;0;0;0;POINT (13.56360558 52.5080513)
3;2020;9;8;4;2;5;2;0;1;0;0;0;0;0;0;POINT (13.42763285 52.53134359)
9;2020;7;12;5;3;0;6;0;0;0;0;0;0;1;0;POINT (13.45858092 52.49250912)
12;2020;4;12;4;3;0;1;0;1;0;0;0;0;0;0;POINT (13.31731205 52.6160845)
3;2020;10;13;4;3;5;2;0;1;1;0;0;0;0;0;POINT (13.42857536 52.53758663)
7;2020;12;14;2;3;1;5;0;0;1;0;0;0;1;1;POINT (13.40224926 52.41232604)
3;2020;5;9;1;3;5;2;0;1;1;0;0;0;0;0;POINT (13.40309303 52.58374461)
2;2020;8;20;5;2;3;6;1;1;0;0;0;0;0;0;POINT (13.4518331 52.51026513)
12;2020;7;18;2;3;2;2;0;0;1;0;0;0;0;0;POINT (13.35889074 52.5732688)
1;2020;5;15;7;3;0;7;0;1;1;0;0;0;0;0;POINT (13.36765213 52.55090012)
4;2020;10;17;3;3;2;6;1;0;1;0;0;0;0;0;POINT (13.30245349 52.48611159)
4;2020;4;14;3;3;2;6;0;0;1;0;0;0;1;0;POINT (13.26886163 52.49560114)
10;2020;9;16;7;3;3;6;0;0;1;0;1;0;0;0;POINT (13.54120519 52.50995853)
4;2020;11;20;1;3;3;6;2;0;1;0;0;1;0;0;POINT (13.28136977 52.50415427)
7;2020;5;8;1;3;3;6;0;1;0;0;0;0;1;1;POINT (13.386339 52.44320565)
4;2020;8;10;5;2;6;4;0;1;0;1;0;0;0;0;POINT (13.27935177 52.50993322)
7;2020;6;13;6;3;5;3;0;1;1;0;0;0;0;0;POINT (13.38122572 52.43872681)
8;2020;4;8;3;3;5;3;0;0;1;0;0;1;0;0;POINT (13.45145471 52.46365066)
3;2020;10;20;6;3;0;1;2;1;0;0;0;0;0;0;POINT (13.43449435 52.53762918)
12;2020;12;18;4;3;3;6;2;0;1;0;1;0;0;0;POINT (13.36176048 52.56886614)
2;2020;8;9;1;3;5;2;0;0;1;0;0;0;1;0;POINT (13.4524911 52.51845052)
2;2020;7;14;3;3;6;4;0;0;0;1;0;0;1;1;POINT (13.46798497 52.51431383)
1;2020;4;16;2;3;2;6;0;0;1;0;0;0;0;0;POINT (13.36337967 52.53546847)
4;2020;10;11;4;3;2;6;0;0;1;0;0;0;0;0;POINT (13.26006681 52.50862354)
3;2020;4;13;2;3;5;3;0;0;1;0;1;0;0;0;POINT (13.40278827 52.5931614)
4;2020;9;16;2;3;2;6;0;0;1;0;0;0;0;0;POINT (13.3263126 52.4779376)
12;2020;11;14;7;3;0;1;0;1;0;0;0;0;0;0;POINT (13.3124033 52.62400688)
9;2020;9;19;5;2;8;1;0;0;1;0;0;0;0;0;POINT (13.47926798 52.48472836)
1;2020;5;17;1;3;0;1;0;0;0;0;1;0;0;1;POINT (13.38557374 52.51009501)
12;2020;8;19;6;3;5;2;0;1;1;0;0;0;0;1;POINT (13.36400195 52.56460368)
7;2020;6;16;2;3;2;6;0;0;1;0;0;0;0;0;POINT (13.4017987 52.41368722)
3;2020;4;19;2;3;5;2;0;1;1;0;0;0;0;0;POINT (13.4286328 52.53756737)
12;2020;9;18;1;3;5;2;1;1;1;0;0;0;0;0;POINT (13.34765472 52.57449384)
7;2020;12;20;1;3;5;2;2;0;1;0;0;0;0;0;POINT (13.38574086 52.46950079)
7;2020;5;15;1;3;2;6;0;0;1;0;0;0;0;1;POINT (13.36296698 52.47395944)
12;2020;8;20;6;3;5;3;1;0;1;0;0;0;0;0;POINT (13.34765108 52.57443618)
9;2020;6;13;1;2;3;6;0;0;0;0;1;1;0;0;POINT (13.50565572 52.45948105)
10;2020;4;20;2;2;0;1;2;1;0;0;0;0;0;0;POINT (13.54415478 52.51113624)
3;2020;10;14;6;2;0;1;0;1;0;0;0;0;0;0;POINT (13.41356807 52.54089349)
2;2020;12;14;5;3;2;6;0;0;1;0;0;0;0;0;POINT (13.38790036 52.49344058)
4;2020;8;17;2;2;5;3;0;0;0;0;1;0;1;0;POINT (13.23117719 52.5068401)
4;2020;7;16;4;3;3;6;0;1;0;0;0;0;0;0;POINT (13.29942522 52.51121376)
12;2020;10;11;5;2;2;6;0;0;1;0;1;0;0;0;POINT (13.34360627 52.58328084)
3;2020;4;10;2;3;5;7;0;1;1;0;0;0;0;0;POINT (13.42909947 52.57281108)
9;2020;9;15;3;3;5;2;0;0;1;0;1;0;0;0;POINT (13.49313301 52.46779706)
11;2020;11;8;1;3;0;6;0;0;1;0;1;0;0;1;POINT (13.49421709 52.51181657)
4;2020;5;14;1;3;2;6;0;0;1;0;0;1;0;1;POINT (13.31155362 52.53598449)
12;2020;8;22;7;3;3;6;2;0;1;0;0;1;0;0;POINT (13.30988386 52.55850319)
7;2020;6;11;2;3;5;3;0;1;0;0;0;0;1;0;POINT (13.38530725 52.46323295)
12;2020;4;11;1;3;5;3;0;1;1;0;0;0;0;0;POINT (13.31536966 52.61310535)
7;2020;9;9;1;2;0;2;0;1;0;0;0;0;1;0;POINT (13.34842415 52.48171536)
3;2020;12;14;3;3;2;6;0;0;0;0;0;1;1;1;POINT (13.49987798 52.62094862)
2;2020;8;14;2;3;0;3;0;1;0;0;1;0;0;0;POINT (13.37827427 52.49932662)
4;2020;6;16;4;3;2;6;0;0;1;0;1;0;0;0;POINT (13.31325909 52.47976819)
4;2020;4;7;1;3;2;6;0;0;1;0;0;1;0;0;POINT (13.27984594 52.5004099)
2;2020;11;15;1;3;5;2;0;1;1;0;0;0;0;0;POINT (13.45372528 52.51872669)
1;2020;9;23;1;2;9;1;2;0;1;0;0;0;0;0;POINT (13.38708864 52.51703545)
7;2020;8;18;6;3;1;5;0;0;1;0;0;0;1;0;POINT (13.38549202 52.46739681)
4;2020;4;15;1;3;3;6;0;1;0;0;0;0;0;0;POINT (13.3021791 52.51139412)
2;2020;10;6;4;3;0;6;2;0;0;0;1;0;1;1;POINT (13.38740921 52.49215141)
3;2020;8;19;2;3;5;2;0;0;1;0;0;0;1;0;POINT (13.39869608 52.57207826)
6;2020;7;0;2;3;8;1;2;0;1;0;0;0;0;0;POINT (13.33260477 52.46397578)
12;2020;6;17;4;3;2;6;0;0;1;0;0;0;0;1;POINT (13.30278237 52.55057779)
7;2020;11;0;3;3;5;2;2;0;1;0;0;0;0;0;POINT (13.38574085 52.46946349)
1;2020;4;15;1;3;2;6;0;0;1;0;0;0;0;0;POINT (13.40357178 52.51242451)
1;2020;9;8;4;3;2;6;0;0;1;0;1;0;0;0;POINT (13.40896299 52.51656797)
7;2020;11;7;1;3;6;3;0;0;1;1;0;0;0;0;POINT (13.41762551 52.37682772)
2;2020;6;1;6;3;0;1;2;1;0;0;0;0;0;1;POINT (13.45424257 52.51571735)
8;2020;4;15;6;2;0;1;0;0;0;0;1;0;0;0;POINT (13.45246843 52.46384301)
7;2020;9;14;3;2;5;3;0;0;1;0;0;0;1;0;POINT (13.35400078 52.47891096)
3;2020;7;20;4;3;5;2;1;1;1;0;0;0;0;0;POINT (13.42283267 52.5395163)
2;2020;4;11;6;3;0;7;0;1;0;1;0;0;0;0;POINT (13.45337855 52.5147738)
10;2020;10;12;3;3;5;3;0;0;1;0;0;0;1;1;POINT (13.55829203 52.56289627)
4;2020;12;0;5;3;9;1;2;0;1;0;0;0;0;0;POINT (13.28867407 52.49419863)
2;2020;8;8;4;3;5;2;0;1;1;0;0;0;0;0;POINT (13.3768965 52.50195873)
3;2020;7;17;2;3;5;2;0;1;1;0;0;0;0;0;POINT (13.40236726 52.58068014)
10;2020;5;9;6;3;5;3;0;1;1;0;0;0;0;0;POINT (13.53696835 52.53297892)
2;2020;10;14;2;3;0;1;0;1;0;0;0;0;0;1;POINT (13.38779892 52.49786794)
3;2020;4;12;5;3;2;6;0;0;1;0;0;0;0;0;POINT (13.46896761 52.56284156)
4;2020;9;18;7;3;2;6;0;0;1;0;0;0;0;0;POINT (13.28070711 52.49976168)
3;2020;11;13;1;2;5;3;0;0;1;0;1;0;0;0;POINT (13.4119725 52.54112235)
3;2020;5;18;7;2;0;1;0;0;0;0;1;0;0;1;POINT (13.40568461 52.56649705)
9;2020;8;15;4;3;0;1;0;1;0;0;0;0;0;0;POINT (13.46030328 52.49378402)
12;2020;6;15;5;3;5;7;0;0;0;0;1;0;1;0;POINT (13.31317141 52.62145423)
2;2020;4;11;4;3;3;6;0;1;0;0;0;1;0;0;POINT (13.38605432 52.48531741)
2;2020;10;16;5;3;2;7;0;0;1;0;0;0;1;0;POINT (13.45684375 52.4998915)
2;2020;12;17;2;3;1;5;2;1;1;0;0;0;0;0;POINT (13.45105119 52.50956898)
4;2020;8;14;7;3;0;6;0;0;1;0;1;0;0;0;POINT (13.28090526 52.49920068)
9;2020;6;10;2;3;5;2;0;0;1;0;1;0;0;0;POINT (13.45933014 52.49283415)
3;2020;3;5;2;2;6;2;2;0;1;1;0;0;0;1;POINT (13.42438501 52.53900358)
4;2020;10;7;3;3;3;6;0;0;1;0;1;0;0;1;POINT (13.29891809 52.51098922)
1;2020;3;12;2;3;2;6;0;0;1;0;0;0;1;0;POINT (13.36334915 52.53549889)
11;2020;9;15;1;3;5;3;0;1;1;0;0;0;0;0;POINT (13.48826407 52.51241383)
3;2020;11;11;6;3;3;6;0;1;1;0;0;0;0;0;POINT (13.41412593 52.55261682)
12;2020;9;16;5;2;5;3;0;1;1;0;0;0;0;0;POINT (13.36419305 52.56371813)
4;2020;3;12;2;3;2;6;0;0;1;0;0;0;0;0;POINT (13.28614554 52.53189009)
6;2020;5;12;6;2;0;7;0;0;1;0;0;0;0;0;POINT (13.22511843 52.45999526)
3;2020;8;1;6;3;2;2;2;0;1;0;0;0;1;0;POINT (13.42451927 52.53922488)
9;2020;7;22;2;2;2;6;2;0;1;0;0;0;0;0;POINT (13.49329145 52.43604071)
5;2020;6;11;1;3;2;6;0;0;1;0;0;0;1;0;POINT (13.17893799 52.51654919)
9;2020;3;19;1;3;5;3;2;1;1;0;0;0;0;0;POINT (13.51311088 52.45415669)
1;2020;9;19;6;3;2;6;1;0;1;0;0;0;0;1;POINT (13.36877727 52.54898818)
1;2020;12;15;1;3;0;2;1;0;1;0;1;0;0;1;POINT (13.36730324 52.55149782)
7;2020;6;15;3;3;3;6;0;0;1;0;1;0;0;0;POINT (13.40605797 52.40601441)
3;2020;3;9;1;3;2;6;0;0;1;0;0;0;0;0;POINT (13.40216403 52.58064356)
4;2020;11;14;5;3;2;6;0;0;1;0;0;0;0;0;POINT (13.28399908 52.49597429)