bez;ujahr;umonat;ustunde;uwochentag;ukategorie;uart;utyp1;ulichtverh;istrad;istpkw;istfuss;istkrad;istgkfz;istsonstige;ustrzustand;geometry
11;2020;9;17;6;3;9;1;0;0;1;0;0;0;0;0;POINT (13.52583887 52.51003959)
6;2020;7;23;4;2;5;3;2;0;1;0;0;0;0;0;POINT (13.27137794 52.43823838)
6;2020;3;16;6;3;0;4;0;0;0;1;1;0;0;0;POINT (13.1773578 52.4193455)
7;2020;10;14;1;2;5;3;0;0;1;0;1;0;0;0;POINT (13.38575709 52.47996186)
3;2020;8;13;1;3;2;6;0;1;1;0;0;0;0;0;POINT (13.41248703 52.54097102)
1;2020;7;1;7;2;2;3;2;0;1;0;0;0;0;0;POINT (13.36551135 52.55792286)
2;2020;6;19;2;3;3;6;0;1;1;0;0;0;0;0;POINT (13.44548032 52.51673729)
7;2020;11;17;7;3;5;2;2;0;1;0;0;0;0;1;POINT (13.39111888 52.43192105)
9;2020;3;13;6;3;2;6;0;1;1;0;0;0;0;0;POINT (13.47699432 52.4871912)
3;2020;9;14;2;3;9;1;0;0;0;0;0;0;1;0;POINT (13.43591365 52.53497321)
6;2020;11;16;6;3;2;6;2;0;1;0;0;0;0;0;POINT (13.15328123 52.41891081)
2;2020;6;14;4;2;2;6;0;0;1;0;0;0;0;0;POINT (13.46523063 52.51459532)
10;2020;3;18;6;3;5;2;1;0;1;0;0;0;0;0;POINT (13.59864041 52.50487957)
7;2020;8;16;1;3;6;4;0;0;1;1;0;0;0;1;POINT (13.3718805 52.42383725)
3;2020;7;11;3;3;6;4;0;1;1;1;0;0;0;0;POINT (13.41246209 52.54280509)
2;2020;6;11;3;3;0;3;0;1;0;0;0;0;1;0;POINT (13.453777 52.5157305)
3;2020;6;12;3;3;2;6;0;0;1;0;0;0;0;0;POINT (13.41244273 52.54098136)
1;2020;3;14;5;3;3;6;0;0;1;0;1;0;0;0;POINT (13.42051756 52.52092005)
10;2020;11;10;1;3;2;6;0;0;1;0;0;0;0;0;POINT (13.5664504 52.50711497)
6;2020;9;13;7;3;9;1;0;0;0;0;1;0;0;0;POINT (13.24152427 52.43349913)
2;2020;7;8;5;3;5;3;0;1;1;0;0;0;0;0;POINT (13.42113451 52.52643525)
4;2020;3;17;5;3;3;6;0;0;1;0;1;0;0;0;POINT (13.28542034 52.49478127)
4;2020;10;20;3;3;2;6;2;0;1;0;0;0;1;1;POINT (13.28597574 52.49463311)
2;2020;8;13;2;3;5;2;0;1;1;0;0;0;0;1;POINT (13.45421857 52.51566153)
10;2020;7;13;1;3;2;6;0;0;1;0;0;0;0;0;POINT (13.60676547 52.50494965)
8;2020;6;18;3;3;2;6;0;0;1;0;0;0;0;0;POINT (13.45087264 52.46368332)
7;2020;11;14;1;3;5;7;0;0;1;0;0;0;1;0;POINT (13.37963345 52.43680239)
12;2020;3;15;5;3;5;3;0;0;1;0;1;0;0;0;POINT (13.31590119 52.61758479)
6;2020;9;12;3;3;3;6;0;0;1;0;1;0;0;0;POINT (13.24684513 52.43448331)
11;2020;11;0;6;3;2;6;2;1;0;0;0;0;0;0;POINT (13.48082454 52.51302999)
12;2020;6;14;5;3;6;4;0;1;0;1;0;0;0;0;POINT (13.34711218 52.57872925)
4;2020;3;15;4;3;5;3;0;0;1;0;0;0;0;0;POINT (13.30770479 52.51175505)
7;2020;9;7;2;2;5;3;0;0;1;0;0;0;0;0;POINT (13.3873192 52.4401743)
4;2020;7;12;4;3;6;4;0;1;0;1;0;0;0;0;POINT (13.30037347 52.51127627)
10;2020;3;19;4;2;5;2;2;0;1;0;0;0;0;0;POINT (13.56023093 52.56205777)
1;2020;10;16;3;3;2;6;0;0;1;0;0;0;0;1;POINT (13.36881741 52.54133532)
2;2020;12;21;3;3;9;1;2;0;1;0;0;0;0;1;POINT (13.38795725 52.49352747)
10;2020;8;11;4;2;0;1;0;0;1;0;1;0;0;0;POINT (13.54040974 52.50999284)
12;2020;7;14;1;3;5;2;0;1;1;0;0;0;0;0;POINT (13.36186495 52.56835001)
2;2020;5;12;5;3;4;7;0;1;0;1;0;0;0;0;POINT (13.44761714 52.50365694)
7;2020;10;15;1;2;2;6;1;0;1;0;0;1;0;0;POINT (13.4027851 52.41138385)
3;2020;3;19;3;3;5;2;2;1;1;0;0;0;0;0;POINT (13.4243583 52.5392618)
9;2020;9;13;5;3;5;3;0;1;0;0;0;1;0;0;POINT (13.49741312 52.4648363)
3;2020;11;21;3;3;6;4;2;0;0;1;1;0;0;0;POINT (13.43867223 52.54081357)
7;2020;5;12;6;3;1;5;0;0;1;0;0;0;1;0;POINT (13.37039367 52.42207116)
1;2020;8;8;3;3;2;6;0;0;1;0;0;0;0;0;POINT (13.37639671 52.51612752)
3;2020;6;8;5;3;5;3;0;1;1;0;0;0;0;0;POINT (13.42394736 52.52819924)
6;2020;3;12;3;3;5;2;0;0;1;0;0;0;0;0;POINT (13.21469592 52.4273187)
7;2020;10;14;4;3;2;6;0;0;1;0;0;0;0;0;POINT (13.38571071 52.4677748)
4;2020;12;14;2;3;2;6;0;0;1;0;0;0;0;0;POINT (13.29433116 52.49177571)
1;2020;8;20;6;3;5;3;0;1;1;0;0;0;0;0;POINT (13.41953595 52.52512499)
2;2020;6;11;1;3;5;2;0;1;1;0;0;0;0;0;POINT (13.45726373 52.51539783)
4;2020;3;18;2;2;0;1;1;1;0;0;0;0;0;0;POINT (13.29755086 52.51090034)
4;2020;10;19;2;3;2;6;2;0;1;0;0;0;0;0;POINT (13.28323511 52.52902909)
3;2020;3;16;2;3;2;6;0;0;1;0;0;1;0;0;POINT (13.43903873 52.54112544)
4;2020;9;18;7;3;2;6;0;0;1;0;0;0;0;0;POINT (13.29566343 52.54078397)
11;2020;11;8;5;3;5;2;0;1;0;0;0;1;0;0;POINT (13.48330367 52.58305147)
1;2020;9;9;4;3;2;6;0;0;1;0;1;0;0;0;POINT (13.36396069 52.50108293)
10;2020;3;7;2;3;2;6;0;0;1;0;0;0;0;0;POINT (13.56035141 52.56223359)
3;2020;5;10;6;3;6;4;0;0;1;1;0;0;0;0;POINT (13.4241286 52.52835386)
8;2020;8;18;4;3;3;6;0;0;1;0;0;1;0;0;POINT (13.44521034 52.46300692)
1;2020;7;7;7;2;9;1;0;0;0;0;1;0;0;0;POINT (13.4130195 52.51950391)
4;2020;6;18;7;2;5;3;0;0;0;0;1;0;1;0;POINT (13.33326368 52.5134335)
6;2020;3;15;1;2;2;6;0;0;1;0;0;0;0;0;POINT (13.27584562 52.43982033)
3;2020;9;8;5;3;1;5;0;1;1;0;0;0;0;1;POINT (13.43036109 52.53406344)
9;2020;12;14;7;3;2;6;0;0;1;0;0;0;0;0;POINT (13.46203958 52.49495413)
1;2020;6;12;3;3;0;6;0;0;0;0;1;0;1;0;POINT (13.36339675 52.50042907)
4;2020;3;13;1;3;0;2;0;1;1;0;0;0;0;0;POINT (13.29228367 52.51074969)
1;2020;9;13;6;3;5;2;0;1;1;0;0;0;0;0;POINT (13.41952034 52.52511044)
7;2020;7;11;3;3;2;6;0;0;1;0;0;0;1;0;POINT (13.38774267 52.43877174)
12;2020;3;17;7;3;5;3;0;0;1;0;0;0;0;0;POINT (13.34765149 52.57444267)
2;2020;10;20;6;3;5;3;2;1;1;0;0;0;0;0;POINT (13.43645054 52.51750213)
10;2020;8;8;1;3;5;7;0;0;1;0;0;0;0;0;POINT (13.61589822 52.50467921)
12;2020;7;14;5;2;5;2;0;1;1;0;0;0;0;1;POINT (13.36441129 52.56375409)
7;2020;6;10;2;3;5;2;0;1;0;0;0;0;1;0;POINT (13.38455036 52.45282802)
4;2020;10;19;5;3;6;2;2;0;1;1;0;0;0;1;POINT (13.28926869 52.51055994)
11;2020;3;17;6;2;2;6;0;0;1;0;0;0;0;0;POINT (13.5310679 52.51037197)
2;2020;9;16;2;3;2;6;0;0;1;0;0;0;0;0;POINT (13.46305105 52.51482014)
1;2020;11;9;4;3;5;2;0;1;1;0;0;0;0;1;POINT (13.36526112 52.55806697)
7;2020;6;7;3;2;5;2;0;0;1;0;0;0;1;0;POINT (13.38574131 52.46948207)
4;2020;8;11;1;3;3;6;0;0;1;0;0;1;0;0;POINT (13.32637274 52.47781998)
10;2020;6;17;2;3;0;2;0;1;1;0;0;0;0;0;POINT (13.59031509 52.50509317)
11;2020;3;10;5;3;2;6;0;0;1;0;0;0;0;0;POINT (13.47549959 52.51355233)
4;2020;10;18;1;2;2;6;1;0;1;0;0;0;0;1;POINT (13.23703511 52.46997025)
2;2020;12;17;6;3;5;3;2;1;1;0;0;0;0;1;POINT (13.38872068 52.49814432)
2;2020;8;0;2;3;5;3;2;0;0;0;1;0;1;0;POINT (13.45370218 52.51604772)
6;2020;7;15;5;3;2;7;0;1;1;0;0;0;0;0;POINT (13.20821048 52.42542167)
12;2020;5;13;2;2;5;2;0;0;1;0;0;0;0;0;POINT (13.35902459 52.57339236)
3;2020;10;19;7;3;2;6;2;0;1;0;0;0;0;0;POINT (13.44338312 52.53058132)
4;2020;3;16;3;3;2;6;0;0;1;0;0;0;0;0;POINT (13.28383365 52.50749802)
3;2020;9;13;4;3;6;4;0;1;0;1;0;0;0;0;POINT (13.41391449 52.54965382)
12;2020;11;7;2;3;2;6;2;0;1;0;0;0;0;1;POINT (13.30547706 52.57105991)
4;2020;5;16;6;3;2;6;0;0;1;0;0;0;0;0;POINT (13.28622084 52.5321713)
5;2020;8;17;2;3;2;6;0;0;1;0;1;0;0;0;POINT (13.20405014 52.51160461)
2;2020;6;8;3;3;0;1;0;1;0;0;0;0;0;0;POINT (13.38631579 52.4987351)
2;2020;5;9;4;3;0;2;0;0;1;0;1;0;0;0;POINT (13.45423195 52.51569265)
2;2020;3;20;3;3;3;6;2;1;0;0;0;0;0;0;POINT (13.44860225 52.50503317)
3;2020;9;6;3;3;5;2;1;1;1;0;0;0;0;0;POINT (13.42361461 52.52823567)
7;2020;12;18;5;3;2;5;2;0;1;0;0;0;1;0;POINT (13.36398254 52.41428555)
8;2020;8;15;3;3;2;6;0;0;0;0;0;0;1;0;POINT (13.45590363 52.46151077)
6;2020;6;18;6;3;1;1;0;1;1;0;0;0;0;0;POINT (13.29194208 52.44489924)
4;2020;3;16;3;3;2;6;0;0;1;0;0;0;0;0;POINT (13.28281975 52.52876983)
12;2020;10;13;2;3;2;6;0;0;1;0;0;0;0;0;POINT (13.36313579 52.56587328)
7;2020;12;12;2;3;5;3;0;1;1;0;0;0;0;1;POINT (13.35392001 52.47896967)
7;2020;8;16;3;3;5;3;0;1;1;0;0;0;0;0;POINT (13.38848701 52.43703019)
6;2020;7;19;7;3;8;1;0;1;0;0;0;0;0;1;POINT (13.16995493 52.42074393)
3;2020;5;5;4;3;5;2;1;1;1;0;0;0;0;0;POINT (13.42862391 52.53757035)
4;2020;10;8;1;3;2;6;0;0;1;0;0;0;1;1;POINT (13.32438201 52.51270061)
7;2020;3;8;3;3;6;2;0;0;1;1;0;0;0;0;POINT (13.40862271 52.38810627)
4;2020;9;13;4;3;3;6;0;1;0;0;0;0;0;0;POINT (13.30568644 52.51143408)
1;2020;11;17;2;3;2;2;2;0;1;0;0;0;0;1;POINT (13.37212095 52.50514988)
5;2020;5;16;6;3;0;7;0;1;0;0;0;0;0;0;POINT (13.20227083 52.51196733)
6;2020;8;14;2;3;5;3;0;1;1;0;0;0;0;0;POINT (13.30986088 52.45154332)
3;2020;6;18;4;3;5;5;0;0;1;0;1;0;0;1;POINT (13.39925726 52.57470493)
2;2020;5;18;4;3;0;3;0;1;0;0;0;0;1;0;POINT (13.46292259 52.49797527)
3;2020;3;15;2;3;5;2;0;0;1;0;0;0;1;0;POINT (13.42423797 52.5392885)
7;2020;10;5;4;2;5;2;2;0;1;0;1;0;0;0;POINT (13.38549821 52.46948764)
6;2020;12;5;6;3;3;6;2;0;1;0;0;0;0;0;POINT (13.20889791 52.44742478)
4;2020;8;17;4;3;2;6;0;0;1;0;0;0;0;0;POINT (13.28100774 52.5032012)
12;2020;6;13;7;3;0;1;0;0;0;0;1;0;0;1;POINT (13.34766345 52.57463222)
7;2020;3;18;2;2;5;7;1;0;1;0;1;0;0;0;POINT (13.40019349 52.41655655)
12;2020;10;16;1;3;0;3;0;0;1;0;1;0;0;0;POINT (13.36464196 52.56131535)
6;2020;3;16;2;2;0;1;0;1;0;0;0;0;0;0;POINT (13.21836888 52.42816997)
7;2020;11;14;4;3;6;4;0;1;0;1;0;0;0;0;POINT (13.34830826 52.48176423)
1;2020;9;10;3;3;3;6;0;1;1;0;0;0;0;0;POINT (13.4130938 52.51976316)
4;2020;3;9;2;3;5;3;0;0;1;0;0;1;0;0;POINT (13.28252441 52.49776059)
4;2020;10;16;6;3;2;6;0;0;1;0;0;0;0;0;POINT (13.25964016 52.5086019)
2;2020;8;14;4;3;2;6;0;0;1;0;0;0;0;0;POINT (13.446262 52.51651358)
6;2020;7;16;5;3;2;6;0;0;1;0;0;0;1;1;POINT (13.26965058 52.43773711)
7;2020;6;8;5;3;2;6;0;0;1;0;0;0;0;0;POINT (13.40060638 52.41524751)
4;2020;3;5;2;3;2;6;1;0;1;0;0;0;0;0;POINT (13.2865276 52.51435521)
7;2020;9;17;4;2;2;6;0;0;1;0;0;0;0;0;POINT (13.35936894 52.4892889)
7;2020;12;16;5;3;2;6;2;0;1;0;0;0;0;0;POINT (13.41437379 52.46081446)
1;2020;6;17;2;3;2;6;0;0;1;0;0;0;0;0;POINT (13.36851551 52.5411881)
4;2020;3;14;2;3;5;2;0;1;1;0;0;0;0;0;POINT (13.31494522 52.51222935)
4;2020;9;9;5;3;0;6;0;0;1;0;1;0;0;1;POINT (13.29542069 52.51094902)
3;2020;7;23;1;2;1;5;2;1;1;0;0;0;0;1;POINT (13.41238054 52.5418135)
2;2020;3;12;1;3;2;6;0;0;1;0;0;0;0;0;POINT (13.45191407 52.5160953)
2;2020;10;19;5;3;6;7;2;1;0;1;0;0;0;1;POINT (13.44865466 52.5051185)
3;2020;12;11;4;2;5;3;0;0;1;0;0;0;1;0;POINT (13.41243957 52.55935448)
1;2020;8;12;7;2;5;2;0;0;1;0;0;0;0;0;POINT (13.36837322 52.54112697)
12;2020;7;17;4;2;0;6;0;0;0;0;1;0;1;1;POINT (13.36423546 52.56350704)
7;2020;5;16;1;3;5;2;0;0;1;0;0;0;0;1;POINT (13.38519066 52.44922783)
7;2020;6;16;1;3;3;2;0;0;1;0;1;0;0;0;POINT (13.38551362 52.47003042)
9;2020;10;9;4;3;0;1;0;1;1;0;0;0;0;1;POINT (13.49333097 52.46787643)
7;2020;3;11;1;2;2;6;0;0;1;0;1;0;0;0;POINT (13.39493575 52.42583719)
4;2020;9;9;1;3;2;6;0;0;1;0;0;0;0;0;POINT (13.321206 52.47788156)
1;2020;11;19;3;3;2;6;2;0;1;0;0;0;0;0;POINT (13.36863738 52.53891395)
7;2020;6;12;3;3;0;2;0;1;1;0;0;0;0;0;POINT (13.39065551 52.43274967)
9;2020;8;15;6;3;1;5;0;1;0;0;0;0;1;0;POINT (13.50957018 52.45654901)
12;2020;6;7;2;3;5;2;0;0;1;0;1;0;0;0;POINT (13.31191984 52.62564536)
1;2020;3;18;1;3;2;6;2;0;1;0;0;0;0;0;POINT (13.34515195 52.51409843)
12;2020;10;18;1;2;0;1;2;0;0;0;1;0;0;1;POINT (13.364376 52.56388136)
7;2020;12;7;5;3;1;5;1;0;1;0;0;0;0;1;POINT (13.38835267 52.43688367)
6;2020;8;8;2;3;5;3;0;0;1;0;0;0;0;0;POINT (13.2097718 52.42629515)
12;2020;7;17;4;3;5;2;0;1;1;0;0;0;0;0;POINT (13.31891138 52.61079885)
3;2020;10;19;5;3;5;2;2;1;1;0;0;0;0;1;POINT (13.41406105 52.55051848)
6;2020;3;13;1;3;3;6;0;1;0;0;0;0;0;0;POINT (13.30829885 52.45096513)
5;2020;9;9;3;3;2;6;0;0;1;0;0;0;0;0;POINT (13.19082659 52.51428068)
4;2020;11;6;1;2;6;4;1;0;1;1;0;0;0;1;POINT (13.28416454 52.51007884)
2;2020;5;14;6;3;6;7;0;1;0;1;0;0;0;0;POINT (13.4478895 52.50399845)
2;2020;8;8;1;2;6;7;0;1;0;1;0;0;0;0;POINT (13.47288437 52.51382573)
6;2020;6;18;3;3;5;2;0;1;1;0;0;0;0;0;POINT (13.15812455 52.41944179)
2;2020;5;23;3;3;5;2;2;1;1;0;0;0;0;0;POINT (13.45420561 52.51563137)
3;2020;3;17;7;3;0;4;1;0;0;1;0;0;1;0;POINT (13.41900477 52.54010424)
12;2020;9;5;2;3;2;6;2;0;1;0;0;0;0;0;POINT (13.30086912 52.54823253)
9;2020;12;20;4;3;2;6;2;0;1;0;1;0;0;1;POINT (13.4593641 52.49308246)
3;2020;8;18;2;3;5;2;0;1;1;0;0;0;0;0;POINT (13.42403598 52.52827483)
7;2020;6;12;5;3;2;6;0;0;1;0;0;0;0;0;POINT (13.3666206 52.47227189)
4;2020;10;13;6;3;2;6;0;0;1;0;0;0;0;0;POINT (13.28344279 52.49693389)
9;2020;3;16;7;3;2;6;0;0;1;0;1;0;0;0;POINT (13.51193956 52.42848038)
9;2020;11;5;3;2;0;6;2;0;1;0;1;0;0;0;POINT (13.4584939 52.45809494)
3;2020;9;15;1;3;3;6;0;1;1;0;0;0;0;0;POINT (13.4128229 52.54487716)
12;2020;8;12;7;3;5;2;0;0;1;0;1;0;0;1;POINT (13.35902459 52.57339236)
9;2020;3;15;7;3;3;6;0;0;1;0;0;0;0;0;POINT (13.4576975 52.491693)
4;2020;10;19;4;3;2;6;2;0;1;0;0;0;0;1;POINT (13.28141301 52.50990095)
7;2020;8;11;3;3;1;5;0;1;1;0;0;0;0;0;POINT (13.38403025 52.4578098)
3;2020;7;15;2;3;5;2;0;1;1;0;0;0;0;0;POINT (13.44795459 52.54687403)
12;2020;5;15;1;3;2;6;0;0;1;0;1;0;0;1;POINT (13.32453008 52.60715063)
3;2020;6;14;4;3;2;6;0;1;1;0;0;0;0;0;POINT (13.4270092 52.53081155)
9;2020;11;12;3;3;3;6;0;1;0;0;0;0;0;0;POINT (13.46247268 52.48842705)
12;2020;3;18;7;3;5;2;2;0;1;0;0;0;0;0;POINT (13.34765371 52.5744778)
10;2020;9;6;4;2;2;6;2;0;1;0;0;0;1;0;POINT (13.54056759 52.54154216)
2;2020;11;9;1;3;6;4;0;1;1;1;0;0;0;0;POINT (13.43456661 52.51784979)
1;2020;6;12;7;3;5;3;0;0;1;0;0;0;0;0;POINT (13.36861191 52.50623611)
7;2020;3;16;6;3;2;6;0;0;1;0;0;0;0;0;POINT (13.38603976 52.48214601)
7;2020;9;21;3;3;6;2;2;0;1;1;0;0;0;0;POINT (13.38551428 52.47008303)
4;2020;7;7;5;3;3;6;0;1;0;0;0;0;1;0;POINT (13.26163233 52.50870918)
2;2020;3;17;5;3;2;6;0;0;1;0;0;0;0;0;POINT (13.38914633 52.49500143)
8;2020;10;17;4;3;2;6;1;0;1;0;0;0;0;1;POINT (13.43162024 52.46186067)
7;2020;12;20;1;3;9;1;2;0;1;0;0;0;0;2;POINT (13.4162237 52.46060315)
4;2020;10;14;7;3;3;6;0;0;1;0;0;0;0;1;POINT (13.29370011 52.51066238)
7;2020;3;13;5;3;2;6;0;0;1;0;1;0;0;0;POINT (13.40023227 52.41589989)
3;2020;11;17;3;3;3;6;2;0;1;0;1;0;0;0;POINT (13.42463182 52.53966118)
1;2020;9;18;2;3;5;2;0;0;1;0;0;0;0;0;POINT (13.36834654 52.50579778)
1;2020;8;8;1;3;1;5;0;1;1;0;0;0;0;0;POINT (13.36981647 52.5432162)
10;2020;3;14;5;3;6;4;0;0;1;1;0;0;0;1;POINT (13.55649365 52.56041847)
6;2020;10;13;5;3;2;2;0;0;1;1;0;0;0;0;POINT (13.28296171 52.44184014)
4;2020;8;17;3;3;2;6;0;0;1;0;0;0;1;0;POINT (13.2837274 52.49658367)
1;2020;7;18;3;3;0;1;0;0;0;0;1;0;0;1;POINT (13.37850345 52.50963683)
4;2020;5;14;1;2;0;7;0;1;0;0;0;0;0;1;POINT (13.32054333 52.5126512)
6;2020;6;14;5;3;5;3;0;0;1;0;0;0;0;0;POINT (13.15461255 52.41905667)
4;2020;3;12;4;3;2;6;0;0;1;0;0;0;0;0;POINT (13.25896787 52.50856521)
12;2020;9;15;4;3;2;6;0;0;1;0;0;0;0;0;POINT (13.30580316 52.63755653)
4;2020;12;18;2;2;5;2;2;0;1;0;0;0;0;0;POINT (13.28919935 52.51038935)
10;2020;6;14;1;3;2;6;0;0;1;0;1;0;0;0;POINT (13.54479948 52.51473705)
7;2020;3;12;4;3;0;6;0;0;1;0;1;0;0;1;POINT (13.38397294 52.45495828)
7;2020;9;21;4;3;1;5;1;1;1;0;0;0;0;0;POINT (13.35746564 52.48747654)
4;2020;7;12;6;3;2;6;0;0;1;0;0;0;1;0;POINT (13.24010726 52.4720964)
1;2020;3;10;4;3;5;3;0;0;1;0;0;0;0;1;POINT (13.36549947 52.55798118)
7;2020;10;16;4;3;1;7;0;0;1;0;0;0;0;1;POINT (13.40690173 52.39265849)
9;2020;12;13;3;3;5;3;0;0;1;0;0;0;1;0;POINT (13.47942022 52.48456024)
2;2020;5;19;6;3;0;1;0;1;0;0;0;0;0;0;POINT (13.4541926 52.51592325)
7;2020;8;21;6;3;2;6;2;0;1;0;0;0;0;0;POINT (13.38421683 52.45475049)
7;2020;7;9;4;3;5;3;0;0;1;0;0;0;0;0;POINT (13.35401191 52.47890319)
4;2020;6;17;1;3;2;6;0;0;1;0;0;0;0;0;POINT (13.23330688 52.50697479)
4;2020;10;8;3;3;2;6;0;0;1;0;0;0;1;0;POINT (13.29922407 52.51100911)
7;2020;3;10;4;3;2;6;0;0;1;0;0;0;1;1;POINT (13.38570515 52.47792959)
10;2020;9;16;1;3;5;2;0;1;1;0;0;0;0;0;POINT (13.561658 52.50869134)
7;2020;11;9;2;3;2;6;0;0;1;0;0;0;0;0;POINT (13.36096302 52.49318334)
3;2020;5;19;5;3;2;6;0;0;1;0;0;0;0;0;POINT (13.39827342 52.57699524)
3;2020;8;18;6;3;1;5;0;1;1;0;0;0;0;0;POINT (13.44369143 52.52989035)
3;2020;6;9;7;3;2;6;0;0;1;0;0;0;0;0;POINT (13.41662561 52.54047181)
3;2020;3;15;3;3;2;6;0;1;1;0;0;0;0;0;POINT (13.42442653 52.53924598)
4;2020;10;16;6;3;3;6;0;0;1;0;0;1;0;0;POINT (13.28279953 52.50513887)
6;2020;12;16;4;3;5;2;2;0;1;0;0;0;1;0;POINT (13.27140153 52.43824616)
10;2020;8;14;2;3;2;6;0;0;1;0;0;0;0;0;POINT (13.54869634 52.55138746)
10;2020;7;13;4;3;2;6;0;0;1;0;0;0;1;0;POINT (13.58881308 52.50499179)
3;2020;3;18;2;3;5;3;2;1;1;0;0;0;0;1;POINT (13.40215455 52.5865428)
4;2020;10;18;5;3;2;6;1;0;1;0;0;0;0;1;POINT (13.28125788 52.49908624)
10;2020;3;17;2;3;5;2;1;0;1;0;0;0;0;1;POINT (13.62069124 52.50419773)
7;2020;9;17;3;3;2;6;0;0;1;0;1;0;0;0;POINT (13.38604034 52.48219094)
5;2020;11;8;1;3;5;2;0;1;1;0;0;0;0;1;POINT (13.17898003 52.51657651)
4;2020;9;12;6;3;2;6;0;0;1;0;0;0;0;0;POINT (13.29085616 52.49370539)
7;2020;5;12;5;3;2;6;0;0;1;0;0;0;0;0;POINT (13.38552761 52.47072465)
2;2020;8;16;7;3;3;5;0;1;0;0;0;0;1;0;POINT (13.44736719 52.52689499)
7;2020;6;20;2;3;0;6;1;0;0;0;0;0;1;0;POINT (13.35950628 52.48944001)
3;2020;3;16;2;2;6;4;0;0;1;1;0;0;0;1;POINT (13.44533926 52.54594536)
7;2020;9;0;1;3;3;6;2;0;1;0;0;0;0;0;POINT (13.40677061 52.39496915)
4;2020;12;15;3;3;3;6;0;0;1;0;0;0;0;1;POINT (13.32091135 52.51286111)
6;2020;8;9;2;3;5;2;0;0;1;0;0;0;0;0;POINT (13.27140762 52.43824816)
12;2020;6;11;4;3;5;3;0;0;1;0;0;0;0;0;POINT (13.32493163 52.60666133)
3;2020;3;16;2;3;5;3;0;1;1;0;0;0;0;1;POINT (13.41794439 52.54006842)
4;2020;11;8;1;3;3;6;0;1;0;0;0;0;0;0;POINT (13.2966543 52.51102923)
1;2020;9;12;1;3;5;2;0;1;1;0;0;0;0;0;POINT (13.36834502 52.50630542)
7;2020;8;12;6;3;0;6;0;0;1;0;1;0;0;0;POINT (13.38415321 52.45512674)
4;2020;3;16;2;2;6;4;0;0;0;1;1;0;0;1;POINT (13.25847321 52.50853395)
3;2020;10;16;3;3;3;6;0;1;1;0;0;0;0;1;POINT (13.39845245 52.57186536)
7;2020;8;10;2;3;2;6;0;0;1;0;0;0;0;0;POINT (13.4177712 52.37639752)
9;2020;7;13;1;3;5;3;0;1;1;0;0;0;0;0;POINT (13.49312729 52.46780092)
5;2020;5;14;1;3;5;2;0;1;1;0;0;0;0;0;POINT (13.17909154 52.51664897)
1;2020;6;18;4;3;5;2;0;1;1;0;0;0;0;1;POINT (13.36892736 52.50741598)
3;2020;11;14;2;3;1;5;0;1;0;0;0;0;1;0;POINT (13.43018999 52.53391715)
7;2020;3;13;2;3;2;6;0;0;1;0;0;0;1;1;POINT (13.38570945 52.46764916)
9;2020;9;16;3;3;0;6;0;0;1;0;0;0;1;0;POINT (13.46369185 52.48760942)
7;2020;11;17;1;3;1;5;2;1;1;0;0;0;0;0;POINT (13.3537236 52.48499376)
4;2020;6;10;6;3;1;5;0;0;1;0;0;0;0;0;POINT (13.30092297 52.51131239)
2;2020;3;12;2;3;0;6;0;0;1;0;1;0;0;1;POINT (13.45227316 52.51590636)
1;2020;9;9;3;3;5;2;0;1;1;0;0;0;0;0;POINT (13.37015847 52.53997736)
1;2020;7;16;4;3;0;2;0;0;1;0;1;0;0;0;POINT (13.36526822 52.55803017)
10;2020;3;12;2;3;2;6;0;0;1;0;0;0;0;1;POINT (13.54226552 52.54380786)
1;2020;10;8;3;3;5;2;0;1;1;0;0;0;0;0;POINT (13.37575743 52.50934504)
12;2020;12;13;4;3;0;2;0;0;1;0;1;0;0;1;POINT (13.34764132 52.57434782)
10;2020;8;16;4;2;5;3;0;1;1;0;0;0;0;0;POINT (13.58139002 52.50508572)
6;2020;7;20;1;2;6;2;0;1;0;1;0;0;0;1;POINT (13.26070158 52.43495566)
7;2020;5;16;5;3;2;2;0;0;1;0;1;0;0;0;POINT (13.37716843 52.43246196)
1;2020;10;8;2;3;3;6;0;1;1;0;1;0;0;0;POINT (13.42001929 52.52107415)
4;2020;3;16;1;2;3;6;0;0;1;0;1;0;0;0;POINT (13.28446512 52.50977825)
7;2020;9;17;6;3;2;6;0;0;1;0;0;0;0;0;POINT (13.38558364 52.47282444)
3;2020;11;11;5;3;5;3;0;1;1;0;0;0;0;0;POINT (13.42842094 52.53790583)
9;2020;5;13;4;2;3;6;0;0;0;0;1;0;1;0;POINT (13.51522125 52.45272378)
7;2020;8;14;4;3;5;3;0;0;1;0;1;0;0;0;POINT (13.3777061 52.43359407)
3;2020;6;13;5;3;2;6;0;0;0;0;0;1;0;0;POINT (13.4449342 52.54575938)
3;2020;3;16;1;3;5;3;0;1;1;0;0;0;0;1;POINT (13.42882188 52.57271981)
2;2020;10;12;5;3;5;2;0;1;1;0;0;0;0;0;POINT (13.45358111 52.51841818)