bez;ujahr;umonat;ustunde;uwochentag;ukategorie;uart;utyp1;ulichtverh;istrad;istpkw;istfuss;istkrad;istgkfz;istsonstige;ustrzustand;geometry
7;2020;12;15;2;3;2;6;1;0;1;0;0;0;0;0;POINT (13.33979554 52.47857024)
7;2020;8;17;7;3;2;6;0;0;1;0;0;0;0;0;POINT (13.36245003 52.49881203)
7;2020;6;23;1;2;9;1;2;0;1;0;0;0;0;0;POINT (13.34488369 52.47803952)
7;2020;3;10;1;3;5;2;0;1;0;0;0;0;1;1;POINT (13.34856278 52.48186198)
9;2020;10;10;3;3;2;6;0;0;1;0;0;0;1;1;POINT (13.46008705 52.4936225)
1;2020;3;7;1;3;6;4;0;0;0;1;0;0;1;1;POINT (13.36790852 52.50556396)
1;2020;9;13;1;3;5;3;0;1;1;0;0;0;0;0;POINT (13.36525699 52.55808839)
2;2020;11;12;5;3;5;2;0;1;0;0;0;0;1;0;POINT (13.45377342 52.51571404)
1;2020;9;10;5;3;2;6;0;1;0;0;0;0;1;0;POINT (13.38151246 52.51667678)
1;2020;8;18;5;3;3;6;0;1;0;0;0;0;1;0;POINT (13.3641656 52.51546252)
1;2020;7;22;2;3;2;3;2;0;1;0;0;0;0;1;POINT (13.36782799 52.55059625)
2;2020;5;17;6;3;2;6;0;0;1;0;0;0;0;0;POINT (13.42752983 52.51868123)
9;2020;10;7;2;3;2;6;0;0;1;0;0;0;1;0;POINT (13.46199299 52.4532383)
4;2020;3;3;7;2;0;1;2;0;0;0;1;0;0;1;POINT (13.27057805 52.50925588)
4;2020;9;15;7;3;2;6;0;0;1;0;0;0;0;0;POINT (13.29832207 52.48931665)
3;2020;11;10;1;3;5;2;0;1;1;0;0;0;0;0;POINT (13.40171523 52.5900468)
3;2020;5;18;4;3;5;2;0;1;1;0;0;0;0;0;POINT (13.42405178 52.53909367)
7;2020;8;18;4;3;5;3;0;0;1;0;1;0;0;0;POINT (13.38651813 52.44216143)
2;2020;6;12;6;3;3;1;0;0;1;0;1;0;0;0;POINT (13.47412428 52.51383538)
1;2020;3;14;6;3;3;2;0;0;1;0;0;0;1;0;POINT (13.42013356 52.5251161)
4;2020;10;19;5;3;2;6;2;0;1;0;0;0;0;0;POINT (13.28266542 52.52813775)
4;2020;12;11;4;3;2;6;0;0;1;0;0;0;0;0;POINT (13.28678244 52.51352331)
3;2020;8;9;1;2;5;2;0;1;1;0;0;0;0;0;POINT (13.41479391 52.55502908)
3;2020;7;0;3;1;9;1;2;0;0;0;1;0;0;0;POINT (13.42455101 52.5389469)
3;2020;3;1;6;3;2;2;2;1;1;0;0;0;0;1;POINT (13.4282835 52.53189865)
4;2020;10;16;4;3;2;6;0;0;1;0;0;0;0;0;POINT (13.28183625 52.49811615)
12;2020;3;18;5;3;2;6;2;0;1;0;0;0;0;1;POINT (13.32601167 52.60531379)
10;2020;9;15;2;3;2;6;0;0;1;0;1;0;0;0;POINT (13.62434645 52.50376978)
12;2020;11;14;7;3;2;7;0;0;1;0;0;0;1;0;POINT (13.31236673 52.62413672)
1;2020;9;17;5;3;2;6;0;0;1;0;1;0;0;0;POINT (13.36934266 52.54711138)
1;2020;5;18;4;3;2;6;0;0;1;0;1;0;0;0;POINT (13.4195481 52.52513631)
1;2020;8;11;6;3;0;2;0;0;1;0;1;0;0;1;POINT (13.36489757 52.50216603)
4;2020;7;18;2;3;6;7;0;0;0;1;0;0;1;0;POINT (13.2821458 52.50994901)
4;2020;6;10;2;3;3;6;0;0;1;0;0;1;0;0;POINT (13.26273335 52.4909833)
9;2020;3;17;5;3;5;3;1;1;1;0;0;0;0;1;POINT (13.49919336 52.46376508)
4;2020;9;21;6;3;9;1;2;0;1;0;0;0;0;1;POINT (13.29016234 52.49403908)
4;2020;12;8;1;3;0;6;0;0;1;0;0;0;0;0;POINT (13.23895074 52.47117684)
2;2020;6;8;3;2;6;4;0;1;0;1;0;0;0;0;POINT (13.44865276 52.50511541)
6;2020;3;15;5;3;8;1;0;1;1;0;0;0;0;1;POINT (13.27123669 52.43838173)
9;2020;11;8;1;3;5;3;0;1;0;0;0;1;0;0;POINT (13.47944869 52.48450403)
1;2020;9;23;6;2;0;1;2;0;0;0;0;0;1;0;POINT (13.35741351 52.51492379)
6;2020;7;17;5;2;0;1;0;1;0;0;0;0;0;0;POINT (13.19167144 52.41972523)
4;2020;3;15;5;3;2;6;0;0;1;0;0;0;0;1;POINT (13.284061 52.49614273)
7;2020;10;7;3;3;0;2;1;0;0;0;0;1;1;1;POINT (13.38574131 52.46948207)
5;2020;8;16;2;3;5;3;0;0;1;0;0;0;0;0;POINT (13.12616314 52.47854039)
3;2020;7;2;7;3;0;1;2;0;0;0;0;0;1;0;POINT (13.44526919 52.54565376)
2;2020;5;12;1;3;0;6;0;0;1;0;1;0;0;1;POINT (13.45682183 52.51560059)
11;2020;6;16;3;2;3;6;0;0;1;0;1;0;0;0;POINT (13.51459095 52.50992382)
2;2020;11;10;1;3;0;1;0;1;0;0;0;0;0;0;POINT (13.44848499 52.50484708)
3;2020;3;8;5;3;5;2;0;1;1;0;0;0;0;1;POINT (13.41412184 52.55773042)
12;2020;9;19;3;2;2;6;1;0;0;0;1;0;1;0;POINT (13.30858562 52.56576462)
2;2020;11;14;6;3;3;6;0;1;1;0;0;0;0;0;POINT (13.44762019 52.52614039)
4;2020;6;12;5;3;2;6;0;0;1;0;0;0;0;0;POINT (13.29123451 52.53394245)
2;2020;3;14;5;3;5;2;0;1;0;0;0;0;1;1;POINT (13.45372747 52.51597529)
9;2020;9;7;2;3;2;6;0;0;1;0;0;0;1;0;POINT (13.50892394 52.45720816)
4;2020;7;18;3;3;4;6;0;1;0;0;0;0;0;0;POINT (13.32147797 52.51203865)
2;2020;3;18;4;3;3;6;2;1;0;0;0;0;0;0;POINT (13.38906258 52.4972165)
4;2020;10;15;3;3;2;6;0;0;1;0;0;0;0;1;POINT (13.2860201 52.51095402)
1;2020;12;10;3;3;3;6;0;1;1;0;0;0;0;1;POINT (13.41232206 52.5194115)
1;2020;8;18;3;3;3;6;0;0;1;0;1;0;0;0;POINT (13.36395372 52.53488836)
6;2020;7;11;1;2;6;4;0;1;0;1;0;0;0;0;POINT (13.26019928 52.43505047)
12;2020;5;16;4;3;2;6;0;0;1;0;0;0;0;0;POINT (13.30890738 52.5572314)
2;2020;10;0;1;3;0;6;2;0;1;0;0;0;0;0;POINT (13.45198817 52.51608799)
3;2020;3;15;4;3;5;3;0;1;0;0;0;0;1;0;POINT (13.42366726 52.52798447)
3;2020;9;16;5;3;2;6;0;0;1;0;0;1;0;0;POINT (13.44495538 52.54576911)
7;2020;11;18;3;3;5;2;2;1;1;0;0;0;0;0;POINT (13.38605362 52.48320582)
4;2020;5;8;4;3;2;6;0;0;1;0;0;0;0;0;POINT (13.21636639 52.50912134)
12;2020;8;6;3;3;5;2;0;1;1;0;0;0;0;1;POINT (13.35907162 52.57338003)
3;2020;6;10;4;3;0;7;0;0;1;0;1;0;0;1;POINT (13.45383608 52.54900534)
9;2020;5;14;2;2;5;2;0;1;0;0;0;0;1;0;POINT (13.45906227 52.49285934)
2;2020;3;12;4;3;2;6;0;0;1;0;0;0;0;0;POINT (13.38904608 52.49488726)
3;2020;10;8;4;3;5;3;0;1;1;0;0;0;0;0;POINT (13.39874379 52.57559747)
3;2020;12;13;1;3;3;6;0;1;0;0;0;1;0;1;POINT (13.44814382 52.54695947)
6;2020;8;17;5;3;2;6;0;0;1;0;0;0;0;0;POINT (13.19725083 52.43820241)
12;2020;6;14;1;3;6;4;0;1;0;1;0;0;0;0;POINT (13.36414131 52.56397561)
1;2020;3;11;4;2;5;3;0;0;1;0;1;0;0;0;POINT (13.36526058 52.55806978)
4;2020;10;15;1;3;0;7;0;1;1;0;0;0;0;0;POINT (13.28667329 52.51023167)
3;2020;3;9;4;3;5;3;0;1;1;0;0;0;0;0;POINT (13.42923416 52.57338366)
2;2020;11;18;5;3;5;3;2;1;1;0;0;0;0;0;POINT (13.45360497 52.51845136)
12;2020;9;20;4;3;3;6;1;0;1;0;0;1;0;0;POINT (13.30266588 52.5752109)
3;2020;3;9;4;3;5;3;0;1;0;0;0;0;0;0;POINT (13.41372528 52.55057197)
3;2020;5;0;4;3;5;2;2;1;1;0;0;0;0;0;POINT (13.44463578 52.54562236)
1;2020;8;18;4;3;5;2;0;1;1;0;0;0;0;0;POINT (13.41994064 52.52495144)
5;2020;7;21;6;3;0;1;2;1;0;0;0;0;0;0;POINT (13.2145277 52.50949535)
4;2020;6;21;6;3;3;6;1;0;1;0;0;0;0;0;POINT (13.29936002 52.48855942)
7;2020;3;8;4;3;3;6;0;1;1;0;0;0;0;0;POINT (13.36226393 52.49836034)
12;2020;9;5;4;2;5;3;2;0;1;0;1;0;0;0;POINT (13.34369441 52.58315704)
10;2020;12;12;6;3;5;7;0;0;1;0;0;0;0;0;POINT (13.53690312 52.53013776)
4;2020;6;10;2;3;3;6;0;0;1;0;0;0;0;0;POINT (13.28476096 52.49550036)
4;2020;3;12;3;3;2;6;0;0;0;0;0;1;1;1;POINT (13.28028235 52.50002355)
1;2020;9;15;5;3;1;7;0;0;1;0;0;0;1;0;POINT (13.34057156 52.51378283)
9;2020;7;13;2;3;5;3;0;1;1;0;0;0;0;0;POINT (13.47946399 52.48451132)
3;2020;3;9;3;3;5;2;0;0;1;0;0;0;1;0;POINT (13.44496926 52.54551746)
7;2020;10;17;5;3;2;6;0;0;1;0;0;0;0;0;POINT (13.36553616 52.47276982)
7;2020;8;18;7;3;5;7;0;0;1;0;0;0;0;0;POINT (13.39975524 52.41732974)
9;2020;7;14;5;3;2;6;0;0;1;0;0;1;0;1;POINT (13.45882761 52.490942)
10;2020;6;3;2;2;1;5;2;0;1;0;0;0;1;0;POINT (13.54021453 52.50989523)
7;2020;3;9;3;3;2;6;0;0;1;0;0;1;0;0;POINT (13.35883637 52.4887033)
1;2020;5;15;3;3;5;2;0;1;1;0;0;0;0;0;POINT (13.36855242 52.54120609)
7;2020;8;14;5;2;5;3;0;1;0;0;0;0;1;0;POINT (13.36087901 52.49218297)
1;2020;7;12;2;3;0;1;0;0;0;0;1;0;0;0;POINT (13.37093315 52.50893118)
2;2020;6;13;7;3;5;3;0;0;1;0;0;0;0;0;POINT (13.38868987 52.49815189)
12;2020;3;9;3;3;5;3;0;0;1;0;0;0;0;0;POINT (13.31641112 52.61403178)
7;2020;9;15;5;3;2;6;0;0;1;0;0;0;0;0;POINT (13.36237055 52.47396342)
7;2020;12;14;1;3;1;5;0;1;1;0;0;0;0;1;POINT (13.38666043 52.44176064)
7;2020;6;15;3;3;6;4;0;0;1;1;0;0;0;0;POINT (13.34830826 52.48176423)
11;2020;3;8;3;2;1;7;0;1;0;0;1;0;0;0;POINT (13.49341751 52.51189322)
3;2020;11;13;4;2;6;4;0;0;1;1;0;0;0;0;POINT (13.44527566 52.54591616)
4;2020;9;16;6;2;2;6;0;0;1;0;0;0;0;0;POINT (13.28625408 52.53219715)
2;2020;7;15;4;3;5;2;0;1;1;0;0;0;0;0;POINT (13.38925281 52.49753481)
4;2020;3;7;3;3;2;6;0;0;1;0;1;0;0;0;POINT (13.28140857 52.50990066)
10;2020;10;20;7;3;5;2;2;0;1;0;0;0;0;0;POINT (13.56149271 52.50858338)
3;2020;8;10;1;2;3;6;0;0;0;0;1;1;0;0;POINT (13.42962614 52.55504787)
7;2020;7;14;6;3;5;7;0;1;1;0;0;0;0;0;POINT (13.40826629 52.38840667)
2;2020;6;17;2;3;0;7;0;1;0;0;0;0;0;0;POINT (13.45983579 52.5152859)
10;2020;10;18;6;3;0;1;2;1;0;0;0;0;0;1;POINT (13.55076535 52.55348101)
12;2020;3;17;2;2;5;2;1;1;0;0;0;0;1;0;POINT (13.36418913 52.5637376)
7;2020;9;14;2;3;2;6;0;0;1;0;1;0;0;0;POINT (13.35773261 52.48777763)
4;2020;11;17;5;3;2;6;2;0;1;0;0;0;0;1;POINT (13.28310931 52.51890753)
11;2020;6;13;4;3;5;2;0;1;1;0;0;0;0;0;POINT (13.48303578 52.57465789)
9;2020;3;15;2;2;0;2;0;0;1;0;0;0;1;1;POINT (13.46500113 52.48673762)
7;2020;8;14;1;3;2;6;0;0;1;0;0;0;1;0;POINT (13.38605581 52.48344017)
2;2020;7;9;3;3;6;7;0;1;0;1;0;0;0;0;POINT (13.45009468 52.5231789)
7;2020;6;19;2;3;1;5;0;1;1;0;0;0;0;0;POINT (13.35378484 52.48502186)
7;2020;3;5;1;3;6;2;2;0;1;1;0;0;0;1;POINT (13.38712811 52.44014144)
5;2020;10;14;2;3;5;2;0;1;1;0;0;0;0;0;POINT (13.126128 52.4785331)
4;2020;12;15;2;3;2;6;0;0;1;0;0;1;0;1;POINT (13.28861501 52.49407901)
9;2020;8;18;3;3;2;6;0;1;0;0;0;0;0;0;POINT (13.51061525 52.45601892)
10;2020;7;8;7;3;5;3;0;1;0;0;0;0;1;0;POINT (13.54802349 52.55059592)
2;2020;5;9;3;3;5;2;0;1;1;0;0;0;0;0;POINT (13.38056502 52.49924435)
7;2020;10;7;1;3;2;6;0;0;1;0;0;1;0;1;POINT (13.38065599 52.438125)
11;2020;3;7;1;2;8;1;0;0;0;0;1;0;0;0;POINT (13.4774516 52.51351287)
4;2020;9;17;4;3;2;6;0;0;1;0;0;0;0;0;POINT (13.32292579 52.51243441)
12;2020;11;14;2;2;6;7;0;0;1;1;0;0;0;1;POINT (13.36500662 52.56056534)
6;2020;5;11;3;3;2;6;0;0;1;0;0;0;0;0;POINT (13.1969231 52.41677333)
6;2020;8;13;2;3;0;1;0;0;0;0;1;0;0;0;POINT (13.152137 52.41879643)
3;2020;6;17;4;3;1;1;0;1;0;0;1;0;0;1;POINT (13.41387221 52.55135896)
11;2020;5;12;2;3;3;6;0;0;1;0;1;0;0;0;POINT (13.48010834 52.51323956)
3;2020;3;7;1;2;2;6;0;0;1;0;0;1;1;1;POINT (13.48708686 52.6245574)
3;2020;9;16;3;3;5;2;0;1;0;0;1;0;0;0;POINT (13.42859505 52.53758003)
1;2020;12;1;6;2;0;1;2;1;0;0;0;0;0;0;POINT (13.35930584 52.51504303)
5;2020;8;15;4;3;5;3;0;1;1;0;0;0;0;0;POINT (13.12629243 52.47857479)
1;2020;6;2;7;3;0;1;2;0;0;0;0;0;1;0;POINT (13.4084332 52.52196054)
4;2020;10;17;1;3;5;3;1;0;1;0;0;1;0;0;POINT (13.28114331 52.50263462)
1;2020;3;13;1;3;2;6;0;0;1;0;0;0;0;0;POINT (13.42028521 52.52524472)
12;2020;11;8;4;3;5;2;0;0;1;0;0;0;1;0;POINT (13.34764848 52.57440967)
2;2020;9;15;2;3;0;7;0;1;0;0;0;0;0;0;POINT (13.43103829 52.51807383)
11;2020;3;0;7;2;1;6;2;0;1;0;0;1;0;1;POINT (13.52523459 52.50989437)
11;2020;10;11;6;3;4;6;0;1;0;0;0;0;0;0;POINT (13.48827115 52.51241312)
12;2020;8;13;4;3;5;3;0;1;1;0;0;0;0;0;POINT (13.34056736 52.58722942)
1;2020;7;13;4;3;5;5;0;1;1;0;0;0;0;1;POINT (13.36333875 52.50036165)
2;2020;5;11;7;3;5;3;0;1;1;0;0;0;0;0;POINT (13.45376553 52.5158357)
7;2020;6;18;5;3;2;6;0;0;1;0;0;0;0;0;POINT (13.37411511 52.47057532)
2;2020;2;5;6;3;5;3;2;0;1;0;0;0;0;1;POINT (13.38055494 52.49924565)
3;2020;9;16;4;3;2;6;0;0;1;0;1;0;0;0;POINT (13.44491772 52.54575182)
3;2020;12;5;3;3;0;1;2;1;0;0;0;0;0;1;POINT (13.43864069 52.54119544)
3;2020;6;15;2;3;5;2;0;1;1;0;0;0;0;0;POINT (13.42403075 52.53909728)
1;2020;2;19;6;2;3;6;2;1;1;0;0;0;0;1;POINT (13.41069229 52.52319738)
3;2020;9;7;5;3;5;2;0;1;1;0;0;0;0;0;POINT (13.43918035 52.54124168)
7;2020;7;0;7;3;0;1;2;1;0;0;0;0;0;0;POINT (13.41099632 52.38601036)
1;2020;2;16;6;2;5;3;1;0;1;0;0;0;0;0;POINT (13.36550149 52.55797126)
7;2020;10;15;5;3;6;7;0;1;0;1;0;0;0;0;POINT (13.38611343 52.444279)
12;2020;12;12;3;3;5;3;0;0;1;0;0;0;1;0;POINT (13.34774154 52.57441318)
7;2020;8;10;7;3;3;6;0;0;1;0;0;0;0;0;POINT (13.41723589 52.46076081)
12;2020;7;16;4;3;5;3;0;1;1;0;0;0;0;1;POINT (13.31523537 52.61825045)
4;2020;5;13;7;3;0;3;0;1;1;0;0;0;0;1;POINT (13.27973633 52.50979201)
4;2020;6;14;1;3;2;6;0;0;1;0;0;0;0;0;POINT (13.28366867 52.49666129)
3;2020;10;16;3;3;2;6;2;0;1;0;0;0;0;1;POINT (13.44500009 52.54553147)
1;2020;2;16;6;3;4;6;0;1;0;0;0;0;1;0;POINT (13.4225741 52.52002106)
7;2020;9;13;1;3;5;3;0;0;1;0;0;1;0;0;POINT (13.35649294 52.47361985)
2;2020;11;11;2;3;0;7;0;1;0;0;0;0;0;0;POINT (13.37842759 52.50002348)
3;2020;6;8;3;3;5;2;0;1;1;0;0;0;0;0;POINT (13.41375375 52.55073994)
8;2020;8;22;6;3;3;6;2;0;1;0;0;1;0;0;POINT (13.44646995 52.46315817)
12;2020;6;8;1;3;0;3;0;1;1;0;0;0;0;0;POINT (13.31527352 52.61821226)
3;2020;2;13;6;3;6;4;0;0;0;1;0;0;1;0;POINT (13.4188664 52.54012631)
4;2020;10;13;7;3;2;6;0;0;1;0;0;0;0;0;POINT (13.28348149 52.52937606)
10;2020;12;14;5;3;5;2;0;0;1;0;0;0;1;0;POINT (13.60641287 52.50495252)
7;2020;8;18;2;2;1;5;0;1;1;0;0;0;0;0;POINT (13.35948497 52.48971673)
12;2020;7;16;4;3;5;2;0;1;1;0;0;0;0;0;POINT (13.36371686 52.56514288)
2;2020;10;11;5;3;5;3;0;1;1;0;0;0;0;0;POINT (13.38900958 52.49808583)
12;2020;2;15;5;3;5;2;0;1;1;0;0;0;0;0;POINT (13.36440942 52.56376395)
12;2020;9;14;3;3;2;6;0;0;1;0;0;0;0;0;POINT (13.26094258 52.60805893)
7;2020;11;6;1;3;0;6;2;0;1;0;1;0;0;1;POINT (13.37829523 52.43482513)
3;2020;10;11;5;3;2;6;0;0;1;0;0;0;0;1;POINT (13.40578156 52.56636948)
4;2020;2;13;5;3;5;2;0;0;1;0;0;0;0;0;POINT (13.28188965 52.50993235)
4;2020;9;18;2;3;5;2;0;0;1;0;0;0;0;0;POINT (13.28484072 52.51012061)
1;2020;11;17;4;3;5;3;2;0;1;0;0;0;1;1;POINT (13.36525867 52.55807966)
1;2020;6;15;3;3;5;2;0;1;0;0;0;0;1;0;POINT (13.41619904 52.52208292)
4;2020;8;21;7;3;8;1;2;0;1;0;0;0;0;1;POINT (13.298615 52.53414853)
12;2020;6;16;2;3;5;3;0;0;1;0;1;0;0;0;POINT (13.34660319 52.57938607)
4;2020;2;12;5;3;3;6;0;0;1;0;0;1;0;0;POINT (13.28278527 52.5287199)
5;2020;10;16;1;3;2;6;0;0;1;0;0;0;1;1;POINT (13.21399455 52.50960585)
10;2020;12;13;6;2;0;1;0;0;0;0;1;0;0;1;POINT (13.55439159 52.55767388)
4;2020;8;19;2;3;0;4;0;0;1;1;0;0;0;0;POINT (13.28222869 52.49777183)
7;2020;7;6;5;3;5;2;0;0;0;0;1;0;1;0;POINT (13.38262047 52.43939712)
4;2020;5;14;2;3;5;2;0;1;0;0;0;0;1;0;POINT (13.29999322 52.51125128)
2;2020;10;15;6;2;2;6;0;1;1;0;0;0;0;0;POINT (13.45304379 52.51297994)
4;2020;2;9;5;2;6;7;0;0;1;1;0;0;0;0;POINT (13.28623521 52.51020439)
7;2020;9;10;3;3;1;5;0;1;1;0;0;0;0;0;POINT (13.3578812 52.48765464)
4;2020;11;14;1;3;1;5;0;1;1;0;0;0;0;0;POINT (13.23244444 52.5069206)
4;2020;5;16;3;3;2;6;0;0;1;0;0;0;0;0;POINT (13.28383365 52.50749802)
4;2020;8;7;2;3;5;2;0;1;0;0;0;0;1;0;POINT (13.30777749 52.51175932)
7;2020;6;15;3;3;2;6;0;0;1;0;0;0;0;0;POINT (13.36541146 52.47282686)
4;2020;5;8;2;3;5;2;0;0;1;1;0;0;0;0;POINT (13.30131778 52.51133833)
3;2020;2;8;5;3;5;3;0;1;1;0;0;0;0;0;POINT (13.40251882 52.59221462)
10;2020;9;13;3;3;0;1;0;1;0;0;0;0;0;0;POINT (13.60420211 52.50496729)
7;2020;12;18;5;3;6;7;2;0;1;1;0;0;0;0;POINT (13.39871878 52.41852586)
11;2020;8;9;3;2;5;2;0;1;1;0;0;0;0;0;POINT (13.48422987 52.51268968)
4;2020;6;8;5;3;3;6;0;0;1;0;0;1;0;0;POINT (13.28142861 52.50493857)
1;2020;10;14;6;3;5;7;0;0;1;0;0;0;0;0;POINT (13.36852964 52.53885173)
7;2020;2;11;4;3;2;6;0;0;1;0;0;1;0;1;POINT (13.38557419 52.47242898)
1;2020;11;16;3;2;1;5;2;1;1;0;0;0;0;0;POINT (13.41747238 52.5232435)
1;2020;9;16;2;3;5;3;0;0;1;0;1;0;0;0;POINT (13.36808964 52.50583456)
11;2020;8;15;1;3;5;2;0;1;0;0;0;0;1;0;POINT (13.48330367 52.58305147)
1;2020;2;17;3;3;4;6;0;1;0;0;0;0;1;0;POINT (13.36735728 52.50488224)
4;2020;10;10;5;3;0;6;0;0;0;0;0;0;1;0;POINT (13.29413083 52.53729424)
2;2020;8;15;3;2;2;2;0;1;0;0;0;0;0;0;POINT (13.46616819 52.51464826)
7;2020;7;12;3;3;2;6;0;0;1;0;0;0;0;1;POINT (13.35743564 52.47383557)
1;2020;6;9;5;3;5;3;0;1;1;0;0;0;0;0;POINT (13.41982397 52.5253891)
3;2020;11;13;4;3;2;7;0;0;1;0;0;0;1;0;POINT (13.41199847 52.54147936)
1;2020;2;18;3;3;6;2;2;0;1;1;0;0;0;1;POINT (13.36876337 52.54115293)
4;2020;9;22;4;3;6;4;2;1;0;1;0;0;0;0;POINT (13.28840795 52.51033996)
12;2020;12;10;2;3;2;6;0;0;1;0;0;0;1;0;POINT (13.34766272 52.57462059)
6;2020;6;17;1;3;8;1;0;1;0;0;0;0;0;0;POINT (13.15545884 52.41914731)
1;2020;2;15;3;3;0;2;0;1;0;0;0;0;1;0;POINT (13.37017055 52.53996984)
5;2020;9;17;4;3;5;3;0;0;1;0;0;0;0;0;POINT (13.20490171 52.51143456)
12;2020;7;16;5;3;5;3;0;1;1;0;0;0;0;0;POINT (13.31732523 52.61598406)
9;2020;2;14;3;2;5;3;0;1;1;0;0;0;0;0;POINT (13.49317407 52.46776929)
3;2020;10;13;4;3;3;6;0;1;0;0;0;0;1;0;POINT (13.43555306 52.53514704)
6;2020;12;14;2;3;0;5;0;1;1;0;0;0;0;0;POINT (13.16418371 52.4200594)
1;2020;5;18;3;3;5;3;0;1;1;0;0;0;0;0;POINT (13.37210589 52.50511777)
3;2020;8;15;6;3;5;3;0;0;1;0;0;0;1;0;POINT (13.42354322 52.52818385)
11;2020;7;14;3;3;3;1;0;0;1;0;0;1;0;0;POINT (13.50289804 52.51092289)
4;2020;5;23;7;2;0;1;2;1;0;0;0;0;0;0;POINT (13.30034095 52.4880004)
11;2020;10;8;3;3;8;1;0;0;0;0;1;0;0;1;POINT (13.52818794 52.51023126)
2;2020;2;21;3;3;9;1;2;0;1;0;0;0;0;1;POINT (13.38630348 52.4889439)
12;2020;9;13;7;3;8;1;0;0;1;0;0;0;0;0;POINT (13.3023703 52.55033506)
3;2020;11;7;1;3;6;4;0;0;1;1;0;0;0;0;POINT (13.41485593 52.55457731)
1;2020;5;17;3;2;5;3;0;1;1;0;0;0;0;0;POINT (13.40167351 52.51132327)
7;2020;8;20;5;3;6;7;1;0;1;1;0;0;0;0;POINT (13.38550366 52.46645387)
9;2020;6;18;6;3;5;3;1;1;1;0;0;0;0;1;POINT (13.46872454 52.48422039)
7;2020;2;20;3;3;5;3;2;0;1;0;0;0;0;0;POINT (13.3857614 52.48009897)
2;2020;10;22;6;3;4;6;2;1;0;0;0;0;1;0;POINT (13.44633391 52.51650632)
12;2020;12;6;4;3;2;6;2;0;1;0;0;0;0;0;POINT (13.30542501 52.57076092)
2;2020;8;10;1;3;5;2;0;1;0;0;0;0;1;0;POINT (13.38927231 52.49745632)
1;2020;7;8;4;3;0;6;0;0;0;0;1;0;1;1;POINT (13.3667723 52.53202831)
1;2020;2;19;3;3;2;6;2;0;1;0;0;0;0;1;POINT (13.37221503 52.5050415)
6;2020;10;0;4;3;2;6;2;0;1;0;0;0;1;0;POINT (13.31475351 52.4532235)
10;2020;2;18;3;3;5;2;2;1;1;0;0;0;0;1;POINT (13.55334756 52.50934638)
10;2020;9;12;2;2;5;3;0;0;1;0;0;1;0;0;POINT (13.55828112 52.562885)
3;2020;11;13;7;3;2;6;0;1;1;0;0;0;0;0;POINT (13.42254531 52.53956242)
7;2020;9;0;5;3;3;2;2;0;1;0;0;0;0;0;POINT (13.38161398 52.43917372)
7;2020;5;17;3;3;2;6;0;0;1;0;0;0;0;0;POINT (13.36696111 52.47228315)
3;2020;8;1;6;3;2;6;2;1;1;0;0;0;0;0;POINT (13.44307485 52.53045746)
1;2020;6;16;2;3;5;2;0;1;1;0;0;0;0;0;POINT (13.37022866 52.53993364)
1;2020;2;22;2;3;2;6;2;0;1;0;0;0;0;0;POINT (13.39136759 52.51702793)
12;2020;9;20;1;3;5;2;2;0;1;0;0;0;1;0;POINT (13.35906727 52.57338117)
4;2020;12;9;2;3;2;6;0;0;1;0;0;0;1;0;POINT (13.30446595 52.4847913)
2;2020;6;12;3;3;5;3;0;1;1;1;0;0;0;0;POINT (13.44753959 52.52625903)
9;2020;2;21;2;3;2;6;2;0;1;0;0;0;0;0;POINT (13.45881354 52.49095135)
2;2020;11;18;1;2;5;2;2;1;1;0;0;0;0;0;POINT (13.4537493 52.51591276)
6;2020;9;17;7;3;1;5;0;1;1;0;0;0;0;0;POINT (13.16841724 52.42066201)
7;2020;7;11;5;3;2;6;0;0;1;0;0;0;0;0;POINT (13.38444789 52.45339325)
2;2020;2;11;2;2;6;7;0;0;1;1;0;0;0;1;POINT (13.38905855 52.49462065)
12;2020;10;14;3;3;5;3;0;0;1;0;0;0;0;1;POINT (13.33153206 52.60042605)
7;2020;8;14;2;2;1;5;0;1;1;0;0;0;0;0;POINT (13.38551333 52.4649795)
4;2020;7;15;1;3;2;6;0;0;1;0;0;0;0;0;POINT (13.28296267 52.52863546)
2;2020;5;23;6;3;5;3;2;1;1;0;0;0;0;0;POINT (13.45064723 52.51622024)
6;2020;6;19;3;3;5;3;0;1;0;0;0;0;0;0;POINT (13.26055659 52.43498619)
4;2020;11;20;1;2;3;6;2;0;1;0;1;0;0;0;POINT (13.28274297 52.52865863)
3;2020;2;18;2;3;6;4;2;1;0;1;0;0;0;0;POINT (13.43258724 52.53621656)
6;2020;9;13;3;3;1;5;0;1;1;0;0;0;0;0;POINT (13.29609794 52.44643139)
7;2020;11;12;6;3;3;6;0;0;1;0;0;0;0;0;POINT (13.38550606 52.46974207)
3;2020;5;16;3;3;3;6;0;1;0;0;0;0;0;0;POINT (13.42575716 52.52974337)
10;2020;8;16;1;3;0;2;0;1;1;0;0;0;0;0;POINT (13.55300565 52.50905938)