bez;ujahr;umonat;ustunde;uwochentag;ukategorie;uart;utyp1;ulichtverh;istrad;istpkw;istfuss;istkrad;istgkfz;istsonstige;ustrzustand;geometry
7;2020;6;11;3;3;3;6;0;0;1;0;1;0;0;0;POINT (13.40028135 52.41640045)
9;2020;2;17;2;3;5;2;1;1;1;0;0;0;0;1;POINT (13.50627257 52.45886474)
3;2020;9;8;2;3;2;6;0;0;1;0;0;0;1;0;POINT (13.42780316 52.56192406)
4;2020;12;17;3;3;5;2;1;0;1;0;0;0;0;1;POINT (13.32291989 52.51242355)
7;2020;8;16;2;3;0;1;0;0;1;0;1;0;0;0;POINT (13.37039626 52.47091918)
3;2020;6;16;4;3;6;7;0;1;0;1;0;0;0;0;POINT (13.44243358 52.54441454)
7;2020;10;17;6;3;2;6;0;0;1;0;0;0;0;0;POINT (13.38761144 52.4389981)
10;2020;2;5;1;2;6;6;1;0;1;1;0;0;0;1;POINT (13.53693454 52.53261638)
3;2020;11;10;2;2;0;2;0;0;0;0;0;1;1;0;POINT (13.44496819 52.54551697)
3;2020;9;14;1;3;3;6;0;1;1;0;0;0;0;0;POINT (13.44809828 52.54693916)
2;2020;8;1;7;3;2;6;2;0;1;0;1;0;0;0;POINT (13.38605377 52.48571275)
7;2020;2;7;1;3;5;2;0;0;0;0;1;0;1;0;POINT (13.38259479 52.43939278)
3;2020;10;15;4;3;2;6;0;0;1;0;0;1;0;1;POINT (13.43388882 52.53671521)
3;2020;8;14;2;3;2;6;0;1;0;0;0;0;1;0;POINT (13.41702878 52.5402109)
3;2020;7;13;2;3;1;5;0;1;1;0;0;0;0;0;POINT (13.44721773 52.52702935)
7;2020;6;18;4;3;1;1;0;0;1;0;0;0;0;1;POINT (13.38509056 52.44981495)
7;2020;11;6;3;3;6;4;2;0;1;1;0;0;0;0;POINT (13.36610162 52.41692405)
2;2020;2;20;1;3;5;3;1;1;1;0;0;0;0;1;POINT (13.46015358 52.51525271)
2;2020;9;11;4;3;5;2;0;1;1;0;0;0;0;0;POINT (13.38862893 52.49816686)
12;2020;11;8;1;3;3;6;0;0;1;0;0;1;0;0;POINT (13.30453523 52.57385609)
6;2020;6;9;7;2;4;6;0;1;0;0;0;0;0;0;POINT (13.20035745 52.4222037)
6;2020;2;19;1;3;2;6;2;0;1;0;0;0;0;1;POINT (13.19200066 52.43107425)
3;2020;9;15;3;3;1;5;0;1;1;0;0;0;0;1;POINT (13.41259523 52.54396318)
2;2020;7;21;4;3;1;5;1;0;1;0;1;0;0;0;POINT (13.47031863 52.5142319)
4;2020;2;15;1;3;3;6;0;0;1;0;0;1;0;0;POINT (13.28563852 52.49465496)
5;2020;10;10;3;3;0;7;0;0;1;0;0;0;1;0;POINT (13.1511337 52.49716995)
11;2020;12;17;5;3;6;4;2;1;0;1;0;0;0;1;POINT (13.47700011 52.51355977)
12;2020;8;11;4;3;2;6;0;0;1;0;0;0;0;0;POINT (13.32381694 52.60785512)
10;2020;7;18;2;2;2;6;0;0;1;0;0;0;0;0;POINT (13.59340801 52.50506058)
7;2020;5;13;6;3;8;1;0;0;1;0;0;0;0;0;POINT (13.35426256 52.47357897)
4;2020;10;17;2;3;3;6;2;0;1;0;0;0;1;0;POINT (13.28088894 52.50302219)
2;2020;2;16;7;3;2;6;2;0;1;0;0;0;0;1;POINT (13.388632 52.49767469)
1;2020;9;20;7;3;2;6;1;0;1;0;0;0;0;0;POINT (13.40403644 52.51274405)
9;2020;11;15;1;3;2;6;0;0;1;0;0;0;0;0;POINT (13.50549508 52.45959049)
4;2020;5;15;3;2;1;1;0;1;0;0;0;1;0;0;POINT (13.22611069 52.50716165)
1;2020;8;16;4;3;2;6;0;0;1;0;0;0;0;0;POINT (13.34680652 52.51421055)
10;2020;6;10;5;3;2;6;0;0;1;0;0;1;0;0;POINT (13.56712165 52.50679776)
1;2020;2;17;7;3;5;3;2;0;1;0;0;0;0;1;POINT (13.40919283 52.5167589)
7;2020;10;16;5;3;5;3;0;1;1;0;0;0;0;0;POINT (13.3973313 52.4216206)
1;2020;12;0;2;3;2;6;2;0;1;0;0;0;0;0;POINT (13.37010734 52.53974491)
12;2020;8;0;7;3;6;7;2;1;0;1;0;0;0;0;POINT (13.36168942 52.56900195)
1;2020;6;22;2;3;5;3;2;0;1;0;0;0;0;0;POINT (13.40919377 52.51675969)
3;2020;2;20;6;3;3;6;2;0;1;0;0;0;0;0;POINT (13.43944611 52.54147136)
7;2020;10;14;4;3;1;5;0;1;1;0;0;0;0;0;POINT (13.36157719 52.49674274)
3;2020;2;19;6;3;6;4;2;0;0;1;0;0;1;1;POINT (13.45234995 52.5486852)
4;2020;9;17;1;3;5;2;0;0;1;0;1;0;0;0;POINT (13.32297127 52.51242983)
1;2020;11;23;6;2;6;7;2;0;1;1;0;0;0;0;POINT (13.36454332 52.53429013)
4;2020;9;12;5;2;2;6;0;0;0;0;0;1;1;0;POINT (13.28276935 52.51882016)
12;2020;2;19;6;3;6;2;2;0;1;1;0;0;0;1;POINT (13.36420008 52.56368314)
1;2020;5;13;2;3;3;6;0;0;1;0;0;0;0;0;POINT (13.36901738 52.54857845)
4;2020;8;10;6;3;2;6;0;0;1;0;0;0;0;1;POINT (13.28139242 52.50989961)
4;2020;7;19;2;3;2;6;0;0;1;0;0;0;0;0;POINT (13.28633068 52.53225673)
3;2020;6;15;1;3;2;6;0;1;0;0;0;0;0;0;POINT (13.46788816 52.56129549)
12;2020;2;20;5;2;1;5;2;0;1;0;0;0;0;0;POINT (13.35028517 52.57402703)
12;2020;9;10;6;3;8;1;0;0;1;0;0;0;0;1;POINT (13.25134755 52.61804814)
2;2020;12;2;1;3;3;6;2;1;0;0;0;0;0;0;POINT (13.38731043 52.49849077)
2;2020;6;11;3;3;2;6;0;1;0;0;0;0;0;0;POINT (13.45817459 52.51545936)
1;2020;2;18;5;3;5;5;0;0;1;0;0;0;0;0;POINT (13.40326956 52.51926778)
1;2020;11;13;5;3;0;7;0;0;0;0;1;0;0;1;POINT (13.37014858 52.53998353)
4;2020;9;18;6;3;5;2;0;0;1;0;1;0;0;0;POINT (13.32294487 52.51246954)
2;2020;7;12;5;2;3;6;0;1;0;0;0;0;0;0;POINT (13.45242538 52.51908975)
12;2020;2;13;5;3;2;6;0;0;1;0;0;0;0;0;POINT (13.28957478 52.58937421)
9;2020;10;22;1;3;3;6;2;0;1;0;1;0;0;0;POINT (13.45800355 52.49148962)
5;2020;8;15;1;3;2;6;0;0;1;0;0;0;0;0;POINT (13.1756041 52.51432092)
2;2020;7;21;7;3;5;2;0;1;1;0;0;0;0;0;POINT (13.44794967 52.52631697)
2;2020;6;13;3;3;3;6;0;1;1;0;0;0;0;0;POINT (13.46744374 52.51436734)
1;2020;11;13;7;3;5;3;0;0;1;0;0;0;0;1;POINT (13.36525906 52.55807764)
12;2020;2;10;5;3;5;3;0;0;1;0;0;1;0;1;POINT (13.36350669 52.5651798)
3;2020;9;17;2;3;2;7;0;1;0;0;1;0;0;0;POINT (13.39057506 52.61855745)
3;2020;11;20;6;3;2;6;2;0;1;0;0;0;1;0;POINT (13.41300525 52.55893691)
4;2020;6;15;4;3;4;6;0;0;1;0;0;0;1;0;POINT (13.25941266 52.50859037)
7;2020;2;12;5;3;0;6;0;1;1;0;0;0;0;0;POINT (13.39574825 52.42380666)
1;2020;8;18;1;3;2;6;0;0;1;0;0;0;0;0;POINT (13.394757 52.51070399)
4;2020;7;14;3;3;3;6;0;1;0;0;1;0;0;0;POINT (13.29697658 52.51086212)
2;2020;2;6;5;3;5;3;2;1;1;0;0;0;0;1;POINT (13.44772363 52.50247348)
4;2020;10;9;2;3;3;6;0;0;1;0;0;0;0;0;POINT (13.29323686 52.51063562)
4;2020;12;12;2;3;5;7;0;0;1;0;0;0;0;0;POINT (13.30752915 52.51174628)
5;2020;8;16;3;3;5;2;0;1;1;0;0;0;0;0;POINT (13.12617614 52.47854284)
2;2020;7;9;1;3;5;2;0;1;1;0;0;0;0;0;POINT (13.47326423 52.51378742)
7;2020;5;7;4;3;0;5;0;0;0;0;1;0;1;0;POINT (13.38549136 52.46896893)
7;2020;10;8;1;3;2;6;0;0;1;0;0;0;1;1;POINT (13.38552685 52.47067615)
1;2020;2;23;4;3;5;2;2;0;1;0;0;0;0;1;POINT (13.40918341 52.51675108)
3;2020;9;2;4;3;2;6;2;1;1;0;0;0;0;0;POINT (13.44400486 52.52960206)
1;2020;11;16;3;2;6;7;0;0;0;1;0;0;1;0;POINT (13.3688243 52.54914451)
2;2020;5;21;2;3;0;1;1;1;0;0;0;0;0;0;POINT (13.38775549 52.49838143)
10;2020;8;14;2;3;5;2;0;1;1;0;0;0;0;0;POINT (13.59091864 52.50508923)
1;2020;6;17;4;3;0;2;0;1;1;0;0;0;0;0;POINT (13.36315918 52.5356882)
7;2020;6;15;5;3;2;6;0;0;1;0;0;0;0;0;POINT (13.38559653 52.44704371)
12;2020;2;0;4;3;3;6;2;0;1;0;0;0;0;1;POINT (13.31596572 52.61236925)
4;2020;9;15;2;2;2;6;0;0;1;0;0;0;1;0;POINT (13.27559073 52.50086943)
6;2020;7;13;4;3;1;7;0;0;1;0;0;0;0;0;POINT (13.10538185 52.41379324)
2;2020;2;21;4;3;2;6;2;0;1;0;0;0;0;0;POINT (13.4472111 52.52661995)
4;2020;10;16;3;2;3;6;0;0;1;0;1;0;0;1;POINT (13.2277991 52.50683915)
1;2020;12;16;3;3;5;3;2;0;1;0;0;0;0;1;POINT (13.40905951 52.51710283)
6;2020;8;13;4;3;5;3;0;1;1;0;0;0;0;0;POINT (13.20228849 52.42306405)
10;2020;7;17;1;3;2;6;0;0;1;0;0;0;0;0;POINT (13.61613615 52.5047725)
7;2020;5;16;5;3;3;2;0;0;1;0;0;1;0;0;POINT (13.38549807 52.46955376)
3;2020;10;20;1;2;8;1;2;0;1;0;0;1;0;1;POINT (13.47933584 52.62741682)
1;2020;2;18;4;2;6;4;1;1;0;1;0;0;0;1;POINT (13.36425501 52.50142319)
7;2020;9;0;6;3;1;5;2;0;1;0;0;0;1;0;POINT (13.3613823 52.49628263)
8;2020;11;18;4;3;2;6;2;0;1;0;0;1;0;1;POINT (13.447289 52.46303633)
7;2020;5;19;2;3;1;5;1;1;1;0;0;0;0;0;POINT (13.38488859 52.45103668)
1;2020;8;18;3;3;2;6;0;0;1;0;0;0;0;1;POINT (13.36890551 52.54097067)
3;2020;6;10;5;3;3;6;0;1;0;0;0;0;0;0;POINT (13.4135442 52.54089689)
12;2020;2;18;4;3;5;3;2;1;1;0;0;0;0;1;POINT (13.31229371 52.62439779)
2;2020;10;14;4;2;0;6;0;0;0;0;1;0;1;0;POINT (13.45589692 52.50019765)
1;2020;12;14;2;3;6;4;0;1;0;1;0;0;0;0;POINT (13.42232046 52.52036244)
4;2020;8;14;6;3;5;2;0;0;1;0;1;0;0;0;POINT (13.30140368 52.51134398)
3;2020;6;19;1;3;5;2;0;1;1;0;0;0;0;0;POINT (13.40236519 52.59168399)
1;2020;2;19;3;3;5;5;2;0;1;0;0;0;0;1;POINT (13.36928595 52.53928847)
2;2020;10;4;3;2;5;2;2;0;1;0;0;0;0;1;POINT (13.46017461 52.51525052)
10;2020;2;18;3;3;2;6;2;0;1;0;0;0;0;1;POINT (13.60982932 52.5047955)
10;2020;9;19;7;2;2;6;1;0;1;0;1;0;0;0;POINT (13.55387092 52.5093259)
9;2020;11;8;5;2;5;2;0;1;1;0;0;0;0;0;POINT (13.51309752 52.45416576)
4;2020;9;11;4;3;6;4;0;0;1;1;0;0;0;0;POINT (13.29724952 52.51088051)
1;2020;2;16;3;3;5;2;0;1;0;0;0;0;1;0;POINT (13.41235264 52.51942544)
1;2020;5;18;2;3;5;3;0;0;1;0;0;0;0;0;POINT (13.36550176 52.55796995)
12;2020;8;15;5;1;5;2;0;1;0;0;0;1;0;0;POINT (13.34765472 52.57449384)
3;2020;7;6;1;3;8;1;0;0;0;0;0;1;0;0;POINT (13.44832687 52.63311366)
7;2020;6;0;7;3;0;1;2;1;0;0;0;0;0;0;POINT (13.40546943 52.40727677)
4;2020;2;16;3;3;2;6;0;0;1;0;0;0;0;0;POINT (13.28501971 52.50925364)
1;2020;9;9;5;3;5;2;0;0;1;0;0;0;0;1;POINT (13.37198973 52.50511131)
1;2020;12;10;7;3;5;2;0;1;1;0;0;0;0;0;POINT (13.36832972 52.50627802)
7;2020;6;13;3;3;2;6;0;0;1;0;1;0;0;0;POINT (13.35827839 52.47399227)
4;2020;2;7;3;3;2;6;0;0;1;0;0;0;0;1;POINT (13.30787154 52.51157466)
3;2020;11;7;4;3;0;2;0;1;1;0;0;0;0;0;POINT (13.39055023 52.61860501)
6;2020;9;14;6;3;5;7;0;0;1;0;0;0;0;0;POINT (13.17209557 52.42080292)
7;2020;7;17;3;3;2;6;0;0;1;0;1;0;0;0;POINT (13.3543864 52.47883999)
6;2020;2;12;3;3;2;6;0;0;1;0;0;0;1;1;POINT (13.27118073 52.43817344)
3;2020;10;0;6;3;5;3;2;1;1;0;0;0;0;1;POINT (13.42430956 52.53927339)
4;2020;8;10;1;3;2;6;0;0;1;0;0;0;0;0;POINT (13.25966486 52.50860316)
8;2020;7;20;5;3;2;6;1;0;1;0;0;0;0;0;POINT (13.44816963 52.46332805)
4;2020;5;22;6;3;2;6;2;0;1;0;0;0;0;0;POINT (13.32336922 52.47795429)
12;2020;6;11;2;3;3;6;0;0;1;0;0;0;0;0;POINT (13.33243377 52.59810479)
4;2020;10;13;6;3;0;6;0;0;1;0;1;0;0;1;POINT (13.32353073 52.5127927)
3;2020;2;9;3;3;6;7;0;0;1;1;0;0;0;1;POINT (13.4030984 52.59473358)
3;2020;9;11;2;3;6;7;0;0;1;1;0;0;0;0;POINT (13.41345914 52.54905215)
4;2020;11;17;5;3;2;6;2;0;1;0;0;0;0;1;POINT (13.32436911 52.47794863)
1;2020;6;4;4;3;2;6;0;0;1;0;1;0;0;0;POINT (13.40140814 52.51140568)
2;2020;8;12;1;3;2;6;0;0;1;0;0;1;0;0;POINT (13.44726724 52.52656673)
7;2020;6;17;2;3;2;6;0;1;0;0;0;0;0;0;POINT (13.36233507 52.498533)
3;2020;2;19;2;2;6;7;2;1;0;1;0;0;0;0;POINT (13.42754115 52.56209533)
6;2020;10;17;1;3;5;2;0;1;1;0;0;0;0;0;POINT (13.30417084 52.44960285)
12;2020;12;7;1;3;5;3;0;1;1;0;0;0;0;1;POINT (13.36037881 52.57150743)
3;2020;8;8;3;2;5;2;0;1;1;0;0;0;0;0;POINT (13.41375441 52.55767052)
2;2020;7;22;7;3;0;1;2;0;0;0;1;0;0;1;POINT (13.44977149 52.50192528)
3;2020;5;19;2;3;2;6;0;0;1;0;0;0;0;0;POINT (13.41329614 52.54093216)
5;2020;10;20;7;2;9;1;2;0;0;0;1;0;0;0;POINT (13.16889364 52.50910006)
7;2020;2;14;2;3;2;6;0;0;1;0;0;0;0;1;POINT (13.35222318 52.48021701)
6;2020;9;15;4;3;3;6;0;0;0;0;1;0;0;0;POINT (13.31474781 52.45322171)
4;2020;11;13;2;3;2;6;0;0;1;0;0;0;0;0;POINT (13.26146539 52.50869877)
2;2020;5;17;2;3;5;3;0;1;1;0;0;0;0;0;POINT (13.43647061 52.51750008)
4;2020;8;18;2;3;3;6;0;0;1;0;1;0;0;0;POINT (13.30558849 52.51161784)
7;2020;6;11;4;2;2;3;0;0;1;0;0;0;1;1;POINT (13.35671996 52.4736858)
12;2020;5;11;1;3;5;3;0;1;1;0;0;0;0;0;POINT (13.36419169 52.56372488)
7;2020;2;8;2;3;5;2;0;0;1;0;0;0;0;1;POINT (13.35416196 52.4789971)
6;2020;9;15;3;3;0;7;0;0;1;0;0;0;0;0;POINT (13.19691824 52.41738245)
3;2020;12;12;5;3;1;7;0;0;1;0;0;0;0;0;POINT (13.43966177 52.54165774)
12;2020;8;12;3;2;3;6;0;0;1;0;0;1;0;0;POINT (13.30534305 52.57243121)
12;2020;6;10;6;3;0;1;0;0;0;0;1;0;0;0;POINT (13.36170382 52.56897442)
7;2020;10;12;7;3;6;4;0;0;1;1;0;0;0;1;POINT (13.35778264 52.40719177)
7;2020;2;8;2;2;2;2;0;0;1;0;0;1;0;1;POINT (13.33901828 52.47849699)
4;2020;11;18;3;3;2;6;2;0;1;0;0;0;0;0;POINT (13.29902526 52.54596837)
9;2020;9;18;2;3;2;6;0;1;1;0;0;0;0;0;POINT (13.46170655 52.49467478)
4;2020;8;16;1;3;2;6;0;0;1;0;0;0;1;0;POINT (13.28287737 52.51899836)
5;2020;2;22;2;2;6;2;2;0;1;1;0;0;0;0;POINT (13.1788817 52.51651261)
7;2020;10;17;5;2;2;6;0;0;1;0;0;0;0;0;POINT (13.39073278 52.43325441)
3;2020;8;19;3;3;5;2;0;1;1;0;0;0;0;0;POINT (13.43859306 52.54115526)
12;2020;7;17;4;2;5;2;0;0;1;0;1;0;0;0;POINT (13.31289805 52.62236182)
7;2020;6;15;5;3;1;5;0;0;0;0;0;0;1;0;POINT (13.39131239 52.43158667)
3;2020;2;19;2;3;0;2;1;1;0;0;0;0;0;0;POINT (13.4243583 52.5392618)
1;2020;9;16;4;3;3;2;0;0;1;0;0;0;1;0;POINT (13.41644153 52.52221815)
10;2020;12;15;3;3;5;2;0;1;0;0;0;1;0;0;POINT (13.58133122 52.50508545)
6;2020;6;10;1;3;5;2;0;1;1;0;0;0;0;0;POINT (13.3146247 52.4531829)
3;2020;5;18;7;3;2;6;0;0;1;0;0;0;0;0;POINT (13.44220737 52.54385651)
7;2020;2;17;2;3;2;6;1;0;1;0;0;0;0;0;POINT (13.3625624 52.49908476)
4;2020;10;6;4;3;3;6;0;0;1;0;0;1;0;0;POINT (13.30631729 52.48350119)
1;2020;12;21;7;3;5;3;2;1;1;0;0;0;0;0;POINT (13.36549182 52.55801873)
6;2020;8;16;4;2;0;1;0;1;0;0;0;0;0;0;POINT (13.09748979 52.41335541)
1;2020;6;16;1;3;2;2;0;0;1;0;0;0;0;0;POINT (13.36833544 52.54111107)
1;2020;2;12;2;3;5;7;0;0;1;0;0;0;0;1;POINT (13.38181415 52.50985596)
4;2020;10;11;1;3;6;7;0;0;1;1;0;0;0;1;POINT (13.22280198 52.50782526)
10;2020;2;13;1;3;2;6;0;0;1;0;0;0;1;0;POINT (13.58339032 52.50516793)
4;2020;11;17;5;2;6;4;2;1;0;1;0;0;0;0;POINT (13.31877689 52.51248301)
4;2020;9;16;4;3;5;2;0;0;1;0;1;0;0;0;POINT (13.28038493 52.51000008)
3;2020;2;6;1;3;2;6;2;0;1;0;0;0;1;0;POINT (13.39844548 52.57637213)
11;2020;8;15;4;3;5;2;0;1;1;0;0;0;0;0;POINT (13.48445849 52.51279834)
2;2020;7;5;5;3;0;6;1;0;1;0;1;0;0;0;POINT (13.38622819 52.4896712)
7;2020;6;16;5;3;2;6;0;0;1;0;0;0;0;0;POINT (13.39476811 52.46725051)
1;2020;2;19;1;2;6;7;2;0;0;1;0;0;1;0;POINT (13.39397713 52.51739006)
7;2020;9;18;4;2;5;3;0;1;0;0;0;0;1;0;POINT (13.38574087 52.46946449)
4;2020;12;11;5;3;2;6;0;0;1;0;0;0;0;0;POINT (13.28673372 52.51378443)
2;2020;6;19;2;3;5;2;0;0;1;0;0;0;1;0;POINT (13.44796955 52.52628761)
7;2020;2;15;1;2;3;6;0;0;1;0;0;1;0;0;POINT (13.3452055 52.47221018)
12;2020;9;10;5;3;0;1;0;0;0;0;1;0;0;1;POINT (13.30851871 52.5657968)
4;2020;7;21;2;3;1;5;2;0;0;0;1;0;1;0;POINT (13.29827403 52.51113767)
4;2020;2;15;1;3;1;5;0;0;1;0;0;0;0;0;POINT (13.31333165 52.51212326)
7;2020;10;16;5;3;2;6;0;0;1;0;0;0;0;0;POINT (13.38700817 52.46960634)
12;2020;12;20;4;2;4;6;2;0;1;0;0;0;0;1;POINT (13.34048672 52.58733161)
1;2020;8;13;7;2;0;1;0;1;0;0;0;0;0;0;POINT (13.36294315 52.51538225)
7;2020;7;9;5;3;2;6;0;0;1;0;0;0;1;1;POINT (13.3758829 52.42971771)
3;2020;6;19;2;3;5;3;0;1;1;0;0;0;0;0;POINT (13.43331883 52.53622067)
6;2020;10;13;4;2;5;2;0;1;1;0;0;0;0;0;POINT (13.26359064 52.43509978)
7;2020;2;16;7;3;1;5;0;1;0;0;1;0;0;0;POINT (13.38580801 52.48225114)
10;2020;9;10;1;3;5;2;0;0;1;0;0;0;0;0;POINT (13.62063621 52.50420381)
9;2020;11;13;4;3;2;7;0;0;1;0;0;0;1;0;POINT (13.50979773 52.45638959)
6;2020;6;13;3;3;0;6;0;0;1;0;0;0;1;0;POINT (13.2749847 52.43955337)
7;2020;8;11;7;3;1;5;0;1;1;0;0;0;0;0;POINT (13.38474242 52.45180858)
7;2020;6;14;2;3;6;2;0;1;1;1;0;0;0;0;POINT (13.38578293 52.48095696)
1;2020;2;14;7;3;5;3;0;0;1;0;0;0;0;0;POINT (13.36858951 52.50620287)
4;2020;10;18;1;3;2;6;1;0;1;0;0;0;0;1;POINT (13.28543739 52.4947714)
4;2020;12;1;6;2;9;1;2;0;1;0;0;0;0;1;POINT (13.28823304 52.49421414)
1;2020;8;13;2;3;2;2;0;0;1;0;0;0;0;0;POINT (13.41952494 52.52511472)
3;2020;7;17;4;3;5;3;0;1;0;0;1;0;0;0;POINT (13.40283238 52.59332346)
4;2020;5;7;1;3;2;6;0;0;1;0;0;0;0;1;POINT (13.29252828 52.53505852)
1;2020;10;19;5;2;5;3;2;0;1;0;0;0;0;1;POINT (13.36525867 52.55807966)
4;2020;2;7;7;3;9;1;0;0;1;0;0;0;0;0;POINT (13.28315124 52.49699342)
10;2020;9;10;3;3;2;6;0;0;1;0;0;0;1;0;POINT (13.59137615 52.50508397)
4;2020;11;15;1;3;6;4;0;0;1;1;0;0;0;0;POINT (13.29748395 52.51089599)
3;2020;5;10;2;3;6;4;0;0;0;1;0;0;1;0;POINT (13.43707767 52.53984287)
4;2020;8;12;1;3;2;6;0;0;1;0;1;0;0;0;POINT (13.28197137 52.5209747)
1;2020;6;19;3;3;0;2;0;1;1;0;0;0;0;0;POINT (13.36498173 52.50226332)
1;2020;5;18;7;3;5;3;0;1;1;0;0;0;0;0;POINT (13.36965936 52.54158809)
1;2020;2;20;6;3;0;5;0;1;1;0;0;0;0;0;POINT (13.37717158 52.50954606)
4;2020;9;9;3;3;5;7;0;0;1;0;0;1;0;0;POINT (13.29735383 52.51088753)
3;2020;12;12;4;3;2;6;0;0;1;0;0;0;0;0;POINT (13.39863448 52.57996795)
11;2020;8;18;3;2;5;3;0;1;1;0;0;0;0;0;POINT (13.51872326 52.51036316)
2;2020;6;12;5;3;5;3;0;1;1;0;0;0;0;0;POINT (13.44997251 52.5161388)
1;2020;10;13;6;3;5;2;0;1;1;0;0;0;0;0;POINT (13.41639942 52.52228992)
2;2020;2;20;5;3;5;2;2;0;1;0;0;0;0;0;POINT (13.46011622 52.51511236)
4;2020;11;11;3;2;5;2;0;1;1;0;0;0;0;0;POINT (13.31990201 52.51255704)
10;2020;9;18;1;2;0;1;0;1;0;0;0;0;0;0;POINT (13.61271226 52.50477062)
7;2020;8;13;7;3;2;6;0;0;1;0;0;0;0;1;POINT (13.38628546 52.44341742)
1;2020;2;19;5;2;5;7;2;0;1;0;0;0;0;0;POINT (13.38170057 52.50984862)
7;2020;10;22;4;3;9;1;2;0;1;0;0;0;0;1;POINT (13.37051617 52.47089647)
4;2020;8;11;3;2;5;3;0;0;1;0;0;0;0;0;POINT (13.28190451 52.50993335)
4;2020;7;12;3;3;3;6;0;0;1;0;0;0;0;1;POINT (13.29055811 52.51047542)
3;2020;6;20;4;3;5;2;0;0;1;0;0;0;0;1;POINT (13.44486137 52.54546717)
8;2020;11;14;3;3;3;6;0;0;1;0;0;1;0;0;POINT (13.45350776 52.46382311)
4;2020;2;16;5;3;2;6;0;0;1;0;0;0;0;0;POINT (13.29676622 52.54245349)
7;2020;9;18;4;3;2;6;0;0;1;0;0;0;0;0;POINT (13.36644601 52.47233715)
10;2020;11;10;1;3;3;6;0;0;1;0;0;1;0;0;POINT (13.5540425 52.55757088)
1;2020;6;12;1;3;2;3;0;1;1;0;0;0;0;0;POINT (13.36840787 52.50641097)
3;2020;2;16;5;2;6;7;1;0;1;1;0;0;0;1;POINT (13.43995929 52.54191486)
3;2020;9;6;4;3;0;1;0;1;0;0;0;1;0;1;POINT (13.40314735 52.58360143)
9;2020;7;10;5;3;6;2;0;0;1;1;0;0;0;0;POINT (13.45796957 52.49181377)
4;2020;2;14;5;3;2;6;0;0;1;0;0;0;0;0;POINT (13.28193667 52.52081411)
4;2020;10;8;4;3;5;2;0;1;1;0;0;0;0;0;POINT (13.31618129 52.51211948)
3;2020;12;13;2;3;5;2;0;1;1;0;0;0;0;1;POINT (13.42432269 52.53902487)
12;2020;8;19;5;3;0;6;0;0;0;0;1;0;1;0;POINT (13.34815156 52.57435276)
7;2020;7;15;2;3;2;6;0;0;1;0;0;0;0;0;POINT (13.33947784 52.47860531)
1;2020;5;15;7;3;6;4;0;1;0;1;0;0;0;0;POINT (13.34303739 52.51395356)
8;2020;10;6;3;3;3;6;2;0;1;0;0;1;0;1;POINT (13.45446203 52.46324114)
4;2020;2;14;5;3;2;6;0;0;1;0;0;1;0;0;POINT (13.28225223 52.52078278)
2;2020;9;16;7;3;5;2;0;1;1;0;0;0;0;0;POINT (13.46027317 52.51524039)
1;2020;11;18;1;3;2;6;2;0;1;0;1;0;0;0;POINT (13.41952707 52.5251167)
7;2020;5;7;2;2;3;6;0;0;1;0;1;0;0;0;POINT (13.34740269 52.47628688)
12;2020;8;11;4;3;1;7;0;1;1;0;0;0;0;0;POINT (13.35992957 52.57205816)
3;2020;6;16;6;3;3;6;0;1;0;0;0;0;0;1;POINT (13.41722309 52.54018067)
4;2020;2;9;5;2;2;6;0;0;1;0;0;0;0;0;POINT (13.29512297 52.53942345)
9;2020;10;15;5;3;2;6;0;0;1;0;0;0;0;0;POINT (13.4576957 52.45909175)
5;2020;12;12;4;3;5;3;0;1;1;0;0;0;0;0;POINT (13.1261759 52.4785428)
2;2020;2;7;5;3;6;4;1;0;0;1;0;1;0;0;POINT (13.4728939 52.51382477)
7;2020;9;21;4;3;0;1;2;1;0;0;0;0;0;0;POINT (13.38548922 52.46880637)
7;2020;7;20;6;3;2;6;0;0;1;0;0;0;0;0;POINT (13.35399388 52.48488257)
3;2020;2;8;4;3;0;1;0;1;0;0;0;0;0;0;POINT (13.43489589 52.53546384)
7;2020;10;16;4;3;3;2;0;0;1;0;0;1;0;1;POINT (13.38160688 52.43916249)
3;2020;12;13;3;3;0;2;0;1;1;0;0;0;0;1;POINT (13.41232236 52.54109545)
3;2020;5;10;1;3;2;6;0;0;1;0;0;0;1;1;POINT (13.4184211 52.53999366)
4;2020;8;22;6;3;3;6;2;0;1;0;1;0;0;0;POINT (13.29221212 52.49316809)
6;2020;7;9;4;3;2;6;0;0;1;0;0;1;0;0;POINT (13.32148119 52.45506508)
10;2020;6;17;1;3;8;7;0;0;1;0;0;0;0;0;POINT (13.55753381 52.5618343)
6;2020;10;12;3;3;5;3;0;0;1;0;1;0;0;0;POINT (13.26937764 52.43761016)
7;2020;2;22;4;3;3;6;2;0;1;0;0;0;0;1;POINT (13.38039414 52.43784621)