bez;ujahr;umonat;ustunde;uwochentag;ukategorie;uart;utyp1;ulichtverh;istrad;istpkw;istfuss;istkrad;istgkfz;istsonstige;ustrzustand;geometry
11;2020;9;17;1;3;2;6;0;0;1;0;1;0;0;0;POINT (13.48401487 52.51271117)
3;2020;11;17;2;3;3;6;2;1;0;0;0;0;0;1;POINT (13.42439072 52.53900163)
12;2020;5;17;1;3;2;6;0;0;1;0;0;0;0;0;POINT (13.31049381 52.56355473)
7;2020;8;20;6;3;5;2;2;0;1;0;0;0;1;0;POINT (13.37955371 52.43670039)
12;2020;6;12;7;3;5;2;0;0;1;0;0;0;0;0;POINT (13.35902459 52.57339236)
11;2020;2;19;4;3;2;6;2;0;1;0;0;0;0;1;POINT (13.5049352 52.51074229)
1;2020;10;7;6;3;0;7;1;0;0;0;0;0;1;0;POINT (13.36632474 52.50380729)
3;2020;12;12;5;3;2;6;0;0;1;0;0;0;0;0;POINT (13.44741844 52.60143269)
1;2020;8;16;2;3;5;3;0;1;0;0;0;0;0;0;POINT (13.34458936 52.51406019)
3;2020;7;15;4;3;6;4;0;0;1;1;0;0;0;0;POINT (13.41197156 52.54110932)
9;2020;2;14;4;3;2;7;0;0;1;0;0;0;1;0;POINT (13.51638888 52.42800047)
3;2020;10;14;5;3;5;3;0;1;1;0;0;0;0;0;POINT (13.40278466 52.59314822)
6;2020;2;7;4;3;1;5;0;0;1;0;0;0;0;0;POINT (13.20912641 52.4260382)
7;2020;9;15;3;3;0;1;0;1;1;0;0;0;0;0;POINT (13.3855101 52.46538389)
3;2020;11;8;1;3;5;2;0;1;1;0;0;0;0;1;POINT (13.40309391 52.5948532)
11;2020;9;16;7;3;1;5;0;1;1;0;0;0;0;0;POINT (13.50879675 52.51038263)
2;2020;5;14;1;3;2;6;0;0;1;0;0;0;0;1;POINT (13.37707022 52.50176714)
3;2020;8;19;7;2;2;6;0;0;1;0;0;0;0;0;POINT (13.39890275 52.57317443)
4;2020;6;8;2;3;2;6;0;0;1;0;0;0;1;0;POINT (13.261579 52.48984819)
11;2020;2;15;4;3;0;7;0;1;0;0;0;0;0;1;POINT (13.48756356 52.51248573)
3;2020;9;14;1;2;5;2;0;0;1;0;0;0;0;0;POINT (13.39044086 52.61859411)
4;2020;12;14;3;3;2;6;0;0;1;0;0;0;0;1;POINT (13.34634389 52.47720106)
3;2020;8;9;2;3;3;6;0;1;1;0;0;0;0;0;POINT (13.43574984 52.53505218)
1;2020;6;12;4;3;5;3;0;1;1;0;0;0;0;0;POINT (13.42280846 52.5202115)
7;2020;2;18;3;3;3;6;1;1;1;0;0;0;0;0;POINT (13.35246206 52.48440131)
11;2020;11;18;1;3;1;5;2;1;1;0;0;0;0;0;POINT (13.49452447 52.51178859)
3;2020;9;5;1;3;5;3;1;0;1;0;1;0;0;0;POINT (13.39869935 52.57571287)
10;2020;8;14;6;3;5;3;0;1;1;0;0;0;0;0;POINT (13.56122514 52.50875978)
6;2020;2;10;3;3;2;6;0;0;1;0;0;1;0;0;POINT (13.27223243 52.43850481)
7;2020;10;5;4;3;0;1;2;0;0;0;0;0;1;1;POINT (13.3426561 52.47855126)
7;2020;8;19;2;2;2;6;0;0;1;0;1;0;0;0;POINT (13.36523 52.47290986)
2;2020;7;22;2;3;5;3;2;0;1;0;0;0;1;0;POINT (13.44876019 52.50529032)
3;2020;6;16;4;3;3;6;0;1;1;0;0;0;0;1;POINT (13.4130756 52.54585249)
7;2020;11;12;2;3;5;3;0;0;1;0;0;0;0;0;POINT (13.38755712 52.43898893)
7;2020;2;13;3;3;3;6;0;1;1;0;0;0;0;0;POINT (13.38670061 52.43884424)
4;2020;9;18;3;3;2;6;1;0;1;0;0;0;0;0;POINT (13.3011661 52.51132837)
4;2020;11;19;1;3;2;6;2;0;1;0;0;0;1;0;POINT (13.31441454 52.51200239)
7;2020;6;11;6;3;5;2;0;1;1;0;0;0;0;0;POINT (13.38605339 52.48318785)
1;2020;2;20;3;3;2;6;2;0;1;0;0;0;0;0;POINT (13.37004464 52.53971161)
12;2020;9;9;3;3;2;6;0;0;1;0;0;0;0;0;POINT (13.27801696 52.60202508)
11;2020;7;7;4;3;0;2;0;1;1;0;0;0;0;0;POINT (13.48829022 52.51241123)
10;2020;2;12;2;3;5;2;0;0;1;0;1;0;0;0;POINT (13.61343583 52.50476436)
1;2020;10;19;3;3;5;3;2;1;1;0;0;0;0;1;POINT (13.41983904 52.52486441)
7;2020;12;3;5;3;8;1;2;0;1;0;0;0;0;1;POINT (13.34278656 52.47864327)
9;2020;8;17;4;2;5;2;0;1;1;0;0;0;0;0;POINT (13.45798247 52.49182236)
4;2020;7;17;2;3;2;6;0;0;1;0;0;0;0;0;POINT (13.2428317 52.50756294)
12;2020;5;11;5;3;5;2;0;1;0;0;0;1;0;0;POINT (13.35903268 52.57339024)
7;2020;10;8;2;3;5;2;0;1;1;0;0;0;0;0;POINT (13.35323275 52.47970452)
10;2020;2;7;1;3;2;6;1;0;1;0;0;0;0;1;POINT (13.5707863 52.50592124)
2;2020;9;18;7;2;6;4;0;1;0;1;0;0;0;0;POINT (13.44857956 52.50499623)
5;2020;11;13;7;3;5;3;0;1;1;0;0;0;0;0;POINT (13.12629546 52.47857601)
9;2020;5;15;1;3;2;6;0;0;1;0;0;1;0;0;POINT (13.50926568 52.45696739)
12;2020;8;15;4;3;2;6;0;0;1;0;0;0;0;0;POINT (13.31194665 52.62555429)
1;2020;6;14;5;3;2;6;0;0;1;0;0;0;0;0;POINT (13.368834 52.52870104)
3;2020;2;5;1;3;3;6;2;0;1;0;0;1;0;1;POINT (13.44399519 52.6150543)
11;2020;10;13;5;3;5;3;0;1;1;0;0;0;0;0;POINT (13.48227743 52.51288481)
7;2020;12;16;2;3;2;6;2;0;0;0;1;0;1;0;POINT (13.35915914 52.4742735)
12;2020;8;18;7;3;2;6;0;0;0;0;1;0;0;0;POINT (13.2481459 52.61342643)
6;2020;6;6;1;3;0;6;0;1;1;0;0;0;0;0;POINT (13.30430178 52.44946795)
2;2020;2;23;7;3;5;3;2;0;1;0;0;0;0;1;POINT (13.45420571 52.51563161)
12;2020;10;9;3;3;5;3;0;0;1;0;0;0;0;1;POINT (13.34694668 52.57894283)
3;2020;2;1;7;2;0;1;2;1;0;0;0;0;0;0;POINT (13.42455414 52.53953153)
6;2020;9;11;1;3;0;6;0;0;1;0;0;0;0;0;POINT (13.19143185 52.42628202)
4;2020;11;16;6;3;6;2;1;0;1;1;0;0;0;0;POINT (13.28934954 52.51039883)
7;2020;9;11;5;3;2;6;0;0;1;0;0;0;1;0;POINT (13.37106762 52.47079205)
7;2020;2;18;7;3;0;5;2;1;1;0;0;0;0;1;POINT (13.35932457 52.48924008)
7;2020;5;11;1;3;1;5;0;1;1;0;0;0;0;1;POINT (13.36143759 52.49641317)
12;2020;8;18;5;3;0;1;1;1;0;0;0;0;0;0;POINT (13.36066207 52.57060846)
1;2020;7;13;2;3;5;3;0;1;0;0;0;0;1;0;POINT (13.41983427 52.52486033)
3;2020;6;18;1;2;1;1;0;1;1;0;0;0;0;0;POINT (13.41217277 52.54366036)
9;2020;2;13;6;3;0;7;0;1;0;0;0;0;0;0;POINT (13.50878282 52.45730714)
1;2020;9;20;5;3;1;5;2;1;1;0;0;0;0;0;POINT (13.41729891 52.52308934)
12;2020;12;15;1;3;3;6;0;0;1;0;0;0;0;1;POINT (13.35925051 52.57313223)
7;2020;6;15;3;3;6;7;0;0;1;1;0;0;0;0;POINT (13.35789346 52.48796158)
2;2020;2;20;6;3;2;6;2;0;1;0;0;0;0;0;POINT (13.45267735 52.51821241)
3;2020;11;11;5;3;5;2;0;1;0;0;0;0;1;0;POINT (13.42879465 52.57157148)
2;2020;9;10;6;3;2;6;0;0;1;0;0;0;0;1;POINT (13.44757965 52.52620013)
2;2020;7;18;4;3;3;6;0;1;1;0;0;0;0;0;POINT (13.45302435 52.51293679)
7;2020;8;9;1;3;2;6;0;0;1;0;0;0;0;0;POINT (13.41239863 52.46102878)
1;2020;7;7;3;2;5;3;0;1;1;0;0;0;0;0;POINT (13.36525638 52.55809156)
4;2020;2;19;6;3;2;6;2;0;1;0;0;0;0;0;POINT (13.28587058 52.51059234)
7;2020;10;16;4;3;5;2;0;0;1;0;1;0;0;0;POINT (13.35389289 52.47899009)
7;2020;2;18;6;3;0;5;2;0;1;0;0;0;1;0;POINT (13.39867129 52.41860914)
7;2020;9;16;2;3;6;2;0;0;1;1;0;0;0;0;POINT (13.39118822 52.43180095)
10;2020;11;15;7;2;9;1;0;0;1;0;0;0;0;0;POINT (13.55059309 52.5094393)
7;2020;9;17;5;3;6;4;0;0;1;1;0;0;0;0;POINT (13.34924531 52.48149809)
2;2020;5;14;7;3;2;6;0;0;1;0;0;0;0;0;POINT (13.38914318 52.49800092)
10;2020;8;18;6;2;6;3;0;0;1;1;0;0;0;0;POINT (13.58874484 52.50499313)
1;2020;6;16;2;3;2;2;0;0;1;0;1;0;0;0;POINT (13.40891472 52.51697369)
4;2020;2;15;6;3;2;6;0;0;1;0;0;0;0;0;POINT (13.27299315 52.49905066)
4;2020;9;16;7;3;5;2;0;1;1;0;0;0;0;0;POINT (13.25830901 52.50852274)
4;2020;12;7;1;3;3;6;0;1;1;0;0;0;0;0;POINT (13.26344604 52.50882222)
12;2020;6;10;3;3;2;7;0;0;1;0;1;0;0;0;POINT (13.34579782 52.58043092)
12;2020;2;14;6;3;6;4;0;0;1;1;0;0;0;0;POINT (13.33446914 52.5932316)
3;2020;11;9;1;2;2;6;0;0;1;0;0;0;1;0;POINT (13.44921473 52.60670939)
10;2020;9;21;7;3;0;1;1;1;0;0;0;0;0;0;POINT (13.54427708 52.51087742)
1;2020;7;18;5;3;2;6;0;0;1;0;1;0;0;0;POINT (13.40142133 52.51140887)
1;2020;2;19;5;3;5;3;2;1;0;0;0;0;1;0;POINT (13.40796419 52.51573643)
1;2020;10;7;3;3;6;2;0;0;1;1;0;0;0;1;POINT (13.36991946 52.54182973)
2;2020;8;10;2;2;0;1;0;1;0;0;0;0;0;1;POINT (13.4485841 52.50500361)
6;2020;7;11;7;3;8;1;0;1;0;0;0;0;0;0;POINT (13.17019237 52.42084693)
4;2020;6;17;3;3;2;6;0;0;1;0;0;0;0;0;POINT (13.28164418 52.5100818)
3;2020;11;11;1;3;2;2;0;0;1;0;0;0;0;0;POINT (13.43304013 52.53605411)
4;2020;2;21;5;3;2;6;2;0;1;0;0;0;0;0;POINT (13.29533442 52.54016785)
1;2020;9;11;3;3;2;6;0;0;1;0;0;0;0;0;POINT (13.37416596 52.50922127)
2;2020;11;1;6;2;0;1;2;1;0;0;0;0;0;0;POINT (13.45151696 52.51598277)
3;2020;6;6;5;3;0;5;0;1;1;0;0;0;0;0;POINT (13.4293563 52.54964748)
2;2020;2;15;5;3;0;2;0;1;1;0;0;0;0;0;POINT (13.44813226 52.5043444)
2;2020;9;7;2;3;5;3;0;1;1;0;0;0;0;0;POINT (13.46746353 52.51436538)
3;2020;7;9;4;3;2;6;0;0;1;0;0;0;0;0;POINT (13.46024313 52.55039741)
4;2020;2;20;4;2;6;4;2;0;0;1;0;0;1;0;POINT (13.28180793 52.50992685)
1;2020;10;15;3;2;2;2;0;0;1;0;0;1;0;1;POINT (13.41952827 52.52511783)
4;2020;12;19;3;3;3;6;2;0;1;0;0;0;0;1;POINT (13.27505042 52.5004409)
7;2020;8;18;3;3;0;5;0;1;1;0;0;0;0;0;POINT (13.35505574 52.48562113)
9;2020;7;11;1;3;5;3;0;1;0;0;0;0;1;0;POINT (13.49755082 52.4647395)
3;2020;5;16;4;3;0;6;0;0;1;0;1;0;0;0;POINT (13.46773464 52.55463327)
10;2020;10;9;1;3;5;3;0;0;1;0;0;0;0;1;POINT (13.55828112 52.562885)
7;2020;2;19;4;3;6;4;2;0;0;1;1;0;0;0;POINT (13.38442991 52.4534924)
9;2020;9;13;5;3;5;3;0;1;1;0;0;0;0;0;POINT (13.493188 52.46775987)
1;2020;11;18;3;3;6;4;2;1;0;1;0;0;0;0;POINT (13.35272196 52.51472948)
10;2020;5;15;6;3;0;1;0;0;0;0;1;0;0;1;POINT (13.55331664 52.509347)
9;2020;8;16;3;3;2;6;0;0;1;0;0;0;0;1;POINT (13.45785199 52.49195694)
11;2020;6;7;5;3;3;6;0;0;1;0;0;1;0;0;POINT (13.48758066 52.51248397)
4;2020;2;18;4;3;2;6;2;0;1;0;0;0;0;0;POINT (13.26164615 52.48990138)
11;2020;10;8;4;3;5;3;0;1;1;0;0;0;0;0;POINT (13.48227743 52.51288481)
1;2020;12;14;2;3;3;6;0;0;1;0;0;0;0;0;POINT (13.36788782 52.53848155)
7;2020;8;9;5;3;9;1;0;0;0;0;1;0;0;0;POINT (13.35468149 52.47690575)
6;2020;6;16;1;2;1;1;0;0;1;0;0;0;0;0;POINT (13.18241851 52.41880914)
2;2020;2;11;4;3;1;5;0;1;1;0;0;0;0;0;POINT (13.45203937 52.51966034)
2;2020;10;18;1;3;6;7;1;1;0;1;0;0;0;0;POINT (13.45095321 52.50934877)
2;2020;2;14;3;3;5;3;0;0;1;0;0;1;0;0;POINT (13.3769363 52.50191683)
7;2020;11;4;5;3;0;6;2;0;1;0;1;0;0;0;POINT (13.39040167 52.43383378)
3;2020;9;2;4;3;6;2;2;0;1;1;0;0;0;1;POINT (13.39852053 52.57991599)
4;2020;2;15;3;3;2;6;0;1;0;0;0;0;0;0;POINT (13.32694291 52.51301699)
3;2020;5;15;5;3;5;3;0;1;1;0;0;0;0;0;POINT (13.40294667 52.59817338)
2;2020;8;18;4;3;1;5;0;1;1;0;0;0;0;0;POINT (13.38786655 52.49835415)
1;2020;7;18;7;3;2;6;0;0;1;0;1;0;0;0;POINT (13.36833544 52.54111107)
1;2020;6;17;7;3;5;3;0;0;1;0;0;1;0;0;POINT (13.36615343 52.5374926)
3;2020;2;4;3;3;4;7;2;0;1;0;0;0;0;1;POINT (13.46891256 52.56276292)
3;2020;9;11;4;3;6;2;0;0;1;1;0;0;0;0;POINT (13.42152674 52.53950613)
12;2020;12;6;6;3;0;1;2;0;0;0;0;0;1;0;POINT (13.31003616 52.56458158)
7;2020;6;20;2;3;1;5;0;1;1;0;0;0;0;0;POINT (13.36084245 52.49183387)
8;2020;2;19;3;3;3;6;2;0;1;0;0;1;0;0;POINT (13.42668443 52.46137219)
2;2020;9;15;5;3;0;6;0;1;0;0;0;0;0;0;POINT (13.45667011 52.51546062)
2;2020;7;14;2;3;5;2;0;0;1;0;0;0;0;0;POINT (13.46014731 52.51525337)
11;2020;2;20;3;2;5;2;2;1;1;0;0;0;0;0;POINT (13.48824719 52.5124155)
1;2020;10;13;5;3;5;3;0;1;0;0;0;0;1;0;POINT (13.36967484 52.5415956)
7;2020;8;8;1;3;2;6;0;0;1;0;0;0;0;0;POINT (13.38767599 52.43944381)
4;2020;7;14;5;3;2;6;0;0;1;0;0;0;0;1;POINT (13.29245869 52.53495834)
4;2020;6;10;2;3;4;6;0;1;0;0;0;0;0;0;POINT (13.27142735 52.50917041)
12;2020;10;9;5;3;5;3;0;0;1;0;0;0;0;1;POINT (13.31883393 52.610846)
2;2020;2;17;3;3;2;6;1;0;1;0;0;1;0;0;POINT (13.44478303 52.51666293)
3;2020;9;18;2;3;0;1;0;1;1;0;0;0;0;0;POINT (13.39843115 52.57985536)
1;2020;11;19;4;3;2;6;2;1;0;0;0;0;1;1;POINT (13.36772568 52.55077303)
6;2020;6;16;3;3;1;1;0;1;1;0;0;0;0;0;POINT (13.29429524 52.44606325)
5;2020;8;17;7;3;5;2;1;1;1;0;0;0;0;1;POINT (13.17909154 52.51664897)
11;2020;6;16;2;3;5;3;0;1;1;0;0;0;0;0;POINT (13.48423823 52.51282038)
2;2020;2;10;3;3;2;2;0;1;0;0;0;1;0;0;POINT (13.38926875 52.49747068)
9;2020;10;14;1;3;5;3;0;1;0;0;1;0;0;0;POINT (13.46853296 52.48434978)
4;2020;12;14;6;3;2;6;0;0;1;0;0;0;1;0;POINT (13.28427643 52.50951783)
12;2020;8;19;2;3;0;4;0;1;0;1;0;0;0;0;POINT (13.36381256 52.56460785)
4;2020;7;13;5;3;2;6;0;0;1;0;0;0;0;0;POINT (13.28429004 52.49590485)
7;2020;5;11;2;3;5;2;0;1;1;0;0;0;0;0;POINT (13.38605918 52.48480511)
1;2020;2;6;3;3;0;7;2;1;0;0;0;0;0;1;POINT (13.36946465 52.52907314)
7;2020;10;11;7;3;5;3;0;0;1;0;0;0;0;1;POINT (13.38759316 52.43899502)
3;2020;8;7;1;3;0;1;0;1;0;0;0;0;0;0;POINT (13.40368418 52.58255218)
8;2020;7;16;6;3;2;6;0;0;1;0;0;0;0;0;POINT (13.43790518 52.46250632)
6;2020;6;18;2;3;2;6;0;0;1;0;1;0;0;0;POINT (13.19604624 52.42215891)
2;2020;11;12;7;3;2;6;0;0;1;0;0;0;0;0;POINT (13.42943589 52.51847103)
7;2020;2;6;3;3;0;1;1;0;0;0;1;0;0;1;POINT (13.38435378 52.45276928)
4;2020;9;14;2;3;0;6;0;0;1;0;1;0;0;0;POINT (13.30621689 52.51165966)
2;2020;11;21;5;3;5;3;2;0;1;0;0;0;0;0;POINT (13.388749 52.49813736)
1;2020;6;15;4;3;2;6;0;0;1;0;0;0;0;0;POINT (13.3645086 52.50171635)
7;2020;2;5;3;3;2;6;2;0;1;0;0;0;0;1;POINT (13.38224141 52.47007673)
7;2020;8;15;1;3;2;6;0;0;1;0;0;0;0;0;POINT (13.36097866 52.49335356)
6;2020;7;11;3;2;5;5;0;1;0;0;0;0;1;0;POINT (13.30400231 52.44955517)
6;2020;6;22;2;3;3;6;1;0;1;0;0;0;0;0;POINT (13.19226276 52.4329318)
7;2020;2;15;2;3;2;6;0;0;1;0;0;0;1;1;POINT (13.3858099 52.47246588)
4;2020;10;14;2;3;2;6;0;0;1;0;0;0;0;0;POINT (13.30000828 52.48808647)
6;2020;12;18;2;3;1;5;2;0;1;0;0;0;0;1;POINT (13.27685566 52.43994683)
1;2020;8;6;3;3;2;6;0;0;1;0;0;0;1;0;POINT (13.40139794 52.51140321)
3;2020;7;14;7;3;4;6;0;1;0;0;0;0;0;0;POINT (13.41251001 52.54502205)
1;2020;5;13;4;3;2;6;0;0;1;0;1;0;0;0;POINT (13.41266773 52.51933802)
9;2020;10;7;1;3;0;5;0;1;0;0;0;0;1;1;POINT (13.46081296 52.49418352)
4;2020;2;18;2;2;6;4;2;0;1;1;0;0;0;1;POINT (13.27616893 52.50955655)
10;2020;9;18;4;3;5;2;0;1;1;0;0;0;0;0;POINT (13.5533902 52.50934552)
7;2020;11;16;2;3;0;1;1;0;0;0;1;0;0;1;POINT (13.36750114 52.472037)
3;2020;4;13;4;2;6;7;0;1;0;1;0;0;0;0;POINT (13.40002472 52.56997128)
10;2020;8;22;2;2;6;4;2;0;1;1;0;0;0;0;POINT (13.54946988 52.5519756)
4;2020;6;17;4;3;2;3;0;0;1;0;0;0;0;1;POINT (13.29720346 52.5108774)
3;2020;5;17;7;3;5;2;0;1;1;0;0;0;0;0;POINT (13.44507229 52.54556428)
11;2020;2;7;1;3;2;6;1;0;1;0;0;0;0;1;POINT (13.48289495 52.57379026)
8;2020;9;23;3;3;3;6;2;0;1;0;0;1;0;0;POINT (13.43264554 52.46211993)
7;2020;12;13;6;3;1;5;0;1;1;0;0;0;0;0;POINT (13.35986149 52.48983082)
4;2020;8;16;4;3;2;6;0;0;1;0;1;0;0;0;POINT (13.30424582 52.51152749)
4;2020;6;15;7;3;2;6;0;0;1;0;0;0;0;1;POINT (13.28551337 52.49486857)
7;2020;10;16;1;3;0;7;0;1;0;0;0;0;0;0;POINT (13.40663759 52.39130405)
12;2020;2;11;1;3;2;7;0;0;1;0;0;0;0;1;POINT (13.3476382 52.5743209)
1;2020;11;11;4;3;2;6;0;0;1;0;0;0;1;0;POINT (13.34707758 52.51422892)
1;2020;9;9;3;3;3;6;0;0;1;0;1;0;0;0;POINT (13.38654639 52.51015433)
1;2020;2;23;1;3;5;3;2;0;1;0;0;0;0;1;POINT (13.36550127 52.55797233)
4;2020;10;10;6;3;3;6;0;0;1;0;0;1;0;1;POINT (13.28423437 52.53058111)
12;2020;8;14;4;3;2;6;0;0;1;0;0;0;1;0;POINT (13.35994235 52.57203425)
1;2020;7;14;4;3;2;6;0;0;1;0;0;0;0;0;POINT (13.42001319 52.52554777)
7;2020;5;12;6;3;0;7;0;1;0;0;0;0;0;0;POINT (13.3817454 52.43925011)
10;2020;6;13;5;3;5;3;0;1;1;0;0;0;0;1;POINT (13.54963639 52.55216867)
7;2020;2;21;1;3;0;6;2;0;1;0;0;0;0;1;POINT (13.40721454 52.46176665)
7;2020;9;16;4;2;2;6;0;0;1;0;0;0;0;0;POINT (13.38761144 52.4389981)
1;2020;12;8;4;3;2;6;0;0;1;0;0;0;0;0;POINT (13.36840787 52.50641097)
7;2020;6;15;2;2;5;3;0;1;1;0;0;0;0;0;POINT (13.35776132 52.40716506)
7;2020;2;18;1;2;0;6;2;0;1;0;1;0;0;1;POINT (13.34813448 52.47230172)
3;2020;9;8;5;3;5;2;0;1;1;0;0;0;0;1;POINT (13.41410164 52.55072601)
10;2020;7;19;1;3;0;1;0;0;0;0;1;0;0;1;POINT (13.56268656 52.50822393)
2;2020;2;17;1;3;5;2;2;0;1;0;0;0;0;1;POINT (13.45377907 52.51574004)
12;2020;10;19;5;3;5;3;2;0;1;0;1;0;0;1;POINT (13.35905267 52.573385)
12;2020;12;13;3;3;5;3;0;0;1;0;0;0;0;0;POINT (13.35904242 52.57338769)
1;2020;8;21;7;2;0;1;2;1;0;0;0;0;0;0;POINT (13.36921452 52.54152896)
7;2020;7;18;4;3;5;2;0;1;1;0;0;0;0;1;POINT (13.34856514 52.48186368)
4;2020;5;17;5;2;6;2;0;0;1;1;0;0;0;0;POINT (13.22820963 52.50677964)
4;2020;6;14;1;2;0;7;0;1;0;0;0;0;0;0;POINT (13.267435 52.50906769)
6;2020;10;21;3;3;3;6;2;0;0;0;1;0;1;0;POINT (13.20960309 52.42597656)
12;2020;2;17;1;3;2;6;2;0;1;0;0;0;0;1;POINT (13.31127018 52.62778346)
12;2020;9;16;1;3;5;7;0;0;1;0;1;0;0;0;POINT (13.34123226 52.58638094)
4;2020;11;13;3;3;5;3;0;0;1;0;0;0;1;0;POINT (13.31463051 52.51201656)
6;2020;6;10;3;3;2;6;0;0;1;0;0;0;0;0;POINT (13.2223862 52.42931254)
9;2020;8;13;6;3;3;5;0;0;1;0;0;0;0;0;POINT (13.49810449 52.46450716)
9;2020;6;10;2;3;5;2;0;1;1;0;0;0;0;0;POINT (13.50723581 52.45838978)
4;2020;2;13;1;3;2;6;0;0;1;0;0;0;0;1;POINT (13.28266584 52.52853181)
4;2020;10;15;7;3;1;5;0;1;1;0;0;0;0;0;POINT (13.26772955 52.50908573)
1;2020;12;9;5;3;0;6;0;1;1;0;0;0;0;0;POINT (13.41244741 52.51946862)
12;2020;8;10;2;3;6;7;0;1;0;1;0;0;0;0;POINT (13.36283135 52.56685707)
7;2020;7;16;4;3;2;6;0;0;1;0;0;0;0;0;POINT (13.37849781 52.46995021)
7;2020;10;19;5;3;2;2;2;1;1;0;0;0;0;1;POINT (13.3499811 52.48118862)
4;2020;2;12;1;3;2;6;0;0;1;0;0;0;0;1;POINT (13.32346507 52.51278839)
4;2020;9;7;3;3;2;6;0;0;1;0;0;0;0;0;POINT (13.28135248 52.50407613)
4;2020;11;5;1;3;3;6;2;0;1;0;1;0;0;1;POINT (13.28254045 52.51934148)
1;2020;4;17;4;3;2;6;0;0;1;0;0;0;1;0;POINT (13.36894707 52.52874139)
4;2020;8;17;1;3;2;6;0;0;1;0;1;0;0;1;POINT (13.28220377 52.51011845)
9;2020;6;7;3;3;5;3;0;1;1;0;0;0;0;0;POINT (13.47946399 52.48451132)
4;2020;2;22;6;3;2;6;2;0;1;0;0;0;0;0;POINT (13.28140745 52.4989073)
2;2020;9;16;2;3;5;3;0;1;1;0;0;0;0;0;POINT (13.45377752 52.51573288)
4;2020;12;18;4;3;6;2;2;0;1;1;0;0;0;0;POINT (13.25834589 52.50852526)
3;2020;8;17;2;3;3;6;0;1;0;0;0;0;0;0;POINT (13.41346386 52.54908931)
2;2020;6;19;4;3;0;6;0;1;0;0;0;0;0;0;POINT (13.44817357 52.51632051)
7;2020;10;12;6;3;2;2;0;0;1;0;0;0;0;0;POINT (13.35804513 52.48813502)
10;2020;2;17;6;3;5;3;2;0;1;0;0;0;0;1;POINT (13.60626152 52.5048288)
2;2020;11;6;2;3;7;7;2;1;0;0;0;0;0;0;POINT (13.38661282 52.49085504)
6;2020;2;12;6;3;2;6;0;0;1;0;0;0;0;1;POINT (13.19716447 52.41850661)
1;2020;9;15;1;3;5;2;0;1;1;0;0;0;0;0;POINT (13.41994272 52.52495323)
3;2020;8;1;7;3;6;4;2;1;0;1;0;0;0;0;POINT (13.41393423 52.54977031)
4;2020;10;16;4;3;3;6;0;0;1;0;0;1;0;1;POINT (13.28841519 52.53302423)
6;2020;1;17;1;3;0;3;2;0;1;0;1;0;0;1;POINT (13.32161321 52.4651733)
12;2020;1;15;2;3;2;6;0;0;1;0;0;0;0;1;POINT (13.32449086 52.60805063)
11;2020;1;16;1;3;6;4;2;0;1;1;0;0;0;0;POINT (13.49934546 52.56107042)
6;2020;1;13;3;3;6;4;0;0;1;1;0;0;0;1;POINT (13.30234785 52.45990886)
8;2020;1;11;1;2;5;3;0;1;1;0;0;0;0;0;POINT (13.42804383 52.4934761)
8;2020;1;9;1;3;0;5;0;1;1;0;0;0;0;0;POINT (13.42899738 52.4660849)
12;2020;1;16;1;3;2;6;0;0;1;0;0;0;0;1;POINT (13.29447081 52.61045484)
8;2020;1;17;1;3;6;7;2;1;0;1;0;0;0;0;POINT (13.43559394 52.4835722)
8;2020;1;15;1;3;5;7;0;0;1;0;0;0;0;0;POINT (13.45462786 52.47445045)
4;2020;1;9;3;2;0;7;0;0;1;0;0;0;0;1;POINT (13.28141733 52.49814748)
1;2020;1;15;1;3;1;5;1;1;1;0;0;0;0;1;POINT (13.38900893 52.55012451)
9;2020;1;12;3;3;0;2;0;0;0;0;0;1;1;1;POINT (13.50809686 52.45029592)
3;2020;1;15;1;3;5;2;0;0;1;0;0;0;0;0;POINT (13.48596975 52.61589783)
10;2020;1;14;1;3;5;3;0;1;1;0;0;0;0;1;POINT (13.56491218 52.52228229)
4;2020;1;14;1;3;0;6;0;0;1;0;0;0;1;0;POINT (13.30183536 52.50674323)
10;2020;1;14;1;3;6;4;0;0;1;1;0;0;0;0;POINT (13.51913818 52.52892362)
10;2020;1;14;1;3;5;3;0;0;1;0;0;0;0;0;POINT (13.56536699 52.54458174)
1;2020;1;20;2;3;5;2;2;1;1;0;0;0;0;1;POINT (13.41637506 52.51994877)
1;2020;1;12;1;3;2;6;0;0;1;0;0;0;0;1;POINT (13.33198564 52.52712339)
3;2020;1;12;1;3;0;7;0;1;0;0;0;0;0;1;POINT (13.42982909 52.53936201)
6;2020;1;14;2;3;5;2;0;1;1;0;0;0;0;1;POINT (13.33792833 52.44954729)
8;2020;1;10;1;3;5;3;0;0;1;0;0;0;0;0;POINT (13.43124676 52.44331442)
6;2020;1;9;1;3;2;2;0;0;1;0;0;0;0;0;POINT (13.34570208 52.43624574)
12;2020;1;9;1;2;5;2;0;1;1;0;0;0;0;1;POINT (13.24078429 52.61385391)