bez;ujahr;umonat;ustunde;uwochentag;ukategorie;uart;utyp1;ulichtverh;istrad;istpkw;istfuss;istkrad;istgkfz;istsonstige;ustrzustand;geometry
10;2020;1;16;4;2;6;4;1;0;1;1;0;0;0;0;POINT (13.62506314 52.54060406)
7;2020;1;15;6;3;5;2;0;0;1;0;0;0;0;0;POINT (13.40012036 52.4591285)
1;2020;1;18;3;3;1;5;2;0;1;0;0;0;0;0;POINT (13.39715493 52.53248)
1;2020;1;1;7;3;0;1;2;1;0;0;0;0;0;1;POINT (13.40462291 52.53347173)
1;2020;1;9;1;3;3;6;0;0;1;0;0;0;0;0;POINT (13.3494231 52.51508442)
7;2020;1;7;4;3;5;2;1;1;1;0;0;0;0;1;POINT (13.37603827 52.40911934)
11;2020;1;13;5;3;5;2;0;1;1;0;0;0;0;0;POINT (13.52462655 52.49600917)
7;2020;1;15;5;3;0;7;0;1;0;0;0;0;0;0;POINT (13.37057507 52.48817982)
7;2020;1;16;7;3;5;3;2;0;1;0;0;0;1;0;POINT (13.4020603 52.44666481)
7;2020;1;14;4;3;4;6;0;1;1;0;0;0;0;0;POINT (13.41996646 52.46343555)
5;2020;1;13;4;3;2;6;0;0;0;0;1;0;1;0;POINT (13.20867638 52.54595392)
5;2020;1;12;1;3;5;2;0;0;1;0;0;0;0;0;POINT (13.15350924 52.55340116)
11;2020;1;7;1;3;2;6;0;0;1;0;0;0;0;0;POINT (13.4809123 52.53125132)
3;2020;1;17;4;3;0;1;2;0;1;0;1;0;0;1;POINT (13.44399536 52.56527994)
4;2020;1;16;4;3;2;6;0;0;1;0;0;0;0;0;POINT (13.29570452 52.5302787)
1;2020;1;15;3;3;5;3;0;1;1;0;0;0;0;0;POINT (13.3690855 52.54621681)
3;2020;1;18;6;3;3;2;2;1;1;0;0;0;0;0;POINT (13.42110605 52.53355796)
12;2020;1;18;1;3;1;1;2;1;1;0;0;0;0;0;POINT (13.27564269 52.58393909)
1;2020;1;21;4;3;6;4;2;0;1;1;0;0;0;1;POINT (13.34053783 52.55102771)
1;2020;1;13;5;3;5;3;0;0;1;0;0;0;0;1;POINT (13.34899339 52.51477839)
3;2020;1;14;5;3;2;7;0;1;1;0;0;0;0;0;POINT (13.40731969 52.54116697)
7;2020;1;15;6;3;5;3;0;1;1;0;0;0;0;0;POINT (13.37954019 52.4449574)
5;2020;1;11;4;2;2;6;0;0;1;0;0;0;1;0;POINT (13.19100786 52.53433936)
12;2020;1;9;1;3;0;6;0;1;0;0;0;0;1;0;POINT (13.28392467 52.590217)
6;2020;1;15;6;3;5;2;0;1;1;0;0;0;0;0;POINT (13.22314934 52.43016459)
3;2020;1;11;2;3;5;3;0;1;1;0;0;0;0;0;POINT (13.42700252 52.55211751)
3;2020;1;23;6;3;5;2;2;0;1;0;0;0;1;0;POINT (13.41837869 52.55328901)
1;2020;1;8;3;3;5;3;0;1;1;0;0;0;0;0;POINT (13.37660859 52.50961722)
12;2020;1;17;6;2;6;2;2;0;1;1;0;0;0;0;POINT (13.32977584 52.56912185)
11;2020;1;16;1;3;5;3;2;0;1;0;0;0;0;1;POINT (13.48532739 52.52674532)
1;2020;1;20;4;2;6;2;2;0;1;1;0;0;0;1;POINT (13.34504102 52.55422947)
12;2020;1;13;5;3;2;6;0;0;1;0;0;0;1;0;POINT (13.29144555 52.58079465)
3;2020;1;10;5;2;5;3;0;1;1;0;0;0;0;0;POINT (13.49610655 52.64342693)
11;2020;1;7;4;3;5;2;2;1;1;0;0;0;0;0;POINT (13.50166478 52.48275046)
11;2020;1;5;1;3;5;3;2;0;1;0;0;0;0;0;POINT (13.48140258 52.50206861)
7;2020;1;20;4;3;6;4;2;0;1;1;0;0;0;1;POINT (13.38641163 52.45630009)
2;2020;1;18;2;3;5;2;2;1;1;0;0;0;0;0;POINT (13.39500643 52.49634235)
8;2020;1;19;4;2;6;4;2;0;1;1;0;0;0;1;POINT (13.43504201 52.4711026)
4;2020;1;5;6;3;5;3;2;0;1;0;0;0;0;0;POINT (13.29928183 52.50675667)
6;2020;1;12;1;3;2;6;0;0;1;0;0;0;1;0;POINT (13.3186487 52.45431145)
1;2020;1;19;4;3;5;3;2;0;1;0;0;0;0;1;POINT (13.40441202 52.50789824)
9;2020;1;22;4;3;5;2;2;0;1;0;0;0;0;0;POINT (13.56249375 52.45654678)
8;2020;1;12;6;3;2;2;0;0;1;0;0;0;0;0;POINT (13.4289376 52.47187786)
1;2020;1;15;1;3;6;4;1;0;1;1;0;0;0;1;POINT (13.38694021 52.55953749)
12;2020;1;9;4;3;5;3;0;0;1;0;0;0;0;1;POINT (13.33235595 52.60309021)
5;2020;1;18;5;3;6;2;2;0;1;1;0;0;0;0;POINT (13.19770454 52.52281037)
3;2020;1;8;3;3;5;3;0;1;1;0;0;0;0;0;POINT (13.42140386 52.56246595)
8;2020;1;12;7;3;6;7;0;1;0;1;0;0;0;0;POINT (13.43268149 52.4837912)
12;2020;1;16;2;3;5;2;2;1;1;0;0;0;0;0;POINT (13.33536903 52.56513786)
7;2020;1;10;4;3;2;7;0;1;1;0;0;0;0;0;POINT (13.42148024 52.46502864)
1;2020;1;10;5;3;6;7;0;0;1;1;0;0;0;0;POINT (13.38117826 52.54898776)
1;2020;1;8;1;3;5;3;0;0;1;0;0;0;1;0;POINT (13.40194331 52.52889417)
5;2020;1;9;4;3;6;2;0;0;0;1;0;0;1;1;POINT (13.18997452 52.53820382)
4;2020;1;16;4;3;5;2;0;1;1;0;0;0;0;0;POINT (13.28014698 52.51808928)
11;2020;1;16;3;3;1;5;1;0;1;0;0;0;0;0;POINT (13.47432521 52.50435448)
2;2020;1;13;6;3;1;5;0;1;0;0;0;0;1;0;POINT (13.39037661 52.48692728)
3;2020;1;16;1;3;3;6;1;1;0;0;1;0;0;0;POINT (13.49024771 52.62110277)
12;2020;1;7;4;3;5;2;1;0;1;0;0;1;0;1;POINT (13.32168741 52.56054567)
2;2020;1;18;3;3;5;2;2;1;1;0;0;0;0;0;POINT (13.42950089 52.52310078)
4;2020;1;10;7;3;2;6;0;0;1;0;0;0;0;1;POINT (13.27921771 52.50325761)
9;2020;1;10;2;3;2;6;0;0;1;0;0;0;0;0;POINT (13.50916811 52.45230589)
12;2020;1;7;4;3;6;4;1;0;1;1;0;0;0;1;POINT (13.24454895 52.61437318)
3;2020;1;6;5;3;5;3;1;0;1;0;0;0;0;0;POINT (13.4490521 52.52873261)
7;2020;1;3;1;3;5;3;2;0;1;0;0;0;1;0;POINT (13.34974032 52.48733062)
3;2020;1;7;4;2;6;4;2;0;1;1;0;0;0;1;POINT (13.49553054 52.62580819)
10;2020;1;15;4;3;2;6;0;0;1;0;0;0;0;0;POINT (13.56158314 52.50242976)
12;2020;1;11;6;2;0;6;0;0;1;0;0;0;1;1;POINT (13.34674509 52.56813059)
9;2020;1;13;3;3;2;6;0;0;1;0;0;0;0;0;POINT (13.48752574 52.45060117)
5;2020;1;16;1;3;5;2;2;0;1;0;0;0;0;0;POINT (13.18021387 52.50910037)
1;2020;1;6;4;3;5;3;2;1;1;0;0;0;0;1;POINT (13.413422 52.50674581)
12;2020;1;12;5;2;6;4;0;0;1;1;0;0;0;0;POINT (13.30635711 52.58243791)
8;2020;1;12;5;3;6;2;0;0;1;1;0;0;0;0;POINT (13.42773962 52.42068671)
4;2020;1;12;5;3;2;6;0;0;1;0;0;0;1;0;POINT (13.29470548 52.53273274)
8;2020;1;14;5;3;2;6;0;0;1;0;1;0;0;0;POINT (13.43137695 52.46740251)
6;2020;1;14;7;3;5;2;0;1;1;0;0;0;0;0;POINT (13.35300198 52.43324136)
8;2020;1;17;4;3;2;6;2;0;1;0;0;0;0;0;POINT (13.44685226 52.4782859)
10;2020;1;10;1;3;5;3;0;0;1;0;0;0;0;0;POINT (13.52160289 52.52574481)
11;2020;1;5;3;2;5;3;2;0;1;0;1;0;0;0;POINT (13.49938022 52.51992164)
10;2020;1;13;6;3;5;3;0;0;1;0;0;0;0;0;POINT (13.60113012 52.53684342)
8;2020;1;16;1;3;6;7;0;0;1;1;0;0;0;0;POINT (13.45553706 52.47991763)
4;2020;1;19;4;3;5;2;2;1;1;0;0;0;0;1;POINT (13.27999202 52.51830992)
4;2020;1;12;5;3;5;3;0;0;1;0;0;0;0;0;POINT (13.3008051 52.47397834)
10;2020;1;10;5;3;5;3;0;1;1;0;0;0;0;0;POINT (13.56954016 52.52873587)
7;2020;1;6;3;1;5;3;2;0;1;0;1;0;0;0;POINT (13.3806642 52.4428801)
2;2020;1;16;1;3;2;6;0;0;1;0;0;0;0;0;POINT (13.40643744 52.49815529)
2;2020;1;17;2;3;5;2;2;0;1;0;0;0;0;0;POINT (13.38227056 52.50447115)
5;2020;1;19;4;2;6;4;2;0;1;1;0;0;0;1;POINT (13.21423506 52.56289168)
1;2020;1;9;4;3;1;5;0;1;1;0;0;0;0;0;POINT (13.39107292 52.51219068)
6;2020;1;7;1;3;5;2;0;1;1;0;0;0;0;0;POINT (13.31750684 52.43081696)
6;2020;1;18;4;3;1;5;2;1;1;0;0;0;0;1;POINT (13.3408546 52.445822)
1;2020;1;19;2;2;0;6;2;0;1;0;1;0;0;1;POINT (13.35298226 52.51611656)
1;2020;1;18;4;3;5;3;2;1;0;0;0;0;1;1;POINT (13.4276516 52.507594)
6;2020;1;10;6;2;0;1;0;1;0;0;0;0;0;2;POINT (13.14364568 52.39763905)
12;2020;1;15;1;3;5;2;1;0;1;0;0;0;0;0;POINT (13.28078857 52.59378754)
4;2020;1;17;4;3;2;6;2;0;1;0;0;0;0;1;POINT (13.28504077 52.49287396)
3;2020;1;14;4;3;6;2;0;0;1;1;0;0;0;0;POINT (13.3836417 52.57277879)
3;2020;1;20;3;3;1;5;2;1;1;0;0;0;0;0;POINT (13.41702753 52.54539233)
10;2020;1;22;7;3;2;6;2;0;1;0;0;0;0;0;POINT (13.54970427 52.54271267)
5;2020;1;13;2;2;5;2;0;0;1;0;0;0;0;0;POINT (13.13343644 52.55385423)
6;2020;1;17;4;3;6;4;2;0;1;1;0;0;0;1;POINT (13.30746483 52.43323602)
9;2020;1;8;5;3;5;3;0;1;1;0;0;0;0;0;POINT (13.53432466 52.43142586)
6;2020;1;8;1;3;5;2;0;1;1;0;0;0;0;0;POINT (13.34591344 52.43628863)
11;2020;1;17;4;3;2;6;2;0;1;0;0;0;0;1;POINT (13.49167069 52.51154206)
1;2020;1;16;4;3;6;4;1;0;1;1;0;0;0;0;POINT (13.38852751 52.51802903)
5;2020;1;3;6;3;1;1;2;0;1;0;0;0;0;1;POINT (13.19761746 52.55539506)
1;2020;1;10;1;3;5;2;0;1;1;0;0;0;0;0;POINT (13.38089617 52.51636901)
2;2020;1;16;4;3;2;7;2;1;0;0;0;0;1;1;POINT (13.41845588 52.50011805)
8;2020;1;19;4;3;5;3;2;1;1;0;0;0;0;0;POINT (13.42551825 52.4932072)
7;2020;1;17;3;3;5;2;2;0;1;0;0;0;1;0;POINT (13.39204661 52.43983237)
1;2020;1;2;7;3;5;3;2;0;1;0;0;0;0;0;POINT (13.38766736 52.56043484)
9;2020;1;10;2;3;5;3;0;1;1;0;0;0;0;0;POINT (13.51407063 52.44653311)
3;2020;1;16;4;3;1;5;2;0;1;0;0;0;0;1;POINT (13.42775417 52.60623482)
2;2020;1;17;5;2;5;3;1;0;1;1;0;0;0;0;POINT (13.37646078 52.48503432)
8;2020;1;18;7;3;1;5;2;1;1;0;0;0;0;0;POINT (13.43307381 52.46441857)
10;2020;1;14;4;3;2;6;0;0;1;0;0;0;0;1;POINT (13.56783558 52.57353759)
2;2020;1;14;4;3;1;5;0;1;1;0;0;0;0;0;POINT (13.43503563 52.5147495)
1;2020;1;12;3;2;5;2;0;0;1;0;0;0;0;0;POINT (13.32481088 52.52780879)
8;2020;1;15;3;3;2;6;0;0;1;0;0;0;0;0;POINT (13.43514339 52.42680953)
6;2020;1;10;6;3;0;1;0;1;0;0;0;0;0;2;POINT (13.12980729 52.38987233)
8;2020;1;23;1;3;9;1;2;0;1;0;0;0;1;0;POINT (13.46584273 52.46959051)
5;2020;1;13;4;3;2;6;0;0;1;0;0;0;0;1;POINT (13.22854921 52.53800488)
2;2020;1;12;5;3;3;6;0;0;1;0;0;1;0;1;POINT (13.39571474 52.49833993)
9;2020;1;14;5;2;2;6;0;0;1;0;1;0;0;0;POINT (13.50250572 52.46999777)
3;2020;1;10;7;3;5;3;0;0;1;0;0;0;0;0;POINT (13.44469629 52.6152975)
5;2020;1;21;6;3;2;6;2;0;1;0;0;0;0;0;POINT (13.27236756 52.53644497)
3;2020;1;12;4;3;6;2;0;0;1;1;0;0;0;0;POINT (13.36811407 52.58715671)
1;2020;1;9;1;3;2;2;0;1;0;0;0;0;1;0;POINT (13.36414973 52.54489462)
2;2020;1;17;6;3;5;3;2;1;0;0;0;0;1;0;POINT (13.45191944 52.52765646)
12;2020;1;11;2;3;6;7;0;1;0;1;0;0;0;0;POINT (13.36132646 52.56763807)
6;2020;1;13;6;3;5;2;0;1;1;0;0;0;0;0;POINT (13.30960823 52.43127486)
7;2020;1;15;1;2;5;3;0;0;1;0;0;0;0;1;POINT (13.3448111 52.48683032)
10;2020;1;14;4;3;1;5;0;0;1;0;0;0;1;1;POINT (13.60435148 52.53821624)
5;2020;1;8;5;2;5;2;1;0;1;0;0;0;0;0;POINT (13.19855259 52.54289129)
2;2020;1;15;2;3;5;2;1;1;1;0;0;0;0;1;POINT (13.40922378 52.50171052)
10;2020;1;15;2;3;2;6;0;0;1;0;0;0;0;1;POINT (13.55123996 52.54992418)
6;2020;1;16;4;3;6;7;0;1;0;1;0;0;0;0;POINT (13.30557854 52.43737773)
8;2020;1;14;2;2;3;6;0;0;1;0;0;1;0;1;POINT (13.43826695 52.42398402)
1;2020;1;19;2;3;1;5;2;0;1;0;0;0;0;1;POINT (13.37688676 52.54345283)
5;2020;1;22;4;3;2;6;2;0;1;0;0;0;0;0;POINT (13.18330395 52.54000803)
11;2020;1;19;2;3;5;2;2;1;1;0;0;0;0;1;POINT (13.47363118 52.5030498)
4;2020;1;18;3;2;0;3;2;0;1;0;1;0;0;1;POINT (13.33138266 52.50390494)
4;2020;1;15;4;3;5;2;0;1;1;0;0;0;0;0;POINT (13.30677743 52.49986468)
2;2020;1;19;2;3;5;2;2;1;1;0;0;0;0;1;POINT (13.38765796 52.50337543)
8;2020;1;17;4;1;6;4;2;0;1;1;0;0;0;0;POINT (13.42886533 52.4902669)
5;2020;1;7;2;3;6;2;0;0;1;1;0;0;0;1;POINT (13.17820057 52.54869907)
9;2020;1;15;2;2;6;4;0;0;0;1;0;0;1;1;POINT (13.54985064 52.4565396)
2;2020;1;21;3;3;0;1;2;1;0;0;0;0;0;1;POINT (13.4447635 52.50104614)
9;2020;1;7;2;3;6;2;1;0;1;1;0;0;0;1;POINT (13.62475959 52.45049902)
1;2020;1;8;4;2;6;4;0;0;1;1;0;0;0;1;POINT (13.39654524 52.55495147)
7;2020;1;7;2;3;1;5;0;1;1;0;0;0;0;1;POINT (13.3449098 52.48867784)
9;2020;1;7;2;3;5;2;1;1;0;0;0;0;1;1;POINT (13.52682725 52.42807194)
4;2020;1;17;3;3;5;2;2;0;1;0;0;0;0;1;POINT (13.28988467 52.48221326)
11;2020;1;7;2;2;6;4;2;0;1;1;0;0;0;1;POINT (13.50271018 52.50210429)
1;2020;1;19;3;3;5;2;2;1;1;0;0;0;0;0;POINT (13.38030635 52.5188256)
4;2020;1;19;2;3;6;2;2;0;1;1;0;0;0;1;POINT (13.30240463 52.50690595)
4;2020;1;7;5;3;6;4;0;1;0;1;0;0;0;1;POINT (13.31335311 52.50279491)
6;2020;1;14;2;2;6;7;0;1;0;1;0;0;0;1;POINT (13.34468341 52.45024783)
3;2020;1;17;3;3;6;4;2;0;0;1;0;0;1;0;POINT (13.43293265 52.59603684)
6;2020;1;18;2;2;5;2;2;0;1;0;0;0;0;1;POINT (13.31260665 52.41943977)
10;2020;1;6;4;3;5;3;2;0;1;0;0;0;0;1;POINT (13.5984033 52.53086546)
7;2020;1;18;2;3;5;3;2;1;1;0;0;0;0;1;POINT (13.34491477 52.49673245)
12;2020;1;7;2;2;6;2;2;0;1;1;0;0;0;1;POINT (13.3757443 52.56862474)
4;2020;1;18;3;3;5;3;2;1;1;0;0;0;0;1;POINT (13.33438153 52.49839761)
9;2020;1;11;2;3;5;2;0;1;1;0;0;0;0;1;POINT (13.5468379 52.43156871)
1;2020;1;7;2;3;5;2;1;1;1;0;0;0;0;1;POINT (13.36034106 52.53724347)
9;2020;1;17;4;3;5;2;2;1;1;0;0;0;0;0;POINT (13.51255403 52.4627765)
10;2020;1;6;2;2;6;2;2;0;1;1;0;0;0;1;POINT (13.56177817 52.49387951)
1;2020;1;17;3;3;1;5;2;1;1;0;0;0;0;0;POINT (13.4076858 52.52658445)
2;2020;1;18;2;3;2;6;2;0;1;0;1;0;0;1;POINT (13.44388478 52.50003348)
4;2020;1;16;3;3;2;6;2;0;1;0;0;0;0;1;POINT (13.32270294 52.48853703)
10;2020;1;5;2;3;9;1;2;0;1;0;0;0;0;1;POINT (13.59118323 52.52934567)
12;2020;1;12;5;1;5;2;0;1;0;0;0;1;0;0;POINT (13.29797705 52.57820772)
9;2020;1;17;2;3;5;2;2;1;1;0;0;0;0;1;POINT (13.52642609 52.42465081)
4;2020;1;16;3;3;6;7;1;0;1;1;0;0;0;1;POINT (13.32082066 52.50744398)
4;2020;1;17;2;3;6;2;2;0;1;1;0;0;0;1;POINT (13.30519969 52.49689881)
3;2020;1;14;3;3;2;7;0;0;1;0;0;0;1;0;POINT (13.40376773 52.59040495)
11;2020;1;16;2;2;6;4;2;0;1;1;0;0;0;1;POINT (13.48592712 52.52097128)
5;2020;1;14;2;3;2;6;0;0;1;0;0;0;0;0;POINT (13.20986236 52.54805156)
5;2020;1;15;3;3;0;6;0;0;1;0;1;0;0;1;POINT (13.20418341 52.54054066)
4;2020;1;10;2;3;2;2;0;0;1;0;0;0;1;0;POINT (13.31013167 52.47895731)
3;2020;1;16;2;3;3;6;2;0;1;0;0;0;0;1;POINT (13.42254319 52.55271377)
10;2020;1;22;4;3;1;5;2;0;1;0;0;0;0;0;POINT (13.55893376 52.53232115)
1;2020;1;17;2;2;6;4;2;0;1;1;0;0;0;1;POINT (13.3924095 52.52410094)
11;2020;1;6;3;3;1;5;1;0;1;0;0;0;0;0;POINT (13.48615699 52.50263493)
4;2020;1;15;3;3;0;2;0;0;0;0;1;0;1;0;POINT (13.29385903 52.53476601)
1;2020;1;14;2;3;5;2;0;1;1;0;0;0;0;0;POINT (13.3710316 52.5444767)
11;2020;1;11;3;2;6;7;0;0;0;1;0;1;0;0;POINT (13.47409086 52.53265897)
7;2020;1;16;2;3;1;5;2;0;1;0;0;0;1;1;POINT (13.41993782 52.39216481)
4;2020;1;16;2;3;5;7;2;1;1;0;0;0;0;1;POINT (13.30721287 52.5078939)
9;2020;1;10;2;1;5;3;0;0;1;0;1;0;0;1;POINT (13.52233549 52.42852743)
7;2020;1;14;3;3;5;3;0;1;1;0;0;0;0;0;POINT (13.38247377 52.40293962)
1;2020;1;10;2;3;4;6;0;1;0;0;1;0;0;1;POINT (13.40426828 52.53413673)
2;2020;1;18;1;3;0;4;2;0;0;1;0;0;1;0;POINT (13.39206799 52.49795849)
3;2020;1;6;4;2;5;3;2;1;0;0;0;0;0;1;POINT (13.48802559 52.61854977)
3;2020;1;14;1;3;5;3;0;1;1;0;0;0;0;0;POINT (13.4288647 52.55139303)
6;2020;1;18;3;2;0;3;2;0;1;0;1;0;0;1;POINT (13.29285925 52.45811743)
4;2020;1;13;3;3;2;6;0;0;1;0;0;0;0;0;POINT (13.26525338 52.52083103)
2;2020;1;13;1;3;5;3;0;0;1;0;0;0;0;0;POINT (13.41678215 52.50430807)
7;2020;1;12;3;3;2;6;0;0;1;0;0;0;0;1;POINT (13.36176069 52.44717793)
9;2020;1;13;1;2;9;1;0;0;1;0;0;0;0;1;POINT (13.69775997 52.40476328)
4;2020;1;12;1;3;6;3;0;0;1;1;0;0;0;0;POINT (13.29055259 52.49437761)
8;2020;1;22;3;3;0;3;2;1;0;0;0;0;1;0;POINT (13.43169026 52.48150065)
7;2020;1;12;1;3;0;1;0;1;0;0;0;0;0;0;POINT (13.37598283 52.40911315)
12;2020;1;7;3;3;0;2;0;1;1;0;0;0;0;0;POINT (13.35922599 52.57425024)
4;2020;1;12;1;3;2;6;0;1;1;0;0;0;0;0;POINT (13.32545008 52.50382019)
6;2020;1;11;1;3;2;6;0;0;1;0;0;0;0;0;POINT (13.34670961 52.43578275)
1;2020;1;18;3;3;1;5;2;1;1;0;0;0;0;1;POINT (13.38820062 52.52070188)
11;2020;1;11;1;3;0;2;0;1;1;0;0;0;0;0;POINT (13.47138835 52.50515791)
11;2020;1;9;4;3;5;3;0;0;1;0;0;0;0;1;POINT (13.49932025 52.5181586)
9;2020;1;11;1;3;5;2;0;1;1;0;0;0;0;0;POINT (13.62455175 52.4505072)
8;2020;1;16;3;3;6;4;1;0;0;1;0;0;1;0;POINT (13.4377124 52.46525265)
4;2020;1;11;1;3;5;2;0;0;1;0;0;0;0;0;POINT (13.33128531 52.5067953)
6;2020;1;20;3;3;1;5;2;1;1;0;0;0;0;0;POINT (13.25975476 52.42960604)
1;2020;1;11;1;3;0;6;0;0;1;0;1;0;0;0;POINT (13.37953584 52.55641194)
7;2020;1;23;5;3;5;2;2;1;1;0;0;0;0;0;POINT (13.42146662 52.46523856)
4;2020;1;10;1;3;2;2;0;0;1;0;0;0;0;1;POINT (13.33278095 52.47855597)
9;2020;1;8;3;3;5;3;0;1;0;0;0;0;0;0;POINT (13.53901133 52.43420703)
9;2020;1;8;1;3;5;2;0;1;1;0;0;0;0;0;POINT (13.51109213 52.44489424)
11;2020;1;10;4;2;6;4;0;0;0;1;0;0;1;1;POINT (13.50044189 52.51072499)
1;2020;1;8;1;3;2;6;0;0;1;0;0;0;0;0;POINT (13.3491152 52.54234175)
1;2020;1;8;1;3;5;2;0;1;0;0;0;1;0;1;POINT (13.40959879 52.52395155)
9;2020;1;7;4;2;6;4;2;0;1;1;0;0;0;1;POINT (13.58510068 52.42776221)
6;2020;1;8;1;3;6;4;0;0;1;1;0;0;0;0;POINT (13.32176679 52.45663671)
3;2020;1;7;1;3;0;6;1;0;1;0;0;0;1;1;POINT (13.47753763 52.56691662)
2;2020;1;16;3;3;3;6;1;1;1;0;0;0;0;0;POINT (13.47044918 52.50635321)
3;2020;1;19;1;3;5;3;2;1;1;0;0;0;0;1;POINT (13.43280084 52.55722031)
2;2020;1;18;4;3;6;4;2;1;0;1;0;0;0;0;POINT (13.39957539 52.49610041)
12;2020;1;18;1;3;5;3;2;1;1;0;0;0;0;0;POINT (13.28442761 52.59449492)
10;2020;1;9;3;3;5;3;0;0;1;0;0;0;0;1;POINT (13.54297721 52.53664114)
1;2020;1;18;1;3;0;6;2;0;1;0;1;0;0;0;POINT (13.38629275 52.53290208)
1;2020;1;13;3;3;1;5;0;1;0;0;0;0;1;0;POINT (13.34376761 52.5252691)
1;2020;1;18;1;3;6;7;2;0;0;1;1;0;0;0;POINT (13.38837158 52.51963144)
8;2020;1;16;1;3;2;6;1;0;1;0;0;0;0;0;POINT (13.4357323 52.48093135)
1;2020;1;9;3;3;6;4;0;0;1;1;0;0;0;1;POINT (13.34352345 52.54932747)
11;2020;1;9;2;3;2;6;0;0;1;0;0;0;0;0;POINT (13.46183768 52.52990445)
7;2020;1;16;1;3;2;6;1;0;1;0;0;0;0;0;POINT (13.38952376 52.43427391)
1;2020;1;9;3;3;1;5;0;1;1;0;0;0;0;1;POINT (13.40698891 52.53522561)
3;2020;1;8;2;3;5;2;0;1;1;0;0;0;0;1;POINT (13.42860647 52.59946401)
9;2020;1;15;1;3;5;3;0;0;1;0;0;0;0;0;POINT (13.52701319 52.43763971)
9;2020;1;15;4;2;0;3;0;1;0;0;1;0;0;1;POINT (13.63026738 52.45057789)
4;2020;1;15;1;3;1;5;0;0;1;0;0;0;0;0;POINT (13.24512258 52.52266591)
3;2020;1;14;1;3;6;4;0;0;1;1;0;0;0;0;POINT (13.49236716 52.61606513)
6;2020;1;22;3;3;6;2;2;0;1;1;0;0;0;0;POINT (13.32048264 52.45679021)
11;2020;1;14;3;3;2;6;0;0;1;0;0;0;0;0;POINT (13.49218086 52.52303262)
9;2020;1;7;1;3;2;6;1;0;1;0;0;0;0;1;POINT (13.53916093 52.43695911)
8;2020;1;7;1;3;5;3;1;1;0;0;0;0;1;0;POINT (13.44588619 52.47227476)
3;2020;1;7;1;3;5;2;1;1;1;0;0;0;0;1;POINT (13.40263638 52.56557381)
12;2020;1;7;3;3;5;2;1;0;1;0;0;0;0;1;POINT (13.33051634 52.56251124)
4;2020;1;8;2;3;2;6;0;0;1;0;0;0;0;1;POINT (13.29475933 52.53941866)
3;2020;1;7;1;3;5;3;1;1;1;0;0;0;0;1;POINT (13.43260387 52.55752969)
2;2020;1;13;4;3;1;5;0;1;1;0;0;0;0;0;POINT (13.42383046 52.50002419)
2;2020;1;15;3;3;5;7;0;0;1;0;0;0;1;0;POINT (13.38178252 52.49711764)
8;2020;1;6;1;3;5;2;2;0;1;0;0;0;0;1;POINT (13.45903539 52.44036358)
8;2020;1;17;3;2;5;3;2;0;1;0;0;0;0;1;POINT (13.43301032 52.45240588)
5;2020;1;6;1;3;5;2;2;1;1;0;0;0;0;0;POINT (13.24702546 52.54397578)
1;2020;1;21;4;3;5;7;2;0;1;0;0;0;0;0;POINT (13.38374947 52.55502506)
11;2020;1;18;3;3;6;4;2;0;1;1;0;0;0;0;POINT (13.52352184 52.56574176)
1;2020;1;6;1;3;5;3;2;0;1;0;1;0;0;0;POINT (13.37707033 52.50858378)
2;2020;1;18;3;3;2;7;2;1;1;0;0;0;0;1;POINT (13.40818129 52.4930419)
6;2020;1;1;3;1;8;7;2;0;0;0;1;0;0;0;POINT (13.34053875 52.44359796)
8;2020;1;4;1;2;5;3;2;0;1;0;1;0;0;0;POINT (13.44624742 52.48633773)
6;2020;1;8;2;3;5;2;0;1;1;0;0;0;0;0;POINT (13.31539262 52.45144979)
11;2020;1;4;1;3;5;2;2;1;1;0;0;0;0;0;POINT (13.5273191 52.55647879)
1;2020;1;4;1;3;8;1;2;0;1;0;0;0;0;1;POINT (13.36423448 52.52764212)
1;2020;1;8;2;3;5;2;0;1;1;0;0;0;0;0;POINT (13.38043628 52.51810128)
4;2020;1;2;7;3;8;1;2;0;1;0;0;0;0;1;POINT (13.27200785 52.49878669)
8;2020;1;8;4;3;5;3;0;1;1;0;0;0;0;1;POINT (13.4479356 52.47798848)
11;2020;1;6;3;3;2;6;2;0;1;0;0;1;0;1;POINT (13.52836997 52.55704661)
4;2020;1;19;7;3;6;7;2;0;1;1;0;0;0;0;POINT (13.31769792 52.50614468)
2;2020;1;3;7;3;9;1;2;0;1;1;0;0;0;1;POINT (13.46648115 52.50207899)
8;2020;1;11;2;3;6;4;0;0;1;1;0;0;0;0;POINT (13.43675209 52.44964025)
2;2020;1;0;7;3;6;4;2;0;1;1;0;0;0;0;POINT (13.44407573 52.49996549)
5;2020;1;22;7;3;2;6;2;0;1;0;0;0;0;1;POINT (13.21848337 52.56028477)
10;2020;1;15;2;3;6;4;0;0;1;1;0;0;0;0;POINT (13.601415 52.48256787)
8;2020;1;20;7;3;5;5;2;0;1;0;0;0;0;0;POINT (13.43672919 52.45711022)
11;2020;1;20;7;3;6;7;2;0;1;1;0;0;0;0;POINT (13.49238555 52.53912201)