bez;ujahr;umonat;ustunde;uwochentag;ukategorie;uart;utyp1;ulichtverh;istrad;istpkw;istfuss;istkrad;istgkfz;istsonstige;ustrzustand;geometry
2;2020;1;14;2;3;1;5;0;1;1;0;0;0;0;0;POINT (13.43689836 52.49294204)
4;2020;1;19;7;3;2;6;2;0;1;0;0;0;0;0;POINT (13.29643915 52.54845513)
3;2020;1;6;4;2;6;4;2;0;1;1;0;0;0;1;POINT (13.43047759 52.6105666)
1;2020;1;15;2;3;6;2;0;0;0;1;0;0;1;0;POINT (13.3925741 52.52827975)
3;2020;1;19;7;3;5;3;2;0;1;0;0;0;1;0;POINT (13.41838286 52.55330239)
1;2020;1;18;7;3;1;5;2;0;1;0;0;0;0;0;POINT (13.37601511 52.55468636)
9;2020;1;14;2;3;6;7;0;1;0;1;0;0;0;0;POINT (13.56925434 52.443239)
4;2020;1;8;2;3;5;3;0;0;1;0;0;0;0;1;POINT (13.28563375 52.48290888)
8;2020;1;17;7;3;1;5;1;1;1;0;0;0;0;0;POINT (13.44318023 52.48075032)
4;2020;1;17;4;3;6;4;2;0;1;1;0;0;0;0;POINT (13.32447744 52.49793583)
4;2020;1;12;7;3;5;2;0;0;1;0;0;0;0;0;POINT (13.27690842 52.50706503)
5;2020;1;14;2;3;5;3;0;1;1;0;0;0;0;0;POINT (13.16247388 52.46472868)
12;2020;1;21;6;3;5;3;2;0;1;0;0;0;0;1;POINT (13.35135969 52.60390191)
4;2020;1;8;3;3;3;6;0;0;1;0;0;0;0;0;POINT (13.30229356 52.50753795)
12;2020;1;23;5;3;5;3;2;0;1;0;1;0;0;0;POINT (13.32797355 52.56412308)
10;2020;1;19;6;3;2;6;2;0;1;0;0;0;0;1;POINT (13.59558476 52.52872567)
9;2020;1;12;2;3;5;3;0;1;1;0;0;0;0;0;POINT (13.5281026 52.40250226)
8;2020;1;19;6;3;6;7;2;0;1;1;0;0;0;1;POINT (13.42491345 52.48154015)
4;2020;1;14;3;3;1;5;0;1;1;0;0;0;0;0;POINT (13.29113358 52.49152307)
12;2020;1;17;6;3;5;3;2;0;1;0;0;0;0;1;POINT (13.31871013 52.57397266)
4;2020;1;18;6;3;6;4;2;0;1;1;0;0;0;1;POINT (13.33042197 52.51277291)
1;2020;1;11;2;2;0;4;0;0;0;1;0;0;1;0;POINT (13.37236425 52.55667653)
5;2020;1;8;2;3;2;6;0;0;1;0;0;0;0;1;POINT (13.20992705 52.5506659)
8;2020;1;18;6;3;5;3;2;0;1;0;0;0;0;1;POINT (13.48462182 52.41723963)
2;2020;1;23;4;3;5;3;2;0;1;0;0;0;1;1;POINT (13.42645441 52.49940113)
4;2020;1;14;2;3;5;3;0;0;1;0;0;0;0;1;POINT (13.30385558 52.52561083)
4;2020;1;16;6;3;2;6;2;0;1;0;0;0;0;1;POINT (13.33102488 52.49063858)
10;2020;1;7;3;3;6;4;1;0;0;1;1;0;0;1;POINT (13.571488 52.54065857)
4;2020;1;11;2;3;5;2;0;0;1;0;1;0;0;1;POINT (13.28909089 52.5108633)
7;2020;1;15;6;3;2;6;0;1;1;0;0;0;0;0;POINT (13.35327684 52.4896287)
9;2020;1;16;6;3;0;1;1;1;0;0;0;0;0;1;POINT (13.57408072 52.45412479)
1;2020;1;14;6;2;5;3;0;1;0;0;0;0;0;1;POINT (13.40510505 52.52876996)
8;2020;1;13;6;3;8;1;0;0;1;0;0;0;0;1;POINT (13.46191356 52.42207064)
3;2020;1;13;6;3;0;7;0;1;0;0;0;0;0;1;POINT (13.46256869 52.6122073)
8;2020;1;11;2;3;5;3;0;1;1;0;0;0;0;0;POINT (13.45188881 52.43785515)
7;2020;1;16;2;2;5;2;2;0;1;0;1;0;0;1;POINT (13.37883988 52.43766189)
6;2020;1;12;6;2;2;7;0;0;0;0;1;1;0;1;POINT (13.17745372 52.42129751)
10;2020;1;19;4;3;1;5;2;0;1;0;0;0;0;0;POINT (13.60182872 52.52806949)
1;2020;1;7;6;2;6;4;2;0;1;1;0;0;0;1;POINT (13.40354899 52.52095437)
1;2020;1;18;3;3;5;3;2;0;1;0;0;0;0;1;POINT (13.38911608 52.51563295)
11;2020;1;21;2;3;3;6;2;0;1;0;1;0;0;0;POINT (13.47495947 52.5342936)
8;2020;1;22;6;3;6;4;2;0;0;1;0;0;1;1;POINT (13.4262738 52.47726689)
5;2020;1;20;2;2;0;2;2;0;1;0;1;0;0;0;POINT (13.15777144 52.56118999)
6;2020;1;16;5;3;6;7;1;0;1;0;0;0;1;0;POINT (13.31135411 52.43059246)
2;2020;1;17;5;3;3;6;1;1;0;0;0;0;0;0;POINT (13.44354607 52.52507877)
2;2020;1;19;2;3;0;2;2;1;1;0;0;0;0;0;POINT (13.39700281 52.50014364)
11;2020;1;7;5;3;6;4;1;0;1;1;0;0;0;0;POINT (13.4829333 52.52322456)
8;2020;1;8;4;3;5;2;0;1;1;0;0;0;0;1;POINT (13.42896304 52.47189593)
11;2020;1;16;2;3;0;6;1;1;1;0;0;0;0;0;POINT (13.4949248 52.54536785)
1;2020;1;16;5;3;0;2;1;0;1;0;0;0;1;0;POINT (13.40942383 52.52224936)
8;2020;1;17;2;3;6;7;2;0;0;1;0;0;1;0;POINT (13.43207886 52.46644741)
1;2020;1;11;5;3;6;2;0;0;1;1;0;0;0;0;POINT (13.38879409 52.51723274)
6;2020;1;13;4;2;5;3;0;0;1;0;0;0;0;1;POINT (13.30306124 52.42773389)
8;2020;1;11;5;3;2;6;0;0;1;0;0;0;0;0;POINT (13.44120036 52.47218767)
1;2020;1;18;3;3;3;6;1;0;1;0;0;0;0;0;POINT (13.35149316 52.50505992)
7;2020;1;11;5;3;6;4;0;0;1;1;0;0;0;0;POINT (13.34253624 52.5021543)
1;2020;1;19;2;3;5;3;2;1;1;0;0;0;0;0;POINT (13.37549826 52.5423259)
3;2020;1;10;5;3;5;3;0;0;1;0;0;0;1;0;POINT (13.4183511 52.55980587)
11;2020;1;7;5;2;6;4;1;0;1;1;0;0;0;1;POINT (13.4939808 52.56497168)
10;2020;1;10;5;3;2;2;0;0;1;0;0;0;0;0;POINT (13.54783778 52.54159985)
3;2020;1;18;2;2;6;4;2;0;1;1;0;0;0;0;POINT (13.4275747 52.54584132)
5;2020;1;11;5;3;5;3;0;1;1;0;0;0;0;0;POINT (13.19656314 52.56292973)
11;2020;1;5;4;3;5;2;2;1;1;0;0;0;0;1;POINT (13.54010619 52.56530093)
9;2020;1;17;5;2;6;4;2;0;0;1;0;0;1;0;POINT (13.56765211 52.44486407)
11;2020;1;17;5;2;6;4;2;0;1;1;0;0;0;0;POINT (13.50892991 52.4949865)
11;2020;1;17;2;3;2;6;2;0;1;0;0;0;0;0;POINT (13.473546 52.53253683)
3;2020;1;17;5;2;5;2;2;0;1;0;1;0;0;0;POINT (13.45315063 52.58988361)
12;2020;1;15;5;3;2;7;0;0;0;0;1;0;1;0;POINT (13.31583772 52.57103481)
4;2020;1;10;2;2;6;4;0;0;1;1;0;0;0;0;POINT (13.28119482 52.48233093)
5;2020;1;15;5;3;5;3;0;0;1;0;0;0;0;0;POINT (13.21078891 52.56746303)
8;2020;1;14;4;3;2;6;0;0;1;0;0;0;0;0;POINT (13.44647226 52.47847455)
4;2020;1;13;5;2;5;2;0;0;1;0;1;0;0;0;POINT (13.3129956 52.48036743)
10;2020;1;9;2;3;6;2;0;0;1;1;0;0;0;1;POINT (13.58723171 52.52328075)
3;2020;1;12;5;2;6;4;0;0;1;1;0;0;0;0;POINT (13.41326838 52.547674)
12;2020;1;13;3;3;6;2;0;0;0;1;0;0;1;0;POINT (13.32642045 52.60450594)
1;2020;1;17;2;3;6;2;1;0;1;1;0;0;0;1;POINT (13.34302281 52.52616607)
1;2020;1;12;5;3;5;7;0;0;1;0;1;0;0;0;POINT (13.32726059 52.53274733)
10;2020;1;11;5;2;5;3;0;1;1;0;0;0;0;0;POINT (13.55376954 52.54911799)
2;2020;1;8;2;3;5;3;0;1;1;0;0;0;0;0;POINT (13.46637221 52.50867743)
12;2020;1;16;2;3;1;5;1;0;1;0;0;0;0;1;POINT (13.35712256 52.57744296)
1;2020;1;23;5;3;6;7;2;1;1;1;0;0;0;1;POINT (13.41332279 52.52779789)
12;2020;1;21;4;2;6;4;2;0;1;1;0;0;0;0;POINT (13.29407478 52.57717594)
5;2020;1;20;2;2;6;2;2;0;1;1;0;0;0;1;POINT (13.14423214 52.45430903)
1;2020;1;22;5;3;6;4;2;0;1;1;0;0;0;0;POINT (13.4017617 52.53036777)
6;2020;1;13;4;2;1;1;0;0;1;0;0;1;0;1;POINT (13.27519238 52.42663388)
12;2020;1;20;5;3;5;3;2;0;1;0;0;0;0;0;POINT (13.30660447 52.57743761)
1;2020;1;19;5;3;3;6;2;1;1;0;0;0;0;0;POINT (13.35923436 52.52331841)
2;2020;1;9;3;3;3;6;0;1;0;0;0;0;1;0;POINT (13.39445604 52.49758619)
1;2020;1;18;5;3;5;5;2;0;1;0;0;0;0;0;POINT (13.35711865 52.50130464)
1;2020;1;17;5;3;5;2;2;0;1;0;1;0;0;0;POINT (13.3801578 52.51971561)
12;2020;1;7;5;3;6;4;1;0;1;1;0;0;0;1;POINT (13.23066875 52.62455188)
1;2020;1;8;2;3;6;4;0;0;0;1;1;0;0;0;POINT (13.38666824 52.53306864)
3;2020;1;16;2;3;6;2;1;0;1;1;0;0;0;1;POINT (13.42076997 52.5488798)
11;2020;1;7;5;3;2;6;0;0;1;0;0;0;0;1;POINT (13.52463772 52.55523086)
1;2020;1;13;4;3;5;2;0;1;1;0;0;0;0;1;POINT (13.34510175 52.53905633)
11;2020;1;6;5;3;2;6;2;0;1;0;0;0;0;0;POINT (13.46165123 52.52986165)
4;2020;1;18;3;3;2;6;2;0;1;0;0;0;0;1;POINT (13.32618733 52.50017534)
11;2020;1;6;5;3;2;2;2;0;1;0;0;0;1;0;POINT (13.49940235 52.52025365)
2;2020;1;7;2;3;2;6;1;0;1;0;0;0;0;0;POINT (13.38890322 52.49875699)
7;2020;1;4;5;3;5;3;2;1;1;0;0;0;0;0;POINT (13.35299156 52.49933066)
5;2020;1;6;3;3;5;2;1;0;1;0;0;0;0;1;POINT (13.16539948 52.55120206)
6;2020;1;6;2;3;2;6;1;0;1;0;0;0;0;1;POINT (13.31927381 52.45367281)
5;2020;1;13;5;3;6;7;0;1;0;1;0;0;0;0;POINT (13.24563349 52.52478645)
10;2020;1;5;2;3;0;1;2;0;1;0;0;0;0;0;POINT (13.57523773 52.53077298)
10;2020;1;2;4;3;0;1;2;1;0;0;0;0;0;1;POINT (13.55057086 52.5429679)
2;2020;1;21;4;3;6;4;2;0;0;1;0;0;1;0;POINT (13.39490247 52.50048664)
12;2020;1;13;2;1;4;5;0;0;1;0;0;1;0;0;POINT (13.27796902 52.57572987)
1;2020;1;7;4;3;0;2;2;0;1;0;1;0;0;0;POINT (13.35463245 52.51708727)
8;2020;1;8;4;3;5;3;0;0;1;0;0;0;1;1;POINT (13.45905337 52.44040983)
9;2020;1;7;4;3;5;2;0;0;1;0;0;0;0;1;POINT (13.5532321 52.46968997)
1;2020;1;14;4;3;5;3;0;1;0;0;0;0;1;0;POINT (13.33007545 52.52379294)
7;2020;1;13;1;3;6;2;0;0;1;1;0;0;0;0;POINT (13.32856934 52.47345899)
3;2020;1;14;4;3;2;6;0;0;1;0;0;0;0;0;POINT (13.41388459 52.55363519)
7;2020;1;13;5;3;5;3;0;1;1;0;0;0;0;0;POINT (13.36548733 52.49738139)
9;2020;1;14;4;3;5;2;0;1;1;0;0;0;0;0;POINT (13.57703862 52.45578013)
12;2020;1;13;1;3;5;3;0;0;1;0;0;0;0;0;POINT (13.30268469 52.61807209)
1;2020;1;15;4;3;5;3;0;1;1;0;0;0;0;0;POINT (13.32029135 52.53144975)
4;2020;1;14;4;3;3;6;0;0;1;0;0;0;0;1;POINT (13.32608341 52.53854064)
7;2020;1;12;4;3;3;6;0;1;1;0;0;0;0;0;POINT (13.42141644 52.46566719)
1;2020;1;9;1;3;5;2;0;0;1;0;1;0;0;1;POINT (13.34609026 52.50403028)
1;2020;1;12;4;3;2;2;0;0;1;0;0;0;0;0;POINT (13.33535804 52.52670931)
5;2020;1;7;4;2;6;2;1;0;1;1;0;0;0;1;POINT (13.208659 52.56159151)
1;2020;1;12;4;2;6;4;0;0;0;1;0;0;1;0;POINT (13.41537892 52.52271245)
8;2020;1;10;4;3;5;2;0;0;1;0;0;0;0;0;POINT (13.46780086 52.46053919)
1;2020;1;12;1;3;0;2;0;0;0;0;0;1;1;0;POINT (13.38999114 52.52569301)
1;2020;1;9;4;3;2;6;0;1;1;0;0;0;0;0;POINT (13.39185787 52.51026521)
1;2020;1;18;4;3;6;4;2;0;1;1;0;0;0;0;POINT (13.42272851 52.51389143)
11;2020;1;8;4;3;2;2;0;0;1;0;0;0;0;0;POINT (13.49977666 52.526363)
1;2020;1;14;1;3;5;2;0;1;1;0;0;0;0;0;POINT (13.34358696 52.55328982)
9;2020;1;8;4;3;1;6;0;1;1;0;0;0;0;0;POINT (13.57719865 52.4441267)
4;2020;1;13;3;3;5;3;0;1;1;0;0;0;0;0;POINT (13.32438254 52.49781359)
7;2020;1;7;4;3;2;2;1;0;1;0;1;0;0;1;POINT (13.40642207 52.39848902)
3;2020;1;17;3;3;1;5;2;0;1;0;0;0;1;1;POINT (13.38880986 52.56926985)
5;2020;1;6;4;2;6;2;2;0;1;1;0;0;0;0;POINT (13.19348819 52.54886006)
1;2020;1;6;4;3;5;2;2;0;1;0;0;0;0;0;POINT (13.35912477 52.54645867)
6;2020;1;13;1;3;0;6;0;0;1;0;0;0;1;0;POINT (13.3334972 52.45210826)
8;2020;1;20;2;3;9;1;2;0;1;0;0;0;0;1;POINT (13.42535122 52.46371107)
11;2020;1;18;4;2;6;3;2;0;1;1;0;0;0;0;POINT (13.47166258 52.53791892)
1;2020;1;14;4;3;1;5;0;1;1;0;0;0;0;0;POINT (13.37752348 52.52917166)
1;2020;1;18;4;3;5;3;2;1;1;0;0;0;0;0;POINT (13.40622328 52.53216898)
1;2020;1;22;2;3;6;2;2;0;0;1;0;0;1;1;POINT (13.37040921 52.54464152)
2;2020;1;7;4;3;5;2;1;1;1;0;0;0;0;1;POINT (13.43200539 52.49733435)
1;2020;1;9;3;3;2;6;0;0;1;0;0;0;0;0;POINT (13.34629068 52.54766448)
3;2020;1;7;2;3;6;2;0;0;1;1;0;0;0;1;POINT (13.42342011 52.58583443)
6;2020;1;20;4;3;1;5;2;1;1;0;0;0;0;0;POINT (13.29066637 52.42944987)
12;2020;1;17;4;3;6;4;2;0;1;1;0;0;0;0;POINT (13.21297172 52.60863435)
11;2020;1;7;4;3;5;3;1;1;0;0;0;0;1;0;POINT (13.49941325 52.52288843)
5;2020;1;13;1;3;5;3;0;1;1;0;0;0;0;0;POINT (13.20675029 52.53411522)
8;2020;1;15;3;2;6;4;0;0;1;1;0;0;0;0;POINT (13.424405 52.42416938)
7;2020;1;13;4;3;5;2;0;0;1;0;0;0;0;1;POINT (13.35016871 52.41428367)
1;2020;2;4;1;3;5;3;2;0;1;0;0;0;0;1;POINT (13.40240597 52.53847485)
9;2020;2;17;7;3;0;7;2;0;1;0;1;0;0;0;POINT (13.55119004 52.4390485)
1;2020;2;13;1;3;2;2;0;0;1;0;0;0;1;1;POINT (13.3589485 52.55385951)
1;2020;2;6;1;3;6;4;1;0;0;1;1;0;0;0;POINT (13.34320651 52.53203274)
4;2020;2;15;7;3;2;6;0;0;1;0;0;0;0;1;POINT (13.33098673 52.50527175)
8;2020;2;15;3;3;0;3;0;1;0;0;0;0;1;0;POINT (13.43690022 52.42340472)
2;2020;2;20;7;3;5;3;2;0;1;0;1;0;0;1;POINT (13.42631579 52.49933222)
2;2020;2;17;7;3;5;3;2;1;1;0;0;0;0;0;POINT (13.44089772 52.52446458)
8;2020;2;18;1;3;1;5;2;1;1;0;0;0;0;1;POINT (13.43155418 52.47004117)
2;2020;2;16;7;3;0;7;0;0;1;0;0;0;1;0;POINT (13.43615794 52.50760531)
7;2020;2;8;2;3;4;6;0;1;0;0;0;0;0;0;POINT (13.34118266 52.47622379)
12;2020;2;4;7;2;1;1;2;0;1;0;0;0;1;0;POINT (13.31423059 52.57419715)
1;2020;2;13;7;3;2;6;0;0;1;0;0;0;0;0;POINT (13.36400212 52.50992859)
11;2020;2;20;7;3;6;2;2;0;1;1;0;0;0;1;POINT (13.51969365 52.50570589)
4;2020;2;15;2;3;5;2;0;1;1;0;0;0;0;1;POINT (13.30202276 52.53944399)
3;2020;2;8;3;3;5;3;0;1;1;0;0;0;0;1;POINT (13.44252127 52.54286951)
2;2020;2;19;7;3;0;7;2;0;1;1;0;0;0;1;POINT (13.42211989 52.49277704)
4;2020;2;17;1;3;5;2;2;0;1;0;0;0;0;1;POINT (13.30230525 52.48831634)
7;2020;2;14;7;3;2;6;0;1;1;0;0;0;0;0;POINT (13.37857122 52.44534429)
1;2020;2;19;2;3;2;6;2;0;1;0;0;0;0;1;POINT (13.38183446 52.55592143)
4;2020;2;19;7;2;5;3;2;1;1;0;0;0;0;1;POINT (13.30019815 52.49882659)
1;2020;2;13;7;3;5;2;0;0;1;0;0;0;0;0;POINT (13.4117835 52.52396641)
4;2020;2;8;4;3;5;2;0;1;0;0;0;0;1;0;POINT (13.28224422 52.53377665)
1;2020;2;19;7;3;2;6;2;1;0;0;0;0;1;1;POINT (13.41904752 52.51529034)
9;2020;2;10;2;3;5;7;0;0;1;0;0;0;1;0;POINT (13.55446971 52.45589363)
1;2020;2;10;1;3;5;3;0;0;1;0;0;0;0;1;POINT (13.34898813 52.50482467)
5;2020;2;12;6;3;2;6;0;0;1;0;0;0;0;0;POINT (13.17763471 52.51694458)
1;2020;2;11;1;2;5;3;0;0;1;0;0;0;1;1;POINT (13.38874933 52.55016747)
1;2020;2;13;2;3;1;5;0;0;1;0;0;0;0;0;POINT (13.35041892 52.55786413)
6;2020;2;19;7;3;6;2;2;0;1;1;0;0;0;1;POINT (13.33791558 52.4509472)
4;2020;2;12;6;3;0;5;0;0;0;0;0;0;1;0;POINT (13.30176847 52.48828882)
4;2020;2;15;1;3;1;5;0;0;1;0;0;0;0;1;POINT (13.31553246 52.48098314)
2;2020;2;12;6;3;2;6;0;0;1;0;0;0;0;0;POINT (13.43034896 52.5106638)
1;2020;2;18;2;3;6;2;2;0;0;1;0;0;1;0;POINT (13.38364076 52.55133584)
8;2020;2;18;7;3;6;2;2;0;1;1;0;0;0;1;POINT (13.4602966 52.43190853)
4;2020;2;11;6;3;5;2;0;1;1;0;0;0;0;0;POINT (13.33310011 52.48756161)
10;2020;2;14;3;3;8;1;0;0;0;0;0;1;0;0;POINT (13.57511439 52.56025929)
12;2020;2;17;7;2;6;2;2;0;1;1;0;0;0;1;POINT (13.36050058 52.59702851)
4;2020;2;21;2;3;6;7;2;0;1;1;0;0;0;1;POINT (13.2930821 52.49740648)
4;2020;2;8;1;3;5;2;0;1;1;0;0;0;0;1;POINT (13.2959346 52.49587689)
12;2020;2;11;6;3;1;1;0;0;1;0;0;0;0;0;POINT (13.37250369 52.56846641)
1;2020;2;11;1;3;5;3;0;1;1;0;0;0;0;1;POINT (13.40717956 52.53331539)
1;2020;2;6;1;3;5;2;2;1;1;0;0;0;0;0;POINT (13.40121733 52.51114663)
1;2020;2;17;7;3;5;2;2;1;0;0;0;0;1;1;POINT (13.39604695 52.53833841)
9;2020;2;16;3;2;5;3;0;1;1;0;0;0;0;0;POINT (13.57360358 52.40785954)
5;2020;2;16;7;3;6;4;1;0;1;1;0;0;0;1;POINT (13.20950496 52.54717315)
1;2020;2;2;6;2;3;6;2;0;1;0;0;0;0;0;POINT (13.40103671 52.5299839)
10;2020;2;20;1;2;5;2;2;0;1;0;0;0;0;1;POINT (13.54525071 52.51651929)
7;2020;2;22;3;3;5;7;2;0;1;0;0;0;0;0;POINT (13.33340198 52.46983414)
5;2020;2;16;7;3;5;7;1;0;1;0;1;0;0;1;POINT (13.20996149 52.54823797)
6;2020;2;18;1;3;5;3;2;1;1;0;0;0;0;1;POINT (13.29959017 52.45446627)
5;2020;2;13;2;2;5;2;0;0;1;0;0;0;0;0;POINT (13.15352222 52.55343124)
4;2020;2;15;1;3;5;3;0;0;1;0;0;0;0;1;POINT (13.28681515 52.49582464)
4;2020;2;1;6;3;0;2;2;1;1;0;0;0;0;0;POINT (13.31287843 52.50002018)
1;2020;2;8;1;3;0;5;0;1;0;0;0;0;1;1;POINT (13.36232094 52.55079911)
3;2020;2;5;1;3;5;3;2;1;1;0;0;0;0;1;POINT (13.42737449 52.5524928)
3;2020;2;16;7;3;5;2;1;0;1;0;1;0;0;1;POINT (13.43914497 52.54734094)
10;2020;2;15;3;3;6;2;0;0;1;1;0;0;0;0;POINT (13.53996384 52.52594014)
6;2020;2;16;7;2;5;7;1;0;1;0;0;0;0;1;POINT (13.35799812 52.4218333)
1;2020;2;21;6;3;0;2;2;1;0;0;0;0;1;0;POINT (13.35719856 52.52372043)
12;2020;2;18;1;2;6;2;2;0;1;1;0;0;0;1;POINT (13.35914602 52.57421114)
6;2020;2;21;6;2;5;2;2;0;1;0;0;0;0;0;POINT (13.30963959 52.43130158)
1;2020;2;23;2;3;1;5;2;0;1;0;0;1;0;1;POINT (13.38578532 52.54317009)
7;2020;2;22;7;2;5;2;2;0;1;0;0;0;0;1;POINT (13.34624882 52.50105412)
1;2020;2;19;6;3;5;2;2;0;1;0;0;0;0;0;POINT (13.38441586 52.55599044)
7;2020;2;17;6;3;5;3;2;0;1;0;1;0;0;0;POINT (13.37056597 52.4880672)
4;2020;2;10;2;3;0;7;0;1;0;0;0;0;0;0;POINT (13.30066457 52.50249464)
6;2020;2;12;1;3;2;6;0;0;1;0;0;0;0;0;POINT (13.34100208 52.44298558)
3;2020;2;17;6;3;5;3;1;1;1;0;0;0;0;0;POINT (13.40217908 52.55432137)
3;2020;2;14;7;3;5;3;0;1;1;0;0;0;0;1;POINT (13.40020889 52.58043537)
9;2020;2;6;3;3;6;2;1;0;1;1;0;0;0;1;POINT (13.53992591 52.39678891)
2;2020;2;14;7;3;5;2;0;0;1;0;0;0;0;1;POINT (13.39512297 52.49625937)
2;2020;2;17;1;3;5;3;2;1;1;0;0;0;0;1;POINT (13.4266829 52.5157069)
8;2020;2;15;6;3;1;5;0;1;0;0;0;0;1;0;POINT (13.4242886 52.47734097)
12;2020;2;18;2;3;6;2;2;0;0;1;0;1;0;1;POINT (13.35391542 52.56220087)
7;2020;2;13;7;3;5;3;0;0;1;0;0;0;0;1;POINT (13.38220137 52.435956)
7;2020;2;14;6;2;5;3;0;0;1;0;1;0;0;0;POINT (13.38048164 52.44286166)
7;2020;2;23;4;3;6;2;2;0;1;1;0;0;0;0;POINT (13.35471309 52.45869761)
4;2020;2;13;7;3;2;6;0;0;1;0;0;0;0;1;POINT (13.28038822 52.50669587)
6;2020;2;8;2;3;2;7;0;1;0;0;0;1;0;1;POINT (13.32927773 52.42895955)
2;2020;2;5;4;3;5;3;2;0;1;0;1;0;0;0;POINT (13.39256076 52.49179685)
1;2020;2;0;7;3;2;6;2;0;1;0;0;0;0;0;POINT (13.34714715 52.50367953)
10;2020;2;15;2;2;5;3;0;0;1;0;0;0;1;0;POINT (13.54104122 52.52575927)
9;2020;2;11;1;3;0;4;0;0;0;1;0;0;1;1;POINT (13.5331827 52.43358034)
9;2020;2;13;6;3;2;6;0;0;1;0;0;0;0;0;POINT (13.56179968 52.45843719)
12;2020;2;14;2;3;6;7;0;1;0;1;0;0;0;0;POINT (13.33004606 52.5943766)
1;2020;2;3;6;3;0;1;2;0;0;0;0;0;1;0;POINT (13.35887459 52.52335667)
2;2020;2;13;6;3;2;6;0;0;1;0;0;0;0;0;POINT (13.43044534 52.523301)
3;2020;2;14;3;2;5;3;0;1;1;0;0;0;0;0;POINT (13.46651201 52.55062092)
1;2020;2;16;6;3;5;2;1;0;1;0;1;0;0;1;POINT (13.3510454 52.51491199)
1;2020;2;18;2;3;6;7;2;0;1;1;0;0;0;1;POINT (13.33558325 52.52668853)
1;2020;2;6;1;3;6;2;2;0;0;1;0;0;1;1;POINT (13.34485827 52.53913875)
5;2020;2;20;5;3;1;5;2;0;1;0;1;0;0;0;POINT (13.22346623 52.5371437)
7;2020;2;8;1;3;2;6;0;0;1;0;0;0;0;1;POINT (13.40730381 52.45180479)
9;2020;2;7;1;3;0;1;2;0;0;0;1;0;0;1;POINT (13.57007264 52.4445768)
8;2020;2;9;1;3;6;2;0;0;0;1;0;1;0;1;POINT (13.42125419 52.4130836)
1;2020;2;21;5;3;0;7;2;0;1;0;1;0;0;0;POINT (13.39252112 52.52826886)
9;2020;2;8;1;3;5;3;0;0;1;0;0;0;0;1;POINT (13.71432386 52.43298538)
4;2020;2;13;2;2;5;3;0;0;1;0;0;0;0;0;POINT (13.28749273 52.47560956)
2;2020;2;20;6;3;5;2;2;1;0;0;1;0;0;1;POINT (13.38582718 52.48503473)
1;2020;2;18;3;3;3;6;2;1;0;0;0;0;0;0;POINT (13.38679444 52.52374372)
12;2020;2;19;6;3;2;6;2;0;1;0;0;0;0;1;POINT (13.29966399 52.5789727)
9;2020;2;22;1;3;0;1;2;0;0;0;1;0;0;1;POINT (13.44431187 52.49288038)
2;2020;2;12;1;3;1;5;0;1;0;0;0;1;0;0;POINT (13.45794195 52.51274387)
3;2020;2;18;2;3;6;4;1;0;1;1;0;0;0;0;POINT (13.39717091 52.57121951)
1;2020;2;15;1;2;2;6;0;0;1;0;0;0;1;1;POINT (13.38397955 52.51038113)
2;2020;2;19;5;2;6;4;2;0;1;1;0;0;0;0;POINT (13.43196132 52.52333255)
1;2020;2;8;1;3;5;2;0;1;1;0;0;0;0;1;POINT (13.35538098 52.51929231)
4;2020;2;19;6;3;6;2;2;0;1;1;0;0;0;1;POINT (13.28667869 52.51872263)
3;2020;2;14;1;2;0;7;0;0;0;1;0;1;0;1;POINT (13.43356425 52.60773411)
7;2020;2;8;3;3;0;1;0;0;0;0;1;0;0;1;POINT (13.35459964 52.49966185)
1;2020;2;19;6;3;0;6;2;0;1;0;1;0;0;1;POINT (13.41455804 52.5276087)
11;2020;2;18;6;3;6;4;2;0;1;1;0;0;0;1;POINT (13.52518227 52.4800957)
3;2020;2;17;1;3;6;4;2;0;1;1;0;0;0;1;POINT (13.45992503 52.55984212)
6;2020;2;15;3;3;2;6;0;1;1;0;0;0;0;0;POINT (13.3486203 52.45384565)
9;2020;2;17;6;2;6;4;1;0;1;1;0;0;0;1;POINT (13.57374628 52.46821119)
8;2020;2;19;5;3;5;5;2;0;1;0;0;0;0;0;POINT (13.44831933 52.42753208)
12;2020;2;19;1;3;5;3;2;0;1;0;0;0;0;1;POINT (13.32762682 52.60893342)
4;2020;2;19;5;3;2;6;2;0;1;0;0;0;0;0;POINT (13.30744016 52.50012154)
7;2020;2;8;2;3;3;6;0;1;1;0;0;0;0;0;POINT (13.4086857 52.39394863)
9;2020;2;22;7;1;0;7;2;1;0;0;0;0;0;1;POINT (13.6257581 52.45268689)
9;2020;2;6;5;3;1;5;2;0;1;0;0;0;1;0;POINT (13.52891035 52.42636288)
12;2020;2;16;6;3;8;1;1;0;1;0;0;0;0;1;POINT (13.26236558 52.59850131)
1;2020;2;18;1;2;6;4;2;0;1;1;0;0;0;1;POINT (13.37876729 52.52770911)
6;2020;2;12;2;3;5;3;0;0;1;0;0;0;0;0;POINT (13.35241532 52.44089979)
5;2020;2;16;1;3;2;6;0;0;1;0;0;0;1;1;POINT (13.24793256 52.52442828)