bez;ujahr;umonat;ustunde;uwochentag;ukategorie;uart;utyp1;ulichtverh;istrad;istpkw;istfuss;istkrad;istgkfz;istsonstige;ustrzustand;geometry
7;2020;2;18;5;3;2;6;2;0;1;0;0;0;0;0;POINT (13.38054473 52.44286897)
2;2020;2;16;2;3;2;6;0;1;1;0;0;0;0;1;POINT (13.43843689 52.51452198)
3;2020;2;17;1;3;6;2;2;0;1;1;0;0;0;1;POINT (13.42342937 52.58583731)
1;2020;2;17;5;2;0;3;2;1;1;0;0;0;0;0;POINT (13.37960752 52.55294439)
1;2020;2;19;2;2;0;6;2;1;0;0;0;0;1;1;POINT (13.40457686 52.52956252)
4;2020;2;15;7;3;6;7;0;0;1;1;0;0;0;1;POINT (13.32740272 52.50272134)
6;2020;2;17;5;3;5;2;2;0;1;0;1;0;0;0;POINT (13.34835351 52.43788447)
12;2020;2;8;4;3;5;2;0;0;1;0;0;0;0;0;POINT (13.3154379 52.57783625)
3;2020;2;12;6;3;5;3;0;0;1;0;0;0;0;1;POINT (13.44813596 52.52973109)
3;2020;2;17;1;2;0;1;2;0;1;0;1;0;0;1;POINT (13.41273681 52.53255837)
1;2020;2;10;2;3;1;5;0;1;1;0;0;0;0;0;POINT (13.35767312 52.53575071)
6;2020;2;10;1;3;4;6;0;0;1;0;0;0;0;1;POINT (13.3546693 52.44862156)
5;2020;2;16;5;3;2;6;1;0;1;0;0;0;0;0;POINT (13.14963757 52.55410616)
8;2020;2;7;1;3;5;3;0;1;1;0;0;0;0;1;POINT (13.43516242 52.42305838)
12;2020;2;14;2;2;5;3;0;0;1;0;0;0;1;1;POINT (13.30906525 52.62169397)
3;2020;2;15;6;3;6;4;0;0;1;1;0;0;0;1;POINT (13.42893807 52.58484822)
6;2020;2;15;5;3;2;2;0;0;1;0;0;0;1;1;POINT (13.35151288 52.43362477)
6;2020;2;16;3;3;5;3;0;0;1;0;0;0;0;0;POINT (13.36509695 52.42395589)
3;2020;2;15;6;3;5;2;0;0;1;0;0;0;0;1;POINT (13.45810865 52.52550511)
1;2020;2;14;6;3;0;1;0;1;0;0;0;0;0;1;POINT (13.41673973 52.52379044)
3;2020;2;14;5;3;2;6;0;0;1;0;0;0;0;0;POINT (13.45747401 52.52872293)
9;2020;2;14;3;3;2;6;0;0;1;0;0;0;1;0;POINT (13.51029825 52.44430667)
7;2020;2;12;6;3;5;2;0;0;1;0;0;0;0;1;POINT (13.3984471 52.41955182)
7;2020;2;6;2;3;5;3;2;0;0;0;1;0;1;0;POINT (13.37899528 52.43768447)
4;2020;2;9;1;3;5;2;0;1;1;0;0;0;0;1;POINT (13.3201242 52.49797218)
5;2020;2;14;5;3;2;6;0;0;1;0;0;0;0;0;POINT (13.20787238 52.5571009)
1;2020;2;16;7;3;0;5;1;0;1;0;0;0;1;0;POINT (13.39062525 52.56306609)
2;2020;2;10;2;3;5;7;0;1;1;0;0;0;0;1;POINT (13.41460097 52.50022911)
9;2020;2;12;6;3;5;3;0;1;1;0;0;0;0;1;POINT (13.48418507 52.46315443)
3;2020;2;17;1;3;0;2;1;0;0;1;0;0;1;1;POINT (13.45894946 52.55015975)
2;2020;2;16;3;3;5;3;1;1;1;0;0;0;0;0;POINT (13.43112295 52.51284488)
6;2020;2;4;6;2;1;1;2;0;1;0;0;0;0;1;POINT (13.31609638 52.42623649)
3;2020;2;16;1;3;6;4;0;0;1;1;0;0;0;1;POINT (13.49310058 52.63640885)
4;2020;2;19;1;3;9;1;2;0;1;1;0;0;0;1;POINT (13.31508416 52.5145434)
7;2020;2;11;2;3;2;2;0;0;1;0;1;0;0;0;POINT (13.33751492 52.47632985)
3;2020;2;12;1;2;5;2;0;0;1;0;0;0;0;1;POINT (13.40207211 52.60285098)
6;2020;2;8;1;3;6;4;0;0;1;1;0;0;0;1;POINT (13.31552565 52.45343997)
2;2020;2;1;1;3;5;2;2;0;1;0;0;0;0;1;POINT (13.39959767 52.49839432)
12;2020;2;14;5;3;5;3;0;0;1;0;1;0;0;0;POINT (13.37763228 52.56360886)
1;2020;2;10;7;2;6;7;0;0;1;1;0;0;0;0;POINT (13.38633808 52.53467885)
3;2020;2;7;1;2;6;4;1;0;1;1;0;0;0;1;POINT (13.41157151 52.58227894)
3;2020;2;12;6;2;5;2;0;0;1;0;0;0;0;1;POINT (13.38067521 52.57458269)
4;2020;2;15;3;3;5;3;0;1;1;0;0;0;0;0;POINT (13.32249322 52.48530511)
10;2020;1;5;5;3;6;2;2;0;1;1;0;0;0;1;POINT (13.58196063 52.55050678)
11;2020;2;14;5;3;5;2;0;1;1;0;0;0;0;0;POINT (13.48120369 52.53866019)
6;2020;2;18;1;3;6;2;2;0;1;1;0;0;0;1;POINT (13.31221169 52.43043263)
5;2020;2;12;5;3;0;5;0;0;1;0;0;0;1;0;POINT (13.196713 52.52590106)
9;2020;2;8;2;2;6;4;0;0;0;1;0;0;1;0;POINT (13.49198094 52.4696593)
2;2020;2;23;7;3;5;2;2;0;1;0;1;0;0;1;POINT (13.46886336 52.50680478)
4;2020;2;13;5;3;5;2;0;0;1;0;0;0;0;0;POINT (13.3022473 52.54789166)
12;2020;1;23;5;3;1;5;2;1;1;0;0;0;0;0;POINT (13.29920514 52.59133002)
10;2020;2;15;1;2;5;3;0;1;1;0;0;0;0;1;POINT (13.5386662 52.52475783)
4;2020;2;12;5;3;0;3;0;0;1;0;1;0;0;0;POINT (13.29392311 52.50527065)
7;2020;1;21;5;3;5;3;2;1;1;0;0;0;0;0;POINT (13.37907267 52.44807306)
11;2020;2;7;3;3;5;2;0;1;0;0;0;0;1;1;POINT (13.47540993 52.52039926)
4;2020;1;19;5;3;5;2;0;0;1;0;0;0;0;0;POINT (13.29643122 52.52927711)
11;2020;2;17;1;3;5;3;2;1;1;0;0;0;0;1;POINT (13.49392604 52.55939323)
9;2020;2;12;5;3;5;7;0;0;1;0;0;0;1;0;POINT (13.51490613 52.46224393)
1;2020;2;15;2;3;5;3;0;0;1;0;0;0;0;1;POINT (13.39374515 52.55049556)
4;2020;1;18;5;3;5;7;2;0;1;0;0;0;0;0;POINT (13.33204688 52.48752551)
7;2020;2;12;5;3;5;3;0;0;1;0;0;0;0;0;POINT (13.3688955 52.4360911)
2;2020;2;19;4;3;5;2;2;1;1;0;0;0;0;0;POINT (13.3797285 52.49563942)
4;2020;1;17;5;3;5;3;2;1;1;0;0;0;0;0;POINT (13.32456783 52.4979472)
1;2020;2;10;2;3;5;2;0;0;1;0;0;1;0;0;POINT (13.34327157 52.53934761)
2;2020;2;10;1;3;0;7;0;0;0;0;0;1;0;1;POINT (13.40116667 52.49842781)
9;2020;2;6;5;3;1;5;1;0;1;0;0;0;0;0;POINT (13.5005968 52.44143983)
5;2020;2;15;2;2;0;6;0;0;1;0;0;0;1;0;POINT (13.20527021 52.53579512)
11;2020;2;12;1;3;2;6;0;0;1;0;0;0;0;1;POINT (13.47585134 52.53321655)
4;2020;2;15;5;1;3;1;0;1;1;0;0;0;0;0;POINT (13.32267896 52.50586761)
7;2020;2;14;2;3;5;5;0;1;1;0;0;0;0;0;POINT (13.39954727 52.38667515)
4;2020;1;15;5;3;6;4;0;0;1;1;0;0;0;0;POINT (13.32027068 52.47687146)
4;2020;2;15;4;3;6;2;0;0;1;1;0;0;0;0;POINT (13.31487921 52.48156637)
1;2020;2;14;3;3;2;2;0;0;1;0;0;0;0;0;POINT (13.34852322 52.54283116)
12;2020;1;12;5;3;1;5;0;1;1;0;0;0;1;0;POINT (13.24526942 52.61065649)
1;2020;2;14;1;3;2;6;0;0;1;0;0;0;0;1;POINT (13.40922725 52.51044776)
1;2020;2;18;2;3;6;2;2;0;1;1;0;0;0;1;POINT (13.36970432 52.55965994)
8;2020;2;7;1;3;5;3;0;1;1;0;0;0;0;1;POINT (13.41551232 52.48066091)
9;2020;2;20;4;3;5;2;2;0;1;0;0;0;1;0;POINT (13.5662855 52.44527094)
1;2020;2;9;7;3;2;6;0;1;1;0;0;0;0;0;POINT (13.38806574 52.5214724)
12;2020;2;7;1;3;2;6;1;0;1;0;0;0;0;1;POINT (13.28538002 52.59511454)
9;2020;1;12;5;3;5;3;0;1;1;0;0;0;0;1;POINT (13.63522428 52.3910471)
4;2020;2;16;3;3;2;6;0;0;1;0;0;0;0;0;POINT (13.31479366 52.50096195)
3;2020;2;4;7;2;9;1;2;0;0;0;1;0;0;0;POINT (13.43012384 52.5513681)
5;2020;2;13;2;3;6;4;0;0;1;1;0;0;0;0;POINT (13.15830423 52.56207765)
9;2020;1;14;5;3;0;1;0;1;0;0;0;0;0;0;POINT (13.50247696 52.46127599)
4;2020;2;18;3;3;3;6;2;0;1;0;0;0;0;0;POINT (13.27509323 52.5011092)
5;2020;1;12;5;3;0;1;0;1;0;0;0;0;0;0;POINT (13.19772155 52.51404422)
8;2020;2;18;1;2;6;2;2;0;1;1;0;0;0;1;POINT (13.41693948 52.41813429)
1;2020;2;17;2;3;6;4;2;0;1;1;0;0;0;1;POINT (13.34487018 52.52631874)
2;2020;2;15;1;3;5;2;0;0;1;0;0;0;0;1;POINT (13.43193751 52.51512287)
1;2020;2;19;4;3;5;2;2;1;1;0;0;0;0;0;POINT (13.41533022 52.52064936)
4;2020;2;22;7;3;6;2;2;0;1;1;0;0;0;1;POINT (13.31282961 52.50066797)
9;2020;1;14;5;3;0;1;0;1;0;0;0;0;0;0;POINT (13.51839364 52.45345844)
1;2020;2;8;3;3;5;2;0;1;0;0;0;0;1;1;POINT (13.34945034 52.54232033)
1;2020;1;11;5;3;3;6;0;1;1;0;0;0;0;0;POINT (13.33837755 52.52652024)
4;2020;2;17;1;3;2;6;2;1;1;0;0;0;0;1;POINT (13.33277831 52.47848412)
5;2020;2;18;4;3;2;6;2;0;1;0;1;0;0;0;POINT (13.22272793 52.53719046)
5;2020;1;11;5;3;5;7;0;0;1;0;0;0;0;0;POINT (13.1969834 52.52542643)
5;2020;2;18;4;3;4;2;2;0;1;0;0;0;0;0;POINT (13.21168066 52.52760016)
1;2020;2;20;1;3;5;2;2;1;1;0;0;0;0;1;POINT (13.38699847 52.52713981)
1;2020;2;17;4;3;4;2;2;1;0;0;0;0;0;0;POINT (13.41755356 52.52445182)
12;2020;2;9;2;3;1;1;0;0;1;0;0;0;1;1;POINT (13.36364175 52.5767118)
9;2020;2;8;1;2;5;3;0;1;0;0;0;0;1;1;POINT (13.5453701 52.42579737)
2;2020;2;17;4;3;6;4;2;0;1;1;0;0;0;0;POINT (13.44824821 52.4976206)
9;2020;1;11;5;2;1;5;0;1;1;0;0;0;0;0;POINT (13.59154297 52.44512895)
3;2020;2;5;3;3;6;2;2;0;1;1;0;0;0;1;POINT (13.47754381 52.56061815)
7;2020;2;16;1;3;2;6;1;0;1;0;0;0;0;1;POINT (13.37161902 52.44693444)
1;2020;2;17;4;3;6;2;2;0;1;1;0;0;0;0;POINT (13.35109918 52.55826328)
7;2020;2;16;2;3;5;2;0;0;1;0;0;0;0;1;POINT (13.40680715 52.39376891)
8;2020;1;10;5;3;0;7;0;0;1;0;1;0;0;1;POINT (13.49691786 52.41832749)
7;2020;2;17;4;3;0;1;2;1;0;0;0;0;0;0;POINT (13.34184658 52.49299149)
9;2020;2;14;3;3;0;7;0;1;1;0;0;0;0;0;POINT (13.59460538 52.4267259)
12;2020;2;6;2;3;6;2;2;0;1;1;0;0;0;1;POINT (13.32977278 52.56911327)
1;2020;2;22;7;3;5;3;2;0;1;0;0;0;0;1;POINT (13.35738394 52.53594541)
1;2020;2;16;4;3;5;2;1;1;0;0;1;0;0;0;POINT (13.38975277 52.53175051)
4;2020;2;9;4;3;2;7;0;1;1;0;0;0;0;0;POINT (13.33391388 52.50205445)
8;2020;1;9;5;3;5;3;0;1;1;0;0;0;0;0;POINT (13.42496634 52.47409765)
5;2020;2;13;2;3;0;2;0;0;1;0;0;0;1;0;POINT (13.22882694 52.53788635)
1;2020;2;11;1;3;2;6;0;0;1;0;0;0;0;1;POINT (13.38667346 52.5558344)
7;2020;2;16;4;3;2;2;0;0;1;0;0;0;0;0;POINT (13.3720898 52.4698052)
3;2020;2;18;2;3;2;2;2;0;1;0;0;0;0;1;POINT (13.43049892 52.55177053)
10;2020;1;9;5;3;0;1;0;0;0;0;1;0;0;0;POINT (13.60492252 52.5367932)
5;2020;2;12;4;3;5;3;0;1;1;0;0;0;0;0;POINT (13.21008132 52.5489943)
2;2020;2;14;3;2;5;3;0;0;1;0;0;0;1;0;POINT (13.46145865 52.51214017)
2;2020;1;9;5;3;5;3;0;1;1;0;0;0;0;1;POINT (13.44111026 52.51819724)
7;2020;2;17;2;3;3;6;2;0;1;0;0;0;0;0;POINT (13.34497245 52.48604445)
10;2020;1;9;5;3;6;4;0;0;1;1;0;0;0;0;POINT (13.56577338 52.5043754)
1;2020;2;8;2;3;5;2;0;1;0;0;0;0;1;0;POINT (13.39105181 52.51487927)
3;2020;2;9;1;3;0;5;0;1;1;0;0;0;0;1;POINT (13.43194978 52.60398101)
9;2020;2;9;4;2;0;1;0;1;0;0;0;0;0;0;POINT (13.59280129 52.45417204)
3;2020;2;18;7;3;0;1;2;0;1;0;0;0;0;0;POINT (13.42234395 52.54799942)
8;2020;2;12;2;3;2;6;0;0;1;0;0;0;0;0;POINT (13.43690208 52.45671584)
12;2020;1;8;5;3;2;6;0;0;1;0;0;0;0;0;POINT (13.2955428 52.55016173)
7;2020;2;14;1;3;5;3;0;0;1;0;0;0;1;1;POINT (13.40251168 52.46001981)
11;2020;2;16;3;3;5;2;1;1;1;0;0;0;0;0;POINT (13.48392803 52.52322371)
11;2020;1;8;5;3;6;4;0;0;1;1;0;0;0;0;POINT (13.50015923 52.56135891)
6;2020;2;13;1;3;6;4;0;0;1;1;0;0;0;1;POINT (13.29324019 52.45805665)
5;2020;2;20;1;3;4;6;2;0;1;0;0;0;0;1;POINT (13.18263959 52.48611478)
1;2020;2;18;2;3;6;2;2;0;1;1;0;0;0;0;POINT (13.34337575 52.53193911)
12;2020;2;14;1;3;5;3;0;0;1;0;0;0;0;1;POINT (13.29686243 52.58023445)
9;2020;2;9;4;3;5;3;0;0;1;0;0;0;0;0;POINT (13.46092691 52.45422989)
8;2020;1;8;5;3;3;6;0;0;0;0;0;0;1;0;POINT (13.49860153 52.41031983)
2;2020;2;8;3;3;5;2;0;1;1;0;0;0;0;1;POINT (13.39074288 52.49597951)
1;2020;2;16;5;2;1;5;1;0;1;0;1;0;0;1;POINT (13.39054322 52.55750575)
6;2020;2;13;3;3;0;3;0;0;1;0;1;0;0;1;POINT (13.31304074 52.42283517)
6;2020;2;9;6;3;2;6;0;0;1;0;0;0;0;0;POINT (13.34164132 52.44202804)
11;2020;2;18;6;3;6;4;2;0;1;1;0;0;0;0;POINT (13.52251719 52.5665276)
4;2020;2;9;2;3;2;2;0;0;1;0;0;0;0;1;POINT (13.30505782 52.528676)
1;2020;2;20;1;3;5;5;2;1;0;0;0;0;1;0;POINT (13.39461227 52.5079463)
1;2020;2;13;4;3;2;7;0;0;1;0;1;0;0;1;POINT (13.38822835 52.52054342)
12;2020;2;16;5;3;2;6;0;0;1;0;0;0;0;0;POINT (13.29573829 52.55011579)
9;2020;2;14;5;3;0;7;0;0;0;1;0;0;1;0;POINT (13.56913989 52.44390773)
11;2020;2;18;3;3;2;6;2;0;0;0;1;0;1;1;POINT (13.50017024 52.53439331)
8;2020;2;18;2;3;5;2;1;1;1;0;0;0;0;1;POINT (13.43031494 52.46920721)
4;2020;2;14;5;3;5;2;0;1;1;0;0;0;0;1;POINT (13.32944712 52.48153112)
12;2020;2;9;2;2;2;6;0;0;1;0;1;0;0;1;POINT (13.3168827 52.60614991)
1;2020;2;6;5;1;0;7;2;0;0;0;0;0;1;0;POINT (13.38040363 52.53270273)
9;2020;2;7;1;3;2;7;0;0;1;0;0;1;0;1;POINT (13.45496389 52.49414844)
9;2020;2;14;1;3;3;6;0;0;1;0;0;0;1;0;POINT (13.5386335 52.43428639)
5;2020;2;7;4;3;6;4;0;0;1;1;0;0;0;0;POINT (13.21346742 52.56097005)
2;2020;2;10;1;3;5;2;0;0;1;0;0;0;0;0;POINT (13.45882062 52.50654194)
2;2020;2;16;1;3;5;2;0;1;1;0;0;0;0;0;POINT (13.41103441 52.50349118)
5;2020;2;11;4;3;6;7;0;0;1;1;0;0;0;0;POINT (13.20266497 52.53792431)
4;2020;2;13;5;3;5;7;0;0;1;0;0;0;0;1;POINT (13.32089547 52.48653732)
6;2020;2;17;3;3;5;2;1;0;1;0;0;0;0;1;POINT (13.33878878 52.44438083)
10;2020;2;15;2;3;6;4;0;0;1;1;0;0;0;1;POINT (13.56425658 52.55752668)
7;2020;2;13;5;3;5;2;0;1;0;0;0;0;1;1;POINT (13.38219529 52.39934546)
11;2020;2;17;2;3;2;2;2;1;1;0;0;0;0;1;POINT (13.47351311 52.52298683)
1;2020;2;23;5;3;0;1;2;0;0;0;0;0;1;1;POINT (13.33810988 52.52849623)
4;2020;2;20;1;3;6;4;2;0;1;1;0;0;0;1;POINT (13.32916171 52.50028057)
7;2020;2;19;4;2;5;5;2;0;1;0;1;0;0;1;POINT (13.3950868 52.45294232)
5;2020;2;18;3;3;6;2;2;0;1;1;0;0;0;1;POINT (13.25886793 52.54811207)
6;2020;2;18;5;2;5;2;2;1;1;0;0;0;0;1;POINT (13.35936799 52.4202653)
3;2020;2;14;3;3;5;3;0;1;1;0;0;0;0;0;POINT (13.42165812 52.56248698)
5;2020;2;9;6;3;2;6;0;0;1;0;0;0;0;0;POINT (13.21562488 52.56068277)
2;2020;2;14;7;3;5;3;0;1;1;0;0;0;0;1;POINT (13.43122871 52.49938597)
6;2020;2;13;2;3;5;2;0;0;1;0;1;0;0;1;POINT (13.34274989 52.46304356)
3;2020;2;17;5;3;5;3;2;0;1;0;0;0;0;1;POINT (13.4321987 52.60445673)
3;2020;2;14;3;3;5;2;0;1;0;0;0;0;1;0;POINT (13.4238455 52.53831889)
4;2020;2;6;5;3;5;3;2;0;1;0;0;0;0;1;POINT (13.33024688 52.51323406)
9;2020;2;8;3;3;5;3;0;1;0;0;0;0;0;0;POINT (13.63049289 52.45058384)
4;2020;2;20;7;3;6;4;2;0;1;1;0;0;0;1;POINT (13.2957694 52.51921065)
12;2020;2;15;2;3;3;6;0;0;0;0;0;0;1;0;POINT (13.33562224 52.59568084)
5;2020;2;5;5;3;2;6;2;0;1;0;1;0;0;1;POINT (13.21612737 52.53812463)
2;2020;2;12;2;3;1;5;0;1;0;0;0;1;0;1;POINT (13.41150355 52.49122657)
11;2020;2;14;5;3;5;2;0;1;1;0;0;0;0;0;POINT (13.51392967 52.55127203)
1;2020;2;18;1;3;0;1;2;0;1;0;1;0;0;1;POINT (13.38583332 52.52833641)
7;2020;2;20;3;1;6;4;2;0;0;1;0;0;1;1;POINT (13.33537469 52.47164787)
3;2020;2;9;3;3;0;1;0;1;0;0;0;0;0;1;POINT (13.43125367 52.550923)
1;2020;2;5;5;3;5;3;2;0;1;0;0;0;0;1;POINT (13.36272927 52.54669442)
1;2020;2;14;3;3;0;1;0;0;0;0;1;0;0;0;POINT (13.32173737 52.52813748)
2;2020;2;1;6;3;2;6;2;0;1;0;0;0;0;0;POINT (13.41518692 52.50250137)
4;2020;2;20;6;3;6;2;2;0;1;1;0;0;0;1;POINT (13.32561463 52.50557609)
1;2020;2;9;2;2;6;4;0;0;0;1;0;0;1;0;POINT (13.38752289 52.52471814)
11;2020;2;7;1;3;2;2;0;1;1;0;0;0;0;0;POINT (13.51520983 52.56695025)
5;2020;2;7;5;3;6;4;0;1;0;1;0;0;0;0;POINT (13.15581803 52.52170951)
10;2020;2;5;4;2;0;7;2;0;1;0;0;0;0;0;POINT (13.54885605 52.53399666)
1;2020;2;12;1;2;6;7;0;0;1;1;0;0;0;0;POINT (13.37984575 52.55290166)
5;2020;2;8;5;2;6;4;0;0;1;1;0;0;0;1;POINT (13.15576166 52.52161257)
7;2020;2;11;1;2;5;2;0;0;1;0;0;0;0;0;POINT (13.40121932 52.41461363)
2;2020;2;21;3;3;3;6;2;1;1;0;0;0;0;1;POINT (13.44871518 52.51840477)
7;2020;2;8;3;2;5;3;0;1;1;0;0;0;0;1;POINT (13.32838175 52.46701586)
1;2020;2;22;4;3;5;3;2;1;1;0;0;0;0;1;POINT (13.36676245 52.55214891)
6;2020;2;13;3;3;5;7;0;1;1;0;0;0;0;1;POINT (13.33821165 52.43841793)
10;2020;2;13;6;3;5;3;0;0;1;0;0;0;0;0;POINT (13.58388679 52.48357785)
11;2020;2;18;6;3;5;2;2;1;1;0;0;0;0;0;POINT (13.48457563 52.51364487)
9;2020;2;6;1;3;2;7;2;0;1;0;0;0;0;1;POINT (13.51767747 52.45439611)
4;2020;2;19;1;3;2;6;2;0;1;0;0;0;0;0;POINT (13.32151714 52.50184143)
8;2020;2;14;4;3;5;2;0;0;1;0;0;0;1;1;POINT (13.42754028 52.42075235)
7;2020;2;22;4;3;5;3;2;0;1;0;0;0;0;1;POINT (13.40966316 52.38739322)
7;2020;2;21;4;3;5;3;2;1;1;0;0;0;0;1;POINT (13.33617596 52.4674232)
4;2020;2;18;3;3;5;2;2;1;1;0;0;0;0;1;POINT (13.31037473 52.47901751)
1;2020;2;17;2;3;5;2;0;1;1;0;0;0;0;0;POINT (13.41533022 52.52064936)
6;2020;2;19;4;2;6;4;2;0;0;1;0;0;1;1;POINT (13.3397812 52.43285844)
1;2020;2;6;2;3;5;3;1;1;1;0;0;0;0;1;POINT (13.41354397 52.50843062)
6;2020;2;19;4;3;2;6;2;0;1;0;0;0;0;1;POINT (13.26128105 52.42561874)
12;2020;2;19;3;3;5;2;2;0;1;0;0;0;0;1;POINT (13.3398998 52.58804025)
1;2020;2;11;2;3;0;6;0;0;1;0;1;0;0;1;POINT (13.33983764 52.5053768)
9;2020;2;19;4;2;6;4;2;0;1;1;0;0;0;1;POINT (13.53953897 52.45081783)
7;2020;2;19;2;3;5;3;2;1;1;0;0;0;0;0;POINT (13.3719323 52.46968117)
3;2020;2;11;6;3;1;5;0;0;1;0;0;0;0;0;POINT (13.39141596 52.57149671)
6;2020;2;9;1;3;5;2;0;1;1;0;0;0;0;1;POINT (13.27043468 52.45090533)
4;2020;2;15;1;3;5;3;0;0;1;0;0;0;0;0;POINT (13.32031545 52.49805865)
2;2020;2;11;4;3;2;6;0;0;1;0;0;0;0;0;POINT (13.40334556 52.498447)
3;2020;2;18;4;3;2;6;1;0;1;0;0;0;0;1;POINT (13.39443603 52.56509862)
7;2020;2;16;3;3;2;6;0;0;1;0;0;0;0;1;POINT (13.37999917 52.44403022)
10;2020;2;16;2;3;0;3;0;0;1;0;0;0;1;0;POINT (13.58641651 52.5394017)
5;2020;2;18;4;3;0;3;2;0;1;0;1;0;0;1;POINT (13.17901605 52.53176724)
11;2020;2;14;2;2;5;3;0;1;1;0;0;0;0;0;POINT (13.48612801 52.52077164)
10;2020;2;17;5;2;6;4;2;0;1;1;0;0;0;0;POINT (13.57280697 52.55023823)
7;2020;2;19;1;3;2;2;2;0;1;0;0;0;0;1;POINT (13.37138132 52.43660865)
4;2020;2;8;5;2;2;6;0;0;1;0;0;0;0;1;POINT (13.32937142 52.48142875)
7;2020;2;21;1;3;2;6;2;0;1;0;0;0;0;1;POINT (13.34623372 52.50019684)
9;2020;2;15;7;3;5;2;0;1;1;0;0;0;0;1;POINT (13.56962674 52.4418746)
10;2020;2;7;4;3;6;4;0;0;1;1;0;0;0;0;POINT (13.59136791 52.5439805)
3;2020;2;13;3;3;0;1;0;1;0;0;0;0;0;1;POINT (13.43998189 52.56746936)
8;2020;2;18;4;3;2;6;2;0;1;0;0;0;0;1;POINT (13.43499993 52.46132236)
3;2020;2;15;3;3;1;5;0;1;0;0;0;0;1;1;POINT (13.40737177 52.58180505)
4;2020;2;17;7;3;5;2;2;0;1;0;0;0;0;1;POINT (13.33134202 52.50379112)
1;2020;2;14;2;3;2;7;0;1;1;0;0;0;0;1;POINT (13.40054212 52.52959463)
2;2020;2;16;4;3;6;4;1;0;1;1;0;0;0;0;POINT (13.42380656 52.49041317)
2;2020;2;11;2;3;5;2;0;0;1;0;0;0;0;0;POINT (13.40021039 52.49017543)
12;2020;2;13;5;3;5;3;0;0;1;0;0;0;0;0;POINT (13.29128572 52.6257296)
3;2020;2;14;1;3;0;6;0;1;1;0;0;0;0;0;POINT (13.41224215 52.55068609)
7;2020;2;22;3;3;6;2;2;0;1;1;0;0;0;1;POINT (13.37739733 52.46487385)
3;2020;2;8;3;3;5;2;0;0;1;0;0;0;0;1;POINT (13.44951459 52.53722008)
8;2020;2;16;4;3;5;3;1;1;1;0;0;0;0;0;POINT (13.4495686 52.41767062)
11;2020;2;14;3;3;5;2;0;1;1;0;0;0;0;1;POINT (13.50397829 52.55276105)
10;2020;2;22;5;1;6;4;2;0;0;1;0;0;1;1;POINT (13.53602799 52.52580357)
6;2020;2;16;4;3;5;3;0;0;1;0;1;0;0;1;POINT (13.34257867 52.46304634)
1;2020;2;11;3;3;5;3;0;1;0;0;0;0;0;1;POINT (13.38760522 52.55000251)
4;2020;2;9;4;3;3;6;0;1;0;0;0;0;0;0;POINT (13.30632959 52.51001285)
8;2020;2;7;3;3;6;4;0;0;1;1;0;0;0;1;POINT (13.44097726 52.44751145)
4;2020;2;14;5;3;2;6;0;0;1;0;0;0;0;1;POINT (13.27195399 52.47976111)
9;2020;2;9;7;2;6;4;0;0;1;1;0;0;0;1;POINT (13.57230703 52.4511674)
5;2020;2;12;2;3;2;6;0;0;1;0;0;0;0;0;POINT (13.18439613 52.54582384)
12;2020;2;11;1;3;2;6;0;0;1;0;0;0;1;0;POINT (13.33023384 52.58743172)
5;2020;2;9;5;3;5;5;0;0;1;0;1;0;0;1;POINT (13.15793475 52.5614581)
9;2020;2;22;7;3;2;6;2;0;1;0;0;0;0;0;POINT (13.47897305 52.44304231)
1;2020;2;16;6;3;5;3;1;1;1;0;0;0;0;0;POINT (13.41178596 52.528146)
10;2020;2;19;3;3;5;2;2;0;1;0;0;0;0;1;POINT (13.56563535 52.57043429)
1;2020;2;7;3;3;8;1;0;0;1;0;0;0;0;1;POINT (13.3501865 52.5137027)
1;2020;2;15;4;3;5;3;0;1;1;0;0;0;0;0;POINT (13.37931727 52.5070347)
2;2020;2;8;3;3;2;2;0;0;1;0;1;0;0;1;POINT (13.40175855 52.50612636)
2;2020;2;23;5;3;6;4;2;0;1;1;0;0;0;1;POINT (13.40667002 52.49467668)
1;2020;2;15;6;3;1;5;0;1;1;0;0;0;0;0;POINT (13.37205149 52.52728095)
4;2020;2;21;1;3;5;3;2;0;1;0;0;0;0;1;POINT (13.31515277 52.51467841)
9;2020;2;15;6;3;2;6;0;0;1;0;0;0;0;0;POINT (13.56390862 52.43806269)
11;2020;2;16;1;3;0;2;0;0;1;0;0;0;1;0;POINT (13.49975998 52.53412721)
4;2020;2;13;4;2;2;7;0;0;1;0;0;0;0;1;POINT (13.30566802 52.54793695)
1;2020;2;19;6;3;0;5;2;1;1;0;0;0;0;1;POINT (13.40240684 52.52833963)
2;2020;2;9;2;3;5;3;0;1;1;0;0;0;0;1;POINT (13.41360456 52.48840101)
2;2020;2;20;6;3;1;5;2;1;1;0;0;0;0;0;POINT (13.45852812 52.51350408)
12;2020;2;5;1;3;2;6;2;0;1;0;0;0;0;0;POINT (13.31542146 52.5765272)
9;2020;2;16;4;3;0;5;0;1;1;0;0;0;0;0;POINT (13.520393 52.46099905)
11;2020;2;15;4;3;6;6;0;1;0;1;0;0;0;0;POINT (13.51100306 52.50408044)