bez;ujahr;umonat;ustunde;uwochentag;ukategorie;uart;utyp1;ulichtverh;istrad;istpkw;istfuss;istkrad;istgkfz;istsonstige;ustrzustand;geometry
2;2020;2;23;6;3;5;2;2;0;1;0;0;0;0;1;POINT (13.40665083 52.49843051)
7;2020;3;14;4;3;1;5;0;0;1;0;1;0;0;0;POINT (13.34967305 52.50006537)
2;2020;2;19;6;3;1;5;2;1;1;0;0;0;0;1;POINT (13.46286527 52.51410695)
5;2020;3;13;5;3;4;6;0;0;1;0;0;0;0;1;POINT (13.23274018 52.54224981)
8;2020;3;13;3;3;5;5;0;1;1;0;0;0;0;0;POINT (13.43069637 52.4865525)
1;2020;2;19;6;3;5;3;2;0;1;0;0;0;0;1;POINT (13.37833689 52.55051236)
8;2020;3;14;4;3;5;2;0;1;1;0;0;0;0;0;POINT (13.44278873 52.4650867)
4;2020;2;19;6;3;1;5;2;1;1;0;0;0;0;1;POINT (13.31354115 52.48212948)
8;2020;3;11;1;3;2;6;0;0;1;0;0;0;0;0;POINT (13.43285267 52.48509091)
2;2020;2;19;6;3;5;3;2;1;1;0;0;0;0;1;POINT (13.435399 52.51459709)
12;2020;2;18;6;3;5;3;2;0;1;0;0;0;0;1;POINT (13.32219953 52.60881384)
3;2020;3;0;6;3;1;5;2;1;1;0;0;0;0;1;POINT (13.43079916 52.54706631)
9;2020;3;11;5;1;6;4;0;0;0;1;0;0;1;1;POINT (13.58039614 52.44321453)
1;2020;2;17;6;3;5;2;0;0;1;0;0;0;1;0;POINT (13.35719856 52.52372043)
7;2020;3;13;3;3;6;4;0;0;1;1;0;0;0;0;POINT (13.38070293 52.44255808)
7;2020;2;18;6;3;1;5;2;1;1;0;0;0;0;1;POINT (13.33437968 52.47054441)
7;2020;3;13;4;3;5;3;0;0;1;0;1;0;0;0;POINT (13.37811561 52.45624786)
2;2020;2;16;6;3;6;7;0;0;1;1;0;0;0;0;POINT (13.4090887 52.48878962)
8;2020;3;7;1;3;2;7;0;1;1;0;0;0;0;1;POINT (13.42446419 52.47396396)
1;2020;3;16;4;3;1;5;0;1;1;0;0;0;0;0;POINT (13.3431943 52.52755812)
8;2020;2;15;6;3;6;2;0;0;1;1;0;0;0;0;POINT (13.49101576 52.42391915)
5;2020;2;15;6;3;6;4;0;0;1;1;0;0;0;0;POINT (13.17551202 52.52009028)
12;2020;2;15;6;3;5;5;0;0;1;0;1;0;0;0;POINT (13.28423958 52.57563744)
1;2020;3;5;1;3;5;2;1;0;1;0;0;0;0;1;POINT (13.41178791 52.52396655)
7;2020;3;20;4;2;8;1;2;0;1;0;0;0;0;0;POINT (13.42298102 52.39497335)
1;2020;2;14;6;3;2;6;0;0;1;0;0;0;0;0;POINT (13.33675601 52.54265132)
10;2020;2;14;6;3;6;6;0;0;1;1;0;0;0;0;POINT (13.60486771 52.53186937)
12;2020;3;11;3;3;5;3;0;0;1;0;0;0;0;0;POINT (13.24076124 52.61837729)
6;2020;3;18;5;3;2;6;2;0;1;0;0;0;0;1;POINT (13.33021632 52.4519029)
7;2020;3;11;3;3;5;2;0;1;1;0;0;0;0;0;POINT (13.35765855 52.48867331)
5;2020;2;13;6;3;6;7;0;0;1;1;0;0;0;0;POINT (13.18194241 52.53740218)
6;2020;3;10;3;3;5;3;0;0;1;0;0;0;0;1;POINT (13.34153952 52.45875142)
11;2020;2;13;6;3;6;4;0;0;1;1;0;0;0;0;POINT (13.50606237 52.50888297)
8;2020;2;12;6;3;5;2;0;1;1;0;0;0;0;0;POINT (13.50620341 52.4029251)
5;2020;3;16;7;3;5;2;0;0;1;0;0;0;0;0;POINT (13.18455244 52.54749072)
9;2020;3;19;4;3;5;2;2;1;1;0;0;0;0;0;POINT (13.55616294 52.43364781)
2;2020;2;11;6;3;2;6;0;0;1;0;0;0;0;0;POINT (13.44203486 52.5009297)
4;2020;2;19;5;3;1;5;1;1;1;0;0;0;0;0;POINT (13.30960785 52.50659015)
11;2020;3;7;5;3;6;2;0;0;1;1;0;0;0;1;POINT (13.48071249 52.49897037)
3;2020;3;10;3;3;6;4;0;0;1;1;0;0;0;0;POINT (13.46564739 52.55211497)
6;2020;2;11;5;2;6;6;0;0;1;1;0;0;0;0;POINT (13.33354091 52.43001482)
5;2020;3;16;5;3;2;7;0;0;1;0;0;0;0;1;POINT (13.20206245 52.51803245)
1;2020;3;10;3;3;5;2;0;1;0;0;0;0;1;0;POINT (13.34134781 52.52083178)
12;2020;2;13;5;2;2;6;0;0;1;0;0;0;0;0;POINT (13.33030713 52.56240696)
8;2020;3;8;3;3;5;3;0;1;1;0;0;0;0;0;POINT (13.47444332 52.42569841)
7;2020;2;8;5;3;2;6;0;0;1;0;0;0;0;0;POINT (13.34945613 52.50242928)
4;2020;2;7;5;3;5;3;0;1;0;0;0;1;0;1;POINT (13.29437412 52.5346377)
1;2020;3;13;7;2;1;1;0;0;1;0;0;0;0;0;POINT (13.34964286 52.53203)
2;2020;3;18;4;3;2;7;2;1;1;0;0;0;0;0;POINT (13.4315565 52.51519698)
5;2020;2;18;5;3;5;3;2;1;1;0;0;0;0;0;POINT (13.1973434 52.532067)
5;2020;2;19;5;3;2;6;2;0;1;0;0;0;0;0;POINT (13.23049657 52.54660275)
5;2020;3;14;5;3;5;2;0;0;1;0;0;0;0;1;POINT (13.178069 52.54874812)
1;2020;3;7;3;3;6;2;0;0;1;1;0;0;0;0;POINT (13.33342734 52.56080894)
3;2020;2;21;5;3;5;3;2;1;1;0;0;0;0;0;POINT (13.40964548 52.53848533)
1;2020;3;12;4;3;6;7;0;0;1;1;0;0;0;0;POINT (13.3822534 52.55290191)
8;2020;2;19;5;2;6;4;2;0;1;1;0;0;0;0;POINT (13.434102 52.45153314)
4;2020;3;7;3;3;5;2;0;1;1;0;0;0;0;0;POINT (13.30912419 52.48880545)
7;2020;2;18;5;3;5;7;2;0;1;0;1;0;0;0;POINT (13.36607634 52.48508529)
12;2020;2;18;5;3;5;2;2;1;1;0;0;0;0;0;POINT (13.36030587 52.59690329)
1;2020;3;9;6;3;0;1;0;1;0;0;0;0;0;1;POINT (13.40179037 52.53328073)
4;2020;2;18;5;3;2;6;2;0;1;0;0;0;0;0;POINT (13.32603031 52.50016197)
6;2020;3;4;3;2;0;7;2;1;0;0;0;0;0;1;POINT (13.31766021 52.45800171)
10;2020;2;17;5;2;0;3;1;1;1;0;0;0;0;0;POINT (13.53692629 52.54800227)
2;2020;2;16;5;3;5;3;0;1;1;0;0;0;0;0;POINT (13.46670365 52.49622406)
2;2020;3;19;6;2;6;4;2;0;1;1;0;0;0;0;POINT (13.43896139 52.50263115)
6;2020;2;16;5;3;5;2;0;0;1;0;0;0;1;0;POINT (13.31566667 52.44313311)
2;2020;3;12;5;3;5;3;0;1;1;0;0;0;0;1;POINT (13.39776372 52.49534362)
8;2020;3;5;3;3;5;2;0;0;1;0;0;0;0;0;POINT (13.42914479 52.45227476)
12;2020;2;16;5;3;5;3;0;0;1;0;1;0;0;0;POINT (13.28546461 52.59484358)
8;2020;3;11;4;3;0;2;0;1;0;0;0;0;1;0;POINT (13.44713775 52.43693972)
12;2020;2;16;5;3;6;2;0;0;1;1;0;0;0;0;POINT (13.31423451 52.57669279)
2;2020;3;11;1;2;5;2;0;0;1;0;0;0;0;1;POINT (13.43969195 52.51392105)
1;2020;3;18;4;3;5;7;2;0;1;0;0;0;1;0;POINT (13.38065036 52.53938496)
1;2020;2;15;5;3;2;6;0;0;1;0;0;0;0;0;POINT (13.35140912 52.52635357)
4;2020;2;15;5;3;3;6;0;1;1;0;0;0;0;0;POINT (13.31925605 52.5016517)
11;2020;3;9;5;3;5;2;0;1;1;0;0;0;0;1;POINT (13.48548724 52.52324724)
10;2020;3;18;4;3;5;3;2;1;1;0;0;0;0;0;POINT (13.60091793 52.47788062)
3;2020;2;15;5;3;5;3;0;1;1;0;0;0;0;0;POINT (13.41094339 52.55381476)
12;2020;2;15;5;3;5;3;0;1;1;0;0;0;0;0;POINT (13.31484954 52.61033523)
3;2020;3;20;5;3;5;3;2;1;1;0;0;0;0;1;POINT (13.40737594 52.52970022)
4;2020;3;1;3;3;0;1;2;0;0;0;0;0;1;1;POINT (13.30670881 52.50656935)
1;2020;2;14;5;3;2;6;0;0;1;0;1;0;0;0;POINT (13.37793657 52.54194366)
4;2020;3;11;4;3;5;2;0;1;1;0;0;0;0;0;POINT (13.30656432 52.52884649)
4;2020;2;14;5;3;2;6;0;0;1;0;0;0;0;0;POINT (13.32792074 52.5001837)
2;2020;3;8;1;3;5;3;0;1;1;0;0;0;0;1;POINT (13.43269331 52.50247174)
3;2020;2;13;5;3;5;3;0;0;1;0;0;0;0;0;POINT (13.43078373 52.56115091)
2;2020;2;13;5;3;3;6;0;0;1;0;0;0;0;0;POINT (13.3767019 52.48915327)
12;2020;3;7;3;3;2;6;0;0;0;0;0;1;1;1;POINT (13.30624436 52.55423532)
4;2020;3;18;5;3;6;4;2;0;1;1;0;0;0;1;POINT (13.28072624 52.5072576)
1;2020;3;9;2;3;5;2;0;1;1;0;0;0;0;0;POINT (13.42557815 52.5151096)
10;2020;2;11;5;2;6;4;0;0;1;1;0;0;0;0;POINT (13.57456357 52.56771773)
1;2020;3;12;2;3;0;1;0;1;0;0;0;0;0;1;POINT (13.36345381 52.52463055)
7;2020;2;4;5;1;5;3;2;0;1;0;0;0;0;2;POINT (13.4064924 52.39849028)
1;2020;2;10;5;3;5;3;0;0;1;0;0;0;0;0;POINT (13.3889442 52.51562189)
1;2020;3;15;7;3;1;5;0;0;1;0;1;0;0;0;POINT (13.39561003 52.55066185)
2;2020;3;17;4;3;5;2;1;1;1;0;0;0;0;0;POINT (13.3861887 52.48735578)
6;2020;2;9;5;3;0;3;0;0;1;0;1;0;0;1;POINT (13.34013487 52.4507852)
10;2020;3;8;2;3;5;2;0;1;1;0;0;0;0;0;POINT (13.51895151 52.53149072)
5;2020;2;9;5;3;1;5;0;1;1;0;0;0;0;1;POINT (13.2015975 52.53689327)
4;2020;2;9;5;3;5;3;0;0;1;0;0;0;0;1;POINT (13.31408282 52.49045248)
11;2020;3;21;7;2;1;5;2;0;1;0;0;0;0;0;POINT (13.49584596 52.5204388)
6;2020;2;8;5;3;2;2;0;0;1;0;0;0;0;1;POINT (13.24018275 52.44262827)
12;2020;2;7;5;3;6;4;0;0;0;1;0;0;1;0;POINT (13.32419578 52.57579464)
2;2020;3;15;5;3;3;6;0;1;0;0;0;1;0;1;POINT (13.37671025 52.48937874)
4;2020;3;10;2;3;8;7;0;0;1;1;0;0;0;0;POINT (13.29637621 52.49792042)
1;2020;2;0;5;3;2;2;2;0;1;0;0;0;0;1;POINT (13.37662 52.50947875)
9;2020;3;17;2;3;4;6;0;1;0;0;0;0;0;1;POINT (13.59492003 52.45295983)
7;2020;2;18;4;3;0;3;2;0;1;0;1;0;0;0;POINT (13.35893508 52.47467414)
11;2020;2;6;4;2;6;7;1;1;0;1;0;0;0;1;POINT (13.52643603 52.55827861)
1;2020;3;9;7;3;5;3;0;0;1;0;0;0;0;0;POINT (13.38899495 52.51562519)
4;2020;2;22;4;3;6;2;2;0;1;1;0;0;0;1;POINT (13.30921566 52.50641734)
4;2020;3;13;5;2;5;2;0;0;1;0;1;0;0;1;POINT (13.33167794 52.51514463)
2;2020;3;21;2;3;5;3;2;1;1;0;0;0;0;0;POINT (13.42783091 52.51813036)
1;2020;2;21;4;3;1;5;2;0;1;0;0;0;0;1;POINT (13.34319264 52.52868157)
12;2020;3;6;5;3;0;3;1;0;1;0;1;0;0;1;POINT (13.33039247 52.59056629)
9;2020;3;8;2;3;5;2;1;1;1;0;0;0;0;0;POINT (13.45833704 52.48583283)
7;2020;2;20;4;3;4;6;2;0;1;0;0;0;1;1;POINT (13.36142056 52.48221069)
8;2020;2;20;4;3;5;2;2;1;1;0;0;0;0;0;POINT (13.43073573 52.46848567)
7;2020;3;19;2;3;5;2;2;1;1;0;0;0;0;0;POINT (13.40530322 52.40696431)
8;2020;2;19;4;2;6;4;2;0;1;1;0;0;0;0;POINT (13.46786928 52.46809113)
1;2020;2;19;4;3;5;2;2;1;1;0;0;0;0;0;POINT (13.39155901 52.51225868)
10;2020;3;13;6;3;5;3;0;0;1;0;0;0;0;0;POINT (13.55002653 52.52583137)
3;2020;3;17;4;3;6;4;1;0;1;1;0;0;0;0;POINT (13.40483971 52.54069469)
5;2020;2;16;4;2;8;1;1;0;1;0;0;0;0;0;POINT (13.12667962 52.53559863)
1;2020;3;9;5;3;2;6;0;0;1;0;0;0;0;1;POINT (13.3605922 52.55748855)
1;2020;3;19;2;3;5;3;2;0;1;0;0;0;1;0;POINT (13.40295735 52.53370015)
5;2020;2;19;4;3;2;6;2;0;1;0;0;0;0;1;POINT (13.16013646 52.54489801)
12;2020;3;11;4;3;2;6;0;0;1;0;0;0;0;0;POINT (13.33172641 52.56200313)
8;2020;2;18;4;3;2;7;2;1;1;0;0;0;0;0;POINT (13.43151892 52.46638136)
12;2020;3;5;1;3;5;2;1;1;1;0;0;0;0;0;POINT (13.32658409 52.58741908)
5;2020;2;17;4;3;1;5;2;0;1;0;0;0;0;0;POINT (13.20221837 52.54670318)
5;2020;2;18;4;2;5;2;2;1;1;0;0;0;0;0;POINT (13.20769619 52.55569788)
1;2020;3;10;4;3;2;6;0;0;1;0;0;1;1;0;POINT (13.34743818 52.55312399)
12;2020;2;16;4;3;6;4;0;0;1;1;0;0;0;0;POINT (13.2853854 52.5877658)
1;2020;2;15;4;3;6;4;0;1;0;1;0;0;0;0;POINT (13.4007186 52.51013466)
8;2020;2;14;4;3;2;6;0;0;1;0;0;0;1;0;POINT (13.4416866 52.46950837)
5;2020;3;7;6;3;1;7;0;0;1;0;0;0;0;1;POINT (13.22520763 52.53043628)
6;2020;2;14;4;3;5;3;0;0;1;0;0;0;0;1;POINT (13.31856652 52.45767231)
12;2020;3;19;5;3;5;3;2;1;1;0;0;0;0;1;POINT (13.30934971 52.60352598)
2;2020;3;19;2;3;5;3;2;1;1;0;0;0;0;0;POINT (13.41116166 52.50350909)
4;2020;2;13;4;3;5;3;0;1;1;0;0;0;0;0;POINT (13.33180498 52.50063096)
11;2020;3;9;4;3;6;4;0;0;1;1;0;0;0;0;POINT (13.50574627 52.56257832)
1;2020;2;13;4;3;0;2;0;0;1;0;0;0;1;0;POINT (13.35123677 52.5096986)
3;2020;3;8;1;3;5;3;0;0;1;0;0;0;0;1;POINT (13.47089592 52.61032782)
4;2020;2;13;4;3;0;6;0;0;1;0;0;0;1;0;POINT (13.31375491 52.50080064)
9;2020;2;13;4;3;5;3;0;1;1;0;0;0;0;0;POINT (13.58782242 52.42203488)
4;2020;3;18;5;2;6;4;2;0;1;1;0;0;0;1;POINT (13.29302164 52.4745804)
7;2020;3;19;2;3;5;3;2;1;1;0;0;0;0;0;POINT (13.38414169 52.46556662)
3;2020;2;11;4;3;5;3;0;0;1;0;0;0;0;0;POINT (13.39835246 52.59239422)
7;2020;2;12;4;3;0;2;0;0;1;0;0;0;1;1;POINT (13.36017091 52.49045456)
1;2020;3;18;2;3;5;3;2;1;1;0;0;0;0;1;POINT (13.4044941 52.52196107)
5;2020;3;19;5;3;5;2;2;0;1;0;0;0;0;1;POINT (13.18468376 52.51545229)
8;2020;3;10;2;3;5;3;0;1;1;0;0;0;0;1;POINT (13.45396164 52.4692261)
1;2020;2;11;4;3;2;6;0;0;1;0;0;0;0;0;POINT (13.36880789 52.55725282)
11;2020;3;11;2;2;5;7;0;0;1;0;0;0;1;0;POINT (13.46922712 52.5431531)
11;2020;2;11;4;2;6;4;0;0;0;1;0;0;1;1;POINT (13.52566572 52.48299627)
1;2020;2;11;4;3;5;3;0;1;1;0;0;0;0;1;POINT (13.37225204 52.55668525)
2;2020;3;17;7;3;2;2;1;0;1;0;0;0;0;0;POINT (13.42961661 52.52297929)
11;2020;2;10;4;3;2;6;0;0;1;0;0;0;1;1;POINT (13.49041715 52.49348296)
5;2020;2;10;4;2;5;2;0;0;1;0;0;1;0;1;POINT (13.21378227 52.53174004)
3;2020;3;15;5;3;5;3;0;0;1;0;1;0;0;1;POINT (13.45822379 52.59323652)
12;2020;3;11;2;3;1;5;0;1;1;0;0;0;0;0;POINT (13.28486169 52.58832284)
6;2020;2;9;4;3;5;3;0;1;1;0;0;0;0;1;POINT (13.33612327 52.45317871)
12;2020;3;10;2;3;5;3;0;0;1;0;0;0;0;0;POINT (13.32644788 52.60454281)
7;2020;2;7;4;3;6;2;0;0;0;1;0;0;1;1;POINT (13.40094568 52.41442405)
4;2020;3;9;2;3;3;6;0;0;1;0;0;1;0;0;POINT (13.27967913 52.50497605)
8;2020;2;7;4;3;2;6;0;0;1;0;0;0;0;0;POINT (13.42482828 52.48286623)
9;2020;2;6;4;3;2;6;2;0;1;0;0;0;0;1;POINT (13.55832801 52.45599163)
9;2020;3;14;7;2;5;3;0;1;1;0;0;0;0;0;POINT (13.57552338 52.44748238)
7;2020;2;6;4;3;5;2;2;1;1;0;0;0;0;1;POINT (13.40798962 52.45261209)
11;2020;2;5;4;3;2;6;2;0;1;0;0;1;0;1;POINT (13.51456052 52.53529296)
3;2020;3;6;5;2;5;3;1;0;1;0;0;0;0;1;POINT (13.41569153 52.56315841)
4;2020;3;16;2;3;5;3;0;0;1;0;1;0;0;1;POINT (13.27317812 52.51315772)
4;2020;2;12;3;3;1;5;0;1;1;0;0;0;0;1;POINT (13.30742266 52.50670585)
5;2020;2;14;3;3;6;7;0;0;0;1;0;0;1;1;POINT (13.19996974 52.53585003)
4;2020;3;15;2;3;1;5;0;0;0;0;0;0;1;1;POINT (13.31021646 52.50040709)
10;2020;2;15;3;3;2;7;0;0;1;0;0;0;1;1;POINT (13.57387488 52.52722905)
3;2020;2;8;3;1;4;6;0;0;1;0;1;0;0;0;POINT (13.4439263 52.57236971)
3;2020;3;12;6;3;5;3;0;0;1;0;0;0;0;0;POINT (13.36136963 52.58522208)
4;2020;2;18;3;3;2;6;2;0;1;0;0;0;0;1;POINT (13.29514215 52.53961849)
3;2020;3;22;5;3;6;6;2;0;1;1;0;0;0;1;POINT (13.42739634 52.54574753)
12;2020;2;17;3;3;2;6;1;0;1;0;0;0;0;1;POINT (13.32606726 52.60403123)
6;2020;3;20;6;3;6;6;2;0;1;1;0;0;0;0;POINT (13.33511899 52.46404508)
11;2020;2;16;3;3;5;3;0;0;1;0;0;0;0;1;POINT (13.53194841 52.48415195)
6;2020;3;13;5;3;5;3;0;0;1;0;0;0;0;1;POINT (13.33491436 52.42742368)
6;2020;3;15;2;3;5;3;0;1;1;0;0;0;0;1;POINT (13.29432072 52.42400269)
2;2020;2;15;3;3;5;3;0;1;1;0;0;0;1;1;POINT (13.44147119 52.50133462)
7;2020;3;9;4;3;5;3;0;1;1;0;0;0;0;0;POINT (13.34097006 52.47624662)
3;2020;2;15;3;3;0;1;0;0;0;0;1;0;0;1;POINT (13.46051911 52.55950568)
9;2020;3;11;1;3;5;3;0;1;1;0;0;0;0;1;POINT (13.54355375 52.43378448)
1;2020;3;17;4;3;6;4;0;0;1;1;0;0;0;0;POINT (13.40995484 52.52815299)
1;2020;2;15;3;3;0;6;0;0;1;0;1;0;1;0;POINT (13.34990874 52.51382749)
4;2020;2;17;3;3;5;7;0;0;1;0;0;0;0;1;POINT (13.32221599 52.49552155)
3;2020;3;0;6;3;0;1;2;0;0;0;0;0;1;1;POINT (13.44906018 52.53753483)
4;2020;3;16;4;3;0;4;0;0;1;1;0;0;0;0;POINT (13.26693575 52.49801891)
1;2020;2;8;3;3;5;3;0;1;1;0;0;0;0;1;POINT (13.41358355 52.51127037)
8;2020;3;14;2;3;2;6;0;0;1;0;0;0;0;0;POINT (13.42898881 52.4718991)
6;2020;2;20;3;3;4;1;2;0;1;0;0;0;0;1;POINT (13.30406909 52.41892045)
9;2020;3;19;5;3;2;6;2;0;1;0;0;0;0;1;POINT (13.68638291 52.44220346)
7;2020;3;10;4;3;1;5;0;1;1;0;0;0;0;1;POINT (13.35722847 52.49920295)
4;2020;3;12;3;2;1;5;0;1;1;0;0;0;0;0;POINT (13.30197738 52.509405)
1;2020;3;17;3;3;1;5;0;1;1;0;0;0;0;0;POINT (13.37893789 52.55293184)
7;2020;3;11;6;2;5;3;0;1;1;0;0;0;0;0;POINT (13.38002138 52.41049676)
1;2020;3;12;1;3;5;3;0;1;1;0;0;0;0;0;POINT (13.40463967 52.52750251)
3;2020;3;11;4;3;5;3;0;1;1;0;0;0;0;0;POINT (13.45489247 52.59330248)
8;2020;3;0;6;3;5;3;2;1;1;0;0;0;0;0;POINT (13.42603724 52.47755578)
8;2020;3;11;3;3;2;6;0;0;1;0;0;0;0;0;POINT (13.43409498 52.443196)
1;2020;3;9;3;3;5;2;0;1;0;0;0;0;1;0;POINT (13.41619276 52.5199232)
11;2020;3;12;5;3;5;2;0;1;1;0;0;0;0;1;POINT (13.49995518 52.53277276)
5;2020;3;11;3;2;1;5;0;0;1;0;0;0;0;0;POINT (13.20778562 52.55812767)
6;2020;3;17;1;3;2;6;0;0;1;0;0;0;0;0;POINT (13.35346275 52.43247796)
2;2020;3;18;2;3;0;3;2;0;1;0;0;0;1;0;POINT (13.46106363 52.51114756)
11;2020;3;10;3;2;5;3;0;0;1;0;0;0;1;0;POINT (13.48540309 52.52318887)
2;2020;3;14;6;3;5;2;0;0;1;0;0;0;0;0;POINT (13.38785354 52.50294338)
3;2020;3;8;1;3;5;3;0;1;1;0;0;0;0;0;POINT (13.40422134 52.5814805)
1;2020;3;15;6;3;5;2;0;0;1;0;1;0;0;0;POINT (13.35385756 52.5538639)
7;2020;3;15;3;3;2;6;0;0;1;0;0;0;0;0;POINT (13.37848148 52.47762717)
2;2020;3;20;3;3;5;3;2;1;1;0;0;0;0;0;POINT (13.41112556 52.50351947)
1;2020;3;18;6;3;1;5;2;1;1;0;0;0;0;0;POINT (13.38401023 52.555397)
11;2020;3;15;3;3;6;7;0;0;1;1;0;0;0;0;POINT (13.48098468 52.5290197)
12;2020;3;21;3;3;0;3;2;1;1;0;0;0;0;0;POINT (13.33037742 52.5702514)
9;2020;3;10;5;3;5;2;0;1;1;0;0;0;0;1;POINT (13.53124915 52.40512397)
3;2020;3;8;3;3;5;3;0;1;1;0;0;0;0;0;POINT (13.41446606 52.55207141)
4;2020;3;13;1;3;2;6;0;0;1;0;0;0;0;0;POINT (13.31895847 52.47168141)
2;2020;3;22;2;3;5;2;2;1;1;0;0;0;0;0;POINT (13.43011925 52.51052839)
8;2020;3;8;3;2;6;4;0;0;1;1;0;0;0;0;POINT (13.42630275 52.48098718)
12;2020;3;13;5;2;6;4;0;0;1;1;0;0;0;0;POINT (13.34070614 52.60891294)
3;2020;3;17;1;3;5;3;0;1;1;0;0;0;0;0;POINT (13.45891823 52.55059896)
12;2020;3;13;6;3;0;3;0;0;1;0;1;0;0;0;POINT (13.32846994 52.60919161)
12;2020;3;12;3;3;3;6;0;0;1;0;0;1;0;0;POINT (13.32198462 52.56058594)
1;2020;3;17;3;2;0;1;0;1;0;0;0;0;0;0;POINT (13.39576579 52.53240521)
4;2020;3;15;4;3;5;2;0;1;1;0;0;0;0;0;POINT (13.31318901 52.49990477)
12;2020;3;17;2;3;5;2;1;0;1;0;1;0;0;1;POINT (13.24004353 52.61874367)
11;2020;3;17;3;3;2;6;1;0;1;0;0;0;0;0;POINT (13.52462284 52.47906336)
7;2020;3;16;7;3;5;3;0;1;1;0;0;0;0;0;POINT (13.3628392 52.41755692)
11;2020;3;7;2;3;5;3;0;1;1;0;0;0;0;0;POINT (13.50771044 52.4924443)
6;2020;3;23;2;2;0;7;2;0;1;0;0;0;0;1;POINT (13.33874485 52.46365666)
1;2020;3;19;4;3;5;2;2;0;1;0;0;0;1;0;POINT (13.34981166 52.50321571)
9;2020;3;12;2;3;3;3;0;0;1;0;0;0;0;1;POINT (13.55894288 52.44854219)
5;2020;3;7;1;3;2;6;0;0;1;0;0;1;0;0;POINT (13.17480323 52.51752754)
12;2020;3;8;2;3;1;5;0;0;1;0;0;0;1;0;POINT (13.32721704 52.56324687)
2;2020;3;23;2;3;5;3;2;0;1;0;0;0;0;1;POINT (13.45281885 52.51241417)
7;2020;3;19;5;2;1;5;2;0;1;0;0;1;0;0;POINT (13.40538586 52.39377269)
6;2020;3;7;1;3;2;6;0;0;1;0;0;1;0;0;POINT (13.31583839 52.44276549)
1;2020;3;12;6;3;5;2;0;1;1;0;0;0;0;0;POINT (13.35508534 52.54403542)
11;2020;3;16;2;2;6;4;0;0;1;1;0;0;0;0;POINT (13.47971539 52.52377286)
5;2020;3;15;3;3;5;2;0;0;1;0;1;0;0;0;POINT (13.2321838 52.54063776)
7;2020;3;13;4;3;5;2;0;0;1;0;0;0;1;0;POINT (13.34614704 52.5010529)
1;2020;3;20;2;3;6;4;2;1;0;1;0;0;0;1;POINT (13.39040979 52.56294423)
7;2020;3;17;3;3;1;5;0;1;1;0;0;0;0;0;POINT (13.33786766 52.48837734)
11;2020;3;11;7;3;0;1;0;0;0;0;1;0;0;0;POINT (13.53059227 52.50952115)
7;2020;3;13;1;3;5;3;0;0;1;0;1;0;0;0;POINT (13.34868591 52.40658401)
11;2020;3;14;4;2;5;2;0;0;1;0;1;0;0;0;POINT (13.52172614 52.55400292)
8;2020;3;2;7;3;5;2;2;0;1;0;0;0;0;0;POINT (13.43859545 52.4526307)
1;2020;3;20;2;3;2;5;2;0;1;0;0;0;0;1;POINT (13.35970157 52.55425381)
8;2020;3;16;4;2;5;3;0;0;0;0;1;0;1;0;POINT (13.43920954 52.42532429)
8;2020;3;15;5;3;2;6;0;0;1;0;1;0;0;0;POINT (13.45540231 52.4740827)
10;2020;3;15;4;3;5;3;0;1;1;0;0;0;0;0;POINT (13.57459257 52.53176856)
6;2020;3;12;1;2;3;6;0;1;0;0;0;1;0;0;POINT (13.3002474 52.43974934)
1;2020;3;11;4;3;2;2;0;0;1;0;1;0;0;0;POINT (13.37649176 52.54314744)
11;2020;3;17;5;2;6;4;1;0;1;1;0;0;0;1;POINT (13.47458608 52.50471851)
2;2020;3;12;2;2;6;4;0;1;0;1;0;0;0;0;POINT (13.43386024 52.50875043)
7;2020;3;11;3;2;5;3;0;1;1;0;0;0;0;0;POINT (13.37043234 52.46839664)
9;2020;3;10;4;3;2;6;0;0;1;0;0;0;0;0;POINT (13.50242613 52.48117862)
1;2020;3;16;2;3;5;2;0;1;1;0;0;0;0;1;POINT (13.38372606 52.55499138)
4;2020;3;16;3;3;6;4;0;0;1;1;0;0;0;0;POINT (13.32363057 52.49384687)
3;2020;3;5;6;3;0;1;2;1;0;0;0;0;0;0;POINT (13.44998482 52.53675835)
2;2020;3;11;1;3;6;4;0;1;0;1;0;0;0;0;POINT (13.39254727 52.49209631)
6;2020;3;17;6;3;3;6;0;1;1;0;0;0;0;0;POINT (13.34410892 52.43533186)
1;2020;3;22;2;3;0;6;2;0;0;0;0;0;1;1;POINT (13.3267858 52.53697411)
7;2020;3;6;3;3;5;2;0;1;0;0;0;1;0;0;POINT (13.40011319 52.45907115)
7;2020;3;5;5;2;1;5;2;0;1;0;0;0;1;0;POINT (13.4214806 52.46502104)
7;2020;3;9;2;3;0;1;0;1;0;0;0;0;0;1;POINT (13.38180717 52.44379752)
2;2020;3;17;1;3;5;3;0;1;1;0;0;0;0;0;POINT (13.44111026 52.51819724)
11;2020;3;15;2;3;2;6;0;0;1;0;0;0;0;0;POINT (13.51126864 52.50422388)
5;2020;3;19;2;2;5;2;2;1;1;0;0;0;0;1;POINT (13.18871837 52.52163742)