bez;ujahr;umonat;ustunde;uwochentag;ukategorie;uart;utyp1;ulichtverh;istrad;istpkw;istfuss;istkrad;istgkfz;istsonstige;ustrzustand;geometry
12;2020;3;19;2;2;6;2;2;0;1;1;0;0;0;1;POINT (13.32641398 52.60449725)
7;2020;3;5;1;2;5;3;2;0;1;0;1;0;0;0;POINT (13.41771549 52.46477041)
8;2020;3;4;3;3;5;2;2;0;0;0;1;0;1;0;POINT (13.43568467 52.45257025)
4;2020;3;14;3;3;2;2;0;0;1;0;0;0;0;1;POINT (13.28096969 52.47683055)
12;2020;3;19;2;3;6;4;2;0;1;1;0;0;0;1;POINT (13.35376749 52.56251613)
10;2020;3;17;6;3;6;4;0;0;1;1;0;0;0;0;POINT (13.60708181 52.53881585)
12;2020;3;9;1;3;3;6;0;0;1;0;0;0;0;0;POINT (13.33538469 52.56514621)
4;2020;3;16;6;3;2;6;0;0;1;0;1;0;0;0;POINT (13.3171601 52.50117208)
2;2020;3;19;3;3;5;2;2;1;1;0;0;0;0;0;POINT (13.38937697 52.49596341)
4;2020;3;11;3;3;5;2;0;1;1;0;0;0;0;0;POINT (13.27201904 52.50884519)
4;2020;3;1;5;3;2;6;2;0;1;0;0;0;0;0;POINT (13.29174014 52.49733738)
2;2020;3;19;2;3;5;3;2;1;1;0;0;0;0;1;POINT (13.39531634 52.49754387)
3;2020;3;10;1;3;5;2;0;1;1;0;0;0;0;0;POINT (13.3802068 52.58982428)
10;2020;3;19;2;3;2;2;2;0;1;0;1;0;0;0;POINT (13.62165329 52.52466904)
1;2020;3;19;2;2;5;3;2;1;1;0;0;0;0;1;POINT (13.39006553 52.5093935)
12;2020;3;13;5;3;3;6;0;0;1;0;1;0;0;0;POINT (13.32991117 52.5694989)
6;2020;3;16;1;3;6;4;0;0;1;1;0;0;0;0;POINT (13.34184636 52.44723312)
3;2020;3;12;6;3;5;2;0;1;1;0;0;0;0;0;POINT (13.49592973 52.62601965)
3;2020;3;23;5;3;5;2;2;0;1;0;0;0;0;0;POINT (13.43041692 52.55125143)
9;2020;3;8;1;3;1;5;0;1;1;0;0;0;0;0;POINT (13.5753774 52.44708835)
12;2020;3;15;6;3;5;3;0;0;1;0;1;0;0;0;POINT (13.28031085 52.63013591)
6;2020;3;14;3;3;1;5;0;1;1;0;0;0;0;0;POINT (13.36658654 52.42705526)
9;2020;3;19;3;3;6;2;2;0;1;1;0;0;0;0;POINT (13.51922122 52.46446902)
4;2020;3;18;4;2;6;4;2;0;1;1;0;0;0;0;POINT (13.31505825 52.51447525)
7;2020;3;19;2;2;6;2;2;0;1;1;0;0;0;1;POINT (13.37316107 52.42483613)
5;2020;3;16;1;3;0;1;0;0;0;0;1;0;0;0;POINT (13.18108438 52.48120018)
5;2020;3;15;2;3;1;5;0;0;1;0;0;0;0;0;POINT (13.1992001 52.54853763)
12;2020;3;18;2;2;6;2;2;0;1;1;0;0;0;1;POINT (13.31980842 52.60694059)
7;2020;3;8;4;3;3;6;0;1;1;0;0;0;0;0;POINT (13.32116285 52.47290087)
10;2020;3;14;1;3;5;2;0;0;1;0;0;0;0;0;POINT (13.57187435 52.56834095)
1;2020;3;14;4;3;0;1;0;1;0;0;0;0;0;0;POINT (13.37680374 52.50953242)
3;2020;3;20;5;2;5;3;2;0;1;0;0;0;0;1;POINT (13.42267116 52.54151307)
9;2020;3;14;2;2;0;7;0;0;1;0;0;0;0;0;POINT (13.50766912 52.44112746)
7;2020;3;13;3;2;6;4;0;0;1;1;0;0;0;0;POINT (13.39656724 52.44012187)
7;2020;3;12;4;3;3;6;0;0;1;0;0;0;0;1;POINT (13.36808837 52.40998326)
1;2020;3;18;2;3;5;3;2;1;1;0;0;0;0;1;POINT (13.37986139 52.5401695)
6;2020;3;16;3;3;0;7;0;0;1;0;0;0;0;0;POINT (13.31820612 52.41393824)
3;2020;3;11;6;3;5;2;0;1;1;0;0;0;0;0;POINT (13.49930303 52.63532395)
3;2020;3;12;1;3;5;3;0;1;1;0;0;0;0;0;POINT (13.44421621 52.55274374)
1;2020;3;12;2;3;5;2;0;1;1;0;0;0;0;0;POINT (13.33323914 52.5609355)
5;2020;3;15;3;2;5;2;0;0;1;0;1;0;0;0;POINT (13.2478918 52.54875199)
6;2020;3;13;4;2;5;2;0;0;0;0;1;0;1;0;POINT (13.32683226 52.45493799)
1;2020;3;18;2;3;5;2;2;1;1;0;0;0;0;1;POINT (13.40582539 52.51399197)
7;2020;3;15;3;2;1;5;0;0;0;0;1;0;1;0;POINT (13.40035643 52.46399153)
9;2020;3;14;7;3;2;6;0;1;0;0;0;0;0;0;POINT (13.55060097 52.44847179)
12;2020;3;13;2;3;6;7;0;1;0;1;0;0;0;0;POINT (13.31663682 52.57905811)
9;2020;3;15;4;3;5;3;0;1;0;0;0;0;0;0;POINT (13.44781304 52.48975832)
12;2020;3;16;7;3;5;3;0;1;0;0;0;0;0;0;POINT (13.27452395 52.57748502)
6;2020;3;8;4;3;5;3;0;0;1;0;0;0;1;0;POINT (13.25033103 52.45372271)
4;2020;3;8;3;3;2;6;0;0;1;0;0;0;1;0;POINT (13.27409633 52.50817289)
7;2020;3;15;5;3;2;6;0;0;1;0;0;0;0;0;POINT (13.4059748 52.45069936)
4;2020;3;11;2;3;2;6;0;0;1;0;0;0;0;0;POINT (13.31426607 52.5086697)
11;2020;3;12;3;3;1;5;0;1;1;0;0;0;0;0;POINT (13.5232599 52.48582483)
3;2020;3;9;4;3;1;5;0;1;1;0;0;0;0;0;POINT (13.48521845 52.61620787)
1;2020;3;20;2;3;5;5;2;0;1;0;0;0;1;1;POINT (13.31787882 52.52865145)
1;2020;3;14;3;3;6;4;0;0;1;0;0;0;1;0;POINT (13.42650895 52.52289232)
12;2020;3;20;6;3;5;3;2;0;1;0;0;0;0;0;POINT (13.37382722 52.57131746)
4;2020;3;11;1;3;2;6;0;0;0;0;1;0;1;0;POINT (13.30068995 52.4880584)
2;2020;3;8;3;3;5;3;0;1;1;0;0;0;0;0;POINT (13.41217109 52.49874098)
1;2020;3;20;6;3;2;2;2;0;1;0;0;0;0;0;POINT (13.31468769 52.52959104)
3;2020;3;7;3;3;5;3;0;1;1;0;0;0;0;1;POINT (13.4548562 52.59291657)
6;2020;3;14;4;3;5;3;0;0;1;0;1;0;0;0;POINT (13.32223602 52.41038199)
1;2020;3;11;6;3;5;2;0;0;1;0;0;0;0;0;POINT (13.34514864 52.55430523)
1;2020;3;16;2;3;2;6;1;0;1;0;0;0;0;1;POINT (13.34520149 52.50408661)
3;2020;3;9;3;3;3;5;0;0;1;0;0;0;0;0;POINT (13.46641308 52.55017952)
8;2020;3;11;5;3;2;7;0;0;1;0;0;0;0;1;POINT (13.45336989 52.43988846)
5;2020;3;16;2;3;6;7;1;0;1;1;0;0;0;1;POINT (13.20274336 52.53789534)
11;2020;3;17;1;3;5;3;0;1;1;0;0;0;0;0;POINT (13.50783186 52.54623855)
4;2020;3;15;2;3;5;2;0;1;1;0;0;0;0;0;POINT (13.26606673 52.51298891)
1;2020;3;8;3;3;0;5;0;1;1;0;0;0;0;0;POINT (13.41697247 52.52397742)
3;2020;3;15;2;3;8;1;0;0;1;0;0;0;0;1;POINT (13.42127641 52.54935533)
6;2020;3;15;6;2;0;1;0;1;0;0;0;0;0;0;POINT (13.36696572 52.43394649)
3;2020;3;18;1;3;2;6;1;0;1;0;0;0;0;0;POINT (13.42173487 52.54496986)
10;2020;3;7;3;2;5;3;0;1;1;0;0;0;0;0;POINT (13.56935582 52.55348325)
5;2020;3;15;6;3;4;1;0;0;1;0;1;0;0;0;POINT (13.24815157 52.53637402)
7;2020;3;16;3;3;0;1;0;0;0;0;1;0;0;0;POINT (13.36085938 52.4901537)
12;2020;3;19;3;2;0;1;2;1;0;0;0;0;0;0;POINT (13.36865436 52.5744948)
2;2020;3;15;4;3;0;7;0;1;0;0;0;0;0;0;POINT (13.44141207 52.50136442)
4;2020;3;15;2;3;0;7;0;0;1;0;1;1;0;1;POINT (13.28295078 52.53384408)
5;2020;3;8;1;3;5;7;0;0;1;0;1;0;0;0;POINT (13.1926099 52.53604762)
1;2020;3;9;2;3;5;3;0;1;1;0;0;0;0;0;POINT (13.40333069 52.53405674)
9;2020;3;6;3;2;5;3;0;1;1;0;0;0;0;0;POINT (13.49133287 52.46912092)
10;2020;3;10;4;3;5;2;0;0;1;0;0;0;0;0;POINT (13.56545778 52.53429236)
8;2020;3;9;5;3;2;5;0;0;1;0;0;0;1;0;POINT (13.45559284 52.47399222)
4;2020;3;7;2;3;5;3;0;1;1;0;0;0;0;1;POINT (13.29013659 52.47571767)
9;2020;3;14;1;3;3;6;0;0;1;0;0;1;0;0;POINT (13.56058845 52.44631743)
8;2020;3;15;2;3;0;7;0;0;0;0;0;0;1;0;POINT (13.45425288 52.42988409)
9;2020;3;15;2;3;2;7;0;0;1;0;0;0;0;1;POINT (13.60792437 52.45311593)
2;2020;3;16;5;3;6;4;0;0;0;1;1;0;0;0;POINT (13.3757327 52.50443231)
6;2020;3;18;1;3;6;7;1;1;0;1;0;0;0;0;POINT (13.32531814 52.46158195)
6;2020;3;7;3;3;2;6;0;0;1;0;0;0;0;1;POINT (13.34709588 52.4277749)
12;2020;3;14;6;3;5;2;0;1;1;0;0;0;0;0;POINT (13.30000742 52.58311613)
3;2020;3;13;3;3;0;7;0;1;0;0;0;0;0;0;POINT (13.42051245 52.56718836)
9;2020;3;18;3;3;5;3;1;1;1;0;0;0;0;0;POINT (13.55328058 52.4695649)
11;2020;3;16;4;3;5;3;0;1;1;0;0;0;0;0;POINT (13.48794313 52.51841345)
8;2020;3;14;2;2;0;7;0;1;0;0;0;0;0;1;POINT (13.49435045 52.43086607)
12;2020;3;14;3;3;6;4;0;0;1;1;0;0;0;0;POINT (13.3129801 52.56775625)
1;2020;3;19;7;2;0;7;2;0;1;0;0;0;0;0;POINT (13.41124723 52.52836376)
12;2020;3;7;2;3;2;6;0;0;1;0;0;0;1;0;POINT (13.32927099 52.58732735)
1;2020;3;14;2;3;3;6;0;0;1;0;0;0;1;1;POINT (13.37416797 52.55649976)
9;2020;3;17;4;3;1;5;0;0;1;0;0;0;0;0;POINT (13.58001373 52.41802542)
3;2020;3;1;1;3;7;7;2;1;0;0;0;0;0;0;POINT (13.45897725 52.52904895)
1;2020;3;12;4;3;6;4;0;0;1;1;0;0;0;0;POINT (13.32477864 52.53206927)
5;2020;3;12;2;3;5;2;0;0;1;0;0;0;0;1;POINT (13.26484952 52.53674924)
3;2020;3;13;5;3;5;3;0;1;1;0;0;0;0;0;POINT (13.41105357 52.55415842)
7;2020;3;16;1;3;6;4;0;0;0;1;0;0;1;0;POINT (13.39548078 52.42440202)
10;2020;3;12;6;3;5;2;0;0;1;0;0;0;1;0;POINT (13.51920133 52.53140071)
1;2020;3;20;2;3;5;3;2;1;1;0;0;0;0;0;POINT (13.35154819 52.50555219)
1;2020;3;16;3;3;5;2;0;0;1;0;0;0;0;0;POINT (13.38405393 52.55577092)
5;2020;3;13;4;3;1;5;0;0;1;0;0;0;1;0;POINT (13.15733718 52.5489126)
6;2020;3;12;2;3;0;4;0;0;0;1;0;0;1;1;POINT (13.32173596 52.45664195)
11;2020;3;14;3;2;2;6;0;0;1;0;0;0;0;0;POINT (13.50832232 52.56433231)
9;2020;3;13;7;3;9;1;0;0;0;0;1;0;0;0;POINT (13.47133373 52.47668053)
3;2020;3;11;2;3;1;5;0;1;1;0;0;0;0;0;POINT (13.49146958 52.55849967)
5;2020;3;6;3;3;2;6;0;0;1;0;0;0;0;0;POINT (13.20073194 52.53839882)
5;2020;3;0;4;2;2;2;2;0;1;0;0;0;0;0;POINT (13.18238756 52.53842929)
6;2020;3;12;7;2;4;6;0;0;1;0;1;0;0;0;POINT (13.18126875 52.42242888)
5;2020;3;15;4;2;0;1;0;1;0;0;0;0;0;0;POINT (13.20614574 52.54266901)
12;2020;3;14;3;3;0;7;0;1;0;0;0;0;0;0;POINT (13.28496869 52.58771375)
7;2020;3;14;5;3;6;4;0;0;1;1;0;0;0;0;POINT (13.40702193 52.44460749)
6;2020;3;18;2;3;1;7;1;0;1;0;1;0;0;0;POINT (13.31783118 52.41430279)
6;2020;3;10;3;3;0;4;0;0;1;1;0;0;0;0;POINT (13.32707965 52.45798713)
2;2020;3;5;4;3;5;3;2;1;1;0;0;0;0;1;POINT (13.38346823 52.50337109)
3;2020;3;18;5;3;0;1;2;0;0;0;1;0;0;1;POINT (13.42919078 52.57197516)
3;2020;3;12;2;3;5;7;0;0;1;0;0;0;1;0;POINT (13.41860805 52.54686779)
2;2020;3;12;3;3;5;2;0;0;1;0;0;1;0;0;POINT (13.39575683 52.49787439)
4;2020;3;10;4;2;4;5;0;0;1;0;0;0;0;1;POINT (13.282956 52.51282672)
2;2020;3;12;2;3;5;3;0;0;1;0;0;0;0;1;POINT (13.4295526 52.49821183)
8;2020;3;14;3;3;6;4;0;0;1;1;0;0;0;0;POINT (13.46336751 52.42434872)
6;2020;3;11;6;3;6;4;0;0;1;1;0;0;0;0;POINT (13.22908044 52.42579919)
8;2020;3;12;1;3;5;2;0;0;1;0;0;0;0;0;POINT (13.43298576 52.45242551)
6;2020;3;11;4;3;1;7;0;0;1;0;0;0;0;0;POINT (13.33914093 52.46308511)
2;2020;3;0;6;3;0;1;2;0;0;0;0;0;1;0;POINT (13.46948928 52.49717745)
3;2020;3;11;2;3;5;3;0;0;1;0;0;0;0;1;POINT (13.42548774 52.5865347)
8;2020;3;9;3;3;5;7;0;0;1;0;1;0;0;0;POINT (13.46496397 52.46571351)
9;2020;3;11;5;3;6;2;0;0;1;1;0;0;0;0;POINT (13.62474978 52.45115991)
4;2020;3;11;2;3;5;2;0;0;1;0;0;0;1;1;POINT (13.29680979 52.54812262)
2;2020;3;17;1;3;0;6;0;0;1;0;1;0;0;0;POINT (13.44218989 52.5009411)
3;2020;3;16;2;3;6;4;0;1;0;1;0;0;0;0;POINT (13.42578211 52.54643395)
2;2020;3;7;2;3;3;6;1;1;1;0;0;0;0;0;POINT (13.45125338 52.5203307)
7;2020;3;12;6;2;5;3;0;1;1;0;0;0;0;0;POINT (13.35298006 52.49932744)
6;2020;3;8;1;3;2;6;0;0;1;0;0;0;0;0;POINT (13.31529019 52.43063959)
4;2020;3;20;3;3;1;5;2;1;1;0;0;0;0;0;POINT (13.30188275 52.51727809)
4;2020;3;10;2;3;2;6;0;0;1;0;1;0;1;1;POINT (13.26892508 52.51156907)
12;2020;3;18;6;2;5;3;1;0;1;0;1;0;0;0;POINT (13.3584823 52.61211762)
4;2020;3;10;1;3;0;7;0;1;0;0;0;0;0;0;POINT (13.31166465 52.50634232)
5;2020;3;17;6;3;5;3;0;0;1;0;0;0;0;0;POINT (13.19566798 52.52946124)
1;2020;3;21;3;3;9;1;2;0;0;0;1;0;0;0;POINT (13.3765825 52.52866731)
1;2020;3;18;3;3;0;7;2;0;0;0;1;0;1;1;POINT (13.38248056 52.54874408)
1;2020;3;2;5;3;8;1;2;0;1;0;0;0;0;0;POINT (13.35142387 52.50982864)
5;2020;3;9;2;3;5;7;0;0;1;0;1;0;0;1;POINT (13.25876927 52.53461409)
4;2020;3;11;1;2;5;7;0;0;1;0;0;1;0;0;POINT (13.32696163 52.51989605)
8;2020;3;21;2;3;1;5;2;0;1;0;1;0;0;0;POINT (13.40639821 52.42736804)
12;2020;3;8;2;3;6;4;0;0;1;1;0;0;0;0;POINT (13.29447443 52.57643556)
4;2020;3;13;5;3;2;7;0;0;0;0;1;0;1;0;POINT (13.30557777 52.50791105)
10;2020;3;16;1;3;2;6;0;0;1;0;0;0;0;0;POINT (13.57019301 52.54072799)
3;2020;3;13;6;3;5;3;0;1;1;0;0;0;0;0;POINT (13.44112149 52.54954803)
1;2020;3;10;3;3;5;3;0;0;1;0;0;0;0;0;POINT (13.35216623 52.50636207)
7;2020;3;15;3;3;5;3;0;0;1;0;0;0;1;0;POINT (13.34582701 52.50007418)
2;2020;3;14;4;3;5;5;0;0;1;0;0;0;0;0;POINT (13.4712054 52.51455399)
4;2020;3;8;2;3;0;5;0;1;1;0;0;0;0;0;POINT (13.29250504 52.50962696)
12;2020;3;15;6;3;5;2;0;1;1;0;0;0;0;0;POINT (13.29133542 52.58102443)
6;2020;3;15;3;3;8;1;0;0;1;0;0;0;0;0;POINT (13.25447164 52.44353035)
5;2020;3;19;3;3;2;6;2;0;1;0;1;0;0;0;POINT (13.1578803 52.54312759)
4;2020;3;18;4;3;1;5;2;1;0;0;0;0;1;0;POINT (13.32025407 52.52009766)
3;2020;3;7;2;3;5;3;0;1;1;0;0;0;0;0;POINT (13.49306894 52.62386191)
7;2020;3;5;1;2;0;1;1;0;0;0;1;0;0;0;POINT (13.38502905 52.43553756)
4;2020;3;14;2;2;1;5;0;1;1;0;0;0;0;0;POINT (13.28583555 52.47912208)
5;2020;3;9;1;3;2;6;0;0;1;0;0;0;0;1;POINT (13.24791404 52.53651665)
7;2020;3;16;4;3;3;6;0;0;1;0;1;0;0;0;POINT (13.35476487 52.45863217)
1;2020;3;15;1;3;5;3;0;0;1;0;0;0;0;0;POINT (13.37294311 52.54018854)
3;2020;3;19;3;3;5;2;2;0;1;0;0;0;0;0;POINT (13.42851828 52.54785584)
10;2020;3;22;5;2;6;4;2;0;1;1;0;0;0;0;POINT (13.57370914 52.56652839)
1;2020;3;15;2;3;2;6;0;0;1;0;0;0;0;0;POINT (13.36418391 52.55656707)
9;2020;3;14;3;3;5;7;0;1;0;0;0;0;1;0;POINT (13.56166067 52.44466716)
1;2020;3;11;4;3;0;7;0;1;0;0;0;0;0;1;POINT (13.37385706 52.52095694)
7;2020;3;20;1;3;5;2;2;0;1;0;0;0;0;0;POINT (13.34627672 52.50107765)
4;2020;3;14;3;3;2;2;0;0;1;0;0;0;0;0;POINT (13.32880792 52.47883808)
12;2020;3;0;7;3;8;1;2;0;1;0;0;0;0;0;POINT (13.22689414 52.62693664)
5;2020;3;11;1;3;0;3;0;0;1;0;1;0;0;0;POINT (13.19643587 52.53044821)
10;2020;3;14;4;3;2;6;0;0;1;0;0;0;0;0;POINT (13.56223213 52.51117723)
7;2020;3;11;6;3;1;5;0;0;1;0;0;0;0;0;POINT (13.36071912 52.41735482)
9;2020;3;13;3;3;5;2;0;0;1;0;0;0;0;0;POINT (13.48125577 52.46079553)
11;2020;3;16;7;2;6;7;0;0;1;1;0;0;0;0;POINT (13.47700622 52.51188372)
9;2020;3;5;2;3;5;2;0;1;1;0;0;0;0;0;POINT (13.52590055 52.45875008)
3;2020;3;16;4;2;5;3;0;0;1;0;1;0;0;0;POINT (13.47694958 52.56324894)
2;2020;3;17;7;3;2;1;0;1;1;0;0;0;0;0;POINT (13.4267063 52.50473863)
10;2020;3;10;4;3;5;2;0;1;1;0;0;0;0;0;POINT (13.60109433 52.48066951)
3;2020;3;15;5;3;2;6;0;0;1;0;0;0;0;0;POINT (13.48077012 52.5537674)
6;2020;3;12;2;3;5;3;0;1;1;0;0;0;0;0;POINT (13.31911613 52.45453183)
1;2020;3;10;3;3;3;2;0;0;1;0;1;0;0;0;POINT (13.34278126 52.50457246)
4;2020;3;9;4;3;5;2;0;0;1;0;0;0;0;1;POINT (13.27805095 52.51839469)
3;2020;3;18;1;2;0;1;2;0;0;0;0;0;1;0;POINT (13.42508986 52.54098607)
7;2020;3;13;3;3;2;6;0;1;1;0;0;0;0;0;POINT (13.34557192 52.49694229)
12;2020;3;20;6;3;2;6;2;0;1;0;0;0;0;0;POINT (13.37698471 52.56058102)
7;2020;3;11;1;3;1;5;0;1;1;0;0;0;0;0;POINT (13.33726659 52.46888051)
1;2020;3;22;6;3;5;3;2;0;1;0;0;0;0;0;POINT (13.37407493 52.53056708)
10;2020;3;8;3;3;2;6;0;0;0;0;0;0;1;0;POINT (13.52756992 52.53578688)
9;2020;3;7;5;3;4;6;0;0;1;0;0;0;0;0;POINT (13.65489701 52.37463295)
10;2020;3;16;1;3;3;6;1;0;1;0;0;0;0;1;POINT (13.56857216 52.51309411)
7;2020;3;15;1;2;5;3;0;1;0;0;0;0;1;0;POINT (13.36299584 52.47604254)
1;2020;3;16;3;3;0;3;0;1;1;0;0;0;0;0;POINT (13.37964163 52.52132552)
8;2020;3;13;5;3;6;2;0;0;0;1;0;0;1;0;POINT (13.44463576 52.46800047)
9;2020;3;15;1;3;6;4;0;0;1;1;0;0;0;0;POINT (13.48653424 52.4651396)
7;2020;3;17;1;3;2;6;1;0;1;0;0;0;0;0;POINT (13.39235595 52.43988344)
8;2020;3;12;2;3;1;5;0;0;1;0;0;0;0;0;POINT (13.41231903 52.42516582)
4;2020;3;12;3;3;0;6;0;0;1;0;1;0;0;0;POINT (13.31592235 52.51563173)
12;2020;3;15;1;3;1;5;0;0;1;0;1;0;0;1;POINT (13.33112287 52.59804153)
4;2020;3;21;6;3;6;7;2;1;0;1;0;0;0;0;POINT (13.32795369 52.48676857)
2;2020;3;20;1;3;5;2;2;0;1;0;0;0;0;0;POINT (13.40665346 52.49843396)
3;2020;3;15;6;3;5;2;0;0;1;0;0;0;0;0;POINT (13.40206655 52.6028499)
4;2020;3;17;3;2;6;4;0;0;1;1;0;0;0;0;POINT (13.26853741 52.50921104)
2;2020;3;16;3;3;5;3;0;1;1;0;0;0;0;0;POINT (13.39740939 52.48895969)
7;2020;3;14;4;3;2;6;0;0;1;0;0;0;0;0;POINT (13.34788765 52.45911654)
12;2020;3;15;1;3;5;3;0;1;1;0;0;0;0;1;POINT (13.30259992 52.59159634)
2;2020;3;8;1;3;5;3;0;0;1;0;0;0;0;0;POINT (13.39945538 52.49828847)
2;2020;3;17;2;3;5;2;1;1;1;0;0;0;0;0;POINT (13.44061031 52.51701981)
6;2020;3;13;1;3;5;7;0;0;1;0;0;0;0;1;POINT (13.33247126 52.42974771)
11;2020;3;10;5;3;5;2;0;0;1;0;1;0;0;0;POINT (13.47137029 52.50515226)
4;2020;3;7;1;3;0;1;0;0;0;0;1;0;0;0;POINT (13.30205115 52.50896467)
1;2020;3;15;1;3;2;6;0;0;1;0;0;0;1;0;POINT (13.34900149 52.54869031)
12;2020;3;15;2;3;0;2;0;0;1;0;1;0;0;0;POINT (13.29222487 52.59058244)
3;2020;3;12;1;3;0;3;0;0;0;0;0;0;1;1;POINT (13.43256231 52.55757827)
5;2020;3;21;5;3;5;3;2;1;1;0;0;0;0;0;POINT (13.17924817 52.5337754)
11;2020;3;7;1;3;5;2;0;1;1;0;0;0;0;0;POINT (13.48585641 52.51847235)
9;2020;3;14;6;3;5;2;0;1;1;0;0;0;0;0;POINT (13.5266856 52.42879517)
7;2020;3;13;3;3;6;4;0;0;1;1;0;0;0;0;POINT (13.37060431 52.48854162)
1;2020;3;18;3;2;5;2;1;1;1;0;0;0;0;0;POINT (13.42090348 52.50942273)
9;2020;3;18;4;3;5;3;2;0;1;0;0;0;1;0;POINT (13.54494769 52.43431973)
12;2020;3;12;1;3;2;6;0;0;1;0;0;1;0;1;POINT (13.28437512 52.57563554)
2;2020;3;19;1;3;0;1;2;1;0;0;0;0;0;0;POINT (13.38127156 52.5039861)
6;2020;3;8;2;3;2;6;0;0;1;0;0;0;0;0;POINT (13.34798914 52.43760015)
12;2020;3;22;1;3;5;3;2;0;1;0;0;0;1;0;POINT (13.32764364 52.56407988)
1;2020;3;12;4;3;5;3;0;1;1;0;0;0;0;0;POINT (13.31490088 52.52952028)
8;2020;3;14;1;3;3;5;0;1;1;0;0;0;0;0;POINT (13.47190201 52.43651857)
8;2020;3;14;4;3;5;2;0;1;1;0;0;0;0;0;POINT (13.49530471 52.43159827)
5;2020;3;18;5;3;5;7;2;0;1;0;0;0;0;1;POINT (13.18413206 52.54558608)
11;2020;3;15;2;3;5;3;0;0;1;0;0;0;0;0;POINT (13.48535728 52.52318995)
3;2020;3;13;3;2;8;1;0;0;0;0;1;0;0;0;POINT (13.39432197 52.6174719)
1;2020;3;12;6;3;5;3;0;0;1;0;0;0;0;0;POINT (13.35219602 52.50634479)
1;2020;3;18;2;3;6;4;1;0;1;1;0;0;0;0;POINT (13.39478407 52.5322912)
3;2020;3;15;3;3;5;2;0;1;1;0;0;0;0;0;POINT (13.39688202 52.57149142)
7;2020;3;13;4;2;6;7;0;0;0;1;0;0;1;0;POINT (13.32836512 52.46623314)
6;2020;3;12;1;3;2;7;0;0;1;0;0;0;0;0;POINT (13.35592235 52.42601677)
4;2020;3;13;3;3;5;2;0;1;1;0;0;0;0;0;POINT (13.2808162 52.49884859)
11;2020;3;14;7;3;6;7;0;0;1;1;0;0;0;0;POINT (13.48081618 52.53325868)
3;2020;3;13;2;2;5;2;0;1;1;0;0;0;0;0;POINT (13.43643853 52.54852786)
7;2020;3;19;3;3;2;6;2;0;1;0;1;0;0;0;POINT (13.38899993 52.41204177)
10;2020;3;2;4;3;4;7;2;1;0;0;0;0;0;0;POINT (13.58716904 52.51146691)
5;2020;3;13;7;3;5;3;0;1;1;0;0;0;0;0;POINT (13.21460197 52.56328894)
6;2020;3;17;4;3;5;3;0;0;1;0;0;0;0;0;POINT (13.22978814 52.44249672)
3;2020;3;19;3;3;6;4;2;0;1;1;0;0;0;0;POINT (13.44001744 52.59166691)
5;2020;3;15;5;3;5;3;0;0;1;0;0;0;0;0;POINT (13.17939949 52.5338653)
7;2020;3;8;2;3;5;2;0;0;1;0;0;0;0;0;POINT (13.34741231 52.47059434)
6;2020;3;11;3;3;1;1;0;0;1;0;1;0;1;0;POINT (13.36052325 52.44224902)
12;2020;3;5;4;3;2;6;1;0;1;0;0;0;0;0;POINT (13.30791961 52.55656412)
10;2020;3;11;1;2;1;5;0;0;1;0;0;0;0;1;POINT (13.56572118 52.55622367)
2;2020;3;19;6;3;1;7;2;0;1;0;0;0;1;0;POINT (13.39128519 52.50192455)
6;2020;3;10;1;3;2;1;0;1;0;0;0;1;0;0;POINT (13.31091065 52.43073905)
8;2020;4;17;4;3;5;3;0;0;0;0;1;0;0;0;POINT (13.44740419 52.46424253)
3;2020;4;18;3;3;5;3;1;1;1;0;0;0;0;0;POINT (13.42761511 52.56046466)
7;2020;4;17;5;3;5;2;0;1;1;0;0;0;0;0;POINT (13.37798995 52.4662962)
1;2020;4;19;4;3;6;4;2;0;1;1;0;0;0;0;POINT (13.37825925 52.55038901)
5;2020;4;16;3;2;5;2;0;1;0;0;0;1;0;0;POINT (13.24757347 52.52452175)
1;2020;4;15;5;3;0;7;0;1;0;0;0;0;0;0;POINT (13.32461617 52.53685445)
7;2020;4;19;4;3;2;7;0;0;0;0;1;0;1;0;POINT (13.37260094 52.45957943)
8;2020;4;17;7;3;3;6;0;1;1;0;0;0;0;0;POINT (13.46528662 52.43340809)
9;2020;4;16;3;3;3;6;0;1;0;0;0;0;1;0;POINT (13.58224499 52.43770431)
7;2020;4;18;4;2;6;7;0;0;0;1;0;0;1;0;POINT (13.38916387 52.46573462)
11;2020;4;16;3;3;5;7;0;0;1;0;0;0;1;0;POINT (13.47924285 52.51630116)
1;2020;4;9;4;2;3;6;0;0;1;0;0;0;0;0;POINT (13.34806793 52.54123444)
6;2020;4;17;4;3;2;6;0;0;1;0;0;0;0;0;POINT (13.31548432 52.42481221)
9;2020;4;15;3;3;5;2;0;1;1;0;0;0;0;0;POINT (13.47859126 52.47750779)
1;2020;4;9;4;3;5;7;0;1;0;0;0;0;1;0;POINT (13.40898227 52.52830029)
3;2020;4;22;2;3;2;7;2;0;1;0;1;0;0;0;POINT (13.42737759 52.5457555)