bez;ujahr;umonat;ustunde;uwochentag;ukategorie;uart;utyp1;ulichtverh;istrad;istpkw;istfuss;istkrad;istgkfz;istsonstige;ustrzustand;geometry
3;2020;4;13;4;3;5;2;0;0;1;0;0;0;0;0;POINT (13.4057021 52.55126074)
9;2020;4;15;7;3;5;3;0;1;1;0;0;0;0;0;POINT (13.5616695 52.39149148)
9;2020;4;9;4;3;6;2;0;0;1;1;0;0;0;0;POINT (13.56964123 52.45281477)
2;2020;4;18;4;3;5;2;0;0;1;0;1;0;0;0;POINT (13.37665086 52.48503411)
8;2020;4;16;7;2;0;1;0;0;0;0;1;0;0;0;POINT (13.4254779 52.41647116)
8;2020;4;18;4;3;2;6;0;0;1;0;0;0;0;0;POINT (13.45332769 52.44542674)
3;2020;4;14;4;3;0;2;0;1;0;0;0;0;1;0;POINT (13.45023292 52.54605127)
7;2020;4;15;3;3;1;5;0;1;1;0;0;0;0;0;POINT (13.36152683 52.40157833)
7;2020;4;17;4;2;0;1;0;1;0;0;0;0;0;0;POINT (13.40036528 52.48370455)
2;2020;4;16;4;3;5;2;0;1;1;0;0;0;0;0;POINT (13.38235382 52.48984936)
6;2020;4;15;3;3;2;6;0;0;1;0;0;0;0;0;POINT (13.26218857 52.43792)
2;2020;4;17;4;3;5;2;0;1;1;0;0;0;0;0;POINT (13.41830565 52.498727)
3;2020;4;16;2;3;5;2;0;1;1;0;0;0;0;0;POINT (13.41067424 52.55938372)
7;2020;4;16;4;3;2;7;0;1;1;0;0;0;0;0;POINT (13.36640666 52.44946068)
4;2020;4;18;6;2;5;3;0;0;1;0;0;0;0;0;POINT (13.28146028 52.51155815)
1;2020;4;15;4;2;5;2;0;1;1;0;0;0;0;0;POINT (13.3425684 52.52541456)
9;2020;4;15;4;3;5;2;0;0;1;0;0;0;0;0;POINT (13.54707215 52.42669004)
7;2020;4;13;3;3;5;2;0;0;1;0;1;0;0;0;POINT (13.40131448 52.41450989)
4;2020;4;16;5;3;5;2;0;1;1;0;0;0;0;0;POINT (13.22318652 52.51018057)
1;2020;4;15;4;3;5;3;0;0;1;0;0;0;0;0;POINT (13.35637001 52.55538483)
9;2020;4;10;3;3;0;2;0;1;0;0;0;0;1;0;POINT (13.50924532 52.46351955)
2;2020;4;17;5;3;2;6;0;0;1;0;1;0;0;0;POINT (13.41533251 52.48796894)
9;2020;4;13;3;3;5;2;0;0;1;0;1;0;0;0;POINT (13.58014315 52.45824075)
8;2020;4;15;4;3;6;4;0;0;1;1;0;0;0;0;POINT (13.42669766 52.45690455)
10;2020;4;12;3;3;0;1;0;0;0;0;1;0;0;0;POINT (13.59180879 52.54040874)
4;2020;4;15;4;3;5;2;0;0;1;0;0;0;0;0;POINT (13.32624395 52.53802354)
8;2020;4;13;4;3;0;2;0;0;0;0;1;1;0;0;POINT (13.49532512 52.43164664)
9;2020;4;10;3;3;6;2;0;0;1;1;0;0;0;0;POINT (13.54809238 52.43794764)
2;2020;4;13;4;3;2;6;0;0;1;0;1;0;0;0;POINT (13.42427976 52.49907806)
1;2020;4;13;2;3;2;6;0;0;1;0;0;0;0;0;POINT (13.40397154 52.50811863)
5;2020;4;12;4;3;5;2;0;0;1;0;0;0;0;0;POINT (13.14113087 52.52747895)
2;2020;4;12;4;3;2;6;0;0;1;0;0;0;0;0;POINT (13.4547181 52.51581852)
6;2020;4;17;3;3;3;6;0;1;0;0;0;0;1;0;POINT (13.3432792 52.43963455)
1;2020;4;10;3;3;5;3;0;1;1;0;0;0;0;0;POINT (13.42566397 52.51842241)
3;2020;4;14;5;3;1;5;0;1;1;0;0;0;0;0;POINT (13.37192115 52.59009958)
4;2020;4;17;3;3;6;4;0;1;0;1;0;0;0;0;POINT (13.30487142 52.51419928)
6;2020;4;18;3;3;1;5;0;1;1;0;0;0;0;0;POINT (13.34377786 52.43890415)
3;2020;4;15;5;3;5;2;0;1;1;0;0;0;0;0;POINT (13.44568054 52.53467621)
4;2020;4;22;3;3;0;1;2;1;0;0;0;0;0;0;POINT (13.31307992 52.49130669)
6;2020;4;9;7;2;5;3;0;0;1;0;1;0;0;0;POINT (13.36177473 52.42545102)
5;2020;4;9;3;3;6;2;0;0;1;1;0;0;0;0;POINT (13.20466808 52.54413755)
1;2020;4;20;3;3;3;3;2;0;1;0;1;0;0;0;POINT (13.41779088 52.51800335)
12;2020;4;18;3;2;0;1;0;0;0;0;0;0;1;0;POINT (13.36881531 52.60202699)
8;2020;4;14;1;2;5;2;0;1;0;0;0;0;0;0;POINT (13.43516623 52.4364543)
1;2020;4;17;3;3;5;2;0;1;1;0;0;0;0;0;POINT (13.4149984 52.5157905)
7;2020;4;16;3;3;2;6;0;0;1;0;0;1;1;0;POINT (13.40454863 52.44910789)
9;2020;4;10;3;3;1;5;0;0;1;0;0;0;0;0;POINT (13.64181326 52.44776365)
9;2020;4;16;3;3;0;7;0;1;0;0;0;0;0;0;POINT (13.57542187 52.47435199)
6;2020;4;9;5;3;4;2;0;0;1;0;0;0;1;0;POINT (13.2248712 52.423437)
8;2020;4;15;3;3;0;6;0;1;1;0;0;0;0;0;POINT (13.46130935 52.46777851)
12;2020;4;13;3;3;6;7;0;0;1;1;0;0;0;0;POINT (13.32848181 52.56492827)
8;2020;4;9;5;3;2;6;0;0;1;0;0;0;0;0;POINT (13.43466842 52.44058129)
10;2020;4;14;3;3;5;3;0;1;1;0;0;0;0;0;POINT (13.55030169 52.52022072)
1;2020;4;19;7;3;4;6;0;0;1;0;1;0;0;0;POINT (13.33881434 52.56284406)
10;2020;3;9;2;2;0;1;0;1;0;0;0;0;0;0;POINT (13.56222556 52.51115196)
9;2020;4;14;3;3;1;5;0;1;1;0;0;0;0;0;POINT (13.54893454 52.43821854)
12;2020;3;12;2;3;2;6;0;0;1;0;0;0;0;0;POINT (13.35074356 52.5673693)
12;2020;4;14;3;3;5;3;0;0;1;0;0;0;0;0;POINT (13.33322569 52.57884274)
4;2020;4;16;4;3;0;7;0;1;1;0;0;0;0;1;POINT (13.26899616 52.51171418)
12;2020;3;9;2;2;6;4;0;0;1;1;0;0;0;0;POINT (13.35586281 52.59245141)
4;2020;3;8;2;3;2;7;0;0;1;0;1;0;0;0;POINT (13.26032919 52.48933134)
11;2020;4;14;3;3;5;2;0;1;1;0;0;0;0;0;POINT (13.48541508 52.54804693)
6;2020;4;14;3;3;5;3;0;1;1;0;0;0;0;0;POINT (13.17593867 52.4195496)
10;2020;3;7;2;3;5;3;0;0;1;0;0;0;1;0;POINT (13.56919322 52.56082356)
4;2020;4;13;3;3;2;6;0;0;1;0;0;0;1;0;POINT (13.28468049 52.51872943)
9;2020;4;12;2;3;2;6;0;0;1;0;0;0;0;0;POINT (13.5841797 52.4640401)
12;2020;4;20;4;3;5;3;1;1;1;0;0;0;0;0;POINT (13.32995185 52.59433113)
2;2020;4;13;3;3;5;7;0;0;1;0;1;0;0;0;POINT (13.44064342 52.51712885)
8;2020;4;15;7;2;3;6;0;1;0;0;1;0;0;0;POINT (13.45609389 52.48314813)
5;2020;4;12;3;3;2;6;0;0;1;0;0;0;0;0;POINT (13.15340297 52.55344523)
3;2020;4;12;3;3;5;7;0;1;1;0;0;0;0;0;POINT (13.47028654 52.56607301)
11;2020;3;17;2;3;5;3;0;1;0;0;0;0;0;0;POINT (13.49908906 52.5263797)
1;2020;4;12;3;3;2;6;0;0;1;0;0;0;0;0;POINT (13.36873782 52.55725895)
1;2020;4;15;4;3;5;2;0;1;1;0;0;0;0;0;POINT (13.35562643 52.51971912)
3;2020;3;15;2;3;5;3;0;0;1;0;0;0;0;0;POINT (13.4741088 52.60990074)
4;2020;4;11;3;3;6;7;0;0;1;1;0;0;0;0;POINT (13.32232711 52.48515928)
3;2020;4;15;2;3;5;3;0;0;1;0;1;0;0;0;POINT (13.48699112 52.6174727)
11;2020;4;9;3;3;5;3;0;0;1;0;0;0;0;0;POINT (13.50923618 52.54648295)
4;2020;4;7;3;3;5;2;0;0;1;0;0;0;0;0;POINT (13.30219774 52.48835807)
1;2020;4;17;2;3;0;1;0;1;0;0;0;0;0;0;POINT (13.37084928 52.51818682)
1;2020;4;7;3;3;5;3;0;1;0;0;0;0;1;0;POINT (13.40256047 52.51648842)
9;2020;4;22;6;3;8;1;2;0;1;0;0;0;0;0;POINT (13.56834395 52.46634603)
11;2020;4;4;3;3;5;2;2;0;1;0;1;0;0;0;POINT (13.4761631 52.53308785)
2;2020;4;17;2;3;3;6;0;1;1;0;0;0;0;0;POINT (13.42340729 52.51364102)
10;2020;3;15;2;3;2;6;0;0;1;0;0;1;1;0;POINT (13.53681128 52.53962332)
9;2020;4;8;2;2;5;2;0;0;1;0;1;0;0;0;POINT (13.58368563 52.46315687)
5;2020;4;9;4;3;2;1;0;0;1;0;0;0;0;0;POINT (13.1592923 52.52969804)
1;2020;4;17;5;3;1;6;0;1;1;0;0;0;0;0;POINT (13.41362746 52.52787531)
4;2020;3;12;2;3;6;7;0;1;0;1;0;0;0;0;POINT (13.27904405 52.5107787)
11;2020;4;16;2;3;2;7;0;1;1;0;0;0;0;0;POINT (13.51959004 52.50616655)
1;2020;4;14;1;3;5;3;0;1;1;0;0;0;0;0;POINT (13.42062758 52.51761466)
5;2020;4;15;2;3;5;3;0;1;0;0;0;0;1;0;POINT (13.17555597 52.51719009)
12;2020;4;14;2;2;5;3;0;1;1;0;0;0;0;0;POINT (13.32179065 52.56055976)
12;2020;4;13;2;3;0;1;0;0;0;0;1;0;0;0;POINT (13.35581709 52.60512998)
6;2020;3;11;2;3;2;2;0;0;1;0;0;0;0;0;POINT (13.34564265 52.4363493)
1;2020;4;2;5;3;1;5;2;0;1;0;0;0;0;0;POINT (13.38499711 52.55903943)
4;2020;4;16;2;2;5;3;0;1;1;0;0;0;0;0;POINT (13.31506314 52.54118102)
8;2020;4;17;3;3;6;4;0;1;0;1;0;0;0;0;POINT (13.43908724 52.48894589)
1;2020;4;16;2;3;5;3;0;1;1;0;0;0;0;0;POINT (13.37646559 52.51009415)
8;2020;4;16;2;3;0;2;0;0;1;0;1;0;0;0;POINT (13.44834945 52.42747207)
6;2020;3;17;1;3;5;3;0;0;1;0;0;0;0;1;POINT (13.3493664 52.43698879)
6;2020;4;0;5;3;8;1;2;0;1;0;0;0;0;0;POINT (13.25478307 52.44260035)
7;2020;4;17;2;3;5;3;0;1;1;0;0;0;0;0;POINT (13.37126865 52.43642931)
8;2020;4;20;3;3;1;5;2;1;1;0;0;0;1;0;POINT (13.42915738 52.47145671)
2;2020;4;16;5;3;6;7;0;0;1;1;0;0;0;0;POINT (13.44438585 52.50096873)
6;2020;4;18;2;3;5;3;0;1;1;0;0;0;0;0;POINT (13.33118479 52.42006681)
10;2020;4;14;7;3;1;5;0;1;1;0;0;0;0;0;POINT (13.57784971 52.49041158)
9;2020;4;16;6;3;2;2;0;0;1;0;0;0;0;0;POINT (13.48118871 52.44501105)
11;2020;4;22;2;3;5;3;2;1;1;0;0;0;0;0;POINT (13.52740404 52.5565237)
12;2020;4;12;2;3;1;5;0;1;1;0;0;0;0;0;POINT (13.22989651 52.62502522)
2;2020;4;12;2;3;5;2;0;1;1;0;0;0;0;0;POINT (13.38864926 52.499323)
3;2020;3;13;1;3;5;3;0;1;1;0;0;0;0;1;POINT (13.49786834 52.62836183)
9;2020;4;17;4;3;2;6;0;0;1;0;0;0;0;0;POINT (13.55290934 52.46850831)
12;2020;4;12;2;3;0;7;0;0;1;0;0;0;1;0;POINT (13.34530766 52.58134064)
4;2020;4;12;3;3;5;2;0;0;1;0;1;0;0;0;POINT (13.27796964 52.51835441)
9;2020;4;13;4;2;2;6;0;0;1;0;1;0;0;0;POINT (13.48941774 52.45092791)
7;2020;4;14;6;3;6;4;0;0;1;1;0;0;0;0;POINT (13.38331441 52.43592986)
11;2020;4;11;2;3;5;3;0;0;1;0;0;0;0;0;POINT (13.4855398 52.52318567)
3;2020;4;17;7;3;3;6;0;1;0;0;0;0;0;0;POINT (13.37591605 52.60512684)
1;2020;4;14;5;3;5;2;0;1;1;0;0;0;0;0;POINT (13.33649774 52.54211524)
12;2020;4;13;6;3;6;4;0;0;1;1;0;0;0;0;POINT (13.3367815 52.57110728)
2;2020;4;11;2;3;0;3;0;0;1;0;1;0;0;0;POINT (13.45928161 52.51240367)
9;2020;4;20;7;2;0;7;2;0;0;0;1;0;0;1;POINT (13.66194818 52.41197016)
8;2020;3;11;1;2;0;7;0;1;0;0;0;0;0;0;POINT (13.4426945 52.45485516)
5;2020;4;10;2;3;5;3;0;0;1;0;1;0;0;0;POINT (13.21723738 52.53769163)
4;2020;3;11;1;2;8;1;0;0;1;0;0;0;0;0;POINT (13.29482535 52.53953975)
11;2020;4;10;2;3;9;1;0;0;1;0;0;0;0;0;POINT (13.52334487 52.49761148)
7;2020;4;17;4;3;0;3;0;0;1;0;1;0;0;0;POINT (13.39142034 52.44756665)
4;2020;4;9;2;2;6;4;0;1;0;1;0;0;0;0;POINT (13.30939558 52.50755394)
10;2020;3;9;1;3;5;2;0;1;1;0;0;0;0;0;POINT (13.54492769 52.55350158)
9;2020;4;9;2;3;1;5;0;1;1;0;0;0;0;0;POINT (13.52912266 52.42261195)
12;2020;4;7;2;2;5;3;0;0;1;0;0;0;0;0;POINT (13.31693349 52.58825225)
2;2020;4;13;6;2;5;2;0;0;1;0;1;0;0;0;POINT (13.40664295 52.49842015)
1;2020;4;16;1;3;3;6;0;1;1;0;0;1;0;0;POINT (13.36070651 52.54543573)
9;2020;4;15;7;2;5;2;0;1;1;0;0;0;0;0;POINT (13.57052409 52.45186247)
11;2020;4;13;1;3;0;1;0;0;0;0;1;0;0;1;POINT (13.49973463 52.53427786)
11;2020;4;13;1;3;5;3;0;1;1;0;0;0;0;0;POINT (13.49214362 52.51632181)
1;2020;3;9;1;2;0;1;0;0;0;0;1;0;0;0;POINT (13.33354677 52.5329136)
12;2020;4;13;1;2;6;4;0;1;0;1;0;0;0;0;POINT (13.3250545 52.61665102)
8;2020;4;14;4;2;5;7;0;0;1;0;1;0;0;0;POINT (13.45135252 52.46516943)
1;2020;4;12;1;3;5;2;0;1;1;0;0;0;0;0;POINT (13.38860952 52.56137797)
8;2020;4;11;1;3;0;6;0;0;1;0;0;0;1;0;POINT (13.456524 52.43074469)
6;2020;3;8;1;3;5;7;0;1;1;0;0;0;0;0;POINT (13.32173652 52.4433718)
12;2020;4;11;1;3;5;3;0;0;1;0;0;0;0;0;POINT (13.28396386 52.57856694)
12;2020;4;16;4;3;6;7;0;0;1;1;0;0;0;0;POINT (13.33445897 52.58471655)
7;2020;3;8;1;3;5;2;0;1;1;0;0;0;0;0;POINT (13.41793665 52.39468884)
2;2020;4;20;1;3;6;4;1;0;0;1;0;0;1;0;POINT (13.4523221 52.52755745)
6;2020;4;16;2;3;6;2;0;0;1;1;0;0;0;0;POINT (13.31560692 52.4430883)
12;2020;4;12;6;3;5;3;0;1;1;0;0;0;0;0;POINT (13.32641166 52.60449413)
10;2020;4;11;1;3;5;2;0;1;1;0;0;0;0;0;POINT (13.52903774 52.52538429)
7;2020;4;18;6;2;0;5;0;1;1;0;0;0;0;0;POINT (13.34792258 52.46595048)
5;2020;4;11;1;3;5;3;0;1;1;0;0;0;0;0;POINT (13.17321363 52.54947845)
5;2020;4;19;1;3;6;4;1;0;1;1;0;0;0;0;POINT (13.22690681 52.55697405)
7;2020;3;10;1;1;4;6;0;0;0;0;1;1;0;0;POINT (13.40031949 52.460614)
12;2020;4;8;4;3;0;3;0;1;0;0;0;0;1;0;POINT (13.34706419 52.56693717)
11;2020;4;11;1;3;5;2;0;0;1;0;0;0;0;0;POINT (13.49862126 52.53827902)
7;2020;4;7;4;3;6;4;0;0;1;1;0;0;0;0;POINT (13.38100929 52.44521448)
11;2020;4;16;5;3;5;3;0;1;1;0;0;0;0;0;POINT (13.47676528 52.50491023)
5;2020;3;17;7;3;1;5;0;1;1;0;0;0;0;0;POINT (13.17988668 52.55308192)
4;2020;4;10;1;3;6;2;0;0;1;1;0;0;0;0;POINT (13.28065259 52.47744716)
9;2020;4;9;1;3;0;7;0;0;1;0;1;0;0;1;POINT (13.57527743 52.42430453)
7;2020;3;0;7;3;5;2;2;0;1;0;0;0;0;0;POINT (13.34627672 52.50107765)
5;2020;4;10;1;3;1;5;0;0;1;0;1;0;0;0;POINT (13.19352663 52.53312312)
4;2020;4;15;2;3;2;6;0;0;1;0;0;0;0;0;POINT (13.27008448 52.52848004)
2;2020;4;6;1;3;5;2;0;0;1;0;1;0;0;0;POINT (13.44456169 52.52414576)
7;2020;4;18;1;3;5;2;1;0;1;0;1;0;0;0;POINT (13.40229811 52.43969863)
10;2020;4;18;1;3;5;3;0;1;1;0;0;0;0;0;POINT (13.53670962 52.5480227)
4;2020;3;11;6;3;0;1;0;1;0;0;0;0;0;0;POINT (13.19708216 52.46875318)
1;2020;4;17;4;3;2;6;0;0;1;0;1;0;0;0;POINT (13.38048064 52.52984337)
1;2020;4;2;1;3;8;1;2;0;1;0;0;0;0;0;POINT (13.35360712 52.54542829)
2;2020;4;19;3;2;5;3;1;0;1;0;0;0;0;0;POINT (13.42387765 52.50228099)
1;2020;4;15;5;3;2;6;0;0;1;0;1;0;0;0;POINT (13.34221595 52.53948855)
6;2020;4;11;6;3;0;2;0;1;1;0;0;0;0;0;POINT (13.23244056 52.43769378)
12;2020;4;18;1;3;5;7;0;0;1;0;1;0;0;0;POINT (13.36112128 52.59694636)
6;2020;4;10;7;3;1;5;0;1;1;0;0;0;0;0;POINT (13.28164485 52.44019674)
4;2020;4;9;6;3;5;3;0;0;1;0;0;0;0;0;POINT (13.26628517 52.51305085)
2;2020;4;2;1;2;5;3;2;1;1;0;0;0;0;0;POINT (13.38737724 52.49285972)
3;2020;4;17;1;3;2;6;0;0;1;0;0;0;0;0;POINT (13.47680259 52.55118452)
5;2020;4;16;1;3;0;6;0;0;1;0;0;0;1;0;POINT (13.20965643 52.53838268)
4;2020;4;17;1;3;5;7;0;1;1;0;0;0;0;0;POINT (13.30438409 52.52886707)
6;2020;4;15;1;3;1;5;0;0;1;0;0;0;0;0;POINT (13.26631312 52.44317207)
9;2020;4;15;1;3;5;2;0;1;0;0;0;1;0;0;POINT (13.51352528 52.46478781)
1;2020;3;13;6;3;0;2;0;0;0;0;1;0;1;0;POINT (13.4097017 52.52260864)
10;2020;4;11;4;3;2;2;0;0;1;0;0;0;1;0;POINT (13.60148889 52.48250899)
6;2020;4;14;1;3;8;1;0;0;1;0;0;0;0;0;POINT (13.26080772 52.45026397)
4;2020;4;15;3;3;5;2;0;0;1;0;0;0;0;0;POINT (13.33239581 52.50626539)
1;2020;4;19;5;3;5;3;0;1;1;0;0;0;0;0;POINT (13.33552666 52.52733977)
9;2020;4;13;1;2;5;2;0;0;1;0;1;0;0;0;POINT (13.45470346 52.49419303)
2;2020;4;19;7;3;5;3;1;0;1;0;1;0;0;0;POINT (13.43271964 52.50237464)
6;2020;3;15;6;2;5;3;0;1;1;0;0;0;0;0;POINT (13.27075556 52.45077939)
9;2020;4;17;7;3;3;6;0;1;1;0;0;0;0;0;POINT (13.48221021 52.46066442)
5;2020;3;16;6;3;5;3;0;1;0;0;0;0;0;0;POINT (13.19758669 52.51691298)
4;2020;4;14;7;3;5;3;0;1;0;0;1;0;0;0;POINT (13.26576926 52.48346473)
1;2020;4;17;4;3;5;2;0;1;1;0;0;0;0;0;POINT (13.36317826 52.52454513)
7;2020;3;18;6;3;1;5;0;0;1;0;0;0;0;0;POINT (13.42070639 52.46107164)
4;2020;4;14;7;3;0;3;0;0;1;0;1;0;0;0;POINT (13.30999969 52.52575043)
8;2020;4;18;2;3;5;3;0;1;1;0;0;0;0;0;POINT (13.45316785 52.43983943)
6;2020;4;7;6;3;0;1;0;0;0;0;1;0;0;0;POINT (13.32639426 52.42775864)
6;2020;3;18;6;2;0;6;1;1;0;0;0;0;1;0;POINT (13.14315123 52.3985347)
6;2020;4;13;7;3;5;2;0;1;1;0;0;0;0;0;POINT (13.14052029 52.39651611)
3;2020;4;11;2;3;6;2;0;0;1;1;0;0;0;0;POINT (13.41301535 52.54528451)
11;2020;4;8;4;3;6;4;0;0;1;1;0;0;0;0;POINT (13.50945046 52.57544662)
10;2020;4;12;7;3;1;3;0;1;1;0;0;0;1;0;POINT (13.61535706 52.49757667)
1;2020;4;15;7;3;0;1;0;1;0;0;0;0;0;0;POINT (13.40233049 52.53103465)
4;2020;4;12;7;3;2;6;0;0;1;0;0;0;0;0;POINT (13.32610341 52.53838676)
2;2020;4;19;7;3;0;1;1;1;0;0;0;0;0;0;POINT (13.46864026 52.51101371)
1;2020;3;12;6;3;1;5;0;0;1;0;0;0;0;0;POINT (13.40335736 52.52696081)
8;2020;4;19;7;3;5;7;1;1;1;0;0;0;0;0;POINT (13.42984299 52.47009464)
1;2020;4;15;4;3;5;2;0;0;1;0;0;0;0;0;POINT (13.34998633 52.50301183)
12;2020;3;12;6;2;5;3;0;0;1;0;1;0;0;0;POINT (13.36789343 52.56843653)
8;2020;4;17;7;3;5;3;0;1;1;0;0;0;0;0;POINT (13.43458523 52.47250038)
1;2020;4;15;2;3;2;6;0;0;1;0;0;0;0;0;POINT (13.35040861 52.54982265)
2;2020;4;16;6;3;3;6;0;0;1;0;1;0;0;0;POINT (13.4549354 52.51579739)
12;2020;4;17;6;3;2;6;0;0;1;0;0;0;1;0;POINT (13.31836335 52.56009478)
12;2020;4;10;6;3;5;2;0;1;0;0;0;0;1;0;POINT (13.32640716 52.59163878)
9;2020;4;13;6;3;0;5;0;0;1;0;0;0;0;0;POINT (13.59796022 52.43928622)
8;2020;3;12;6;3;5;2;0;1;1;0;0;0;0;0;POINT (13.4343115 52.44626466)
12;2020;4;17;6;3;1;6;0;1;1;0;0;0;0;0;POINT (13.3613258 52.57055368)
1;2020;4;21;6;3;2;6;2;0;1;0;1;0;0;0;POINT (13.37699724 52.55678703)
11;2020;4;18;6;2;5;2;0;1;1;0;0;0;0;0;POINT (13.47628991 52.53314391)
3;2020;4;17;6;3;4;6;0;1;0;0;0;0;0;0;POINT (13.45358742 52.52785363)
6;2020;3;10;6;3;5;2;0;0;1;0;1;0;0;0;POINT (13.3385662 52.45304402)
12;2020;4;16;6;2;1;7;0;0;1;0;1;0;0;0;POINT (13.33458108 52.5723752)
9;2020;4;11;4;3;5;3;0;0;1;0;0;0;0;0;POINT (13.57279511 52.46056445)
4;2020;4;18;5;3;0;3;0;1;1;0;0;0;0;0;POINT (13.28366945 52.50631371)
12;2020;3;7;6;3;5;3;0;0;1;0;0;0;0;0;POINT (13.31194095 52.56796583)
2;2020;4;16;6;2;5;3;0;1;1;0;0;0;0;0;POINT (13.43401517 52.5230253)
4;2020;4;12;2;3;6;2;0;0;1;1;0;0;0;0;POINT (13.28367445 52.5185352)
6;2020;4;23;5;3;1;5;2;1;1;0;0;0;0;0;POINT (13.33697305 52.43258914)
9;2020;4;16;6;3;2;6;0;0;1;0;0;0;0;0;POINT (13.51581134 52.4534187)
2;2020;4;15;6;3;2;1;0;1;1;0;0;0;0;0;POINT (13.45220181 52.51065676)
11;2020;4;15;6;3;0;1;0;1;0;0;0;0;0;0;POINT (13.52198388 52.50030512)
8;2020;3;2;6;2;1;5;2;0;1;0;1;0;0;0;POINT (13.46833757 52.44092131)
10;2020;4;11;4;3;3;6;0;0;0;0;0;1;1;0;POINT (13.6046183 52.53692936)
2;2020;4;14;6;3;5;2;0;1;1;0;0;0;0;0;POINT (13.42953093 52.52310162)
4;2020;4;17;3;3;6;7;0;1;0;1;0;0;0;0;POINT (13.31710939 52.50337368)
7;2020;4;15;5;3;5;2;0;1;1;0;0;0;0;0;POINT (13.36915965 52.48507115)
4;2020;4;13;6;3;5;7;0;1;0;0;0;0;0;0;POINT (13.25006007 52.49892905)
7;2020;4;2;7;2;1;1;2;0;1;0;0;0;0;0;POINT (13.38246321 52.43109028)
10;2020;4;11;4;3;5;3;0;1;1;0;0;0;0;0;POINT (13.6469633 52.52087011)
5;2020;4;13;6;3;2;6;0;0;1;0;0;0;0;0;POINT (13.18628174 52.51748022)
5;2020;4;21;3;2;0;3;2;1;0;0;0;0;1;0;POINT (13.18531341 52.5515766)
4;2020;4;16;5;3;2;6;0;0;1;0;0;0;0;0;POINT (13.29337383 52.49761538)
2;2020;4;13;6;3;2;2;0;1;1;0;0;0;0;0;POINT (13.43287981 52.51781551)
9;2020;4;12;7;3;5;2;0;0;1;0;0;0;0;0;POINT (13.4818512 52.48188694)
9;2020;4;10;6;3;0;1;0;1;0;0;0;0;0;0;POINT (13.69669974 52.43665276)
6;2020;4;9;6;3;1;5;0;1;1;0;0;0;0;0;POINT (13.35640954 52.42939632)
8;2020;4;15;5;3;3;6;0;1;0;0;0;0;0;0;POINT (13.44671923 52.48343739)
6;2020;3;10;5;3;0;3;0;0;1;0;0;0;1;0;POINT (13.3191022 52.45409674)
6;2020;4;11;4;3;2;6;0;0;1;0;0;0;0;0;POINT (13.3048265 52.43907579)
2;2020;4;9;5;3;5;2;0;1;1;0;0;0;0;0;POINT (13.38963143 52.492391)
6;2020;4;13;3;2;5;2;0;0;1;0;0;0;0;0;POINT (13.30961374 52.43127955)
6;2020;4;11;4;3;0;3;0;1;0;0;0;0;1;0;POINT (13.32700346 52.4572636)
2;2020;4;21;5;3;5;3;2;1;1;0;0;0;0;0;POINT (13.42359132 52.49042987)
10;2020;4;18;7;3;5;2;0;0;1;0;0;0;0;0;POINT (13.59162817 52.54495564)
1;2020;4;11;5;3;6;7;0;0;0;1;0;0;1;0;POINT (13.39543644 52.52031064)
6;2020;3;10;5;3;0;6;0;0;1;0;0;0;1;0;POINT (13.33114275 52.4294264)
3;2020;3;9;5;3;0;5;0;1;1;0;0;0;0;0;POINT (13.43103542 52.53232742)
1;2020;4;11;5;3;1;5;0;1;1;0;0;0;0;0;POINT (13.41037369 52.52497947)
11;2020;3;7;5;3;5;2;0;0;1;0;0;0;0;0;POINT (13.50350146 52.50968783)
8;2020;4;10;5;3;5;3;0;1;1;0;0;0;0;0;POINT (13.46162055 52.42173343)
1;2020;4;18;4;3;5;3;0;0;1;0;0;0;1;0;POINT (13.34653262 52.54756764)
8;2020;4;21;5;3;5;3;2;0;1;0;0;0;0;0;POINT (13.44025756 52.43841744)
9;2020;3;15;5;3;7;7;0;1;0;0;0;0;0;0;POINT (13.67613335 52.44575694)
11;2020;4;9;5;3;6;4;0;0;1;1;0;0;0;0;POINT (13.50806642 52.49925202)
3;2020;4;8;2;3;2;6;0;0;1;0;0;0;0;0;POINT (13.47962233 52.6438142)
6;2020;4;20;4;3;5;3;2;0;1;0;0;0;0;0;POINT (13.34917557 52.42210883)
12;2020;4;9;5;3;5;3;0;0;1;0;0;0;0;0;POINT (13.23031697 52.6247675)
5;2020;4;15;7;3;5;3;0;1;0;1;0;0;0;0;POINT (13.13851561 52.45227637)
6;2020;4;8;5;3;6;4;0;0;1;1;0;0;0;0;POINT (13.36199066 52.43471048)
2;2020;4;18;5;3;6;4;0;1;0;1;0;0;0;0;POINT (13.40615715 52.50492662)
8;2020;3;13;5;3;2;6;0;0;1;0;0;0;0;0;POINT (13.47135007 52.46597289)
6;2020;4;15;5;2;5;3;0;1;1;0;0;0;0;0;POINT (13.33089385 52.42733357)
7;2020;4;14;4;3;5;3;0;0;1;0;0;0;0;0;POINT (13.40319114 52.46343)
12;2020;3;12;5;3;5;2;0;0;1;0;1;0;0;0;POINT (13.31542814 52.57793495)
5;2020;4;12;5;3;3;6;0;0;1;0;1;0;0;0;POINT (13.20014753 52.53246875)