bez;ujahr;umonat;ustunde;uwochentag;ukategorie;uart;utyp1;ulichtverh;istrad;istpkw;istfuss;istkrad;istgkfz;istsonstige;ustrzustand;geometry
2;2020;5;17;6;3;2;6;0;1;1;0;0;0;0;0;POINT (13.47074302 52.50666465)
1;2020;5;9;2;3;2;3;0;0;1;0;0;0;1;0;POINT (13.35885731 52.55381337)
4;2020;5;16;1;3;5;2;0;1;1;0;0;0;0;1;POINT (13.30081688 52.49475883)
7;2020;5;8;2;3;5;2;0;0;1;0;0;0;0;0;POINT (13.38587191 52.44557276)
6;2020;5;10;5;2;5;3;0;0;1;0;0;0;0;0;POINT (13.30581597 52.41878851)
3;2020;5;7;1;3;5;2;0;1;1;0;0;0;0;1;POINT (13.41028457 52.55083622)
1;2020;5;5;2;3;2;6;1;0;1;0;0;0;0;0;POINT (13.41713613 52.52195965)
8;2020;5;17;2;3;2;6;0;1;1;0;0;0;0;1;POINT (13.42790303 52.49171498)
6;2020;5;16;2;3;6;4;0;0;1;1;0;0;0;1;POINT (13.30532669 52.45891729)
2;2020;5;13;5;3;5;3;0;0;1;0;0;0;0;0;POINT (13.45170518 52.51075051)
4;2020;5;6;1;3;5;2;1;0;1;0;0;1;1;1;POINT (13.32624675 52.53801756)
6;2020;5;16;2;3;2;6;0;0;1;0;1;0;0;1;POINT (13.35601311 52.44491007)
9;2020;5;15;2;3;5;2;0;1;1;0;0;0;0;1;POINT (13.59046641 52.4553548)
9;2020;5;18;6;3;3;6;0;1;1;0;0;0;0;0;POINT (13.58196647 52.41569948)
10;2020;5;10;4;3;5;3;0;1;1;0;0;0;0;0;POINT (13.56859939 52.56945272)
6;2020;5;17;6;3;2;6;0;0;1;0;0;0;0;0;POINT (13.31246965 52.4195734)
4;2020;5;15;2;2;2;6;0;0;1;0;0;0;1;0;POINT (13.32478228 52.51009798)
2;2020;5;17;2;3;1;5;0;1;1;0;0;0;0;0;POINT (13.45530546 52.51362692)
6;2020;5;17;6;2;5;2;0;1;1;0;0;0;0;0;POINT (13.18935251 52.4338511)
7;2020;5;22;5;3;1;5;2;1;1;0;0;0;0;0;POINT (13.3595677 52.4961941)
5;2020;5;14;2;3;2;6;0;0;1;0;0;0;0;0;POINT (13.21649688 52.54718186)
4;2020;5;14;2;3;2;6;0;1;1;0;0;0;0;1;POINT (13.30911035 52.48880134)
7;2020;5;15;4;3;0;2;0;1;1;0;0;0;0;0;POINT (13.35373492 52.49991354)
3;2020;5;11;1;3;5;3;0;0;1;0;0;0;0;1;POINT (13.45839816 52.53332019)
3;2020;5;14;2;3;5;3;0;0;1;0;0;0;0;1;POINT (13.42400156 52.60436996)
4;2020;5;14;2;3;6;6;0;1;0;1;0;0;0;0;POINT (13.28036877 52.51824994)
11;2020;5;14;3;3;2;6;0;0;1;0;0;0;0;0;POINT (13.50972247 52.5461564)
3;2020;5;17;6;3;5;2;0;1;1;0;0;0;0;0;POINT (13.42859671 52.58308869)
12;2020;5;16;7;3;5;7;0;1;0;0;0;0;1;0;POINT (13.21047083 52.60622029)
6;2020;5;12;2;3;0;3;0;0;1;0;1;0;0;0;POINT (13.33134056 52.46369109)
6;2020;5;6;2;3;5;2;2;1;0;0;0;0;1;0;POINT (13.34574712 52.43634105)
1;2020;5;19;3;2;0;6;0;0;1;0;1;0;0;0;POINT (13.41629112 52.51077462)
2;2020;5;17;6;3;0;7;0;1;0;0;0;0;0;0;POINT (13.39145725 52.49790415)
4;2020;5;12;2;3;6;7;0;0;1;1;0;0;0;0;POINT (13.29513996 52.48489961)
9;2020;5;10;2;1;6;4;0;0;1;1;0;0;0;0;POINT (13.53952127 52.45082159)
7;2020;5;17;6;3;5;3;0;0;1;0;0;0;0;0;POINT (13.37580296 52.45562869)
1;2020;5;9;5;2;2;7;0;0;1;0;0;0;1;0;POINT (13.33704916 52.55884024)
6;2020;5;11;2;3;2;6;0;0;1;0;0;0;0;0;POINT (13.34025538 52.44383268)
8;2020;5;10;1;3;5;3;0;1;1;0;0;0;0;0;POINT (13.45029655 52.47687023)
2;2020;5;15;4;3;5;2;0;1;1;0;0;0;0;0;POINT (13.44068261 52.51726336)
8;2020;5;20;1;2;0;1;1;0;0;0;1;0;0;1;POINT (13.43267037 52.44384205)
8;2020;5;16;1;2;6;4;0;1;0;1;0;0;0;1;POINT (13.42640231 52.47698809)
4;2020;5;16;1;2;5;2;0;0;1;0;1;0;0;1;POINT (13.29631972 52.52932174)
7;2020;5;12;3;2;0;4;0;1;0;1;0;0;0;0;POINT (13.32963462 52.47730151)
8;2020;5;16;6;3;2;2;0;0;1;0;0;0;0;0;POINT (13.43034432 52.46915336)
8;2020;5;13;7;2;5;2;0;0;1;0;1;0;0;0;POINT (13.45877612 52.44027232)
12;2020;5;15;1;3;5;2;0;0;1;0;0;0;0;0;POINT (13.32219953 52.60881384)
2;2020;5;15;1;3;2;6;0;0;1;0;1;0;0;1;POINT (13.42233164 52.49278365)
1;2020;5;13;1;3;5;2;0;1;1;0;0;0;0;1;POINT (13.34943844 52.55199528)
4;2020;5;15;1;3;0;6;0;0;1;0;1;0;0;1;POINT (13.28943176 52.481794)
3;2020;5;15;6;3;6;4;0;0;0;1;0;0;1;0;POINT (13.4613799 52.53038618)
12;2020;5;14;5;3;1;5;0;0;1;0;1;0;0;0;POINT (13.30994278 52.57831412)
1;2020;5;15;1;3;0;2;0;0;0;0;1;0;1;1;POINT (13.37025945 52.54468032)
8;2020;5;14;1;3;6;4;0;0;0;1;1;0;0;1;POINT (13.42480448 52.48068372)
3;2020;5;11;4;3;4;6;0;0;1;0;0;0;0;0;POINT (13.43745151 52.63761545)
10;2020;5;13;1;2;6;4;0;0;0;1;0;0;1;0;POINT (13.58691216 52.5489505)
4;2020;5;13;6;3;1;1;0;1;1;0;0;0;0;0;POINT (13.31998872 52.46953197)
1;2020;5;18;5;3;0;2;0;1;1;0;0;0;0;0;POINT (13.33747719 52.55196909)
1;2020;5;13;1;3;6;4;0;0;0;1;1;0;0;1;POINT (13.37786126 52.55654505)
1;2020;5;12;1;3;2;6;0;0;1;0;0;0;0;1;POINT (13.35573635 52.55510286)
1;2020;5;13;4;3;1;5;0;1;1;0;0;0;0;0;POINT (13.38870604 52.51776156)
2;2020;5;11;1;3;5;2;0;1;1;0;0;0;0;1;POINT (13.38992881 52.48966336)
9;2020;5;10;3;3;1;5;0;1;1;0;0;0;0;0;POINT (13.56833002 52.46658284)
11;2020;5;15;6;3;0;7;0;1;1;0;0;0;0;0;POINT (13.53099252 52.49262787)
5;2020;5;23;6;2;1;1;2;0;1;0;0;0;0;0;POINT (13.16586544 52.53347069)
12;2020;5;11;1;3;0;1;0;0;0;0;1;0;0;1;POINT (13.329222 52.56345164)
4;2020;5;15;1;3;2;6;0;0;1;0;0;0;0;1;POINT (13.25620672 52.51951722)
4;2020;5;11;1;3;5;2;0;0;1;0;0;0;1;1;POINT (13.28041939 52.50650376)
1;2020;5;22;1;3;5;2;2;0;1;0;1;0;0;0;POINT (13.38436118 52.56754331)
2;2020;5;18;5;3;5;2;0;1;1;0;0;0;0;0;POINT (13.4328861 52.5178368)
11;2020;5;12;1;3;6;2;0;0;1;1;0;0;0;1;POINT (13.50965435 52.54626945)
4;2020;5;19;1;3;2;6;0;0;1;0;0;0;0;1;POINT (13.31625698 52.51081275)
10;2020;5;17;1;3;5;2;0;1;1;0;0;0;0;0;POINT (13.59857242 52.53502846)
9;2020;5;9;4;3;2;6;0;0;1;0;0;1;0;0;POINT (13.47877374 52.47164721)
7;2020;5;20;1;3;0;1;1;0;0;0;1;0;0;1;POINT (13.34028005 52.49425864)
1;2020;5;16;1;1;8;1;0;1;0;0;0;0;0;0;POINT (13.37529352 52.5216867)
4;2020;5;18;2;3;2;6;0;0;1;0;0;0;0;0;POINT (13.31334801 52.50638872)
1;2020;5;16;1;3;5;2;0;1;1;0;0;0;0;0;POINT (13.39134882 52.55508651)
9;2020;5;7;2;3;6;4;0;1;0;1;0;0;0;0;POINT (13.58229848 52.4173895)
2;2020;5;20;6;3;5;2;1;1;1;0;0;0;0;0;POINT (13.37320371 52.50349736)
3;2020;5;18;6;2;8;1;0;0;0;0;1;0;0;0;POINT (13.43363054 52.59541308)
3;2020;5;16;1;2;6;4;0;0;1;1;0;0;0;1;POINT (13.421577 52.56724253)
9;2020;5;15;1;3;5;3;0;0;1;0;0;0;0;1;POINT (13.57797295 52.45699405)
7;2020;5;8;1;3;0;1;0;0;0;0;1;0;0;1;POINT (13.36589974 52.49388852)
11;2020;5;10;1;3;5;2;0;1;1;0;0;0;0;1;POINT (13.45902798 52.52613444)
12;2020;5;12;5;3;6;4;0;0;1;1;0;0;0;0;POINT (13.30024371 52.642941)
1;2020;5;9;1;3;1;5;0;1;1;0;0;0;0;0;POINT (13.39712705 52.50853958)
3;2020;5;8;1;3;0;7;0;1;0;0;0;0;0;0;POINT (13.43699078 52.54186619)
1;2020;5;20;6;2;6;4;0;0;0;1;1;0;0;0;POINT (13.33598532 52.54224701)
4;2020;5;22;3;3;1;5;2;0;1;0;0;0;0;0;POINT (13.32579097 52.50001057)
2;2020;5;13;6;2;0;1;0;1;0;0;0;0;0;0;POINT (13.42264582 52.49918376)
2;2020;5;8;1;3;2;6;0;0;1;0;0;0;1;1;POINT (13.46339338 52.49939978)
7;2020;5;14;2;3;1;5;0;1;1;0;0;0;0;0;POINT (13.40901202 52.38310044)
1;2020;5;18;6;3;3;6;0;1;1;0;0;0;0;0;POINT (13.34333908 52.52850218)
8;2020;5;10;5;3;5;2;0;1;1;0;0;0;0;0;POINT (13.43396081 52.44353374)
8;2020;5;8;1;3;0;4;0;0;1;1;0;0;0;0;POINT (13.49557388 52.41779885)
12;2020;5;13;7;3;2;6;0;0;1;0;0;0;0;0;POINT (13.27084593 52.57586843)
6;2020;5;18;4;3;2;6;0;0;1;0;0;0;0;0;POINT (13.30748722 52.46652634)
8;2020;5;19;1;3;6;4;0;0;1;1;0;0;0;1;POINT (13.47381498 52.46481219)
6;2020;5;17;7;3;6;4;0;0;1;1;0;0;0;0;POINT (13.3304242 52.44516891)
8;2020;5;15;6;3;0;3;0;0;1;0;1;0;0;0;POINT (13.44050422 52.46744015)
11;2020;5;17;5;3;4;6;0;1;0;0;0;0;0;0;POINT (13.50727891 52.50850445)
5;2020;5;16;7;3;5;3;0;0;1;0;0;0;0;0;POINT (13.15781993 52.54303362)
1;2020;5;15;7;3;6;4;0;0;1;1;0;0;0;0;POINT (13.35347921 52.54653937)
10;2020;5;19;4;3;1;5;0;0;1;0;1;0;0;0;POINT (13.57342764 52.56528453)
6;2020;5;11;7;3;2;2;0;1;1;0;0;0;0;0;POINT (13.34910618 52.44662606)
2;2020;5;0;7;3;5;3;2;0;1;0;0;0;0;1;POINT (13.44181628 52.50125964)
10;2020;5;16;3;3;5;3;0;0;1;0;0;0;1;0;POINT (13.55802512 52.52959575)
5;2020;5;13;6;3;5;2;0;1;1;0;0;0;0;0;POINT (13.16273251 52.52006137)
2;2020;5;13;7;3;5;2;0;1;1;0;0;0;0;0;POINT (13.4422631 52.50090328)
6;2020;5;8;2;2;0;6;0;0;0;0;0;1;1;0;POINT (13.3630561 52.43475422)
4;2020;5;16;5;3;6;6;0;1;0;1;0;0;0;0;POINT (13.29331154 52.50574546)
8;2020;5;19;5;3;5;7;0;0;1;0;0;0;0;0;POINT (13.44685447 52.48612876)
5;2020;5;13;7;3;1;5;0;0;1;0;0;0;0;0;POINT (13.15667976 52.53432896)
6;2020;5;12;7;3;0;1;0;1;0;0;0;0;0;0;POINT (13.30168453 52.45826351)
5;2020;5;14;4;3;2;6;0;0;1;0;0;0;0;0;POINT (13.25008464 52.5474896)
5;2020;5;11;7;3;5;3;0;1;1;0;0;0;0;0;POINT (13.18155013 52.53407259)
8;2020;5;12;3;2;6;4;0;0;1;1;0;0;0;0;POINT (13.48808932 52.42625547)
12;2020;5;22;5;3;0;7;2;1;0;0;0;0;0;0;POINT (13.3571395 52.59251719)
7;2020;5;9;6;2;5;2;0;1;1;0;0;0;0;0;POINT (13.3285495 52.4733957)
9;2020;5;7;7;3;9;1;0;0;1;0;0;0;0;0;POINT (13.62492087 52.45692884)
6;2020;5;15;3;3;6;4;0;1;0;1;0;0;0;0;POINT (13.32629911 52.45611236)
12;2020;5;19;5;3;2;2;0;0;1;0;0;0;1;0;POINT (13.31316397 52.57125588)
2;2020;5;14;7;3;5;3;0;1;1;0;0;0;0;0;POINT (13.41116737 52.50350744)
8;2020;5;22;6;2;5;3;2;0;1;0;0;0;1;1;POINT (13.43455633 52.48292039)
4;2020;5;16;1;3;5;3;0;0;1;0;1;0;0;1;POINT (13.31657963 52.5162497)
3;2020;5;21;6;3;5;3;2;1;1;0;0;0;0;1;POINT (13.42853555 52.54784967)
2;2020;5;15;5;3;3;6;0;0;1;0;1;0;0;0;POINT (13.38890246 52.49876595)
1;2020;5;17;5;3;1;5;0;1;1;0;0;0;0;0;POINT (13.38489422 52.52691789)
7;2020;5;12;6;3;5;3;0;0;1;0;0;0;0;1;POINT (13.32895566 52.47134245)
1;2020;5;16;6;3;2;6;0;0;1;0;0;0;0;0;POINT (13.38845263 52.53963021)
6;2020;5;12;4;3;2;2;0;0;1;0;1;0;0;0;POINT (13.22982491 52.43104162)
1;2020;5;19;1;3;5;2;0;0;1;0;0;0;0;1;POINT (13.33744372 52.55878623)
8;2020;5;13;6;3;1;5;0;1;1;0;0;0;0;0;POINT (13.42843579 52.47286071)
1;2020;5;7;3;3;0;2;0;1;1;0;0;0;0;0;POINT (13.34111862 52.50499725)
2;2020;5;22;5;3;0;1;2;1;0;0;0;0;0;0;POINT (13.38737324 52.49286042)
10;2020;5;18;6;2;5;3;1;0;1;0;0;0;1;0;POINT (13.56562517 52.52915744)
9;2020;5;13;6;3;2;6;0;0;1;0;0;0;0;0;POINT (13.5694726 52.45296315)
1;2020;5;14;1;3;5;3;0;1;1;0;0;0;0;1;POINT (13.4219402 52.50512531)
3;2020;5;10;1;3;0;7;0;0;1;0;0;0;0;1;POINT (13.45359198 52.59184381)
2;2020;5;12;6;3;5;3;0;1;1;0;0;0;0;1;POINT (13.41096761 52.50390356)
11;2020;5;13;5;2;5;3;0;0;1;0;1;0;0;0;POINT (13.47503293 52.53656086)
6;2020;5;12;6;3;6;7;0;1;0;1;0;0;0;0;POINT (13.3282873 52.42870713)
11;2020;5;9;6;3;0;3;0;1;0;0;0;0;1;0;POINT (13.50179206 52.4982484)
7;2020;5;14;1;3;0;1;0;0;0;0;1;0;0;1;POINT (13.37057409 52.42246618)
12;2020;5;10;1;2;6;2;0;0;1;1;0;0;0;1;POINT (13.28697851 52.58629098)
10;2020;5;13;6;3;2;6;0;0;1;0;0;0;0;1;POINT (13.51895915 52.51558999)
12;2020;5;7;5;3;5;2;0;1;0;0;0;1;0;0;POINT (13.29009414 52.58248978)
3;2020;5;14;6;3;0;6;0;0;1;0;1;0;0;1;POINT (13.42267086 52.54455753)
7;2020;5;11;6;2;5;3;0;0;1;0;0;0;0;1;POINT (13.34218287 52.47894493)
1;2020;5;14;4;3;0;1;0;1;0;0;0;0;0;0;POINT (13.41717383 52.52413971)
9;2020;5;15;6;3;2;6;0;0;1;0;0;0;0;1;POINT (13.540885 52.4356073)
6;2020;5;13;2;3;5;3;0;1;1;0;0;0;0;0;POINT (13.25028301 52.4185508)
5;2020;5;21;5;3;2;7;2;0;1;0;0;0;0;0;POINT (13.21819709 52.54856784)
2;2020;5;17;6;3;2;6;0;1;0;0;0;0;0;0;POINT (13.39473277 52.49615722)
7;2020;5;16;6;3;2;2;0;0;1;0;0;0;0;1;POINT (13.38660969 52.45634579)
9;2020;5;18;7;3;0;2;0;1;1;0;0;0;0;0;POINT (13.57448708 52.45297071)
5;2020;5;16;6;3;2;6;0;0;1;0;0;0;0;0;POINT (13.15049932 52.53289855)
3;2020;5;11;5;2;5;3;0;0;1;0;0;0;0;0;POINT (13.41096078 52.56117453)
10;2020;5;17;6;3;0;7;0;0;1;0;0;0;1;0;POINT (13.57758874 52.54760217)
7;2020;5;18;6;3;5;3;0;0;1;0;0;0;0;1;POINT (13.35883664 52.47459997)
8;2020;5;20;3;3;5;2;1;1;1;0;0;0;0;0;POINT (13.44276911 52.48042771)
5;2020;5;20;5;2;0;1;1;1;0;0;0;0;0;0;POINT (13.14181958 52.46182675)
3;2020;5;3;6;3;6;6;2;0;1;1;0;0;0;0;POINT (13.36752124 52.59583649)
9;2020;5;14;5;3;2;6;0;0;1;0;0;0;0;0;POINT (13.58067183 52.45548849)
11;2020;5;18;5;2;0;1;0;0;1;0;1;0;0;0;POINT (13.49960713 52.54537358)
12;2020;5;2;4;2;0;1;2;0;1;0;0;0;0;0;POINT (13.32793122 52.59966654)
4;2020;5;15;5;3;3;6;0;1;0;0;0;0;1;0;POINT (13.29606456 52.53043581)
7;2020;5;20;5;3;0;6;2;0;1;0;1;0;0;1;POINT (13.35555103 52.49461972)
7;2020;5;17;2;3;5;5;0;0;1;0;1;0;0;0;POINT (13.34974329 52.49476313)
5;2020;5;15;5;2;5;2;0;0;1;0;0;0;0;0;POINT (13.14159472 52.53244392)
12;2020;5;13;5;3;5;2;0;1;1;0;0;0;0;0;POINT (13.3253954 52.56466826)
9;2020;5;15;5;3;5;2;0;0;1;0;0;0;0;0;POINT (13.65343557 52.4633289)
9;2020;5;10;5;3;3;6;0;0;1;0;1;0;0;0;POINT (13.55857524 52.45602654)
1;2020;5;21;4;3;0;1;2;1;0;0;0;0;0;0;POINT (13.35612081 52.55535627)
3;2020;5;2;5;3;8;7;2;0;1;0;0;0;0;0;POINT (13.38083226 52.57445939)
11;2020;5;23;5;3;6;7;2;1;0;1;0;0;0;0;POINT (13.47545525 52.50215588)
5;2020;5;14;3;3;5;3;0;1;0;0;0;0;1;0;POINT (13.19805391 52.53292517)
5;2020;5;15;5;3;2;6;0;0;1;0;0;0;0;0;POINT (13.20123721 52.51206586)
9;2020;5;17;7;3;2;6;0;0;1;0;0;0;0;0;POINT (13.58199958 52.44221343)
6;2020;5;22;5;3;0;1;2;0;0;0;1;0;0;1;POINT (13.32314999 52.45689378)
8;2020;5;7;2;3;5;3;0;0;1;0;0;0;0;0;POINT (13.47987173 52.41264295)
8;2020;5;15;5;3;5;3;0;0;1;0;0;0;0;0;POINT (13.45398978 52.47201204)
2;2020;5;18;5;3;2;6;0;0;1;0;0;0;0;0;POINT (13.41912046 52.48748618)
3;2020;5;16;5;2;7;7;0;1;0;0;0;0;0;0;POINT (13.43879296 52.55774373)
5;2020;5;10;2;3;2;6;0;0;1;0;0;0;0;0;POINT (13.22386602 52.53059589)
9;2020;5;13;5;3;3;6;0;1;0;0;0;0;0;0;POINT (13.59702925 52.45278573)
9;2020;5;9;5;3;5;2;0;1;1;0;0;0;0;0;POINT (13.48402007 52.46775192)
7;2020;5;19;5;3;2;6;0;0;1;0;1;0;0;0;POINT (13.42039937 52.46164851)
1;2020;5;17;5;3;6;4;0;0;1;1;0;0;0;0;POINT (13.35599859 52.55527579)
6;2020;5;16;4;3;3;2;0;0;1;0;1;0;0;0;POINT (13.31077977 52.42116337)
6;2020;5;16;5;2;1;5;0;1;1;0;0;0;0;0;POINT (13.19901786 52.44015554)
6;2020;5;15;5;3;4;6;0;1;1;0;0;0;0;0;POINT (13.22950849 52.42083762)
12;2020;5;12;3;3;5;7;0;0;0;0;1;0;1;0;POINT (13.31701743 52.56847468)
2;2020;5;12;5;3;0;7;0;0;1;0;1;0;0;1;POINT (13.45800515 52.51061651)
5;2020;5;13;7;3;0;5;0;0;1;0;1;0;0;0;POINT (13.23677379 52.54723688)
1;2020;5;14;5;3;6;4;0;0;1;1;0;0;0;0;POINT (13.35127742 52.53942028)
10;2020;5;14;1;3;6;4;0;0;1;1;0;0;0;0;POINT (13.6056683 52.5358379)
12;2020;5;13;5;3;5;2;0;1;1;0;0;0;0;0;POINT (13.32842968 52.57561542)
4;2020;5;12;5;3;5;2;0;1;1;0;0;0;0;0;POINT (13.22868971 52.50512307)
12;2020;5;14;5;3;0;1;0;0;0;0;1;0;0;0;POINT (13.32419636 52.58783946)
7;2020;5;4;5;2;9;1;2;0;1;0;0;0;0;0;POINT (13.36225052 52.44719982)
9;2020;5;11;5;2;0;1;0;1;0;0;0;0;0;0;POINT (13.62521681 52.45496898)
8;2020;5;12;4;3;2;6;0;0;1;0;0;0;1;0;POINT (13.43590441 52.4491599)
1;2020;5;17;5;2;0;1;0;0;0;0;1;0;0;0;POINT (13.35755462 52.55354969)
2;2020;5;19;2;3;5;2;0;1;1;0;0;0;0;0;POINT (13.43002891 52.51020273)
3;2020;4;9;4;3;6;7;0;0;1;1;0;0;0;1;POINT (13.43379735 52.60874587)
1;2020;5;14;4;3;2;6;0;0;0;0;0;0;1;0;POINT (13.38495196 52.55597599)
5;2020;4;14;4;3;2;6;0;0;1;0;0;0;0;1;POINT (13.21897328 52.5488077)
3;2020;5;10;3;3;5;3;0;0;1;0;0;0;0;0;POINT (13.46608079 52.52328063)
12;2020;5;11;5;3;5;3;0;1;1;0;0;0;0;0;POINT (13.28242275 52.57566291)
4;2020;5;2;6;3;1;5;2;1;1;0;0;0;0;0;POINT (13.30000328 52.51827105)
4;2020;4;14;4;3;5;2;0;1;1;0;0;0;0;1;POINT (13.3018485 52.49904463)
3;2020;5;21;7;3;5;3;2;0;1;0;0;0;1;0;POINT (13.39750636 52.580019)
5;2020;5;11;1;2;7;7;0;0;1;0;0;0;0;1;POINT (13.19755179 52.55820124)
10;2020;4;15;4;2;5;3;0;1;1;0;0;0;0;0;POINT (13.5583155 52.49262943)
4;2020;5;14;5;2;5;2;0;1;1;0;0;0;0;0;POINT (13.30223199 52.50788825)
11;2020;5;17;1;2;6;4;0;0;0;1;0;0;1;1;POINT (13.51253241 52.56617287)
4;2020;4;15;4;3;2;6;0;0;1;0;1;0;0;1;POINT (13.33101118 52.49299306)
1;2020;4;15;4;3;5;3;0;1;1;0;0;0;0;1;POINT (13.37009881 52.53426667)
7;2020;5;10;4;3;6;7;0;0;0;1;0;1;0;0;POINT (13.34980831 52.50030609)
12;2020;5;17;1;3;5;2;0;1;0;0;0;0;1;0;POINT (13.32590323 52.56463431)
4;2020;4;15;4;3;5;3;0;1;1;0;0;0;0;1;POINT (13.31539651 52.50324802)
1;2020;5;19;2;3;2;2;0;0;1;0;0;0;0;0;POINT (13.34383358 52.54634625)
5;2020;5;11;5;2;0;6;0;0;1;0;1;0;0;0;POINT (13.17977924 52.53887116)
1;2020;5;12;6;3;2;6;0;0;1;0;0;0;1;0;POINT (13.37420731 52.54364502)
7;2020;4;15;4;2;5;2;0;0;1;0;0;0;0;1;POINT (13.39274485 52.41265223)
12;2020;4;14;4;3;2;2;0;0;1;0;0;0;0;1;POINT (13.32978942 52.56915994)
8;2020;5;15;2;3;3;6;0;0;1;1;0;1;0;0;POINT (13.45151477 52.46511228)
8;2020;5;16;4;3;6;4;0;0;1;1;0;0;0;0;POINT (13.42864121 52.4724533)
5;2020;5;20;2;3;6;4;1;0;1;1;0;0;0;0;POINT (13.23400122 52.54749527)
6;2020;5;10;3;2;5;3;0;1;1;0;0;0;0;0;POINT (13.3321258 52.42550352)
8;2020;5;12;1;3;5;3;0;0;1;0;0;0;0;1;POINT (13.43412771 52.44279657)
7;2020;5;16;3;3;0;1;0;1;0;0;0;0;0;0;POINT (13.37635441 52.40892766)
9;2020;5;16;3;3;5;3;0;0;0;0;1;0;0;0;POINT (13.47866782 52.47159355)
7;2020;5;18;6;2;0;7;0;1;0;0;0;0;0;0;POINT (13.40545648 52.38977355)
8;2020;5;15;2;3;1;7;0;0;1;1;0;0;0;0;POINT (13.43186202 52.46657083)
5;2020;5;13;6;2;3;6;0;0;1;0;0;0;0;0;POINT (13.21257067 52.52721948)
4;2020;5;19;2;2;5;2;0;1;1;0;0;0;0;0;POINT (13.29738217 52.52658775)
8;2020;5;15;2;3;2;6;0;1;1;0;0;0;0;0;POINT (13.41889486 52.4447004)
10;2020;5;16;5;2;6;4;0;0;1;1;0;0;0;0;POINT (13.60515317 52.53657577)
6;2020;5;18;4;3;3;6;0;1;1;0;0;0;0;0;POINT (13.35111445 52.44071776)
2;2020;5;14;2;3;2;2;0;0;1;0;1;0;0;0;POINT (13.44350996 52.5120615)
4;2020;5;16;1;3;0;4;0;1;0;1;0;0;0;0;POINT (13.31689296 52.50191292)
12;2020;5;13;4;3;5;3;0;1;1;0;0;0;0;0;POINT (13.35262281 52.57476696)
4;2020;5;16;3;3;5;2;0;1;1;0;0;0;0;0;POINT (13.31589388 52.49652401)
5;2020;5;22;7;3;5;3;2;0;1;0;0;0;0;1;POINT (13.19860966 52.55536651)
7;2020;5;7;3;3;0;7;0;0;1;0;0;0;1;0;POINT (13.37443695 52.47886056)
9;2020;5;12;6;3;2;6;0;0;1;0;0;0;0;0;POINT (13.58199995 52.44221483)
3;2020;5;0;5;3;0;1;2;1;0;0;0;0;0;0;POINT (13.43512443 52.56269948)
9;2020;5;15;2;3;8;7;0;1;1;0;0;0;0;0;POINT (13.50461559 52.47758248)
11;2020;5;10;1;3;0;6;0;1;1;0;0;0;0;0;POINT (13.52555868 52.481989)
5;2020;5;14;3;2;5;7;0;0;1;0;1;0;0;0;POINT (13.16197499 52.55172931)
10;2020;5;16;6;3;5;3;0;0;1;0;0;0;0;0;POINT (13.60584327 52.47871194)
8;2020;5;1;6;3;2;6;2;0;1;0;0;0;0;1;POINT (13.45235197 52.45232587)
11;2020;5;17;2;3;2;6;0;0;1;0;0;0;0;0;POINT (13.47935279 52.51607465)
12;2020;5;15;2;3;0;7;0;0;0;0;1;0;1;1;POINT (13.33046614 52.57106823)
6;2020;5;14;5;3;5;2;0;1;1;0;0;0;0;0;POINT (13.31551937 52.44312836)
5;2020;5;14;4;3;5;2;0;0;1;0;0;0;0;0;POINT (13.1828473 52.51848079)
7;2020;5;12;6;3;0;6;0;1;0;0;0;0;0;0;POINT (13.35352066 52.48889747)
4;2020;5;14;2;3;5;3;0;0;1;0;0;0;0;0;POINT (13.29681105 52.54812259)
1;2020;5;17;1;3;6;4;0;1;0;1;0;0;0;0;POINT (13.36933703 52.52657499)
1;2020;5;12;4;3;2;3;0;0;1;0;1;0;0;0;POINT (13.33906394 52.55032148)
5;2020;5;16;3;3;2;6;0;0;1;0;0;0;0;0;POINT (13.17924427 52.53374764)
7;2020;5;13;7;3;4;1;0;0;1;0;0;0;0;1;POINT (13.39109262 52.39885338)
9;2020;5;16;3;2;0;7;0;0;1;0;0;1;0;0;POINT (13.65198891 52.37535291)
6;2020;5;8;5;2;2;6;0;1;0;0;0;0;0;0;POINT (13.33088028 52.44579069)
4;2020;5;18;5;3;5;2;0;0;1;0;0;0;0;0;POINT (13.32610678 52.53836756)
4;2020;5;14;2;3;5;3;0;1;1;0;0;0;0;0;POINT (13.32221232 52.4955016)
8;2020;5;14;2;3;0;2;0;1;1;0;0;0;0;0;POINT (13.4573938 52.45343666)
8;2020;5;10;4;3;5;7;0;0;1;0;0;0;0;0;POINT (13.46538524 52.46059988)
1;2020;5;20;2;3;2;2;0;0;1;0;0;0;0;0;POINT (13.42120718 52.50975922)
9;2020;5;10;3;2;5;3;0;1;1;0;0;0;0;0;POINT (13.56973588 52.46577753)
12;2020;5;14;2;3;0;7;0;0;0;0;1;0;1;1;POINT (13.33007203 52.56995354)
10;2020;5;15;1;3;2;6;0;0;1;0;0;0;0;1;POINT (13.53967083 52.53447632)