bez;ujahr;umonat;ustunde;uwochentag;ukategorie;uart;utyp1;ulichtverh;istrad;istpkw;istfuss;istkrad;istgkfz;istsonstige;ustrzustand;geometry
4;2020;5;20;3;3;5;3;1;0;1;0;1;0;0;0;POINT (13.33522097 52.48580566)
1;2020;5;12;2;3;2;6;0;0;1;0;0;0;1;0;POINT (13.35084854 52.54255551)
4;2020;5;12;4;2;1;5;0;1;1;0;0;0;0;0;POINT (13.30383351 52.50988354)
1;2020;5;10;4;3;0;1;0;0;0;0;1;0;0;0;POINT (13.37954017 52.53338927)
2;2020;5;18;6;3;5;7;0;0;1;0;1;0;0;0;POINT (13.45875365 52.51134537)
3;2020;5;11;2;3;6;7;0;0;1;1;0;0;0;0;POINT (13.37829962 52.57655985)
4;2020;5;8;1;3;6;2;0;0;1;1;0;0;0;0;POINT (13.29624845 52.49761845)
4;2020;5;8;4;3;5;2;0;0;1;0;0;0;1;0;POINT (13.32625002 52.53801059)
3;2020;5;16;3;2;6;4;0;0;1;1;0;0;0;0;POINT (13.36929157 52.59726585)
7;2020;5;0;6;2;6;4;2;0;1;1;0;0;0;1;POINT (13.36008976 52.49046629)
9;2020;5;14;3;3;5;3;0;0;1;0;0;1;0;0;POINT (13.57691654 52.44435147)
12;2020;5;11;5;3;2;6;0;0;1;0;0;0;0;0;POINT (13.24940802 52.55279895)
1;2020;5;21;5;3;2;6;1;0;1;0;0;0;0;1;POINT (13.35955141 52.54627665)
12;2020;5;10;2;3;0;3;0;0;1;0;1;0;0;0;POINT (13.34425875 52.59605435)
5;2020;5;9;2;3;1;6;0;1;1;0;0;0;1;0;POINT (13.18322785 52.48512078)
7;2020;5;5;4;2;0;6;0;0;1;0;1;0;0;0;POINT (13.37146791 52.45251414)
10;2020;5;20;2;3;5;3;0;1;1;0;0;0;0;0;POINT (13.59613931 52.52974728)
8;2020;5;17;3;3;5;3;0;1;1;0;0;0;0;0;POINT (13.41637462 52.48047619)
1;2020;5;13;1;3;2;6;0;0;1;0;0;0;1;1;POINT (13.42372234 52.51352479)
11;2020;5;17;3;3;2;6;0;0;1;0;1;0;0;0;POINT (13.49001012 52.51356961)
3;2020;5;14;3;3;5;3;0;1;1;0;0;0;0;0;POINT (13.43262504 52.57089672)
4;2020;5;9;2;3;5;2;0;0;1;0;0;0;0;0;POINT (13.32610797 52.53836219)
10;2020;5;13;6;3;2;6;0;0;1;0;0;0;0;0;POINT (13.61696263 52.51971695)
2;2020;5;20;2;3;5;3;0;0;1;0;0;0;0;0;POINT (13.39640466 52.49124602)
6;2020;5;15;3;3;5;2;0;1;1;0;0;0;0;0;POINT (13.24398501 52.44617976)
1;2020;5;19;6;3;3;6;0;1;1;0;0;0;0;0;POINT (13.41883605 52.50632657)
7;2020;5;11;3;3;5;7;0;0;1;0;0;0;0;0;POINT (13.35345267 52.50094986)
6;2020;5;7;5;2;5;2;0;1;1;0;0;0;0;0;POINT (13.23723089 52.46927821)
10;2020;5;16;5;3;5;2;0;1;0;0;0;0;1;0;POINT (13.56945007 52.56081233)
10;2020;5;13;2;3;5;3;0;1;1;0;0;0;0;0;POINT (13.55764008 52.547491)
4;2020;5;8;2;3;5;2;0;1;0;0;0;0;0;0;POINT (13.32223345 52.5211063)
10;2020;5;16;4;3;5;2;0;1;1;0;0;0;0;0;POINT (13.54012811 52.52566473)
3;2020;5;19;2;3;5;3;0;1;1;0;0;0;0;0;POINT (13.39097105 52.58383911)
12;2020;5;10;3;3;5;3;0;1;1;0;0;0;0;0;POINT (13.35466973 52.61799917)
10;2020;5;11;1;3;2;6;0;0;1;0;0;0;0;0;POINT (13.57278825 52.55018518)
9;2020;5;16;3;3;5;3;0;1;0;0;0;0;1;0;POINT (13.56763871 52.44486677)
11;2020;5;17;6;3;5;2;0;1;1;0;0;0;0;0;POINT (13.47779174 52.51459262)
2;2020;5;8;2;3;5;7;0;0;1;0;1;0;0;0;POINT (13.37825804 52.48501953)
3;2020;5;11;6;3;5;3;0;0;1;0;1;0;0;0;POINT (13.4278683 52.58777386)
11;2020;5;18;2;3;9;1;0;0;1;0;1;0;0;0;POINT (13.47602973 52.51251863)
8;2020;5;7;2;3;5;3;0;1;1;0;0;0;0;0;POINT (13.47976102 52.41440507)
2;2020;5;15;5;3;5;3;0;1;1;0;0;0;0;0;POINT (13.38399852 52.49517054)
6;2020;5;17;4;2;0;1;0;0;0;0;1;0;0;0;POINT (13.22413931 52.44064284)
1;2020;5;23;6;3;5;3;2;0;1;0;0;0;0;0;POINT (13.4196747 52.50608319)
12;2020;5;6;2;3;1;5;0;1;1;0;0;0;0;0;POINT (13.299487 52.58114831)
4;2020;5;20;1;3;1;5;1;1;1;0;0;0;0;0;POINT (13.30959656 52.50018439)
5;2020;5;12;4;3;2;6;0;0;1;0;0;0;0;0;POINT (13.14826759 52.45670275)
8;2020;5;6;2;2;3;5;0;0;1;0;1;0;0;0;POINT (13.44355432 52.42561636)
9;2020;5;20;5;3;5;3;0;0;1;0;0;0;0;0;POINT (13.5051288 52.44513275)
9;2020;5;22;4;3;0;1;2;1;0;0;0;0;0;0;POINT (13.68214394 52.44398879)
10;2020;5;6;2;3;0;3;1;0;1;0;1;0;0;0;POINT (13.59161814 52.54148096)
6;2020;5;7;2;3;5;3;0;1;1;0;0;0;0;0;POINT (13.32670481 52.46335321)
6;2020;5;14;4;2;3;6;0;1;0;0;0;0;0;0;POINT (13.2887023 52.444017)
8;2020;5;8;3;3;2;6;0;0;1;0;0;0;0;0;POINT (13.42189169 52.45233554)
1;2020;5;9;1;3;2;6;0;1;0;0;0;0;0;0;POINT (13.38529933 52.55594743)
2;2020;5;8;3;3;5;2;0;1;1;0;0;0;0;0;POINT (13.43204223 52.49933283)
1;2020;5;14;6;3;1;5;0;1;1;0;0;0;0;0;POINT (13.40342282 52.53222787)
6;2020;5;11;5;3;0;4;0;1;0;1;0;0;0;0;POINT (13.31442412 52.41769222)
4;2020;5;15;2;3;5;2;0;1;1;0;0;0;0;0;POINT (13.30189307 52.48858516)
7;2020;5;5;2;3;5;3;0;0;1;0;0;0;1;0;POINT (13.35532024 52.41318519)
11;2020;5;13;5;3;5;3;0;1;1;0;0;0;0;0;POINT (13.54022147 52.5652608)
6;2020;5;13;4;3;0;4;0;1;0;1;0;0;0;0;POINT (13.14746033 52.41385355)
6;2020;5;0;6;3;2;6;2;0;1;0;0;0;0;0;POINT (13.29986362 52.43242234)
8;2020;5;4;2;3;0;7;1;1;0;0;0;0;0;0;POINT (13.41023147 52.4818046)
4;2020;5;17;1;3;5;2;0;1;1;0;0;0;0;1;POINT (13.29564807 52.51932758)
7;2020;5;10;4;3;5;3;0;0;1;0;0;0;0;0;POINT (13.37491286 52.48130484)
6;2020;5;15;3;3;1;5;0;0;1;0;0;0;0;0;POINT (13.32718149 52.46015115)
1;2020;5;19;7;3;0;1;1;0;0;0;1;0;0;1;POINT (13.4063529 52.53532098)
11;2020;5;13;3;3;0;2;0;1;0;0;0;1;0;0;POINT (13.4995317 52.48453405)
9;2020;5;12;5;3;6;4;0;0;1;1;0;0;0;0;POINT (13.48939504 52.46750861)
3;2020;5;19;3;3;5;3;0;1;1;0;0;0;0;0;POINT (13.47703837 52.566872)
9;2020;5;16;7;3;2;6;0;0;1;0;0;0;0;1;POINT (13.58337018 52.46328533)
9;2020;5;6;3;3;1;5;0;1;1;0;0;0;0;0;POINT (13.48697292 52.45946277)
1;2020;5;9;6;3;5;3;0;0;1;0;0;0;0;0;POINT (13.39227148 52.50771833)
12;2020;5;12;5;3;5;2;0;0;1;0;1;0;0;0;POINT (13.31455294 52.57506134)
9;2020;5;15;2;3;1;1;0;0;1;0;0;0;0;0;POINT (13.48364345 52.4604272)
1;2020;5;9;2;3;0;1;0;1;0;0;0;0;0;0;POINT (13.40311961 52.53191657)
3;2020;5;8;4;3;0;1;0;1;0;0;0;0;0;0;POINT (13.41237557 52.53244548)
4;2020;5;9;4;3;1;5;0;0;1;0;0;0;0;0;POINT (13.27483265 52.51893147)
1;2020;5;20;6;3;5;2;0;1;1;0;0;0;0;0;POINT (13.40654206 52.52859626)
7;2020;5;14;2;3;0;1;0;0;0;0;1;0;0;0;POINT (13.40255755 52.45588638)
1;2020;5;6;1;3;5;3;0;0;1;0;0;0;1;1;POINT (13.38609059 52.53882158)
3;2020;5;10;3;3;5;2;0;1;1;0;0;0;0;0;POINT (13.43000056 52.55141721)
9;2020;5;16;3;3;2;6;0;0;1;0;0;0;0;0;POINT (13.48873188 52.46694825)
4;2020;5;20;6;2;5;7;1;1;1;0;0;0;0;0;POINT (13.33436689 52.49838641)
1;2020;5;12;3;3;5;3;0;0;1;0;0;0;0;0;POINT (13.37844524 52.55041214)
10;2020;5;11;5;3;5;3;0;1;1;0;0;0;0;0;POINT (13.55617293 52.52007293)
9;2020;5;15;5;3;5;2;0;1;1;0;0;0;0;0;POINT (13.55077014 52.42891823)
1;2020;5;13;2;3;3;6;0;0;1;0;1;0;0;0;POINT (13.36105838 52.54751077)
10;2020;5;13;1;1;5;2;0;1;0;0;0;1;0;0;POINT (13.51704636 52.53554744)
9;2020;5;17;4;3;0;6;0;1;0;0;0;0;0;0;POINT (13.52833779 52.41187295)
7;2020;5;18;2;3;5;7;0;0;1;0;0;0;0;0;POINT (13.38723674 52.42269838)
6;2020;5;11;3;3;3;6;0;1;0;0;0;1;0;0;POINT (13.27563878 52.43393852)
2;2020;5;18;5;3;1;5;0;1;1;0;0;0;0;0;POINT (13.46712413 52.50502768)
3;2020;5;14;2;3;5;2;0;1;1;0;0;0;0;0;POINT (13.47482593 52.55333311)
4;2020;5;17;1;3;0;7;0;1;0;0;0;0;1;0;POINT (13.33189201 52.51362092)
8;2020;5;8;4;3;5;3;0;1;1;0;0;0;0;0;POINT (13.43478301 52.48103958)
8;2020;5;18;2;3;3;6;0;1;1;0;0;0;1;0;POINT (13.44679148 52.47831608)
2;2020;5;20;3;3;5;3;1;1;1;0;0;0;0;0;POINT (13.42393798 52.51343924)
10;2020;5;15;1;3;5;2;0;0;1;0;0;0;0;0;POINT (13.55230357 52.55400764)
8;2020;5;18;3;3;2;6;0;0;1;0;0;0;0;0;POINT (13.45278292 52.47534848)
12;2020;5;14;3;3;6;4;0;0;1;1;0;0;0;0;POINT (13.32419805 52.56505178)
5;2020;5;14;6;3;2;6;0;0;1;0;0;0;1;0;POINT (13.16420248 52.51975581)
9;2020;5;11;3;3;5;2;0;1;1;0;0;0;0;0;POINT (13.61872083 52.45550019)
7;2020;5;10;3;3;3;6;0;1;0;0;0;0;1;0;POINT (13.38834051 52.4685628)
3;2020;5;0;5;3;0;1;2;1;0;0;0;0;0;0;POINT (13.41256155 52.55399227)
11;2020;5;15;5;3;2;7;0;1;1;0;0;0;0;0;POINT (13.49914099 52.52637856)
8;2020;5;19;1;2;6;4;0;0;1;1;0;0;0;0;POINT (13.43278275 52.46488549)
11;2020;5;15;4;3;5;3;0;1;0;0;0;0;0;0;POINT (13.47997628 52.50860134)
1;2020;5;17;2;3;2;6;0;0;1;0;0;0;0;0;POINT (13.38481971 52.55678294)
1;2020;5;9;3;3;5;2;0;0;1;0;0;0;1;0;POINT (13.35958094 52.54412)
5;2020;5;10;1;3;5;2;0;0;1;0;0;0;0;1;POINT (13.18454816 52.54749154)
9;2020;5;15;3;2;6;4;0;0;1;1;0;0;0;0;POINT (13.53953897 52.45081783)
6;2020;5;13;3;3;2;6;0;1;0;0;0;0;0;0;POINT (13.20948479 52.41956881)
5;2020;5;16;6;3;0;3;0;0;1;0;0;0;1;0;POINT (13.19763796 52.51816938)
7;2020;5;13;1;3;5;2;0;1;1;0;0;0;0;1;POINT (13.35720258 52.48683092)
12;2020;5;17;3;3;0;6;0;0;1;1;0;0;0;0;POINT (13.34747309 52.59653684)
7;2020;5;13;3;3;6;2;0;0;1;1;0;0;0;0;POINT (13.32826649 52.46482846)
3;2020;5;14;3;3;6;4;0;0;1;1;0;0;0;0;POINT (13.4117939 52.54270057)
7;2020;5;18;6;3;0;5;0;0;1;0;0;0;1;0;POINT (13.39463146 52.41309067)
5;2020;5;19;1;3;2;2;0;1;1;0;0;0;0;0;POINT (13.20080583 52.53857217)
12;2020;5;13;6;3;5;2;0;0;1;0;0;0;0;0;POINT (13.33994399 52.58805088)
1;2020;5;20;2;2;1;5;1;1;0;0;0;0;1;0;POINT (13.41123449 52.52583093)
4;2020;5;19;1;3;2;7;0;0;1;0;1;0;0;0;POINT (13.29530501 52.49791599)
4;2020;5;17;5;3;5;2;0;0;1;0;0;0;0;0;POINT (13.30231272 52.54789063)
3;2020;5;21;4;3;0;1;0;1;0;0;0;0;0;0;POINT (13.45018966 52.54873201)
12;2020;5;15;1;3;1;5;0;0;1;0;0;0;0;0;POINT (13.30169363 52.58167095)
9;2020;5;7;2;2;5;3;0;1;1;0;0;0;0;0;POINT (13.63866165 52.44770875)
8;2020;5;13;4;3;5;3;0;1;1;0;0;0;0;0;POINT (13.43180674 52.4922657)
1;2020;5;7;3;3;0;1;0;0;0;0;1;0;0;0;POINT (13.34287963 52.53939994)
4;2020;5;16;7;3;0;1;0;1;0;0;0;0;0;0;POINT (13.32694246 52.53989075)
12;2020;5;8;3;2;5;3;0;1;1;0;0;0;0;0;POINT (13.31329124 52.57481954)
6;2020;5;13;3;3;3;7;0;1;0;0;0;0;0;0;POINT (13.20896063 52.41941719)
12;2020;5;14;6;3;6;4;0;1;0;1;0;0;0;0;POINT (13.29059937 52.62656553)
1;2020;5;3;5;2;6;4;2;0;0;1;0;0;1;0;POINT (13.34910984 52.54914867)
9;2020;5;13;2;3;5;3;0;1;1;0;0;0;0;0;POINT (13.5576304 52.44679396)
12;2020;5;18;1;3;2;6;0;0;1;0;0;0;0;0;POINT (13.25228092 52.59988832)
5;2020;5;14;4;2;5;2;0;0;1;0;1;1;0;0;POINT (13.1558011 52.5579469)
9;2020;5;12;4;2;7;7;0;1;0;0;0;0;0;0;POINT (13.63017425 52.42621185)
3;2020;5;1;6;2;8;1;2;0;0;0;0;0;1;0;POINT (13.46640079 52.55713442)
2;2020;5;2;6;3;0;1;2;1;0;0;0;0;0;1;POINT (13.40087896 52.49041567)
11;2020;5;13;2;3;5;2;0;1;1;0;0;0;0;0;POINT (13.46923684 52.53142727)
2;2020;5;9;1;3;2;6;0;0;1;0;0;0;0;0;POINT (13.44045189 52.50483403)
5;2020;5;14;5;3;0;3;0;1;1;0;0;0;0;0;POINT (13.20490361 52.53019132)
6;2020;5;15;4;2;0;7;0;1;1;0;0;0;0;0;POINT (13.23703513 52.4443013)
3;2020;5;14;6;3;0;4;0;0;0;1;0;1;0;0;POINT (13.37388924 52.5976893)
12;2020;5;8;1;3;5;2;0;0;1;0;0;0;0;0;POINT (13.3458709 52.57456235)
4;2020;5;17;1;3;5;5;0;1;1;0;0;0;0;1;POINT (13.28594657 52.50782473)
4;2020;5;12;4;3;5;3;0;0;1;0;0;0;0;0;POINT (13.29690139 52.48585601)
10;2020;5;18;3;3;5;2;0;0;1;0;0;0;0;0;POINT (13.60916165 52.53960321)
1;2020;5;14;7;3;2;2;0;0;1;0;1;0;0;1;POINT (13.38043033 52.51813497)
7;2020;5;15;3;1;6;4;0;0;0;1;0;1;0;0;POINT (13.39161737 52.45319389)
8;2020;5;13;3;3;2;6;0;0;1;0;0;0;0;0;POINT (13.45599688 52.42315922)
2;2020;5;7;5;3;5;2;0;1;1;0;0;0;0;0;POINT (13.42676036 52.51579224)
12;2020;5;9;5;3;5;2;0;0;1;0;0;0;0;0;POINT (13.30954727 52.58391931)
4;2020;5;15;2;3;5;7;0;0;1;0;1;0;0;0;POINT (13.33098939 52.50146238)
4;2020;5;7;1;3;6;4;0;0;0;1;1;0;0;0;POINT (13.31362661 52.52002264)
10;2020;5;10;4;3;5;2;0;0;1;0;0;0;0;0;POINT (13.60133123 52.53575798)
7;2020;5;17;2;3;5;2;0;1;1;0;0;0;0;0;POINT (13.35036801 52.41434522)
6;2020;5;0;4;3;9;1;2;0;1;0;0;0;0;0;POINT (13.31751115 52.43088362)
3;2020;5;17;1;3;0;3;0;1;1;0;0;0;0;0;POINT (13.40754837 52.54717498)
1;2020;5;15;1;2;5;7;0;0;1;0;1;0;0;1;POINT (13.33228375 52.52419404)
12;2020;5;21;3;2;0;1;2;1;0;0;0;0;0;0;POINT (13.30003406 52.57934225)
3;2020;5;16;3;3;0;1;0;0;0;0;1;0;0;0;POINT (13.36930697 52.59727578)
12;2020;5;18;6;3;1;5;0;0;1;0;0;0;0;0;POINT (13.30245328 52.60019543)
6;2020;5;12;3;3;5;3;0;1;1;0;0;0;0;0;POINT (13.33715415 52.44565098)
10;2020;5;17;1;3;9;1;0;0;0;0;1;0;0;0;POINT (13.56399687 52.54472002)
9;2020;5;8;1;3;5;2;0;0;1;0;1;0;0;1;POINT (13.51071237 52.46413518)
3;2020;5;8;4;3;5;2;0;1;1;0;0;0;0;0;POINT (13.45785113 52.52904745)
1;2020;5;17;3;3;5;3;0;1;1;0;0;0;0;0;POINT (13.40266875 52.5213164)
2;2020;5;16;7;3;5;2;0;1;1;0;0;0;0;1;POINT (13.43976148 52.51392265)
4;2020;5;14;3;2;5;2;0;1;1;0;0;0;0;0;POINT (13.311888 52.5005778)
11;2020;5;11;5;3;0;7;0;0;1;0;0;0;1;0;POINT (13.46787157 52.54616805)
3;2020;5;21;5;3;0;1;2;0;0;0;1;0;0;0;POINT (13.46361731 52.54992557)
11;2020;5;10;2;3;5;3;0;1;1;0;0;0;0;0;POINT (13.50033515 52.50497692)
7;2020;5;20;1;3;2;6;1;0;1;0;1;0;0;0;POINT (13.37566013 52.44355378)
7;2020;5;7;4;3;2;6;0;0;1;0;0;0;0;0;POINT (13.36484783 52.44867303)
12;2020;5;17;2;3;5;3;0;0;0;0;1;1;0;0;POINT (13.30394424 52.58124955)
1;2020;5;20;3;2;0;1;0;0;0;0;1;0;0;0;POINT (13.35096982 52.51148544)
9;2020;5;13;1;3;8;1;0;0;0;0;1;0;0;1;POINT (13.55876733 52.45008294)
9;2020;5;18;3;3;5;2;0;1;0;0;0;0;0;0;POINT (13.57427129 52.45277369)
5;2020;5;12;3;2;6;4;0;0;1;1;0;0;0;0;POINT (13.20877333 52.51068271)
3;2020;5;14;3;3;1;5;0;1;1;0;0;0;0;0;POINT (13.42017121 52.53392138)
5;2020;5;14;6;3;5;2;0;1;1;0;0;0;0;0;POINT (13.14870768 52.55430554)
5;2020;5;11;3;3;5;2;0;0;1;0;0;0;0;0;POINT (13.19781502 52.52104795)
1;2020;5;8;3;3;0;6;0;1;0;0;0;1;0;0;POINT (13.3672741 52.52568737)
8;2020;5;20;5;3;1;5;0;1;1;0;0;0;0;0;POINT (13.42964567 52.48639364)
1;2020;5;12;5;3;5;2;0;1;0;0;0;1;0;0;POINT (13.39150667 52.55549869)
8;2020;5;9;5;3;2;2;0;0;1;0;1;1;0;0;POINT (13.42895598 52.44262166)
6;2020;5;17;5;3;2;5;0;1;1;0;0;0;1;0;POINT (13.17814088 52.42147996)
9;2020;5;13;2;2;5;3;0;0;1;0;1;0;0;0;POINT (13.52657385 52.42459335)
8;2020;5;17;1;3;1;5;0;1;1;0;0;0;0;0;POINT (13.44222147 52.45629452)
10;2020;5;16;4;3;0;5;0;0;1;0;0;0;1;0;POINT (13.60832296 52.51721375)
8;2020;5;16;2;3;2;6;0;0;1;0;1;0;0;0;POINT (13.46533504 52.43341855)
2;2020;5;10;3;3;5;3;0;1;1;0;0;0;0;0;POINT (13.39055058 52.49930278)
3;2020;5;12;1;2;5;2;0;1;1;0;0;0;0;1;POINT (13.43372632 52.61234134)
1;2020;5;16;3;3;5;2;0;1;0;0;0;0;1;0;POINT (13.39114127 52.53621262)
8;2020;5;14;3;3;2;6;0;0;1;0;0;1;0;0;POINT (13.46416558 52.4701046)
12;2020;5;17;6;3;8;1;0;0;1;0;0;0;0;0;POINT (13.31489246 52.56729798)
2;2020;5;17;1;2;5;3;0;1;1;0;0;0;0;0;POINT (13.39461164 52.50455959)
1;2020;5;13;6;3;1;5;0;0;1;0;1;0;0;0;POINT (13.40287673 52.52425143)
6;2020;5;19;2;3;5;3;0;0;1;0;0;0;0;0;POINT (13.26771606 52.44589857)
12;2020;5;16;1;3;6;7;0;1;0;1;0;0;0;0;POINT (13.27812299 52.58838468)
1;2020;5;15;5;2;5;2;0;0;1;0;0;0;0;0;POINT (13.34954529 52.54211124)
3;2020;5;18;4;3;1;5;0;1;1;0;0;0;0;0;POINT (13.41084214 52.539644)
1;2020;5;15;1;3;2;6;0;0;0;0;1;0;1;0;POINT (13.42386443 52.50904288)
3;2020;5;16;1;3;4;6;0;1;0;0;0;0;1;0;POINT (13.40319346 52.55971336)
10;2020;5;13;4;3;5;2;0;0;1;0;1;0;0;0;POINT (13.53401058 52.53823726)
1;2020;5;19;3;3;6;4;0;0;1;1;0;0;0;0;POINT (13.36671629 52.52573993)
6;2020;5;0;7;3;0;1;2;1;0;0;0;0;0;0;POINT (13.35481223 52.42897349)
10;2020;5;6;3;3;5;2;0;1;1;0;0;0;0;0;POINT (13.54012811 52.52566473)
7;2020;5;18;2;3;2;2;0;1;1;0;0;0;0;0;POINT (13.34637122 52.49596975)
6;2020;5;15;1;3;5;2;0;1;1;0;0;0;0;0;POINT (13.31228892 52.4303465)
6;2020;5;7;2;3;5;2;0;0;1;0;0;0;1;0;POINT (13.29814751 52.44164925)
11;2020;5;14;4;3;5;2;0;1;1;0;0;0;0;0;POINT (13.49177613 52.51172666)
3;2020;5;9;3;2;5;3;0;1;1;0;0;0;0;0;POINT (13.46215852 52.59407468)
1;2020;5;8;1;3;0;2;0;0;1;0;0;0;1;1;POINT (13.36729918 52.50456576)
1;2020;5;10;3;3;2;3;0;0;0;0;1;0;1;0;POINT (13.3603865 52.55349389)
2;2020;5;16;6;3;5;2;0;1;1;0;0;0;0;0;POINT (13.43220585 52.5056545)
5;2020;5;14;6;3;3;6;0;0;1;0;1;0;0;0;POINT (13.2057272 52.54168178)
2;2020;5;16;2;2;0;7;0;1;0;0;0;0;0;0;POINT (13.39239893 52.49710355)
2;2020;5;15;1;3;2;6;0;1;0;0;1;0;0;0;POINT (13.45227722 52.51064275)
5;2020;5;14;5;2;5;3;0;1;1;0;0;0;0;0;POINT (13.23208835 52.52960874)
9;2020;5;14;4;3;0;3;0;1;0;0;0;0;1;0;POINT (13.61373659 52.45443365)
3;2020;5;11;6;2;0;7;0;0;0;0;1;0;0;0;POINT (13.39614301 52.58059441)
7;2020;5;13;1;2;2;6;0;0;1;0;0;0;0;0;POINT (13.38104727 52.44374492)
7;2020;5;17;1;3;2;6;1;0;1;0;0;0;0;0;POINT (13.40074475 52.41500621)
9;2020;5;12;4;3;5;2;0;1;0;0;0;1;0;0;POINT (13.45420072 52.49387308)
3;2020;5;15;3;3;5;2;0;1;1;0;0;0;0;0;POINT (13.4046113 52.54058996)
12;2020;5;7;7;3;1;5;0;1;1;0;0;0;0;0;POINT (13.37911135 52.56873097)
6;2020;5;16;3;3;0;3;0;1;1;0;0;0;0;0;POINT (13.33623134 52.4530596)
12;2020;5;15;5;3;5;3;0;0;1;0;1;0;0;0;POINT (13.32205773 52.60747927)
12;2020;5;18;5;3;5;3;0;0;1;0;0;0;0;0;POINT (13.33922869 52.59583216)
1;2020;5;10;2;3;2;6;0;0;1;0;1;0;0;0;POINT (13.40908987 52.52284514)
10;2020;5;13;1;2;0;1;0;1;0;0;0;0;0;0;POINT (13.58715721 52.51167576)
1;2020;5;21;4;3;5;2;1;1;0;0;1;0;0;0;POINT (13.41735389 52.5107735)
3;2020;5;10;6;3;5;2;0;0;1;0;0;0;0;0;POINT (13.46678176 52.55704436)
12;2020;5;12;5;3;5;2;0;0;1;0;0;0;1;0;POINT (13.35256548 52.56439179)
11;2020;5;13;2;3;2;6;0;0;1;0;1;0;0;0;POINT (13.49538359 52.50513596)
6;2020;5;13;1;3;5;3;0;0;1;0;0;0;0;0;POINT (13.31782981 52.41448585)
4;2020;5;10;4;3;3;6;0;0;1;0;1;0;0;0;POINT (13.32076149 52.51344169)
1;2020;5;10;4;3;4;7;0;0;1;0;0;0;0;0;POINT (13.39208231 52.52817719)
2;2020;5;20;6;3;0;4;0;1;0;1;0;0;0;0;POINT (13.44838028 52.49754068)
3;2020;5;13;1;3;5;2;0;1;1;0;0;0;0;0;POINT (13.43042543 52.55124809)
8;2020;5;7;1;3;5;3;0;1;1;0;0;0;0;1;POINT (13.42506544 52.45797429)
5;2020;5;14;4;3;5;3;0;0;1;0;0;0;0;0;POINT (13.2177409 52.56038548)
12;2020;5;16;3;3;2;6;0;0;1;0;0;0;0;0;POINT (13.32960284 52.56323421)
12;2020;5;8;6;3;0;1;0;0;0;0;1;0;0;1;POINT (13.33987616 52.61701377)
1;2020;5;13;3;3;0;6;0;0;1;0;1;0;0;0;POINT (13.33005602 52.53926473)
3;2020;5;18;2;3;6;7;0;0;1;1;0;0;0;0;POINT (13.3983669 52.5647025)
12;2020;5;11;5;3;1;5;0;0;1;0;0;0;0;0;POINT (13.36318468 52.56740892)
4;2020;5;20;5;3;5;2;0;1;1;0;0;0;0;0;POINT (13.32525181 52.50252788)
6;2020;5;9;2;2;5;2;0;1;1;0;0;0;0;0;POINT (13.27229089 52.45342229)
11;2020;5;13;1;2;6;7;0;0;1;1;0;0;0;0;POINT (13.51208474 52.55479845)
8;2020;5;18;4;3;5;3;0;1;1;0;0;0;0;0;POINT (13.49571177 52.43190521)
1;2020;5;16;2;3;0;1;0;1;0;0;0;0;0;0;POINT (13.39965133 52.52366618)
1;2020;5;11;3;3;1;7;0;0;1;0;0;0;0;0;POINT (13.33052546 52.51922477)
8;2020;5;13;1;2;5;3;0;0;1;0;1;0;0;1;POINT (13.43456256 52.45089794)
12;2020;5;17;3;3;6;4;0;0;1;1;0;0;0;0;POINT (13.37343317 52.56242163)
6;2020;5;14;3;3;5;2;0;1;1;0;0;0;0;0;POINT (13.26969084 52.44936758)
10;2020;5;15;2;3;5;3;0;0;1;0;0;0;0;0;POINT (13.58809129 52.50757196)
7;2020;5;7;3;3;5;2;0;1;0;0;0;0;1;0;POINT (13.34628182 52.50124026)
2;2020;5;14;1;3;6;4;0;1;0;1;0;0;0;0;POINT (13.44531363 52.5177426)
3;2020;5;18;3;2;3;2;0;1;1;0;0;0;0;0;POINT (13.43346035 52.6076512)
3;2020;5;16;3;3;1;5;0;1;1;0;0;0;0;0;POINT (13.42106276 52.55318303)
8;2020;5;18;6;3;5;3;0;1;1;0;0;0;0;0;POINT (13.50602822 52.4032399)
10;2020;5;11;3;3;2;6;0;0;1;0;0;0;0;0;POINT (13.61305794 52.50038832)
10;2020;5;4;5;3;5;3;1;1;1;0;0;0;0;0;POINT (13.55805091 52.52968794)
3;2020;5;14;5;3;2;6;0;0;1;0;0;0;0;0;POINT (13.41500129 52.55384058)
9;2020;5;8;2;3;2;6;0;0;1;0;0;0;0;0;POINT (13.55908534 52.44850996)
4;2020;5;13;1;3;5;3;0;1;1;0;0;0;0;0;POINT (13.29363248 52.5118566)
1;2020;5;15;4;3;1;5;0;0;1;0;0;0;0;0;POINT (13.41733401 52.51277021)
1;2020;5;15;2;3;5;2;0;1;1;0;0;0;0;0;POINT (13.32960721 52.5237934)
5;2020;5;10;3;3;1;5;0;0;1;0;1;0;0;0;POINT (13.13739084 52.45228715)
10;2020;5;11;1;3;0;2;0;0;0;1;0;0;1;1;POINT (13.60415803 52.53865274)
5;2020;5;18;3;3;5;2;0;0;1;0;0;0;0;0;POINT (13.16537051 52.55114579)