bez;ujahr;umonat;ustunde;uwochentag;ukategorie;uart;utyp1;ulichtverh;istrad;istpkw;istfuss;istkrad;istgkfz;istsonstige;ustrzustand;geometry
8;2020;5;17;6;3;5;2;0;1;1;0;0;0;0;0;POINT (13.45493352 52.47260981)
7;2020;5;10;6;3;1;5;0;1;1;0;0;0;0;0;POINT (13.4085559 52.40152183)
8;2020;5;17;2;3;6;4;0;0;1;1;0;0;0;0;POINT (13.44520155 52.47408054)
8;2020;5;12;1;2;9;1;0;0;1;0;0;0;0;0;POINT (13.49971658 52.41738403)
5;2020;5;14;5;3;1;5;0;1;1;0;0;0;0;0;POINT (13.20327509 52.56544556)
1;2020;5;19;6;3;2;2;0;0;1;0;0;0;1;0;POINT (13.38414554 52.51008824)
1;2020;5;10;1;3;6;7;0;0;0;1;0;0;1;0;POINT (13.39265607 52.56414633)
5;2020;5;13;6;3;2;6;0;0;1;0;0;0;0;0;POINT (13.17776036 52.54878122)
1;2020;5;20;2;3;5;2;1;1;1;0;0;0;0;0;POINT (13.33652202 52.54212795)
9;2020;5;16;7;3;0;6;0;1;0;0;0;0;0;0;POINT (13.59339779 52.4523632)
4;2020;5;18;5;2;0;1;0;0;0;0;1;0;0;0;POINT (13.30667933 52.50101924)
6;2020;5;23;4;3;1;5;2;1;1;0;0;0;0;0;POINT (13.32599954 52.45527382)
6;2020;5;16;7;3;2;6;0;1;1;0;0;0;0;0;POINT (13.33900412 52.45862309)
2;2020;5;7;2;3;5;2;0;1;1;0;0;0;0;0;POINT (13.46286048 52.51503385)
4;2020;5;13;4;3;5;2;0;1;1;0;0;0;0;0;POINT (13.31400596 52.48090873)
9;2020;5;8;3;3;1;5;0;1;1;0;0;0;0;0;POINT (13.54878513 52.45712537)
12;2020;5;8;1;3;1;7;0;1;1;0;0;0;0;1;POINT (13.33270733 52.57706204)
3;2020;5;8;3;2;6;4;0;0;0;1;1;0;0;0;POINT (13.51410924 52.6412272)
3;2020;5;14;6;2;5;2;0;1;1;0;0;0;0;0;POINT (13.42631513 52.57594695)
8;2020;5;9;5;3;2;2;0;0;1;0;0;0;0;0;POINT (13.45581399 52.47388721)
2;2020;5;15;2;3;5;2;0;0;1;0;1;0;0;0;POINT (13.39822379 52.50709456)
10;2020;5;14;7;3;0;7;0;1;1;0;0;0;0;0;POINT (13.59257001 52.52280723)
3;2020;5;12;5;2;0;5;0;0;0;0;0;0;1;0;POINT (13.44287372 52.55104447)
9;2020;5;12;4;2;5;7;0;0;1;0;1;0;0;0;POINT (13.5293363 52.44359777)
6;2020;5;6;6;2;8;1;0;0;1;0;0;0;0;0;POINT (13.25918817 52.43255766)
1;2020;5;21;7;3;0;1;2;1;0;0;0;0;0;0;POINT (13.40312437 52.52463826)
4;2020;5;16;1;3;2;2;0;0;1;0;0;0;0;1;POINT (13.32000703 52.50160937)
3;2020;5;9;4;3;0;3;0;0;1;0;1;0;0;0;POINT (13.42285835 52.53722854)
12;2020;5;15;3;3;6;4;0;0;1;1;0;0;0;0;POINT (13.30823435 52.61827705)
1;2020;5;16;4;3;5;3;0;0;1;0;0;0;1;0;POINT (13.39887891 52.53265984)
11;2020;5;19;6;3;1;5;0;1;0;0;0;0;1;0;POINT (13.50705945 52.53583892)
2;2020;5;20;7;3;5;3;1;1;1;0;0;0;0;0;POINT (13.44663681 52.51128694)
8;2020;5;17;1;3;2;6;0;0;1;0;1;0;0;1;POINT (13.42893026 52.4718919)
6;2020;5;12;4;3;6;4;0;0;1;1;0;0;0;0;POINT (13.32378935 52.44535812)
1;2020;5;19;3;3;5;3;0;1;0;0;1;0;0;0;POINT (13.34665523 52.52491136)
8;2020;5;14;7;3;5;3;0;0;1;0;0;0;0;1;POINT (13.49070873 52.42294019)
11;2020;5;4;3;3;5;3;1;0;1;0;0;0;0;0;POINT (13.4700199 52.502316)
3;2020;5;12;5;3;2;6;0;0;1;0;0;0;0;0;POINT (13.44340876 52.57159527)
12;2020;5;11;5;3;2;6;0;0;1;0;0;0;0;0;POINT (13.29509278 52.61013151)
4;2020;5;13;2;3;2;6;0;0;1;0;0;1;0;0;POINT (13.28059017 52.51850474)
7;2020;5;20;7;3;5;2;1;1;1;0;0;0;0;0;POINT (13.3324631 52.46893722)
11;2020;5;16;4;3;3;2;0;0;1;0;0;0;0;0;POINT (13.50897002 52.56457943)
4;2020;5;8;4;3;1;5;0;1;1;0;0;0;0;0;POINT (13.26386286 52.48580131)
7;2020;5;20;7;2;2;6;0;0;1;0;0;0;0;0;POINT (13.41766136 52.46038435)
5;2020;5;6;1;3;0;6;0;0;1;0;1;0;0;1;POINT (13.24813412 52.53801404)
8;2020;5;16;3;3;6;7;0;0;0;1;0;0;1;0;POINT (13.42458417 52.48652387)
5;2020;5;16;3;3;2;6;0;0;1;0;0;0;1;0;POINT (13.22809173 52.53794089)
5;2020;5;20;6;3;9;2;1;0;1;0;0;0;0;0;POINT (13.1571731 52.53524304)
7;2020;5;12;3;3;5;3;0;0;1;0;1;0;0;0;POINT (13.37127685 52.43648274)
6;2020;5;10;5;2;2;7;0;0;1;0;1;0;0;0;POINT (13.25018548 52.45517918)
1;2020;5;17;5;3;5;3;0;1;1;0;0;0;0;0;POINT (13.34536566 52.54677317)
8;2020;5;13;2;3;5;3;0;1;1;0;0;0;0;0;POINT (13.4615865 52.43098123)
9;2020;5;16;7;2;6;4;0;0;1;1;0;0;0;0;POINT (13.51675482 52.4643291)
5;2020;5;15;3;3;5;3;0;1;1;0;0;0;0;0;POINT (13.20380232 52.54089474)
1;2020;5;11;5;3;3;6;0;1;0;0;0;0;1;0;POINT (13.40674495 52.53570234)
6;2020;5;17;5;3;5;3;0;1;1;0;1;0;0;0;POINT (13.2966499 52.4644027)
9;2020;5;10;2;3;5;3;0;1;1;0;0;0;0;0;POINT (13.48336543 52.48002614)
2;2020;5;17;7;3;5;2;0;1;1;0;0;0;0;0;POINT (13.44061195 52.51702494)
12;2020;5;7;4;3;5;3;0;0;1;0;0;0;0;0;POINT (13.30564405 52.58338154)
11;2020;5;15;2;3;5;3;0;0;1;0;1;0;0;0;POINT (13.52512752 52.48669273)
7;2020;5;22;3;3;5;7;2;0;1;0;1;0;0;0;POINT (13.38160615 52.4400688)
11;2020;5;13;1;3;5;2;0;1;1;0;0;0;0;1;POINT (13.56440211 52.57231036)
1;2020;5;18;3;3;2;6;0;0;1;0;0;0;0;0;POINT (13.3661013 52.52555211)
5;2020;5;16;2;2;5;2;0;0;1;0;1;0;0;0;POINT (13.14157453 52.53249757)
2;2020;5;14;3;3;0;1;0;1;0;0;0;0;0;0;POINT (13.43324536 52.4969479)
8;2020;5;14;6;3;2;7;0;1;1;0;0;0;0;0;POINT (13.42534855 52.47989394)
4;2020;5;11;3;3;2;6;0;0;1;0;0;0;0;0;POINT (13.24971918 52.52389633)
2;2020;5;13;2;3;2;3;0;0;1;0;0;0;1;0;POINT (13.44931503 52.52439491)
6;2020;5;22;5;3;8;1;2;0;0;0;1;0;0;0;POINT (13.31609982 52.4345758)
7;2020;5;12;5;3;1;5;0;1;1;0;0;0;0;0;POINT (13.36429924 52.48509844)
4;2020;5;17;7;3;1;5;0;1;1;0;0;0;0;0;POINT (13.30089675 52.50508415)
3;2020;5;15;4;2;5;2;0;1;1;0;0;0;0;0;POINT (13.39744114 52.57128353)
10;2020;5;9;3;3;3;6;0;0;0;0;0;0;1;0;POINT (13.5598008 52.53408399)
1;2020;6;19;1;3;5;3;0;1;1;0;0;0;0;0;POINT (13.33922994 52.55043029)
7;2020;6;22;1;3;0;2;1;0;1;0;1;0;0;0;POINT (13.378187 52.46629538)
5;2020;6;10;6;3;6;7;0;1;0;1;0;0;0;0;POINT (13.24038189 52.54676663)
7;2020;6;14;5;2;5;2;0;1;1;0;0;0;0;0;POINT (13.37610845 52.40912719)
12;2020;6;13;3;3;2;6;0;1;1;0;0;0;0;0;POINT (13.24315448 52.62041445)
7;2020;6;20;6;3;8;1;0;0;1;0;0;0;0;0;POINT (13.41472874 52.4516632)
8;2020;6;14;5;3;2;2;0;0;1;0;1;0;0;0;POINT (13.43357537 52.44417328)
2;2020;6;11;5;3;5;2;0;1;1;0;0;0;0;0;POINT (13.42935225 52.5212463)
11;2020;6;16;2;3;3;6;0;1;1;0;0;0;0;0;POINT (13.47473099 52.50159407)
6;2020;6;15;1;2;5;2;0;0;1;0;0;0;0;0;POINT (13.27495542 52.46039576)
11;2020;6;11;5;3;5;2;0;1;0;0;0;1;0;0;POINT (13.5146778 52.53517475)
10;2020;6;11;1;2;3;6;0;0;1;0;0;1;0;0;POINT (13.53792391 52.52565113)
1;2020;6;15;1;3;1;5;0;1;1;0;0;0;0;0;POINT (13.40222663 52.53091288)
4;2020;6;23;5;3;0;1;2;0;0;0;0;0;1;1;POINT (13.33362312 52.49332421)
12;2020;6;17;4;3;0;7;0;0;1;0;0;0;0;1;POINT (13.33935148 52.59573952)
10;2020;6;16;7;3;0;7;0;0;0;0;0;0;1;0;POINT (13.60839991 52.53954252)
12;2020;6;14;1;3;0;7;0;1;0;0;0;0;0;0;POINT (13.24395014 52.62081426)
9;2020;6;14;5;3;2;7;0;1;1;0;0;0;0;1;POINT (13.58330938 52.41375322)
7;2020;6;22;5;3;5;2;2;0;1;0;0;0;0;1;POINT (13.37205349 52.4698264)
3;2020;6;6;3;3;5;3;0;1;0;0;0;0;1;0;POINT (13.41034552 52.55072518)
1;2020;6;21;5;3;5;3;2;1;1;0;0;0;0;0;POINT (13.36834634 52.52581202)
3;2020;6;10;2;3;5;3;0;0;1;0;0;0;0;0;POINT (13.4710825 52.60141762)
9;2020;6;21;5;3;5;3;1;0;1;0;0;0;1;0;POINT (13.52237128 52.42829536)
5;2020;6;13;5;2;5;2;0;0;1;0;0;0;0;0;POINT (13.18459601 52.54751928)
2;2020;6;8;2;3;5;3;0;1;0;0;0;0;0;0;POINT (13.41540549 52.48998454)
7;2020;6;11;5;3;2;6;0;0;1;0;0;0;0;0;POINT (13.38294162 52.46596656)
8;2020;6;15;1;3;0;7;0;1;1;0;0;0;1;0;POINT (13.46542317 52.42946228)
12;2020;6;12;1;3;3;6;0;1;0;0;0;0;0;0;POINT (13.27490603 52.58163219)
5;2020;6;10;5;3;1;7;0;0;1;0;0;0;0;0;POINT (13.18187283 52.54838529)
6;2020;6;17;3;3;5;3;0;1;1;0;0;0;0;0;POINT (13.29553542 52.44095543)
3;2020;6;16;4;3;1;5;0;1;1;0;0;0;0;0;POINT (13.46058377 52.54611793)
11;2020;6;17;7;3;5;3;0;0;1;0;0;0;0;0;POINT (13.52528625 52.48020885)
3;2020;6;13;1;3;5;3;0;1;1;0;0;0;0;0;POINT (13.46096452 52.56432119)
3;2020;6;20;5;3;1;5;1;0;1;0;1;0;0;0;POINT (13.43476798 52.53416612)
8;2020;6;13;5;3;1;5;0;1;1;0;0;0;0;0;POINT (13.43264639 52.48516508)
5;2020;6;10;3;3;2;6;0;0;1;0;0;0;0;0;POINT (13.23589205 52.53887826)
8;2020;6;9;5;3;1;5;0;1;1;0;0;0;0;1;POINT (13.44189942 52.48142848)
10;2020;6;8;2;3;5;3;0;1;0;0;0;0;1;0;POINT (13.61884448 52.51844436)
4;2020;6;20;5;3;0;2;0;1;1;0;0;0;0;0;POINT (13.31425913 52.50886416)
8;2020;6;9;1;3;5;3;0;0;1;0;0;0;0;0;POINT (13.48708961 52.42289707)
11;2020;6;13;1;3;5;3;0;0;0;0;1;0;1;0;POINT (13.50006332 52.54805076)
7;2020;6;10;6;3;6;2;0;0;1;1;0;0;0;0;POINT (13.40344845 52.44807942)
5;2020;6;12;5;3;2;6;0;0;1;0;0;0;0;0;POINT (13.24773678 52.52448076)
8;2020;6;15;3;3;0;3;0;1;1;0;0;0;0;0;POINT (13.42589847 52.45836773)
2;2020;6;22;6;3;6;4;2;0;0;1;0;0;1;0;POINT (13.41705994 52.49881802)
5;2020;6;12;1;3;2;6;0;1;1;0;0;0;0;0;POINT (13.20844854 52.58223939)
1;2020;6;18;5;3;2;6;0;0;1;0;0;0;0;0;POINT (13.34935828 52.54927769)
8;2020;6;10;1;3;5;2;0;0;1;0;0;0;0;0;POINT (13.44737557 52.46430202)
10;2020;6;12;1;3;5;3;0;1;1;0;0;0;0;0;POINT (13.59774783 52.52454655)
5;2020;6;19;5;3;5;3;0;1;1;0;0;0;0;0;POINT (13.19625383 52.53151182)
8;2020;6;16;3;3;6;4;0;0;1;1;0;0;0;0;POINT (13.48460595 52.4321246)
11;2020;6;12;4;3;6;4;0;0;1;1;0;0;0;0;POINT (13.51883553 52.56295795)
3;2020;6;17;7;3;3;6;0;0;1;0;1;0;0;0;POINT (13.44905484 52.53681688)
1;2020;6;11;1;3;2;6;0;0;1;0;0;0;0;0;POINT (13.38472238 52.55599487)
2;2020;6;12;5;3;5;3;0;1;1;0;0;0;0;0;POINT (13.3910123 52.5041871)
3;2020;6;8;5;3;0;1;0;0;0;0;1;0;0;1;POINT (13.41922892 52.53823881)
4;2020;6;8;3;3;5;2;0;0;1;0;0;0;1;0;POINT (13.31281342 52.48040105)
9;2020;6;8;5;2;5;3;0;0;1;0;0;0;0;0;POINT (13.5819927 52.4388816)
7;2020;6;15;2;2;4;6;0;0;0;0;0;0;1;0;POINT (13.36784237 52.49332043)
6;2020;6;7;5;2;1;5;0;1;1;0;0;0;0;1;POINT (13.34401319 52.44805853)
9;2020;6;20;1;3;5;2;0;1;0;0;0;0;1;0;POINT (13.51416826 52.45519098)
9;2020;6;10;1;3;0;1;0;1;0;0;0;0;0;0;POINT (13.58866946 52.41946195)
12;2020;6;9;6;2;5;3;0;1;1;0;0;0;0;0;POINT (13.33775488 52.61146385)
9;2020;6;7;5;3;0;1;0;1;0;0;0;0;0;1;POINT (13.61836761 52.45546809)
6;2020;6;14;3;3;5;3;0;0;1;0;0;0;0;0;POINT (13.21208951 52.43405484)
4;2020;6;23;6;3;5;7;2;0;1;0;0;0;0;0;POINT (13.31504163 52.50096874)
1;2020;6;7;5;3;5;3;0;1;1;0;0;0;0;1;POINT (13.3767167 52.51079155)
2;2020;6;18;5;3;2;6;0;1;1;0;0;0;0;1;POINT (13.44284071 52.50060483)
4;2020;6;18;2;3;5;2;0;1;1;0;0;0;0;0;POINT (13.32524127 52.50245072)
9;2020;6;10;1;3;0;2;0;1;1;0;0;0;0;0;POINT (13.59688811 52.43696393)
3;2020;6;16;5;3;2;2;0;0;1;0;0;0;1;0;POINT (13.43963691 52.56797371)
7;2020;6;23;1;3;0;1;2;1;0;0;0;0;0;0;POINT (13.37349772 52.48651115)
3;2020;6;7;5;3;0;1;0;0;0;0;1;0;0;1;POINT (13.44945313 52.55115559)
9;2020;6;19;2;2;3;6;0;1;0;0;0;0;0;0;POINT (13.63507633 52.45570429)
6;2020;6;7;4;3;0;3;0;1;0;0;0;0;0;0;POINT (13.27379365 52.43580421)
3;2020;6;13;2;3;5;3;0;0;1;0;0;0;1;0;POINT (13.42080768 52.54878771)
10;2020;6;17;4;3;0;1;0;0;1;0;0;0;0;0;POINT (13.6060541 52.52955676)
12;2020;6;17;1;3;5;3;0;0;1;0;0;0;0;0;POINT (13.34798628 52.57848329)
4;2020;6;10;1;3;5;7;0;0;1;0;1;0;0;0;POINT (13.33072973 52.5097221)
3;2020;6;15;6;3;5;2;0;0;0;0;1;0;1;0;POINT (13.44272143 52.55111525)
4;2020;6;14;4;3;1;5;0;0;1;0;0;0;1;0;POINT (13.3333443 52.5058227)
12;2020;6;13;3;3;2;6;0;0;1;0;0;0;1;0;POINT (13.37138829 52.56074032)
7;2020;6;18;6;3;5;2;0;1;1;0;0;0;0;1;POINT (13.36121034 52.49422976)
4;2020;6;16;4;3;0;5;0;0;1;0;0;0;0;0;POINT (13.29002807 52.49438524)
7;2020;6;15;2;3;2;6;0;0;1;0;1;0;0;0;POINT (13.37268138 52.44611832)
1;2020;6;21;1;3;5;3;1;1;1;0;0;0;0;0;POINT (13.36165675 52.54789)
4;2020;6;8;4;3;2;6;0;0;1;0;0;0;1;0;POINT (13.30741357 52.51349401)
3;2020;6;15;1;3;5;2;0;0;1;0;1;0;0;0;POINT (13.44866339 52.5848131)
1;2020;6;5;1;2;0;1;0;0;0;0;1;0;0;0;POINT (13.37843943 52.55315229)
2;2020;6;16;4;3;5;3;0;1;1;0;0;0;0;1;POINT (13.44990328 52.51299985)
1;2020;6;17;4;3;5;3;0;1;1;0;0;0;0;1;POINT (13.40424984 52.53316231)
1;2020;6;13;7;3;5;3;0;1;1;0;0;0;0;0;POINT (13.36059687 52.50035594)
4;2020;6;20;1;3;3;6;0;1;1;0;0;0;0;0;POINT (13.3189687 52.54625409)
2;2020;6;23;4;3;1;5;2;0;0;0;1;0;0;1;POINT (13.41875642 52.5037757)
1;2020;6;19;1;2;5;3;0;0;1;0;0;0;1;0;POINT (13.37179806 52.50932752)
9;2020;6;16;4;2;5;2;0;1;1;0;0;0;0;1;POINT (13.56260511 52.45636862)
9;2020;6;3;4;3;0;7;2;1;0;0;0;0;0;0;POINT (13.45159104 52.48864504)
3;2020;6;16;1;3;2;7;0;0;1;0;1;0;0;0;POINT (13.44269073 52.55943317)
2;2020;6;20;1;3;6;4;0;0;1;1;0;0;0;0;POINT (13.45989271 52.5090142)
1;2020;6;7;4;3;5;2;0;1;1;0;0;0;0;0;POINT (13.41634784 52.51997456)
2;2020;6;14;4;3;2;6;0;0;1;0;0;0;0;0;POINT (13.43694921 52.51027572)
5;2020;6;18;3;3;2;6;0;0;1;0;0;0;1;0;POINT (13.17711826 52.51704937)
5;2020;6;16;6;3;3;6;0;0;1;0;0;0;1;0;POINT (13.19608571 52.53332405)
8;2020;6;13;4;3;0;7;0;1;0;0;0;0;0;0;POINT (13.44741278 52.47614991)
7;2020;6;13;2;3;2;7;0;0;1;0;1;0;0;0;POINT (13.40546046 52.39377195)
5;2020;6;22;4;3;1;5;2;0;1;0;0;0;0;1;POINT (13.17872339 52.55207108)
8;2020;6;14;1;3;5;2;0;1;1;0;0;0;0;0;POINT (13.44248683 52.46549789)
2;2020;6;19;1;3;5;2;0;1;1;0;0;0;0;0;POINT (13.38890781 52.49939958)
12;2020;6;11;4;3;0;1;0;1;0;0;0;0;0;0;POINT (13.27389669 52.59967323)
7;2020;6;17;3;3;2;6;0;0;1;0;0;0;1;0;POINT (13.35060256 52.49470486)
4;2020;6;14;4;3;5;3;0;1;1;0;0;0;0;0;POINT (13.32004226 52.48650479)
9;2020;6;20;7;3;0;7;1;1;0;0;0;0;0;0;POINT (13.50956399 52.46564369)
12;2020;6;19;1;3;2;6;0;0;1;0;0;0;0;0;POINT (13.34948773 52.60486037)
9;2020;6;11;4;3;5;3;0;0;1;0;1;0;0;0;POINT (13.52617678 52.42387718)
1;2020;6;11;4;2;5;2;0;1;1;0;0;0;0;0;POINT (13.418221 52.5173831)
9;2020;6;10;3;3;5;3;0;1;1;0;0;0;0;0;POINT (13.57826976 52.45920864)
8;2020;6;19;4;2;5;3;0;0;1;0;0;0;0;1;POINT (13.47212663 52.46513444)
9;2020;6;8;2;3;3;6;0;1;0;0;0;0;0;0;POINT (13.57176131 52.44444167)
2;2020;6;18;4;3;5;3;0;1;1;0;0;0;0;1;POINT (13.39282112 52.49204258)
8;2020;6;12;3;2;5;3;0;0;1;0;0;0;0;0;POINT (13.45570528 52.42322759)
7;2020;6;19;4;3;6;4;0;1;0;1;0;0;0;1;POINT (13.34053411 52.49976998)
11;2020;6;9;2;3;2;6;0;0;1;0;0;0;0;0;POINT (13.47228887 52.53748776)
7;2020;6;17;4;2;1;1;0;0;1;0;0;0;0;1;POINT (13.36656677 52.4603974)
6;2020;6;12;1;3;5;2;0;1;0;0;0;1;0;0;POINT (13.24403427 52.42572095)
3;2020;6;17;1;3;5;3;0;1;0;0;0;0;0;0;POINT (13.40475209 52.54067741)
4;2020;6;10;4;3;5;2;0;0;1;0;0;0;1;0;POINT (13.33576747 52.5043218)
2;2020;6;16;3;3;1;5;0;1;1;0;0;0;0;0;POINT (13.46704218 52.51603378)
9;2020;6;6;3;3;5;2;0;1;0;0;0;0;1;0;POINT (13.504138 52.47440706)
2;2020;6;15;7;3;4;6;0;1;1;0;0;0;0;0;POINT (13.43508971 52.5091871)
5;2020;6;18;1;2;5;3;0;0;1;0;1;0;0;0;POINT (13.18316699 52.5134845)
10;2020;6;17;4;3;5;3;0;1;1;0;0;0;0;0;POINT (13.58565474 52.52364301)
1;2020;6;10;4;2;8;1;0;1;0;0;0;0;0;0;POINT (13.37995973 52.5206695)
3;2020;6;17;3;3;5;2;0;1;1;0;0;0;0;0;POINT (13.42699014 52.56433838)
9;2020;6;7;4;3;5;2;0;0;1;0;0;0;0;0;POINT (13.51226411 52.47073916)
8;2020;6;15;2;3;5;3;0;1;1;0;0;0;0;0;POINT (13.42032039 52.47689045)
1;2020;6;5;4;3;5;2;0;0;1;0;1;0;0;0;POINT (13.40113435 52.51046722)
5;2020;6;19;1;3;0;5;0;0;1;0;1;0;0;0;POINT (13.22724324 52.53766698)
8;2020;6;18;1;3;5;3;0;1;1;0;0;0;0;0;POINT (13.44165454 52.47041665)
5;2020;6;13;6;3;2;6;0;0;1;0;0;0;0;0;POINT (13.21190999 52.52718659)
4;2020;6;0;4;3;1;7;2;0;0;0;1;0;0;0;POINT (13.29259374 52.49925669)
11;2020;6;14;3;3;5;3;0;0;1;0;0;0;0;0;POINT (13.51626733 52.54634718)
7;2020;6;9;4;3;5;2;0;0;1;0;0;0;0;0;POINT (13.32843226 52.46890487)
12;2020;6;11;1;3;2;6;0;0;1;0;0;0;0;0;POINT (13.28631861 52.57560532)
1;2020;6;17;1;3;2;2;0;0;1;0;0;0;0;0;POINT (13.35159011 52.5263659)
2;2020;6;17;5;3;0;5;0;1;1;0;0;0;0;0;POINT (13.41819955 52.49976787)
3;2020;6;17;4;3;2;2;0;0;1;0;0;0;0;1;POINT (13.46552533 52.55179462)
3;2020;6;14;3;3;5;3;0;1;1;0;0;0;0;0;POINT (13.42873957 52.58823756)
3;2020;6;21;6;3;1;5;0;0;1;0;0;0;0;0;POINT (13.49666615 52.62106413)
8;2020;6;9;4;3;0;3;0;1;1;0;0;0;0;0;POINT (13.4479898 52.47988519)
9;2020;6;9;4;3;1;5;0;1;1;0;0;0;0;0;POINT (13.53004691 52.42397829)
11;2020;6;17;2;3;4;6;0;1;0;0;0;0;0;0;POINT (13.52526157 52.49501882)
1;2020;6;8;4;3;5;2;0;1;1;0;0;0;0;0;POINT (13.36372226 52.50078419)
1;2020;6;14;6;3;3;6;0;1;1;0;0;0;0;0;POINT (13.34575045 52.53902416)
5;2020;6;11;2;3;2;6;0;0;1;0;0;0;0;0;POINT (13.19769655 52.52296939)
1;2020;6;7;4;3;5;3;0;0;1;0;0;0;1;0;POINT (13.39377071 52.52858102)
6;2020;6;17;1;2;5;2;0;0;1;0;1;0;0;0;POINT (13.32487859 52.45827924)
1;2020;6;17;1;3;1;5;0;1;1;0;0;0;0;0;POINT (13.33466778 52.54265956)
2;2020;6;23;5;3;5;3;2;0;0;0;1;0;1;0;POINT (13.39498986 52.49619143)
7;2020;6;16;4;3;2;6;0;0;1;0;0;0;0;0;POINT (13.34499701 52.49188167)
8;2020;6;19;3;3;6;7;0;0;1;1;0;0;0;0;POINT (13.44132273 52.47382093)
3;2020;6;16;6;3;2;6;0;0;1;0;0;0;0;0;POINT (13.45816401 52.52911212)
1;2020;6;16;4;2;5;3;0;1;1;0;0;0;0;1;POINT (13.37422137 52.54364133)
7;2020;6;14;6;2;5;3;0;1;1;0;0;0;0;0;POINT (13.3285883 52.47243066)
2;2020;6;10;2;3;1;5;0;1;0;0;0;0;1;0;POINT (13.3996307 52.48942728)
4;2020;6;20;6;3;5;7;1;0;1;0;0;0;0;0;POINT (13.33106397 52.50192794)
2;2020;6;7;4;3;5;2;0;1;1;0;0;0;0;0;POINT (13.39069602 52.49600518)
2;2020;6;14;6;3;2;3;0;1;0;0;1;0;0;0;POINT (13.45066972 52.52731381)
8;2020;6;16;4;2;2;2;0;0;1;0;0;0;1;1;POINT (13.50361653 52.41162746)
8;2020;6;18;2;3;1;5;0;1;1;0;0;0;0;0;POINT (13.43288039 52.47238039)
3;2020;6;5;1;3;6;4;0;0;1;1;0;0;0;0;POINT (13.42732148 52.54485002)
7;2020;6;15;4;3;5;2;0;0;1;0;0;0;1;0;POINT (13.4040029 52.4634678)
12;2020;6;17;1;3;0;1;0;0;0;0;0;0;1;0;POINT (13.31512395 52.57798019)
5;2020;6;17;1;3;0;2;0;1;1;0;0;0;0;0;POINT (13.23333859 52.52744416)
2;2020;6;15;4;2;5;2;0;1;1;0;0;0;0;0;POINT (13.40649751 52.49832618)
2;2020;6;17;4;3;6;4;0;0;1;1;0;0;0;1;POINT (13.38444082 52.48498732)
2;2020;6;16;1;3;5;2;0;0;1;0;1;0;0;0;POINT (13.46731996 52.50969707)
8;2020;6;17;1;3;1;7;0;0;1;0;0;0;0;0;POINT (13.43709295 52.45628042)
3;2020;6;15;4;2;0;1;0;0;0;0;1;0;0;1;POINT (13.41727032 52.54999118)
6;2020;6;15;4;3;3;7;0;1;0;0;0;0;0;1;POINT (13.26749008 52.4081671)
11;2020;6;7;3;2;0;7;0;0;1;0;1;0;0;0;POINT (13.50756747 52.4921505)
1;2020;6;9;4;3;5;2;0;1;0;0;0;0;1;0;POINT (13.36017634 52.53724925)
3;2020;6;13;6;3;5;3;0;1;1;0;0;0;0;0;POINT (13.41380435 52.55212591)
3;2020;6;10;2;3;5;2;0;1;1;0;0;0;0;0;POINT (13.45833497 52.52549036)
3;2020;6;17;3;3;3;6;0;1;0;0;0;0;0;0;POINT (13.42429727 52.53957904)
10;2020;6;10;1;3;5;3;0;0;1;0;1;0;0;0;POINT (13.60389822 52.48578695)
9;2020;6;16;1;3;1;1;0;1;1;0;0;0;0;0;POINT (13.63130704 52.39509596)
9;2020;6;22;3;3;1;1;2;1;1;0;0;0;0;0;POINT (13.5118199 52.45836876)
6;2020;6;16;3;3;5;2;0;1;1;0;0;0;0;0;POINT (13.3590412 52.42011243)
11;2020;6;13;4;3;5;3;0;1;1;0;0;0;0;1;POINT (13.47530374 52.50278991)
2;2020;6;19;3;3;0;2;0;1;1;0;0;0;0;0;POINT (13.38974208 52.49591087)
6;2020;6;15;1;2;0;2;0;0;1;0;0;0;1;0;POINT (13.33898333 52.44433257)
1;2020;6;16;1;3;1;5;0;0;1;0;0;0;0;0;POINT (13.39216645 52.54310262)
7;2020;6;19;3;3;5;2;0;1;0;0;1;0;0;0;POINT (13.35597093 52.47237747)
4;2020;6;17;3;3;5;2;0;1;1;0;0;0;0;0;POINT (13.30076687 52.49481048)
7;2020;6;16;4;3;5;2;0;1;1;0;0;0;0;1;POINT (13.34751624 52.47057941)
4;2020;6;18;7;3;5;7;0;1;1;0;0;0;0;0;POINT (13.28132764 52.49940129)
5;2020;5;16;7;3;3;2;0;0;1;0;0;0;0;0;POINT (13.20297079 52.54084963)
2;2020;6;19;3;3;5;2;0;1;1;0;0;0;0;0;POINT (13.39367728 52.48912721)
1;2020;6;8;3;3;5;2;0;1;1;0;0;0;0;0;POINT (13.38578208 52.53267661)
6;2020;6;10;3;3;1;5;0;1;1;0;0;0;0;0;POINT (13.32405469 52.42416767)
8;2020;6;6;3;2;2;6;0;0;1;0;0;0;0;0;POINT (13.47421569 52.42580927)
6;2020;6;18;6;3;0;1;0;0;0;0;1;0;0;1;POINT (13.32752548 52.43906542)
4;2020;6;9;2;3;1;5;0;1;1;0;0;0;0;0;POINT (13.32790395 52.50601122)