bez;ujahr;umonat;ustunde;uwochentag;ukategorie;uart;utyp1;ulichtverh;istrad;istpkw;istfuss;istkrad;istgkfz;istsonstige;ustrzustand;geometry
6;2020;7;9;3;3;0;4;0;0;0;1;0;0;1;0;POINT (13.34443766 52.44836562)
9;2020;7;16;2;3;5;2;0;1;1;0;0;0;0;0;POINT (13.58832346 52.44107803)
1;2020;7;8;2;3;6;4;0;0;1;1;0;0;0;0;POINT (13.38664604 52.55920748)
2;2020;7;17;2;3;2;6;0;0;1;0;0;0;0;0;POINT (13.41574833 52.49866895)
6;2020;7;11;6;3;5;7;0;0;1;0;1;0;0;0;POINT (13.19339169 52.43382452)
11;2020;7;14;1;3;5;3;0;0;1;0;0;0;0;0;POINT (13.49370252 52.54108428)
9;2020;7;16;4;3;0;2;0;0;1;0;1;0;0;1;POINT (13.58549522 52.44458574)
3;2020;7;8;2;3;0;2;0;1;0;0;0;0;1;0;POINT (13.40845546 52.55255929)
2;2020;7;20;3;3;5;2;0;1;0;0;0;0;1;1;POINT (13.41726735 52.49884159)
7;2020;7;17;3;3;2;7;0;1;1;0;0;0;0;1;POINT (13.36342331 52.47724419)
8;2020;7;11;6;3;6;7;0;1;0;1;0;0;0;0;POINT (13.43547951 52.4807396)
1;2020;7;8;2;3;5;2;0;1;0;0;1;0;0;0;POINT (13.38743261 52.5601421)
12;2020;7;12;2;3;5;2;0;1;0;0;0;0;1;0;POINT (13.30028358 52.56998212)
1;2020;7;16;6;3;1;7;0;0;1;1;0;0;0;0;POINT (13.37700214 52.5387274)
1;2020;7;7;2;3;0;3;0;1;1;0;0;0;0;0;POINT (13.36943026 52.50228922)
10;2020;7;6;1;3;5;3;0;1;0;0;0;0;1;0;POINT (13.59736158 52.50209402)
11;2020;7;14;6;3;2;6;0;0;1;0;0;0;0;0;POINT (13.48562127 52.49670405)
5;2020;7;12;4;2;5;3;0;0;1;0;0;0;0;1;POINT (13.20744599 52.55574314)
4;2020;7;15;2;2;6;2;0;0;1;1;0;0;0;0;POINT (13.22839959 52.50681437)
1;2020;7;19;6;3;5;3;0;1;1;0;0;0;0;0;POINT (13.3774343 52.5537217)
2;2020;7;7;2;3;5;2;0;1;1;0;0;0;0;0;POINT (13.38223536 52.48988942)
11;2020;7;17;1;3;5;2;0;1;1;0;0;0;0;0;POINT (13.52780924 52.49039822)
11;2020;7;18;6;3;5;3;0;1;1;0;0;0;0;0;POINT (13.48589214 52.52078385)
5;2020;7;14;4;3;5;3;0;0;1;0;0;0;0;1;POINT (13.21297518 52.5303091)
12;2020;7;4;2;3;0;2;1;1;1;0;0;0;0;0;POINT (13.33452278 52.58749663)
6;2020;7;17;3;3;5;3;0;1;1;0;0;0;0;0;POINT (13.25172763 52.42382907)
2;2020;7;15;3;3;2;6;0;0;1;0;0;0;1;1;POINT (13.41920367 52.48747556)
10;2020;7;7;2;3;5;3;0;1;1;0;0;0;0;0;POINT (13.57356102 52.55237481)
4;2020;7;9;2;3;5;2;0;1;1;0;0;0;0;0;POINT (13.32724659 52.49470499)
1;2020;7;17;6;3;5;2;0;1;1;0;0;0;0;0;POINT (13.4217138 52.51424196)
5;2020;7;23;2;3;1;7;2;0;1;0;0;0;0;1;POINT (13.22394232 52.55962009)
11;2020;7;8;1;3;0;3;0;1;1;0;0;0;0;0;POINT (13.49482565 52.54543634)
5;2020;7;18;6;3;5;3;0;1;1;0;0;0;0;0;POINT (13.17941583 52.55295988)
3;2020;7;10;4;3;5;2;0;0;1;0;1;0;0;0;POINT (13.44448933 52.5652126)
8;2020;7;22;2;3;2;6;2;0;1;0;0;0;0;1;POINT (13.44759433 52.46389323)
3;2020;7;14;3;3;5;2;0;1;1;0;0;0;0;0;POINT (13.45707054 52.56093443)
5;2020;7;10;3;3;0;6;0;0;1;0;0;0;0;1;POINT (13.20745395 52.5387937)
12;2020;7;22;2;3;0;2;2;0;1;1;0;0;0;1;POINT (13.32372402 52.58751035)
1;2020;7;11;3;3;5;2;0;1;0;0;0;0;1;0;POINT (13.34684876 52.55329426)
3;2020;7;13;3;3;0;1;0;1;0;0;0;0;0;1;POINT (13.46094832 52.52970026)
4;2020;7;21;2;3;0;7;2;0;0;0;1;0;0;1;POINT (13.30798058 52.47111279)
8;2020;7;7;2;3;2;6;0;0;1;0;0;0;0;0;POINT (13.46480126 52.47043381)
4;2020;7;16;6;3;5;2;0;1;1;0;0;0;0;0;POINT (13.32302784 52.49046226)
11;2020;7;20;2;2;0;1;0;0;0;0;1;0;0;0;POINT (13.50877562 52.54997302)
8;2020;7;7;1;3;1;5;0;1;1;0;0;0;0;0;POINT (13.48834161 52.43580423)
11;2020;7;16;6;3;5;2;0;1;1;0;0;0;0;0;POINT (13.5247865 52.47885664)
2;2020;7;8;4;3;5;2;0;1;1;0;0;0;0;1;POINT (13.39821753 52.50700182)
10;2020;7;11;3;2;5;2;0;0;1;0;0;0;0;0;POINT (13.56562807 52.57043671)
8;2020;7;18;2;3;0;4;0;1;0;1;0;0;0;0;POINT (13.42436092 52.4860976)
5;2020;7;17;2;3;5;2;0;1;1;0;0;0;0;0;POINT (13.26666553 52.53679024)
11;2020;7;18;2;2;5;3;0;1;1;0;0;0;0;0;POINT (13.47949661 52.52686565)
2;2020;7;20;6;3;0;5;0;1;1;0;0;0;0;0;POINT (13.44922683 52.49703605)
1;2020;7;14;1;3;5;7;0;0;1;0;1;0;0;0;POINT (13.35971773 52.50879504)
2;2020;7;16;4;3;0;1;0;1;0;0;0;0;0;1;POINT (13.39690752 52.48837188)
11;2020;7;18;2;2;6;4;0;0;1;1;0;0;0;0;POINT (13.51957107 52.49476263)
4;2020;7;22;2;3;6;7;2;1;0;1;0;0;0;0;POINT (13.31403669 52.50720267)
1;2020;7;16;6;3;6;4;0;0;0;1;0;0;1;0;POINT (13.41185191 52.52820972)
9;2020;7;14;1;3;5;2;0;1;1;0;0;0;0;0;POINT (13.45470346 52.49419303)
4;2020;7;18;4;2;0;7;0;1;0;0;0;0;0;1;POINT (13.2785293 52.49019931)
4;2020;7;19;2;3;5;3;0;1;0;0;0;0;0;0;POINT (13.32550354 52.50936772)
7;2020;7;17;1;3;5;3;0;1;0;0;1;0;0;0;POINT (13.42364549 52.39501813)
8;2020;7;17;3;3;3;6;0;1;0;0;0;0;1;0;POINT (13.45193317 52.48099608)
6;2020;7;18;1;3;5;2;0;1;1;0;0;0;0;0;POINT (13.31255798 52.41948724)
5;2020;7;6;3;2;5;3;0;0;1;0;0;0;0;0;POINT (13.18177141 52.55247726)
5;2020;7;15;2;3;5;7;0;1;1;0;0;0;0;0;POINT (13.19758983 52.52358574)
9;2020;7;17;2;2;0;1;0;1;0;0;0;0;0;0;POINT (13.48349832 52.48003689)
2;2020;7;23;1;2;5;2;2;0;1;0;1;0;0;0;POINT (13.38592953 52.48503189)
1;2020;7;15;6;3;5;3;0;1;1;0;0;0;0;0;POINT (13.37700697 52.50851607)
11;2020;7;14;1;3;5;2;0;1;1;0;0;0;0;0;POINT (13.50396698 52.55271381)
1;2020;7;15;4;3;1;5;0;0;1;0;0;0;0;1;POINT (13.41668768 52.51965266)
11;2020;7;17;2;2;5;3;0;1;1;0;0;0;0;0;POINT (13.48879585 52.49516318)
2;2020;7;17;1;3;1;5;0;1;1;0;0;0;0;0;POINT (13.43558412 52.50785654)
4;2020;7;18;3;2;0;7;0;1;0;0;0;0;0;0;POINT (13.32962613 52.50756578)
4;2020;7;16;3;3;5;2;0;1;1;0;0;0;0;1;POINT (13.32641347 52.48645535)
5;2020;7;17;2;3;2;2;0;0;0;0;1;0;1;0;POINT (13.15277416 52.45928209)
4;2020;7;18;1;3;2;6;0;0;1;0;0;0;0;0;POINT (13.31265133 52.50050013)
4;2020;7;22;3;3;0;1;2;0;1;0;1;0;0;1;POINT (13.33512666 52.50441485)
1;2020;7;0;3;3;0;1;2;1;0;0;0;0;0;0;POINT (13.40321238 52.52479456)
6;2020;7;14;6;3;2;6;0;1;1;0;0;0;0;0;POINT (13.18410019 52.42395902)
1;2020;7;22;2;1;6;4;2;0;1;1;0;0;0;0;POINT (13.3785813 52.5504094)
9;2020;7;14;2;3;2;6;0;0;1;0;0;0;0;0;POINT (13.62506511 52.45376915)
3;2020;7;14;6;3;3;6;0;1;0;0;0;0;0;0;POINT (13.41331515 52.5467521)
3;2020;7;19;1;3;5;3;0;0;1;0;0;0;0;0;POINT (13.49146321 52.61493998)
1;2020;7;21;1;3;2;2;2;1;1;0;0;0;0;0;POINT (13.38692737 52.52713281)
2;2020;7;10;6;3;2;6;0;0;1;0;0;0;0;0;POINT (13.42189658 52.49903968)
10;2020;7;13;4;3;0;3;0;0;0;0;0;0;1;1;POINT (13.52169694 52.52591163)
10;2020;7;16;1;3;7;7;0;1;0;0;0;0;0;0;POINT (13.54735599 52.50081623)
3;2020;7;18;1;3;5;3;0;1;0;0;0;0;0;0;POINT (13.41655553 52.54494962)
4;2020;7;16;3;3;2;2;0;0;1;0;0;0;0;0;POINT (13.30084384 52.47404032)
2;2020;7;15;3;3;5;3;0;1;1;0;0;0;0;1;POINT (13.41028293 52.50378743)
11;2020;7;11;1;3;5;3;0;0;1;0;0;0;1;0;POINT (13.51614073 52.55189216)
1;2020;7;9;2;3;1;5;0;1;1;0;0;0;0;0;POINT (13.40320779 52.53382458)
6;2020;7;9;6;3;1;5;0;1;1;0;0;0;0;0;POINT (13.33171379 52.44686466)
8;2020;7;7;1;2;6;2;0;0;1;1;0;0;0;0;POINT (13.43297385 52.46455634)
12;2020;7;21;1;3;5;2;0;1;1;0;0;0;0;0;POINT (13.3646124 52.56270719)
12;2020;7;10;2;3;0;2;0;1;1;0;0;0;0;0;POINT (13.32968683 52.56924349)
4;2020;7;19;6;2;5;3;0;1;1;0;0;0;0;0;POINT (13.31696608 52.49139925)
11;2020;7;22;1;3;6;4;2;0;1;1;0;0;0;0;POINT (13.50017154 52.56136327)
4;2020;7;11;1;2;6;7;0;0;0;1;0;0;1;0;POINT (13.29386907 52.48833627)
3;2020;7;18;6;2;2;7;0;0;1;0;0;0;0;1;POINT (13.41172553 52.58232318)
6;2020;7;11;4;3;5;2;0;1;1;0;0;0;0;0;POINT (13.32665167 52.42775573)
7;2020;7;19;1;3;2;6;0;0;1;0;0;0;0;1;POINT (13.39465977 52.48392833)
6;2020;7;19;1;3;5;2;0;0;1;0;0;0;0;0;POINT (13.34573302 52.43628435)
4;2020;7;15;3;3;5;2;0;0;1;0;0;0;0;0;POINT (13.32624285 52.53802588)
12;2020;7;12;3;2;5;2;0;0;1;0;1;0;0;1;POINT (13.3222235 52.60882209)
5;2020;7;19;1;2;2;6;0;0;1;0;1;0;0;0;POINT (13.19848098 52.53318619)
4;2020;7;7;2;3;0;1;0;1;0;0;0;0;0;0;POINT (13.31478587 52.49011291)
1;2020;7;15;6;2;0;1;0;1;0;0;0;0;0;0;POINT (13.39831463 52.53253942)
9;2020;7;13;1;3;2;6;0;0;1;0;0;0;0;0;POINT (13.57211496 52.4444389)
5;2020;7;19;1;3;2;7;0;0;1;0;0;0;0;0;POINT (13.14297249 52.52942203)
10;2020;7;17;1;3;2;5;0;0;1;0;0;0;0;0;POINT (13.5572094 52.55684914)
5;2020;7;20;5;3;2;6;0;0;1;0;0;0;0;0;POINT (13.2079436 52.55926512)
7;2020;7;22;4;3;0;3;2;0;1;0;1;0;0;1;POINT (13.32849146 52.46892658)
2;2020;7;8;1;3;2;2;0;1;1;0;0;0;0;0;POINT (13.46497781 52.51640642)
2;2020;7;17;5;2;6;2;0;0;1;1;0;0;0;0;POINT (13.39449206 52.50696769)
1;2020;7;10;4;3;1;5;0;1;1;0;0;0;0;0;POINT (13.35218506 52.53538773)
4;2020;7;18;1;3;5;2;0;0;1;0;1;0;0;0;POINT (13.31796331 52.49539062)
1;2020;7;14;3;3;5;2;0;1;1;0;0;0;0;0;POINT (13.38392779 52.55575262)
6;2020;7;8;3;3;5;3;0;0;1;0;0;0;0;1;POINT (13.30485604 52.44862588)
6;2020;7;18;1;3;5;2;0;0;1;0;1;0;0;0;POINT (13.29489165 52.43259784)
6;2020;7;20;2;2;0;1;0;0;0;0;1;0;0;0;POINT (13.21991648 52.43189044)
12;2020;7;16;5;3;2;6;0;0;1;0;0;0;0;1;POINT (13.32964569 52.56303488)
8;2020;7;12;1;2;2;2;0;0;1;0;0;0;1;0;POINT (13.45216316 52.45253274)
6;2020;7;17;4;3;2;2;0;0;1;0;0;0;1;1;POINT (13.35874476 52.43721157)
3;2020;7;16;1;3;5;2;0;1;0;0;0;0;0;1;POINT (13.42797194 52.54549361)
6;2020;7;19;1;3;5;3;0;0;1;0;1;0;0;0;POINT (13.3206777 52.46430575)
8;2020;7;10;3;3;1;5;0;1;1;0;0;0;0;0;POINT (13.45143209 52.47182958)
9;2020;7;19;3;3;5;3;0;1;1;0;0;0;0;1;POINT (13.57834205 52.44391848)
8;2020;7;20;1;3;0;3;1;1;1;0;0;0;0;0;POINT (13.44787005 52.48275967)
4;2020;7;8;3;3;5;3;0;1;1;0;0;0;0;0;POINT (13.31999928 52.47434706)
4;2020;7;15;2;3;0;1;0;1;1;0;0;0;0;0;POINT (13.29780008 52.49985494)
5;2020;7;17;1;3;0;6;0;0;1;0;0;0;1;0;POINT (13.18566452 52.53422321)
2;2020;7;9;3;3;0;1;0;1;0;0;0;0;0;0;POINT (13.4089362 52.4983685)
1;2020;7;13;2;3;5;3;0;1;1;0;0;0;0;0;POINT (13.41001385 52.5245037)
9;2020;7;17;1;2;0;1;0;1;0;0;0;0;0;1;POINT (13.57397119 52.444463)
5;2020;7;17;2;2;5;3;0;1;1;0;0;0;0;0;POINT (13.20982338 52.57933664)
9;2020;7;15;5;3;2;6;0;0;1;0;0;0;1;1;POINT (13.52022789 52.47386353)
4;2020;7;10;1;2;2;2;0;1;1;0;0;0;0;0;POINT (13.27159946 52.47993025)
8;2020;7;16;4;2;6;4;0;0;1;1;0;0;0;1;POINT (13.47340307 52.43788218)
9;2020;7;17;1;3;5;3;0;1;1;0;0;0;0;1;POINT (13.57198393 52.42555903)
12;2020;7;20;3;3;0;7;0;0;0;0;1;0;0;0;POINT (13.26077059 52.57271213)
11;2020;7;17;3;3;2;6;0;0;1;0;0;0;0;1;POINT (13.50322272 52.55382958)
9;2020;7;15;5;2;5;2;0;1;1;0;0;0;0;0;POINT (13.55189388 52.45603824)
3;2020;7;17;1;3;0;3;0;0;1;0;0;0;1;0;POINT (13.48443457 52.55628063)
8;2020;7;12;2;3;2;6;0;1;0;0;0;0;1;0;POINT (13.4256196 52.4637432)
1;2020;7;15;5;3;5;2;0;1;1;0;0;0;0;1;POINT (13.37725917 52.52219825)
1;2020;7;16;1;3;1;5;0;1;1;0;0;0;0;0;POINT (13.40174885 52.50991401)
10;2020;7;6;1;3;5;3;0;0;1;0;0;0;1;0;POINT (13.57540541 52.48897094)
3;2020;7;15;5;3;5;3;0;0;1;0;0;0;0;1;POINT (13.48303702 52.61186935)
2;2020;7;12;4;2;0;1;0;0;0;0;1;0;0;1;POINT (13.46409871 52.51031567)
9;2020;7;16;1;2;6;4;0;1;0;1;0;0;0;0;POINT (13.57442112 52.44433921)
11;2020;7;17;1;3;5;2;0;1;1;0;0;0;0;0;POINT (13.50921576 52.5465169)
11;2020;7;16;3;3;5;2;0;0;1;0;0;0;1;0;POINT (13.50556763 52.53482705)
8;2020;7;18;1;3;0;7;0;0;1;0;0;0;1;0;POINT (13.43423064 52.44285208)
5;2020;7;15;5;3;6;2;0;0;1;1;0;0;0;0;POINT (13.20090486 52.53866525)
2;2020;7;14;4;3;2;1;0;0;1;0;0;0;0;1;POINT (13.43558724 52.49161612)
9;2020;7;13;1;3;0;1;0;1;0;0;0;0;1;0;POINT (13.65790955 52.41442711)
2;2020;7;18;3;3;0;1;0;1;0;0;0;0;0;0;POINT (13.44898663 52.50840368)
4;2020;7;15;3;3;0;3;0;1;1;0;0;0;0;1;POINT (13.29275839 52.50682902)
1;2020;7;16;1;3;6;4;0;1;0;1;0;0;0;0;POINT (13.37902606 52.50714312)
1;2020;7;10;2;2;5;3;0;1;0;0;0;0;0;0;POINT (13.37997365 52.52895081)
4;2020;7;15;5;3;2;6;0;0;1;0;1;0;0;1;POINT (13.26762253 52.51207007)
4;2020;7;16;1;3;5;3;0;1;0;0;0;0;0;0;POINT (13.32322272 52.51802896)
4;2020;7;9;1;3;1;5;0;1;1;0;0;0;0;0;POINT (13.29048587 52.47438516)
8;2020;7;13;5;3;1;5;0;1;0;0;1;0;0;0;POINT (13.44779589 52.45236214)
7;2020;7;10;4;2;5;2;0;0;1;0;0;0;1;0;POINT (13.36680238 52.44966106)
11;2020;7;16;1;3;5;2;0;1;1;0;0;0;0;0;POINT (13.49165416 52.50324766)
4;2020;7;14;3;3;0;7;0;0;0;0;1;0;0;1;POINT (13.26979578 52.52849592)
3;2020;7;11;3;3;5;2;0;0;1;0;0;0;0;1;POINT (13.42914799 52.55634855)
12;2020;7;15;1;2;6;4;0;0;1;1;0;0;0;0;POINT (13.36700693 52.56393724)
1;2020;7;23;2;2;0;1;2;0;0;0;0;0;1;0;POINT (13.41695125 52.52396031)
1;2020;7;14;5;3;1;6;0;1;1;0;0;0;0;1;POINT (13.38025202 52.52269367)
7;2020;7;14;3;3;5;2;0;0;1;0;0;0;0;1;POINT (13.39737635 52.42393194)
7;2020;7;15;1;3;5;7;0;0;1;0;0;0;0;0;POINT (13.39270705 52.45297284)
2;2020;7;8;2;3;0;7;0;1;0;0;0;0;0;0;POINT (13.44905162 52.51793608)
10;2020;7;14;5;3;6;4;0;0;1;1;0;0;0;1;POINT (13.59306224 52.51559715)
7;2020;7;14;1;3;0;3;0;0;1;0;1;0;0;0;POINT (13.42203925 52.46263842)
1;2020;7;8;1;2;5;5;0;0;1;0;1;0;0;0;POINT (13.38800515 52.55302052)
1;2020;7;13;5;3;2;6;0;0;1;0;0;0;0;1;POINT (13.34081726 52.50514972)
1;2020;7;9;4;2;0;1;0;0;0;0;0;0;1;0;POINT (13.39208425 52.50869925)
11;2020;7;11;1;3;5;2;0;0;1;0;0;0;0;0;POINT (13.5205921 52.56851007)
9;2020;7;16;1;3;3;6;0;1;0;0;0;0;1;0;POINT (13.47364265 52.47492229)
1;2020;7;11;3;3;0;6;0;0;1;0;1;0;0;0;POINT (13.33346705 52.54423775)
5;2020;7;5;3;2;5;3;1;0;1;0;1;0;0;0;POINT (13.186836 52.55114584)
4;2020;7;11;1;3;0;7;0;0;1;0;1;0;0;0;POINT (13.30876598 52.50587107)
9;2020;7;18;2;3;6;4;0;0;1;1;0;0;0;0;POINT (13.55280552 52.43962333)
10;2020;7;14;5;3;2;6;0;0;1;0;0;0;0;1;POINT (13.51900063 52.51620936)
11;2020;7;23;7;3;1;5;2;1;1;0;0;0;0;0;POINT (13.47311874 52.50182459)
1;2020;7;17;4;3;0;5;0;0;1;0;1;0;0;1;POINT (13.34839961 52.54162838)
6;2020;7;14;1;3;5;3;0;1;0;0;0;0;1;0;POINT (13.2944162 52.44899577)
2;2020;7;23;3;3;5;7;2;0;1;0;0;0;0;1;POINT (13.39306694 52.50687387)
5;2020;7;23;7;3;2;6;2;0;1;0;1;0;0;0;POINT (13.15937601 52.55227228)
7;2020;7;11;4;3;5;2;0;1;1;0;0;0;0;0;POINT (13.34807098 52.41477774)
2;2020;7;13;1;3;5;3;0;0;1;0;0;0;0;0;POINT (13.39275554 52.49198659)
4;2020;7;17;1;3;3;6;0;1;0;0;0;0;0;0;POINT (13.32046108 52.48557429)
2;2020;7;19;4;3;0;7;0;0;0;0;1;0;0;1;POINT (13.42106542 52.49616057)
4;2020;7;9;3;2;2;6;0;0;1;0;0;0;0;0;POINT (13.29754241 52.5194401)
1;2020;7;15;2;2;5;3;0;1;0;0;0;0;1;0;POINT (13.35679132 52.52375128)
3;2020;7;10;1;3;0;4;0;0;0;1;0;0;1;0;POINT (13.45703635 52.56090669)
5;2020;7;17;2;3;5;2;0;0;1;0;0;1;0;0;POINT (13.23218252 52.54064797)
10;2020;7;11;5;3;6;7;0;0;1;1;0;0;0;0;POINT (13.60946941 52.53328623)
4;2020;7;22;7;3;5;2;2;1;1;0;0;0;0;0;POINT (13.31429389 52.49025034)
1;2020;7;15;4;3;0;6;0;0;0;0;1;0;1;1;POINT (13.3916918 52.55541045)
6;2020;7;10;1;3;1;5;0;0;1;0;0;0;0;0;POINT (13.34229541 52.434626)
2;2020;7;18;3;3;5;2;0;1;1;0;0;0;0;0;POINT (13.37670923 52.48935133)
4;2020;7;16;3;3;6;4;0;1;0;1;0;0;0;1;POINT (13.31885153 52.50608118)
8;2020;7;9;1;3;5;2;0;1;1;0;0;0;0;0;POINT (13.43663126 52.47990749)
12;2020;7;11;2;3;5;3;0;0;1;0;0;0;0;0;POINT (13.326803 52.5756843)
4;2020;7;11;5;3;2;6;0;0;1;0;1;0;0;1;POINT (13.29975654 52.51926174)
11;2020;7;11;3;3;2;6;0;0;1;0;0;0;0;1;POINT (13.51877665 52.50981283)
6;2020;7;9;5;3;6;2;0;0;0;1;0;0;1;1;POINT (13.34560976 52.43619309)
6;2020;7;21;3;3;0;1;0;0;1;0;0;0;0;0;POINT (13.33755927 52.44980986)
1;2020;7;14;2;3;3;2;0;1;1;0;0;0;0;0;POINT (13.38686199 52.53136238)
1;2020;7;9;5;3;5;3;0;0;1;0;0;0;0;1;POINT (13.38404547 52.55576027)
8;2020;7;9;1;3;5;3;0;0;1;0;0;0;0;0;POINT (13.43871233 52.46527743)
4;2020;7;22;1;3;5;3;2;1;1;0;0;0;0;0;POINT (13.32502017 52.50007598)
12;2020;7;8;5;3;5;3;0;1;1;0;0;0;0;1;POINT (13.28660397 52.59130141)
9;2020;7;13;4;2;2;6;0;0;1;0;1;0;0;1;POINT (13.51822032 52.4534287)
8;2020;7;8;1;3;5;3;0;0;1;0;1;0;0;0;POINT (13.45225499 52.47099896)
4;2020;7;17;3;3;5;2;0;1;1;0;0;0;0;0;POINT (13.32388395 52.4953183)
9;2020;7;15;3;3;5;2;0;0;1;0;0;0;1;1;POINT (13.47807671 52.45478503)
3;2020;7;13;1;3;5;7;0;1;1;0;0;0;0;0;POINT (13.42085781 52.54535531)
6;2020;7;9;2;3;2;6;0;1;1;0;0;0;0;0;POINT (13.33189397 52.44237798)
7;2020;7;8;5;3;5;3;0;1;1;0;0;0;0;1;POINT (13.3451951 52.48262112)
2;2020;7;13;1;3;0;1;0;1;0;0;0;0;0;0;POINT (13.45204199 52.52775416)
4;2020;7;8;1;3;5;7;0;1;1;0;0;0;0;0;POINT (13.2904628 52.49229026)
7;2020;7;8;5;3;5;3;0;1;1;0;0;0;0;1;POINT (13.38886073 52.3885804)
3;2020;7;4;4;3;1;7;1;0;1;0;0;0;0;0;POINT (13.45193375 52.5632155)
9;2020;7;12;1;3;1;5;0;1;1;0;0;0;0;0;POINT (13.63520247 52.45348669)
10;2020;7;12;1;3;5;3;0;0;1;0;0;0;0;0;POINT (13.53974611 52.53982238)
1;2020;7;10;1;3;0;6;0;1;1;0;0;0;0;0;POINT (13.3433402 52.52710946)
3;2020;7;6;5;2;0;7;0;0;1;0;1;0;0;1;POINT (13.4416345 52.55483221)
9;2020;7;11;4;3;3;6;0;0;1;0;0;1;0;0;POINT (13.50624805 52.47156097)
7;2020;7;8;1;3;5;2;0;1;1;0;0;0;0;0;POINT (13.33900603 52.49228588)
2;2020;7;15;3;3;5;3;0;1;1;0;0;0;0;0;POINT (13.42881853 52.51545505)
9;2020;7;12;3;2;4;6;0;0;1;0;0;0;0;0;POINT (13.68753721 52.40689402)
1;2020;7;7;1;3;0;7;0;0;0;0;1;0;0;1;POINT (13.40303256 52.5213563)
9;2020;7;7;2;3;5;3;0;1;1;0;0;0;0;0;POINT (13.48845687 52.45133217)
3;2020;7;5;5;3;2;1;0;0;1;0;0;0;0;1;POINT (13.40816453 52.54132577)
5;2020;7;7;1;3;5;2;0;1;0;0;0;1;0;0;POINT (13.23670547 52.53896399)
1;2020;7;0;1;3;6;2;2;0;1;1;0;0;0;0;POINT (13.40108467 52.52965436)
4;2020;7;17;4;3;5;5;0;1;1;0;0;0;0;0;POINT (13.32305315 52.49060229)
5;2020;7;7;4;3;5;3;0;0;1;0;1;0;0;0;POINT (13.2136077 52.57543414)
10;2020;7;10;3;3;2;6;0;0;1;0;0;0;0;0;POINT (13.56160615 52.50693782)
9;2020;7;15;2;3;2;6;0;0;1;0;0;0;0;0;POINT (13.51068384 52.46413044)
5;2020;7;14;3;3;2;6;0;0;1;0;0;0;0;0;POINT (13.19960811 52.53503865)
9;2020;7;9;3;3;5;3;0;1;1;0;0;0;0;1;POINT (13.51196312 52.47069823)
2;2020;7;7;1;3;5;3;0;1;1;0;0;0;0;0;POINT (13.39549612 52.49895473)
2;2020;7;21;2;3;2;6;1;1;1;0;0;0;0;0;POINT (13.47178656 52.50777073)
8;2020;7;16;4;2;5;3;0;1;1;0;0;0;0;1;POINT (13.43866264 52.48073371)
8;2020;7;16;7;3;0;5;0;0;1;0;1;0;0;0;POINT (13.42463617 52.48420444)
12;2020;7;18;4;3;2;6;0;0;1;0;0;0;1;1;POINT (13.28537693 52.59511901)
6;2020;7;5;1;3;5;3;0;0;1;0;0;0;0;0;POINT (13.26034477 52.41227499)
4;2020;7;17;1;3;5;7;0;0;1;0;1;0;0;0;POINT (13.29701059 52.49805583)
7;2020;7;16;1;2;5;2;0;0;1;0;0;0;0;0;POINT (13.34905018 52.4894377)
4;2020;7;15;3;3;6;2;0;0;1;1;0;0;0;0;POINT (13.32319141 52.51081429)
8;2020;7;16;1;3;3;6;0;1;1;0;0;0;0;0;POINT (13.47217229 52.42579589)
2;2020;7;5;3;3;0;1;0;0;0;0;1;0;0;0;POINT (13.39428164 52.50695433)
6;2020;7;15;2;3;2;6;0;0;1;0;0;0;0;0;POINT (13.29923336 52.45430952)
4;2020;7;22;7;3;0;7;2;0;1;0;1;0;0;1;POINT (13.29737255 52.49810419)
1;2020;7;15;1;3;4;6;0;1;0;0;0;0;0;0;POINT (13.42733065 52.50631675)
4;2020;7;14;4;3;0;1;0;1;0;0;0;0;0;1;POINT (13.3041531 52.51827734)
5;2020;7;15;4;3;0;1;0;0;0;0;1;0;0;1;POINT (13.24773708 52.5385247)
6;2020;7;20;7;2;0;1;0;0;0;0;1;0;0;0;POINT (13.3590367 52.44618588)
3;2020;7;16;2;3;3;6;0;1;0;0;0;0;1;0;POINT (13.4237089 52.54361939)
4;2020;7;18;5;3;3;5;0;1;1;0;0;0;0;0;POINT (13.33015186 52.5005012)
11;2020;7;10;5;3;5;2;0;1;1;0;0;0;0;0;POINT (13.46471375 52.52443995)
5;2020;7;20;5;3;0;6;1;0;1;0;1;0;0;0;POINT (13.22059394 52.54932378)
1;2020;7;12;1;3;5;5;0;1;1;0;0;0;0;0;POINT (13.39029632 52.51570736)
6;2020;7;9;5;3;0;4;0;0;0;1;0;0;1;0;POINT (13.34440747 52.43802211)
8;2020;7;18;7;3;5;3;0;1;1;0;0;0;0;1;POINT (13.44385845 52.45674661)
6;2020;7;18;7;3;1;6;0;1;1;0;0;0;1;0;POINT (13.31259629 52.45970969)
12;2020;7;9;5;3;5;2;0;1;1;0;0;0;0;0;POINT (13.37349981 52.56429162)
10;2020;7;8;3;3;0;5;0;0;1;0;0;0;0;0;POINT (13.55622098 52.52146331)
4;2020;7;17;6;3;5;3;0;1;1;0;0;0;0;0;POINT (13.29706524 52.51345316)