bez;ujahr;umonat;ustunde;uwochentag;ukategorie;uart;utyp1;ulichtverh;istrad;istpkw;istfuss;istkrad;istgkfz;istsonstige;ustrzustand;geometry
7;2020;7;8;5;3;5;2;0;1;1;0;0;0;0;0;POINT (13.38448334 52.47157156)
5;2020;7;11;2;3;5;2;0;0;1;0;1;0;0;0;POINT (13.1796475 52.5531425)
8;2020;7;14;5;3;2;7;0;0;0;0;1;0;1;0;POINT (13.42908489 52.4853926)
2;2020;7;0;5;3;0;2;2;1;0;0;0;0;1;0;POINT (13.43673371 52.52349643)
8;2020;7;11;1;3;0;2;0;1;0;0;0;0;1;0;POINT (13.44024833 52.4817121)
6;2020;7;17;4;3;2;6;0;0;1;0;0;0;0;0;POINT (13.35349298 52.44707369)
9;2020;7;6;4;2;0;3;0;1;0;0;0;0;0;1;POINT (13.57498327 52.44449194)
9;2020;7;20;7;3;0;1;1;0;0;0;1;0;0;1;POINT (13.57631661 52.45467561)
4;2020;7;20;6;3;3;6;0;0;1;0;0;0;0;0;POINT (13.32625577 52.53799833)
2;2020;7;13;2;3;5;2;0;0;0;0;1;0;1;0;POINT (13.43028689 52.49929709)
3;2020;7;18;4;2;6;4;0;0;1;1;0;0;0;0;POINT (13.40774237 52.5366802)
1;2020;7;13;7;3;0;2;0;1;1;0;0;0;0;1;POINT (13.33925836 52.52584907)
11;2020;7;17;7;3;5;3;0;1;1;0;0;0;0;0;POINT (13.49359304 52.54129422)
12;2020;7;12;2;3;2;6;0;0;1;0;0;0;0;0;POINT (13.28993886 52.58269005)
6;2020;7;13;6;2;3;6;0;1;0;0;0;0;0;0;POINT (13.18551031 52.43131944)
5;2020;7;16;4;3;1;5;0;1;1;0;0;0;0;0;POINT (13.17086764 52.54262707)
5;2020;7;10;2;2;5;3;0;0;1;0;1;0;0;0;POINT (13.19868104 52.54286146)
1;2020;7;2;5;3;1;5;2;0;1;0;0;0;0;0;POINT (13.38809411 52.55542001)
8;2020;7;12;4;3;2;7;0;0;1;0;0;0;1;0;POINT (13.44133366 52.46753986)
1;2020;7;16;1;3;5;2;0;1;1;0;0;0;0;1;POINT (13.38420998 52.50997128)
7;2020;7;16;4;3;2;2;0;1;1;0;0;0;0;0;POINT (13.4019875 52.44681433)
1;2020;7;20;3;3;5;2;0;0;1;0;0;0;0;0;POINT (13.36029855 52.53730643)
7;2020;7;18;7;3;3;6;0;0;0;0;1;0;1;1;POINT (13.33532344 52.47166688)
8;2020;7;17;6;3;5;3;0;1;1;0;0;0;0;0;POINT (13.45602066 52.4737862)
1;2020;7;19;2;3;5;2;0;1;1;0;0;0;0;0;POINT (13.38148209 52.5524052)
3;2020;7;18;5;2;4;6;0;1;0;0;0;0;0;0;POINT (13.44463306 52.54844115)
2;2020;7;12;4;3;2;6;0;0;1;0;0;0;0;1;POINT (13.40465802 52.50446805)
8;2020;7;20;5;3;5;3;0;0;1;0;1;0;0;0;POINT (13.43951964 52.4839475)
9;2020;7;7;2;3;5;3;0;1;1;0;0;0;0;0;POINT (13.57552526 52.44748231)
2;2020;7;13;5;3;5;3;0;1;1;0;0;0;0;0;POINT (13.42988888 52.49821581)
6;2020;7;15;4;3;1;5;0;1;1;0;0;0;0;1;POINT (13.32695502 52.43002618)
10;2020;7;10;6;3;5;2;0;1;1;0;0;0;0;0;POINT (13.5198472 52.52584343)
3;2020;7;15;4;3;6;4;0;0;1;1;0;0;0;0;POINT (13.44620807 52.54987477)
10;2020;7;15;2;3;5;2;0;1;1;0;0;0;0;0;POINT (13.53307461 52.52570149)
5;2020;7;21;5;2;0;7;2;1;0;0;0;0;0;0;POINT (13.13230243 52.45073036)
2;2020;7;14;4;3;5;3;0;1;0;0;0;0;1;0;POINT (13.45771902 52.51271422)
10;2020;7;14;1;3;0;2;0;0;1;0;1;0;0;0;POINT (13.54879143 52.55786985)
4;2020;7;18;3;2;1;5;0;1;1;0;0;0;0;0;POINT (13.33960903 52.50330292)
2;2020;7;22;6;3;0;1;2;0;0;0;1;0;0;0;POINT (13.45356431 52.51413556)
10;2020;7;11;6;3;5;2;0;0;1;0;0;0;1;0;POINT (13.57757095 52.54759755)
11;2020;7;18;2;2;0;1;0;1;0;0;0;0;0;0;POINT (13.50345882 52.53443974)
4;2020;7;15;5;3;1;5;0;1;1;0;0;0;0;0;POINT (13.3295434 52.47870839)
8;2020;7;14;4;3;5;2;0;0;1;0;1;0;0;0;POINT (13.42329063 52.4522039)
2;2020;7;7;5;3;4;6;0;1;0;0;0;0;0;0;POINT (13.38271311 52.50243397)
8;2020;7;17;1;3;1;5;0;1;1;0;0;0;0;0;POINT (13.43568609 52.48398678)
3;2020;7;3;5;3;0;1;2;1;0;0;0;0;0;1;POINT (13.44120406 52.54345911)
10;2020;7;21;7;3;5;2;2;1;1;0;0;0;0;1;POINT (13.59994663 52.47474188)
8;2020;7;3;7;3;1;5;2;1;1;0;0;0;0;0;POINT (13.4811765 52.43275134)
2;2020;7;14;4;3;5;3;0;1;1;0;0;0;0;0;POINT (13.45057923 52.51800399)
2;2020;7;10;3;3;5;2;0;1;1;0;0;0;0;0;POINT (13.39442588 52.48822698)
6;2020;7;18;6;3;5;3;0;1;1;0;0;0;0;0;POINT (13.22482163 52.42867995)
5;2020;7;13;1;3;2;6;0;0;1;0;0;1;0;0;POINT (13.24687654 52.53810539)
2;2020;7;1;7;3;1;5;2;0;1;0;0;0;0;1;POINT (13.42759646 52.50071009)
8;2020;7;16;3;3;1;7;0;0;1;0;0;0;0;0;POINT (13.45029192 52.47770392)
11;2020;7;19;6;3;5;2;0;1;1;0;0;0;0;0;POINT (13.48076713 52.49919317)
11;2020;7;17;2;3;5;3;0;1;1;0;0;0;0;0;POINT (13.52193729 52.5540919)
1;2020;7;16;5;3;1;5;0;1;1;0;0;0;0;0;POINT (13.36653605 52.55688756)
2;2020;7;13;4;2;0;1;0;1;0;0;0;0;0;1;POINT (13.44190616 52.52544641)
3;2020;7;14;5;2;6;2;0;0;1;1;0;0;0;1;POINT (13.40169972 52.58732752)
10;2020;7;12;1;2;0;7;0;1;0;0;0;0;0;0;POINT (13.58147966 52.50472581)
1;2020;7;16;4;3;0;1;0;1;0;0;0;0;0;0;POINT (13.33024443 52.53952018)
7;2020;7;16;7;3;3;6;0;0;1;0;0;0;0;0;POINT (13.34625478 52.49651794)
6;2020;7;18;7;2;5;7;0;1;1;0;0;0;0;0;POINT (13.19851593 52.43542646)
3;2020;7;13;4;3;0;3;0;1;1;0;0;0;0;0;POINT (13.40541685 52.54703112)
1;2020;7;6;3;3;2;6;0;0;0;0;0;0;1;0;POINT (13.38628842 52.5313795)
12;2020;7;16;6;3;0;3;0;1;1;0;0;0;0;0;POINT (13.36263953 52.56658555)
1;2020;7;13;4;3;6;4;0;1;0;1;0;0;0;0;POINT (13.37897612 52.52627483)
8;2020;7;10;2;3;2;6;0;0;1;0;1;0;0;0;POINT (13.45605848 52.43435055)
1;2020;7;13;5;3;2;2;0;0;1;0;1;0;1;0;POINT (13.33647346 52.54210253)
9;2020;7;13;4;3;2;6;0;0;0;0;1;0;1;0;POINT (13.58051288 52.44302433)
1;2020;7;12;4;3;1;5;0;1;0;0;0;1;0;0;POINT (13.39011363 52.50911122)
1;2020;7;12;2;3;5;3;0;0;1;0;1;0;0;0;POINT (13.3521279 52.50554092)
12;2020;7;15;5;2;5;5;0;0;1;0;1;0;0;0;POINT (13.34295592 52.57342171)
1;2020;7;11;4;3;0;6;0;1;0;0;1;0;0;1;POINT (13.39059421 52.53183989)
7;2020;7;16;1;3;6;7;0;0;1;1;0;0;0;0;POINT (13.38469551 52.44676274)
6;2020;7;19;4;2;5;2;0;1;1;0;0;0;0;0;POINT (13.2239487 52.42969813)
8;2020;7;18;4;3;5;3;0;1;1;0;0;0;0;0;POINT (13.43533027 52.4254689)
1;2020;7;14;4;3;2;7;0;1;1;0;0;0;0;0;POINT (13.40171806 52.52896008)
3;2020;7;10;7;3;1;7;0;0;1;0;0;0;0;0;POINT (13.4522531 52.54746128)
12;2020;7;13;7;3;2;6;0;1;0;0;0;0;0;0;POINT (13.30523515 52.55374168)
6;2020;7;14;2;3;2;6;0;0;1;0;0;0;0;0;POINT (13.25799444 52.4363541)
7;2020;7;12;6;2;3;6;0;1;1;0;0;0;0;0;POINT (13.37047452 52.46850021)
8;2020;7;11;4;2;5;2;0;0;0;0;0;0;1;0;POINT (13.44809993 52.4777929)
9;2020;7;9;2;3;5;3;0;0;1;0;0;0;0;0;POINT (13.59598177 52.43221988)
2;2020;7;1;5;3;0;1;2;1;0;0;0;0;0;0;POINT (13.44935494 52.50608487)
7;2020;7;11;4;3;5;7;0;0;1;0;0;0;0;0;POINT (13.34986784 52.50043221)
9;2020;7;15;1;3;1;5;0;1;1;0;0;0;0;0;POINT (13.53525036 52.42248575)
1;2020;7;15;4;2;3;6;0;1;0;0;0;0;0;0;POINT (13.34370609 52.52634284)
8;2020;7;19;3;3;2;6;0;0;1;0;0;0;0;0;POINT (13.4337774 52.44399142)
2;2020;7;19;6;3;2;6;0;0;1;0;0;0;0;0;POINT (13.42299377 52.50010795)
6;2020;7;14;6;3;0;2;0;1;1;0;0;0;0;0;POINT (13.14774305 52.41820189)
11;2020;7;8;1;3;2;2;0;0;1;0;0;0;1;0;POINT (13.54952372 52.56877669)
3;2020;7;16;4;3;2;6;0;0;1;0;0;0;1;0;POINT (13.43771374 52.57024381)
7;2020;7;20;3;3;5;2;1;0;1;0;0;0;0;0;POINT (13.34627672 52.50107765)
6;2020;7;19;7;3;0;7;0;0;0;0;1;0;0;1;POINT (13.26715351 52.41040889)
2;2020;7;20;6;2;5;3;0;1;0;0;0;0;1;0;POINT (13.44398272 52.5001397)
2;2020;7;23;2;3;6;4;2;1;0;1;0;0;0;0;POINT (13.38753981 52.49306899)
6;2020;7;4;6;3;1;5;2;0;1;0;1;0;0;0;POINT (13.33087084 52.45271588)
12;2020;7;11;4;2;5;2;0;1;1;0;0;0;0;0;POINT (13.32423092 52.56495)
5;2020;7;8;2;3;6;4;0;1;0;1;0;0;0;0;POINT (13.19697551 52.53121681)
4;2020;7;20;5;2;0;1;1;0;0;0;0;0;1;0;POINT (13.31766225 52.50601269)
6;2020;7;11;4;3;4;6;0;1;1;0;0;0;0;1;POINT (13.3276139 52.46310382)
7;2020;7;13;1;3;5;3;0;0;1;0;1;0;0;0;POINT (13.34606956 52.49882551)
9;2020;7;12;1;3;3;2;0;0;1;0;0;1;0;0;POINT (13.46098489 52.45424406)
8;2020;7;17;3;3;0;1;0;1;0;0;0;0;0;0;POINT (13.43849825 52.47346335)
3;2020;7;19;6;3;2;7;0;0;1;0;0;0;0;0;POINT (13.4547224 52.5929005)
1;2020;7;18;2;3;0;6;0;1;1;0;0;0;0;0;POINT (13.35719326 52.53584868)
1;2020;7;18;5;3;0;7;0;1;1;0;0;0;0;0;POINT (13.37979846 52.53646191)
4;2020;7;11;4;3;5;3;0;1;0;0;0;0;1;2;POINT (13.29012946 52.49692972)
1;2020;7;5;5;2;6;4;0;1;0;1;0;0;0;0;POINT (13.35933161 52.54658806)
2;2020;7;19;2;3;0;7;0;0;1;0;1;0;0;0;POINT (13.44717951 52.49825435)
8;2020;7;13;5;3;2;6;0;0;1;0;0;0;0;0;POINT (13.45401586 52.42362299)
6;2020;7;10;4;2;0;6;0;0;1;0;0;0;1;0;POINT (13.34451695 52.4378759)
8;2020;7;15;5;3;6;4;0;1;0;1;0;0;0;0;POINT (13.424944 52.48131515)
1;2020;7;6;2;2;6;2;0;0;1;1;0;0;0;0;POINT (13.41572271 52.52670818)
6;2020;7;12;5;2;5;7;0;0;1;0;1;0;0;0;POINT (13.31389536 52.41988887)
4;2020;7;21;7;2;5;3;2;0;1;0;0;0;0;0;POINT (13.31762764 52.51401865)
10;2020;7;11;7;3;6;4;0;0;1;1;0;0;0;0;POINT (13.55699193 52.52497842)
12;2020;7;11;6;3;5;2;0;0;1;0;1;0;0;0;POINT (13.32990627 52.56925845)
12;2020;7;14;3;3;3;6;0;0;1;0;0;1;0;0;POINT (13.32549527 52.56133872)
3;2020;7;19;6;3;6;4;0;1;0;1;0;0;0;0;POINT (13.42335339 52.55108907)
3;2020;7;16;2;2;5;3;0;0;1;0;1;0;0;0;POINT (13.44079234 52.59135117)
8;2020;7;16;5;3;2;6;0;0;1;0;0;0;0;0;POINT (13.44217221 52.42519526)
7;2020;7;8;4;3;5;2;0;0;1;0;0;0;0;0;POINT (13.33251376 52.4689854)
8;2020;7;17;5;3;5;3;0;0;1;0;0;0;1;0;POINT (13.47263875 52.46114451)
1;2020;7;16;1;3;1;7;0;1;1;1;0;0;0;1;POINT (13.38744042 52.55547255)
2;2020;7;23;4;3;5;2;2;1;1;0;0;0;0;0;POINT (13.43034003 52.49929129)
12;2020;7;3;6;3;1;7;2;0;1;0;0;0;0;0;POINT (13.36733058 52.57307776)
9;2020;7;14;7;3;5;2;0;0;1;0;0;0;0;0;POINT (13.52668493 52.42879506)
2;2020;7;17;7;3;5;2;0;1;1;0;0;0;0;0;POINT (13.4388787 52.49494898)
12;2020;7;12;1;3;0;1;0;1;0;0;0;0;0;0;POINT (13.32328886 52.57574763)
4;2020;7;10;5;3;2;2;0;0;1;0;0;0;0;0;POINT (13.31283484 52.48038805)
12;2020;7;9;6;3;5;7;0;0;1;0;1;0;0;0;POINT (13.29166042 52.57552139)
4;2020;7;18;7;3;6;7;0;0;1;1;0;0;0;0;POINT (13.3158548 52.46714797)
9;2020;7;18;7;3;0;1;0;1;0;0;0;0;0;1;POINT (13.61644516 52.44677975)
1;2020;7;8;4;3;5;2;0;1;1;0;0;0;0;0;POINT (13.33985635 52.51894026)
9;2020;7;9;3;3;5;3;0;1;1;0;0;0;0;0;POINT (13.58172052 52.44035426)
12;2020;7;17;6;3;5;3;0;1;1;0;0;0;0;0;POINT (13.32405801 52.58768353)
1;2020;7;8;4;3;5;2;0;1;0;0;0;0;1;0;POINT (13.34492045 52.5391312)
4;2020;7;11;2;3;5;3;0;1;1;0;0;0;0;0;POINT (13.34052105 52.50433972)
8;2020;7;14;5;3;2;6;0;0;1;0;0;0;0;0;POINT (13.44164748 52.48102738)
9;2020;7;7;4;3;0;1;0;0;0;0;1;0;0;1;POINT (13.55905234 52.44673157)
7;2020;7;9;1;2;5;3;0;0;1;0;0;0;0;0;POINT (13.39645287 52.440055)
4;2020;7;17;4;3;5;2;0;0;1;0;1;0;0;0;POINT (13.28618531 52.52041919)
4;2020;7;8;6;2;6;2;0;0;1;1;0;0;0;0;POINT (13.29484017 52.53956692)
9;2020;7;10;4;3;6;4;0;0;1;1;0;0;0;0;POINT (13.47631444 52.4763103)
1;2020;7;6;7;2;5;3;0;0;1;0;0;0;0;0;POINT (13.39887381 52.53267363)
7;2020;7;21;6;2;5;3;1;0;1;0;0;0;1;0;POINT (13.36156319 52.41253737)
3;2020;7;12;2;3;4;6;0;1;1;0;0;0;0;0;POINT (13.47011954 52.57425086)
9;2020;7;10;6;3;5;3;0;1;1;0;0;0;0;0;POINT (13.54444635 52.41053112)
6;2020;7;7;4;2;5;3;0;0;1;0;1;0;0;1;POINT (13.25662578 52.42904685)
12;2020;7;16;2;2;5;3;0;1;0;0;1;0;0;0;POINT (13.28433092 52.59457883)
1;2020;7;22;3;2;0;1;2;1;0;0;0;0;0;0;POINT (13.36585941 52.52545622)
3;2020;7;15;6;2;3;6;0;1;1;0;0;0;0;0;POINT (13.43835985 52.56917794)
7;2020;7;7;4;3;1;5;0;1;0;0;0;1;0;1;POINT (13.35494184 52.49597073)
1;2020;7;10;2;3;5;3;0;1;1;0;0;0;0;0;POINT (13.41659564 52.52367558)
2;2020;7;3;5;2;0;7;2;0;1;0;0;0;0;0;POINT (13.44278722 52.49374045)
2;2020;7;7;4;3;5;2;0;1;1;0;0;0;0;1;POINT (13.38940923 52.49595803)
3;2020;7;1;1;3;0;7;2;1;1;0;0;0;0;0;POINT (13.40933667 52.53112564)
3;2020;7;16;4;3;5;2;0;1;1;0;0;0;0;0;POINT (13.41470647 52.55357167)
2;2020;7;5;6;3;5;3;0;1;1;0;0;0;0;0;POINT (13.41116737 52.50350744)
12;2020;7;20;3;2;0;1;0;1;0;0;0;0;0;0;POINT (13.30363574 52.63131956)
6;2020;7;19;7;3;2;6;0;0;1;0;0;0;0;1;POINT (13.25851103 52.43060165)
2;2020;7;18;6;3;1;1;0;1;1;0;0;0;0;0;POINT (13.46056165 52.51229061)
9;2020;7;20;2;3;5;3;0;0;1;0;0;0;0;0;POINT (13.51713858 52.46174288)
3;2020;7;1;6;2;0;1;2;1;0;0;0;0;0;0;POINT (13.42783592 52.57199236)
3;2020;7;5;4;3;5;3;0;1;0;0;0;0;1;1;POINT (13.43620696 52.592966)
6;2020;7;14;5;3;5;3;0;0;1;0;0;0;1;0;POINT (13.28690396 52.42248591)
10;2020;7;8;2;3;5;2;0;1;1;0;0;0;0;0;POINT (13.56168901 52.50421024)
8;2020;7;13;5;3;1;5;0;1;1;0;0;0;0;0;POINT (13.4308577 52.46827752)
4;2020;7;4;4;3;9;1;1;0;1;0;0;0;0;0;POINT (13.33650401 52.50412435)
2;2020;7;13;1;3;5;7;0;0;1;0;1;0;0;0;POINT (13.3876692 52.50335443)
8;2020;7;22;7;3;5;3;2;0;1;0;0;0;0;0;POINT (13.4352296 52.47054125)
2;2020;7;21;5;3;2;6;1;0;1;0;1;0;0;0;POINT (13.45730884 52.5129354)
4;2020;7;22;4;3;6;4;2;1;0;1;0;0;0;0;POINT (13.31371998 52.50636844)
9;2020;7;14;1;3;3;6;0;0;1;0;1;0;0;0;POINT (13.50835117 52.45235849)
10;2020;7;18;3;3;0;7;0;1;0;0;0;0;0;0;POINT (13.5811402 52.50389028)
4;2020;7;21;6;3;5;7;1;0;1;0;0;0;0;0;POINT (13.32432262 52.49754752)
10;2020;7;12;6;3;0;2;0;1;1;0;0;0;0;0;POINT (13.61235551 52.51127608)
9;2020;7;18;2;3;5;3;0;0;1;0;1;0;0;0;POINT (13.62096661 52.45604786)
1;2020;7;23;5;3;1;5;2;0;1;0;0;0;1;0;POINT (13.42327897 52.52403297)
1;2020;7;21;4;3;5;2;1;1;1;0;0;0;0;0;POINT (13.38043272 52.51812145)
3;2020;7;16;5;3;0;1;0;0;0;0;1;0;0;1;POINT (13.36986037 52.58935653)
10;2020;7;5;2;3;5;3;0;0;1;0;1;0;0;0;POINT (13.55407257 52.49265884)
12;2020;7;11;5;3;5;3;0;1;1;0;0;0;0;0;POINT (13.25206066 52.59984189)
4;2020;7;10;5;3;5;2;0;0;1;0;0;0;0;0;POINT (13.2582307 52.51818463)
9;2020;7;19;7;3;0;3;0;0;1;0;1;0;0;0;POINT (13.59077187 52.42343216)
1;2020;7;6;7;3;3;6;0;1;0;0;0;0;0;0;POINT (13.40975213 52.52881049)
1;2020;7;12;5;2;1;5;0;1;1;0;0;0;0;0;POINT (13.40408887 52.50846676)
4;2020;7;13;3;3;2;6;0;1;1;0;0;0;0;0;POINT (13.30694354 52.51006066)
12;2020;7;18;6;3;5;2;0;1;1;0;0;0;0;0;POINT (13.35392567 52.56217902)
4;2020;7;12;2;3;5;3;0;0;1;0;0;0;0;0;POINT (13.29382759 52.48434586)
1;2020;7;15;5;3;5;2;0;1;1;0;0;0;0;0;POINT (13.39541493 52.52434853)
1;2020;7;16;3;3;0;1;0;1;0;0;0;0;0;0;POINT (13.34648263 52.50683587)
3;2020;7;19;6;3;5;3;0;0;1;0;0;0;0;0;POINT (13.42147221 52.53762825)
2;2020;7;17;2;3;5;2;0;1;0;0;0;0;0;0;POINT (13.40552904 52.48902808)
8;2020;7;17;5;3;2;3;0;1;1;0;0;0;0;0;POINT (13.48980066 52.41993568)
1;2020;7;20;4;3;5;3;0;1;1;0;0;0;0;0;POINT (13.39884256 52.54637857)
8;2020;7;14;5;2;5;2;0;0;1;0;1;0;0;0;POINT (13.48707803 52.42289132)
1;2020;7;19;1;2;2;6;0;1;0;0;0;0;0;0;POINT (13.41428834 52.50820337)
12;2020;7;6;5;3;5;3;0;1;1;0;0;0;0;0;POINT (13.31888748 52.57595771)
8;2020;7;17;7;3;5;2;0;1;1;0;0;0;0;1;POINT (13.43469379 52.44031987)
6;2020;7;18;7;3;5;3;0;0;1;0;1;0;0;0;POINT (13.25603205 52.43582659)
5;2020;7;20;4;3;2;7;0;1;0;0;0;0;0;0;POINT (13.19739839 52.51608835)
4;2020;7;16;3;3;0;5;0;1;1;0;0;0;0;0;POINT (13.32907522 52.50206321)
1;2020;7;16;6;3;2;6;0;0;1;0;0;0;1;0;POINT (13.37128061 52.51092519)
12;2020;7;20;4;3;0;7;0;0;1;0;0;0;1;0;POINT (13.2276091 52.60696688)
3;2020;7;11;2;3;5;3;0;1;1;0;0;0;0;0;POINT (13.40163534 52.58732119)
8;2020;7;14;5;3;5;3;0;1;1;0;0;0;0;0;POINT (13.46594855 52.42894068)
4;2020;7;19;4;3;2;7;0;1;1;0;0;0;0;0;POINT (13.30965036 52.5065879)
9;2020;7;9;1;2;3;6;0;1;0;0;0;0;0;0;POINT (13.54917082 52.43597667)
3;2020;7;17;4;3;5;3;0;1;0;0;0;0;0;0;POINT (13.3794687 52.59389135)
5;2020;7;16;5;3;0;6;0;0;0;0;1;0;1;1;POINT (13.19702166 52.5619607)
2;2020;7;6;4;3;0;6;0;0;1;0;1;0;0;1;POINT (13.3955594 52.49887787)
6;2020;7;18;4;3;5;2;0;1;1;0;0;0;0;0;POINT (13.26748459 52.40820888)
1;2020;7;11;1;3;5;2;0;1;1;0;0;0;0;0;POINT (13.34125825 52.50496945)
4;2020;7;15;4;3;5;2;0;1;0;0;0;0;1;0;POINT (13.28765732 52.5155419)
2;2020;7;18;4;2;5;3;0;1;1;0;0;0;0;0;POINT (13.40033947 52.49052441)
5;2020;7;15;4;3;2;2;0;0;1;0;0;0;0;0;POINT (13.15808909 52.53316917)
7;2020;7;11;7;3;0;3;0;1;0;0;1;0;0;1;POINT (13.38701184 52.41175015)
1;2020;7;14;7;3;2;6;0;0;1;0;0;0;0;0;POINT (13.34243391 52.54523771)
7;2020;7;15;2;3;0;6;0;1;1;0;0;0;0;0;POINT (13.40065303 52.48367107)
4;2020;7;13;6;3;0;6;0;1;1;0;0;0;0;0;POINT (13.33700249 52.48249379)
3;2020;7;18;4;3;5;3;0;0;1;0;0;0;0;1;POINT (13.43187452 52.6143267)
5;2020;7;10;2;3;5;2;0;1;0;0;0;0;1;0;POINT (13.22071048 52.53682674)
11;2020;7;1;5;2;5;3;2;1;1;0;0;0;0;0;POINT (13.48503563 52.53322768)
2;2020;7;18;4;3;6;4;0;1;0;1;0;0;0;0;POINT (13.42334758 52.48866713)
11;2020;7;15;1;3;2;6;0;0;1;0;0;1;0;1;POINT (13.51382663 52.55124318)
6;2020;7;16;4;2;1;7;0;0;1;0;0;0;0;0;POINT (13.29637155 52.42924216)
1;2020;7;20;3;3;5;5;0;0;1;0;0;0;1;0;POINT (13.37182493 52.54426998)
7;2020;7;18;7;3;5;2;0;1;1;0;0;0;0;1;POINT (13.33938276 52.49972664)
3;2020;7;15;6;3;2;6;0;0;1;0;1;0;0;0;POINT (13.44912263 52.53738433)
2;2020;7;19;2;2;5;3;0;1;0;0;0;0;1;0;POINT (13.40963372 52.50404848)
8;2020;7;17;5;3;0;7;0;0;1;0;1;0;0;0;POINT (13.4275566 52.48169933)
4;2020;7;17;4;3;1;5;0;0;1;0;0;0;0;0;POINT (13.32087047 52.48182377)
9;2020;7;19;7;3;0;6;0;0;1;0;1;0;0;1;POINT (13.5798777 52.44362023)
7;2020;7;21;6;3;1;5;1;1;1;0;0;0;0;0;POINT (13.3375934 52.48834856)
9;2020;7;13;2;3;3;6;0;1;1;0;0;1;0;0;POINT (13.51344055 52.46518487)
10;2020;7;10;6;3;4;2;0;1;0;0;0;0;0;0;POINT (13.61965972 52.52887405)
4;2020;7;16;4;3;5;2;0;0;1;0;1;0;0;0;POINT (13.30444054 52.48670379)
10;2020;7;8;2;3;5;3;0;0;1;0;0;0;1;0;POINT (13.55950119 52.53396742)
1;2020;7;20;5;3;2;7;0;0;1;0;1;0;0;0;POINT (13.41555047 52.5206516)
7;2020;7;16;4;2;3;6;0;0;1;0;1;0;0;0;POINT (13.34688151 52.50090703)
11;2020;7;13;1;3;5;3;0;1;1;0;0;0;0;0;POINT (13.49649833 52.53402357)
4;2020;7;14;1;3;5;3;0;0;1;0;0;0;1;0;POINT (13.27348912 52.48126722)
6;2020;7;15;5;3;5;3;0;1;1;0;0;0;0;0;POINT (13.35420659 52.449103)
4;2020;7;17;3;3;1;5;0;1;1;0;0;0;0;0;POINT (13.28967394 52.4976584)
2;2020;7;20;6;3;6;4;0;0;1;1;0;0;0;0;POINT (13.44750483 52.50552767)
3;2020;7;18;2;3;2;6;0;0;1;0;0;0;0;0;POINT (13.44304075 52.57101848)
9;2020;7;19;5;3;5;3;0;1;0;0;0;0;0;0;POINT (13.58086565 52.41851544)
10;2020;7;15;4;3;5;5;0;0;1;0;0;0;0;0;POINT (13.60033097 52.48282007)
11;2020;7;14;5;3;2;6;0;0;1;0;0;0;0;0;POINT (13.48913912 52.54234636)
10;2020;7;16;1;3;0;1;0;1;0;0;0;0;0;1;POINT (13.52518088 52.53651587)
6;2020;7;10;5;3;5;3;0;1;1;0;0;0;0;0;POINT (13.3304348 52.44515894)
2;2020;7;23;7;3;0;1;2;1;0;0;0;0;0;1;POINT (13.43875889 52.50556582)
10;2020;7;14;5;3;1;5;0;0;1;0;0;0;0;0;POINT (13.60872969 52.51791148)
9;2020;7;7;2;3;0;2;0;0;1;0;1;0;0;0;POINT (13.48707439 52.46558149)
10;2020;7;12;5;3;5;3;0;0;1;0;1;0;0;0;POINT (13.57543385 52.48909588)
4;2020;7;12;1;3;2;7;0;0;0;0;1;0;1;0;POINT (13.26093917 52.51765149)
7;2020;7;2;7;3;0;1;2;1;0;0;0;0;0;0;POINT (13.34007326 52.47554227)
9;2020;7;15;3;3;2;6;0;0;1;0;0;0;0;0;POINT (13.53717608 52.4333706)
9;2020;7;14;6;3;5;3;0;0;1;0;0;0;0;0;POINT (13.4503282 52.49137994)
8;2020;7;17;2;2;2;6;0;0;1;0;0;0;0;0;POINT (13.43491827 52.44016912)
9;2020;7;16;5;3;2;6;0;0;1;0;0;0;0;0;POINT (13.60827782 52.45319589)
3;2020;7;15;4;3;0;1;0;0;0;0;1;0;0;1;POINT (13.42820225 52.57743201)
12;2020;7;12;5;3;2;6;0;0;1;0;0;0;0;1;POINT (13.2939343 52.60895913)
10;2020;7;17;1;3;0;1;0;0;0;0;1;0;0;1;POINT (13.53048838 52.51932925)
4;2020;7;16;4;3;0;2;0;0;1;0;1;0;0;0;POINT (13.31653237 52.49951372)
8;2020;7;16;7;3;5;7;0;0;1;0;1;0;0;0;POINT (13.43606146 52.42421574)
8;2020;7;17;7;3;0;1;0;0;1;0;0;0;0;0;POINT (13.43127707 52.46442441)
11;2020;7;20;3;3;5;3;0;1;1;0;0;0;0;0;POINT (13.51005651 52.50340171)
4;2020;7;15;6;3;2;3;0;1;1;0;0;0;0;0;POINT (13.2669225 52.51411975)
12;2020;7;11;3;3;5;2;0;0;1;0;1;0;0;0;POINT (13.36455523 52.56269411)
2;2020;7;19;7;3;3;6;0;0;1;0;0;0;0;0;POINT (13.41913675 52.49009327)
7;2020;7;19;3;3;5;2;0;1;1;0;0;0;0;0;POINT (13.37794949 52.46643684)
12;2020;7;9;3;3;2;6;0;0;1;0;0;0;1;0;POINT (13.26913634 52.57588514)