bez;ujahr;umonat;ustunde;uwochentag;ukategorie;uart;utyp1;ulichtverh;istrad;istpkw;istfuss;istkrad;istgkfz;istsonstige;ustrzustand;geometry
10;2020;7;18;6;3;5;3;0;1;1;0;0;0;0;0;POINT (13.59285854 52.54482409)
7;2020;7;14;3;3;0;1;0;0;0;0;1;0;0;1;POINT (13.34776159 52.48532144)
7;2020;7;12;2;3;1;5;0;1;1;0;0;0;0;0;POINT (13.34601819 52.49624767)
4;2020;7;13;5;3;5;3;0;1;1;0;0;0;0;0;POINT (13.30562911 52.49989054)
2;2020;7;8;3;3;5;3;0;0;1;0;0;0;0;0;POINT (13.39533287 52.49679036)
11;2020;7;15;1;3;6;2;0;0;1;1;0;0;0;0;POINT (13.47531198 52.5015422)
1;2020;7;18;4;3;5;2;0;1;1;0;0;0;0;0;POINT (13.39114252 52.53621198)
8;2020;7;18;4;3;2;6;0;1;1;0;0;0;0;0;POINT (13.43077396 52.4866319)
3;2020;7;11;4;3;5;3;0;1;0;0;0;0;1;0;POINT (13.49227643 52.62060664)
2;2020;7;10;7;3;0;1;0;1;0;0;0;0;0;1;POINT (13.45480444 52.51379986)
5;2020;7;9;6;3;2;6;0;0;1;0;0;0;0;0;POINT (13.17842971 52.54879434)
3;2020;7;12;2;3;0;7;0;0;0;0;0;0;1;0;POINT (13.42057718 52.53651372)
11;2020;7;12;6;3;2;6;0;0;1;0;0;0;1;0;POINT (13.48530548 52.53366313)
4;2020;7;15;3;3;5;2;0;0;1;0;0;0;0;1;POINT (13.29800855 52.47338149)
5;2020;7;9;2;3;5;2;0;0;1;0;1;0;0;0;POINT (13.15782467 52.54304205)
4;2020;7;20;5;3;5;3;1;1;0;0;0;0;0;0;POINT (13.31961027 52.51962642)
4;2020;7;22;3;2;5;3;2;0;1;0;0;0;0;1;POINT (13.33268623 52.47869342)
5;2020;7;15;1;2;2;6;0;0;1;0;1;0;0;1;POINT (13.19777018 52.53298267)
10;2020;7;10;2;3;0;3;0;0;0;0;0;0;1;0;POINT (13.56158709 52.50248631)
9;2020;7;2;5;3;0;6;2;1;1;0;0;0;0;0;POINT (13.55516159 52.44044728)
1;2020;7;12;3;3;5;3;0;1;1;0;0;0;0;1;POINT (13.40199874 52.52896846)
8;2020;7;6;1;3;5;3;0;1;1;0;0;0;0;0;POINT (13.48189633 52.43193554)
1;2020;7;16;4;3;2;6;0;0;1;0;0;0;0;0;POINT (13.41730279 52.51270249)
4;2020;7;8;3;3;8;1;0;0;0;0;1;0;0;0;POINT (13.26875947 52.51140593)
11;2020;7;19;7;3;5;2;0;1;1;0;0;0;0;0;POINT (13.47626377 52.53317647)
1;2020;7;17;6;3;6;4;0;0;1;1;0;0;0;0;POINT (13.36096484 52.54829075)
8;2020;7;20;2;3;1;5;1;1;1;0;0;0;0;0;POINT (13.43514167 52.47080588)
8;2020;7;4;6;3;5;3;2;0;1;0;0;0;0;0;POINT (13.48230459 52.42537883)
6;2020;7;22;3;3;0;7;2;0;0;0;1;0;0;1;POINT (13.29905987 52.41216183)
4;2020;7;8;2;3;5;2;0;1;1;0;0;0;0;0;POINT (13.28830012 52.51306255)
6;2020;7;13;5;3;1;7;0;1;1;0;0;0;0;0;POINT (13.27555913 52.45051305)
2;2020;7;21;3;3;5;3;2;0;1;0;0;0;1;1;POINT (13.43006455 52.5034698)
6;2020;7;13;1;3;2;6;0;1;0;0;0;0;1;0;POINT (13.33782859 52.45082086)
8;2020;7;17;7;3;5;3;0;1;1;0;1;0;0;0;POINT (13.43794748 52.47899072)
7;2020;7;16;3;3;5;3;0;1;1;0;0;0;0;0;POINT (13.37745261 52.4648703)
4;2020;7;19;6;3;5;2;0;0;1;0;0;0;1;0;POINT (13.32026283 52.47879455)
5;2020;7;15;4;3;5;3;0;0;1;0;0;0;0;0;POINT (13.22735264 52.55795116)
2;2020;7;19;3;3;1;5;0;1;1;0;0;0;0;0;POINT (13.45955793 52.50909238)
9;2020;7;22;6;3;0;1;2;1;0;0;0;0;0;0;POINT (13.52896854 52.42932481)
3;2020;7;14;6;3;5;2;0;1;1;0;0;0;0;0;POINT (13.4572244 52.56105891)
4;2020;7;19;2;3;5;2;0;1;1;0;0;0;0;0;POINT (13.3165458 52.49951456)
8;2020;7;19;5;3;5;3;0;1;0;0;0;0;1;0;POINT (13.44345673 52.46419188)
2;2020;7;19;3;3;5;7;1;1;0;0;0;0;1;0;POINT (13.39151251 52.50059502)
7;2020;7;12;5;3;2;7;0;0;1;0;1;0;0;0;POINT (13.37846793 52.47805843)
6;2020;7;6;2;3;0;3;0;0;0;0;1;1;0;0;POINT (13.33803472 52.43186327)
2;2020;7;12;5;3;5;2;0;0;1;0;1;0;0;0;POINT (13.38145058 52.48500178)
11;2020;7;11;5;3;5;3;0;0;1;0;1;0;0;0;POINT (13.53576873 52.47779669)
12;2020;7;20;7;3;1;5;0;1;1;0;0;0;0;0;POINT (13.33105853 52.57558325)
1;2020;7;10;7;3;1;5;0;0;1;0;0;0;0;0;POINT (13.34158036 52.5395734)
9;2020;7;20;5;3;5;2;0;1;1;0;0;0;0;0;POINT (13.5142995 52.46873038)
4;2020;7;13;3;3;6;7;0;0;0;1;0;0;1;0;POINT (13.28344112 52.5064925)
10;2020;7;19;6;2;5;3;0;0;1;0;0;0;1;0;POINT (13.57416146 52.51311308)
1;2020;7;13;2;3;4;6;0;1;0;0;0;0;0;0;POINT (13.3993834 52.51233176)
9;2020;7;15;5;3;5;2;0;0;1;0;0;0;0;0;POINT (13.48258227 52.46188823)
5;2020;7;19;3;3;1;5;0;0;0;0;1;1;0;0;POINT (13.12241635 52.53502035)
4;2020;7;12;1;3;0;3;0;1;0;0;0;0;1;0;POINT (13.3217593 52.50597755)
11;2020;7;17;4;3;5;2;0;1;1;0;0;0;0;0;POINT (13.51886727 52.51387432)
2;2020;7;10;5;3;0;7;0;1;0;0;0;0;0;0;POINT (13.41220762 52.4885088)
4;2020;8;16;2;3;2;3;0;1;1;0;0;0;0;0;POINT (13.28724376 52.51754928)
1;2020;7;12;2;3;0;6;0;0;1;0;0;0;1;0;POINT (13.37441181 52.55681633)
9;2020;8;13;1;1;9;1;0;0;0;1;0;1;0;0;POINT (13.51977058 52.42679955)
1;2020;8;16;6;3;6;4;0;0;1;1;0;0;0;0;POINT (13.40355173 52.53235984)
9;2020;8;7;4;3;3;6;0;0;1;0;1;0;1;0;POINT (13.56700493 52.45497157)
5;2020;7;10;5;3;2;6;0;0;1;0;0;0;1;0;POINT (13.19832292 52.53265088)
9;2020;8;10;1;3;2;2;0;0;1;0;0;0;0;0;POINT (13.59316198 52.4516758)
1;2020;7;13;5;2;0;1;0;1;0;0;0;0;0;0;POINT (13.35906799 52.52333611)
11;2020;8;15;3;2;1;5;0;0;0;0;1;0;1;0;POINT (13.4918576 52.5230393)
12;2020;7;11;2;3;2;6;0;0;1;0;0;0;0;0;POINT (13.30143327 52.56934042)
2;2020;7;10;5;3;5;7;0;1;1;0;0;0;0;0;POINT (13.43260782 52.51697216)
8;2020;8;7;3;2;5;3;0;0;1;0;1;0;0;0;POINT (13.48791228 52.4348648)
12;2020;7;11;2;3;0;1;0;1;0;0;0;0;0;0;POINT (13.32593184 52.60384747)
7;2020;7;9;5;3;5;2;0;1;1;0;0;0;0;0;POINT (13.35484795 52.45880203)
2;2020;8;10;2;3;2;6;0;0;1;0;0;0;1;0;POINT (13.44624218 52.50293861)
2;2020;7;10;2;2;0;2;0;0;0;0;0;0;1;0;POINT (13.38801812 52.49297726)
9;2020;8;8;6;3;5;3;0;1;0;0;1;0;0;0;POINT (13.58686785 52.44504405)
7;2020;8;13;4;2;5;2;0;1;0;0;0;0;1;0;POINT (13.32826008 52.4757761)
12;2020;7;8;5;3;5;3;0;0;1;0;0;0;0;0;POINT (13.32267106 52.56810301)
10;2020;8;14;3;3;2;2;0;1;1;0;0;0;0;0;POINT (13.59042608 52.52939483)
11;2020;7;5;5;3;5;2;1;1;1;0;0;0;0;0;POINT (13.4758591 52.53303745)
5;2020;8;15;3;3;0;6;0;0;0;0;0;1;1;0;POINT (13.19907055 52.53404039)
12;2020;7;5;5;3;3;2;1;0;1;0;0;1;0;0;POINT (13.32668795 52.56244234)
1;2020;8;19;3;3;3;6;0;0;1;0;1;0;0;0;POINT (13.36876457 52.55725661)
3;2020;7;10;2;3;5;3;0;0;1;0;0;0;0;0;POINT (13.50550506 52.63684865)
11;2020;8;8;7;3;5;3;0;1;1;0;0;0;0;0;POINT (13.54023554 52.56525627)
10;2020;8;17;4;3;5;3;0;1;1;0;0;0;0;0;POINT (13.61167 52.51421284)
1;2020;7;1;5;3;5;2;2;1;1;0;0;0;0;0;POINT (13.3917655 52.52207705)
1;2020;8;13;2;3;3;6;0;1;1;0;0;0;0;0;POINT (13.33111362 52.53281039)
7;2020;7;9;2;3;5;2;0;1;0;0;0;0;0;0;POINT (13.34173336 52.48384184)
11;2020;8;11;6;2;0;1;0;1;0;0;0;0;0;0;POINT (13.48728946 52.52663496)
2;2020;8;11;4;3;2;2;0;1;1;0;0;0;0;0;POINT (13.44664513 52.50281428)
7;2020;7;0;5;3;0;7;2;0;1;1;0;0;0;0;POINT (13.34425801 52.50308489)
4;2020;8;22;3;3;0;1;2;0;0;0;1;0;0;0;POINT (13.31427767 52.50633782)
2;2020;7;21;5;3;5;2;1;1;0;0;1;0;0;0;POINT (13.44670254 52.5026058)
7;2020;8;19;2;3;5;3;0;0;1;0;0;0;0;0;POINT (13.366624 52.46103507)
9;2020;7;8;2;2;5;3;0;1;1;0;0;0;0;0;POINT (13.56269787 52.45637372)
8;2020;8;19;7;3;2;2;0;0;1;0;0;0;0;1;POINT (13.48721571 52.42290533)
8;2020;8;6;6;3;1;7;0;0;1;0;0;0;0;0;POINT (13.43946606 52.4700534)
12;2020;8;16;4;3;5;2;0;1;1;0;0;0;0;0;POINT (13.33076181 52.56256613)
6;2020;7;23;5;2;0;1;2;1;0;0;0;0;0;0;POINT (13.33685656 52.41847779)
7;2020;8;14;1;3;3;6;0;0;1;0;1;0;0;0;POINT (13.37875546 52.45028506)
1;2020;7;8;2;3;5;2;0;1;1;0;0;0;0;0;POINT (13.34944893 52.54232138)
5;2020;7;22;5;3;5;2;2;1;1;0;0;0;0;0;POINT (13.18515499 52.55018955)
1;2020;8;22;2;3;1;5;2;0;1;0;1;0;0;0;POINT (13.38155852 52.56647513)
11;2020;7;7;2;3;1;5;0;0;1;0;0;0;0;0;POINT (13.49981898 52.51558067)
2;2020;8;6;6;3;1;5;1;0;1;0;0;0;0;0;POINT (13.45154078 52.50364484)
5;2020;8;17;4;3;5;3;0;0;1;0;0;1;0;0;POINT (13.2025095 52.54047492)
4;2020;7;21;5;2;0;4;2;0;0;1;1;0;0;0;POINT (13.29537241 52.53961281)
9;2020;8;11;2;3;2;6;0;0;1;0;0;0;0;0;POINT (13.48275861 52.46058168)
9;2020;7;6;2;3;5;7;0;0;1;0;1;0;0;0;POINT (13.57209947 52.4510045)
11;2020;7;12;5;2;2;6;0;0;1;0;0;0;0;0;POINT (13.50173415 52.56192925)
7;2020;8;9;3;3;1;5;0;1;0;0;0;1;0;0;POINT (13.34496094 52.48663808)
4;2020;7;19;5;3;5;2;0;1;1;0;0;0;0;0;POINT (13.31262471 52.49926184)
3;2020;8;6;3;3;5;2;0;1;0;0;0;0;1;0;POINT (13.41827929 52.52850812)
1;2020;7;18;5;3;3;6;0;1;1;0;0;0;0;0;POINT (13.38713902 52.52687936)
8;2020;8;17;2;3;2;7;0;0;1;0;0;0;0;0;POINT (13.49540378 52.42395296)
12;2020;7;0;2;2;0;1;2;1;0;0;0;0;0;0;POINT (13.33689604 52.60220606)
10;2020;8;19;7;3;2;6;0;0;1;0;0;0;0;0;POINT (13.58727845 52.52360926)
4;2020;8;19;6;3;0;6;0;0;1;0;1;0;0;0;POINT (13.32616335 52.53821059)
10;2020;8;9;4;2;4;6;0;0;1;0;0;0;0;0;POINT (13.58019743 52.56433835)
1;2020;7;18;5;3;2;6;0;0;1;0;0;0;0;0;POINT (13.33779965 52.55859064)
5;2020;8;12;1;3;1;5;0;1;1;0;0;0;0;0;POINT (13.20912197 52.56153169)
1;2020;7;18;5;2;5;3;0;1;1;0;0;0;0;0;POINT (13.3472509 52.52021298)
9;2020;8;23;3;3;2;6;2;0;1;0;0;0;0;0;POINT (13.50970721 52.45144011)
9;2020;7;22;2;2;5;2;2;0;1;0;1;0;0;0;POINT (13.52669426 52.4287965)
3;2020;7;17;5;3;5;2;0;1;1;0;0;0;0;0;POINT (13.45795145 52.52882651)
4;2020;8;13;3;2;0;5;0;1;1;0;0;0;0;0;POINT (13.2515399 52.50654213)
5;2020;7;17;5;2;6;7;0;0;0;1;0;1;0;0;POINT (13.27272188 52.5369268)
7;2020;8;12;3;3;1;5;0;1;1;0;0;0;0;0;POINT (13.38619636 52.46003189)
2;2020;7;16;5;3;5;3;0;1;1;0;0;0;0;0;POINT (13.40900267 52.49969659)
5;2020;8;13;3;3;2;7;0;0;1;0;0;0;1;0;POINT (13.20886687 52.55264847)
7;2020;7;16;5;3;5;7;0;0;1;0;1;0;0;0;POINT (13.40534349 52.40696906)
8;2020;8;14;2;3;5;3;0;0;1;0;0;0;0;0;POINT (13.46632978 52.43349673)
5;2020;7;20;2;3;2;2;0;1;1;0;0;0;0;0;POINT (13.20075565 52.54871951)
10;2020;8;19;7;2;5;2;0;0;1;0;0;0;0;0;POINT (13.58904425 52.5174897)
11;2020;8;13;6;3;0;2;0;1;0;0;0;0;0;0;POINT (13.49513899 52.56486451)
9;2020;8;15;4;3;9;1;0;0;0;0;1;0;0;0;POINT (13.65714139 52.4148589)
2;2020;7;15;5;3;5;3;0;1;1;0;0;0;0;0;POINT (13.41628114 52.5017322)
12;2020;8;9;1;3;6;4;0;0;1;1;0;0;0;0;POINT (13.3351988 52.59565772)
3;2020;7;15;5;3;5;3;0;1;1;0;0;0;0;0;POINT (13.43640791 52.5485399)
3;2020;8;15;3;3;2;2;0;0;1;0;0;0;0;0;POINT (13.44549467 52.5819499)
8;2020;7;20;2;3;5;2;1;0;1;0;1;0;0;0;POINT (13.43515144 52.49121046)
9;2020;7;15;5;3;5;2;0;1;1;0;0;0;0;0;POINT (13.54425704 52.42466627)
4;2020;8;7;3;3;5;3;0;0;1;0;0;0;1;0;POINT (13.28086442 52.47684922)
2;2020;7;20;2;3;5;3;0;1;1;0;0;0;0;0;POINT (13.43514041 52.50146359)
3;2020;7;14;5;3;5;2;0;1;1;0;0;0;0;0;POINT (13.40252371 52.55430076)
9;2020;8;9;2;3;5;2;0;1;1;0;0;0;0;0;POINT (13.51413766 52.44647835)
8;2020;7;20;2;3;6;4;0;1;0;1;0;0;0;0;POINT (13.41988297 52.47683927)
4;2020;7;19;2;2;5;2;0;1;1;0;0;0;0;0;POINT (13.32262958 52.51125705)
4;2020;7;14;5;3;2;6;0;0;1;0;0;0;0;0;POINT (13.27944187 52.50435009)
7;2020;8;18;2;3;1;5;0;1;1;0;0;0;0;0;POINT (13.34184143 52.49641702)
2;2020;7;18;2;3;2;6;0;0;1;0;0;0;0;0;POINT (13.37983387 52.49266295)
5;2020;8;11;6;3;3;6;0;0;1;0;1;0;0;0;POINT (13.2084545 52.56104722)
1;2020;8;14;4;3;5;2;0;1;1;0;0;0;0;0;POINT (13.37211728 52.53881057)
1;2020;7;22;4;3;6;2;2;0;1;1;0;0;0;0;POINT (13.38180791 52.55221268)
1;2020;8;17;1;3;6;7;0;0;0;1;0;0;1;0;POINT (13.39244187 52.54245897)
9;2020;7;21;4;3;0;2;1;0;1;0;1;0;0;0;POINT (13.50349184 52.46066761)
4;2020;8;14;3;3;2;6;0;0;1;0;0;0;0;0;POINT (13.28098371 52.51836854)
12;2020;7;17;4;3;5;3;0;1;1;0;0;0;0;0;POINT (13.32120152 52.57147556)
2;2020;8;18;3;3;0;1;0;1;1;0;0;0;0;0;POINT (13.45481486 52.51018153)
2;2020;7;17;2;3;1;5;0;1;1;0;0;0;0;0;POINT (13.46337167 52.50536357)
4;2020;8;1;7;2;5;3;2;0;1;0;0;0;0;0;POINT (13.29653562 52.49255953)
2;2020;8;19;4;3;2;6;0;0;1;0;0;0;0;0;POINT (13.39469593 52.49615826)
1;2020;7;17;4;3;6;4;0;1;0;1;0;0;0;0;POINT (13.37904673 52.52592214)
5;2020;8;12;2;3;0;5;0;1;1;0;0;0;0;0;POINT (13.20765115 52.56644426)
8;2020;7;16;2;2;5;2;0;0;1;0;0;0;0;0;POINT (13.44923259 52.45242956)
3;2020;7;22;5;3;0;7;2;1;0;0;0;0;0;0;POINT (13.43307934 52.55833797)
8;2020;8;14;3;3;1;5;0;1;1;0;0;0;0;0;POINT (13.4372063 52.4263398)
1;2020;7;17;4;3;2;2;0;1;1;0;0;0;0;0;POINT (13.39909391 52.53232567)
10;2020;8;9;3;3;6;2;0;0;1;1;0;0;0;0;POINT (13.62179231 52.52475796)
8;2020;8;7;6;3;5;3;0;1;1;0;0;0;0;0;POINT (13.50448999 52.42321587)
1;2020;8;12;4;2;5;2;0;1;1;0;0;0;0;0;POINT (13.37131771 52.51114467)
7;2020;7;17;4;3;5;2;0;0;1;0;0;0;0;0;POINT (13.40105038 52.4145671)
1;2020;8;15;3;2;3;6;0;0;1;0;0;0;1;0;POINT (13.40162259 52.52980702)
2;2020;7;16;4;3;5;3;0;0;1;0;0;0;0;0;POINT (13.39719524 52.50023476)
9;2020;8;20;2;2;4;6;0;0;1;1;0;0;0;0;POINT (13.63256552 52.4567446)
8;2020;7;16;2;3;5;3;0;0;1;0;0;0;0;0;POINT (13.43219056 52.47122467)
8;2020;8;23;6;2;1;5;2;1;1;0;0;0;0;0;POINT (13.50052606 52.40209205)
3;2020;8;17;4;3;2;7;0;0;0;0;1;0;1;0;POINT (13.39664426 52.58464812)
10;2020;7;16;4;3;2;2;0;0;1;0;0;0;0;0;POINT (13.58375861 52.51495097)
9;2020;8;12;2;3;0;1;0;1;0;0;0;0;0;0;POINT (13.57472987 52.44827451)
1;2020;7;17;1;3;6;4;0;0;1;1;0;0;0;0;POINT (13.37249932 52.54842709)
9;2020;7;16;4;2;2;6;0;0;1;0;0;0;0;0;POINT (13.53310083 52.44087365)
1;2020;8;11;3;3;5;3;0;1;0;0;0;0;1;0;POINT (13.41275246 52.52735117)
11;2020;7;15;4;3;2;6;0;0;1;0;0;0;1;0;POINT (13.47574576 52.53285376)
10;2020;8;13;3;3;5;2;0;1;1;0;0;0;0;0;POINT (13.59664391 52.54430648)
11;2020;7;15;4;3;4;1;0;0;1;0;1;0;0;0;POINT (13.47152165 52.50494242)
1;2020;8;16;2;3;5;2;0;1;1;0;0;0;0;0;POINT (13.41713668 52.51244065)
1;2020;7;20;1;3;5;3;1;0;1;0;0;0;0;0;POINT (13.39004717 52.5094993)
5;2020;8;18;7;3;5;3;0;1;1;0;0;0;0;0;POINT (13.20077065 52.52449705)
10;2020;8;17;6;3;2;6;0;0;1;0;1;0;0;0;POINT (13.56157546 52.50231978)
10;2020;8;8;4;2;5;3;0;1;1;0;0;0;0;0;POINT (13.5681519 52.57365388)
2;2020;7;14;4;3;5;2;0;1;1;0;0;0;0;0;POINT (13.3845655 52.49668965)
9;2020;8;7;2;3;5;2;0;0;1;0;0;0;0;0;POINT (13.54520351 52.42574036)
7;2020;7;18;1;3;0;7;0;0;1;0;1;0;0;1;POINT (13.34192186 52.4973182)
3;2020;8;18;7;3;0;6;0;0;1;0;1;0;0;0;POINT (13.49383954 52.61544228)
7;2020;8;17;4;3;2;6;0;0;1;0;0;0;0;0;POINT (13.40679656 52.39376869)
11;2020;8;2;6;2;6;4;2;0;0;1;0;0;1;0;POINT (13.51917745 52.50367885)
1;2020;8;17;4;3;3;6;0;1;1;0;0;0;0;0;POINT (13.34443142 52.53810623)
7;2020;7;14;4;3;5;3;0;1;1;0;0;0;0;0;POINT (13.42202648 52.46251221)
11;2020;8;15;1;3;5;3;0;0;1;0;0;0;0;0;POINT (13.49982057 52.53437283)
12;2020;7;14;4;3;0;7;0;1;0;0;0;0;0;0;POINT (13.32747526 52.56350052)
8;2020;8;14;3;3;0;7;0;1;0;0;0;0;0;0;POINT (13.44363955 52.47378444)
1;2020;8;18;1;2;2;6;0;0;1;0;1;0;0;0;POINT (13.41549009 52.52662494)
3;2020;7;13;4;3;5;3;0;1;0;0;0;0;0;0;POINT (13.41974387 52.57324299)
5;2020;8;8;3;3;2;6;0;0;1;0;0;0;0;0;POINT (13.24786471 52.5451678)
8;2020;7;13;4;3;4;6;0;1;1;0;0;0;1;0;POINT (13.48740374 52.43443944)
3;2020;8;15;2;3;3;6;0;1;0;0;1;0;0;0;POINT (13.41924529 52.54605943)
8;2020;7;14;1;3;6;4;0;0;1;1;0;0;0;0;POINT (13.41224787 52.43914822)
5;2020;8;17;7;3;0;1;0;1;0;0;0;0;0;1;POINT (13.27048863 52.53653821)
10;2020;8;13;6;3;5;3;0;1;1;0;0;0;0;0;POINT (13.60935434 52.49297974)
1;2020;8;14;4;3;3;6;0;1;1;0;0;0;0;0;POINT (13.34441445 52.53831457)
11;2020;7;12;4;3;6;4;0;0;1;1;0;0;0;0;POINT (13.51718489 52.48781647)
4;2020;8;8;1;3;5;2;0;1;1;0;0;0;0;0;POINT (13.31943934 52.50163547)
1;2020;8;18;1;2;5;3;0;0;1;0;1;0;0;0;POINT (13.34278169 52.5045784)
6;2020;7;11;4;3;5;2;0;1;1;0;0;0;0;0;POINT (13.23003332 52.43088659)
10;2020;8;12;3;3;5;3;0;0;1;0;0;0;0;0;POINT (13.5522077 52.52040157)
9;2020;7;11;4;3;2;6;0;0;1;0;0;0;0;0;POINT (13.59316918 52.45183576)
2;2020;8;12;1;3;2;2;0;0;1;0;0;0;0;0;POINT (13.46628345 52.50044788)
2;2020;8;18;1;3;2;6;0;0;1;0;0;0;0;0;POINT (13.39562762 52.49742834)
11;2020;7;10;4;3;5;3;0;1;0;0;1;0;0;0;POINT (13.5205976 52.47421587)
4;2020;8;16;3;3;5;2;0;1;1;0;0;0;0;0;POINT (13.30489091 52.54784756)
1;2020;7;10;1;2;3;1;0;1;1;0;0;0;0;1;POINT (13.38824423 52.5204527)
1;2020;7;9;4;3;5;3;0;1;1;0;0;0;0;0;POINT (13.3881383 52.56567117)
1;2020;8;19;3;3;5;2;0;1;1;0;0;0;0;0;POINT (13.36583537 52.52543075)
2;2020;7;16;1;3;5;3;0;1;1;0;0;0;0;0;POINT (13.44335349 52.51195587)
7;2020;7;9;4;3;3;2;0;0;1;0;0;1;0;0;POINT (13.38566413 52.4455597)
6;2020;8;10;2;3;5;3;0;1;1;0;0;0;0;0;POINT (13.3124656 52.46476904)
2;2020;7;16;1;3;5;3;0;1;1;0;0;0;0;0;POINT (13.44335349 52.51195587)
1;2020;8;10;6;3;1;5;0;1;0;0;0;0;1;0;POINT (13.38823173 52.52052411)
9;2020;8;13;4;3;2;6;0;0;1;0;0;0;0;0;POINT (13.48484768 52.46374488)
9;2020;8;19;1;3;3;6;1;1;0;0;0;0;0;0;POINT (13.69986609 52.43612079)
10;2020;7;9;4;3;5;2;0;1;1;0;0;0;0;0;POINT (13.6106626 52.48222357)
12;2020;8;10;3;3;5;3;0;0;1;0;1;0;0;0;POINT (13.28107649 52.58547278)
5;2020;7;9;4;2;4;6;0;0;1;0;0;0;1;0;POINT (13.17983766 52.49980419)
8;2020;8;12;2;3;1;5;0;1;1;0;0;0;0;0;POINT (13.42445036 52.48471878)
1;2020;7;6;1;3;6;4;0;0;1;1;0;0;0;0;POINT (13.3616881 52.54790932)
4;2020;8;15;6;3;5;2;0;1;1;0;0;0;0;0;POINT (13.3005739 52.51655553)
1;2020;8;17;4;2;4;6;0;1;0;0;0;0;0;0;POINT (13.36349305 52.55661831)
9;2020;7;9;4;3;4;6;0;1;0;0;0;0;0;0;POINT (13.60299046 52.45094453)
6;2020;8;19;3;3;5;2;0;1;1;0;0;0;0;0;POINT (13.25602035 52.43583911)
9;2020;7;18;1;2;5;3;0;0;1;0;0;0;0;1;POINT (13.52697603 52.43778236)
8;2020;8;12;7;3;5;3;0;1;1;0;0;0;0;1;POINT (13.42536321 52.48076493)
12;2020;8;17;4;3;0;2;0;1;1;0;0;0;0;0;POINT (13.3388458 52.58937468)
4;2020;7;8;4;3;0;2;0;1;1;0;0;0;0;0;POINT (13.28128126 52.5127801)
12;2020;8;7;2;3;1;5;0;1;1;0;0;0;0;0;POINT (13.30061586 52.56968173)
4;2020;7;14;1;3;5;2;0;1;1;0;0;0;0;0;POINT (13.29665729 52.50146279)
10;2020;8;14;6;3;8;1;0;0;1;0;0;0;0;0;POINT (13.61460574 52.50238355)
11;2020;8;11;4;2;5;3;0;0;1;0;0;0;0;0;POINT (13.48601057 52.54958298)
1;2020;8;18;1;3;1;5;0;1;1;0;0;0;0;0;POINT (13.38070222 52.53246206)
4;2020;7;7;4;3;2;6;0;0;1;0;0;1;0;0;POINT (13.326508 52.50881381)
3;2020;8;9;3;3;0;6;0;1;1;0;0;0;0;0;POINT (13.40221965 52.55134723)
1;2020;7;8;4;3;0;2;0;1;0;0;0;0;1;0;POINT (13.32824052 52.53292495)
1;2020;8;19;2;3;5;2;0;1;0;0;0;0;1;0;POINT (13.3829675 52.51225636)
9;2020;7;12;1;3;5;7;0;1;1;0;0;0;0;0;POINT (13.56540227 52.47145205)
8;2020;8;17;7;2;5;3;0;1;0;0;0;0;1;1;POINT (13.47826602 52.44006097)
6;2020;8;11;6;3;5;3;0;1;1;0;0;0;0;0;POINT (13.26401298 52.42872567)
1;2020;8;16;4;3;5;2;0;0;1;0;0;0;0;0;POINT (13.36343355 52.52462426)
1;2020;7;9;3;3;5;7;0;1;0;0;0;0;1;0;POINT (13.38016069 52.51966918)
6;2020;8;8;1;3;6;7;0;0;1;1;0;0;0;0;POINT (13.25710999 52.42895397)
2;2020;7;9;1;3;0;3;0;0;1;0;0;0;1;0;POINT (13.44093735 52.52447585)
9;2020;7;23;3;3;0;1;2;1;0;0;0;0;0;0;POINT (13.57528962 52.44754221)
5;2020;8;16;3;3;1;5;0;1;1;0;0;0;0;0;POINT (13.2372186 52.54221874)
9;2020;7;22;3;3;5;2;2;0;0;0;1;0;0;0;POINT (13.48703541 52.46560932)
9;2020;8;11;2;3;3;6;0;0;1;0;0;0;0;0;POINT (13.51225175 52.47086352)
7;2020;7;11;1;3;5;3;0;1;0;0;0;0;1;0;POINT (13.38579584 52.4715601)
4;2020;7;12;5;3;5;2;0;1;1;0;0;0;0;0;POINT (13.31952983 52.49208954)
1;2020;8;13;3;2;5;2;0;0;1;0;1;0;0;0;POINT (13.3621901 52.50497642)
2;2020;7;22;3;3;5;2;2;1;1;0;0;0;0;0;POINT (13.41893055 52.49888492)
12;2020;8;13;3;3;0;7;0;1;0;0;0;0;0;0;POINT (13.36339865 52.58069579)
3;2020;7;22;3;3;0;7;2;0;0;0;0;0;1;0;POINT (13.45431386 52.54018004)
8;2020;8;6;2;3;2;6;0;0;1;0;1;0;0;0;POINT (13.43412071 52.44313122)
1;2020;7;11;1;3;6;4;0;1;0;1;0;0;0;0;POINT (13.3691772 52.52626849)
1;2020;8;16;7;3;5;2;0;0;1;0;0;0;0;0;POINT (13.38437893 52.56754733)
10;2020;8;2;6;3;6;7;2;1;0;1;0;0;0;0;POINT (13.5774974 52.56214912)
9;2020;8;9;4;3;5;2;0;1;0;0;0;0;0;0;POINT (13.52840896 52.42908882)
9;2020;7;22;3;3;5;2;2;1;1;0;0;0;0;0;POINT (13.48121092 52.46092445)