bez;ujahr;umonat;ustunde;uwochentag;ukategorie;uart;utyp1;ulichtverh;istrad;istpkw;istfuss;istkrad;istgkfz;istsonstige;ustrzustand;geometry
10;2020;8;18;4;3;5;2;0;1;1;0;0;0;0;0;POINT (13.51981423 52.52605038)
3;2020;8;18;5;3;5;3;0;0;1;0;1;0;0;0;POINT (13.3882924 52.58344819)
1;2020;8;18;4;3;1;5;0;1;1;0;0;0;0;0;POINT (13.38047597 52.55177013)
5;2020;8;11;4;3;5;2;0;1;1;0;0;0;0;0;POINT (13.21364865 52.53858511)
1;2020;8;14;2;3;5;2;0;1;0;0;0;0;1;0;POINT (13.35945474 52.52329403)
9;2020;8;22;4;3;0;1;2;1;0;0;0;0;0;0;POINT (13.52307563 52.45998266)
4;2020;8;13;7;3;5;2;0;1;1;0;0;0;0;0;POINT (13.31988556 52.46880617)
8;2020;8;21;4;3;5;2;2;1;1;0;0;0;0;0;POINT (13.43351516 52.46661854)
1;2020;8;17;3;3;5;7;0;1;1;0;0;0;0;0;POINT (13.37694149 52.52978814)
4;2020;8;12;2;3;0;2;0;0;1;0;1;0;0;1;POINT (13.29922278 52.50684306)
4;2020;8;7;2;3;4;7;0;1;1;0;0;0;0;1;POINT (13.32656887 52.4912492)
4;2020;8;17;7;2;6;2;0;0;1;1;0;0;0;0;POINT (13.30079028 52.51531877)
11;2020;8;15;5;3;4;5;0;0;1;0;1;0;0;0;POINT (13.46940714 52.50142013)
12;2020;8;14;3;3;1;5;0;1;1;0;0;0;0;1;POINT (13.30489354 52.57452647)
4;2020;8;7;3;3;2;2;0;0;1;0;1;0;0;0;POINT (13.31431918 52.49052593)
12;2020;8;8;6;3;0;1;0;0;0;0;1;0;0;1;POINT (13.32659304 52.56254506)
8;2020;8;19;4;3;5;3;0;1;1;0;0;0;0;0;POINT (13.43492566 52.43696386)
7;2020;8;17;3;3;0;4;0;1;0;1;0;0;0;0;POINT (13.38590132 52.47625114)
1;2020;8;16;2;3;0;1;0;0;0;0;1;0;0;0;POINT (13.37861833 52.54473475)
9;2020;8;19;2;3;0;1;0;1;0;0;0;0;0;0;POINT (13.54491629 52.43674962)
5;2020;8;9;4;3;4;2;0;1;1;0;0;0;0;0;POINT (13.22068711 52.5609263)
4;2020;8;12;2;3;0;5;0;0;1;0;1;0;0;1;POINT (13.29775544 52.49166166)
8;2020;8;12;1;3;3;6;0;1;1;0;0;0;0;0;POINT (13.43802046 52.4811235)
7;2020;8;15;3;3;5;2;0;1;1;0;0;0;0;0;POINT (13.40423763 52.40941196)
2;2020;8;18;2;3;5;2;0;0;1;0;0;0;1;0;POINT (13.43033991 52.49938365)
6;2020;8;0;7;3;9;1;2;0;1;0;0;0;0;0;POINT (13.20017933 52.44108844)
9;2020;8;7;5;3;5;3;0;1;1;0;0;0;0;0;POINT (13.56494198 52.44554962)
7;2020;8;16;3;2;5;2;0;0;1;0;1;0;0;1;POINT (13.38018518 52.45605623)
1;2020;8;21;2;3;5;3;1;0;1;0;0;0;0;0;POINT (13.36996504 52.55980619)
8;2020;8;14;2;3;2;6;0;1;1;0;0;0;0;0;POINT (13.44636701 52.4785268)
4;2020;8;1;5;3;5;2;2;0;1;0;0;0;0;0;POINT (13.30796669 52.48847765)
1;2020;8;16;4;3;3;6;0;1;0;0;1;0;0;0;POINT (13.38362736 52.53010848)
11;2020;8;11;3;2;6;4;0;0;1;1;0;0;0;1;POINT (13.50962217 52.50249986)
3;2020;8;7;2;2;0;1;0;1;0;0;0;0;0;0;POINT (13.42995252 52.58755665)
3;2020;8;12;4;3;4;7;0;1;0;0;0;0;1;0;POINT (13.46885106 52.55598498)
1;2020;8;15;6;3;3;6;0;1;1;0;0;0;0;0;POINT (13.39225901 52.55481799)
12;2020;8;17;4;2;5;2;0;1;1;0;0;0;0;0;POINT (13.29134883 52.58102505)
4;2020;8;13;3;3;5;3;0;0;1;0;0;0;0;1;POINT (13.28842204 52.4917338)
4;2020;8;9;2;3;2;6;0;0;1;0;0;0;0;0;POINT (13.30192202 52.50858753)
5;2020;8;13;4;3;6;4;0;0;0;0;1;0;1;0;POINT (13.20561741 52.53556305)
9;2020;8;12;2;3;0;2;0;1;0;0;1;0;0;0;POINT (13.49916791 52.44794983)
5;2020;8;22;1;3;1;7;2;0;1;0;0;0;0;0;POINT (13.15453678 52.53938696)
5;2020;8;14;3;3;1;5;0;1;1;0;0;0;0;0;POINT (13.19129791 52.55067427)
5;2020;8;12;2;3;0;1;0;0;1;0;1;0;0;1;POINT (13.20800584 52.53876918)
6;2020;8;13;7;2;5;2;0;0;1;0;1;0;0;0;POINT (13.19320032 52.4338036)
8;2020;8;5;5;3;1;7;1;0;1;0;0;0;0;0;POINT (13.43484361 52.42970826)
1;2020;8;9;2;3;2;6;0;1;0;0;0;1;0;0;POINT (13.39747708 52.52958191)
2;2020;8;20;2;3;2;2;1;1;0;0;1;0;0;1;POINT (13.41858951 52.49885683)
12;2020;8;20;2;3;2;6;1;0;1;0;1;0;0;1;POINT (13.33969837 52.5958451)
11;2020;8;15;4;3;5;3;0;1;1;0;0;0;0;0;POINT (13.50405929 52.5671478)
4;2020;8;10;3;3;5;3;0;0;1;0;0;0;0;1;POINT (13.26192666 52.51042946)
12;2020;8;15;1;3;2;6;0;0;1;0;1;0;0;1;POINT (13.3649392 52.56278046)
6;2020;8;19;3;3;5;2;0;1;0;0;0;0;1;0;POINT (13.26269979 52.45153723)
4;2020;8;18;2;3;5;3;0;1;1;0;0;0;0;0;POINT (13.31027007 52.47909897)
4;2020;8;7;2;3;5;7;0;1;1;0;0;0;0;1;POINT (13.29898776 52.50724095)
8;2020;8;16;1;3;5;3;0;1;1;0;0;0;0;0;POINT (13.49583664 52.43141961)
6;2020;8;10;3;3;2;6;0;0;1;0;0;1;0;0;POINT (13.27868046 52.43098258)
4;2020;8;12;2;3;5;3;0;0;1;0;0;0;0;1;POINT (13.28465643 52.47391881)
1;2020;8;11;2;3;2;6;0;0;1;0;0;0;1;1;POINT (13.33656673 52.52669934)
3;2020;8;8;1;3;2;6;0;0;1;0;1;0;0;0;POINT (13.43233757 52.59503232)
1;2020;8;13;3;3;5;3;0;1;1;0;0;0;0;1;POINT (13.3949538 52.53306498)
7;2020;8;18;2;3;5;3;0;1;1;0;0;0;0;0;POINT (13.38268025 52.47823211)
11;2020;8;19;6;3;5;2;1;1;1;0;0;0;0;1;POINT (13.47789414 52.51462771)
4;2020;8;12;5;3;2;6;0;0;1;0;0;0;0;0;POINT (13.3006602 52.50683826)
2;2020;8;8;2;3;5;2;0;1;1;0;0;0;0;1;POINT (13.38970239 52.49591504)
1;2020;8;19;2;3;0;1;0;1;0;0;0;0;0;0;POINT (13.38807328 52.5214293)
8;2020;8;10;4;3;0;1;0;1;0;0;0;0;0;0;POINT (13.46113007 52.47765515)
9;2020;8;8;3;3;5;3;0;1;1;0;0;0;0;1;POINT (13.5969378 52.43701383)
1;2020;8;14;1;3;5;2;0;1;0;0;0;0;1;0;POINT (13.39227946 52.50766867)
2;2020;8;18;3;3;2;6;0;1;1;0;0;0;0;0;POINT (13.47440716 52.51073135)
2;2020;8;17;2;3;0;3;0;1;1;0;0;0;0;0;POINT (13.40781619 52.49995869)
4;2020;8;4;2;3;2;6;2;0;1;0;0;0;0;0;POINT (13.3379938 52.50505994)
9;2020;8;12;7;3;0;6;0;1;0;0;0;0;0;0;POINT (13.62956015 52.44667517)
9;2020;8;18;5;3;0;1;0;1;0;0;0;0;0;0;POINT (13.57779392 52.4206496)
1;2020;8;8;3;3;5;2;0;0;1;0;0;0;0;0;POINT (13.32654738 52.53710071)
6;2020;8;12;6;2;1;5;0;1;1;0;0;0;0;0;POINT (13.29498366 52.43201749)
12;2020;8;19;4;3;5;3;0;0;1;0;0;0;0;0;POINT (13.35386108 52.56209076)
2;2020;8;17;3;3;5;3;0;1;0;0;0;0;1;1;POINT (13.44647623 52.502747)
8;2020;8;17;2;3;1;5;0;1;1;0;0;0;0;0;POINT (13.42754844 52.48713215)
11;2020;8;17;2;2;5;2;0;1;1;0;0;0;0;0;POINT (13.52939727 52.48346668)
9;2020;8;10;4;3;0;7;0;0;1;1;0;0;0;0;POINT (13.51873854 52.46052304)
6;2020;8;18;6;3;5;2;0;1;1;0;0;0;0;1;POINT (13.34835902 52.43787353)
1;2020;8;13;4;3;0;1;0;1;0;0;0;0;0;0;POINT (13.39670236 52.53246019)
9;2020;8;20;3;3;5;3;2;1;1;0;0;0;0;1;POINT (13.54219434 52.45761943)
5;2020;8;10;2;3;5;2;0;1;1;0;0;0;0;0;POINT (13.20131513 52.54775348)
1;2020;8;3;4;3;8;1;2;0;0;0;0;0;1;0;POINT (13.40340764 52.52686932)
5;2020;8;16;3;3;2;2;0;0;1;0;0;0;0;1;POINT (13.2274754 52.55890208)
6;2020;8;13;1;3;5;3;0;1;0;0;0;0;0;0;POINT (13.3350464 52.45107078)
2;2020;8;17;3;3;6;7;0;0;1;1;0;0;0;0;POINT (13.42268037 52.49065684)
5;2020;8;17;2;2;2;7;0;0;1;0;0;0;0;0;POINT (13.15728267 52.54321899)
3;2020;8;2;2;2;0;1;2;1;0;0;0;0;0;0;POINT (13.43613842 52.54519336)
9;2020;8;17;7;3;5;2;0;1;1;0;0;0;0;0;POINT (13.50279787 52.47026223)
4;2020;8;0;5;3;2;7;2;0;1;0;1;0;0;0;POINT (13.25793922 52.51803637)
1;2020;8;13;3;3;2;6;0;0;1;0;1;0;0;1;POINT (13.3711974 52.54009224)
1;2020;8;0;3;3;2;6;2;0;1;0;0;0;0;1;POINT (13.37174764 52.50946074)
5;2020;8;7;6;3;5;3;0;1;1;0;0;0;0;1;POINT (13.17174001 52.54974643)
1;2020;8;18;4;3;5;2;0;1;1;0;0;0;0;0;POINT (13.39043348 52.56296069)
3;2020;8;17;3;3;5;2;0;1;1;0;0;0;0;1;POINT (13.45794683 52.52882551)
5;2020;8;7;2;3;5;2;0;1;1;0;0;0;0;0;POINT (13.19867732 52.53278934)
6;2020;8;16;2;3;5;2;0;1;1;0;0;0;0;0;POINT (13.2615954 52.43688183)
8;2020;8;9;4;3;5;3;0;1;1;0;0;0;0;0;POINT (13.45398375 52.46920355)
7;2020;8;15;2;3;5;3;0;1;1;0;0;0;0;0;POINT (13.39754052 52.38218763)
7;2020;8;22;1;3;1;5;2;0;1;0;0;1;0;0;POINT (13.41712865 52.3946434)
3;2020;8;15;3;3;5;3;0;1;1;0;0;0;0;0;POINT (13.42700854 52.55220976)
9;2020;8;15;2;2;5;3;0;1;0;0;0;0;1;0;POINT (13.51256921 52.45915468)
4;2020;8;16;7;3;5;3;0;1;1;0;0;0;0;0;POINT (13.3310104 52.49312338)
5;2020;8;6;5;3;5;3;0;1;1;0;0;0;0;0;POINT (13.20363178 52.54338962)
9;2020;8;15;2;3;5;3;0;1;0;0;0;0;0;0;POINT (13.45376058 52.49546842)
4;2020;8;15;3;3;5;7;0;0;1;0;1;0;0;1;POINT (13.2981408 52.52433704)
3;2020;8;13;1;3;5;2;0;1;1;0;0;0;0;0;POINT (13.44444965 52.56528399)
8;2020;8;16;3;2;5;2;0;0;1;0;1;0;0;0;POINT (13.46006947 52.43197028)
3;2020;8;15;1;3;5;3;0;0;1;0;0;0;0;0;POINT (13.43316268 52.55783292)
6;2020;8;10;7;3;3;6;0;1;1;0;0;0;0;0;POINT (13.29307365 52.46266109)
2;2020;8;8;5;3;5;2;0;1;1;0;0;0;0;0;POINT (13.42963185 52.52112415)
12;2020;8;13;3;3;2;6;0;0;1;0;0;0;0;1;POINT (13.32599201 52.56144778)
7;2020;8;22;2;3;5;3;2;1;1;0;0;0;0;1;POINT (13.36670981 52.4969445)
9;2020;8;15;2;2;6;4;0;0;1;1;0;0;0;0;POINT (13.52866165 52.45226808)
10;2020;8;20;6;3;0;7;0;1;0;0;0;0;0;0;POINT (13.51904206 52.51681064)
4;2020;8;17;4;3;2;6;0;1;1;0;0;0;0;0;POINT (13.25766193 52.48722784)
1;2020;8;12;3;3;5;3;0;0;1;0;1;0;0;1;POINT (13.34580044 52.52501881)
3;2020;8;8;2;3;5;3;0;1;0;0;0;0;1;0;POINT (13.410983 52.55407775)
5;2020;8;13;4;3;3;6;0;0;1;0;1;0;0;0;POINT (13.20391412 52.54012643)
5;2020;8;13;1;1;5;3;0;1;1;0;0;0;0;0;POINT (13.19927533 52.53481205)
1;2020;8;20;1;3;5;3;2;1;1;0;0;0;0;0;POINT (13.39279177 52.54253093)
1;2020;8;14;3;3;5;2;0;0;1;0;1;0;0;0;POINT (13.37588772 52.52846049)
2;2020;8;9;1;2;0;2;0;1;0;0;0;0;1;0;POINT (13.44049317 52.51851783)
12;2020;8;13;7;3;5;5;0;0;1;0;0;0;0;0;POINT (13.35393979 52.59657009)
11;2020;8;12;5;3;5;2;0;1;1;0;0;0;0;0;POINT (13.45882805 52.52659694)
1;2020;8;12;2;3;5;2;0;1;1;0;0;0;0;0;POINT (13.42116893 52.50978613)
5;2020;8;19;2;3;3;2;0;0;1;0;1;0;0;1;POINT (13.20098565 52.51216943)
7;2020;8;12;2;3;2;6;0;0;1;0;0;0;0;0;POINT (13.37848683 52.47740217)
1;2020;8;15;4;3;6;4;0;1;0;1;0;0;0;0;POINT (13.40410934 52.52253538)
1;2020;8;15;2;3;5;2;0;1;1;0;0;0;0;0;POINT (13.42118332 52.50980631)
7;2020;8;20;2;3;5;2;0;0;1;0;0;0;0;1;POINT (13.3474614 52.47054774)
12;2020;8;22;2;3;5;2;2;0;1;0;0;0;0;0;POINT (13.36453938 52.56269048)
1;2020;8;21;5;3;1;5;2;0;1;0;0;0;0;0;POINT (13.38991473 52.54625947)
12;2020;8;15;4;3;5;3;0;0;1;0;0;0;0;0;POINT (13.37139424 52.56412925)
9;2020;8;11;3;3;2;6;0;0;1;0;0;0;0;1;POINT (13.5212017 52.46650458)
1;2020;8;19;1;3;5;7;0;1;0;0;0;0;0;0;POINT (13.35130192 52.54669371)
12;2020;8;7;3;3;6;7;0;0;1;1;0;0;0;0;POINT (13.28577377 52.58765677)
5;2020;8;11;1;1;6;4;0;0;0;1;0;0;1;0;POINT (13.19759384 52.52356261)
2;2020;8;7;1;3;5;2;0;1;0;0;0;0;1;0;POINT (13.38784098 52.49276645)
1;2020;8;11;3;3;2;2;0;0;1;0;1;0;0;0;POINT (13.37708124 52.55635961)
3;2020;8;9;1;3;5;2;0;0;1;0;0;0;0;0;POINT (13.44167884 52.54624892)
8;2020;8;18;6;3;5;3;0;1;0;0;0;0;1;1;POINT (13.44059284 52.48204442)
9;2020;8;10;5;3;5;3;0;0;1;0;1;0;0;0;POINT (13.50809736 52.45029743)
1;2020;8;12;2;3;2;6;0;0;0;0;1;0;1;0;POINT (13.38186488 52.55622214)
2;2020;8;8;4;3;0;1;0;1;0;0;0;0;0;0;POINT (13.40048616 52.49443354)
7;2020;8;8;3;3;2;6;0;0;1;0;0;0;0;0;POINT (13.37183903 52.46961897)
9;2020;8;13;1;3;5;2;0;0;1;0;0;0;0;0;POINT (13.4833603 52.46250898)
8;2020;8;17;3;3;5;3;0;1;1;0;0;0;0;0;POINT (13.44299358 52.48234859)
2;2020;8;10;1;3;3;2;0;1;0;0;0;1;0;0;POINT (13.44670452 52.50278534)
2;2020;8;14;2;3;2;7;0;1;0;0;0;0;1;0;POINT (13.39342599 52.50442961)
10;2020;8;16;7;3;6;7;0;0;1;1;0;0;0;0;POINT (13.56328748 52.56419743)
8;2020;8;15;5;3;5;3;0;0;1;0;0;0;0;0;POINT (13.47735349 52.41367572)
4;2020;8;10;3;3;5;3;0;0;1;0;0;0;0;1;POINT (13.30378649 52.49931339)
9;2020;8;14;1;3;6;7;0;1;0;1;0;0;0;0;POINT (13.48149808 52.45248148)
6;2020;8;19;3;2;0;1;0;1;0;0;0;0;0;0;POINT (13.22498517 52.422302)
2;2020;8;9;1;3;5;2;0;0;1;0;1;0;0;0;POINT (13.45463385 52.50290473)
10;2020;8;13;2;3;0;3;0;0;0;0;0;0;1;0;POINT (13.53366658 52.52555046)
1;2020;8;7;1;3;3;6;0;1;1;0;0;0;0;0;POINT (13.35876515 52.54653517)
4;2020;8;19;5;3;5;2;0;1;1;0;0;0;0;0;POINT (13.32610463 52.53837732)
1;2020;8;8;3;3;1;5;0;0;1;0;1;0;0;0;POINT (13.41020256 52.5247532)
6;2020;8;17;6;3;0;3;0;0;1;0;1;0;0;0;POINT (13.29442539 52.42701411)
11;2020;8;8;4;3;0;1;0;0;0;0;1;0;0;0;POINT (13.50181867 52.49830435)
4;2020;8;18;3;3;1;5;0;1;1;0;0;0;0;1;POINT (13.30992209 52.4787709)
4;2020;8;18;2;3;5;3;0;1;1;0;0;0;0;0;POINT (13.33203855 52.49316074)
1;2020;8;10;2;3;0;1;0;0;0;0;1;0;0;1;POINT (13.39275797 52.53714676)
3;2020;8;12;4;3;1;5;0;1;1;0;0;0;0;0;POINT (13.49516047 52.6121186)
12;2020;8;15;3;3;5;3;0;0;1;0;0;0;0;1;POINT (13.33918603 52.59583073)
11;2020;8;13;1;3;6;4;0;1;0;1;0;0;0;0;POINT (13.48009402 52.53827992)
1;2020;8;16;3;2;2;6;0;0;1;0;1;0;0;0;POINT (13.36671784 52.51038707)
2;2020;8;22;1;2;0;1;2;1;0;0;0;0;0;0;POINT (13.43541763 52.52336159)
7;2020;8;19;2;3;5;2;2;0;0;0;1;0;1;1;POINT (13.37816487 52.46630881)
1;2020;8;11;7;3;5;3;0;0;1;0;0;0;1;0;POINT (13.34975308 52.503063)
12;2020;8;13;5;3;5;3;0;1;1;0;0;0;0;0;POINT (13.28072921 52.63401665)
9;2020;8;13;3;3;5;3;0;0;1;0;0;0;0;1;POINT (13.57988077 52.41827338)
1;2020;8;8;2;3;0;6;0;1;0;0;0;0;0;0;POINT (13.33898533 52.55047154)
4;2020;8;9;2;3;5;2;0;0;1;0;0;0;0;1;POINT (13.31313654 52.54427836)
1;2020;8;21;6;3;1;5;2;1;1;0;0;0;0;0;POINT (13.37199445 52.53263612)
4;2020;8;17;4;3;0;3;0;0;1;0;1;0;0;0;POINT (13.30186532 52.49451492)
1;2020;8;13;3;3;2;6;0;0;1;0;0;0;0;1;POINT (13.38975079 52.56244312)
2;2020;8;4;2;3;0;7;2;1;0;0;0;0;0;0;POINT (13.45110426 52.52722643)
9;2020;8;14;3;3;5;2;0;1;1;0;0;0;0;1;POINT (13.512444 52.46280045)
10;2020;8;7;3;3;5;3;0;1;1;0;0;0;0;0;POINT (13.61592602 52.48470337)
1;2020;8;10;2;3;5;7;0;0;1;0;0;0;1;1;POINT (13.34528702 52.52620105)
11;2020;8;9;6;2;6;2;0;0;1;1;0;0;0;1;POINT (13.48926987 52.54241272)
4;2020;8;19;4;3;5;2;0;1;1;0;0;0;0;0;POINT (13.28685242 52.4956639)
8;2020;8;17;3;3;3;6;0;0;1;0;0;0;1;1;POINT (13.42913385 52.4715018)
3;2020;8;16;2;3;5;3;0;1;0;0;0;0;0;0;POINT (13.40426292 52.54058094)
3;2020;8;9;1;3;0;1;0;0;0;0;1;0;0;0;POINT (13.37992088 52.5910588)
12;2020;8;9;4;3;6;2;0;0;0;1;0;0;1;0;POINT (13.28352443 52.59005252)
9;2020;8;20;1;2;5;2;0;1;1;0;0;0;0;0;POINT (13.48974827 52.46786799)
2;2020;8;7;1;3;5;7;0;1;0;0;1;0;0;0;POINT (13.4114395 52.50489487)
5;2020;8;15;3;2;4;7;0;0;1;0;0;0;0;0;POINT (13.19078508 52.53649912)
1;2020;8;20;1;3;5;3;0;1;1;0;0;0;0;0;POINT (13.38384687 52.55516418)
2;2020;8;3;7;3;0;1;2;1;0;0;0;0;0;0;POINT (13.4419109 52.50110248)
8;2020;8;7;5;3;3;6;2;1;1;0;0;0;0;0;POINT (13.46769713 52.43367255)
9;2020;8;6;3;3;2;6;0;0;1;0;0;0;0;1;POINT (13.55910512 52.44846836)
2;2020;8;21;2;3;3;6;1;0;1;0;1;0;0;1;POINT (13.4347186 52.50864357)
9;2020;8;15;2;3;5;3;0;1;0;0;0;0;1;0;POINT (13.50810575 52.45032239)
11;2020;8;10;2;2;5;3;0;0;1;0;1;0;0;1;POINT (13.54391191 52.56807546)
2;2020;8;15;5;2;6;7;0;1;0;1;0;0;0;0;POINT (13.42877458 52.49938899)
3;2020;8;16;4;2;0;1;0;1;0;0;0;0;0;0;POINT (13.38821468 52.58872526)
1;2020;8;12;3;3;0;1;0;0;1;0;1;0;0;1;POINT (13.39262248 52.53706051)
3;2020;8;7;2;3;6;4;0;0;0;1;0;0;1;0;POINT (13.4583642 52.54995928)
4;2020;8;12;4;3;5;2;0;1;1;0;0;0;1;0;POINT (13.28674877 52.49585178)
3;2020;8;19;1;3;5;3;0;1;1;0;0;0;0;0;POINT (13.39239506 52.57542493)
1;2020;8;9;1;3;5;3;0;1;0;0;0;0;1;0;POINT (13.38455166 52.55600891)
8;2020;8;13;3;3;2;7;0;0;1;0;0;0;1;0;POINT (13.42979254 52.46834341)
4;2020;8;14;4;3;2;3;0;1;1;0;0;0;0;0;POINT (13.2386082 52.52223836)
2;2020;8;18;1;3;2;6;0;1;0;0;0;0;0;0;POINT (13.38854267 52.50155521)
2;2020;8;11;1;3;5;3;0;0;1;0;1;0;0;0;POINT (13.41413699 52.49857936)
12;2020;8;15;3;3;2;6;0;0;1;0;0;0;0;0;POINT (13.3640468 52.56401334)
10;2020;8;18;1;2;5;3;0;0;1;0;0;0;0;0;POINT (13.61331933 52.50878781)
10;2020;8;15;7;3;5;3;0;0;1;0;0;0;0;0;POINT (13.57226128 52.54301785)
5;2020;8;5;5;3;5;3;0;0;1;0;0;0;1;0;POINT (13.19721294 52.56203931)
1;2020;8;15;2;3;5;2;0;1;1;0;0;0;0;0;POINT (13.38001716 52.55606115)
6;2020;8;20;2;2;5;2;0;1;1;0;0;0;0;1;POINT (13.29027306 52.42784756)
1;2020;8;13;2;3;0;3;0;1;0;0;1;0;0;0;POINT (13.3452287 52.53909214)
5;2020;8;9;2;3;5;2;0;0;0;0;0;1;1;1;POINT (13.19451794 52.53370424)
2;2020;8;20;5;3;1;5;0;1;1;0;0;0;0;0;POINT (13.41837281 52.50000457)
4;2020;8;15;4;3;5;2;0;1;1;0;0;0;0;0;POINT (13.32334949 52.49348436)
9;2020;8;10;3;3;4;6;0;0;1;0;0;0;0;1;POINT (13.56590832 52.43940238)
4;2020;8;16;1;3;5;3;0;1;1;0;0;0;0;0;POINT (13.28621811 52.48728431)
1;2020;8;20;3;3;4;6;1;1;0;0;0;0;1;0;POINT (13.39687602 52.53712066)
3;2020;8;15;1;2;5;2;0;1;1;0;0;0;0;0;POINT (13.45907266 52.52906964)
1;2020;8;14;2;3;6;4;0;0;1;1;0;0;0;0;POINT (13.35427718 52.54146092)
4;2020;8;18;1;3;6;7;0;1;0;1;0;0;0;0;POINT (13.29574881 52.47396193)
2;2020;8;9;3;3;1;5;0;1;1;0;0;0;0;0;POINT (13.39101672 52.50353951)
11;2020;8;17;1;2;6;4;0;0;1;1;0;0;0;0;POINT (13.52099931 52.56663751)
4;2020;8;18;6;3;5;2;0;0;1;0;0;0;0;1;POINT (13.33083254 52.48613328)
5;2020;8;19;4;2;9;1;0;0;0;0;1;0;0;0;POINT (13.19484915 52.54506394)
9;2020;8;21;3;3;5;2;2;0;1;0;0;0;0;1;POINT (13.49133714 52.46912448)
11;2020;8;11;2;3;2;6;0;0;1;0;1;0;0;0;POINT (13.51131908 52.50425112)
4;2020;8;17;1;3;5;2;0;0;1;0;1;0;0;0;POINT (13.29445085 52.49156765)
9;2020;8;16;6;2;0;3;0;0;1;0;0;0;1;0;POINT (13.48833902 52.45129124)
2;2020;8;12;5;3;0;1;0;0;0;0;1;0;0;0;POINT (13.4670384 52.50270067)
2;2020;8;9;2;3;0;5;0;1;1;0;0;0;0;1;POINT (13.42097226 52.50366873)
11;2020;8;20;2;3;5;2;1;1;1;0;0;0;0;1;POINT (13.47542954 52.50197252)
12;2020;8;14;4;2;6;4;0;0;1;1;0;0;0;0;POINT (13.34827629 52.56724255)
8;2020;8;9;3;3;6;7;0;0;0;1;0;0;1;1;POINT (13.43551748 52.48089729)
4;2020;8;15;1;3;5;3;0;0;1;0;1;0;0;0;POINT (13.30524414 52.49327928)
1;2020;8;17;3;3;3;6;0;1;0;0;0;0;1;0;POINT (13.38914767 52.51499298)
11;2020;8;17;1;3;5;2;0;1;0;0;0;0;1;0;POINT (13.4850016 52.5334623)
7;2020;8;13;2;3;2;6;0;1;0;0;0;0;0;0;POINT (13.34589302 52.49458149)
8;2020;8;7;1;3;5;3;0;0;1;0;0;0;0;0;POINT (13.47918609 52.4366601)
11;2020;8;18;5;3;5;3;0;1;1;0;0;0;0;0;POINT (13.52258766 52.48708948)
6;2020;8;8;3;2;5;2;0;1;1;0;0;0;0;0;POINT (13.26444459 52.43370524)
7;2020;8;9;2;3;5;3;0;0;1;0;0;0;0;1;POINT (13.40317365 52.46342973)
8;2020;8;14;6;3;2;6;0;0;1;0;0;0;0;0;POINT (13.45451222 52.42350682)
9;2020;8;19;4;3;5;3;0;1;1;0;0;0;0;0;POINT (13.56938603 52.44475373)
1;2020;8;18;3;3;0;6;0;0;1;0;0;0;1;1;POINT (13.36054991 52.53742649)
10;2020;8;17;2;3;5;3;0;0;1;0;1;0;0;0;POINT (13.58150857 52.50149177)
4;2020;8;9;2;3;0;5;0;1;1;0;0;0;0;1;POINT (13.3226605 52.48817325)
11;2020;8;10;4;3;5;7;0;0;1;0;0;0;1;0;POINT (13.51964723 52.50588133)
4;2020;8;15;3;3;5;2;0;1;1;0;0;0;0;1;POINT (13.30835572 52.51677178)
2;2020;8;13;1;3;8;1;0;0;1;0;0;0;0;0;POINT (13.38612439 52.50633129)
8;2020;8;15;3;3;5;3;0;0;1;0;0;0;0;0;POINT (13.46635024 52.43350002)
1;2020;8;5;4;2;5;2;0;0;0;0;1;0;1;0;POINT (13.38803194 52.52166548)
7;2020;8;16;3;3;0;7;0;1;0;0;0;0;1;1;POINT (13.42029189 52.39481451)
10;2020;8;7;1;3;0;5;0;1;1;0;0;0;0;0;POINT (13.55352472 52.54605696)
4;2020;8;17;3;2;5;2;0;0;1;0;1;0;1;0;POINT (13.31258831 52.46864305)
11;2020;8;17;1;3;4;6;0;0;1;0;0;0;0;0;POINT (13.54426904 52.56798801)
8;2020;8;13;2;3;5;3;0;0;1;0;0;0;0;0;POINT (13.48358189 52.43127937)
1;2020;8;16;7;2;0;1;0;0;0;0;1;0;0;0;POINT (13.38330533 52.53064739)
2;2020;8;15;5;3;0;7;0;0;0;0;1;0;0;0;POINT (13.43433132 52.50406191)
1;2020;8;14;3;3;5;3;0;1;0;0;0;0;1;1;POINT (13.39902968 52.53264238)
8;2020;8;7;3;3;5;3;0;1;1;0;0;0;0;0;POINT (13.47466386 52.43885763)
5;2020;8;8;6;3;5;2;0;0;1;0;1;0;0;1;POINT (13.19769315 52.52298904)
1;2020;8;18;4;2;6;4;0;1;0;1;0;0;0;0;POINT (13.34545095 52.52506247)
8;2020;8;17;3;3;0;7;0;0;0;1;0;0;1;1;POINT (13.43407583 52.48023549)
1;2020;8;6;2;2;8;1;0;0;1;0;0;0;0;0;POINT (13.4012524 52.51095929)
1;2020;8;16;1;3;5;2;0;0;1;0;1;0;0;0;POINT (13.39803014 52.51289058)
7;2020;8;9;4;3;0;5;0;0;0;0;1;0;1;0;POINT (13.37193621 52.49245764)
1;2020;8;16;1;3;2;6;0;0;1;0;1;0;0;0;POINT (13.38473085 52.55599418)