bez;ujahr;umonat;ustunde;uwochentag;ukategorie;uart;utyp1;ulichtverh;istrad;istpkw;istfuss;istkrad;istgkfz;istsonstige;ustrzustand;geometry
12;2020;8;11;1;3;0;2;0;0;0;0;0;1;1;0;POINT (13.29793883 52.57818535)
1;2020;8;15;3;3;0;2;0;1;1;0;0;0;0;0;POINT (13.40118735 52.51041861)
2;2020;8;16;1;3;0;1;0;0;1;0;1;0;0;0;POINT (13.44794227 52.51750995)
11;2020;8;12;7;3;5;3;0;1;0;0;0;0;0;0;POINT (13.52297289 52.47666948)
10;2020;8;7;5;3;4;6;0;1;0;0;0;0;0;0;POINT (13.51929028 52.52712983)
6;2020;8;16;3;2;3;6;0;1;0;0;0;0;0;1;POINT (13.26428279 52.42071338)
8;2020;8;20;2;3;1;5;1;0;1;0;1;0;0;1;POINT (13.44131864 52.4665039)
5;2020;8;14;2;3;2;6;0;0;1;0;1;0;0;0;POINT (13.1811603 52.48129396)
2;2020;8;8;2;3;5;2;0;1;1;0;0;0;0;0;POINT (13.43288187 52.51782248)
3;2020;8;8;5;3;0;2;0;1;1;0;0;0;0;0;POINT (13.4423606 52.59090003)
3;2020;8;16;4;3;5;2;0;1;1;0;0;0;0;0;POINT (13.40966682 52.53850553)
4;2020;8;15;1;3;1;5;0;0;1;0;1;0;0;0;POINT (13.25692259 52.50744504)
3;2020;8;11;7;3;2;2;0;0;1;0;0;0;0;0;POINT (13.3958082 52.56594332)
8;2020;8;9;5;3;6;4;0;0;1;1;0;0;0;0;POINT (13.43293562 52.4606493)
2;2020;8;13;3;3;6;4;0;1;0;1;0;0;0;1;POINT (13.44997024 52.50752175)
1;2020;8;16;2;3;6;7;0;1;0;1;0;0;0;1;POINT (13.34139516 52.50513866)
9;2020;8;15;2;3;5;3;0;1;1;0;0;0;0;0;POINT (13.71105238 52.43281658)
6;2020;8;20;6;3;1;5;0;1;1;0;0;0;0;1;POINT (13.31965708 52.4125379)
8;2020;8;14;4;3;0;7;0;0;0;0;1;0;0;1;POINT (13.43346836 52.44406406)
4;2020;8;13;3;3;2;6;0;0;1;0;0;0;0;1;POINT (13.30993447 52.50643864)
7;2020;8;9;2;3;5;2;0;1;1;0;0;0;0;0;POINT (13.42146559 52.46524738)
8;2020;8;13;4;3;2;6;0;0;1;0;0;0;0;0;POINT (13.47296954 52.43749093)
9;2020;8;15;1;3;0;3;0;0;1;0;1;0;0;0;POINT (13.68402639 52.44344372)
4;2020;8;20;1;3;5;2;2;1;1;0;0;0;0;0;POINT (13.30296836 52.50553484)
7;2020;8;14;3;3;0;4;0;0;0;1;0;0;1;0;POINT (13.35040889 52.49751864)
9;2020;8;15;1;3;5;3;0;1;1;0;0;0;0;0;POINT (13.52667809 52.42458775)
11;2020;8;13;7;2;6;4;0;0;1;1;0;0;0;0;POINT (13.50396508 52.57411278)
8;2020;8;12;5;3;5;2;0;1;1;0;0;0;0;0;POINT (13.45581336 52.47378908)
1;2020;8;17;2;3;1;1;0;1;1;0;0;0;0;0;POINT (13.40183708 52.53045615)
5;2020;8;19;2;3;0;6;0;0;0;0;0;1;1;1;POINT (13.15472571 52.5217632)
9;2020;8;20;2;3;0;3;2;1;1;0;0;0;0;1;POINT (13.45790803 52.48614341)
6;2020;8;15;4;3;6;6;0;0;1;1;0;0;0;0;POINT (13.3448078 52.45168532)
8;2020;8;10;3;3;5;3;0;1;1;0;0;0;0;1;POINT (13.44236199 52.46586981)
1;2020;8;15;1;3;5;3;0;0;0;0;1;0;1;0;POINT (13.38995592 52.50944393)
2;2020;8;19;3;3;2;6;0;1;1;0;0;0;0;0;POINT (13.44904633 52.51303861)
8;2020;8;15;1;3;5;7;0;0;1;0;0;0;0;0;POINT (13.40795253 52.48229066)
7;2020;8;11;3;3;8;1;0;0;1;0;0;0;0;1;POINT (13.36944913 52.45838528)
10;2020;8;7;2;3;5;3;0;0;1;0;0;0;0;0;POINT (13.61987631 52.5169991)
5;2020;8;8;4;1;6;4;0;0;1;1;0;0;0;0;POINT (13.20532044 52.53955129)
1;2020;8;14;1;3;5;3;0;0;1;0;1;0;0;0;POINT (13.39146195 52.51221319)
11;2020;8;8;1;3;1;5;0;1;1;0;0;0;0;0;POINT (13.4654444 52.52873558)
4;2020;8;13;3;3;5;7;0;0;1;0;0;0;1;0;POINT (13.26767109 52.51228341)
8;2020;8;14;1;3;5;3;0;0;1;0;0;0;0;0;POINT (13.41972201 52.44070664)
1;2020;8;19;6;3;5;2;0;1;1;0;0;0;0;0;POINT (13.42121623 52.50985244)
1;2020;8;10;5;3;6;4;0;1;0;1;0;0;0;0;POINT (13.40210462 52.5287012)
2;2020;8;10;2;3;5;2;0;0;1;0;1;0;0;1;POINT (13.46661944 52.50125379)
12;2020;8;12;2;2;6;7;0;1;0;1;0;0;0;0;POINT (13.32167275 52.61393753)
3;2020;8;8;2;3;1;5;0;1;1;0;0;0;0;0;POINT (13.40864059 52.53753384)
10;2020;8;0;4;2;0;6;2;0;1;0;0;0;1;0;POINT (13.55889738 52.54784893)
5;2020;8;8;3;3;5;3;0;0;1;0;0;0;0;0;POINT (13.13962647 52.52497301)
3;2020;8;14;1;3;5;2;0;0;1;0;0;0;0;0;POINT (13.42765399 52.56793981)
11;2020;8;18;3;3;1;5;0;1;1;0;0;0;0;0;POINT (13.51993231 52.4947905)
6;2020;8;8;1;3;6;7;0;1;0;1;0;0;0;0;POINT (13.16177377 52.42051201)
4;2020;8;13;2;3;2;6;0;0;1;0;0;1;0;0;POINT (13.27361275 52.50873746)
4;2020;8;13;7;3;6;4;0;0;1;1;0;0;0;0;POINT (13.33298049 52.48037253)
7;2020;8;13;5;2;5;3;0;1;1;0;0;0;0;0;POINT (13.37832426 52.45180465)
4;2020;8;8;3;3;2;6;0;0;1;0;0;0;0;0;POINT (13.33099659 52.49362177)
2;2020;8;13;6;3;1;5;0;1;1;0;0;0;0;1;POINT (13.46699257 52.50931313)
1;2020;8;19;4;2;5;2;0;1;0;0;0;0;1;0;POINT (13.39114127 52.53621262)
4;2020;8;13;2;3;1;5;0;1;1;0;0;0;0;0;POINT (13.2960337 52.49660355)
5;2020;8;16;1;3;5;2;0;0;0;0;1;0;0;1;POINT (13.20978022 52.54789754)
5;2020;8;19;5;3;0;3;0;1;1;0;0;0;0;0;POINT (13.19776768 52.53503961)
1;2020;8;9;3;3;5;2;0;1;1;0;0;0;0;0;POINT (13.36574874 52.55713445)
8;2020;8;16;6;3;0;1;0;1;0;0;0;0;0;0;POINT (13.42417766 52.48663284)
8;2020;8;13;4;3;1;5;0;0;1;0;0;0;1;0;POINT (13.44211595 52.4806275)
2;2020;8;18;3;3;5;2;0;1;1;0;0;0;0;1;POINT (13.43288093 52.51781931)
4;2020;8;17;2;3;2;6;0;0;1;0;1;0;0;0;POINT (13.33084882 52.50363642)
5;2020;8;12;4;2;3;6;0;0;1;0;0;1;1;0;POINT (13.23010941 52.52811425)
9;2020;8;16;3;3;2;6;0;0;1;0;0;0;1;1;POINT (13.50088759 52.43541092)
2;2020;8;13;1;2;5;7;0;1;1;0;0;0;0;0;POINT (13.44210073 52.51258436)
8;2020;8;16;3;3;5;3;0;1;0;0;1;0;0;0;POINT (13.46811746 52.42783876)
1;2020;8;11;1;3;5;2;0;1;0;0;0;0;1;0;POINT (13.35858485 52.5541585)
8;2020;8;12;2;2;1;5;0;1;1;0;0;0;0;1;POINT (13.43642456 52.42498408)
12;2020;8;16;7;3;6;4;0;0;1;1;0;0;0;0;POINT (13.32885682 52.56506368)
3;2020;8;14;5;3;5;2;0;1;1;0;0;0;0;0;POINT (13.45705995 52.56092579)
11;2020;8;13;3;3;5;2;0;1;1;0;0;0;0;1;POINT (13.48596299 52.52076851)
12;2020;8;13;2;3;5;2;0;1;1;0;0;0;0;0;POINT (13.31043666 52.56795586)
4;2020;8;1;6;3;0;1;2;0;0;0;0;0;1;0;POINT (13.29157297 52.51081086)
7;2020;8;17;4;3;2;6;0;1;1;0;0;0;0;0;POINT (13.35878102 52.49045442)
9;2020;8;11;3;3;5;3;0;0;1;0;0;0;0;1;POINT (13.527163 52.43778323)
3;2020;8;7;2;3;5;3;0;1;1;0;0;0;0;0;POINT (13.40764665 52.57390702)
2;2020;8;8;4;3;5;3;0;1;0;0;0;0;1;0;POINT (13.37417835 52.50060623)
2;2020;8;8;1;3;3;6;0;0;0;0;0;0;1;0;POINT (13.42334283 52.48852043)
8;2020;8;22;1;3;5;3;2;0;1;0;1;0;0;0;POINT (13.43772155 52.42177256)
2;2020;8;17;3;3;5;2;0;1;1;0;0;0;0;1;POINT (13.44671639 52.50261777)
10;2020;8;17;2;3;5;3;0;0;1;0;0;0;0;0;POINT (13.59760277 52.48337143)
7;2020;8;7;1;3;2;2;0;0;1;0;0;0;0;0;POINT (13.4160474 52.40755557)
4;2020;8;10;4;3;5;2;0;0;1;0;0;0;0;0;POINT (13.31400143 52.50701279)
11;2020;8;7;1;3;2;2;0;0;1;0;0;0;0;0;POINT (13.47355395 52.53619197)
1;2020;8;14;3;3;1;5;0;0;1;0;1;0;0;1;POINT (13.37222149 52.54208488)
8;2020;8;12;1;3;6;4;0;0;1;1;0;0;0;0;POINT (13.43212443 52.46610015)
5;2020;8;15;3;3;0;7;0;0;0;0;0;1;0;0;POINT (13.20482514 52.5300486)
3;2020;8;5;1;3;2;6;1;0;1;0;0;1;0;0;POINT (13.46806067 52.55390374)
12;2020;8;6;7;3;1;1;0;0;1;0;0;0;0;0;POINT (13.32156977 52.60549585)
1;2020;8;8;5;3;5;5;0;0;1;0;1;0;0;0;POINT (13.42688879 52.50791854)
6;2020;8;7;3;3;1;5;0;1;1;0;0;0;0;0;POINT (13.18417958 52.42399637)
7;2020;8;21;2;2;6;4;1;0;1;1;0;0;0;1;POINT (13.36215326 52.49767295)
1;2020;8;15;2;3;5;3;0;0;1;0;0;0;1;0;POINT (13.36045047 52.54848581)
9;2020;8;19;6;3;0;1;0;1;1;0;0;0;0;1;POINT (13.45826517 52.48577828)
6;2020;8;20;4;2;5;2;0;1;1;0;0;0;0;0;POINT (13.30968227 52.43145548)
12;2020;8;12;3;3;5;3;0;0;1;0;0;0;1;1;POINT (13.3671532 52.59726164)
4;2020;8;7;2;3;6;4;0;0;1;1;0;0;0;0;POINT (13.29621246 52.48372553)
6;2020;8;13;4;3;1;5;0;0;1;0;0;1;0;0;POINT (13.28174725 52.43203588)
7;2020;8;0;1;3;5;3;2;0;1;0;0;0;0;0;POINT (13.35427124 52.48343034)
7;2020;8;19;1;3;0;1;0;1;1;0;0;0;0;0;POINT (13.35594308 52.49895543)
2;2020;8;12;3;3;0;1;0;1;0;0;0;0;0;0;POINT (13.45108694 52.50854173)
11;2020;8;13;1;3;3;6;0;0;1;0;1;0;0;0;POINT (13.46907938 52.53117868)
7;2020;8;10;6;2;3;6;0;0;0;0;0;0;1;1;POINT (13.39291733 52.43995713)
1;2020;8;11;5;3;5;3;0;1;1;0;0;0;0;0;POINT (13.37212526 52.5486445)
2;2020;8;13;2;3;6;4;0;1;0;1;0;0;0;0;POINT (13.38961788 52.48970639)
5;2020;8;15;3;3;2;6;0;0;1;0;1;0;0;0;POINT (13.24895574 52.55160286)
10;2020;8;12;1;3;5;3;0;0;1;0;1;0;0;0;POINT (13.53233976 52.52335462)
2;2020;8;15;7;3;6;7;0;1;0;1;0;0;0;0;POINT (13.42808473 52.49935408)
1;2020;8;6;5;3;2;3;0;1;0;0;0;0;0;0;POINT (13.3508775 52.53933632)
1;2020;8;12;2;3;0;1;0;1;0;0;0;0;0;0;POINT (13.40296935 52.5243961)
12;2020;8;20;2;3;1;5;1;0;1;0;0;0;0;1;POINT (13.27530511 52.57106564)
7;2020;8;13;2;3;2;6;0;0;1;0;0;0;0;0;POINT (13.39100217 52.41233812)
12;2020;8;20;5;3;1;5;2;0;1;0;0;0;0;0;POINT (13.35115926 52.60389449)
12;2020;8;16;4;3;6;7;0;0;1;1;0;0;0;0;POINT (13.31723295 52.57709915)
1;2020;8;10;3;3;2;6;0;0;1;0;0;0;0;1;POINT (13.42365774 52.51354862)
1;2020;8;9;1;3;1;5;0;1;1;0;0;0;0;0;POINT (13.37509242 52.50720549)
6;2020;8;20;3;2;5;3;0;1;1;0;0;0;0;0;POINT (13.32235445 52.45653689)
4;2020;8;12;1;3;0;4;0;0;1;1;0;0;0;0;POINT (13.32173719 52.4864176)
9;2020;8;18;1;3;2;6;0;0;1;0;0;0;0;0;POINT (13.50261897 52.48101146)
5;2020;8;9;3;3;5;2;0;0;1;0;0;0;0;0;POINT (13.20076048 52.53858902)
11;2020;8;11;1;3;5;2;0;1;1;0;0;0;0;0;POINT (13.50957556 52.49626329)
11;2020;8;18;6;3;5;2;0;1;1;0;0;0;0;1;POINT (13.485003 52.53345262)
9;2020;8;10;5;3;2;6;0;0;1;0;0;0;0;0;POINT (13.55837245 52.43471049)
1;2020;8;18;2;3;3;6;0;1;0;0;1;0;0;0;POINT (13.39865427 52.52340048)
12;2020;8;8;4;3;5;3;0;1;1;0;0;0;0;0;POINT (13.29507547 52.63721092)
12;2020;8;7;3;3;5;3;0;1;1;0;0;0;0;1;POINT (13.33391303 52.58249284)
2;2020;8;17;1;3;5;2;0;1;1;0;0;0;0;1;POINT (13.43871027 52.51252077)
12;2020;8;20;2;3;0;1;1;1;0;0;0;0;0;1;POINT (13.30120889 52.59953431)
3;2020;8;15;4;3;5;2;0;1;1;0;0;0;0;0;POINT (13.41049809 52.55098375)
4;2020;8;9;3;3;5;2;0;1;1;0;0;0;0;1;POINT (13.33132848 52.48610628)
4;2020;8;15;1;3;6;7;0;0;1;1;0;0;0;0;POINT (13.33209478 52.50622573)
2;2020;8;18;3;3;3;6;0;0;1;0;1;0;0;0;POINT (13.39569188 52.49835896)
1;2020;8;11;1;2;5;2;0;1;1;0;0;0;0;0;POINT (13.39157842 52.55542962)
1;2020;8;12;2;2;5;2;0;1;0;0;0;1;0;0;POINT (13.41597105 52.52709278)
11;2020;8;9;1;3;0;7;0;0;0;0;1;0;0;0;POINT (13.48447033 52.50224446)
4;2020;8;19;5;2;5;5;0;1;1;0;0;0;0;0;POINT (13.32430198 52.49745586)
4;2020;8;10;3;3;2;6;0;0;1;0;0;0;1;0;POINT (13.25987813 52.51672033)
4;2020;8;8;2;3;2;6;0;0;1;0;0;0;0;1;POINT (13.28830415 52.50656357)
11;2020;8;14;6;3;1;5;0;0;1;0;0;0;1;0;POINT (13.49691184 52.53190717)
11;2020;8;15;4;2;5;3;0;1;1;0;0;0;0;0;POINT (13.48118542 52.53867079)
7;2020;8;18;3;3;0;6;0;0;1;0;1;0;0;1;POINT (13.36698386 52.48168752)
11;2020;8;17;2;3;5;3;0;1;1;0;0;0;0;0;POINT (13.47539078 52.50139701)
7;2020;8;7;2;3;5;2;0;1;1;0;0;0;0;1;POINT (13.32846681 52.47022147)
8;2020;8;11;4;3;1;5;0;1;1;0;0;0;0;0;POINT (13.43542578 52.41680945)
2;2020;8;15;3;3;5;3;0;1;0;0;0;0;0;1;POINT (13.43122064 52.49917921)
8;2020;8;13;1;3;5;3;0;0;1;0;1;0;0;0;POINT (13.4373793 52.44845225)
3;2020;8;16;3;3;5;2;0;0;1;0;1;0;0;0;POINT (13.43174854 52.60359642)
3;2020;8;11;1;3;2;2;0;0;1;0;0;0;0;0;POINT (13.47963336 52.64366758)
4;2020;8;11;7;3;2;6;0;0;1;0;0;0;0;0;POINT (13.31823758 52.51857283)
2;2020;8;12;5;3;9;7;0;0;0;0;1;0;0;0;POINT (13.41849103 52.49392851)
4;2020;8;13;3;3;6;4;0;1;0;1;0;0;0;1;POINT (13.33483916 52.49898838)
1;2020;8;22;2;3;0;1;2;0;0;0;1;0;0;1;POINT (13.34902078 52.51474176)
2;2020;8;16;2;3;5;3;0;1;1;0;0;0;0;0;POINT (13.41029179 52.50378507)
1;2020;9;1;7;3;2;6;2;1;0;0;0;0;0;0;POINT (13.38089214 52.51626133)
12;2020;9;18;3;3;0;1;0;0;0;0;1;0;0;1;POINT (13.35213898 52.57374978)
8;2020;9;7;2;3;3;6;0;0;1;0;0;0;1;0;POINT (13.41696989 52.41834913)
6;2020;9;17;2;3;5;3;0;0;1;0;1;0;0;0;POINT (13.25836833 52.43570609)
5;2020;8;16;1;3;0;1;0;0;0;0;1;0;0;1;POINT (13.23618824 52.55017909)
3;2020;8;16;1;3;2;2;0;0;1;0;1;0;0;1;POINT (13.42585046 52.59487574)
9;2020;9;13;6;3;5;3;0;0;1;0;0;0;0;0;POINT (13.56215762 52.44525074)
3;2020;8;15;1;3;6;4;0;0;1;1;0;0;0;0;POINT (13.424806 52.54706498)
8;2020;9;15;5;3;2;6;0;0;1;0;0;0;0;0;POINT (13.45627774 52.47375308)
8;2020;8;8;1;3;6;4;0;0;1;1;0;0;0;0;POINT (13.43718514 52.43952952)
10;2020;9;5;2;3;0;1;2;1;0;0;0;0;0;1;POINT (13.51975676 52.52572644)
7;2020;9;17;7;3;0;3;0;0;1;0;1;0;0;0;POINT (13.36222238 52.49792584)
5;2020;9;15;4;3;5;2;0;0;1;0;0;0;0;0;POINT (13.13315912 52.52634542)
2;2020;9;5;2;3;4;6;2;0;1;0;0;1;0;0;POINT (13.44563415 52.50174288)
9;2020;8;8;1;3;5;3;0;0;1;0;0;0;0;1;POINT (13.52392207 52.42923838)
7;2020;9;20;6;3;5;2;2;0;1;0;0;0;0;0;POINT (13.40677256 52.3937682)
11;2020;9;22;3;3;5;3;2;1;1;0;0;0;0;1;POINT (13.46679749 52.52850547)
1;2020;9;13;2;3;3;6;0;0;1;0;0;0;0;0;POINT (13.32836025 52.53415141)
2;2020;8;7;1;3;5;2;0;0;1;0;1;0;0;0;POINT (13.39534008 52.49682549)
12;2020;8;7;1;3;0;2;0;0;1;0;1;0;0;1;POINT (13.29796285 52.57990644)
11;2020;9;13;5;3;2;6;0;0;1;0;0;0;0;0;POINT (13.47575782 52.53285621)
2;2020;8;7;1;3;5;3;0;1;1;0;0;0;0;0;POINT (13.4055685 52.49346849)
1;2020;8;7;1;3;0;1;0;1;0;0;0;0;0;1;POINT (13.34568165 52.51647839)
4;2020;9;15;1;3;0;1;0;0;0;0;1;0;0;0;POINT (13.28701366 52.51882737)
2;2020;9;19;4;3;5;3;0;1;1;0;0;0;0;0;POINT (13.42809369 52.51766032)
8;2020;8;7;1;3;0;6;0;0;1;0;1;0;0;1;POINT (13.40239532 52.41489685)
8;2020;8;6;1;3;5;3;0;0;1;0;1;0;0;1;POINT (13.46308399 52.46954381)
6;2020;9;16;1;2;5;3;0;0;1;0;0;0;0;0;POINT (13.35859135 52.4341783)
3;2020;9;22;4;3;5;7;2;1;1;0;0;0;0;1;POINT (13.46643161 52.55800986)
3;2020;8;4;1;2;5;3;2;0;1;0;1;0;0;1;POINT (13.43166676 52.5544627)
12;2020;9;16;7;3;5;2;0;0;1;0;0;0;0;0;POINT (13.31541547 52.57792798)
9;2020;9;13;4;3;5;2;0;1;1;0;0;0;0;0;POINT (13.56263231 52.45637012)
4;2020;9;13;2;3;5;2;0;1;1;0;0;0;0;0;POINT (13.29271352 52.50670308)
5;2020;8;10;1;2;2;6;0;0;1;0;0;0;1;0;POINT (13.14330636 52.52419135)
3;2020;9;21;6;3;5;2;2;0;1;0;0;0;0;0;POINT (13.46542338 52.55191662)
12;2020;9;14;3;3;2;6;0;0;1;0;0;1;0;1;POINT (13.27055071 52.57587132)
4;2020;9;0;2;3;2;6;2;0;1;0;0;0;0;0;POINT (13.32253922 52.51179506)
3;2020;8;10;1;3;6;2;0;0;0;1;0;1;0;0;POINT (13.48754338 52.61819331)
11;2020;8;9;1;3;3;6;0;0;1;0;0;0;0;0;POINT (13.51373192 52.53511277)
2;2020;9;11;5;3;5;2;0;1;1;0;0;0;0;1;POINT (13.45502856 52.52119118)
6;2020;8;9;1;3;5;3;0;0;1;0;1;0;0;0;POINT (13.30198271 52.42014528)
1;2020;9;13;1;3;0;3;0;0;1;0;0;0;1;0;POINT (13.36793036 52.52613297)
3;2020;9;18;4;3;2;6;0;0;1;0;1;0;0;0;POINT (13.40297831 52.5968196)
2;2020;8;9;1;2;5;2;0;1;1;0;0;0;0;0;POINT (13.42639089 52.4992682)
4;2020;9;12;7;3;5;2;0;1;1;0;0;0;0;0;POINT (13.29878147 52.4732455)
3;2020;9;8;4;3;5;2;0;1;1;0;0;0;0;0;POINT (13.41102486 52.53062293)
9;2020;9;0;2;3;1;7;2;0;1;0;0;0;0;0;POINT (13.51405291 52.4468267)
2;2020;9;17;2;3;0;1;0;1;0;0;0;0;0;0;POINT (13.46056555 52.51228995)
1;2020;8;9;1;3;5;2;0;1;1;0;0;0;0;0;POINT (13.40877143 52.51199155)
1;2020;9;5;6;3;5;3;1;0;1;0;0;0;0;1;POINT (13.34295536 52.52624476)
6;2020;9;7;3;3;0;1;0;1;0;0;0;0;0;1;POINT (13.32463002 52.4346144)
5;2020;9;12;2;3;5;2;0;0;1;0;1;0;0;0;POINT (13.18366686 52.51815373)
2;2020;9;14;7;3;0;1;0;0;0;0;1;0;0;0;POINT (13.45793315 52.51274544)
1;2020;9;11;4;2;5;7;0;0;1;0;1;0;0;0;POINT (13.39975699 52.52955551)
6;2020;9;11;2;2;5;7;0;0;1;0;1;0;0;0;POINT (13.33995227 52.44398491)
9;2020;8;9;1;2;0;3;0;1;0;0;0;0;0;0;POINT (13.57960358 52.45886275)
11;2020;9;15;6;3;0;2;0;0;0;0;0;0;1;0;POINT (13.49969744 52.53449706)
4;2020;9;9;3;3;5;2;0;1;1;0;0;0;0;0;POINT (13.29965099 52.49510721)
3;2020;9;14;2;3;8;1;0;1;0;0;0;0;0;0;POINT (13.42432892 52.54647791)
1;2020;8;8;1;3;6;4;0;0;1;1;0;0;0;0;POINT (13.41729882 52.51243413)
4;2020;9;9;5;3;3;6;0;1;1;0;0;0;0;1;POINT (13.29289475 52.49657362)
4;2020;8;8;1;3;0;2;0;1;1;0;0;0;0;1;POINT (13.31726546 52.50433754)
5;2020;9;12;1;3;2;2;0;0;1;0;0;0;0;0;POINT (13.1292559 52.52717471)
1;2020;9;16;4;3;5;5;0;1;1;0;0;0;0;0;POINT (13.38819161 52.53058032)
8;2020;8;18;7;3;4;6;1;0;1;0;0;0;0;1;POINT (13.43728584 52.47452395)
1;2020;9;18;3;2;0;2;0;1;0;0;0;0;1;0;POINT (13.38318481 52.53061573)
8;2020;9;11;2;3;2;6;0;0;1;0;0;1;0;0;POINT (13.43497982 52.46115633)
5;2020;9;16;2;3;2;6;0;0;1;0;0;0;0;0;POINT (13.21477344 52.56080111)
4;2020;8;17;7;3;0;3;1;0;1;0;0;0;1;1;POINT (13.32553314 52.50841282)
9;2020;9;15;6;3;5;3;0;1;1;0;0;0;0;0;POINT (13.51924006 52.4540016)
11;2020;8;17;7;2;2;6;0;0;1;0;0;0;0;1;POINT (13.47261932 52.50507453)
4;2020;9;21;5;2;8;1;2;0;0;0;1;0;0;0;POINT (13.20521677 52.49835176)
10;2020;8;17;7;2;5;2;1;1;1;0;0;0;0;1;POINT (13.56618167 52.53425382)
3;2020;9;10;2;2;5;2;0;1;0;0;0;0;1;0;POINT (13.41206849 52.54313988)
3;2020;8;16;7;3;0;6;0;1;1;0;0;0;0;1;POINT (13.42770927 52.56793646)
12;2020;9;7;5;3;2;6;0;0;1;0;0;0;1;1;POINT (13.32650534 52.56209251)
8;2020;8;14;7;3;2;7;0;1;1;0;0;0;0;0;POINT (13.43007503 52.4696469)
1;2020;9;8;1;3;2;2;0;0;1;0;0;0;0;0;POINT (13.33693308 52.55253533)
1;2020;9;15;4;3;6;7;0;1;0;1;0;0;0;0;POINT (13.3827748 52.5305035)
9;2020;8;14;7;3;5;3;0;0;1;0;0;0;0;0;POINT (13.69733169 52.43638767)
8;2020;9;10;7;3;0;2;0;1;0;0;1;0;0;0;POINT (13.43530725 52.49133382)
2;2020;9;17;3;3;0;7;0;0;1;0;0;0;1;1;POINT (13.44070422 52.52440952)
9;2020;9;9;2;3;2;6;0;0;1;0;0;1;0;0;POINT (13.54710264 52.43140585)
4;2020;9;16;2;3;0;2;0;1;1;0;0;0;0;0;POINT (13.31765135 52.50614724)
7;2020;8;13;7;3;6;4;0;0;1;1;0;0;0;0;POINT (13.4038106 52.43957161)
12;2020;8;12;7;2;8;1;0;0;1;0;0;0;0;0;POINT (13.22920934 52.56864972)
3;2020;9;21;5;3;6;4;2;1;0;1;0;0;0;0;POINT (13.40592479 52.54090477)
4;2020;8;20;7;3;5;3;2;0;1;0;0;0;0;1;POINT (13.32015157 52.47346475)
1;2020;9;18;1;3;5;7;0;1;1;0;0;0;0;0;POINT (13.41217518 52.5054799)
4;2020;9;15;4;3;5;2;0;1;1;0;0;0;0;0;POINT (13.30922937 52.50643647)
7;2020;8;11;7;3;2;6;0;1;1;0;0;0;0;0;POINT (13.36436019 52.45057814)
4;2020;9;8;2;3;5;2;0;1;1;0;0;0;0;0;POINT (13.33028897 52.51307508)
5;2020;9;18;7;3;2;7;0;0;1;0;0;0;0;1;POINT (13.1589046 52.53065929)
9;2020;9;15;4;3;2;3;0;1;1;0;0;0;0;0;POINT (13.61238752 52.45424458)
4;2020;9;8;2;3;2;6;0;1;1;0;0;0;0;0;POINT (13.29876685 52.50675952)
1;2020;8;20;7;3;9;1;2;0;1;0;0;0;0;1;POINT (13.360888 52.5098284)
5;2020;9;23;6;2;1;5;2;0;1;0;0;0;0;0;POINT (13.16509285 52.4669684)
11;2020;9;20;3;3;2;6;2;0;1;0;0;0;0;0;POINT (13.50905665 52.54640373)
7;2020;9;8;2;2;5;2;0;0;1;0;0;0;0;0;POINT (13.4020257 52.44672599)
6;2020;8;19;7;3;6;4;2;0;1;1;0;0;0;1;POINT (13.34498246 52.44875975)
5;2020;9;12;1;3;0;7;0;1;0;0;0;0;0;0;POINT (13.24620982 52.53813372)
3;2020;9;7;4;3;0;1;1;1;0;0;0;0;0;1;POINT (13.41993539 52.54809584)
3;2020;9;7;2;3;1;5;0;1;1;0;0;0;0;0;POINT (13.42483258 52.52998312)
12;2020;8;19;7;3;4;6;1;0;1;0;0;0;0;1;POINT (13.33645577 52.58762919)
2;2020;9;18;7;3;5;2;0;0;1;0;0;0;0;0;POINT (13.44019315 52.51895467)
4;2020;9;15;3;3;5;3;0;0;1;0;0;0;0;1;POINT (13.32424386 52.47878889)
1;2020;9;7;2;3;1;5;0;0;1;0;0;0;0;0;POINT (13.38233012 52.55588146)
1;2020;8;10;7;3;0;7;0;0;0;0;0;0;1;0;POINT (13.34512855 52.50656398)
9;2020;8;2;7;2;8;1;2;0;1;0;0;0;0;0;POINT (13.59971951 52.47427754)
3;2020;9;14;5;3;5;3;0;1;0;0;1;0;0;0;POINT (13.37818732 52.5749147)
8;2020;8;10;6;2;1;5;0;1;0;0;0;0;1;0;POINT (13.44198301 52.47982735)
1;2020;8;15;6;3;2;6;0;0;1;0;0;0;0;0;POINT (13.37722621 52.51277129)
1;2020;9;19;1;3;5;2;1;1;1;0;0;0;0;0;POINT (13.3419764 52.51785152)
2;2020;9;21;4;3;5;2;2;1;1;0;0;0;0;1;POINT (13.37667229 52.48499269)
2;2020;8;15;6;3;5;2;0;0;1;0;0;0;1;0;POINT (13.45003087 52.50750494)
8;2020;9;15;7;3;2;6;0;0;1;0;0;0;0;0;POINT (13.4347506 52.46181253)
2;2020;9;13;4;3;5;3;0;1;0;0;0;0;0;0;POINT (13.43232172 52.50933189)
2;2020;9;20;2;3;1;5;2;0;1;0;1;0;0;0;POINT (13.43354849 52.49240136)