bez;ujahr;umonat;ustunde;uwochentag;ukategorie;uart;utyp1;ulichtverh;istrad;istpkw;istfuss;istkrad;istgkfz;istsonstige;ustrzustand;geometry
5;2020;8;14;6;3;5;2;0;0;1;0;0;0;0;0;POINT (13.18459469 52.5475137)
7;2020;9;19;6;3;5;3;1;0;1;0;0;0;0;0;POINT (13.37067706 52.46880019)
7;2020;9;13;3;3;6;4;0;0;1;1;0;0;0;1;POINT (13.34158341 52.47949605)
3;2020;9;20;2;3;5;3;1;1;1;0;0;0;0;0;POINT (13.42307681 52.55116692)
8;2020;8;14;6;3;5;7;0;0;1;0;1;0;0;0;POINT (13.42939416 52.48130387)
5;2020;8;14;6;3;0;3;0;0;1;0;1;0;0;0;POINT (13.18326032 52.53987103)
1;2020;9;11;5;3;6;7;0;0;1;1;0;0;0;1;POINT (13.3526111 52.52408914)
4;2020;8;14;6;3;1;5;0;1;1;0;0;0;0;0;POINT (13.31055809 52.46781532)
5;2020;9;14;1;2;6;4;0;0;1;1;0;0;0;0;POINT (13.14747925 52.53213855)
2;2020;9;17;4;3;5;3;0;0;1;0;0;0;1;0;POINT (13.40660966 52.50032508)
9;2020;8;11;6;3;2;6;0;0;1;0;0;0;0;0;POINT (13.55816972 52.43467261)
3;2020;9;12;5;2;0;7;0;1;0;0;0;0;0;0;POINT (13.45157145 52.54299638)
8;2020;8;10;6;3;1;5;0;1;1;0;0;0;0;0;POINT (13.49293983 52.42050685)
7;2020;8;9;6;3;0;5;0;0;1;0;0;0;1;0;POINT (13.4085774 52.38688018)
11;2020;9;15;1;3;2;6;0;0;1;0;0;0;0;0;POINT (13.52057629 52.48221508)
3;2020;9;18;4;3;2;7;0;0;1;0;0;0;0;0;POINT (13.40946216 52.55416746)
3;2020;8;7;6;2;5;3;0;0;1;0;0;0;0;0;POINT (13.42405077 52.55289005)
1;2020;9;13;7;3;5;2;0;1;1;0;0;0;0;0;POINT (13.35154221 52.50948887)
2;2020;9;10;4;3;1;5;0;1;1;0;0;0;0;0;POINT (13.38321231 52.49272958)
6;2020;9;19;2;3;2;7;0;1;1;0;0;0;0;0;POINT (13.26261347 52.45147964)
2;2020;8;7;6;3;5;3;1;0;1;0;0;0;0;0;POINT (13.40285999 52.49395052)
1;2020;9;12;6;3;2;6;0;0;1;0;0;0;0;0;POINT (13.33630478 52.54201422)
3;2020;9;12;3;3;5;3;0;1;1;0;0;0;0;0;POINT (13.40969569 52.58465898)
1;2020;9;18;2;3;5;3;0;1;1;0;0;0;0;0;POINT (13.3911877 52.54472711)
8;2020;8;22;6;3;1;5;2;1;1;0;0;0;0;0;POINT (13.42754425 52.47451491)
5;2020;9;9;5;3;5;2;0;1;1;0;0;0;0;1;POINT (13.18179172 52.53408237)
2;2020;8;22;6;2;5;3;2;0;1;0;1;0;0;0;POINT (13.41414087 52.49857963)
4;2020;9;11;1;3;2;2;0;0;1;0;0;0;0;0;POINT (13.30796385 52.50304654)
11;2020;9;16;4;3;3;6;0;0;1;0;1;0;0;0;POINT (13.48533725 52.53117285)
9;2020;8;6;6;2;5;4;0;0;0;1;0;0;1;0;POINT (13.5745041 52.44447958)
2;2020;9;19;3;3;5;2;1;1;1;0;0;0;0;1;POINT (13.39797907 52.49104417)
7;2020;8;18;1;3;3;2;0;0;1;0;0;0;0;0;POINT (13.37796842 52.46627677)
3;2020;9;16;2;3;5;3;0;1;1;0;0;0;0;0;POINT (13.40474729 52.54067646)
8;2020;8;21;6;3;0;7;2;0;0;0;1;0;0;0;POINT (13.49580325 52.41763393)
12;2020;8;20;6;3;5;7;2;0;1;0;0;0;0;0;POINT (13.35911517 52.59684158)
1;2020;9;12;7;2;5;2;0;1;0;0;0;0;1;0;POINT (13.38793692 52.53158028)
9;2020;9;9;3;3;0;7;0;1;0;0;0;0;0;0;POINT (13.57684005 52.45540663)
1;2020;8;18;1;2;1;5;2;1;1;0;0;0;0;0;POINT (13.36205719 52.50467898)
4;2020;9;15;2;3;0;7;0;0;1;0;0;0;0;0;POINT (13.31149418 52.48967443)
2;2020;8;20;6;3;1;5;2;1;1;0;0;0;0;0;POINT (13.41558881 52.49022423)
9;2020;9;0;6;3;6;4;2;0;1;1;0;0;0;0;POINT (13.60767003 52.45305839)
8;2020;9;7;3;3;2;6;0;0;1;0;1;0;0;0;POINT (13.49630139 52.43121218)
10;2020;8;20;6;3;0;1;2;0;0;0;1;0;0;0;POINT (13.53799054 52.55554831)
10;2020;9;5;5;3;9;1;2;0;0;0;0;1;0;1;POINT (13.58372037 52.5491854)
5;2020;8;19;6;3;5;3;0;1;1;0;0;0;0;0;POINT (13.20137959 52.53835368)
6;2020;9;10;3;3;1;5;0;1;1;0;0;0;0;0;POINT (13.30234869 52.42678298)
7;2020;9;13;1;3;2;6;0;0;1;0;0;1;1;0;POINT (13.40842439 52.45244919)
7;2020;9;8;4;3;2;6;0;0;1;0;0;0;1;0;POINT (13.40032106 52.41428573)
12;2020;8;19;6;3;2;6;0;0;1;0;1;0;0;0;POINT (13.34634667 52.60201531)
7;2020;9;19;7;2;5;2;0;1;1;0;0;0;0;0;POINT (13.37797648 52.47244968)
4;2020;9;17;3;3;0;6;0;0;1;0;1;0;0;1;POINT (13.28842151 52.48139624)
1;2020;8;12;1;3;5;2;0;1;1;0;0;0;0;0;POINT (13.37181906 52.50927202)
11;2020;9;15;2;3;6;2;0;0;1;1;0;0;0;0;POINT (13.47926508 52.52304618)
2;2020;8;19;6;3;4;6;0;1;0;0;0;0;0;0;POINT (13.40066591 52.49440361)
8;2020;8;19;6;3;3;6;0;0;1;0;1;0;0;0;POINT (13.42417928 52.48663482)
11;2020;9;15;5;3;2;6;0;0;1;0;0;0;0;0;POINT (13.4852961 52.53144023)
3;2020;9;9;3;3;5;3;0;0;1;0;0;1;0;0;POINT (13.46536053 52.56714365)
5;2020;8;18;6;3;3;6;0;0;1;0;0;0;1;0;POINT (13.27083823 52.53670471)
9;2020;9;18;1;3;5;2;0;1;1;0;0;0;0;0;POINT (13.59320595 52.45327763)
4;2020;9;22;4;2;5;3;2;1;1;0;0;0;0;1;POINT (13.3327829 52.47860866)
1;2020;8;18;6;3;4;6;0;1;0;0;0;0;1;0;POINT (13.39704054 52.5194513)
8;2020;8;18;6;3;1;7;0;0;1;0;0;1;0;0;POINT (13.48030169 52.42799748)
6;2020;9;14;6;3;5;2;0;1;1;0;0;0;0;0;POINT (13.31990138 52.46313366)
1;2020;9;9;3;3;0;5;0;1;1;0;0;0;0;0;POINT (13.37894959 52.52638793)
4;2020;8;17;6;3;2;6;0;0;1;0;1;0;0;0;POINT (13.32951692 52.50333949)
4;2020;9;16;5;3;5;2;0;1;1;0;0;0;0;0;POINT (13.29905684 52.49061909)
1;2020;8;17;6;2;1;5;0;1;1;0;0;0;0;0;POINT (13.37214584 52.5579186)
8;2020;8;16;1;3;0;7;0;1;0;0;0;0;0;0;POINT (13.42433037 52.48505094)
8;2020;9;12;1;3;5;2;0;0;1;0;0;0;1;0;POINT (13.44801749 52.4261831)
11;2020;9;15;4;3;5;3;0;1;1;0;0;0;0;0;POINT (13.52557 52.48158779)
12;2020;8;22;1;3;1;5;2;0;1;0;0;0;1;0;POINT (13.31650691 52.56708434)
6;2020;8;16;6;2;0;1;0;1;0;0;0;0;0;0;POINT (13.24540718 52.42171766)
1;2020;9;16;6;3;0;2;0;0;1;0;1;0;0;0;POINT (13.38885276 52.5168947)
3;2020;9;15;3;3;0;1;0;1;0;0;0;0;0;1;POINT (13.41029973 52.53911793)
2;2020;8;8;1;3;5;2;0;1;0;0;0;0;1;0;POINT (13.46960012 52.51409578)
5;2020;8;17;6;3;2;6;0;0;1;0;0;0;0;0;POINT (13.19531818 52.53361262)
8;2020;8;16;6;3;5;2;0;1;1;0;0;0;0;0;POINT (13.47127865 52.43332791)
7;2020;9;13;5;3;2;6;0;0;1;0;0;0;0;0;POINT (13.3796015 52.44481018)
9;2020;8;7;5;3;2;6;0;0;1;0;0;1;0;1;POINT (13.55830908 52.455584)
3;2020;9;14;2;3;2;6;0;0;1;0;0;0;0;0;POINT (13.43278047 52.53576421)
1;2020;8;20;5;3;1;5;1;1;1;0;0;0;0;0;POINT (13.36335992 52.52460141)
8;2020;9;20;1;3;5;2;2;0;1;0;1;0;0;0;POINT (13.46461695 52.47020017)
6;2020;9;19;4;3;5;2;1;1;1;0;0;0;0;0;POINT (13.36613555 52.43021205)
11;2020;8;21;5;3;0;7;2;1;0;0;0;0;0;0;POINT (13.48644617 52.50204451)
7;2020;9;15;7;3;1;5;0;1;1;0;0;0;0;0;POINT (13.41259145 52.45193876)
4;2020;9;12;4;3;2;6;0;0;1;0;0;0;0;0;POINT (13.33483409 52.48788008)
4;2020;8;21;1;2;5;2;1;0;1;0;0;0;0;0;POINT (13.30184875 52.49904702)
11;2020;8;14;5;3;5;3;0;1;0;0;0;0;1;0;POINT (13.51471098 52.49447903)
7;2020;9;17;6;3;6;7;1;0;1;1;0;0;0;0;POINT (13.37666704 52.46125463)
7;2020;9;16;7;2;1;5;0;1;1;0;0;0;0;0;POINT (13.3582835 52.41114687)
1;2020;9;13;4;3;5;3;0;1;1;0;0;0;0;0;POINT (13.3419281 52.55219737)
10;2020;8;21;1;3;9;1;2;0;1;0;0;0;0;1;POINT (13.57011632 52.55572147)
5;2020;8;20;5;3;5;2;1;0;1;0;0;0;0;0;POINT (13.17809999 52.54881004)
2;2020;9;22;6;2;5;3;2;0;1;0;1;0;0;0;POINT (13.4199161 52.49640469)
3;2020;9;14;3;3;2;6;0;0;1;0;0;0;0;0;POINT (13.43303379 52.59600358)
11;2020;8;20;1;3;2;7;2;1;1;0;0;0;0;1;POINT (13.49048155 52.53916759)
10;2020;8;10;5;3;6;4;0;0;0;1;1;0;0;1;POINT (13.55752959 52.52735558)
3;2020;8;10;5;2;6;4;0;0;0;1;1;0;0;0;POINT (13.46120912 52.52976015)
3;2020;9;12;5;3;1;5;0;1;0;0;0;0;1;1;POINT (13.4356972 52.5328647)
6;2020;8;8;5;2;5;3;0;1;1;0;0;0;0;0;POINT (13.34674263 52.43073218)
4;2020;9;14;2;3;2;6;0;0;1;0;0;0;0;0;POINT (13.292579 52.53426338)
12;2020;8;8;5;3;5;2;0;1;1;0;0;0;0;0;POINT (13.36337583 52.58066113)
4;2020;9;15;1;3;2;2;0;0;1;0;0;0;1;0;POINT (13.29658905 52.50148332)
11;2020;9;18;4;3;2;6;0;0;1;0;0;0;0;0;POINT (13.47684747 52.53713236)
6;2020;8;7;5;3;2;7;0;0;1;0;0;0;0;1;POINT (13.27551313 52.4505166)
4;2020;9;13;7;3;6;4;0;0;1;1;0;0;0;0;POINT (13.30199469 52.52341506)
2;2020;9;9;4;3;5;3;0;1;1;0;0;0;0;0;POINT (13.4325366 52.51732905)
1;2020;8;19;1;3;5;2;0;0;1;0;0;0;0;0;POINT (13.3960308 52.53824367)
3;2020;9;14;2;3;1;5;0;1;1;0;0;0;0;0;POINT (13.42679049 52.55254461)
9;2020;8;7;5;3;0;1;0;0;0;0;1;0;0;1;POINT (13.57357125 52.44446774)
8;2020;9;11;6;3;5;2;0;0;1;0;1;0;0;1;POINT (13.41684575 52.41828451)
11;2020;9;12;3;3;0;7;0;1;0;0;0;0;0;0;POINT (13.51481644 52.56745082)
8;2020;8;19;1;3;5;2;0;1;1;0;0;0;0;0;POINT (13.4245018 52.48635698)
10;2020;8;7;5;3;5;2;0;0;1;0;0;0;0;1;POINT (13.58319719 52.54923089)
5;2020;9;7;5;3;5;2;0;1;0;0;0;0;1;1;POINT (13.2474391 52.54147436)
12;2020;8;6;5;3;5;3;0;0;1;0;0;0;1;1;POINT (13.29738204 52.57785094)
4;2020;9;13;3;3;0;2;0;1;0;0;0;0;0;1;POINT (13.31678075 52.50115389)
5;2020;8;19;1;3;2;6;0;0;1;0;0;0;0;0;POINT (13.18770158 52.53748018)
10;2020;8;5;5;3;5;3;1;0;1;0;1;0;0;0;POINT (13.57598352 52.49112746)
6;2020;9;10;5;3;2;6;0;0;1;0;1;0;0;1;POINT (13.25936213 52.43067379)
7;2020;8;4;5;3;1;5;2;0;1;0;0;0;0;1;POINT (13.3477785 52.46559242)
4;2020;9;13;1;3;2;2;0;0;1;0;0;0;0;0;POINT (13.31424836 52.49027642)
6;2020;9;17;4;3;6;7;0;1;0;1;0;0;0;0;POINT (13.34065759 52.43335797)
11;2020;8;17;5;2;6;4;0;1;0;1;0;0;0;0;POINT (13.49024608 52.53902364)
2;2020;9;10;7;2;5;3;0;1;1;0;0;0;0;0;POINT (13.40311069 52.4985392)
9;2020;9;15;3;3;5;3;0;1;1;0;0;0;0;1;POINT (13.49898595 52.43645706)
4;2020;8;18;1;3;2;6;0;1;1;0;0;0;0;0;POINT (13.29552263 52.50334769)
5;2020;9;14;2;3;5;3;0;0;1;0;0;0;0;0;POINT (13.20993344 52.53309413)
1;2020;8;17;5;3;5;2;0;1;1;0;0;0;0;0;POINT (13.37395639 52.55648523)
4;2020;9;15;6;3;5;3;0;0;1;0;0;0;0;0;POINT (13.31099926 52.54756686)
4;2020;9;12;2;3;3;6;0;1;1;0;0;0;0;0;POINT (13.32068177 52.49976404)
4;2020;8;17;5;2;5;2;0;0;1;0;0;0;0;0;POINT (13.32624894 52.53801288)
11;2020;9;21;5;2;1;5;2;0;1;0;0;0;1;0;POINT (13.56122516 52.57956169)
3;2020;8;16;5;3;6;4;0;0;1;1;0;0;0;0;POINT (13.3902575 52.58511286)
4;2020;9;7;2;3;5;3;0;1;1;0;0;0;0;0;POINT (13.30621591 52.52329042)
1;2020;9;13;1;3;0;1;0;0;0;0;1;0;0;1;POINT (13.39127436 52.53620227)
2;2020;9;8;4;3;3;6;0;1;1;0;0;0;0;1;POINT (13.47549768 52.51195826)
11;2020;8;16;5;3;1;5;0;1;1;0;0;0;0;0;POINT (13.48980458 52.50174558)
9;2020;9;18;7;3;2;6;0;1;1;0;0;0;0;0;POINT (13.52063561 52.42837203)
7;2020;9;9;1;3;5;3;0;1;0;0;0;0;0;0;POINT (13.35476452 52.48739398)
8;2020;9;15;4;2;6;7;0;0;0;1;1;0;0;0;POINT (13.46335291 52.47074908)
9;2020;8;15;5;3;1;5;0;1;1;0;0;0;0;0;POINT (13.54508945 52.41706408)
2;2020;9;2;7;2;0;1;2;0;0;0;0;0;1;0;POINT (13.3884385 52.49940044)
7;2020;9;18;3;2;2;6;0;1;1;0;0;0;0;1;POINT (13.35689892 52.49901891)
6;2020;8;17;1;3;2;2;0;0;1;0;0;0;0;0;POINT (13.36383028 52.43486644)
8;2020;9;13;2;3;5;2;0;1;1;0;0;0;0;0;POINT (13.42711486 52.42129598)
4;2020;8;14;5;3;5;2;0;1;1;0;0;0;0;0;POINT (13.33693583 52.49788854)
1;2020;8;14;5;3;2;6;0;0;1;0;0;0;0;0;POINT (13.3657779 52.55654532)
3;2020;9;14;5;3;4;6;0;1;1;0;0;0;0;0;POINT (13.44577384 52.54804735)
12;2020;8;14;5;3;2;2;0;0;1;0;0;0;1;0;POINT (13.27761614 52.5757352)
1;2020;9;18;1;3;5;3;0;1;1;0;0;0;0;0;POINT (13.38892963 52.51562095)
4;2020;9;21;4;3;0;1;2;0;0;0;1;0;0;1;POINT (13.29456947 52.50676125)
2;2020;8;14;5;3;5;2;0;1;1;0;0;0;0;0;POINT (13.39059156 52.49247877)
1;2020;8;17;1;3;0;6;0;0;1;0;1;0;0;1;POINT (13.38484136 52.55078015)
6;2020;9;11;7;3;0;7;0;0;1;0;0;0;0;0;POINT (13.33781567 52.45053353)
12;2020;9;15;4;3;5;2;0;1;1;0;0;0;0;0;POINT (13.28083204 52.59373812)
12;2020;8;17;1;2;0;1;0;1;0;0;0;0;0;1;POINT (13.29048874 52.5819816)
3;2020;8;14;5;3;5;3;0;0;1;0;1;0;0;0;POINT (13.36843386 52.58971033)
10;2020;9;22;6;3;5;2;2;0;1;0;0;0;0;0;POINT (13.61314286 52.50853402)
9;2020;9;20;3;2;5;7;2;1;1;0;0;0;0;0;POINT (13.55433491 52.45570156)
6;2020;8;17;1;3;5;3;0;1;1;0;0;0;0;0;POINT (13.34328784 52.43375098)
8;2020;8;13;5;3;5;3;0;1;1;0;0;0;0;0;POINT (13.44742082 52.46420692)
7;2020;8;13;5;3;1;5;0;1;1;0;0;0;0;0;POINT (13.33365723 52.46985617)
8;2020;9;12;5;3;6;2;0;0;1;1;0;0;0;0;POINT (13.43506228 52.46091412)
4;2020;8;13;5;3;2;6;0;0;1;0;0;0;0;1;POINT (13.32253473 52.51180564)
3;2020;9;18;2;3;1;5;0;1;1;0;0;0;0;0;POINT (13.40265006 52.56498205)
1;2020;8;13;5;3;2;6;0;0;1;0;1;0;0;0;POINT (13.38249262 52.51317732)
4;2020;9;16;3;2;6;4;0;0;1;1;0;0;0;1;POINT (13.2941354 52.49773341)
11;2020;8;17;1;3;0;4;0;1;0;1;0;0;0;1;POINT (13.50572504 52.51785722)
11;2020;8;12;5;3;1;7;0;0;1;0;0;0;1;0;POINT (13.49624531 52.5182283)
3;2020;8;12;5;2;5;2;0;0;1;0;1;0;0;0;POINT (13.40155758 52.59295857)
3;2020;9;14;5;3;2;7;0;0;1;0;1;0;0;0;POINT (13.43560216 52.55649885)
8;2020;8;11;5;3;1;5;0;1;1;0;0;0;0;0;POINT (13.4388654 52.48438439)
1;2020;8;11;5;3;5;2;0;1;1;0;0;0;0;0;POINT (13.39377486 52.52031021)
9;2020;9;18;1;3;5;7;0;0;1;0;0;0;1;0;POINT (13.56965487 52.45280307)
1;2020;9;21;4;3;5;7;2;0;0;0;1;0;1;1;POINT (13.38299312 52.53061619)
10;2020;8;10;5;3;0;1;0;0;0;0;1;0;0;1;POINT (13.63081263 52.54011607)
10;2020;9;16;7;3;5;3;0;1;1;0;0;0;0;0;POINT (13.59067945 52.54706308)
1;2020;9;13;4;3;5;3;0;0;1;0;1;0;0;0;POINT (13.35218331 52.50550796)
10;2020;8;17;1;3;5;2;0;1;1;0;0;0;0;1;POINT (13.55703334 52.52516636)
1;2020;8;10;5;3;6;4;0;0;1;1;0;0;0;0;POINT (13.39109522 52.56332091)
1;2020;9;20;6;3;1;5;2;1;1;0;0;0;0;0;POINT (13.40102786 52.52999458)
1;2020;9;14;3;3;5;3;0;0;1;0;0;0;0;1;POINT (13.369806 52.55295231)
12;2020;8;17;1;3;5;3;0;0;1;0;0;0;0;1;POINT (13.31042982 52.62480103)
2;2020;8;8;4;3;3;6;0;0;1;0;0;0;0;0;POINT (13.45233316 52.52774846)
1;2020;8;7;4;3;0;5;0;1;0;0;0;0;1;0;POINT (13.38094048 52.52998047)
1;2020;9;11;5;3;1;5;0;1;0;0;0;0;1;1;POINT (13.40505285 52.52210384)
8;2020;8;12;4;3;5;2;0;1;1;0;0;0;0;1;POINT (13.45559736 52.45311786)
1;2020;9;22;1;3;5;3;2;0;1;0;0;0;1;0;POINT (13.34394846 52.54643529)
3;2020;9;17;4;2;6;4;0;0;1;1;0;0;0;0;POINT (13.49822528 52.63508183)
1;2020;8;18;4;3;5;2;0;1;1;0;0;0;0;0;POINT (13.35087016 52.50438934)
4;2020;9;12;7;2;5;3;0;1;1;0;0;0;0;0;POINT (13.22847484 52.50633832)
2;2020;9;8;4;3;5;3;0;1;1;0;0;0;0;0;POINT (13.40449403 52.4951633)
5;2020;8;16;1;3;2;6;0;0;1;0;0;0;0;0;POINT (13.20326653 52.56218997)
1;2020;9;15;1;3;5;2;0;0;1;0;0;0;0;0;POINT (13.35139769 52.50960982)
10;2020;9;18;4;3;5;2;0;1;1;0;0;0;0;0;POINT (13.5755737 52.54645435)
11;2020;8;14;4;2;5;3;0;0;1;0;0;0;1;0;POINT (13.48178484 52.51371134)
9;2020;9;14;7;3;2;2;0;0;1;0;0;0;0;0;POINT (13.46177062 52.4544294)
4;2020;9;11;4;3;5;3;0;0;1;0;0;0;0;0;POINT (13.26451915 52.50897028)
9;2020;8;16;1;3;2;6;0;0;1;0;0;0;0;0;POINT (13.54032937 52.43598139)
6;2020;8;20;4;3;2;2;1;0;1;0;0;0;0;0;POINT (13.31062455 52.42119536)
11;2020;9;12;6;3;0;2;0;1;1;0;0;0;0;1;POINT (13.49716123 52.54998249)
8;2020;9;8;3;3;0;2;0;1;1;0;0;0;0;0;POINT (13.4647855 52.47029988)
3;2020;8;16;1;3;1;5;0;1;1;0;0;0;0;0;POINT (13.40938149 52.53823537)
12;2020;8;20;4;3;0;3;1;0;1;0;1;0;0;0;POINT (13.30282081 52.61812305)
1;2020;9;9;5;3;0;1;0;0;0;0;1;0;0;1;POINT (13.3918136 52.52106425)
6;2020;8;19;4;3;5;3;0;1;1;0;0;0;0;0;POINT (13.2806249 52.42959923)
1;2020;9;18;2;3;3;7;0;1;0;0;0;0;0;0;POINT (13.33489804 52.52477457)
6;2020;9;11;1;2;3;6;0;1;0;0;0;0;0;0;POINT (13.23671279 52.44038713)
3;2020;9;16;4;3;0;3;0;0;1;0;1;0;0;0;POINT (13.42144766 52.56275575)
7;2020;8;19;4;2;5;2;0;1;1;0;0;0;0;0;POINT (13.33860409 52.49433784)
11;2020;9;19;3;3;2;6;2;0;1;0;0;0;1;1;POINT (13.47403002 52.50297122)
7;2020;8;15;1;3;5;2;0;1;0;0;0;0;1;0;POINT (13.40057821 52.45919409)
5;2020;9;21;2;2;5;2;2;0;1;0;0;0;0;0;POINT (13.2172733 52.53777903)
2;2020;8;15;4;3;0;1;0;1;0;0;0;0;0;0;POINT (13.46502177 52.50952814)
1;2020;9;14;6;3;6;7;0;0;1;1;0;0;0;0;POINT (13.41472805 52.51936995)
1;2020;8;11;4;3;0;2;0;1;0;0;0;0;0;0;POINT (13.38778622 52.51199887)
1;2020;9;20;2;3;5;3;1;1;1;0;0;0;0;0;POINT (13.37771301 52.5078079)
6;2020;8;17;4;3;2;7;0;0;1;0;1;0;0;0;POINT (13.26860746 52.45448622)
9;2020;9;3;6;2;1;5;2;0;1;0;1;0;0;0;POINT (13.44971808 52.48868402)
9;2020;9;7;3;3;6;4;0;0;1;1;0;0;0;1;POINT (13.56731223 52.44035473)
11;2020;8;17;4;3;1;5;0;0;1;0;1;0;0;0;POINT (13.52199432 52.49472748)
4;2020;9;6;5;3;5;3;1;1;0;0;1;0;0;1;POINT (13.30170476 52.50989021)
11;2020;8;16;4;3;0;2;0;1;1;0;0;0;0;0;POINT (13.52744872 52.55750818)
3;2020;9;0;1;2;1;5;2;1;1;0;0;0;0;0;POINT (13.41848387 52.54675351)
8;2020;9;15;4;3;5;2;0;1;1;0;0;0;0;0;POINT (13.43866738 52.44822823)
3;2020;8;16;4;2;5;3;0;0;1;0;0;0;0;0;POINT (13.42166073 52.58838124)
7;2020;9;19;7;3;5;7;1;0;1;0;1;0;0;0;POINT (13.39459496 52.46543731)
8;2020;9;17;3;3;2;6;0;0;1;0;0;0;0;1;POINT (13.44949995 52.45239159)
1;2020;8;14;1;3;5;2;0;1;0;0;0;1;0;0;POINT (13.41575977 52.52669175)
1;2020;9;19;2;3;5;2;1;1;0;0;0;0;0;0;POINT (13.4142734 52.50790621)
10;2020;8;16;4;2;6;6;0;1;0;1;0;0;0;0;POINT (13.59502566 52.54452696)
4;2020;8;16;4;3;5;7;0;1;0;0;1;0;0;0;POINT (13.31729494 52.51393174)
1;2020;9;16;5;3;5;2;0;1;1;0;0;0;0;0;POINT (13.40560284 52.51417192)
7;2020;8;16;4;3;5;2;0;1;0;0;1;0;0;0;POINT (13.38571966 52.48163831)
11;2020;9;16;1;3;8;1;0;0;1;0;0;0;0;0;POINT (13.48032055 52.52100319)
12;2020;9;7;4;3;5;3;0;1;1;0;0;0;0;0;POINT (13.30748899 52.6163357)
1;2020;8;16;4;3;0;2;0;1;1;0;0;0;0;0;POINT (13.40159182 52.53976)
5;2020;9;16;7;3;5;2;0;0;1;0;0;0;0;0;POINT (13.14158548 52.53242747)
11;2020;9;15;4;3;2;6;0;0;1;0;0;0;0;0;POINT (13.48517389 52.53227464)
12;2020;8;14;1;3;6;4;0;0;0;1;0;0;1;0;POINT (13.32969647 52.57358618)
8;2020;8;7;4;3;0;3;0;0;1;0;1;0;0;1;POINT (13.49573807 52.43192499)
9;2020;9;10;5;3;5;2;0;1;1;0;0;0;0;0;POINT (13.48572668 52.46447593)
2;2020;8;7;4;3;5;2;0;1;1;0;0;0;0;0;POINT (13.38231493 52.48984635)
12;2020;8;12;1;3;5;2;0;0;1;0;1;0;0;0;POINT (13.32346463 52.57582242)
1;2020;9;12;1;3;5;2;0;1;1;0;0;0;0;0;POINT (13.35644591 52.52556154)
2;2020;9;6;4;3;0;5;0;0;1;0;1;0;0;1;POINT (13.38293875 52.48499423)
2;2020;8;12;1;3;5;7;0;1;1;0;0;0;0;0;POINT (13.38271524 52.49699083)
7;2020;8;0;4;3;2;2;2;1;1;0;0;0;0;1;POINT (13.42146215 52.46527678)
12;2020;9;1;6;3;3;6;2;1;1;0;0;0;0;0;POINT (13.32329144 52.60336825)
11;2020;9;15;3;3;4;6;0;1;0;0;0;0;0;0;POINT (13.51627137 52.55192897)
4;2020;8;11;1;2;5;2;0;0;1;0;1;0;0;0;POINT (13.32610463 52.53837732)
5;2020;8;15;4;3;2;6;0;0;1;0;0;0;1;0;POINT (13.23996937 52.52626735)
1;2020;8;7;4;3;6;7;0;0;0;1;0;0;1;0;POINT (13.34218959 52.5049337)
10;2020;9;14;5;2;6;4;0;0;1;1;0;0;0;0;POINT (13.5888863 52.52675788)
3;2020;8;14;4;3;1;5;0;1;1;0;0;0;0;0;POINT (13.3637346 52.58510698)
7;2020;8;0;4;3;5;3;2;0;1;0;0;0;0;1;POINT (13.39269657 52.41257641)
4;2020;9;16;1;3;5;3;0;1;1;0;0;0;0;0;POINT (13.33090111 52.50041404)
1;2020;9;20;4;3;5;2;2;1;1;0;0;0;0;0;POINT (13.33971042 52.51891412)
5;2020;8;14;4;3;2;6;0;0;1;0;0;0;0;1;POINT (13.20648593 52.55568973)
4;2020;9;15;7;3;0;1;0;0;1;0;1;0;0;0;POINT (13.28096045 52.51281249)
3;2020;9;13;4;3;5;2;0;1;1;0;0;0;0;0;POINT (13.39841355 52.59242586)
1;2020;8;11;1;3;5;3;0;0;1;0;0;0;0;0;POINT (13.39312432 52.51501402)
5;2020;8;14;4;3;5;3;0;1;1;0;0;0;0;0;POINT (13.26234944 52.54132209)
1;2020;9;18;6;3;2;7;0;0;0;0;1;0;1;1;POINT (13.39107756 52.52208138)
10;2020;9;9;3;2;5;2;0;1;1;0;0;0;0;0;POINT (13.58725653 52.51114364)
8;2020;8;10;1;3;5;3;0;1;1;0;0;0;0;0;POINT (13.40606481 52.41576049)
1;2020;8;13;4;3;5;2;0;0;1;0;0;0;0;0;POINT (13.3538957 52.52394023)
11;2020;9;10;5;3;6;7;0;0;1;1;0;0;0;1;POINT (13.51389786 52.50548884)
1;2020;9;22;6;3;5;2;2;1;0;0;1;0;0;0;POINT (13.39743663 52.52965774)
6;2020;9;14;3;3;5;3;0;0;1;0;0;0;0;1;POINT (13.28171912 52.46307899)
8;2020;8;10;1;3;5;5;0;1;1;0;0;0;0;0;POINT (13.50971225 52.42299248)
5;2020;8;13;4;3;0;1;0;1;0;0;0;0;0;0;POINT (13.19189537 52.56752168)
6;2020;8;13;4;3;8;1;0;0;1;0;0;0;0;0;POINT (13.25960148 52.41359564)
12;2020;9;12;5;3;0;3;0;1;0;0;1;0;0;1;POINT (13.30582574 52.62041454)