bez;ujahr;umonat;ustunde;uwochentag;ukategorie;uart;utyp1;ulichtverh;istrad;istpkw;istfuss;istkrad;istgkfz;istsonstige;ustrzustand;geometry
7;2020;8;12;4;3;5;2;0;0;1;0;0;0;1;0;POINT (13.37669626 52.4541868)
8;2020;8;12;4;3;6;4;0;0;1;1;0;0;0;0;POINT (13.45589488 52.473907)
6;2020;9;15;1;3;5;3;0;0;1;0;0;0;0;0;POINT (13.27419922 52.4353735)
8;2020;9;18;4;2;2;6;0;0;1;0;0;0;0;0;POINT (13.41593834 52.48056941)
6;2020;8;11;4;3;6;2;0;0;0;1;0;1;0;0;POINT (13.3250847 52.46169363)
4;2020;9;13;7;2;3;6;0;0;1;0;0;0;1;0;POINT (13.33103874 52.49509814)
7;2020;9;9;4;3;5;3;0;1;1;0;0;0;0;0;POINT (13.33273003 52.47546945)
1;2020;8;10;1;3;1;5;0;1;1;0;0;0;0;0;POINT (13.42394336 52.50902135)
12;2020;8;10;4;3;4;6;0;0;1;0;0;0;0;0;POINT (13.34622569 52.59728076)
4;2020;9;12;6;3;2;6;0;1;1;0;0;0;0;1;POINT (13.30003207 52.5047467)
9;2020;9;8;3;3;0;1;0;1;0;0;0;0;0;1;POINT (13.54108642 52.41954453)
1;2020;8;10;1;2;5;3;0;0;1;0;1;0;0;0;POINT (13.37560818 52.5402368)
4;2020;8;9;4;3;2;6;0;0;1;0;0;0;0;0;POINT (13.286124 52.4801803)
2;2020;9;8;5;3;3;6;0;0;1;0;1;0;0;1;POINT (13.42908351 52.49848967)
4;2020;8;8;4;3;5;2;0;1;1;0;0;0;0;0;POINT (13.27188644 52.51944888)
8;2020;9;11;1;3;5;3;0;0;1;0;0;0;0;0;POINT (13.43647279 52.46696276)
7;2020;9;16;4;3;2;2;0;0;1;0;0;0;0;0;POINT (13.37510004 52.43711952)
8;2020;8;7;4;3;5;2;0;1;0;0;0;1;0;0;POINT (13.41680919 52.41816889)
2;2020;8;7;4;2;5;3;0;0;1;0;0;0;0;0;POINT (13.39491272 52.49331474)
12;2020;9;13;1;3;5;3;0;1;1;0;0;0;0;0;POINT (13.30404562 52.61944762)
4;2020;9;17;4;3;6;4;0;1;0;1;0;0;0;0;POINT (13.30281636 52.47285804)
1;2020;8;5;4;3;5;2;2;1;1;0;0;0;0;0;POINT (13.40707771 52.52344071)
1;2020;9;11;7;2;5;2;0;1;1;0;0;0;0;0;POINT (13.39073323 52.51723131)
5;2020;9;16;3;3;6;4;0;0;1;1;0;0;0;1;POINT (13.24721941 52.54236915)
11;2020;8;10;1;3;6;4;0;0;1;1;0;0;0;0;POINT (13.47949759 52.52686342)
1;2020;9;12;2;3;5;3;0;1;1;0;0;0;0;0;POINT (13.38368886 52.51828695)
4;2020;8;18;3;3;3;6;0;1;1;0;0;0;0;0;POINT (13.29179017 52.49720761)
1;2020;9;0;6;3;0;2;2;0;1;0;1;0;0;0;POINT (13.36587654 52.52527011)
3;2020;9;11;3;2;5;3;0;0;1;0;0;1;0;1;POINT (13.41932797 52.59141739)
8;2020;9;18;2;3;3;6;0;1;0;0;0;0;1;0;POINT (13.49627294 52.43253533)
1;2020;8;9;3;3;5;2;0;1;1;0;0;0;0;0;POINT (13.39602983 52.53243075)
5;2020;9;13;5;3;2;6;0;0;1;0;0;0;0;0;POINT (13.2217999 52.5369128)
2;2020;8;11;3;3;5;2;0;1;1;0;0;0;0;0;POINT (13.46043556 52.51592014)
7;2020;9;18;2;3;2;6;0;0;1;0;0;0;0;0;POINT (13.35461722 52.47338224)
3;2020;9;13;1;3;5;2;0;1;1;0;0;0;0;0;POINT (13.42463969 52.60741556)
6;2020;9;8;4;3;5;2;0;1;0;0;0;0;1;1;POINT (13.34789161 52.4352081)
1;2020;8;16;3;3;5;2;0;1;1;0;0;0;0;1;POINT (13.38168117 52.55226423)
3;2020;9;18;7;3;1;5;0;1;1;0;0;0;0;0;POINT (13.46637163 52.55030566)
4;2020;9;17;3;3;5;3;0;0;1;0;0;0;0;1;POINT (13.31775785 52.50754798)
5;2020;8;16;1;3;1;5;0;0;1;0;1;0;0;1;POINT (13.2121228 52.56984376)
9;2020;8;23;3;2;8;1;2;0;0;0;1;0;0;1;POINT (13.49977159 52.45700503)
8;2020;8;21;3;3;2;6;2;1;1;0;0;0;0;1;POINT (13.45266564 52.42900253)
1;2020;9;13;5;3;5;2;0;0;1;0;0;0;0;0;POINT (13.35304186 52.50234929)
9;2020;9;11;3;3;5;2;0;1;1;0;0;0;0;1;POINT (13.45830821 52.48581095)
2;2020;9;14;4;2;1;5;0;1;0;0;0;0;1;0;POINT (13.41852735 52.50149175)
6;2020;9;17;3;3;2;6;0;0;1;0;0;0;0;0;POINT (13.32387375 52.4602578)
9;2020;9;22;4;3;5;2;2;0;1;0;0;0;0;0;POINT (13.52690216 52.4377166)
6;2020;9;17;7;3;5;2;0;1;1;0;0;0;0;0;POINT (13.34564432 52.4362128)
2;2020;9;9;2;3;2;7;0;0;1;0;0;0;1;0;POINT (13.46206138 52.51900778)
1;2020;9;14;6;3;3;6;0;1;1;0;0;0;0;0;POINT (13.40831965 52.53448241)
3;2020;9;15;3;3;3;6;0;1;1;0;0;0;0;0;POINT (13.47397993 52.60377406)
7;2020;9;14;5;3;5;2;0;1;1;0;0;0;0;0;POINT (13.34498562 52.48460621)
9;2020;9;16;3;3;4;6;0;1;0;0;0;0;0;0;POINT (13.55848615 52.45464581)
1;2020;9;8;1;2;5;2;0;1;0;0;0;1;0;0;POINT (13.41642065 52.51093728)
11;2020;9;16;3;3;5;3;0;1;0;0;1;0;0;0;POINT (13.51451857 52.57116228)
7;2020;9;12;7;3;0;7;0;0;1;0;0;0;1;0;POINT (13.35538867 52.48668323)
4;2020;9;18;2;3;2;6;0;1;1;0;0;0;0;0;POINT (13.28703819 52.49575655)
4;2020;9;21;5;3;0;1;2;0;0;0;1;0;0;0;POINT (13.32147212 52.50183451)
6;2020;9;17;1;3;2;6;0;0;1;0;0;0;0;0;POINT (13.26878638 52.40490683)
8;2020;9;12;2;3;1;5;0;1;1;0;0;0;0;0;POINT (13.43526487 52.42593802)
12;2020;9;9;5;3;5;2;0;1;1;0;0;0;0;0;POINT (13.33072481 52.56258789)
7;2020;9;20;1;2;4;6;1;0;1;0;0;0;0;0;POINT (13.3711102 52.48404266)
3;2020;9;7;5;3;6;7;0;1;0;1;0;0;0;0;POINT (13.41730243 52.53126645)
12;2020;9;15;3;3;4;6;0;0;1;0;0;0;0;0;POINT (13.25163291 52.59704534)
12;2020;9;10;1;3;6;3;0;0;1;1;0;0;0;0;POINT (13.28580531 52.59242524)
9;2020;9;14;3;3;3;6;0;1;0;0;0;0;0;0;POINT (13.57108603 52.44444472)
9;2020;9;7;7;3;1;5;0;0;1;0;0;0;0;0;POINT (13.57139514 52.4339037)
8;2020;9;16;2;3;0;7;0;0;1;0;1;0;0;0;POINT (13.44164753 52.46969476)
5;2020;9;18;5;2;6;4;0;0;1;1;0;0;0;0;POINT (13.23777411 52.54585575)
2;2020;9;18;1;3;1;5;0;1;1;0;0;0;0;0;POINT (13.42729987 52.51146496)
11;2020;9;12;4;3;1;5;0;1;1;0;0;0;0;0;POINT (13.50970173 52.50166546)
7;2020;9;21;3;2;5;3;2;1;1;0;0;0;0;0;POINT (13.35984255 52.47548319)
2;2020;9;20;4;3;5;3;1;0;1;0;1;0;0;0;POINT (13.43204847 52.49944118)
6;2020;9;12;7;3;5;3;0;0;1;0;0;0;0;0;POINT (13.24188749 52.44438689)
8;2020;9;13;3;3;4;2;0;0;1;0;1;0;0;0;POINT (13.45659202 52.43157937)
2;2020;9;2;5;3;1;5;2;0;1;0;0;0;1;0;POINT (13.39428492 52.49101103)
4;2020;9;13;3;3;0;2;0;1;1;0;0;0;0;0;POINT (13.33247219 52.50605002)
11;2020;9;13;1;3;0;2;0;1;1;0;0;0;0;0;POINT (13.48926649 52.54241101)
2;2020;9;13;3;3;5;3;0;0;1;0;1;0;1;0;POINT (13.3951457 52.49518129)
6;2020;9;14;6;2;5;3;0;1;1;0;0;0;0;0;POINT (13.17594591 52.41955465)
7;2020;9;15;2;2;6;4;0;0;1;1;0;0;0;0;POINT (13.36167462 52.45606168)
7;2020;9;13;5;2;2;2;0;0;1;0;1;0;0;0;POINT (13.36211667 52.49794559)
1;2020;9;15;1;3;0;3;0;1;0;0;1;0;0;0;POINT (13.40592289 52.5139253)
1;2020;9;15;4;3;1;5;0;0;1;0;0;0;1;0;POINT (13.3926794 52.52461385)
9;2020;9;20;3;3;5;2;2;0;1;0;0;0;1;0;POINT (13.48116515 52.46079448)
1;2020;9;20;4;3;6;4;1;0;1;1;0;0;0;0;POINT (13.3919891 52.56379706)
2;2020;9;20;7;3;5;3;2;0;1;0;0;0;0;0;POINT (13.40444708 52.49520871)
6;2020;9;9;2;3;5;3;0;0;1;0;0;0;0;0;POINT (13.32733839 52.42254718)
9;2020;9;15;6;3;3;6;0;0;1;0;1;0;0;0;POINT (13.55105284 52.45643995)
3;2020;9;11;3;3;0;7;0;1;0;0;0;0;0;0;POINT (13.42522485 52.52817321)
3;2020;9;7;5;3;5;2;0;1;1;0;0;0;0;0;POINT (13.41101761 52.5306177)
6;2020;9;18;6;2;5;3;0;1;1;0;0;0;0;0;POINT (13.25600084 52.43586001)
3;2020;9;11;1;3;5;3;0;0;1;0;0;0;1;0;POINT (13.41433483 52.55137877)
9;2020;9;14;5;3;0;3;0;0;1;0;0;0;1;0;POINT (13.50810026 52.45030605)
11;2020;9;12;1;3;5;2;0;0;1;0;1;0;0;0;POINT (13.48776786 52.51090926)
1;2020;9;13;4;3;6;4;0;0;1;1;0;0;0;0;POINT (13.35293921 52.51625474)
1;2020;9;11;3;3;2;2;0;1;0;0;0;0;1;0;POINT (13.35773141 52.50644328)
7;2020;9;19;4;3;5;7;1;0;1;0;0;0;0;0;POINT (13.39644847 52.46532584)
12;2020;9;16;7;3;2;6;0;0;1;0;0;0;0;0;POINT (13.33154021 52.6100528)
8;2020;9;11;2;3;2;6;0;0;1;0;0;0;0;0;POINT (13.46683484 52.42849981)
5;2020;9;13;6;3;5;3;0;1;1;0;0;0;0;0;POINT (13.23391788 52.55141774)
10;2020;9;10;3;3;5;2;0;0;1;0;0;0;1;0;POINT (13.54978419 52.54287477)
3;2020;9;5;5;3;5;3;2;1;1;0;0;0;0;0;POINT (13.40182787 52.58734022)
9;2020;9;9;3;3;5;2;0;0;1;0;0;0;0;0;POINT (13.47875344 52.47759436)
8;2020;9;7;1;3;5;3;0;1;0;0;0;0;1;0;POINT (13.49679738 52.41566845)
5;2020;9;9;3;3;6;4;0;0;0;1;0;0;1;0;POINT (13.18839522 52.53432244)
7;2020;9;9;3;3;5;7;0;0;1;0;0;0;1;0;POINT (13.38434051 52.48410957)
7;2020;9;9;1;3;0;1;0;1;0;0;0;0;0;0;POINT (13.34817167 52.4589323)
2;2020;9;11;4;2;1;5;0;1;1;0;0;0;0;0;POINT (13.41181679 52.49213314)
5;2020;9;8;3;3;2;2;0;0;1;0;0;0;0;0;POINT (13.15856821 52.53153618)
2;2020;9;13;7;3;5;3;0;1;1;0;0;0;0;0;POINT (13.4436865 52.49411783)
11;2020;9;17;2;2;0;1;0;1;0;0;0;0;0;0;POINT (13.47020435 52.53512894)
9;2020;9;16;5;3;5;2;0;1;1;0;0;0;0;0;POINT (13.5697022 52.44201918)
3;2020;9;18;1;2;5;2;0;0;1;0;1;0;0;0;POINT (13.46695634 52.5967149)
1;2020;9;14;5;3;0;2;0;1;1;0;0;0;0;0;POINT (13.3657224 52.55713266)
9;2020;9;8;3;3;5;3;0;0;1;0;0;0;1;0;POINT (13.511433 52.44602792)
6;2020;9;12;1;3;5;2;0;0;1;0;0;0;0;0;POINT (13.33881515 52.44437538)
4;2020;9;8;3;2;2;6;0;0;1;0;0;0;1;0;POINT (13.31679789 52.51408943)
8;2020;9;15;7;3;1;5;0;1;1;0;0;0;0;0;POINT (13.44558844 52.48583108)
1;2020;9;15;2;2;5;2;0;0;1;0;1;0;0;0;POINT (13.32859935 52.5311334)
5;2020;9;17;5;3;0;1;1;1;0;0;0;0;0;0;POINT (13.20920728 52.58063592)
1;2020;9;11;7;3;0;1;0;1;0;0;0;0;0;0;POINT (13.35201237 52.50816137)
1;2020;9;18;2;3;5;3;0;1;1;0;0;0;0;0;POINT (13.38006741 52.54053532)
4;2020;9;18;5;3;0;2;0;0;1;0;1;0;0;0;POINT (13.32022081 52.48375698)
9;2020;9;16;1;3;1;5;0;1;1;0;0;0;0;0;POINT (13.50855787 52.46689405)
8;2020;9;16;4;2;0;7;0;1;0;0;0;0;0;1;POINT (13.42489914 52.45791803)
2;2020;9;8;3;3;0;1;0;1;0;0;0;0;0;0;POINT (13.38630096 52.50145203)
5;2020;9;13;1;3;1;5;0;0;1;0;0;0;1;0;POINT (13.19122689 52.52088667)
11;2020;9;6;3;3;5;2;0;1;1;0;0;0;0;0;POINT (13.52546987 52.48155537)
1;2020;9;20;6;3;2;2;1;1;1;0;0;0;0;0;POINT (13.39382623 52.52853729)
10;2020;9;15;1;3;0;2;0;1;0;0;0;0;1;0;POINT (13.54012811 52.52566483)
1;2020;9;12;5;3;5;7;0;1;1;0;0;0;0;0;POINT (13.38056808 52.52844875)
3;2020;9;14;1;3;5;3;0;1;1;0;0;0;0;0;POINT (13.43940874 52.55566765)
3;2020;9;14;4;3;5;2;0;1;1;0;0;0;0;0;POINT (13.4292066 52.60815207)
11;2020;9;5;3;2;6;4;1;0;0;1;1;0;0;0;POINT (13.46211274 52.52973029)
7;2020;9;18;4;3;1;5;0;1;1;0;0;0;0;0;POINT (13.33124179 52.4677758)
1;2020;9;20;7;3;5;7;2;0;1;0;0;0;1;0;POINT (13.39809522 52.52721603)
1;2020;9;16;1;3;2;6;0;0;1;0;0;0;0;0;POINT (13.40070281 52.51012218)
9;2020;9;6;4;2;5;2;0;0;1;0;1;0;0;0;POINT (13.52264924 52.42666082)
5;2020;9;14;2;2;1;7;0;0;1;0;0;0;1;0;POINT (13.2196161 52.53898422)
1;2020;9;18;4;3;2;6;0;0;1;0;0;0;1;0;POINT (13.32855123 52.53095396)
2;2020;9;19;7;3;5;3;0;1;0;0;0;0;1;0;POINT (13.38269106 52.49117876)
4;2020;9;18;6;3;5;2;0;1;1;0;0;0;0;0;POINT (13.32166963 52.50186486)
4;2020;9;10;4;3;1;5;0;1;1;0;0;0;0;0;POINT (13.33785224 52.50505537)
2;2020;9;21;1;3;1;5;2;1;1;0;0;0;0;0;POINT (13.42907641 52.50698481)
2;2020;9;11;5;3;5;2;0;1;1;0;0;0;0;0;POINT (13.42993047 52.52305143)
5;2020;9;8;1;3;5;3;0;1;1;0;0;0;0;0;POINT (13.12854814 52.46581653)
5;2020;9;12;4;3;0;1;0;0;0;0;1;0;0;0;POINT (13.20267584 52.53796916)
11;2020;9;12;2;3;5;2;0;1;1;0;0;0;0;0;POINT (13.50772105 52.53471192)
5;2020;9;18;4;3;3;6;1;0;1;0;1;0;0;0;POINT (13.2041868 52.54054934)
1;2020;9;15;7;2;0;6;0;1;1;0;0;0;0;0;POINT (13.4012368 52.52675576)
3;2020;9;9;4;3;5;3;0;0;1;0;1;0;0;0;POINT (13.41466458 52.53328552)
1;2020;9;12;2;2;5;3;0;0;1;0;0;0;1;0;POINT (13.41058306 52.51601622)
10;2020;9;8;6;2;6;4;0;0;0;1;0;0;1;0;POINT (13.58548418 52.54970134)
6;2020;9;10;4;3;6;3;0;0;1;1;0;0;0;0;POINT (13.2444827 52.42586437)
8;2020;9;9;2;3;2;2;0;0;1;0;1;0;0;0;POINT (13.45584078 52.47382819)
8;2020;9;14;6;3;2;2;0;0;1;0;0;0;0;0;POINT (13.48323781 52.42568994)
12;2020;9;12;2;3;1;5;0;1;0;0;0;0;1;0;POINT (13.28227126 52.63870088)
5;2020;9;10;5;3;0;6;0;0;1;0;0;0;1;0;POINT (13.23836023 52.54251582)
1;2020;9;12;2;3;2;6;0;1;0;0;0;0;0;0;POINT (13.38093044 52.51618765)
3;2020;9;9;1;3;5;3;0;1;1;0;0;0;0;0;POINT (13.4644384 52.57043241)
1;2020;9;10;4;3;5;2;0;0;1;0;0;0;0;0;POINT (13.32968636 52.52377319)
7;2020;9;11;2;2;2;6;0;0;0;0;1;0;1;0;POINT (13.36946386 52.45671996)
4;2020;9;13;7;3;6;4;0;0;1;1;0;0;0;0;POINT (13.2611542 52.51617614)
7;2020;9;9;4;3;5;2;0;0;1;0;0;0;0;0;POINT (13.40677871 52.39376832)
2;2020;9;19;2;3;1;5;0;1;1;0;0;0;0;0;POINT (13.41009349 52.50281347)
9;2020;9;21;5;2;7;7;2;0;0;0;1;0;0;0;POINT (13.64307585 52.45602324)
3;2020;9;17;1;2;5;2;0;1;1;0;0;0;0;0;POINT (13.42013288 52.53818231)
4;2020;9;23;5;3;5;3;2;1;1;0;0;0;0;0;POINT (13.30290608 52.53031726)
3;2020;9;11;2;3;3;2;0;1;1;0;0;0;0;0;POINT (13.38360893 52.57269488)
5;2020;9;14;1;3;5;3;0;1;1;0;0;0;0;0;POINT (13.16274727 52.53346334)
2;2020;9;20;1;2;1;5;2;1;1;0;0;0;0;0;POINT (13.38797681 52.50276601)
1;2020;9;9;5;3;0;1;0;1;0;0;0;0;0;0;POINT (13.40912632 52.52838274)
7;2020;9;10;2;3;2;7;0;1;1;0;0;0;0;0;POINT (13.35358477 52.48881079)
4;2020;9;7;1;3;2;2;0;0;1;0;0;0;0;0;POINT (13.30373993 52.52552512)
12;2020;9;10;2;3;5;2;0;0;1;0;0;0;0;0;POINT (13.33410806 52.58973891)
5;2020;9;9;7;3;5;3;0;1;0;0;0;0;0;0;POINT (13.19381429 52.53368414)
2;2020;9;9;4;3;5;2;0;1;1;0;0;0;0;0;POINT (13.42869085 52.51891748)
7;2020;9;17;2;2;5;2;0;0;1;0;0;0;0;0;POINT (13.40655073 52.39376359)
5;2020;9;18;5;3;0;2;0;1;1;0;0;0;0;0;POINT (13.18286856 52.48574664)
5;2020;9;16;1;3;2;6;0;0;1;0;1;0;0;0;POINT (13.18864639 52.52143508)
11;2020;9;8;4;3;5;3;0;1;1;0;0;0;0;0;POINT (13.49069934 52.51523176)
5;2020;9;9;2;3;5;3;0;0;1;0;0;0;0;0;POINT (13.15698226 52.5392285)
2;2020;9;17;4;3;5;2;0;1;1;0;0;0;0;0;POINT (13.42869775 52.51893444)
4;2020;9;12;1;3;0;6;0;0;0;0;1;0;0;0;POINT (13.27149901 52.51011787)
1;2020;9;9;2;3;0;6;0;0;1;0;1;0;0;0;POINT (13.34796053 52.54130802)
4;2020;9;19;6;2;5;3;1;0;1;0;0;0;1;0;POINT (13.33772453 52.50387276)
3;2020;9;10;1;3;5;3;0;0;1;0;0;0;0;0;POINT (13.40711292 52.58634127)
3;2020;9;9;2;3;5;2;0;1;1;0;0;0;0;0;POINT (13.41105138 52.53064206)
9;2020;9;15;6;2;4;6;0;1;0;0;0;0;0;0;POINT (13.55197472 52.42811715)
9;2020;9;15;2;3;2;2;0;0;1;0;0;0;0;0;POINT (13.59349829 52.44338441)
7;2020;9;17;5;3;5;2;0;0;1;0;0;0;0;0;POINT (13.34624714 52.5010527)
12;2020;9;15;1;3;2;6;0;0;1;0;0;0;0;0;POINT (13.28179563 52.59222226)
9;2020;9;15;4;3;5;3;0;1;1;0;0;0;0;0;POINT (13.57551195 52.44748283)
6;2020;9;8;2;3;5;2;0;0;1;0;0;0;0;0;POINT (13.25407414 52.45082736)
4;2020;9;17;4;3;5;2;0;0;1;0;0;0;0;0;POINT (13.29643491 52.52926971)
6;2020;9;22;7;2;2;6;2;0;1;0;0;0;1;0;POINT (13.31451704 52.46499973)
1;2020;9;9;4;3;6;4;0;1;0;1;0;0;0;0;POINT (13.37060892 52.52339)
1;2020;9;9;2;3;2;6;0;1;1;0;0;0;0;0;POINT (13.38645613 52.51191717)
1;2020;9;15;6;3;2;1;0;1;0;0;0;0;0;0;POINT (13.42107879 52.51748065)
4;2020;9;8;4;3;5;7;0;1;1;0;0;0;0;0;POINT (13.3403497 52.50400254)
1;2020;9;10;5;2;3;6;0;1;1;0;0;0;0;0;POINT (13.41419241 52.51131554)
1;2020;9;10;1;3;2;2;0;0;1;0;0;0;1;0;POINT (13.33502956 52.56014264)
10;2020;9;12;4;3;3;6;0;0;1;0;0;0;1;0;POINT (13.56557971 52.52941797)
10;2020;9;15;5;3;2;2;0;0;1;0;0;0;0;0;POINT (13.61980083 52.53942682)
10;2020;9;14;1;3;6;4;0;0;1;1;0;0;0;0;POINT (13.56105834 52.55933887)
2;2020;9;13;4;3;6;2;0;0;1;1;0;0;0;0;POINT (13.45063775 52.52740477)
5;2020;9;8;2;3;5;3;0;0;1;0;0;0;0;0;POINT (13.16243577 52.52012427)
5;2020;9;17;4;3;2;6;0;1;1;0;0;0;0;0;POINT (13.17644739 52.53968075)
6;2020;9;17;7;3;5;3;0;0;1;0;1;0;0;0;POINT (13.25628834 52.42886606)
1;2020;9;10;2;3;5;2;0;0;1;0;0;0;0;0;POINT (13.34204317 52.51790571)
4;2020;9;14;6;3;5;2;0;1;1;0;0;0;0;0;POINT (13.30597854 52.52563684)
1;2020;9;8;2;3;6;6;0;1;0;1;0;0;0;0;POINT (13.34340052 52.55316603)
8;2020;9;10;5;3;3;6;0;1;1;0;0;0;0;0;POINT (13.42638607 52.47702332)
5;2020;9;6;2;3;0;2;0;0;1;0;0;0;1;0;POINT (13.20069402 52.53873991)
9;2020;9;8;1;3;5;2;0;1;1;0;0;0;0;0;POINT (13.54654619 52.4263639)
2;2020;9;2;2;2;0;1;2;0;0;0;0;0;1;0;POINT (13.47252413 52.51504997)
4;2020;9;12;7;3;6;7;0;0;1;1;0;0;0;0;POINT (13.30818523 52.47425767)
2;2020;9;8;4;3;8;1;0;0;0;0;1;0;0;0;POINT (13.45698657 52.5023304)
9;2020;9;18;2;3;5;2;0;1;1;0;0;0;0;0;POINT (13.62430937 52.44684986)
7;2020;9;20;2;2;3;6;1;0;1;0;1;0;0;0;POINT (13.367596 52.49337017)
12;2020;9;13;7;3;3;6;0;0;1;0;0;0;1;0;POINT (13.32004008 52.56596787)
12;2020;9;12;2;3;0;1;0;0;0;0;1;0;0;0;POINT (13.34589709 52.58961122)
9;2020;9;16;5;3;5;2;0;1;1;0;0;0;0;0;POINT (13.56970364 52.44201651)
2;2020;9;18;1;3;5;3;0;0;1;0;0;0;1;0;POINT (13.4346492 52.50868263)
11;2020;9;3;5;3;0;1;2;1;0;0;0;0;0;0;POINT (13.47975122 52.52306578)
4;2020;9;20;2;3;6;4;1;1;0;1;0;0;0;0;POINT (13.30725689 52.51712209)
1;2020;9;10;1;3;5;3;0;1;1;0;0;0;0;0;POINT (13.330092 52.52257986)
2;2020;9;18;2;3;0;1;0;0;0;0;1;0;0;0;POINT (13.42846177 52.51484094)
1;2020;9;0;7;3;0;5;2;0;1;0;0;0;1;0;POINT (13.33044401 52.526779)
1;2020;9;16;2;3;5;3;0;0;1;0;0;0;0;0;POINT (13.37708685 52.55399506)
4;2020;9;17;5;3;2;7;0;0;1;0;0;0;0;0;POINT (13.29754687 52.49813718)
2;2020;9;16;1;3;2;6;0;0;1;0;0;0;0;0;POINT (13.3956833 52.49852176)
10;2020;9;16;4;2;5;2;0;1;1;0;0;0;0;0;POINT (13.52205644 52.53585818)
6;2020;9;18;2;3;5;3;0;1;0;0;0;0;0;0;POINT (13.33526087 52.45131144)
1;2020;9;21;5;3;0;2;2;1;0;0;1;0;0;0;POINT (13.38042925 52.51814108)
1;2020;9;16;1;3;5;3;0;1;1;0;0;0;0;0;POINT (13.42319646 52.50680107)
2;2020;9;1;5;3;5;2;2;0;1;0;1;0;0;0;POINT (13.40787261 52.50003066)
12;2020;9;0;2;3;5;2;2;0;0;0;0;0;1;0;POINT (13.31645409 52.56694048)
5;2020;9;13;1;3;5;3;0;0;1;0;0;0;0;0;POINT (13.16538035 52.55116515)
1;2020;9;17;2;3;3;6;0;1;0;0;0;0;0;0;POINT (13.42798723 52.50744677)
9;2020;9;23;6;2;5;2;2;1;1;0;0;0;0;0;POINT (13.57520752 52.42440961)
4;2020;9;8;4;2;2;6;0;0;1;0;1;0;0;0;POINT (13.28048857 52.5063603)
1;2020;9;23;1;3;2;6;2;0;1;0;0;1;0;0;POINT (13.35676366 52.50636984)
9;2020;9;13;5;3;2;7;0;1;0;0;0;0;1;0;POINT (13.5752033 52.44674247)
1;2020;9;15;1;3;2;2;0;1;1;0;0;0;0;0;POINT (13.38664992 52.51184393)
5;2020;9;15;4;3;0;2;0;1;1;0;0;0;0;0;POINT (13.20092095 52.51210163)
3;2020;9;17;2;3;2;6;0;0;1;0;0;0;0;0;POINT (13.48074479 52.60895277)
12;2020;9;16;4;2;5;2;0;0;1;0;0;0;0;0;POINT (13.32181125 52.56056258)
9;2020;9;20;7;3;2;6;2;0;1;0;0;1;0;0;POINT (13.47882981 52.45879307)
11;2020;9;9;2;3;6;2;0;0;1;1;0;0;0;0;POINT (13.47374092 52.53617217)
4;2020;9;15;6;2;5;7;0;0;1;0;1;0;0;0;POINT (13.29784772 52.49551812)
11;2020;9;16;4;3;5;2;0;1;1;0;0;0;0;0;POINT (13.54015721 52.56528317)
1;2020;9;13;7;3;5;2;0;0;1;0;1;0;0;0;POINT (13.36238973 52.55778006)
2;2020;9;18;6;3;5;3;0;0;1;0;0;0;1;0;POINT (13.43200863 52.49932717)
1;2020;9;22;1;3;3;6;2;0;1;0;1;0;0;0;POINT (13.37160151 52.51118607)
1;2020;9;11;5;3;5;7;0;1;1;0;0;0;0;0;POINT (13.37241321 52.53861743)
4;2020;9;7;1;3;1;7;0;1;1;0;0;0;0;0;POINT (13.28670746 52.48031065)
4;2020;9;10;4;3;5;2;0;1;1;0;0;0;0;0;POINT (13.28199884 52.50873928)
11;2020;9;16;2;3;2;6;0;0;1;0;0;0;0;0;POINT (13.50168847 52.57212682)
1;2020;9;18;3;3;2;7;0;1;1;0;0;0;0;0;POINT (13.33547673 52.52712959)
4;2020;9;15;7;3;5;2;0;1;1;0;0;0;0;0;POINT (13.32488177 52.50006419)
4;2020;9;12;2;3;2;6;0;0;1;0;1;0;0;0;POINT (13.27973341 52.51829172)
9;2020;9;10;6;3;5;2;0;1;1;0;0;0;0;0;POINT (13.51177717 52.44878869)
1;2020;9;14;5;3;5;3;0;1;1;0;0;0;0;0;POINT (13.39157629 52.51216174)
9;2020;9;16;2;3;5;2;0;1;1;0;0;0;0;0;POINT (13.5412926 52.43532149)
12;2020;9;15;2;3;7;7;0;0;0;0;1;0;0;0;POINT (13.36807509 52.60265911)
6;2020;9;11;5;3;5;3;0;0;1;0;0;0;0;0;POINT (13.35194228 52.41855965)
10;2020;9;15;2;3;2;6;0;0;1;0;0;0;0;0;POINT (13.55502513 52.56605298)
3;2020;9;9;1;3;1;5;0;0;1;0;1;0;0;0;POINT (13.37705508 52.59096947)
6;2020;9;11;4;3;5;2;0;1;1;0;0;0;0;0;POINT (13.32402307 52.46041316)
1;2020;9;2;2;3;1;5;2;0;1;0;0;0;1;0;POINT (13.35536118 52.53956032)
6;2020;9;13;7;3;6;4;0;1;0;1;0;0;0;0;POINT (13.23608367 52.44009725)
4;2020;9;13;2;2;5;2;0;0;1;0;1;0;0;0;POINT (13.3127972 52.48047375)
9;2020;9;10;5;3;5;3;0;1;1;0;0;0;0;0;POINT (13.55893645 52.42361208)
4;2020;9;17;1;3;5;3;0;1;1;0;0;0;0;0;POINT (13.33304352 52.48393442)