bez;ujahr;umonat;ustunde;uwochentag;ukategorie;uart;utyp1;ulichtverh;istrad;istpkw;istfuss;istkrad;istgkfz;istsonstige;ustrzustand;geometry
10;2020;9;14;5;3;5;3;0;0;1;0;1;0;0;0;POINT (13.61433085 52.50307867)
1;2020;9;18;1;3;4;6;0;1;0;0;0;0;1;0;POINT (13.37763051 52.50828148)
2;2020;9;14;1;3;5;7;0;0;1;0;0;0;1;0;POINT (13.40667614 52.49832752)
5;2020;9;17;1;3;5;2;0;0;1;0;0;0;1;0;POINT (13.21607265 52.52699902)
5;2020;9;12;6;3;2;6;0;0;1;0;0;0;1;0;POINT (13.18842788 52.51489767)
12;2020;9;7;1;3;0;7;0;0;1;0;0;0;0;0;POINT (13.28184359 52.60074694)
2;2020;9;16;1;3;1;5;0;1;1;0;0;0;0;0;POINT (13.43859906 52.50282339)
4;2020;9;11;7;2;0;7;0;1;0;0;0;0;0;0;POINT (13.26719829 52.51471819)
8;2020;9;17;2;3;2;6;0;0;0;0;1;0;1;0;POINT (13.45293848 52.45267626)
8;2020;9;18;5;3;2;6;0;0;1;0;1;0;0;0;POINT (13.43514387 52.48406732)
2;2020;9;17;1;3;5;2;0;1;1;0;0;0;0;0;POINT (13.42950089 52.52310078)
5;2020;9;15;4;3;0;1;0;1;0;0;0;0;0;0;POINT (13.21685317 52.52696036)
11;2020;9;17;1;3;5;3;0;1;1;0;0;0;0;0;POINT (13.46746443 52.54794322)
3;2020;9;13;1;2;6;4;0;0;1;1;0;0;0;0;POINT (13.37458302 52.58295583)
4;2020;9;17;1;3;5;2;0;1;1;0;0;0;0;0;POINT (13.33325292 52.48304997)
4;2020;9;20;6;3;6;6;1;0;1;1;0;0;0;0;POINT (13.29379556 52.51757905)
7;2020;9;18;1;3;2;6;1;0;1;0;0;0;0;0;POINT (13.35765349 52.48667705)
2;2020;9;12;5;3;5;2;0;1;1;0;0;0;0;0;POINT (13.40543568 52.48885695)
12;2020;9;14;1;3;0;1;0;1;1;0;0;0;0;0;POINT (13.30088172 52.59947248)
8;2020;9;15;2;3;6;7;0;0;0;1;0;0;1;0;POINT (13.46462383 52.47633982)
7;2020;9;13;5;3;5;2;0;0;1;0;1;0;0;0;POINT (13.36229052 52.47640689)
12;2020;9;15;1;2;0;4;0;0;0;1;0;0;1;0;POINT (13.3328558 52.59542287)
3;2020;9;15;4;2;6;4;0;1;0;1;0;0;0;0;POINT (13.46405129 52.52279025)
7;2020;9;17;1;2;0;6;0;0;1;0;1;0;0;0;POINT (13.36024151 52.47529548)
1;2020;9;18;3;3;5;2;0;1;0;0;0;0;1;0;POINT (13.38421291 52.50996571)
2;2020;9;13;7;3;3;6;0;1;0;0;0;0;0;0;POINT (13.42137854 52.49903451)
2;2020;9;6;4;3;0;1;1;0;0;0;1;0;0;1;POINT (13.45474285 52.51381771)
7;2020;9;15;6;3;2;6;0;0;1;0;0;0;0;0;POINT (13.40769809 52.45239028)
3;2020;9;0;4;3;1;5;2;1;1;0;0;0;0;1;POINT (13.42590562 52.54317855)
7;2020;9;14;5;3;6;7;0;1;0;1;0;0;0;0;POINT (13.36342444 52.47715397)
1;2020;9;10;1;3;2;7;0;0;1;0;0;0;0;0;POINT (13.33570827 52.54196115)
3;2020;9;12;4;3;1;5;0;1;1;0;0;0;0;0;POINT (13.39966771 52.54645947)
7;2020;9;17;1;3;5;3;0;0;1;0;0;0;1;0;POINT (13.37917949 52.48051353)
11;2020;9;14;7;3;8;1;0;1;0;0;0;0;0;0;POINT (13.55833937 52.57500162)
1;2020;9;18;7;3;5;2;0;0;1;0;1;0;0;0;POINT (13.3707944 52.51777916)
2;2020;9;19;3;3;0;1;1;1;1;0;0;0;0;0;POINT (13.45227722 52.51064275)
9;2020;9;9;7;3;5;2;0;0;1;0;0;0;0;0;POINT (13.47866932 52.47754922)
1;2020;9;17;7;3;7;7;0;0;0;0;1;0;0;0;POINT (13.39945181 52.54259795)
5;2020;9;11;1;3;5;3;0;0;1;0;0;0;1;0;POINT (13.12301037 52.47193538)
9;2020;9;17;7;3;2;7;0;0;1;0;1;0;0;0;POINT (13.55962394 52.44661087)
1;2020;9;18;3;3;0;5;0;1;1;0;0;0;0;0;POINT (13.40469826 52.53538832)
12;2020;9;17;7;3;5;2;0;1;1;0;0;0;0;0;POINT (13.32373872 52.58750981)
3;2020;9;15;3;3;3;6;0;0;0;0;1;0;0;0;POINT (13.43391612 52.54300773)
6;2020;9;17;7;3;5;3;0;0;1;0;0;0;0;0;POINT (13.27173792 52.42730196)
12;2020;9;3;3;3;1;5;2;0;1;0;0;0;0;0;POINT (13.35541819 52.56212011)
6;2020;9;17;6;3;3;6;0;1;1;0;0;0;0;0;POINT (13.32556636 52.43897587)
12;2020;9;15;1;3;2;6;0;0;1;0;1;0;0;0;POINT (13.29383243 52.59631052)
1;2020;9;23;6;3;8;1;2;1;0;0;0;0;0;0;POINT (13.41820512 52.52567002)
12;2020;9;22;6;3;3;6;2;0;1;0;0;0;0;0;POINT (13.32611813 52.5616564)
10;2020;9;15;1;3;0;1;0;0;0;0;1;0;0;0;POINT (13.55686658 52.53412078)
12;2020;9;19;6;3;0;1;2;1;1;0;0;0;0;0;POINT (13.34967321 52.60386845)
4;2020;9;18;6;3;5;3;0;1;0;0;0;0;0;0;POINT (13.30040925 52.50790505)
2;2020;9;17;6;3;2;6;0;1;1;0;0;0;0;0;POINT (13.41826295 52.50156599)
1;2020;9;9;3;3;5;2;0;0;1;0;1;0;0;0;POINT (13.34316297 52.52623804)
3;2020;9;17;6;3;5;3;0;0;1;0;0;0;0;0;POINT (13.42210628 52.57344535)
4;2020;9;8;3;3;1;5;0;0;1;0;0;0;0;0;POINT (13.28107008 52.53997649)
2;2020;9;15;6;3;5;2;0;1;1;0;0;0;0;0;POINT (13.40763226 52.48892418)
9;2020;9;14;1;3;5;3;0;0;1;0;0;0;0;0;POINT (13.5048923 52.46807267)
12;2020;9;15;6;3;2;6;0;0;1;0;0;0;0;0;POINT (13.31159999 52.56790371)
12;2020;9;14;6;3;1;5;0;1;1;0;0;0;0;0;POINT (13.32450525 52.5649765)
1;2020;9;13;6;3;6;4;0;1;0;1;0;0;0;0;POINT (13.38312431 52.5305112)
3;2020;9;8;3;3;5;3;0;0;1;0;0;0;0;0;POINT (13.39261872 52.58218627)
12;2020;9;13;7;3;2;7;0;1;0;0;0;0;0;0;POINT (13.28315975 52.59141033)
1;2020;9;13;6;3;5;3;0;0;1;0;0;0;1;0;POINT (13.34196462 52.51789627)
3;2020;9;7;1;3;0;6;0;1;0;0;0;0;1;0;POINT (13.40507743 52.58157298)
12;2020;9;8;3;3;0;3;0;0;1;0;0;0;1;0;POINT (13.35489408 52.59662669)
3;2020;9;11;6;3;2;6;0;0;1;0;1;0;0;0;POINT (13.46179013 52.59395142)
1;2020;9;8;3;2;6;4;0;1;0;1;0;0;0;0;POINT (13.41723356 52.51255233)
12;2020;9;11;6;3;8;1;0;0;0;0;1;0;0;0;POINT (13.32653152 52.60465522)
10;2020;9;6;2;3;5;2;0;0;1;0;0;0;0;0;POINT (13.56851339 52.56950081)
5;2020;9;8;3;3;5;5;0;0;1;0;1;0;0;0;POINT (13.21233593 52.53210878)
3;2020;9;11;6;2;5;2;0;1;1;0;0;0;0;0;POINT (13.41589287 52.53652308)
1;2020;9;13;1;3;2;6;0;1;1;0;0;0;0;0;POINT (13.39111974 52.51469544)
2;2020;9;10;6;3;5;3;0;1;1;0;0;0;0;0;POINT (13.42770468 52.49625403)
1;2020;9;10;6;3;5;3;0;0;1;0;0;0;0;0;POINT (13.39995682 52.53786063)
11;2020;9;9;6;3;5;3;0;0;1;0;0;0;0;0;POINT (13.49866634 52.54449152)
2;2020;9;8;3;3;5;3;0;1;1;0;0;0;0;0;POINT (13.41928649 52.48758968)
1;2020;9;13;7;3;1;7;0;0;1;0;1;0;0;0;POINT (13.40318461 52.52473835)
7;2020;9;3;6;3;0;1;2;0;0;0;0;0;1;0;POINT (13.33828136 52.48572192)
5;2020;9;12;1;3;5;3;0;0;1;0;0;0;0;0;POINT (13.19115778 52.54981704)
5;2020;9;23;6;3;0;6;2;0;1;0;0;0;1;0;POINT (13.20205493 52.53955332)
6;2020;9;7;3;2;5;2;0;1;1;0;0;0;0;0;POINT (13.34450247 52.43776555)
6;2020;9;8;5;3;1;5;0;1;1;0;0;0;0;0;POINT (13.33340178 52.43919794)
12;2020;9;16;5;3;5;2;0;0;1;0;0;0;0;0;POINT (13.32191449 52.56051543)
4;2020;9;18;1;3;5;2;0;1;1;0;0;0;0;0;POINT (13.29722826 52.51172096)
6;2020;9;16;5;3;5;3;0;1;1;0;0;0;0;0;POINT (13.33712832 52.44557056)
3;2020;9;20;5;2;0;1;2;1;0;0;0;0;0;0;POINT (13.42426672 52.55211971)
1;2020;9;18;5;3;6;4;1;1;0;1;0;0;0;0;POINT (13.4187702 52.50788105)
7;2020;9;6;3;3;5;3;0;1;1;0;0;0;0;0;POINT (13.37092847 52.49260063)
1;2020;9;12;7;3;5;3;0;0;1;0;0;0;0;0;POINT (13.35293519 52.55325481)
3;2020;9;10;5;2;5;2;0;1;1;0;0;0;0;0;POINT (13.43886336 52.555456)
6;2020;9;12;1;2;0;1;0;1;0;0;0;0;0;0;POINT (13.18433132 52.42406775)
9;2020;9;9;5;3;6;4;0;0;0;1;0;1;0;0;POINT (13.54029417 52.43496216)
7;2020;9;4;3;3;8;7;2;0;1;0;0;0;0;0;POINT (13.40163895 52.45934604)
9;2020;9;8;5;3;5;3;0;1;1;0;0;0;0;0;POINT (13.57395122 52.4018658)
12;2020;9;14;3;3;5;3;0;1;0;0;0;0;0;0;POINT (13.30006829 52.56978739)
2;2020;9;8;5;3;5;3;0;1;1;0;0;0;0;0;POINT (13.42642976 52.4993734)
2;2020;9;13;3;3;5;2;0;0;1;0;0;0;1;0;POINT (13.45079565 52.52719813)
9;2020;9;13;3;3;2;3;0;0;1;0;0;1;0;0;POINT (13.55350714 52.44624098)
9;2020;9;7;5;3;0;1;0;1;0;0;0;0;0;0;POINT (13.49419163 52.46056565)
5;2020;9;7;5;3;5;5;0;0;1;0;1;0;0;0;POINT (13.19274875 52.53601832)
2;2020;9;15;3;2;5;3;0;1;1;0;0;0;0;0;POINT (13.39425865 52.50695281)
10;2020;9;7;5;3;0;6;0;0;1;0;0;0;1;0;POINT (13.5904128 52.52975809)
7;2020;9;16;1;3;5;2;0;1;1;0;0;0;0;0;POINT (13.38308078 52.43396372)
2;2020;9;8;5;3;2;6;0;0;1;0;0;0;0;0;POINT (13.3783134 52.48501903)
5;2020;9;17;5;3;5;2;0;1;1;0;0;0;0;0;POINT (13.19547677 52.5291661)
12;2020;9;22;5;3;5;3;2;0;1;0;0;0;0;0;POINT (13.31034934 52.62469464)
4;2020;9;13;3;3;3;6;0;0;1;0;1;0;0;0;POINT (13.30451748 52.50354539)
8;2020;9;21;5;3;6;4;2;0;1;1;0;0;0;0;POINT (13.42239286 52.49534252)
4;2020;9;13;3;3;5;2;0;1;0;0;0;0;0;0;POINT (13.32990043 52.4821338)
10;2020;9;22;5;3;5;3;2;1;1;0;0;0;0;0;POINT (13.56175255 52.54994788)
7;2020;9;14;1;3;5;2;0;0;1;0;1;0;0;0;POINT (13.36583167 52.44916953)
11;2020;9;1;5;3;8;1;2;0;1;0;0;0;0;0;POINT (13.52708985 52.56932554)
4;2020;9;18;5;3;0;5;0;1;0;0;0;0;1;0;POINT (13.30845045 52.50006732)
5;2020;9;15;1;3;2;6;0;0;1;0;0;0;0;0;POINT (13.1889692 52.52176657)
5;2020;9;7;5;2;5;3;0;1;1;0;0;0;0;0;POINT (13.20782588 52.52834441)
3;2020;9;1;5;3;8;1;2;0;1;0;0;0;0;0;POINT (13.45543422 52.5412883)
3;2020;9;0;5;2;0;1;2;1;0;0;0;0;0;0;POINT (13.41545066 52.5339901)
4;2020;9;14;3;3;3;6;0;1;1;0;0;0;0;0;POINT (13.32421857 52.50225717)
11;2020;9;14;5;2;2;6;0;0;1;0;0;0;0;0;POINT (13.527303 52.49143187)
3;2020;9;2;2;3;8;1;2;0;1;0;0;0;0;0;POINT (13.46284434 52.53218693)
3;2020;9;12;3;2;5;2;0;1;1;0;0;0;0;0;POINT (13.42679336 52.57181288)
7;2020;9;13;5;3;1;5;0;1;1;0;0;0;1;0;POINT (13.34955176 52.48943232)
2;2020;9;20;1;3;5;3;1;1;1;0;0;0;0;0;POINT (13.4185562 52.49873933)
5;2020;9;14;5;3;5;3;0;0;1;0;1;0;0;0;POINT (13.20059567 52.53427855)
2;2020;9;13;5;3;5;3;0;1;0;0;0;0;0;0;POINT (13.40670568 52.49503303)
12;2020;9;13;5;2;6;4;0;0;1;1;0;0;0;0;POINT (13.33149908 52.56306712)
11;2020;9;12;3;2;5;3;0;1;1;0;0;0;0;0;POINT (13.52601003 52.49346188)
9;2020;9;16;7;2;5;3;0;0;1;0;1;0;0;0;POINT (13.53138381 52.40509364)
12;2020;9;13;5;2;5;2;0;1;1;0;0;0;0;0;POINT (13.21723959 52.61119603)
7;2020;9;13;5;3;2;6;0;0;1;0;0;0;0;0;POINT (13.34965975 52.50257511)
1;2020;9;12;5;3;5;3;0;1;1;0;0;0;0;0;POINT (13.36572026 52.54241081)
10;2020;9;11;3;3;5;3;0;1;1;0;0;0;0;0;POINT (13.55611112 52.52007803)
1;2020;9;15;7;2;5;2;0;1;1;0;0;0;0;0;POINT (13.35111536 52.50963081)
6;2020;9;12;5;3;5;3;0;0;1;0;0;0;0;0;POINT (13.30496921 52.41014904)
11;2020;9;13;1;3;0;3;0;0;1;0;0;0;0;0;POINT (13.48663575 52.54094376)
5;2020;9;12;5;2;6;4;0;0;1;1;0;0;0;0;POINT (13.20236888 52.54653735)
8;2020;9;17;1;3;5;2;0;1;1;0;0;0;0;0;POINT (13.46325693 52.47077625)
9;2020;9;17;1;3;2;4;0;0;1;1;0;0;0;0;POINT (13.51440249 52.46235677)
1;2020;9;11;5;3;5;2;0;1;1;0;0;0;0;0;POINT (13.38091894 52.5163701)
1;2020;9;11;5;3;5;3;0;0;1;0;1;0;0;0;POINT (13.36979472 52.55294578)
1;2020;9;11;5;3;5;2;0;1;0;0;0;0;1;0;POINT (13.40090489 52.52083929)
1;2020;9;6;3;3;5;2;0;1;1;0;0;0;0;0;POINT (13.41808519 52.51566861)
5;2020;9;13;7;3;2;6;0;0;1;0;1;0;0;0;POINT (13.17049042 52.51844613)
12;2020;9;10;5;2;5;3;0;0;1;0;0;0;1;0;POINT (13.30444592 52.62184783)
2;2020;9;6;1;3;5;2;2;1;1;0;0;0;0;0;POINT (13.38582718 52.48503473)
11;2020;9;16;1;2;1;5;0;0;1;0;0;0;0;0;POINT (13.53151358 52.5093862)
11;2020;9;10;5;3;5;2;0;0;1;0;0;0;1;0;POINT (13.4917368 52.5341706)
3;2020;9;12;1;3;0;1;0;1;0;0;0;0;0;0;POINT (13.41246617 52.54525403)
6;2020;9;16;1;2;1;5;0;1;1;0;0;0;0;0;POINT (13.31386626 52.45936948)
4;2020;9;15;5;3;5;3;0;1;1;0;0;0;0;0;POINT (13.31355449 52.51528413)
9;2020;9;15;3;2;6;4;0;0;1;1;0;0;0;0;POINT (13.51136186 52.45788663)
5;2020;9;15;5;3;5;3;0;1;1;0;0;0;0;0;POINT (13.15930846 52.52965849)
6;2020;9;17;3;3;0;4;0;0;0;1;0;0;1;0;POINT (13.32372047 52.45619197)
1;2020;9;15;5;3;5;2;0;0;1;0;0;0;0;0;POINT (13.35713501 52.5451552)
3;2020;9;15;5;2;0;6;0;1;0;0;0;0;1;0;POINT (13.38184012 52.5736725)
4;2020;9;17;3;3;5;7;0;0;1;0;1;0;0;0;POINT (13.29663268 52.54817676)
9;2020;9;16;5;3;2;6;0;1;1;0;0;0;0;0;POINT (13.50050075 52.44735697)
3;2020;9;15;1;3;5;3;0;1;1;0;0;0;0;0;POINT (13.42623543 52.54304896)
1;2020;9;23;1;3;5;2;2;1;0;0;1;0;0;0;POINT (13.35095673 52.52438487)
1;2020;9;16;5;3;3;6;0;1;0;0;0;0;1;0;POINT (13.38535436 52.55030194)
12;2020;9;15;5;3;5;2;0;0;1;0;1;0;0;0;POINT (13.35387526 52.56209047)
1;2020;9;16;5;3;1;5;0;1;1;0;0;0;0;0;POINT (13.39115165 52.51448566)
9;2020;9;16;3;3;5;2;0;1;1;0;0;0;0;0;POINT (13.54503014 52.43683208)
4;2020;9;17;5;3;2;6;0;0;1;0;0;0;0;0;POINT (13.25828841 52.51824852)
1;2020;9;15;5;3;5;2;0;0;1;0;0;0;1;0;POINT (13.37110824 52.5012069)
2;2020;9;17;5;3;5;2;0;1;0;0;1;0;0;0;POINT (13.41969942 52.49552391)
1;2020;9;16;3;3;0;2;0;1;1;0;0;0;0;0;POINT (13.39418569 52.50791873)
11;2020;9;17;5;3;5;2;0;1;1;0;0;0;0;0;POINT (13.47946036 52.52321522)
4;2020;9;15;3;3;5;2;0;0;1;0;0;0;1;0;POINT (13.31992723 52.50175674)
5;2020;9;17;5;2;5;3;0;0;1;0;1;0;0;0;POINT (13.15868278 52.53313611)
1;2020;9;14;1;2;6;4;0;1;0;1;0;0;0;0;POINT (13.4005034 52.52364693)
9;2020;9;9;1;2;5;3;0;1;1;0;0;0;0;0;POINT (13.58355995 52.45158286)
1;2020;9;14;5;3;3;6;0;1;1;0;0;0;0;0;POINT (13.33670265 52.52658411)
4;2020;9;14;5;2;6;4;0;0;1;1;0;0;0;0;POINT (13.32214337 52.52108866)
1;2020;9;19;5;3;6;7;2;0;1;1;0;0;0;0;POINT (13.40731628 52.51297599)
11;2020;9;15;3;3;5;2;0;1;1;0;0;0;0;0;POINT (13.45904486 52.52610547)
12;2020;9;12;7;3;5;2;0;1;1;0;0;0;0;0;POINT (13.31651046 52.5668233)
4;2020;9;19;5;3;5;3;0;1;1;0;0;0;0;0;POINT (13.28667832 52.49589282)
1;2020;9;21;1;2;6;4;2;0;1;1;0;0;0;0;POINT (13.40595243 52.5192298)
3;2020;9;14;2;3;6;7;0;1;0;1;0;0;0;0;POINT (13.39656902 52.58026967)
11;2020;9;18;5;3;5;3;0;1;1;0;0;0;0;0;POINT (13.51949653 52.48734149)
1;2020;9;19;1;3;5;3;1;1;0;0;1;0;0;0;POINT (13.3637418 52.50078193)
1;2020;9;7;2;2;0;1;0;0;0;0;1;0;0;0;POINT (13.34701137 52.54391081)
2;2020;9;18;2;3;2;6;1;0;1;0;0;0;0;0;POINT (13.42234319 52.49276495)
4;2020;9;8;5;3;0;3;0;1;0;0;0;0;0;0;POINT (13.31983026 52.46880718)
10;2020;9;13;1;3;5;2;0;0;1;0;0;0;0;0;POINT (13.58791724 52.52077754)
1;2020;9;18;5;3;5;3;0;1;1;0;0;0;0;0;POINT (13.379669 52.52131941)
1;2020;9;18;5;3;0;3;0;1;1;0;0;0;0;0;POINT (13.40583785 52.51047949)
6;2020;9;17;5;2;5;3;0;0;1;0;1;0;0;0;POINT (13.32170953 52.4356671)
12;2020;9;13;2;3;2;6;0;1;1;0;0;0;0;0;POINT (13.31046117 52.60387609)
4;2020;9;1;7;2;9;1;2;1;0;0;0;0;0;0;POINT (13.33103068 52.48930867)
5;2020;9;17;5;2;1;5;0;1;1;0;0;0;0;0;POINT (13.1447701 52.45247824)
9;2020;9;12;1;3;2;6;0;1;1;0;0;0;0;0;POINT (13.56918446 52.44435517)
4;2020;9;9;1;3;5;2;0;1;1;0;0;0;0;0;POINT (13.33578065 52.51369902)
11;2020;9;9;4;3;0;6;0;1;0;0;0;0;1;0;POINT (13.48282131 52.50634232)
9;2020;9;9;1;3;5;2;0;0;0;0;0;1;1;0;POINT (13.55437701 52.45569575)
4;2020;9;12;4;3;5;3;0;1;1;0;0;0;0;0;POINT (13.31137982 52.54686119)
10;2020;9;15;4;3;3;6;0;1;1;0;0;0;0;0;POINT (13.55090172 52.51510996)
2;2020;9;15;4;3;5;3;0;1;1;0;0;0;0;0;POINT (13.41452431 52.50012217)
3;2020;9;17;4;3;5;3;0;1;1;0;0;0;0;0;POINT (13.42882999 52.58450672)
3;2020;9;13;4;3;4;5;0;0;0;0;0;0;1;0;POINT (13.46241794 52.54997646)
8;2020;9;19;4;3;5;2;1;1;0;0;0;0;1;0;POINT (13.42401752 52.48652401)
9;2020;9;10;2;3;0;2;0;1;1;0;0;0;0;0;POINT (13.5445093 52.43314083)
9;2020;9;23;7;2;8;1;2;1;0;0;0;0;0;0;POINT (13.65565803 52.42054554)
12;2020;9;23;4;3;1;5;2;0;1;0;0;0;0;0;POINT (13.33209536 52.59019136)
8;2020;9;17;1;3;2;7;0;0;1;0;0;1;0;0;POINT (13.442969 52.4678221)
1;2020;9;22;4;3;5;3;2;0;1;0;0;0;0;0;POINT (13.35708407 52.54506056)
3;2020;9;7;2;3;5;2;0;0;1;0;0;0;1;0;POINT (13.45719298 52.56099331)
1;2020;9;21;4;3;0;1;2;0;0;0;1;0;0;0;POINT (13.34160889 52.55376868)
11;2020;9;7;2;3;1;6;0;1;1;0;0;0;0;0;POINT (13.49021661 52.53900561)
9;2020;9;20;4;3;2;6;2;0;1;0;0;0;0;0;POINT (13.55908146 52.4485181)
5;2020;9;7;2;3;0;1;0;0;0;0;1;0;0;0;POINT (13.18206802 52.48697878)
8;2020;9;20;4;3;2;6;2;0;1;0;0;0;0;0;POINT (13.44609321 52.47883351)
12;2020;9;15;1;3;2;6;0;0;1;0;0;0;0;0;POINT (13.34459351 52.58917631)
9;2020;9;7;1;2;5;3;0;1;1;0;0;0;0;0;POINT (13.55328761 52.46958191)
2;2020;9;7;2;3;5;3;0;1;1;0;0;0;0;0;POINT (13.44054237 52.51349144)
4;2020;9;19;4;3;6;2;1;0;1;1;0;0;0;0;POINT (13.29055785 52.47522807)
4;2020;9;16;1;3;3;6;0;0;1;0;1;0;0;0;POINT (13.28007213 52.51847611)
2;2020;9;19;4;3;5;2;1;1;1;0;0;0;0;0;POINT (13.47178602 52.50777016)
11;2020;9;18;4;3;5;2;0;1;1;0;0;0;0;0;POINT (13.54007038 52.56527258)
3;2020;9;18;4;3;1;6;0;1;1;0;0;0;0;0;POINT (13.41435733 52.55209279)
10;2020;9;7;2;2;5;2;0;0;1;0;1;0;0;0;POINT (13.56562399 52.57043807)
1;2020;9;16;4;3;5;2;0;1;1;0;0;0;0;0;POINT (13.36925825 52.54619484)
11;2020;9;7;2;3;3;6;0;1;0;0;0;0;0;0;POINT (13.47924934 52.52531568)
7;2020;9;18;4;3;5;3;0;0;1;0;1;0;0;0;POINT (13.36360398 52.47671923)
7;2020;9;14;1;3;5;3;0;1;1;0;0;0;0;0;POINT (13.37222948 52.45571701)
3;2020;9;17;4;3;5;3;0;0;1;0;1;0;0;0;POINT (13.40037011 52.56920634)
8;2020;9;17;4;3;5;3;0;1;1;0;0;0;0;0;POINT (13.4280662 52.47355407)
7;2020;9;17;4;3;6;4;0;1;0;1;0;0;0;0;POINT (13.34041202 52.48785156)
6;2020;9;7;2;3;5;2;0;1;1;0;0;0;0;0;POINT (13.30608077 52.46587695)
2;2020;9;16;4;3;2;6;0;1;1;0;0;0;0;0;POINT (13.41551347 52.4959374)
1;2020;9;12;4;3;5;3;0;0;1;0;0;0;0;0;POINT (13.37869191 52.52819948)
4;2020;9;11;4;3;0;6;0;1;1;0;0;0;0;0;POINT (13.31442998 52.47333369)
2;2020;9;23;2;3;5;2;2;1;1;0;0;0;0;0;POINT (13.42627778 52.51588907)
2;2020;9;11;4;3;5;2;0;1;0;0;0;0;1;0;POINT (13.40285454 52.49403916)
4;2020;9;6;2;2;5;2;0;0;1;0;1;0;0;0;POINT (13.27991659 52.52059777)
1;2020;9;23;2;3;5;2;2;1;1;0;0;0;0;0;POINT (13.35066131 52.53244618)
2;2020;9;11;4;3;5;3;0;1;1;0;0;0;0;0;POINT (13.38743896 52.4928489)
2;2020;9;21;1;3;2;7;2;1;1;0;0;0;0;0;POINT (13.46133889 52.51174685)
1;2020;9;7;1;3;0;2;0;1;1;0;0;0;0;0;POINT (13.40039885 52.53949949)
2;2020;9;10;4;3;5;3;0;0;1;0;0;0;1;0;POINT (13.43577576 52.49987827)
1;2020;9;10;4;3;2;3;0;1;1;0;0;0;0;0;POINT (13.34787969 52.54850083)
6;2020;9;10;4;2;5;2;0;1;1;0;0;0;0;0;POINT (13.272083 52.45345607)
8;2020;9;21;2;3;0;2;2;0;1;0;1;0;0;0;POINT (13.4521609 52.4526015)
5;2020;9;20;7;3;6;2;1;0;1;1;0;0;0;0;POINT (13.19928821 52.53480898)
6;2020;9;9;4;3;5;2;0;0;1;0;0;0;1;0;POINT (13.28694437 52.42249638)
1;2020;9;12;1;3;6;4;0;1;0;1;0;0;0;0;POINT (13.3569884 52.50470161)
3;2020;9;8;4;3;5;2;0;0;1;0;1;0;0;0;POINT (13.41042474 52.53923918)
1;2020;9;20;7;3;1;5;1;0;1;0;0;0;1;0;POINT (13.37942237 52.5334826)
7;2020;9;8;4;3;1;5;0;1;1;0;0;0;0;0;POINT (13.36107569 52.4978923)
4;2020;9;19;1;3;6;2;1;0;1;1;0;0;0;0;POINT (13.32274741 52.48643806)
5;2020;9;8;4;3;3;2;0;0;1;0;1;0;0;0;POINT (13.19862049 52.53280469)
1;2020;9;18;1;3;5;3;0;0;1;0;0;0;1;0;POINT (13.39431822 52.54741344)
2;2020;9;15;4;3;0;3;0;0;1;0;1;0;0;0;POINT (13.47009853 52.50629302)
1;2020;9;15;4;3;2;6;0;0;1;0;0;0;0;0;POINT (13.35059064 52.51225784)
5;2020;9;14;4;2;5;3;0;0;1;0;1;0;0;0;POINT (13.20555103 52.54167994)
3;2020;9;18;2;3;6;4;0;1;0;1;0;0;0;0;POINT (13.43866207 52.54799116)
5;2020;9;18;7;2;5;2;1;0;1;0;0;0;0;0;POINT (13.18459307 52.54750687)
12;2020;9;14;4;2;5;3;0;0;1;0;0;0;0;0;POINT (13.229096 52.5732058)
4;2020;9;11;1;3;2;2;0;0;1;0;0;0;0;0;POINT (13.28036817 52.51825952)
12;2020;9;14;4;2;5;3;0;0;1;0;0;0;0;0;POINT (13.23714134 52.61161771)
4;2020;9;14;4;3;5;2;0;1;1;0;0;0;0;0;POINT (13.30476531 52.49343104)
6;2020;9;20;2;3;2;6;2;1;1;0;0;0;0;0;POINT (13.33225643 52.4178613)
1;2020;9;14;2;3;2;6;0;1;0;0;0;0;0;0;POINT (13.35887335 52.5542336)
6;2020;9;13;4;3;6;2;0;0;0;1;0;0;1;0;POINT (13.32088501 52.45681926)
7;2020;9;7;2;3;5;3;0;1;1;0;0;0;0;0;POINT (13.40210311 52.41313752)
7;2020;9;13;4;3;1;5;0;0;1;0;0;0;0;0;POINT (13.38930879 52.45698429)
4;2020;9;12;4;2;5;3;0;0;1;0;0;0;0;0;POINT (13.29493386 52.53962644)
1;2020;9;6;2;3;5;7;1;1;1;0;0;0;0;0;POINT (13.37118123 52.50392947)
12;2020;9;13;4;2;5;2;0;1;0;0;0;1;0;0;POINT (13.36098923 52.57703522)
11;2020;9;13;1;3;6;4;0;0;1;1;0;0;0;0;POINT (13.5048631 52.56338934)
1;2020;9;8;4;3;3;2;0;1;0;0;1;0;0;0;POINT (13.39203867 52.50958029)
1;2020;9;7;4;3;0;6;0;0;1;0;1;0;0;0;POINT (13.40977616 52.52862844)
4;2020;9;7;4;3;2;6;0;1;1;0;0;0;0;0;POINT (13.33326966 52.48111078)
1;2020;9;6;2;2;5;3;0;0;1;0;1;0;0;0;POINT (13.39079144 52.51573857)