bez;ujahr;umonat;ustunde;uwochentag;ukategorie;uart;utyp1;ulichtverh;istrad;istpkw;istfuss;istkrad;istgkfz;istsonstige;ustrzustand;geometry
11;2020;9;7;4;3;5;3;0;0;1;0;0;0;0;0;POINT (13.51644768 52.50562212)
4;2020;9;7;2;3;5;2;0;1;1;0;0;0;0;0;POINT (13.26372065 52.51463401)
3;2020;9;5;2;3;2;6;0;0;1;0;0;0;1;0;POINT (13.38503586 52.5912075)
6;2020;9;6;4;3;2;2;0;0;1;0;1;0;0;0;POINT (13.316803 52.4257572)
3;2020;9;6;4;3;2;6;0;0;1;0;0;0;0;0;POINT (13.41506104 52.55383425)
9;2020;9;0;2;2;8;1;2;1;0;0;0;0;0;0;POINT (13.45499802 52.49699649)
12;2020;9;15;3;3;2;7;0;0;1;0;0;0;0;0;POINT (13.28656657 52.59138511)
7;2020;9;14;1;3;2;6;0;0;1;0;0;0;0;0;POINT (13.38219296 52.39932926)
1;2020;9;15;3;3;0;3;0;1;0;0;0;0;1;0;POINT (13.3862471 52.53874)
11;2020;9;10;3;2;6;7;0;1;0;1;0;0;0;0;POINT (13.50951004 52.4961343)
1;2020;9;21;3;3;2;6;2;0;1;0;0;0;1;0;POINT (13.38714754 52.526834)
1;2020;9;8;2;3;1;5;0;1;0;0;0;0;1;0;POINT (13.38899772 52.51598071)
8;2020;9;14;3;3;4;6;0;0;0;0;1;0;1;0;POINT (13.42131757 52.46738921)
9;2020;9;0;2;3;2;6;2;0;1;0;1;0;0;0;POINT (13.50334431 52.46059052)
2;2020;9;7;2;3;5;2;0;1;1;0;0;0;0;0;POINT (13.43027202 52.51535903)
5;2020;9;8;3;3;6;7;0;1;0;1;0;0;0;0;POINT (13.26687156 52.53236604)
4;2020;9;20;1;3;5;2;1;0;1;0;0;0;0;0;POINT (13.30796791 52.50656675)
12;2020;9;20;3;2;7;7;0;1;0;0;0;0;0;0;POINT (13.29551446 52.64246198)
9;2020;9;11;3;3;2;6;0;0;1;0;0;0;0;0;POINT (13.59630244 52.43710802)
12;2020;9;14;1;3;3;6;0;0;1;0;1;0;0;0;POINT (13.36575824 52.56289383)
12;2020;9;11;3;3;5;2;0;0;1;0;1;0;0;0;POINT (13.2356592 52.62073911)
4;2020;9;23;3;3;1;5;2;0;1;0;0;0;0;0;POINT (13.32476033 52.51011342)
8;2020;9;22;3;3;0;1;2;1;0;0;0;0;0;0;POINT (13.43787704 52.47828009)
4;2020;9;8;2;3;5;3;0;1;1;0;0;0;0;0;POINT (13.30010137 52.50976583)
9;2020;9;18;7;3;2;6;0;0;1;0;0;0;0;0;POINT (13.45405621 52.494042)
12;2020;9;22;3;2;5;2;2;1;1;0;0;0;0;0;POINT (13.3297256 52.56316391)
12;2020;9;13;1;3;3;6;0;0;1;0;1;0;0;0;POINT (13.28445461 52.59450403)
11;2020;9;7;1;3;5;2;0;1;1;0;0;0;0;0;POINT (13.52546575 52.48152865)
1;2020;9;21;3;3;1;5;2;1;1;0;0;0;0;0;POINT (13.4081816 52.52894472)
1;2020;9;16;7;3;1;5;0;1;1;0;0;0;0;0;POINT (13.41589741 52.52742098)
4;2020;9;20;3;3;1;5;2;1;1;0;0;0;0;0;POINT (13.33903036 52.50335605)
4;2020;9;20;3;3;5;2;2;0;1;0;1;0;0;0;POINT (13.32165816 52.49171356)
4;2020;9;20;3;3;5;3;2;1;1;0;0;0;0;0;POINT (13.32307679 52.49155304)
11;2020;9;8;2;3;5;2;0;1;1;0;0;0;0;0;POINT (13.51914416 52.50979792)
4;2020;9;17;1;3;5;2;0;1;1;0;0;0;0;0;POINT (13.33838414 52.50522156)
6;2020;9;18;3;2;5;2;0;0;1;0;0;0;0;0;POINT (13.31328308 52.43540188)
12;2020;9;5;5;3;5;2;2;1;1;0;0;0;0;1;POINT (13.32970261 52.56317708)
3;2020;9;14;3;2;6;4;0;1;0;1;0;0;0;0;POINT (13.40656321 52.57579121)
7;2020;9;5;1;3;0;1;2;0;0;0;1;0;0;1;POINT (13.34480605 52.48558128)
12;2020;9;9;3;3;2;6;0;0;1;0;1;0;0;0;POINT (13.32971982 52.5689647)
1;2020;9;19;4;3;2;6;2;1;1;0;0;0;0;0;POINT (13.3873247 52.52589957)
9;2020;9;17;6;2;2;6;0;0;1;0;0;0;0;1;POINT (13.48033859 52.46035625)
7;2020;9;7;2;3;5;3;0;1;1;0;0;0;0;0;POINT (13.37722897 52.47558889)
5;2020;9;10;3;3;3;6;0;0;1;0;0;1;0;0;POINT (13.1921619 52.53412671)
3;2020;9;10;3;3;0;2;0;1;1;0;0;0;0;0;POINT (13.36914047 52.59737037)
7;2020;9;14;5;3;2;6;0;0;1;0;0;0;1;1;POINT (13.37391713 52.46876366)
1;2020;9;15;1;3;5;3;0;0;1;0;1;0;0;0;POINT (13.39380564 52.5411181)
5;2020;9;18;3;3;5;3;0;0;1;0;0;0;0;0;POINT (13.20567006 52.54162341)
6;2020;9;6;4;3;6;2;1;0;1;1;0;0;0;0;POINT (13.34701412 52.45009229)
9;2020;9;17;1;3;1;5;0;1;1;0;0;0;0;0;POINT (13.59458518 52.42904375)
1;2020;9;17;2;3;1;5;0;1;1;0;0;0;0;0;POINT (13.38358312 52.55118074)
3;2020;9;8;4;3;2;7;0;1;1;0;0;0;0;0;POINT (13.45791361 52.54674243)
7;2020;9;13;6;3;5;3;0;0;1;0;0;0;0;1;POINT (13.35940517 52.47502833)
5;2020;9;19;2;3;2;2;0;0;1;0;0;0;0;0;POINT (13.23987967 52.54295919)
11;2020;9;14;4;2;0;7;0;1;0;0;0;1;0;0;POINT (13.52701016 52.49207539)
11;2020;9;10;6;3;9;1;0;0;1;0;0;0;0;1;POINT (13.47593991 52.50113501)
11;2020;9;12;2;3;5;3;0;1;1;0;0;0;0;0;POINT (13.4732607 52.52299149)
1;2020;9;17;3;3;5;3;0;1;1;0;0;0;0;0;POINT (13.35604741 52.55955525)
5;2020;9;10;5;3;2;6;0;0;1;0;0;0;1;1;POINT (13.15845508 52.4625741)
8;2020;9;10;1;3;5;2;0;0;1;0;0;0;0;0;POINT (13.50578613 52.41849633)
10;2020;9;12;3;2;0;1;0;0;0;0;1;0;0;0;POINT (13.64506089 52.52494459)
6;2020;9;9;3;3;5;2;0;1;1;0;0;0;0;0;POINT (13.33876334 52.44895796)
3;2020;9;17;4;3;5;3;0;1;1;0;0;0;0;0;POINT (13.40271169 52.58550442)
6;2020;9;21;7;3;8;1;2;0;1;0;0;0;0;1;POINT (13.31220254 52.43043396)
8;2020;9;16;2;2;0;6;0;0;1;0;1;0;0;0;POINT (13.43462288 52.46218325)
9;2020;9;20;5;3;3;6;2;1;1;0;0;0;0;0;POINT (13.55411473 52.46714216)
2;2020;9;9;2;3;1;5;0;1;1;0;0;0;0;0;POINT (13.44373245 52.5252878)
2;2020;9;18;3;3;5;2;0;1;1;0;0;0;0;0;POINT (13.42005857 52.49645399)
3;2020;9;8;5;3;2;6;0;0;1;0;0;0;0;1;POINT (13.48219615 52.61060875)
4;2020;9;14;3;3;6;4;0;0;1;1;0;0;0;0;POINT (13.29445453 52.4740409)
4;2020;9;11;1;3;0;4;0;0;1;1;0;0;0;0;POINT (13.31966783 52.50171628)
12;2020;9;13;3;2;1;5;0;1;1;0;0;0;0;0;POINT (13.32436919 52.56500984)
3;2020;9;8;3;3;5;3;0;1;1;0;0;0;0;0;POINT (13.44169272 52.55003083)
7;2020;9;17;3;2;5;3;0;0;1;0;0;0;0;0;POINT (13.37460173 52.48123344)
4;2020;9;8;5;3;2;6;0;0;1;0;0;1;1;1;POINT (13.25715248 52.52225078)
1;2020;9;14;1;3;1;5;0;1;1;0;0;0;0;0;POINT (13.40631439 52.5365636)
8;2020;9;7;3;3;0;3;0;0;1;0;1;0;0;0;POINT (13.47986872 52.42838706)
4;2020;9;8;3;3;1;5;0;1;1;0;0;0;0;0;POINT (13.31965984 52.48410913)
9;2020;9;14;4;3;5;2;0;1;1;0;0;0;0;0;POINT (13.50859548 52.46371106)
3;2020;9;13;7;3;0;7;0;0;1;0;1;0;0;0;POINT (13.40444062 52.54061599)
6;2020;9;10;2;3;1;5;0;1;1;0;0;0;0;0;POINT (13.34988147 52.45172776)
9;2020;9;23;5;2;0;1;2;0;0;0;1;0;0;0;POINT (13.5422783 52.45775337)
2;2020;9;8;2;3;0;2;0;1;1;0;0;0;0;0;POINT (13.41044621 52.50379668)
3;2020;9;8;3;3;4;6;0;1;0;0;0;0;0;0;POINT (13.42944969 52.5863733)
10;2020;9;5;5;3;9;1;2;0;1;0;0;0;1;1;POINT (13.57134071 52.54592196)
2;2020;9;14;3;3;6;7;0;0;1;1;0;0;0;0;POINT (13.38875137 52.49256694)
9;2020;9;6;1;3;1;7;1;0;1;0;0;0;0;0;POINT (13.54393486 52.41731996)
2;2020;9;12;3;3;5;7;0;1;1;0;0;0;0;0;POINT (13.46079722 52.51649484)
5;2020;9;15;4;3;3;6;0;0;1;0;0;0;0;0;POINT (13.20417183 52.54051103)
3;2020;9;20;6;3;5;3;2;0;1;0;0;0;0;1;POINT (13.42622018 52.54855656)
5;2020;9;8;2;3;2;6;0;0;1;0;1;0;0;0;POINT (13.15833665 52.5330563)
3;2020;9;8;3;3;1;3;0;1;1;0;0;0;0;0;POINT (13.47191461 52.57079334)
10;2020;9;12;4;3;5;3;0;1;1;0;0;0;0;0;POINT (13.63029337 52.52444613)
8;2020;9;6;7;3;1;7;1;0;1;0;0;0;1;0;POINT (13.40825964 52.42667382)
2;2020;9;14;2;2;6;4;0;0;1;1;0;0;0;0;POINT (13.47384965 52.51009021)
1;2020;9;18;5;3;5;2;0;1;1;0;0;0;0;1;POINT (13.37134482 52.51114867)
3;2020;9;7;2;3;5;2;0;1;1;0;0;0;0;0;POINT (13.41229827 52.53114757)
2;2020;9;8;3;3;5;2;0;1;1;0;0;0;0;0;POINT (13.38867884 52.49418264)
10;2020;9;13;5;3;0;7;0;0;0;0;1;0;0;1;POINT (13.62640254 52.53955647)
8;2020;9;14;3;2;5;2;0;0;1;0;1;1;0;0;POINT (13.46738337 52.46278449)
11;2020;9;5;1;3;2;2;1;0;1;0;0;0;0;1;POINT (13.47611958 52.53288927)
4;2020;9;9;3;3;1;7;0;0;1;0;0;0;0;0;POINT (13.29908674 52.4872158)
7;2020;9;18;4;3;5;3;1;0;1;0;0;0;0;0;POINT (13.41607663 52.39834972)
1;2020;9;12;6;3;5;3;0;1;1;0;0;0;0;1;POINT (13.37937199 52.54016654)
7;2020;9;23;2;2;6;4;2;1;0;1;0;0;0;0;POINT (13.35268547 52.4992448)
7;2020;9;7;3;3;3;6;0;1;1;0;0;0;0;0;POINT (13.36471561 52.48509298)
4;2020;9;7;3;2;5;3;0;0;1;0;0;0;0;0;POINT (13.2913398 52.49713812)
2;2020;9;14;5;3;1;5;0;1;1;0;0;0;0;1;POINT (13.39465498 52.5069775)
1;2020;9;9;1;3;2;6;0;1;1;0;0;0;0;0;POINT (13.38160304 52.52384105)
9;2020;9;6;3;2;7;7;1;0;0;0;1;0;0;0;POINT (13.67434993 52.37132157)
1;2020;9;17;4;3;5;7;0;1;1;0;0;0;0;0;POINT (13.37196275 52.51956951)
3;2020;9;16;3;1;5;2;0;0;1;0;1;0;0;0;POINT (13.47948793 52.64369854)
4;2020;9;16;5;3;1;7;0;0;1;0;0;0;0;0;POINT (13.3226357 52.48796075)
11;2020;9;10;1;2;5;3;0;1;1;0;0;0;0;0;POINT (13.51653696 52.50554915)
7;2020;9;7;2;3;0;2;0;1;0;0;0;0;1;0;POINT (13.35974568 52.47528489)
6;2020;9;12;5;3;5;3;0;0;1;0;0;0;0;1;POINT (13.3077104 52.44968125)
3;2020;9;18;1;3;1;5;0;1;0;0;0;0;1;0;POINT (13.43149029 52.55403521)
1;2020;9;7;2;3;2;6;1;1;0;0;0;0;1;0;POINT (13.35988864 52.52352043)
1;2020;9;13;4;3;5;3;0;0;1;0;0;0;0;0;POINT (13.35219677 52.50549995)
5;2020;9;8;6;3;9;1;0;0;1;0;0;0;0;1;POINT (13.22159787 52.53704473)
4;2020;9;11;2;2;0;7;0;1;0;0;0;0;0;0;POINT (13.31496666 52.47205669)
2;2020;9;9;2;3;5;2;0;1;1;0;0;0;0;0;POINT (13.40199482 52.49258507)
12;2020;9;9;5;3;5;2;0;1;0;0;0;0;1;1;POINT (13.3514951 52.56207756)
9;2020;9;7;3;3;5;2;0;1;1;0;0;0;0;0;POINT (13.52103678 52.46081456)
8;2020;9;14;2;3;5;2;0;1;1;0;0;0;0;0;POINT (13.45195771 52.45253175)
7;2020;9;17;4;3;6;6;0;1;0;1;0;0;0;0;POINT (13.36728254 52.49342721)
9;2020;9;20;7;3;1;5;2;0;1;0;0;0;0;1;POINT (13.57578915 52.45415635)
7;2020;9;16;2;3;5;3;0;0;1;0;0;0;0;0;POINT (13.40603186 52.38196853)
8;2020;9;16;7;3;3;6;0;1;1;0;0;0;0;0;POINT (13.4481258 52.47811749)
12;2020;9;17;2;3;5;3;0;0;1;0;0;0;1;0;POINT (13.31034431 52.62471133)
2;2020;9;13;4;3;5;3;0;0;1;0;1;0;0;0;POINT (13.45781905 52.51276575)
4;2020;9;13;6;3;6;4;0;0;1;1;0;0;0;1;POINT (13.28642003 52.518793)
11;2020;9;16;2;3;2;3;0;1;0;0;1;0;0;0;POINT (13.52164353 52.47520989)
6;2020;9;17;2;3;0;5;1;0;1;0;0;0;0;0;POINT (13.31811906 52.43391626)
2;2020;9;7;5;3;5;3;0;0;1;0;1;0;0;1;POINT (13.38660341 52.50094709)
8;2020;9;14;1;3;6;7;0;0;1;1;0;0;0;0;POINT (13.43164501 52.48591096)
4;2020;9;8;3;3;5;3;0;1;0;0;1;0;0;0;POINT (13.31178811 52.50040821)
6;2020;9;16;2;2;5;2;0;1;1;0;0;0;0;0;POINT (13.28851453 52.45804163)
5;2020;9;16;4;2;6;7;0;0;1;1;0;0;0;0;POINT (13.19723914 52.54099406)
4;2020;9;12;7;2;5;3;0;0;1;0;0;0;0;0;POINT (13.31067537 52.48920432)
6;2020;9;15;2;3;3;6;0;0;1;0;0;1;0;0;POINT (13.32078328 52.41155693)
10;2020;9;15;5;2;0;3;0;1;1;0;0;0;0;1;POINT (13.614672 52.4936406)
8;2020;9;8;2;3;5;3;0;1;1;0;0;0;0;0;POINT (13.43112515 52.46782598)
6;2020;9;15;2;3;3;6;0;0;1;0;0;0;0;0;POINT (13.33235431 52.45494046)
4;2020;9;5;5;3;5;3;2;1;1;0;0;0;0;1;POINT (13.30310144 52.50552375)
3;2020;9;14;3;3;5;3;0;0;1;0;0;0;0;0;POINT (13.3897306 52.57430792)
1;2020;9;7;5;3;0;1;0;1;0;0;0;0;0;1;POINT (13.39900144 52.53243679)
10;2020;9;9;2;3;5;2;0;0;1;0;1;0;0;0;POINT (13.60133095 52.53575939)
4;2020;9;15;2;3;1;5;0;0;1;0;0;0;0;0;POINT (13.28649815 52.48019605)
9;2020;9;7;5;2;5;3;1;0;1;0;1;0;0;1;POINT (13.55329528 52.46960049)
5;2020;9;13;3;3;5;3;0;1;1;0;0;0;0;0;POINT (13.19682226 52.56296434)
1;2020;9;15;1;3;6;7;0;1;0;1;0;0;0;0;POINT (13.33602572 52.52278839)
1;2020;9;13;3;3;0;4;0;0;0;1;1;0;0;0;POINT (13.40894564 52.5241718)
9;2020;9;16;4;3;5;3;0;0;0;0;1;0;0;0;POINT (13.55294184 52.43959072)
1;2020;9;23;6;3;5;2;2;1;1;0;0;0;0;1;POINT (13.33937581 52.52572468)
6;2020;9;13;2;3;2;6;0;0;1;0;0;0;0;0;POINT (13.23015336 52.43821133)
11;2020;9;10;4;3;3;6;0;0;1;0;1;0;0;0;POINT (13.47551781 52.50263989)
11;2020;9;17;5;3;6;4;2;0;1;1;0;0;0;1;POINT (13.49542101 52.53602226)
4;2020;9;15;1;3;5;2;0;1;1;0;0;0;0;0;POINT (13.31405449 52.50635011)
4;2020;9;14;2;2;0;7;0;1;0;0;0;0;0;0;POINT (13.27235307 52.52835523)
4;2020;9;13;5;3;5;2;0;0;1;0;0;0;0;1;POINT (13.30024659 52.49880501)
6;2020;9;13;3;3;5;3;0;1;1;0;0;0;0;0;POINT (13.33991223 52.45095368)
11;2020;9;19;1;2;5;3;1;1;1;0;0;0;0;0;POINT (13.49649848 52.53402266)
1;2020;9;12;2;3;5;3;0;0;1;0;0;0;0;0;POINT (13.39289025 52.54532901)
11;2020;9;10;4;3;5;3;0;0;1;0;0;0;0;0;POINT (13.50034734 52.56142559)
7;2020;9;18;4;2;5;2;0;0;1;0;0;0;0;0;POINT (13.4067778 52.39376831)
1;2020;9;12;6;3;0;1;0;0;0;0;0;0;1;1;POINT (13.36813436 52.50896871)
7;2020;9;12;2;3;2;7;0;0;0;0;1;0;1;0;POINT (13.37365582 52.46029858)
2;2020;9;20;1;3;2;2;2;0;1;0;0;0;1;0;POINT (13.41732433 52.49072083)
7;2020;9;11;3;3;0;2;0;0;1;0;0;0;1;0;POINT (13.36120643 52.49423039)
1;2020;9;9;4;3;5;2;0;1;1;0;0;0;0;0;POINT (13.41822809 52.51735578)
3;2020;9;22;4;3;5;3;2;0;1;0;1;0;0;0;POINT (13.43163183 52.55215202)
4;2020;9;19;6;2;5;2;2;0;1;0;0;0;0;1;POINT (13.32024058 52.47879894)
1;2020;9;21;2;3;3;6;2;1;1;0;0;0;0;0;POINT (13.40136704 52.52958586)
7;2020;9;14;2;3;6;2;0;0;1;1;0;0;0;0;POINT (13.41232936 52.39005524)
3;2020;9;13;2;2;5;3;0;1;0;0;0;0;1;0;POINT (13.44521378 52.54245834)
1;2020;9;12;5;3;5;3;0;0;1;0;1;0;0;1;POINT (13.34963787 52.50854517)
12;2020;9;16;1;3;5;3;0;1;1;0;0;0;0;0;POINT (13.28652783 52.64129739)
8;2020;9;14;2;3;5;3;0;0;1;0;0;0;0;0;POINT (13.46217919 52.42242277)
1;2020;9;12;5;3;2;6;0;0;1;0;0;0;0;0;POINT (13.33191522 52.53997831)
1;2020;9;17;1;3;2;6;0;0;1;0;0;0;1;0;POINT (13.37647365 52.53584982)
2;2020;9;20;2;2;6;4;2;0;1;1;0;0;0;0;POINT (13.40093059 52.49829636)
9;2020;9;8;4;3;5;2;0;0;1;0;0;0;0;0;POINT (13.47494902 52.47412564)
7;2020;9;7;4;3;5;2;0;1;1;0;0;0;0;0;POINT (13.41247231 52.39214181)
11;2020;9;14;6;2;5;1;0;0;1;0;1;0;0;1;POINT (13.47280082 52.50492648)
11;2020;9;9;2;3;3;6;0;1;1;0;0;0;0;0;POINT (13.52540242 52.48211237)
1;2020;9;14;2;2;5;3;0;1;1;0;0;0;0;0;POINT (13.38665082 52.51183818)
1;2020;9;8;5;3;2;6;0;0;1;0;0;0;0;1;POINT (13.35111883 52.51516548)
6;2020;9;13;2;3;5;3;0;0;1;0;0;0;0;0;POINT (13.23378131 52.4387094)
9;2020;9;14;5;3;2;6;0;0;1;0;0;1;0;1;POINT (13.55849187 52.45279653)
6;2020;9;10;1;3;5;2;0;1;1;0;0;0;0;0;POINT (13.22409543 52.42949203)
3;2020;9;13;3;3;1;5;0;1;1;0;0;0;0;0;POINT (13.40862627 52.57169896)
9;2020;9;13;2;3;5;2;0;1;1;0;0;0;0;0;POINT (13.5935192 52.45294458)
8;2020;9;17;4;3;0;4;0;1;0;1;0;0;0;0;POINT (13.47210285 52.46025504)
8;2020;9;17;7;2;1;5;0;1;1;0;0;0;0;0;POINT (13.45555922 52.48372501)
1;2020;9;11;2;3;1;5;0;1;1;0;0;0;0;0;POINT (13.34691496 52.5197205)
8;2020;9;8;4;3;6;4;0;0;1;1;0;0;0;0;POINT (13.43815461 52.4176219)
2;2020;9;12;4;2;5;2;0;1;1;0;0;0;0;0;POINT (13.38662037 52.49007815)
9;2020;9;12;6;3;5;2;0;0;1;0;0;0;0;1;POINT (13.58062187 52.45674634)
4;2020;9;9;2;3;2;6;0;0;1;0;1;0;0;1;POINT (13.33143035 52.50435708)
7;2020;9;12;2;3;1;7;0;0;1;0;0;0;0;0;POINT (13.40529045 52.38666231)
12;2020;9;14;5;3;3;6;0;0;1;0;0;0;0;1;POINT (13.32982821 52.56926852)
6;2020;9;13;3;3;5;2;0;0;1;0;1;0;0;0;POINT (13.31435179 52.42397604)
6;2020;9;7;1;3;6;4;0;1;0;1;0;0;0;0;POINT (13.26833649 52.40631058)
7;2020;9;13;3;3;5;3;0;1;1;0;0;0;0;0;POINT (13.40694662 52.44455332)
8;2020;9;12;2;3;5;3;0;1;1;0;0;0;0;0;POINT (13.45415082 52.4826686)
5;2020;9;22;4;3;1;5;2;0;1;0;0;0;1;0;POINT (13.20819406 52.53871796)
8;2020;9;6;7;3;5;2;0;0;1;0;0;0;0;0;POINT (13.44248161 52.42319314)
1;2020;9;14;2;3;5;2;0;0;1;0;0;0;0;0;POINT (13.34334827 52.53174473)
10;2020;9;15;1;3;5;3;0;0;1;0;0;0;0;0;POINT (13.5813508 52.50440864)
10;2020;9;7;3;3;2;2;0;1;1;0;0;0;0;0;POINT (13.5872049 52.52059019)
12;2020;9;11;2;2;5;2;0;1;1;0;0;0;0;0;POINT (13.28037797 52.59425446)
1;2020;9;17;4;3;5;3;0;0;1;0;0;0;1;0;POINT (13.34224865 52.55005925)
1;2020;9;16;7;3;6;4;0;0;1;1;0;0;0;0;POINT (13.38748429 52.56020656)
9;2020;9;16;2;3;5;3;0;1;1;0;0;0;0;0;POINT (13.56347379 52.44563502)
2;2020;9;23;5;3;5;3;2;0;1;0;0;0;0;0;POINT (13.38472659 52.49671831)
7;2020;9;8;2;3;4;6;0;1;0;0;0;0;0;0;POINT (13.36106973 52.49443423)
1;2020;9;11;2;3;5;2;0;1;1;0;0;0;0;0;POINT (13.35709624 52.52354578)
4;2020;9;6;5;3;5;2;2;1;0;0;0;0;1;1;POINT (13.31729952 52.51216158)
2;2020;9;17;3;3;6;7;0;0;0;1;0;0;1;0;POINT (13.411618 52.50337787)
7;2020;9;6;1;3;6;2;0;0;1;1;0;0;0;0;POINT (13.36116722 52.49442586)
4;2020;9;12;3;3;2;6;0;0;1;0;0;0;0;0;POINT (13.32233901 52.51317442)
9;2020;9;17;3;3;2;6;0;0;1;0;0;0;0;0;POINT (13.62549999 52.45719771)
6;2020;9;16;4;3;2;2;0;1;1;0;0;0;0;0;POINT (13.25918156 52.4308065)
3;2020;9;20;6;3;0;3;2;0;1;0;1;0;0;1;POINT (13.40814901 52.54143966)
11;2020;9;15;2;2;1;5;0;0;1;0;0;0;1;0;POINT (13.49065809 52.53641541)
2;2020;9;16;3;2;5;2;0;1;1;0;0;0;0;0;POINT (13.4577648 52.51275789)
2;2020;9;16;5;3;6;7;0;0;1;1;0;0;0;0;POINT (13.41616057 52.4968695)
10;2020;9;17;1;2;2;6;0;0;1;0;1;0;0;0;POINT (13.57147461 52.55545553)
3;2020;9;18;5;2;9;1;1;1;0;0;0;0;0;0;POINT (13.40734094 52.55429152)
6;2020;9;7;2;3;5;3;0;1;1;0;0;0;0;0;POINT (13.26263727 52.43926905)
8;2020;9;10;2;2;6;2;0;0;1;1;0;0;0;0;POINT (13.44763438 52.43695119)
4;2020;9;13;5;3;5;2;0;0;1;0;1;0;0;1;POINT (13.33236379 52.50628088)
1;2020;9;13;3;3;5;3;0;0;1;0;0;0;0;0;POINT (13.37938317 52.54019568)
5;2020;9;5;1;3;6;7;2;1;0;1;0;0;0;1;POINT (13.18281273 52.53837541)
2;2020;9;9;3;3;5;2;0;1;0;0;1;0;0;0;POINT (13.44085291 52.51331556)
6;2020;9;14;4;3;1;5;0;1;1;0;0;0;0;0;POINT (13.32130139 52.46419645)
1;2020;9;15;6;3;6;2;0;0;1;1;0;0;0;1;POINT (13.36798167 52.54629626)
8;2020;9;7;2;3;3;6;0;0;0;0;1;1;0;1;POINT (13.46655904 52.4713593)
6;2020;9;10;2;3;0;1;0;1;0;0;0;0;0;0;POINT (13.33775272 52.41145924)
1;2020;9;10;2;3;0;2;0;0;1;0;0;0;1;0;POINT (13.34308579 52.52624092)
2;2020;9;10;5;3;5;2;0;1;1;0;0;0;0;1;POINT (13.45882062 52.50654194)
8;2020;9;15;1;3;5;3;0;1;1;0;0;0;0;0;POINT (13.50508414 52.41220595)
7;2020;9;9;2;3;5;2;0;1;0;0;0;0;1;0;POINT (13.40779014 52.45251408)
1;2020;9;6;4;3;5;3;1;1;1;0;0;0;0;0;POINT (13.37644274 52.51009282)
6;2020;9;19;7;3;6;2;2;0;1;1;0;0;0;1;POINT (13.34698009 52.45007447)
1;2020;9;17;2;3;6;4;0;1;0;1;0;0;0;0;POINT (13.3305009 52.5270142)
12;2020;9;16;3;3;5;2;0;1;1;0;0;0;0;0;POINT (13.30671947 52.55517033)
1;2020;9;13;4;2;6;7;0;1;0;1;0;0;0;0;POINT (13.33650062 52.52014442)
4;2020;9;17;2;3;0;7;0;1;1;0;0;0;0;0;POINT (13.31618931 52.51595899)
2;2020;9;12;5;3;5;2;0;1;0;0;0;0;0;1;POINT (13.40193931 52.49261944)
1;2020;9;18;1;3;2;6;1;0;1;0;0;0;0;0;POINT (13.38539894 52.55027533)
7;2020;9;18;2;3;3;6;0;1;1;0;0;0;0;0;POINT (13.37569826 52.44378231)
3;2020;9;14;4;3;5;3;0;0;1;0;0;0;1;0;POINT (13.42741554 52.55241015)
9;2020;9;8;6;3;0;1;0;0;0;0;1;0;0;1;POINT (13.57048169 52.44068313)
5;2020;9;19;2;3;0;6;2;0;1;0;1;0;0;0;POINT (13.20313931 52.53990046)
1;2020;9;17;2;3;5;3;0;0;1;0;0;0;0;0;POINT (13.37446124 52.50637833)
10;2020;9;10;5;3;2;7;0;0;1;0;1;0;0;1;POINT (13.55300855 52.50859815)
6;2020;9;8;1;3;5;3;0;1;1;0;0;0;0;0;POINT (13.27811538 52.46848298)
9;2020;9;0;3;3;9;7;2;0;1;0;0;0;0;0;POINT (13.53882755 52.43432742)
2;2020;9;17;2;3;5;2;0;1;1;0;0;0;0;0;POINT (13.38771116 52.50327601)
7;2020;9;17;4;3;5;3;0;1;0;0;0;0;0;0;POINT (13.34805298 52.48540007)
8;2020;9;21;7;2;2;6;2;0;1;0;0;0;0;0;POINT (13.43489413 52.46140495)
1;2020;9;16;2;2;5;3;0;0;1;0;0;0;0;0;POINT (13.35969358 52.52344828)
6;2020;9;9;5;3;2;6;0;0;1;0;0;0;0;1;POINT (13.30002278 52.45506432)
2;2020;9;10;2;3;0;5;0;1;1;0;0;0;0;0;POINT (13.40299386 52.48999042)
4;2020;9;17;2;3;3;6;0;0;0;0;0;0;1;0;POINT (13.3018854 52.50995471)
8;2020;9;13;6;3;2;6;0;1;1;0;0;0;0;1;POINT (13.4375418 52.48121823)
3;2020;9;19;2;2;5;3;2;1;0;0;1;0;0;0;POINT (13.45997075 52.55695127)
9;2020;9;17;2;3;5;2;0;1;0;0;1;0;0;0;POINT (13.56193585 52.43675796)
1;2020;9;8;5;3;5;3;0;1;1;0;0;0;0;1;POINT (13.37643871 52.51009258)
4;2020;9;7;1;3;6;4;0;1;0;1;0;0;0;1;POINT (13.32919973 52.48624698)
3;2020;9;7;3;3;5;3;0;1;1;0;0;0;0;0;POINT (13.40628687 52.58834981)
7;2020;9;1;2;2;9;1;2;0;1;0;0;0;0;0;POINT (13.34775077 52.45921508)
8;2020;9;16;4;3;2;6;0;0;1;0;1;0;0;0;POINT (13.43985588 52.47591437)
11;2020;9;14;7;2;5;3;0;1;1;0;0;0;0;0;POINT (13.5118283 52.55064087)