bez;ujahr;umonat;ustunde;uwochentag;ukategorie;uart;utyp1;ulichtverh;istrad;istpkw;istfuss;istkrad;istgkfz;istsonstige;ustrzustand;geometry
1;2020;10;22;4;3;1;7;2;0;1;0;0;0;0;0;POINT (13.36323684 52.52911304)
12;2020;10;20;5;3;5;2;2;0;1;0;1;0;0;0;POINT (13.31191067 52.57160933)
7;2020;10;6;3;3;0;6;2;0;1;0;1;0;0;1;POINT (13.37077762 52.48506681)
10;2020;10;18;1;3;4;5;1;1;1;0;0;0;0;1;POINT (13.62002278 52.49574972)
3;2020;10;9;2;3;5;3;0;0;1;0;0;0;1;0;POINT (13.43804659 52.54636675)
12;2020;10;20;4;3;3;6;2;0;1;0;0;0;0;0;POINT (13.33065044 52.57159059)
2;2020;10;16;3;3;2;6;0;0;1;0;1;0;0;1;POINT (13.39813752 52.50688898)
1;2020;10;19;4;2;5;2;2;1;1;0;0;0;0;0;POINT (13.38546063 52.5074133)
8;2020;10;17;1;3;0;7;0;0;1;0;1;0;0;1;POINT (13.44685442 52.4396014)
2;2020;10;18;6;3;5;2;1;1;1;0;0;0;0;0;POINT (13.39575902 52.499006)
2;2020;10;17;1;3;5;2;1;0;1;0;0;0;1;1;POINT (13.45079575 52.52719798)
4;2020;10;18;4;2;5;3;1;1;1;0;0;0;0;0;POINT (13.26953494 52.51971546)
11;2020;10;16;5;3;0;6;0;0;0;0;1;0;0;0;POINT (13.47985916 52.5041692)
1;2020;10;12;3;3;5;3;0;1;1;0;0;0;0;1;POINT (13.39023961 52.50768269)
7;2020;10;17;1;3;2;6;0;0;1;0;1;0;0;1;POINT (13.35548609 52.45752016)
1;2020;10;8;4;3;1;5;0;1;1;0;0;0;0;0;POINT (13.36398025 52.5227659)
9;2020;10;6;3;3;5;3;1;1;1;0;0;0;0;0;POINT (13.53509874 52.43972091)
3;2020;10;20;2;3;2;6;2;0;1;0;0;0;0;1;POINT (13.4194548 52.60595015)
12;2020;10;14;3;2;0;2;0;1;0;0;0;1;0;1;POINT (13.36076391 52.57033124)
7;2020;10;17;1;3;1;7;0;1;1;0;0;0;0;0;POINT (13.37515068 52.45286872)
2;2020;10;18;4;3;5;3;0;1;1;0;0;0;0;0;POINT (13.45104511 52.50854929)
3;2020;10;8;3;3;5;3;0;0;1;0;1;0;0;0;POINT (13.46095834 52.5638824)
3;2020;10;7;4;3;5;3;0;1;0;0;0;0;0;0;POINT (13.40153211 52.56907534)
7;2020;10;14;6;3;2;6;0;0;1;0;0;0;0;0;POINT (13.40217863 52.43970845)
12;2020;10;7;4;3;5;2;0;1;1;0;0;0;0;0;POINT (13.32538341 52.56467115)
6;2020;10;17;1;3;0;2;0;0;1;0;1;0;0;1;POINT (13.27247213 52.43725397)
11;2020;10;7;4;2;6;4;0;0;0;1;0;0;1;1;POINT (13.52510964 52.56907664)
5;2020;10;17;4;3;2;6;0;0;1;0;0;0;0;0;POINT (13.26651156 52.53352879)
10;2020;10;9;3;2;5;2;0;1;1;0;0;0;0;0;POINT (13.56907939 52.54535956)
6;2020;10;11;1;3;5;3;0;1;1;0;0;0;0;0;POINT (13.331274 52.44350166)
12;2020;9;19;3;3;1;5;1;1;1;0;0;0;0;0;POINT (13.35965874 52.5750015)
9;2020;10;16;3;2;6;4;0;0;1;1;0;0;0;1;POINT (13.525822 52.45940513)
1;2020;9;13;3;3;5;2;0;1;1;0;0;0;0;0;POINT (13.34946839 52.5420787)
2;2020;10;19;6;3;0;7;2;1;0;0;0;0;0;0;POINT (13.42023374 52.49662279)
9;2020;10;18;4;3;5;2;2;1;1;0;0;0;0;1;POINT (13.50885229 52.45252914)
2;2020;10;9;1;3;5;3;0;1;0;0;0;0;0;0;POINT (13.43901844 52.49498849)
4;2020;9;14;3;3;3;6;0;1;1;0;0;0;0;0;POINT (13.27432619 52.47865474)
6;2020;10;11;6;3;5;2;0;1;1;0;0;0;0;0;POINT (13.27450753 52.41989104)
6;2020;10;20;4;3;1;5;2;0;1;0;0;0;0;1;POINT (13.2421574 52.44454725)
1;2020;10;9;1;3;6;7;0;0;1;1;0;0;0;0;POINT (13.40932121 52.52275572)
4;2020;9;7;3;3;0;2;0;1;1;0;0;0;0;0;POINT (13.33578441 52.51370586)
5;2020;10;21;3;2;1;5;2;0;1;0;0;0;0;0;POINT (13.2200887 52.53702059)
2;2020;10;8;1;3;5;2;0;1;1;0;0;0;0;0;POINT (13.3866254 52.49007779)
2;2020;9;6;3;3;5;7;1;1;1;0;0;0;0;0;POINT (13.44449691 52.50100023)
3;2020;10;15;3;3;2;6;0;1;0;0;0;0;0;1;POINT (13.39823609 52.58325631)
4;2020;10;19;2;3;0;5;2;1;1;0;0;0;0;1;POINT (13.32027199 52.47694165)
11;2020;10;19;7;3;2;3;2;0;1;0;0;0;0;0;POINT (13.47977377 52.52306691)
12;2020;9;7;3;3;7;7;0;1;0;0;0;0;0;0;POINT (13.29849061 52.58436742)
1;2020;10;14;5;3;0;2;0;1;0;0;0;0;1;0;POINT (13.41012878 52.52259066)
7;2020;10;18;4;3;6;2;0;0;1;1;0;0;0;1;POINT (13.3827513 52.46566013)
7;2020;10;8;1;3;5;2;0;1;0;0;0;0;0;0;POINT (13.34534171 52.4845669)
1;2020;10;9;2;3;0;1;0;0;0;0;1;0;0;0;POINT (13.384208 52.50997506)
1;2020;9;17;3;3;3;6;0;1;1;0;0;0;0;0;POINT (13.41749529 52.51879546)
12;2020;10;17;3;3;5;7;1;0;1;0;1;0;0;0;POINT (13.30351393 52.61891086)
5;2020;10;12;2;3;3;6;0;0;1;0;0;0;1;0;POINT (13.20030052 52.53765184)
4;2020;9;14;3;3;5;2;0;1;1;0;0;0;0;0;POINT (13.31982132 52.49604158)
11;2020;10;18;3;3;0;3;2;0;1;0;0;0;0;1;POINT (13.51781833 52.56384086)
1;2020;9;21;3;3;0;6;2;0;1;0;1;0;0;0;POINT (13.3440416 52.50622885)
6;2020;10;7;2;2;5;3;0;1;1;0;0;0;0;0;POINT (13.28007114 52.45941489)
6;2020;10;13;7;3;4;6;0;1;1;0;0;0;0;0;POINT (13.32215381 52.42172621)
4;2020;10;17;7;3;1;5;0;1;1;0;0;0;0;0;POINT (13.28028873 52.51873472)
4;2020;9;20;3;3;5;7;2;0;1;0;1;0;0;0;POINT (13.31453569 52.51040586)
1;2020;10;20;5;3;3;6;2;1;0;0;0;0;0;0;POINT (13.37786045 52.52904548)
3;2020;10;16;3;3;0;3;0;0;1;0;1;0;0;1;POINT (13.47022277 52.55356274)
4;2020;10;8;1;3;0;7;0;1;0;0;0;0;0;0;POINT (13.28926146 52.50934477)
4;2020;10;12;2;3;6;4;0;0;0;1;1;0;0;0;POINT (13.29633306 52.49881244)
11;2020;9;20;3;2;6;4;1;1;1;1;0;0;0;0;POINT (13.46050907 52.52753159)
5;2020;10;15;3;3;5;3;0;0;1;0;0;0;1;1;POINT (13.21168858 52.52807412)
2;2020;9;19;3;3;6;4;2;1;0;1;0;0;0;0;POINT (13.42339908 52.4884988)
3;2020;10;17;6;3;2;2;0;1;1;0;0;0;0;0;POINT (13.47044101 52.55371431)
4;2020;10;7;1;3;5;2;0;1;1;0;0;0;0;0;POINT (13.31964697 52.47158449)
9;2020;9;19;3;3;6;7;1;0;1;1;0;0;0;0;POINT (13.54951899 52.45649009)
3;2020;9;19;3;3;1;5;1;0;1;0;1;0;0;0;POINT (13.4178425 52.52847521)
2;2020;10;7;1;3;0;1;0;1;0;0;0;0;0;0;POINT (13.45883333 52.51142852)
4;2020;10;13;7;3;5;2;0;1;1;0;0;0;0;0;POINT (13.28874143 52.48142419)
1;2020;10;21;6;3;6;4;2;1;0;1;0;0;0;0;POINT (13.37265185 52.54672746)
11;2020;10;6;1;3;5;3;0;0;1;0;0;0;0;0;POINT (13.52754722 52.48427155)
7;2020;9;18;3;3;0;3;1;1;1;0;0;0;0;0;POINT (13.37996544 52.44409926)
6;2020;10;17;5;3;0;3;0;1;1;0;0;0;0;0;POINT (13.33029998 52.45816188)
2;2020;10;13;3;3;2;6;0;0;1;0;0;0;0;1;POINT (13.43960414 52.51370271)
6;2020;10;2;1;3;1;5;2;0;1;0;0;0;0;0;POINT (13.30103381 52.41318145)
4;2020;9;18;3;3;2;2;0;1;1;0;0;0;0;0;POINT (13.21849721 52.50887299)
1;2020;10;8;3;3;5;2;0;1;1;0;0;0;0;0;POINT (13.41800302 52.51802239)
6;2020;9;18;3;2;6;4;0;0;1;1;0;0;0;0;POINT (13.30454868 52.46152178)
4;2020;10;14;6;3;2;6;0;0;1;0;0;0;0;0;POINT (13.27844067 52.4735291)
7;2020;10;6;4;3;5;2;0;0;1;0;0;0;0;0;POINT (13.40656495 52.39376388)
3;2020;10;0;1;3;0;7;2;1;1;0;0;0;0;0;POINT (13.41260564 52.55371339)
12;2020;9;18;3;3;2;6;0;0;1;0;1;0;0;0;POINT (13.3770867 52.56096031)
1;2020;10;9;3;2;6;4;0;0;1;1;0;0;0;0;POINT (13.37699854 52.55674708)
7;2020;10;15;7;2;2;6;0;0;1;0;0;0;0;0;POINT (13.38010864 52.44380616)
8;2020;9;17;3;3;1;5;0;0;1;0;0;0;1;0;POINT (13.4309642 52.46631615)
4;2020;10;12;3;3;5;3;0;0;1;0;0;0;0;1;POINT (13.31873931 52.48145902)
7;2020;10;15;7;3;1;5;0;1;1;0;0;0;0;0;POINT (13.32463517 52.47030128)
11;2020;9;16;3;2;0;1;0;1;0;0;0;0;0;0;POINT (13.49917957 52.51788117)
5;2020;10;6;3;2;5;2;1;1;1;0;0;0;0;0;POINT (13.17403838 52.52329956)
5;2020;9;16;3;2;5;3;0;0;1;0;0;0;0;0;POINT (13.18411855 52.52353866)
6;2020;10;10;6;3;0;1;0;1;0;0;0;0;0;0;POINT (13.31370635 52.42716408)
2;2020;10;19;4;3;0;1;2;0;0;0;1;0;0;1;POINT (13.45899573 52.52048929)
8;2020;10;15;7;3;5;2;0;1;1;0;0;0;0;0;POINT (13.42077107 52.46855124)
3;2020;9;16;3;2;5;3;0;1;1;0;0;0;0;0;POINT (13.39421177 52.56497721)
10;2020;10;5;3;3;6;4;2;0;0;1;0;0;1;1;POINT (13.54981322 52.54288343)
4;2020;10;14;7;3;5;7;0;1;1;0;0;0;0;0;POINT (13.27852016 52.47409884)
9;2020;9;16;3;2;5;2;0;0;1;0;0;0;1;0;POINT (13.56483886 52.44543111)
4;2020;10;15;3;3;0;1;0;1;0;0;0;0;0;1;POINT (13.29560363 52.5061041)
4;2020;10;19;7;3;0;6;2;0;1;0;0;0;0;0;POINT (13.2953463 52.53956458)
11;2020;9;16;3;3;6;4;0;0;1;1;0;0;0;0;POINT (13.49815033 52.53857831)
7;2020;9;14;3;2;5;2;0;0;1;0;1;0;0;0;POINT (13.37191545 52.46990709)
9;2020;10;16;3;3;5;3;0;1;1;0;0;0;0;1;POINT (13.58053377 52.44304545)
6;2020;9;14;3;3;2;7;0;0;1;0;0;0;0;0;POINT (13.31886528 52.46235756)
9;2020;10;20;6;3;5;2;1;0;1;0;0;0;0;0;POINT (13.56224065 52.4372412)
1;2020;10;18;4;3;5;2;1;1;1;0;0;0;0;1;POINT (13.38537146 52.52351054)
10;2020;10;13;7;3;1;5;0;0;1;0;1;0;0;0;POINT (13.57696496 52.56458542)
4;2020;10;13;2;3;2;2;0;1;1;0;0;0;0;0;POINT (13.31448352 52.49033101)
1;2020;9;14;3;3;6;4;0;1;0;1;0;0;0;0;POINT (13.38977655 52.51567459)
1;2020;10;18;3;3;5;3;0;1;0;0;1;0;0;1;POINT (13.36281296 52.52455405)
4;2020;10;19;2;3;6;2;2;0;1;1;0;0;0;1;POINT (13.31472915 52.49962936)
12;2020;9;14;3;2;5;2;0;1;1;0;0;0;0;0;POINT (13.35360857 52.56209425)
6;2020;10;20;2;2;6;2;2;0;1;1;0;0;0;1;POINT (13.29837049 52.42200838)
1;2020;10;11;7;3;5;3;0;0;0;0;1;0;0;0;POINT (13.41963345 52.50609485)
8;2020;10;2;7;2;1;5;2;1;1;0;0;0;0;0;POINT (13.4320827 52.48553198)
3;2020;9;14;3;3;0;5;0;1;1;0;0;0;0;0;POINT (13.46892644 52.55220738)
2;2020;10;18;5;3;5;3;1;1;1;0;0;0;0;0;POINT (13.46999112 52.51240551)
5;2020;10;14;3;3;2;7;0;1;0;0;0;0;1;1;POINT (13.22496538 52.54253917)
8;2020;10;14;7;3;5;3;0;0;1;0;0;0;1;0;POINT (13.43794241 52.48809274)
12;2020;10;17;2;3;2;6;0;0;1;0;0;0;1;0;POINT (13.316306 52.58706732)
2;2020;10;20;3;3;6;4;2;0;1;1;0;0;0;1;POINT (13.45865936 52.5105056)
11;2020;10;10;5;3;1;5;0;1;1;0;0;0;0;0;POINT (13.49310885 52.56785379)
8;2020;10;12;5;3;6;4;0;0;0;1;1;0;0;0;POINT (13.43210777 52.48800319)
9;2020;10;18;5;2;5;3;1;1;1;0;0;0;0;1;POINT (13.69749939 52.43641428)
10;2020;10;14;2;3;2;6;0;0;1;0;0;0;0;0;POINT (13.56230479 52.5293513)
8;2020;10;13;4;3;2;2;0;1;1;0;0;0;0;1;POINT (13.47385129 52.46408364)
4;2020;10;19;1;2;6;4;2;0;1;1;0;0;0;0;POINT (13.2721728 52.50892066)
5;2020;10;7;1;3;0;1;0;1;0;0;0;0;0;0;POINT (13.24778315 52.54729127)
3;2020;10;9;5;3;5;2;0;1;1;0;0;0;0;1;POINT (13.45709134 52.56103697)
9;2020;10;6;3;3;5;3;2;0;1;0;0;0;0;1;POINT (13.63684743 52.45071803)
12;2020;10;9;5;3;1;5;0;1;1;0;0;0;0;1;POINT (13.30303819 52.63646463)
1;2020;10;11;6;2;0;1;0;1;0;0;0;0;0;0;POINT (13.39964578 52.53166253)
1;2020;10;15;6;3;5;2;0;1;1;0;0;0;0;0;POINT (13.3668655 52.55215135)
10;2020;10;14;2;3;0;3;0;0;1;0;0;0;0;0;POINT (13.60828216 52.53959837)
10;2020;10;7;5;3;0;3;0;0;1;0;1;0;0;1;POINT (13.60063596 52.47641148)
1;2020;10;18;5;3;6;4;0;1;0;1;0;0;0;1;POINT (13.39412472 52.55052941)
4;2020;10;8;2;3;5;3;0;1;1;0;0;0;0;0;POINT (13.28680916 52.51296987)
1;2020;10;21;4;3;2;6;2;0;1;0;0;0;0;1;POINT (13.38620489 52.55849941)
11;2020;10;11;7;2;5;2;0;0;1;0;0;0;0;0;POINT (13.50996592 52.55039675)
2;2020;10;18;7;2;6;4;1;0;1;1;0;0;0;1;POINT (13.45095373 52.52696573)
3;2020;10;12;4;3;6;4;0;0;0;1;0;0;1;1;POINT (13.43599126 52.55646291)
11;2020;10;20;7;3;5;2;2;0;1;0;0;0;0;1;POINT (13.4762151 52.5330955)
12;2020;10;15;7;3;1;5;0;1;1;0;0;0;0;0;POINT (13.3646935 52.57194162)
6;2020;10;15;3;3;0;1;0;1;0;0;0;0;0;1;POINT (13.34502372 52.43713585)
12;2020;10;23;5;3;5;2;2;1;1;0;0;0;0;1;POINT (13.32408826 52.58771762)
4;2020;10;13;5;3;0;4;0;0;0;1;0;0;1;0;POINT (13.30619227 52.51745378)
8;2020;10;16;5;3;2;6;0;1;1;0;0;0;0;0;POINT (13.44366921 52.47564388)
6;2020;10;13;2;3;0;3;0;1;1;0;0;0;0;0;POINT (13.26796221 52.44544012)
1;2020;10;21;5;3;1;5;2;1;1;0;0;0;0;1;POINT (13.36085935 52.53192787)
6;2020;10;12;4;3;1;7;0;0;1;0;0;0;0;1;POINT (13.33961444 52.45090154)
4;2020;10;19;1;3;6;4;2;0;1;1;0;0;0;0;POINT (13.31598335 52.54742897)
5;2020;10;15;7;3;5;3;0;1;1;0;0;0;0;1;POINT (13.17816175 52.54893376)
1;2020;10;19;7;3;5;2;2;1;1;0;0;0;0;0;POINT (13.38420371 52.50998322)
1;2020;10;17;3;3;5;3;1;1;1;0;0;0;0;1;POINT (13.40313743 52.53362567)
1;2020;10;21;5;3;6;2;2;0;1;1;0;0;0;1;POINT (13.42126905 52.5097426)
6;2020;10;11;5;3;6;4;0;0;1;1;0;0;0;1;POINT (13.20148899 52.43606706)
2;2020;10;17;5;3;5;2;1;1;1;0;0;0;0;0;POINT (13.40038364 52.49051543)
6;2020;10;16;2;3;0;6;0;0;1;0;1;0;0;0;POINT (13.25992931 52.43392735)
4;2020;10;8;5;3;0;1;0;0;0;0;1;0;0;1;POINT (13.25271852 52.47155844)
1;2020;10;14;3;2;2;6;0;0;1;0;1;0;0;1;POINT (13.39106168 52.56330304)
1;2020;10;6;5;3;5;2;1;0;1;0;0;0;1;1;POINT (13.41178791 52.52396655)
8;2020;10;15;5;3;5;3;0;0;1;0;0;0;0;0;POINT (13.42994652 52.46988804)
1;2020;10;18;2;3;5;2;0;1;0;0;0;0;1;0;POINT (13.37039523 52.54464512)
5;2020;10;21;5;3;1;1;2;0;1;0;1;0;0;1;POINT (13.21069801 52.53828434)
2;2020;10;19;4;3;0;5;2;1;1;0;0;0;0;1;POINT (13.46890241 52.52033498)
2;2020;10;11;1;3;2;6;0;1;1;0;0;0;0;0;POINT (13.44916077 52.49707525)
10;2020;10;12;3;3;0;6;0;0;1;0;0;0;1;1;POINT (13.58946028 52.51314792)
10;2020;10;13;6;3;2;6;0;0;1;0;0;0;0;0;POINT (13.6048033 52.53758249)
4;2020;10;14;6;3;5;3;0;1;1;0;0;0;0;0;POINT (13.30961539 52.51033475)
4;2020;10;18;3;3;5;3;1;0;1;0;0;0;0;1;POINT (13.30373904 52.52552292)
1;2020;10;21;5;3;3;6;2;1;0;0;0;0;0;1;POINT (13.33924929 52.5257287)
8;2020;10;10;5;2;2;6;0;0;1;0;0;0;0;0;POINT (13.41819718 52.41188267)
10;2020;10;15;5;3;6;2;0;0;1;1;0;0;0;0;POINT (13.57178831 52.54606466)
8;2020;10;12;2;3;5;2;0;1;1;0;0;0;0;0;POINT (13.43309053 52.45234175)
11;2020;10;9;4;3;2;2;0;0;1;0;0;0;0;1;POINT (13.48498004 52.53358555)
11;2020;10;14;1;2;6;7;0;0;0;1;0;1;0;0;POINT (13.50168411 52.56596079)
12;2020;10;6;1;3;5;2;1;1;1;0;0;0;0;0;POINT (13.35613 52.59672865)
9;2020;10;5;5;2;6;4;2;0;0;1;0;0;1;1;POINT (13.61830128 52.45545319)
1;2020;10;0;4;3;0;1;2;0;0;0;0;0;1;1;POINT (13.39433979 52.52461908)
1;2020;10;9;3;3;5;3;0;1;1;0;0;0;0;1;POINT (13.3300952 52.52258291)
1;2020;10;13;4;3;8;1;0;0;1;0;0;0;0;1;POINT (13.39062606 52.56586013)
7;2020;10;13;1;3;5;3;0;0;1;0;0;0;0;1;POINT (13.41812508 52.46247566)
9;2020;10;11;1;3;2;6;0;0;1;0;0;0;0;0;POINT (13.51345379 52.42768006)
3;2020;10;9;4;3;1;5;0;1;1;0;0;0;0;1;POINT (13.41908229 52.5622646)
3;2020;10;10;3;3;5;3;0;1;1;0;0;0;0;1;POINT (13.39420959 52.56497606)
12;2020;10;19;6;3;1;5;2;1;1;0;0;0;0;0;POINT (13.30349185 52.61888857)
1;2020;10;1;6;3;1;5;2;1;1;0;0;0;0;1;POINT (13.3952387 52.55062874)
8;2020;10;19;3;3;6;7;2;0;1;1;0;0;0;1;POINT (13.45661039 52.43148983)
3;2020;10;9;5;2;0;7;0;1;0;0;0;0;0;1;POINT (13.41157366 52.55404555)
10;2020;10;9;5;2;0;3;0;0;0;0;0;0;1;0;POINT (13.58880259 52.53932872)
5;2020;10;16;5;3;2;4;0;0;1;1;0;0;1;1;POINT (13.19638009 52.53527641)
1;2020;10;14;2;3;1;5;0;1;1;0;0;0;0;0;POINT (13.37597312 52.55638296)
3;2020;10;13;4;3;0;1;0;0;0;0;1;0;0;1;POINT (13.40493695 52.54071386)
7;2020;10;18;7;3;5;3;2;1;1;0;0;0;0;1;POINT (13.36737098 52.49341112)
3;2020;10;16;7;3;5;3;0;0;1;0;1;0;0;0;POINT (13.3984637 52.59238988)
5;2020;10;8;5;3;6;2;0;0;1;1;0;0;0;1;POINT (13.19460443 52.53362587)
7;2020;10;15;3;3;6;2;0;0;1;1;0;0;0;1;POINT (13.36351664 52.48508116)
2;2020;10;10;5;2;2;6;0;0;1;0;1;0;0;1;POINT (13.39883257 52.49053851)
1;2020;10;11;6;3;5;2;0;1;1;0;0;0;0;0;POINT (13.3842378 52.50991836)
1;2020;10;23;5;3;0;7;2;0;1;0;0;0;0;1;POINT (13.37732153 52.53516174)
2;2020;10;13;2;3;5;2;0;0;1;0;1;0;0;0;POINT (13.42639849 52.49930917)
11;2020;10;8;5;3;1;5;0;0;1;0;1;0;0;1;POINT (13.46434951 52.5244959)
7;2020;10;19;5;3;0;2;1;0;1;0;0;0;1;1;POINT (13.36015605 52.49045671)
4;2020;10;11;5;3;0;7;0;1;0;0;0;0;0;1;POINT (13.28949194 52.50941449)
4;2020;10;20;6;3;5;3;2;0;1;0;0;0;0;0;POINT (13.27390367 52.50968098)
1;2020;10;17;6;2;0;1;0;1;0;0;0;0;0;0;POINT (13.40442412 52.5332585)
8;2020;10;20;2;3;0;4;2;0;0;1;1;0;0;0;POINT (13.46560377 52.46975276)
11;2020;10;11;5;3;5;2;0;1;0;0;0;1;0;0;POINT (13.4997379 52.54776191)
11;2020;10;18;5;3;0;3;0;0;1;0;1;0;0;1;POINT (13.48154822 52.53880124)
1;2020;10;10;2;3;6;2;0;0;1;1;0;0;0;0;POINT (13.35104036 52.52427783)
12;2020;10;11;4;3;0;6;0;0;0;0;1;0;1;1;POINT (13.32977733 52.56313428)
4;2020;10;17;7;2;1;1;1;0;1;0;1;0;0;1;POINT (13.26684261 52.48218507)
1;2020;10;10;7;3;3;6;0;1;1;0;0;0;0;0;POINT (13.35159832 52.52696968)
4;2020;10;16;3;3;2;6;0;0;1;0;0;0;0;1;POINT (13.30950618 52.4920273)
6;2020;10;12;5;3;0;3;0;0;1;0;1;0;0;0;POINT (13.26015275 52.42721588)
1;2020;10;9;5;3;6;4;0;1;0;1;0;0;0;0;POINT (13.39462441 52.52795616)
2;2020;10;9;2;3;0;1;0;0;0;0;1;0;0;1;POINT (13.41630623 52.4910054)
3;2020;10;6;5;3;5;3;0;1;1;0;0;0;0;1;POINT (13.4791394 52.60769478)
8;2020;10;18;4;3;3;6;1;1;1;0;0;0;0;1;POINT (13.42554105 52.47930123)
1;2020;10;17;1;3;5;3;0;1;1;0;0;0;0;0;POINT (13.38561187 52.52023662)
11;2020;10;19;1;3;5;3;2;0;1;0;0;0;0;0;POINT (13.51769388 52.55644252)
6;2020;10;10;4;3;2;6;0;0;1;0;0;0;0;1;POINT (13.3148956 52.41732417)
11;2020;10;13;7;3;5;2;0;0;1;0;0;0;0;1;POINT (13.51529797 52.5670547)
7;2020;10;22;7;3;5;2;2;0;1;0;0;0;0;0;POINT (13.34707599 52.50107585)
4;2020;10;17;3;3;2;6;0;0;1;0;0;0;0;1;POINT (13.29254119 52.53969883)
8;2020;10;6;5;3;0;1;1;0;0;0;1;0;0;1;POINT (13.42533291 52.47994)
8;2020;10;14;5;3;5;3;0;1;1;0;0;0;0;0;POINT (13.45874457 52.44030125)
1;2020;10;19;2;3;1;5;2;1;1;0;0;0;0;0;POINT (13.41213486 52.50542839)
11;2020;10;13;5;3;1;5;0;1;0;0;1;0;0;0;POINT (13.518856 52.51327129)
1;2020;10;15;4;3;3;6;0;1;0;0;0;0;0;1;POINT (13.38985941 52.51058209)
6;2020;10;14;1;2;1;5;0;0;1;0;0;0;0;0;POINT (13.3158384 52.41621152)
1;2020;10;15;1;2;5;2;0;1;1;0;0;0;0;0;POINT (13.42113249 52.50973595)
3;2020;10;12;3;3;5;2;0;1;1;0;0;0;0;1;POINT (13.44265268 52.55111413)
6;2020;10;15;6;2;0;1;0;0;0;0;1;0;0;1;POINT (13.33191228 52.46059486)
11;2020;10;13;6;3;2;6;0;0;1;0;0;0;0;0;POINT (13.50172083 52.56192446)
2;2020;10;20;3;3;5;7;2;0;1;0;0;0;0;1;POINT (13.40339027 52.4938346)
6;2020;10;13;5;3;2;6;0;0;1;0;0;0;0;0;POINT (13.2866875 52.41776647)
1;2020;10;9;5;3;5;2;0;1;1;0;0;0;0;1;POINT (13.3423007 52.52412702)
10;2020;10;19;5;3;2;6;1;0;1;0;0;0;0;1;POINT (13.58436092 52.53960626)
1;2020;10;0;6;3;5;2;2;1;0;0;0;0;0;0;POINT (13.41808246 52.51543786)
7;2020;10;10;6;3;2;6;0;1;1;0;0;0;0;0;POINT (13.33345972 52.46988932)
11;2020;10;18;3;3;1;5;1;1;1;0;0;0;0;1;POINT (13.50265483 52.56654032)
10;2020;10;14;5;3;6;4;0;0;1;1;0;0;0;1;POINT (13.55978005 52.53408323)
3;2020;10;13;5;3;5;2;0;0;1;0;0;0;0;1;POINT (13.43274213 52.59621808)
10;2020;10;19;5;2;6;4;2;0;1;1;0;0;0;1;POINT (13.61715113 52.51992072)
4;2020;10;15;2;3;1;7;0;0;1;0;0;0;0;0;POINT (13.32253603 52.49987011)
2;2020;10;19;4;3;2;6;2;0;1;0;0;0;0;1;POINT (13.44188114 52.5008138)
1;2020;10;17;1;3;1;5;0;1;1;0;0;0;0;0;POINT (13.38088006 52.53231873)
7;2020;10;8;1;3;1;5;0;0;1;0;0;0;1;0;POINT (13.41519768 52.46458903)
1;2020;10;6;5;3;3;6;0;1;1;0;0;0;0;1;POINT (13.35892858 52.55108401)
1;2020;10;8;4;2;5;2;0;0;1;0;1;0;0;1;POINT (13.36433444 52.50334422)
10;2020;10;9;3;3;5;3;0;0;1;0;0;0;0;1;POINT (13.55019086 52.54279871)
6;2020;10;12;6;2;5;2;0;1;1;0;0;0;0;0;POINT (13.24829522 52.41984343)
2;2020;10;18;6;3;5;2;2;1;1;0;0;0;0;0;POINT (13.42210169 52.49904172)
11;2020;10;7;3;2;5;2;0;0;1;0;0;0;1;1;POINT (13.491734 52.53419883)
3;2020;10;14;5;3;6;4;0;0;1;1;0;0;0;0;POINT (13.42218071 52.55507989)
1;2020;10;8;5;3;0;1;0;1;0;0;0;0;0;0;POINT (13.35323977 52.53162653)
1;2020;10;14;5;3;0;1;0;0;0;0;1;0;0;0;POINT (13.39380669 52.54120451)
1;2020;10;23;2;3;8;1;2;1;0;0;0;0;0;0;POINT (13.35921881 52.50987359)
1;2020;10;9;5;2;5;3;0;1;1;0;0;0;0;0;POINT (13.3793288 52.54049274)
4;2020;10;12;4;3;5;7;0;1;1;0;0;0;0;1;POINT (13.29900245 52.49073332)
2;2020;10;19;7;3;3;6;2;0;1;0;1;0;0;1;POINT (13.43344339 52.50989717)
2;2020;10;16;7;3;5;3;0;0;1;0;0;0;0;1;POINT (13.45882674 52.51149716)
1;2020;10;11;2;3;5;7;0;1;1;0;0;0;0;0;POINT (13.38750997 52.55576559)
1;2020;10;16;5;3;6;7;1;1;0;1;0;0;0;0;POINT (13.38649487 52.55862316)
7;2020;10;13;4;3;5;3;0;0;1;0;0;0;0;1;POINT (13.40243795 52.43968714)
12;2020;10;18;1;2;6;7;1;0;1;1;0;0;0;0;POINT (13.35530693 52.56211769)
8;2020;10;0;1;3;1;5;2;1;1;0;0;0;0;0;POINT (13.43758726 52.48285432)