bez;ujahr;umonat;ustunde;uwochentag;ukategorie;uart;utyp1;ulichtverh;istrad;istpkw;istfuss;istkrad;istgkfz;istsonstige;ustrzustand;geometry
3;2020;10;14;5;3;5;3;0;1;1;0;0;0;0;0;POINT (13.42770795 52.55389214)
8;2020;10;8;3;3;1;5;0;1;1;0;0;0;0;1;POINT (13.43603195 52.48097886)
9;2020;10;8;3;3;5;3;0;0;1;0;0;0;1;1;POINT (13.54124277 52.43535977)
8;2020;10;6;5;3;5;3;1;0;1;0;0;0;1;1;POINT (13.43839326 52.4526924)
5;2020;10;2;6;2;1;1;2;0;1;0;1;0;0;1;POINT (13.13698957 52.52854082)
11;2020;10;15;6;2;5;3;0;0;1;0;0;0;0;0;POINT (13.49656182 52.51578254)
10;2020;10;14;2;3;5;3;0;0;1;0;0;0;0;0;POINT (13.51949214 52.51943632)
7;2020;10;14;5;3;5;3;0;0;1;0;1;0;0;0;POINT (13.36243836 52.49403403)
2;2020;10;7;5;3;6;2;2;0;1;1;0;0;0;1;POINT (13.45869837 52.50658632)
9;2020;10;9;2;3;6;3;0;0;1;1;0;0;0;0;POINT (13.47901408 52.47128404)
1;2020;10;15;5;3;5;2;0;0;1;0;0;0;0;1;POINT (13.36784913 52.52610668)
2;2020;10;10;4;3;2;6;0;0;1;0;1;0;0;1;POINT (13.4586964 52.51367108)
11;2020;10;10;7;3;5;3;0;0;1;0;1;0;0;0;POINT (13.50587989 52.5726177)
6;2020;10;17;7;3;2;6;0;0;1;0;1;0;0;0;POINT (13.32231414 52.45844834)
5;2020;10;14;3;2;2;7;0;0;1;0;0;0;1;1;POINT (13.16908855 52.53345258)
8;2020;10;6;5;3;5;2;1;1;1;0;0;0;0;1;POINT (13.43462092 52.45091265)
4;2020;10;9;5;3;0;1;0;1;0;0;0;0;0;0;POINT (13.30832826 52.46770985)
12;2020;10;15;3;3;2;6;0;0;1;0;0;0;0;1;POINT (13.28511327 52.59550041)
1;2020;10;5;5;2;5;2;2;1;1;0;0;0;0;1;POINT (13.35946883 52.52329222)
5;2020;10;12;6;3;8;1;0;0;1;0;0;0;0;0;POINT (13.14335455 52.5396117)
4;2020;10;18;5;3;5;7;1;0;1;0;0;0;0;1;POINT (13.30004855 52.48059447)
2;2020;10;13;2;3;2;6;0;0;1;0;0;0;0;0;POINT (13.4292452 52.51054569)
7;2020;10;5;5;3;5;2;2;0;1;0;0;0;0;1;POINT (13.34625672 52.50103001)
3;2020;10;19;5;2;5;3;1;0;1;0;0;0;1;1;POINT (13.42247465 52.55980954)
2;2020;10;23;1;2;5;3;2;0;1;0;1;0;0;0;POINT (13.41405123 52.50040285)
1;2020;10;15;5;3;5;2;0;1;0;0;0;0;1;0;POINT (13.38628504 52.55861226)
8;2020;10;5;4;3;9;1;2;0;1;0;0;0;0;1;POINT (13.46138313 52.47131839)
2;2020;10;14;7;3;2;2;0;0;1;0;1;0;0;1;POINT (13.42688142 52.51173786)
1;2020;10;20;7;3;0;5;2;1;1;0;0;0;0;0;POINT (13.36939608 52.53515398)
2;2020;10;17;3;3;0;1;1;0;0;0;1;0;0;1;POINT (13.44083341 52.51775153)
10;2020;10;14;4;3;6;7;0;0;1;1;0;0;0;0;POINT (13.57545115 52.48714114)
12;2020;10;13;5;3;6;4;0;0;1;1;0;0;0;1;POINT (13.33412431 52.59559903)
2;2020;10;15;5;3;5;3;0;1;1;0;0;0;0;0;POINT (13.38959241 52.49606603)
7;2020;10;19;2;3;5;2;2;1;1;0;0;0;0;0;POINT (13.37378942 52.44506767)
10;2020;10;17;4;3;6;4;1;0;0;1;0;0;1;1;POINT (13.58294618 52.54921619)
2;2020;10;14;4;3;5;2;0;1;1;0;0;0;0;1;POINT (13.46609503 52.49999592)
1;2020;10;12;1;3;1;5;0;1;1;0;0;0;0;1;POINT (13.37720684 52.53884795)
7;2020;10;13;1;2;5;2;0;0;1;0;1;0;0;0;POINT (13.34621551 52.5010075)
6;2020;10;17;2;3;2;6;0;0;1;0;0;0;0;0;POINT (13.3431651 52.43978074)
8;2020;10;18;4;3;2;6;2;0;1;0;0;0;0;1;POINT (13.43008974 52.46961994)
10;2020;10;19;4;3;5;2;2;0;1;0;0;0;1;1;POINT (13.60044482 52.47638389)
4;2020;10;15;1;3;5;2;0;0;1;0;1;0;0;0;POINT (13.30429633 52.50360154)
7;2020;10;13;6;3;6;4;0;0;1;1;0;0;0;0;POINT (13.40235244 52.3866839)
1;2020;10;16;6;3;5;7;0;1;1;0;0;0;0;0;POINT (13.36814417 52.55004991)
5;2020;10;18;3;2;5;2;1;0;1;0;1;0;0;1;POINT (13.16988792 52.51857432)
9;2020;10;9;4;3;5;2;0;1;1;0;0;0;0;0;POINT (13.59306489 52.4516056)
6;2020;10;10;5;3;2;6;0;1;0;0;0;0;0;0;POINT (13.3253542 52.46161891)
2;2020;10;15;5;3;5;2;0;1;1;0;0;0;0;0;POINT (13.45203057 52.51068857)
10;2020;10;15;2;3;5;2;0;1;1;0;0;0;0;0;POINT (13.59254624 52.54743983)
1;2020;10;17;5;3;5;2;0;1;1;0;0;0;0;0;POINT (13.36539096 52.5571092)
9;2020;10;12;4;2;5;3;0;0;1;0;0;0;1;0;POINT (13.58241329 52.44245614)
3;2020;10;17;1;3;5;3;0;1;1;0;0;0;0;0;POINT (13.44227985 52.54662105)
8;2020;10;12;1;3;1;5;0;1;1;0;0;0;0;0;POINT (13.42722215 52.49143868)
9;2020;10;17;5;2;5;2;0;1;0;0;0;1;0;0;POINT (13.59217452 52.44718399)
2;2020;10;1;4;3;1;5;2;0;1;0;0;0;1;1;POINT (13.40661893 52.4889169)
6;2020;10;9;3;3;3;6;0;0;1;0;0;1;0;1;POINT (13.27065227 52.45103132)
7;2020;10;16;6;3;0;3;0;0;1;0;1;0;0;0;POINT (13.40218764 52.43970771)
1;2020;10;17;6;3;2;6;0;1;1;0;0;0;0;0;POINT (13.353778 52.54952227)
4;2020;10;7;3;3;2;6;0;0;1;0;0;0;1;1;POINT (13.27826253 52.54849817)
3;2020;10;9;4;3;0;6;0;0;1;0;1;0;0;1;POINT (13.41987703 52.53206175)
7;2020;10;11;3;3;2;6;0;0;1;0;0;0;0;1;POINT (13.42141399 52.46568815)
3;2020;10;19;6;3;2;6;2;0;1;0;1;0;0;0;POINT (13.43014111 52.54472496)
1;2020;10;11;6;3;5;2;0;1;1;0;0;0;0;0;POINT (13.3601775 52.53724979)
1;2020;10;19;3;3;2;1;2;0;1;0;0;0;0;1;POINT (13.36109979 52.55498783)
4;2020;10;10;4;3;6;7;0;0;1;1;0;0;0;0;POINT (13.29867698 52.49835099)
11;2020;10;9;5;2;5;3;0;1;1;0;0;0;0;0;POINT (13.47326009 52.5229915)
8;2020;10;15;5;3;5;3;0;0;1;0;1;0;0;0;POINT (13.45387335 52.48253385)
1;2020;10;14;2;3;0;1;0;0;0;0;1;0;0;0;POINT (13.36157474 52.54801355)
11;2020;10;13;4;3;5;2;0;0;1;0;0;0;0;1;POINT (13.51425932 52.53527169)
8;2020;10;20;1;3;3;6;2;0;1;0;0;0;0;0;POINT (13.47576507 52.43120072)
9;2020;10;22;7;2;5;2;2;0;1;0;1;0;0;0;POINT (13.47248002 52.45433657)
2;2020;10;15;4;3;5;3;0;1;0;0;1;0;0;1;POINT (13.47479488 52.49295506)
8;2020;10;15;3;3;5;3;0;0;1;0;0;0;0;1;POINT (13.46710904 52.46846858)
9;2020;10;18;4;3;5;3;1;1;1;0;0;0;0;1;POINT (13.55338731 52.42737969)
8;2020;10;11;6;3;2;6;0;0;1;0;0;0;0;0;POINT (13.43488074 52.46144298)
7;2020;10;15;6;3;5;3;0;0;1;0;0;0;0;0;POINT (13.39550765 52.41305364)
11;2020;10;14;2;3;5;2;0;1;1;0;0;0;0;0;POINT (13.48835014 52.5021333)
5;2020;10;17;4;3;5;2;0;0;1;0;0;0;1;1;POINT (13.20040641 52.53658391)
2;2020;10;19;5;3;0;1;1;0;0;0;1;0;0;1;POINT (13.46149091 52.52003941)
9;2020;10;16;1;3;3;6;0;0;1;0;0;0;0;1;POINT (13.57179692 52.45111292)
4;2020;10;17;5;2;4;6;0;1;0;0;0;0;0;1;POINT (13.26890284 52.49073396)
11;2020;10;10;4;3;1;1;0;0;1;0;0;0;0;1;POINT (13.50071134 52.50543739)
12;2020;10;17;4;3;5;3;0;1;1;0;0;0;0;1;POINT (13.28823681 52.58885954)
1;2020;10;8;5;3;5;2;0;1;1;0;0;0;0;0;POINT (13.36639155 52.5535063)
3;2020;10;10;2;3;0;3;0;1;0;0;0;0;0;0;POINT (13.44748823 52.59543694)
4;2020;10;11;4;3;5;3;0;1;1;0;0;0;0;1;POINT (13.2713887 52.50987558)
5;2020;10;19;7;3;0;6;2;0;1;0;1;0;0;1;POINT (13.19747099 52.53507494)
12;2020;10;10;7;3;6;4;0;0;0;1;0;0;1;0;POINT (13.32821086 52.56244482)
4;2020;10;17;3;3;2;6;0;0;1;0;0;0;0;1;POINT (13.28158892 52.51066898)
2;2020;10;16;4;3;3;6;0;1;1;0;0;0;0;1;POINT (13.45202201 52.52747675)
2;2020;10;8;5;3;0;2;0;1;0;0;0;0;1;0;POINT (13.41268606 52.4920943)
1;2020;10;6;5;2;0;1;1;1;0;0;0;0;0;0;POINT (13.3895871 52.53173501)
10;2020;10;23;2;3;0;1;2;1;0;0;0;0;0;0;POINT (13.59132471 52.53413749)
6;2020;10;16;4;3;0;6;0;0;1;0;1;0;0;1;POINT (13.31615022 52.44105477)
3;2020;10;17;4;3;0;3;0;1;0;0;0;0;1;0;POINT (13.46092078 52.61100993)
1;2020;10;18;1;3;5;2;1;1;1;0;0;0;0;0;POINT (13.34725417 52.55322716)
6;2020;10;15;7;2;0;7;0;0;1;0;0;0;0;1;POINT (13.24611362 52.43420256)
6;2020;10;7;7;3;1;5;0;0;1;0;0;0;0;0;POINT (13.32831398 52.44273864)
4;2020;10;18;3;3;2;2;1;0;1;0;1;0;0;1;POINT (13.30207215 52.50795087)
10;2020;10;16;4;3;5;3;0;1;1;0;0;0;0;1;POINT (13.5915188 52.54157642)
8;2020;10;12;7;3;5;3;0;0;1;0;0;0;0;1;POINT (13.43426669 52.44275948)
1;2020;10;16;7;3;2;7;0;1;1;0;0;0;0;0;POINT (13.33516011 52.52553974)
5;2020;10;13;3;3;1;5;0;0;1;0;0;0;0;1;POINT (13.24718854 52.54250641)
9;2020;10;16;4;3;5;2;0;0;1;0;1;0;0;1;POINT (13.48976792 52.46785729)
8;2020;10;15;5;3;5;3;0;0;1;0;0;0;0;0;POINT (13.48284458 52.41605675)
2;2020;10;18;2;3;3;6;2;1;1;0;0;0;0;0;POINT (13.45961644 52.51244881)
1;2020;10;15;4;3;0;1;0;1;0;0;0;0;0;1;POINT (13.38861543 52.51872561)
1;2020;10;17;4;3;2;6;0;0;1;0;0;0;1;1;POINT (13.36707768 52.55217556)
4;2020;10;14;1;2;3;5;0;1;1;0;0;0;0;0;POINT (13.27923884 52.53685657)
1;2020;10;16;1;3;2;6;0;0;1;0;0;0;0;0;POINT (13.38533954 52.55013047)
1;2020;10;18;5;2;4;2;1;1;1;0;0;0;0;1;POINT (13.40092411 52.52080938)
1;2020;10;10;3;3;5;2;0;1;1;0;0;0;0;1;POINT (13.37978058 52.52171434)
2;2020;10;23;6;3;2;6;2;0;1;0;0;0;0;0;POINT (13.39991495 52.49841649)
3;2020;10;13;6;3;0;7;0;0;1;0;1;0;0;0;POINT (13.45791772 52.5288192)
10;2020;10;21;3;3;6;2;2;0;1;1;0;0;0;1;POINT (13.55537245 52.54120233)
12;2020;10;15;4;2;5;3;0;1;1;0;0;0;0;0;POINT (13.33114948 52.5915297)
12;2020;10;12;5;3;0;1;0;0;0;0;1;0;0;1;POINT (13.33698568 52.60216139)
5;2020;10;14;5;3;0;1;0;1;0;0;0;0;0;1;POINT (13.18030761 52.49213389)
12;2020;10;15;2;3;5;3;0;1;1;0;0;0;0;0;POINT (13.34682498 52.59694738)
12;2020;10;15;4;3;6;4;0;0;1;1;0;0;0;1;POINT (13.31109265 52.56936584)
1;2020;10;13;5;2;6;4;0;0;1;1;0;0;0;1;POINT (13.4018415 52.52901616)
5;2020;10;20;5;3;2;6;2;0;1;0;0;0;0;1;POINT (13.19943684 52.53468484)
3;2020;10;15;2;3;2;6;0;0;1;0;0;0;0;0;POINT (13.4603999 52.52935689)
2;2020;10;17;4;3;0;4;1;1;0;1;0;0;0;1;POINT (13.40740414 52.50458218)
9;2020;10;11;1;3;2;6;0;0;1;0;1;0;0;0;POINT (13.50093191 52.43543757)
8;2020;10;11;1;1;6;4;0;0;0;1;0;1;0;0;POINT (13.47596757 52.44030408)
2;2020;10;9;4;3;5;2;0;1;1;0;0;0;0;1;POINT (13.44334883 52.51195875)
5;2020;10;9;3;2;0;3;0;1;1;0;0;0;0;1;POINT (13.24797879 52.53647777)
1;2020;10;19;6;3;5;3;2;0;1;0;0;0;0;0;POINT (13.3452726 52.55436409)
8;2020;10;16;6;3;2;7;0;0;1;0;0;0;1;0;POINT (13.42710516 52.48218122)
9;2020;10;7;3;3;6;2;1;0;1;1;0;0;0;1;POINT (13.57049781 52.40384149)
9;2020;10;9;4;3;6;2;0;0;1;1;0;0;0;0;POINT (13.5627198 52.4461229)
12;2020;10;9;5;3;1;5;0;0;1;0;0;0;0;0;POINT (13.35795884 52.59678164)
4;2020;10;20;5;3;1;1;2;0;1;0;0;0;1;1;POINT (13.30321401 52.49402797)
4;2020;10;11;2;3;0;1;0;0;0;0;1;0;0;0;POINT (13.31905676 52.4714121)
9;2020;10;13;4;3;0;1;0;1;0;0;0;0;0;1;POINT (13.57526357 52.45383791)
7;2020;10;18;7;3;5;3;2;0;1;0;0;0;0;1;POINT (13.36630802 52.4952786)
4;2020;10;18;7;3;2;6;2;0;1;0;0;0;0;0;POINT (13.24974349 52.52388896)
1;2020;10;15;3;3;5;3;0;1;0;0;1;0;0;1;POINT (13.39376598 52.52858474)
1;2020;10;15;4;2;1;5;0;1;1;0;0;0;0;1;POINT (13.40467885 52.52563322)
4;2020;10;11;6;3;5;2;0;1;1;0;0;0;0;0;POINT (13.28997236 52.4888691)
11;2020;10;23;5;2;5;2;2;1;1;0;0;0;0;1;POINT (13.485003 52.53345262)
5;2020;10;17;1;3;6;4;1;0;1;1;0;0;0;0;POINT (13.19659554 52.52361265)
2;2020;10;5;1;3;2;6;2;0;1;0;0;0;0;0;POINT (13.43866995 52.52382419)
7;2020;10;14;4;3;5;2;0;1;1;0;0;0;0;0;POINT (13.32858538 52.47333255)
7;2020;10;16;3;3;2;6;0;0;1;0;0;0;0;0;POINT (13.35357037 52.49927466)
4;2020;10;8;3;3;8;1;0;0;1;0;0;0;0;1;POINT (13.29627406 52.50891881)
3;2020;10;9;4;3;5;2;0;1;1;0;0;0;0;0;POINT (13.42884518 52.54773882)
5;2020;10;23;6;3;6;4;2;0;1;1;0;0;0;0;POINT (13.23150492 52.53902303)
5;2020;10;16;6;3;6;7;0;0;0;1;0;0;1;0;POINT (13.20850637 52.54637344)
1;2020;10;14;2;3;4;6;0;1;0;0;0;0;0;0;POINT (13.39437611 52.54725247)
4;2020;10;11;4;3;2;6;0;0;1;0;0;0;0;0;POINT (13.28081181 52.51851844)
10;2020;10;8;5;2;5;2;0;1;0;0;0;1;0;0;POINT (13.59173658 52.54497941)
6;2020;10;8;2;3;1;5;0;0;1;0;0;0;0;0;POINT (13.18516147 52.42448312)
5;2020;10;10;4;3;6;7;0;0;1;1;0;0;0;1;POINT (13.18302593 52.5456132)
3;2020;10;0;7;3;9;7;2;0;0;0;0;0;1;0;POINT (13.46299179 52.58406349)
1;2020;10;8;7;3;1;5;0;1;1;0;0;0;0;0;POINT (13.40336456 52.50838498)
5;2020;10;14;3;3;2;6;1;0;1;0;0;0;0;1;POINT (13.25384149 52.53776169)
6;2020;10;11;4;3;2;6;0;0;1;0;0;0;0;0;POINT (13.27887518 52.43084959)
5;2020;10;17;5;2;8;1;0;0;1;0;0;0;0;1;POINT (13.1488027 52.55428045)
11;2020;10;20;2;3;5;3;2;1;1;0;0;0;0;0;POINT (13.47522408 52.50147627)
9;2020;10;10;4;3;5;3;0;1;1;0;0;0;0;0;POINT (13.50834462 52.47232735)
9;2020;10;7;4;3;2;6;0;0;1;0;0;0;0;0;POINT (13.53907614 52.43682512)
10;2020;10;13;2;3;6;4;0;0;1;1;0;0;0;0;POINT (13.6011351 52.48108465)
4;2020;10;10;4;3;5;3;0;0;1;0;0;0;0;0;POINT (13.28015995 52.51848041)
1;2020;10;3;5;2;8;1;2;0;1;0;1;0;0;1;POINT (13.38054989 52.54628705)
4;2020;10;0;1;3;9;1;2;0;1;0;0;0;0;1;POINT (13.31300631 52.50010187)
12;2020;10;8;4;3;5;2;0;1;0;0;0;0;1;1;POINT (13.32682533 52.56319773)
2;2020;10;14;7;3;5;3;0;0;1;0;0;0;0;1;POINT (13.39461164 52.50455959)
4;2020;10;0;7;2;5;3;2;0;1;0;0;0;1;0;POINT (13.28047681 52.50649362)
10;2020;10;17;3;3;2;6;2;0;1;0;0;0;0;1;POINT (13.5721071 52.54636568)
8;2020;10;10;4;3;5;7;0;1;1;0;0;0;0;0;POINT (13.43432861 52.42467679)
1;2020;10;14;5;3;5;5;0;0;1;0;1;0;0;0;POINT (13.32982291 52.52421177)
3;2020;10;19;2;3;6;2;2;0;1;1;0;0;0;0;POINT (13.41214729 52.53121113)
1;2020;10;9;4;3;5;2;0;1;1;0;0;0;0;0;POINT (13.33925811 52.52584978)
1;2020;10;15;4;3;5;2;0;1;0;0;0;0;1;1;POINT (13.40013476 52.50953347)
8;2020;10;14;1;3;3;6;0;0;1;0;0;0;1;0;POINT (13.44465562 52.4261965)
1;2020;10;15;1;3;5;2;0;1;0;0;0;0;1;0;POINT (13.35637976 52.55248114)
3;2020;10;11;3;3;6;4;0;0;1;1;0;0;0;1;POINT (13.4526762 52.53402296)
9;2020;10;19;6;3;2;6;2;0;1;0;1;0;0;0;POINT (13.47541673 52.47584498)
2;2020;10;12;6;3;2;6;0;0;1;0;1;0;0;0;POINT (13.39732773 52.49553511)
6;2020;10;16;1;3;1;5;0;1;1;0;0;0;0;0;POINT (13.30216678 52.42678808)
8;2020;10;13;6;3;5;3;0;0;1;0;0;0;0;0;POINT (13.43445515 52.46598829)
5;2020;10;16;6;3;0;1;0;0;0;0;0;0;1;0;POINT (13.17645218 52.54369705)
1;2020;10;18;3;3;2;6;1;0;1;0;0;0;0;1;POINT (13.37900339 52.55067269)
9;2020;10;9;4;3;5;2;0;1;1;0;0;0;0;0;POINT (13.57425148 52.41394451)
2;2020;10;11;5;3;3;6;0;0;1;0;1;0;0;0;POINT (13.40916467 52.50177553)
7;2020;10;23;5;3;1;5;2;1;1;0;0;0;0;1;POINT (13.37777404 52.45262032)
11;2020;10;15;2;3;5;2;0;1;1;0;0;0;0;0;POINT (13.47354771 52.53619837)
2;2020;10;18;5;3;5;3;1;1;1;0;0;0;0;1;POINT (13.39499278 52.50314614)
8;2020;10;23;4;3;2;6;2;0;1;0;0;0;0;1;POINT (13.42768956 52.47424785)
11;2020;10;17;1;3;2;6;0;0;1;0;0;0;0;0;POINT (13.52049506 52.56910243)
7;2020;10;8;1;3;6;4;0;0;1;1;0;0;0;0;POINT (13.3731075 52.42486651)
4;2020;10;18;5;3;5;3;1;1;1;0;0;0;0;1;POINT (13.28668958 52.5186929)
11;2020;10;6;4;3;5;3;2;1;1;0;0;0;0;1;POINT (13.49865407 52.53836762)
3;2020;10;9;3;3;0;2;0;1;0;0;1;0;0;1;POINT (13.40767702 52.53933303)
9;2020;10;18;6;3;2;6;1;0;0;0;1;0;1;0;POINT (13.48889837 52.46708692)
1;2020;10;17;6;3;3;6;0;0;1;0;1;0;0;0;POINT (13.38204887 52.51403701)
1;2020;10;7;3;2;6;4;0;1;0;1;0;0;0;0;POINT (13.39233224 52.52822964)
1;2020;10;9;4;3;5;3;0;1;0;0;0;0;1;0;POINT (13.41697147 52.51632963)
1;2020;10;8;5;3;5;2;0;1;1;0;0;0;0;0;POINT (13.3423188 52.52417882)
7;2020;10;11;2;3;3;6;0;0;1;0;0;0;0;0;POINT (13.37573135 52.46772434)
9;2020;10;8;1;3;5;2;0;1;1;0;0;0;0;1;POINT (13.55074807 52.42893291)
8;2020;10;10;3;3;0;5;0;1;1;0;0;0;0;1;POINT (13.45781757 52.4303615)
3;2020;10;7;3;3;5;2;0;1;1;0;0;0;0;0;POINT (13.43248579 52.55752963)
6;2020;10;17;1;3;6;2;2;0;1;1;0;0;0;0;POINT (13.3620104 52.43455208)
6;2020;10;17;5;3;6;4;2;0;1;1;0;0;0;1;POINT (13.25180199 52.42817361)
11;2020;10;8;1;3;5;3;0;0;1;0;1;0;0;1;POINT (13.46678638 52.52850735)
1;2020;10;14;4;3;3;6;0;1;1;0;0;0;0;1;POINT (13.37994129 52.53307144)
1;2020;10;17;1;3;5;2;1;1;1;0;0;0;0;1;POINT (13.41636009 52.51103021)
2;2020;10;10;3;3;2;6;0;1;1;0;0;0;0;1;POINT (13.42645218 52.5239544)
4;2020;10;17;1;3;2;6;1;0;1;0;0;0;0;0;POINT (13.30094607 52.50683753)
1;2020;10;9;3;3;0;5;0;0;1;0;1;0;0;1;POINT (13.40348816 52.52536427)
6;2020;10;19;3;3;1;5;2;1;1;0;0;0;0;1;POINT (13.25484319 52.44230868)
1;2020;10;17;1;3;2;6;1;0;1;0;1;0;0;1;POINT (13.34892417 52.51510861)
2;2020;10;17;1;3;6;2;1;0;1;1;0;0;0;1;POINT (13.4638393 52.50053633)
4;2020;10;7;3;3;5;7;0;0;1;0;0;0;1;1;POINT (13.28088725 52.47824658)
1;2020;10;12;2;3;6;4;0;0;1;1;0;0;0;0;POINT (13.38560186 52.55765037)
7;2020;10;20;5;3;0;3;2;0;1;0;1;0;0;1;POINT (13.37292601 52.43689414)
1;2020;10;17;1;3;5;2;1;1;1;0;0;0;0;1;POINT (13.34511974 52.55444923)
8;2020;10;13;4;3;6;4;0;1;0;1;0;0;0;1;POINT (13.42694502 52.47574775)
4;2020;10;15;4;3;5;2;0;0;1;0;0;0;0;0;POINT (13.31279132 52.48041446)
5;2020;10;17;1;3;5;2;1;0;1;0;0;0;0;1;POINT (13.1653982 52.5511996)
9;2020;10;13;4;3;0;1;0;0;0;0;1;0;0;0;POINT (13.46378579 52.45401612)
8;2020;10;14;1;3;5;2;0;0;1;0;0;0;0;0;POINT (13.43663723 52.42364286)
10;2020;10;14;1;2;6;4;0;0;1;1;0;0;0;0;POINT (13.60475594 52.53654216)
4;2020;10;7;3;3;6;2;0;0;1;1;0;0;0;1;POINT (13.31413295 52.49057469)
2;2020;10;12;3;3;1;5;0;1;1;0;0;0;0;0;POINT (13.38812247 52.49966703)
6;2020;10;14;1;3;5;2;0;0;1;0;0;0;1;0;POINT (13.34492163 52.43729064)
9;2020;10;14;1;3;5;2;0;1;1;0;0;0;0;0;POINT (13.58339009 52.45170276)
1;2020;10;7;3;3;2;6;1;0;1;0;0;0;0;1;POINT (13.37890084 52.55614918)
1;2020;10;17;2;3;6;2;2;0;1;1;0;0;0;0;POINT (13.37686514 52.51776025)
2;2020;10;6;5;3;6;2;1;0;0;1;0;0;1;1;POINT (13.44667034 52.50257798)
3;2020;10;13;1;3;3;6;0;0;1;0;0;0;1;0;POINT (13.43494226 52.5535445)
1;2020;10;10;4;3;1;5;0;1;1;0;0;0;0;1;POINT (13.3866746 52.52482848)
1;2020;10;8;4;3;5;2;0;1;1;0;0;0;0;1;POINT (13.36687218 52.50281807)
2;2020;10;15;1;3;5;7;0;0;1;0;0;0;0;0;POINT (13.40571738 52.49723694)
4;2020;10;12;1;3;2;6;0;0;0;0;1;0;1;1;POINT (13.32468736 52.4787394)
8;2020;10;6;3;3;9;1;2;0;1;0;0;0;0;1;POINT (13.4601084 52.4717813)
8;2020;10;14;3;3;5;3;0;1;1;0;0;0;0;0;POINT (13.4202516 52.47675805)
11;2020;10;13;1;2;6;4;0;0;1;1;0;0;0;0;POINT (13.50771969 52.56559419)
5;2020;10;5;5;3;0;1;2;0;0;0;1;0;0;1;POINT (13.18361397 52.51393945)
5;2020;10;11;1;3;3;2;0;0;1;0;1;0;0;0;POINT (13.20255705 52.54018439)
8;2020;10;22;2;3;0;3;2;1;1;0;0;0;0;1;POINT (13.43816037 52.46705463)
1;2020;10;20;2;3;2;2;2;0;1;0;0;0;0;0;POINT (13.34521214 52.55435174)
3;2020;10;7;1;3;5;3;0;1;1;0;0;0;0;0;POINT (13.38976868 52.57429345)
12;2020;10;8;2;3;6;4;0;0;1;1;0;0;0;0;POINT (13.32822179 52.60911655)
9;2020;10;8;3;3;2;6;0;1;1;0;0;0;0;1;POINT (13.50638307 52.45379697)
3;2020;10;7;1;3;5;3;0;1;1;0;0;0;0;1;POINT (13.42737449 52.5524928)
1;2020;10;20;2;3;6;4;2;1;0;1;0;0;0;1;POINT (13.35520249 52.51869858)
11;2020;10;16;2;3;5;2;1;1;1;0;0;0;0;0;POINT (13.4734357 52.53599984)
4;2020;10;13;5;3;5;3;0;0;1;0;0;0;1;1;POINT (13.27390367 52.50968098)
6;2020;10;13;7;3;1;5;0;1;1;0;0;0;0;1;POINT (13.30270125 52.45050514)
3;2020;10;15;4;3;6;4;0;0;1;1;0;0;0;1;POINT (13.42634949 52.5759733)
1;2020;10;17;7;3;6;7;1;1;0;1;0;0;0;0;POINT (13.34744323 52.50781264)
4;2020;10;7;4;3;5;2;0;0;1;0;0;0;0;1;POINT (13.28683145 52.49583239)
4;2020;10;14;7;3;1;5;0;1;1;0;0;0;0;0;POINT (13.26751131 52.48186979)
2;2020;10;18;7;3;5;2;2;1;1;0;0;0;0;0;POINT (13.38939175 52.49596094)
1;2020;10;19;2;3;2;2;2;1;1;0;0;0;0;0;POINT (13.37710865 52.55659893)
4;2020;10;18;3;3;6;4;1;0;1;1;0;0;0;0;POINT (13.30108725 52.52270997)
3;2020;10;12;1;3;5;3;0;0;1;0;0;0;0;1;POINT (13.47100866 52.61363441)
4;2020;10;17;5;3;5;2;1;0;1;0;0;0;0;1;POINT (13.28667247 52.51880675)
11;2020;10;15;7;2;5;3;0;0;1;0;0;0;0;0;POINT (13.52824048 52.55697255)
4;2020;10;15;4;3;0;2;1;1;1;0;0;0;0;1;POINT (13.29277237 52.50672267)
6;2020;10;16;7;3;5;2;0;1;0;0;0;0;1;0;POINT (13.35477363 52.42907445)
2;2020;10;19;2;3;2;2;2;1;0;0;0;0;0;1;POINT (13.38348822 52.50349002)
5;2020;10;15;7;3;1;5;0;0;1;0;0;0;0;0;POINT (13.15734129 52.53453434)
12;2020;10;15;7;3;5;2;0;0;1;0;1;0;0;0;POINT (13.36052375 52.59686569)
2;2020;10;16;5;3;0;1;1;0;0;0;1;0;0;1;POINT (13.4372406 52.50024892)
8;2020;10;14;7;3;5;2;0;1;1;0;0;0;0;0;POINT (13.43159348 52.48570404)
7;2020;10;12;7;3;3;6;0;1;1;0;0;0;0;0;POINT (13.38903103 52.41204638)
4;2020;10;10;7;3;0;1;0;0;0;0;1;0;0;0;POINT (13.32697367 52.54007669)