bez;ujahr;umonat;ustunde;uwochentag;ukategorie;uart;utyp1;ulichtverh;istrad;istpkw;istfuss;istkrad;istgkfz;istsonstige;ustrzustand;geometry
9;2020;10;17;3;3;5;2;1;1;1;0;0;0;0;0;POINT (13.50883245 52.45254316)
5;2020;10;10;7;3;5;2;0;0;1;0;1;0;0;0;POINT (13.22579595 52.55444005)
2;2020;10;9;7;3;5;3;0;0;1;0;0;0;0;0;POINT (13.39944571 52.49828824)
7;2020;10;19;2;3;2;6;2;0;1;0;0;0;0;1;POINT (13.33902865 52.49953366)
2;2020;10;6;3;3;0;1;1;0;0;0;1;0;0;1;POINT (13.44410335 52.50079442)
10;2020;10;9;1;3;5;3;0;0;1;0;0;0;1;1;POINT (13.57589062 52.49119382)
3;2020;10;10;5;3;0;1;0;1;0;0;0;0;0;1;POINT (13.4192967 52.54750154)
5;2020;10;9;7;3;5;2;0;1;1;0;0;0;0;0;POINT (13.15808647 52.53304672)
6;2020;10;14;4;3;5;3;0;1;1;0;0;0;0;0;POINT (13.30280854 52.42677008)
7;2020;10;11;6;3;0;3;0;0;0;0;1;0;1;1;POINT (13.34013253 52.50169327)
1;2020;10;19;2;3;6;2;2;0;1;1;0;0;0;1;POINT (13.36168927 52.50385562)
10;2020;10;13;6;2;0;3;0;1;1;0;0;0;0;1;POINT (13.56090134 52.53412425)
7;2020;10;19;2;3;0;1;2;1;0;0;0;0;0;1;POINT (13.36140694 52.4815435)
12;2020;10;10;3;3;5;3;0;0;1;0;0;0;0;0;POINT (13.33180374 52.59507436)
1;2020;10;0;6;3;2;2;2;0;1;0;0;0;0;1;POINT (13.35821795 52.50111798)
7;2020;10;23;6;3;1;5;2;0;1;0;0;0;0;0;POINT (13.38296302 52.45583861)
7;2020;10;18;2;3;5;2;2;0;1;0;0;0;1;0;POINT (13.35379641 52.49922402)
11;2020;10;19;2;3;0;6;2;1;0;0;0;0;0;0;POINT (13.46972228 52.54179721)
4;2020;10;11;2;3;1;5;0;1;1;0;0;0;0;0;POINT (13.29362672 52.50136898)
8;2020;10;11;3;3;6;2;0;0;1;1;0;0;0;1;POINT (13.43753231 52.48121673)
4;2020;10;23;6;3;8;1;2;0;0;0;1;0;0;0;POINT (13.30946973 52.50832202)
11;2020;10;14;6;3;2;6;0;0;1;0;0;0;0;0;POINT (13.47373619 52.5359904)
1;2020;10;18;2;3;2;6;2;0;1;0;0;0;0;0;POINT (13.34902078 52.51474176)
4;2020;10;13;2;3;3;6;0;1;0;0;0;0;1;0;POINT (13.31875414 52.47124609)
10;2020;10;19;5;3;0;1;2;0;0;0;1;0;0;1;POINT (13.61455227 52.50224383)
1;2020;10;13;6;3;2;7;0;0;1;0;0;0;0;0;POINT (13.38487802 52.50870039)
8;2020;10;23;4;3;0;7;2;1;0;0;0;0;0;0;POINT (13.43675182 52.48864006)
10;2020;10;10;6;3;3;2;0;0;1;0;0;0;1;0;POINT (13.56285591 52.51426406)
2;2020;10;6;6;3;5;3;2;0;1;0;0;0;0;1;POINT (13.3987486 52.49635958)
10;2020;10;10;2;3;0;2;0;0;0;0;0;0;1;0;POINT (13.56180327 52.50528402)
1;2020;10;13;3;3;5;2;0;1;1;0;0;0;0;0;POINT (13.37727273 52.54375123)
1;2020;10;1;6;3;0;1;2;0;0;0;1;0;0;1;POINT (13.35893206 52.55426405)
12;2020;10;8;2;3;5;2;0;1;1;0;0;0;0;0;POINT (13.28159701 52.59222946)
4;2020;10;10;2;2;5;2;0;0;1;0;1;0;0;0;POINT (13.33942365 52.50312807)
11;2020;10;10;5;3;6;2;0;0;1;1;0;0;0;1;POINT (13.50849064 52.56462912)
1;2020;10;21;6;3;3;6;2;0;1;0;0;0;0;0;POINT (13.39420577 52.54046295)
3;2020;10;10;4;3;0;2;0;1;1;0;0;0;0;1;POINT (13.42882957 52.54774411)
1;2020;10;8;4;3;0;2;0;1;1;0;0;0;0;1;POINT (13.40963773 52.52400522)
6;2020;10;9;5;3;5;2;0;1;0;0;0;1;0;1;POINT (13.31774269 52.45797182)
4;2020;10;19;6;2;1;5;2;0;1;0;0;0;0;0;POINT (13.31673961 52.5166489)
5;2020;10;12;4;3;1;5;0;1;1;0;0;0;0;1;POINT (13.20154903 52.53828736)
5;2020;10;14;4;3;5;2;0;1;1;0;0;0;0;1;POINT (13.24783357 52.53826629)
4;2020;10;18;6;3;5;3;1;0;1;0;0;0;0;0;POINT (13.31725622 52.5042735)
1;2020;10;18;6;3;1;5;2;1;1;0;0;0;0;0;POINT (13.4112094 52.52781479)
11;2020;10;18;2;2;6;4;2;0;1;1;0;0;0;1;POINT (13.45877709 52.52673553)
4;2020;10;8;3;3;5;2;0;1;1;0;0;0;0;1;POINT (13.32610463 52.53837732)
11;2020;10;5;5;3;5;3;2;0;1;0;0;0;1;1;POINT (13.52035952 52.57031632)
1;2020;10;15;6;3;6;4;0;1;0;1;0;0;0;0;POINT (13.38356889 52.55118925)
1;2020;10;9;2;3;5;2;0;1;1;0;0;0;0;0;POINT (13.40119045 52.51041719)
7;2020;10;10;2;3;1;7;0;0;1;0;0;0;0;0;POINT (13.3810841 52.46218124)
9;2020;10;14;5;3;5;3;0;0;0;0;1;0;1;1;POINT (13.54404024 52.42793299)
3;2020;10;15;6;3;2;2;0;0;1;0;1;0;0;0;POINT (13.38276743 52.62978123)
4;2020;10;15;6;3;1;5;0;1;1;0;0;0;0;0;POINT (13.30229604 52.51345194)
9;2020;10;7;4;3;2;6;0;0;1;0;0;0;1;1;POINT (13.55832 52.45554205)
7;2020;10;15;6;3;3;3;0;1;1;0;0;0;0;0;POINT (13.32875766 52.47621452)
1;2020;10;16;6;3;6;4;0;0;1;1;0;0;0;0;POINT (13.38695645 52.5273112)
4;2020;10;18;2;3;2;6;2;0;1;0;0;0;0;0;POINT (13.31402837 52.46914138)
6;2020;10;7;3;3;2;6;0;0;1;0;1;0;0;1;POINT (13.26511414 52.41839596)
4;2020;10;11;1;3;0;1;0;0;0;0;1;0;0;1;POINT (13.29666393 52.53953344)
7;2020;10;17;5;3;5;7;1;0;1;0;0;0;0;1;POINT (13.38416135 52.45818765)
6;2020;10;17;6;2;0;6;1;1;1;0;0;0;0;0;POINT (13.1968535 52.48333446)
9;2020;10;16;6;2;6;4;0;0;1;1;0;0;0;0;POINT (13.57904441 52.45822006)
3;2020;10;8;2;3;5;3;0;0;1;0;0;0;0;0;POINT (13.43681201 52.53658096)
4;2020;10;16;3;2;5;3;0;0;1;0;1;0;0;0;POINT (13.33522097 52.48580566)
2;2020;10;11;1;3;2;6;0;0;1;0;0;0;0;1;POINT (13.3839645 52.49375304)
11;2020;10;16;5;3;5;2;1;1;1;0;0;0;0;1;POINT (13.52778907 52.49038183)
1;2020;10;15;6;2;0;1;0;0;0;0;1;0;0;0;POINT (13.38902655 52.55012585)
3;2020;10;14;2;3;6;7;0;0;1;1;0;0;0;0;POINT (13.40278782 52.55428544)
4;2020;10;8;4;3;0;3;1;1;1;0;0;0;0;1;POINT (13.29009091 52.51890273)
12;2020;10;14;6;3;5;5;0;0;1;0;0;0;0;0;POINT (13.28038468 52.57845983)
4;2020;10;9;2;3;0;7;0;1;1;0;0;0;0;1;POINT (13.30903484 52.50207139)
9;2020;10;18;6;1;3;6;2;0;1;0;1;0;0;0;POINT (13.48382143 52.45203431)
6;2020;10;9;5;3;5;2;0;1;1;0;0;0;0;0;POINT (13.27933802 52.4145629)
4;2020;10;8;3;3;5;2;0;1;1;0;0;0;0;1;POINT (13.28667154 52.51874215)
7;2020;10;18;5;2;6;4;2;0;1;1;0;0;0;1;POINT (13.3709032 52.47044815)
7;2020;10;16;5;3;2;6;0;0;1;0;0;0;0;1;POINT (13.37008205 52.46445013)
1;2020;10;8;2;2;5;3;0;1;1;0;0;0;0;0;POINT (13.41967947 52.50608184)
4;2020;10;12;2;2;6;2;0;0;0;1;0;0;1;0;POINT (13.33181458 52.5052258)
2;2020;10;11;1;3;2;7;0;0;0;0;1;0;1;1;POINT (13.38350427 52.49360873)
1;2020;10;6;5;3;5;2;1;1;1;0;0;0;0;1;POINT (13.36935671 52.55283884)
1;2020;10;23;5;3;0;1;2;0;0;0;1;0;0;1;POINT (13.35320276 52.50226828)
3;2020;10;22;2;3;5;2;2;0;1;0;0;0;0;0;POINT (13.47254492 52.60269913)
1;2020;10;13;4;3;0;3;0;1;0;0;1;0;0;1;POINT (13.40191701 52.52892564)
2;2020;10;22;5;3;2;5;2;0;1;0;1;0;0;1;POINT (13.42285137 52.48885608)
8;2020;10;22;5;3;0;3;2;0;1;0;1;0;0;1;POINT (13.44753744 52.47605918)
2;2020;10;6;2;2;4;6;2;1;1;0;0;0;0;1;POINT (13.42880127 52.52147003)
10;2020;10;15;4;2;3;6;0;1;0;0;0;0;0;0;POINT (13.56206307 52.50034587)
4;2020;10;21;5;3;2;6;2;0;1;0;0;0;0;1;POINT (13.30822303 52.48835816)
9;2020;10;7;2;3;1;5;0;1;0;0;0;0;1;0;POINT (13.57147841 52.43524929)
4;2020;10;20;5;3;9;1;2;0;1;1;0;0;0;1;POINT (13.3253271 52.50305575)
1;2020;10;20;5;3;0;1;2;1;0;0;0;0;0;1;POINT (13.40172505 52.52915599)
12;2020;10;17;2;3;5;3;0;0;1;0;0;0;1;0;POINT (13.28435343 52.5944018)
11;2020;10;21;3;3;5;3;2;0;1;0;0;0;0;0;POINT (13.52811066 52.55690107)
6;2020;10;19;5;3;6;2;2;0;1;1;0;0;0;1;POINT (13.33583436 52.43322671)
7;2020;10;19;5;3;6;2;2;0;1;1;0;0;0;1;POINT (13.36037559 52.47971826)
10;2020;10;17;2;3;0;2;0;0;1;0;0;0;1;0;POINT (13.60425655 52.54030191)
5;2020;10;13;2;3;0;4;0;0;0;1;0;0;1;0;POINT (13.2091206 52.54672075)
2;2020;10;9;5;3;5;7;0;0;1;0;1;0;0;1;POINT (13.45633336 52.51794688)
1;2020;10;19;5;3;5;3;2;1;1;0;0;0;0;1;POINT (13.39076724 52.51573705)
11;2020;10;19;2;3;5;2;2;1;0;0;1;0;0;0;POINT (13.4969307 52.54641735)
8;2020;10;19;4;3;5;3;2;1;1;0;0;0;0;0;POINT (13.43422486 52.4422823)
7;2020;10;15;4;3;1;5;0;1;1;0;0;0;0;0;POINT (13.35563529 52.4901355)
11;2020;10;14;5;3;6;2;0;0;1;1;0;0;0;1;POINT (13.51945187 52.48073358)
1;2020;10;14;5;3;2;6;0;0;1;0;0;0;0;1;POINT (13.42175531 52.51422773)
7;2020;10;16;2;3;1;5;0;1;1;0;0;0;0;0;POINT (13.37742435 52.46456648)
4;2020;10;14;3;3;0;1;0;0;0;0;1;0;0;1;POINT (13.28572077 52.52208197)
4;2020;10;13;5;3;4;6;0;0;1;0;0;0;0;0;POINT (13.32254696 52.54350338)
11;2020;10;16;2;3;3;6;0;0;1;0;0;1;0;0;POINT (13.52701245 52.48661673)
10;2020;10;11;3;3;0;7;0;1;0;0;0;0;0;1;POINT (13.57863093 52.51325784)
10;2020;10;11;5;3;0;6;0;0;1;0;0;0;1;0;POINT (13.56408461 52.51915588)
6;2020;10;10;5;3;3;6;0;1;1;0;0;0;0;0;POINT (13.30277329 52.42677107)
1;2020;10;16;2;3;5;3;0;0;1;0;0;0;0;0;POINT (13.36991148 52.54287995)
3;2020;10;18;2;3;5;3;2;0;1;0;1;0;0;0;POINT (13.48855166 52.61889586)
7;2020;10;7;5;3;5;7;0;0;1;0;0;0;1;1;POINT (13.37811121 52.45623031)
8;2020;10;9;5;3;0;6;0;0;1;0;0;0;0;1;POINT (13.45082899 52.43685134)
1;2020;10;7;2;3;5;3;0;1;1;0;0;0;0;0;POINT (13.3800675 52.54053537)
2;2020;10;10;4;3;0;2;0;1;1;0;0;0;0;1;POINT (13.43544671 52.52173519)
11;2020;10;9;4;2;5;3;0;0;1;0;0;0;0;1;POINT (13.52811453 52.55690313)
2;2020;10;9;5;3;2;7;0;1;1;0;0;1;0;1;POINT (13.4667697 52.51085353)
4;2020;10;9;5;3;1;5;0;1;1;0;0;0;0;0;POINT (13.33188331 52.49943012)
12;2020;10;16;2;3;0;1;0;1;0;0;0;0;0;0;POINT (13.28940728 52.59027997)
7;2020;10;7;3;3;1;5;0;1;0;0;0;1;0;0;POINT (13.38474842 52.45593168)
5;2020;10;10;1;3;5;2;0;0;1;0;0;0;0;0;POINT (13.19838653 52.5428507)
3;2020;10;19;5;3;5;2;2;0;1;0;0;0;0;1;POINT (13.4295141 52.57187364)
1;2020;10;7;5;2;0;7;0;1;0;0;0;0;0;1;POINT (13.33624403 52.52467598)
4;2020;10;15;2;3;2;6;0;0;1;0;0;0;0;0;POINT (13.3180247 52.50612669)
5;2020;10;15;2;2;4;6;0;0;1;0;0;0;0;0;POINT (13.18326324 52.48489969)
5;2020;10;14;5;3;2;6;0;0;1;0;0;0;0;1;POINT (13.20211259 52.5408045)
4;2020;10;7;5;3;0;2;1;1;0;0;0;0;1;1;POINT (13.28405 52.5051778)
2;2020;10;6;5;3;2;6;1;0;1;0;0;0;0;0;POINT (13.41829666 52.49933459)
8;2020;10;14;2;3;2;2;0;0;1;0;0;0;0;0;POINT (13.46381612 52.46646492)
9;2020;10;17;2;3;0;3;2;1;0;0;0;0;1;0;POINT (13.50999795 52.45356884)
5;2020;10;12;5;3;5;2;0;0;1;0;0;0;0;1;POINT (13.2271767 52.54945001)
6;2020;10;5;5;3;0;7;2;0;0;0;1;0;0;1;POINT (13.33217732 52.45847149)
8;2020;10;17;4;3;5;3;2;1;1;0;0;0;0;0;POINT (13.43679975 52.45694928)
3;2020;10;7;4;3;5;3;0;1;1;0;0;0;0;1;POINT (13.38800344 52.58879083)
7;2020;10;0;5;3;2;7;2;0;1;0;0;0;0;1;POINT (13.40770591 52.45252442)
3;2020;10;11;5;3;1;5;0;0;1;0;0;0;0;0;POINT (13.43184831 52.55730379)
7;2020;10;14;2;3;6;4;0;0;1;1;0;0;0;0;POINT (13.34199702 52.47914503)
1;2020;10;17;3;3;6;2;1;0;1;1;0;0;0;0;POINT (13.3918939 52.52007124)
12;2020;10;9;1;3;5;2;0;1;0;0;0;1;0;1;POINT (13.36100257 52.57705549)
2;2020;10;18;5;2;5;3;2;1;1;0;0;0;0;1;POINT (13.42155071 52.50448023)
10;2020;10;11;5;3;2;6;0;0;0;0;1;0;1;0;POINT (13.58891877 52.5377114)
2;2020;10;6;2;3;2;3;0;0;1;0;0;0;0;0;POINT (13.4427349 52.52499017)
1;2020;10;8;4;3;5;2;0;1;1;0;0;0;0;1;POINT (13.41655691 52.51098106)
3;2020;10;12;5;3;0;3;0;1;0;0;0;0;1;0;POINT (13.45274314 52.54876561)
12;2020;10;18;1;3;2;6;2;0;1;0;0;0;0;1;POINT (13.29236339 52.59601021)
1;2020;10;13;5;3;2;6;0;0;1;0;0;0;0;0;POINT (13.35630657 52.52364203)
12;2020;10;14;5;2;5;3;0;0;1;0;0;0;1;1;POINT (13.34594565 52.59155982)
12;2020;10;16;3;3;2;6;1;0;1;0;1;0;0;0;POINT (13.31346145 52.57207086)
1;2020;10;14;5;3;5;2;0;0;1;0;1;0;0;1;POINT (13.3570628 52.52354933)
8;2020;10;14;5;3;2;2;0;0;1;0;0;0;1;1;POINT (13.43048533 52.42156154)
5;2020;10;15;5;3;2;6;0;0;1;0;0;0;0;0;POINT (13.20054437 52.53852184)
2;2020;10;15;5;3;0;5;1;0;1;0;1;0;0;1;POINT (13.4170996 52.50189264)
12;2020;10;6;4;3;5;2;1;0;1;0;0;1;0;1;POINT (13.32130665 52.59357001)
5;2020;10;16;5;3;2;7;0;0;1;0;1;0;0;1;POINT (13.27406389 52.53614627)
8;2020;10;16;5;3;5;3;0;0;1;0;1;0;0;1;POINT (13.44716737 52.46571089)
5;2020;10;13;2;3;6;2;0;0;1;1;0;0;0;0;POINT (13.23219549 52.54054458)
9;2020;10;6;3;3;1;5;0;1;1;0;0;0;0;1;POINT (13.53109817 52.46242416)
2;2020;10;9;1;3;5;3;0;1;1;0;0;0;0;1;POINT (13.46336477 52.50813015)
2;2020;10;17;5;3;5;7;2;1;0;0;0;0;1;1;POINT (13.44402412 52.5190853)
4;2020;10;17;5;3;0;3;1;1;1;0;0;0;0;1;POINT (13.29000374 52.47016063)
10;2020;10;13;4;3;1;5;0;0;1;0;0;0;0;1;POINT (13.58726265 52.51733046)
3;2020;10;17;5;2;4;1;0;0;1;0;0;0;0;1;POINT (13.44224808 52.5697865)
2;2020;10;12;2;3;1;5;0;1;1;0;0;0;0;0;POINT (13.39622831 52.50451372)
1;2020;10;15;4;3;6;7;0;0;0;1;0;0;1;0;POINT (13.40010162 52.53111285)
8;2020;10;23;2;3;5;3;2;0;1;0;0;0;0;1;POINT (13.43744474 52.46360009)
1;2020;10;7;3;3;5;2;1;1;1;0;0;0;0;0;POINT (13.41561431 52.52722939)
7;2020;10;18;4;3;1;5;1;1;1;0;0;0;0;0;POINT (13.34692658 52.41492025)
4;2020;10;12;4;3;2;6;0;0;1;0;0;0;0;0;POINT (13.30325134 52.50528864)
9;2020;10;21;2;2;0;1;2;0;0;0;1;0;0;1;POINT (13.62045522 52.45593392)
4;2020;10;11;2;3;5;2;0;1;1;0;0;0;0;0;POINT (13.31388612 52.49050436)
2;2020;10;20;5;2;6;2;2;0;1;1;0;0;0;1;POINT (13.39820954 52.50699055)
1;2020;10;19;4;3;3;5;2;0;1;0;1;0;0;0;POINT (13.39923487 52.54392162)
6;2020;10;23;1;3;3;6;2;1;1;0;0;0;0;0;POINT (13.33410385 52.44287798)
9;2020;10;20;2;3;9;1;2;0;1;0;0;0;0;1;POINT (13.55869744 52.44676653)
3;2020;10;11;2;3;2;6;0;0;1;0;0;0;0;0;POINT (13.43220407 52.55054993)
7;2020;10;9;5;3;5;3;0;1;1;0;0;0;0;1;POINT (13.34520476 52.48679087)
3;2020;10;13;4;3;0;7;0;0;1;0;0;0;0;0;POINT (13.40324514 52.55888449)
3;2020;10;13;4;2;4;6;0;0;1;0;0;0;0;1;POINT (13.38184868 52.5736662)
7;2020;10;13;4;3;5;3;0;1;0;0;0;0;0;0;POINT (13.3241537 52.47506681)
4;2020;10;12;4;3;5;3;0;0;1;0;0;0;0;0;POINT (13.32098126 52.51305028)
11;2020;10;18;1;3;5;3;2;0;1;0;0;0;0;0;POINT (13.51910845 52.51346681)
1;2020;10;13;3;3;2;2;0;1;1;0;0;0;0;0;POINT (13.37662758 52.50938487)
9;2020;10;12;4;3;2;2;0;0;1;0;0;0;0;0;POINT (13.51732803 52.45443271)
10;2020;10;12;4;3;5;3;0;0;1;0;1;0;0;0;POINT (13.53734421 52.54030871)
12;2020;10;23;1;3;5;3;2;0;1;0;0;0;0;0;POINT (13.31511319 52.57651539)
4;2020;10;10;2;3;5;7;0;1;1;0;0;0;0;1;POINT (13.31400579 52.50703626)
7;2020;10;6;5;3;5;2;2;0;1;0;0;0;0;1;POINT (13.38563207 52.47192676)
1;2020;10;12;4;3;0;2;0;1;0;0;1;0;0;0;POINT (13.35007608 52.51377419)
5;2020;10;10;4;3;2;7;0;0;1;0;0;0;0;1;POINT (13.23995132 52.52627102)
1;2020;10;8;4;3;3;6;0;1;1;0;0;0;0;1;POINT (13.38475888 52.52920178)
11;2020;10;12;4;2;5;2;0;1;1;0;0;0;0;0;POINT (13.47364932 52.53608975)
2;2020;10;12;4;3;5;3;0;0;1;0;0;0;0;0;POINT (13.3964304 52.49135032)
8;2020;10;22;1;3;5;2;2;1;1;0;0;0;0;0;POINT (13.43367078 52.48193336)
3;2020;10;15;3;3;2;6;0;0;1;0;0;0;0;1;POINT (13.44368088 52.53338895)
9;2020;10;18;4;3;5;3;2;1;1;0;0;0;0;0;POINT (13.54132534 52.43529547)
8;2020;10;15;4;2;0;7;0;1;0;0;0;0;0;1;POINT (13.44654425 52.47408182)
7;2020;10;10;4;2;2;2;0;0;1;0;1;0;0;0;POINT (13.37732961 52.41845741)
4;2020;10;10;4;3;5;7;0;1;1;0;0;0;0;0;POINT (13.29623987 52.50885689)
10;2020;10;17;1;3;5;3;1;1;1;0;0;0;0;0;POINT (13.57596189 52.49113689)
6;2020;10;14;3;3;5;2;0;0;1;0;1;0;0;0;POINT (13.35520048 52.42765873)
5;2020;10;15;5;3;2;6;0;0;1;0;0;0;0;1;POINT (13.21025136 52.54912014)
3;2020;10;10;4;3;1;5;0;1;1;0;0;0;0;0;POINT (13.4102503 52.53638026)
4;2020;10;8;1;3;6;7;0;1;0;1;0;0;0;1;POINT (13.28973224 52.51662346)
2;2020;10;21;2;3;5;3;2;1;1;0;0;0;0;0;POINT (13.41404601 52.50039535)
4;2020;10;14;5;3;2;6;0;0;1;0;0;0;0;1;POINT (13.27487642 52.50093908)
6;2020;10;9;4;3;1;6;0;0;1;0;0;0;0;0;POINT (13.3380544 52.44945605)
7;2020;10;18;1;3;5;2;1;0;1;0;0;0;0;1;POINT (13.33753609 52.46715322)
6;2020;10;15;4;2;0;7;0;1;1;0;0;0;0;1;POINT (13.30066207 52.43998726)
7;2020;10;8;4;3;1;5;0;1;1;0;0;0;0;0;POINT (13.37665079 52.46043248)
5;2020;10;7;4;3;5;2;0;1;1;0;0;0;0;1;POINT (13.19251709 52.528621)
8;2020;10;23;4;3;1;5;2;0;1;0;1;0;0;0;POINT (13.44092714 52.4603745)
1;2020;10;22;4;3;2;6;2;0;1;0;0;0;0;0;POINT (13.38436288 52.55602381)
2;2020;10;11;1;3;5;2;0;1;0;0;0;0;1;0;POINT (13.39581881 52.49891565)
3;2020;10;18;3;2;5;2;2;1;1;0;0;0;0;0;POINT (13.42794121 52.54550727)
1;2020;10;9;1;3;2;6;0;0;0;0;0;0;1;1;POINT (13.39549859 52.5390414)
1;2020;10;17;5;3;0;2;1;1;0;0;1;0;0;1;POINT (13.3511246 52.50963207)
8;2020;10;20;4;3;5;3;2;0;0;0;1;0;1;0;POINT (13.43464976 52.46594424)
6;2020;10;15;4;3;6;7;0;1;0;1;0;0;0;0;POINT (13.24735567 52.4482626)
2;2020;10;9;1;3;2;6;0;0;1;0;0;0;0;0;POINT (13.46847179 52.50699962)
5;2020;10;19;5;2;2;6;2;0;1;0;0;0;0;1;POINT (13.18180909 52.48731859)
1;2020;10;19;4;3;0;1;2;1;0;0;0;0;0;0;POINT (13.40136536 52.53977079)
4;2020;10;15;2;3;3;6;0;0;1;0;0;0;0;0;POINT (13.32299774 52.51113713)
3;2020;10;16;5;3;5;3;0;0;1;0;0;0;0;1;POINT (13.47397452 52.60982511)
9;2020;10;20;4;3;3;6;2;1;1;0;0;0;0;0;POINT (13.48119598 52.44501754)
6;2020;10;19;4;2;5;2;2;1;0;0;0;0;0;0;POINT (13.25159635 52.42388892)
2;2020;10;10;4;2;6;4;0;1;1;1;0;0;0;0;POINT (13.3858689 52.48738458)
1;2020;10;11;3;3;5;2;0;1;1;0;0;0;0;0;POINT (13.39380154 52.52853222)
11;2020;10;19;4;3;4;6;2;0;1;0;0;0;1;0;POINT (13.47939107 52.50795763)
2;2020;10;17;4;3;2;6;0;0;1;0;0;0;0;0;POINT (13.43935855 52.50242042)
4;2020;10;11;1;2;0;6;0;0;1;0;1;0;0;0;POINT (13.2701103 52.49929684)
9;2020;10;6;3;3;2;6;2;0;1;0;0;0;0;1;POINT (13.55327095 52.46954159)
1;2020;10;9;1;3;5;3;0;0;1;0;1;0;0;1;POINT (13.31488818 52.52952449)
12;2020;10;9;5;3;5;3;0;1;1;0;0;0;0;1;POINT (13.37361261 52.57462325)
3;2020;10;16;4;3;5;3;0;1;1;0;0;0;0;0;POINT (13.44873459 52.55972662)
4;2020;10;13;4;3;0;6;0;1;1;0;0;0;0;0;POINT (13.30841111 52.51831747)
11;2020;10;15;4;3;5;3;0;1;1;0;0;0;0;0;POINT (13.53022489 52.48662803)
9;2020;10;16;4;3;5;2;0;1;1;0;0;0;0;0;POINT (13.48894252 52.46421978)
12;2020;10;11;1;3;5;3;0;1;1;0;0;0;0;0;POINT (13.36319717 52.59690724)
2;2020;10;11;3;3;2;7;0;1;1;0;0;0;0;0;POINT (13.4163087 52.49967069)
7;2020;10;16;4;3;5;5;0;1;1;0;0;0;0;0;POINT (13.34302798 52.48261598)
4;2020;10;15;4;3;1;5;0;1;1;0;0;0;0;0;POINT (13.3365405 52.47999561)
7;2020;10;9;1;3;0;7;0;0;1;0;0;1;0;1;POINT (13.3485612 52.46080205)
11;2020;10;15;4;3;6;3;0;0;1;1;0;0;0;0;POINT (13.51489821 52.50558066)
10;2020;10;15;4;3;5;3;0;1;1;0;0;0;0;0;POINT (13.56915459 52.57022599)
1;2020;10;9;1;3;5;2;0;1;1;0;0;0;0;1;POINT (13.38018045 52.53288195)
6;2020;10;22;3;3;6;4;2;0;1;1;0;0;0;0;POINT (13.31790427 52.45420959)
1;2020;10;15;4;3;6;4;0;0;1;1;0;0;0;0;POINT (13.35897149 52.56032889)
3;2020;10;8;4;3;2;6;0;0;1;0;1;0;0;0;POINT (13.4272836 52.54486636)
12;2020;10;9;1;3;5;3;0;0;1;0;0;0;0;1;POINT (13.24067438 52.60194672)
4;2020;10;13;2;3;2;2;0;0;1;0;1;0;0;0;POINT (13.27163631 52.51007911)
5;2020;10;19;5;3;5;3;2;0;1;0;0;0;0;1;POINT (13.19854196 52.53289702)
7;2020;10;7;4;2;6;4;1;1;0;1;0;0;0;0;POINT (13.38044173 52.44315216)
6;2020;10;20;4;3;5;3;2;1;1;0;0;0;0;0;POINT (13.27618428 52.43853763)
6;2020;10;15;4;3;6;2;0;0;1;1;0;0;0;0;POINT (13.32482954 52.46124981)
6;2020;10;0;4;2;5;3;2;0;1;0;0;0;1;0;POINT (13.31559681 52.44317623)
10;2020;10;9;1;3;5;3;0;0;1;0;1;0;0;1;POINT (13.5445744 52.5449284)
2;2020;10;13;3;3;5;2;0;1;1;0;0;0;0;0;POINT (13.43288256 52.51782483)
3;2020;10;13;4;3;5;2;0;1;1;0;0;0;0;0;POINT (13.42575826 52.55266805)
1;2020;10;8;1;2;0;1;0;0;0;0;1;0;0;1;POINT (13.3924674 52.53696179)
4;2020;10;14;2;3;5;2;0;1;1;0;0;0;0;0;POINT (13.29596889 52.48199094)
2;2020;10;12;5;3;2;6;0;0;1;0;0;0;0;1;POINT (13.38993054 52.49602416)
3;2020;10;13;4;3;5;2;0;1;0;0;1;0;0;0;POINT (13.45814609 52.52560274)
8;2020;10;8;1;3;5;3;0;0;1;0;0;0;0;1;POINT (13.43815534 52.41742231)
12;2020;10;19;2;3;5;3;2;1;1;0;0;0;0;1;POINT (13.31048084 52.56795493)
10;2020;10;7;5;3;5;3;1;1;1;0;0;0;0;1;POINT (13.55843257 52.49399034)
8;2020;10;13;4;3;5;3;0;0;1;0;0;0;0;1;POINT (13.46647893 52.46819407)
4;2020;10;18;4;3;3;6;2;0;1;0;1;0;0;1;POINT (13.29439278 52.47411891)
1;2020;10;9;4;3;2;6;0;0;1;0;0;0;0;0;POINT (13.37843886 52.54465276)
12;2020;10;13;4;3;0;3;0;0;1;0;1;0;0;0;POINT (13.30216201 52.64509936)
12;2020;10;14;3;3;3;6;0;0;1;0;0;0;0;0;POINT (13.35264775 52.56421921)