bez;ujahr;umonat;ustunde;uwochentag;ukategorie;uart;utyp1;ulichtverh;istrad;istpkw;istfuss;istkrad;istgkfz;istsonstige;ustrzustand;geometry
3;2020;10;7;1;3;2;6;1;0;1;0;0;0;0;0;POINT (13.48154659 52.60963822)
1;2020;10;8;3;3;2;6;0;0;1;0;0;0;0;1;POINT (13.37354018 52.55658105)
4;2020;10;5;5;3;1;5;2;1;0;0;0;1;0;1;POINT (13.33844707 52.50358618)
5;2020;10;11;3;3;2;6;0;0;1;0;0;0;0;1;POINT (13.22908528 52.53792313)
1;2020;10;5;1;3;2;2;2;0;1;0;0;0;0;1;POINT (13.33575823 52.54180816)
12;2020;10;16;2;3;5;3;0;0;1;0;0;0;0;0;POINT (13.28408254 52.57862805)
1;2020;10;14;5;3;2;6;0;0;1;0;1;0;0;1;POINT (13.33625737 52.52479313)
10;2020;10;10;3;3;5;2;0;0;1;0;0;0;0;1;POINT (13.51751155 52.53540723)
1;2020;10;18;3;3;5;2;2;1;1;0;0;0;0;0;POINT (13.38166344 52.55227145)
1;2020;10;6;4;3;0;2;1;0;1;0;1;0;0;1;POINT (13.35143799 52.52782963)
2;2020;10;19;3;3;2;6;2;0;1;0;0;0;0;1;POINT (13.47507095 52.51148138)
11;2020;10;17;3;2;5;7;1;0;0;0;1;0;1;0;POINT (13.48543454 52.52667746)
4;2020;10;9;4;3;0;6;0;1;1;0;0;0;0;1;POINT (13.31223633 52.49848842)
12;2020;10;8;4;3;2;6;0;0;1;0;0;0;0;0;POINT (13.32114552 52.5842675)
8;2020;10;15;3;3;6;4;0;0;1;1;0;0;0;1;POINT (13.43586269 52.48377773)
2;2020;10;17;3;3;2;6;1;0;1;0;0;0;0;0;POINT (13.3761534 52.48772415)
9;2020;10;1;1;3;8;1;2;0;1;0;0;0;0;1;POINT (13.50547681 52.47680079)
12;2020;10;9;3;3;5;3;0;0;1;0;0;0;1;0;POINT (13.28030439 52.63013571)
1;2020;10;7;1;3;5;3;0;1;1;0;0;0;0;1;POINT (13.3190759 52.53109205)
6;2020;10;16;5;3;5;3;2;0;1;0;0;0;0;1;POINT (13.31243276 52.43042679)
1;2020;10;15;3;3;6;2;0;0;1;1;0;0;0;0;POINT (13.39839794 52.52655368)
8;2020;10;17;1;2;5;3;2;0;1;0;0;0;0;1;POINT (13.41049786 52.41403571)
8;2020;10;9;2;3;5;3;0;1;1;0;0;0;0;0;POINT (13.42024805 52.47676938)
6;2020;10;14;4;3;1;5;0;0;1;0;0;0;0;0;POINT (13.26369607 52.43903551)
10;2020;10;15;3;3;6;4;0;0;0;1;0;0;1;0;POINT (13.5580272 52.52960515)
10;2020;10;14;1;3;6;2;0;0;1;1;0;0;0;0;POINT (13.5698893 52.54084148)
1;2020;10;12;3;3;9;1;0;0;1;0;0;0;0;1;POINT (13.37564172 52.55640962)
12;2020;10;14;3;3;5;2;0;1;1;0;0;0;0;0;POINT (13.36228983 52.56793218)
1;2020;10;16;3;3;0;5;1;0;0;0;1;0;1;0;POINT (13.33535654 52.52619928)
11;2020;10;13;3;3;0;1;0;1;0;0;0;0;0;1;POINT (13.47639637 52.53312093)
3;2020;10;12;3;2;5;3;0;1;1;0;0;0;0;1;POINT (13.42457504 52.58981512)
4;2020;10;14;1;3;6;7;0;0;0;1;0;0;1;0;POINT (13.30674156 52.50646276)
2;2020;10;16;2;3;6;4;0;1;0;1;0;0;0;0;POINT (13.42298674 52.50009771)
7;2020;10;9;5;3;3;6;0;1;1;0;0;0;0;1;POINT (13.41066787 52.40948054)
1;2020;10;13;2;3;5;3;0;1;0;0;0;0;1;0;POINT (13.33929438 52.53390668)
4;2020;11;15;5;3;1;5;0;1;1;0;0;0;0;0;POINT (13.32980814 52.50731827)
4;2020;11;8;1;3;2;6;0;0;1;0;0;0;0;1;POINT (13.33069024 52.498644)
10;2020;11;6;2;3;0;3;2;1;1;0;0;0;0;1;POINT (13.60858084 52.49187549)
7;2020;11;19;1;3;5;3;2;0;1;0;0;0;0;0;POINT (13.33272105 52.4689643)
1;2020;11;2;6;3;0;1;2;0;0;0;1;0;0;1;POINT (13.32968901 52.52281459)
11;2020;11;10;4;3;5;3;0;1;1;0;0;0;0;0;POINT (13.45892641 52.5259918)
7;2020;11;13;1;3;5;3;0;1;1;0;0;0;0;0;POINT (13.34691019 52.41204307)
7;2020;11;14;5;3;5;2;0;1;1;0;0;0;0;0;POINT (13.35924957 52.45680998)
10;2020;11;16;2;3;0;2;1;1;1;0;0;0;0;0;POINT (13.62110836 52.53685863)
2;2020;11;22;7;3;2;7;2;1;0;0;0;0;1;0;POINT (13.41687289 52.49895451)
6;2020;11;11;6;2;5;3;0;1;1;0;0;0;0;0;POINT (13.33135704 52.4421196)
4;2020;11;14;7;2;5;3;0;0;1;0;1;0;0;0;POINT (13.29696246 52.54801065)
11;2020;11;12;3;3;6;4;0;0;1;1;0;0;0;0;POINT (13.49007363 52.51442763)
7;2020;11;7;1;3;5;2;0;0;1;0;0;0;1;1;POINT (13.3844986 52.47157142)
3;2020;11;6;5;3;2;2;1;0;1;0;0;0;0;0;POINT (13.45761259 52.528753)
8;2020;11;12;7;3;0;1;0;1;0;0;0;0;0;1;POINT (13.4957606 52.43215128)
7;2020;11;11;2;2;5;2;0;1;0;0;0;1;0;0;POINT (13.38104532 52.48256708)
12;2020;11;10;5;3;0;3;0;0;1;0;0;0;1;0;POINT (13.30394113 52.58323904)
4;2020;11;19;3;3;6;4;2;1;0;1;0;0;0;0;POINT (13.29645285 52.50226337)
4;2020;11;11;1;3;5;2;0;1;0;0;0;0;1;1;POINT (13.32226307 52.4864286)
1;2020;11;17;4;3;5;2;2;1;1;0;0;0;0;0;POINT (13.3816479 52.55227777)
9;2020;11;14;2;3;0;1;0;0;0;0;1;0;0;0;POINT (13.53739184 52.40391658)
3;2020;11;15;1;3;2;2;0;1;1;0;0;0;0;0;POINT (13.45273509 52.54879478)
1;2020;11;14;4;3;5;2;0;1;1;0;0;0;0;0;POINT (13.37393985 52.55649968)
2;2020;11;10;2;3;2;6;0;1;1;0;0;0;0;0;POINT (13.41841315 52.50005969)
5;2020;11;10;6;3;6;7;0;0;1;1;0;0;0;0;POINT (13.21820746 52.55658942)
6;2020;11;18;7;3;5;2;2;0;1;0;1;0;0;0;POINT (13.31910613 52.45448144)
3;2020;11;16;3;3;0;1;1;1;0;0;0;0;0;0;POINT (13.41920187 52.53824027)
8;2020;11;8;1;3;5;3;0;0;1;0;0;0;0;1;POINT (13.48810093 52.43488973)
2;2020;11;0;5;3;5;3;2;0;1;0;0;0;0;0;POINT (13.41216808 52.49873686)
10;2020;11;13;7;3;5;2;0;0;1;0;0;0;0;0;POINT (13.5916184 52.54492803)
8;2020;11;12;2;3;6;2;0;0;1;1;0;0;0;0;POINT (13.42588615 52.47824825)
3;2020;11;13;5;3;0;2;0;1;1;0;0;0;0;0;POINT (13.41471565 52.55357069)
8;2020;11;15;3;3;5;2;0;1;1;0;0;0;0;0;POINT (13.43469529 52.44030302)
4;2020;11;7;4;3;5;3;0;1;1;0;0;0;0;0;POINT (13.28039594 52.51833219)
9;2020;11;13;2;3;2;6;0;0;1;0;0;0;0;0;POINT (13.5287576 52.42636971)
1;2020;11;20;5;3;0;4;2;0;0;1;1;0;0;1;POINT (13.39426155 52.56277848)
9;2020;11;12;7;3;0;1;0;1;0;0;0;0;0;1;POINT (13.58044236 52.41754736)
4;2020;11;8;3;3;1;5;0;1;1;0;0;0;0;0;POINT (13.31235581 52.46856278)
2;2020;11;17;1;3;5;3;2;1;1;0;0;0;0;0;POINT (13.45929779 52.51243591)
6;2020;11;8;7;3;0;1;0;0;1;0;0;0;0;0;POINT (13.26001095 52.43173892)
10;2020;11;5;4;3;5;2;2;1;1;0;0;0;0;0;POINT (13.51973228 52.52610791)
1;2020;11;12;7;3;0;1;0;0;0;0;1;0;0;1;POINT (13.33994461 52.53981853)
1;2020;11;21;6;3;5;2;2;1;1;0;0;0;0;0;POINT (13.37696448 52.54573835)
12;2020;11;12;7;3;1;5;0;0;1;0;0;0;0;1;POINT (13.34362432 52.56986176)
2;2020;11;10;3;3;2;3;0;1;0;0;0;0;0;0;POINT (13.40653143 52.48948079)
10;2020;11;14;7;3;0;1;0;0;0;0;0;0;1;0;POINT (13.58939471 52.52776462)
8;2020;11;10;4;2;0;1;0;0;0;0;1;0;0;0;POINT (13.49046719 52.41344979)
6;2020;11;10;7;3;1;1;0;1;0;0;1;0;0;1;POINT (13.31547547 52.44432029)
12;2020;11;14;2;3;0;6;0;0;1;0;0;0;0;0;POINT (13.35349672 52.56244007)
6;2020;11;7;5;3;1;5;0;0;1;0;0;0;0;1;POINT (13.30886098 52.45943966)
2;2020;11;14;3;3;2;6;0;0;1;0;0;0;0;0;POINT (13.41536104 52.4911657)
4;2020;11;5;7;3;3;6;2;0;1;0;1;0;0;0;POINT (13.3343555 52.50437694)
10;2020;11;13;4;2;5;3;0;0;1;0;0;0;0;0;POINT (13.59173088 52.5449802)
1;2020;11;15;2;3;5;2;1;1;1;0;0;0;0;0;POINT (13.36379355 52.50077593)
6;2020;11;18;5;3;6;7;2;1;0;1;0;0;0;0;POINT (13.31971971 52.45724467)
1;2020;11;4;7;3;0;1;2;0;0;0;0;0;1;0;POINT (13.35346958 52.50220342)
12;2020;11;12;2;3;0;1;0;1;0;0;0;0;0;0;POINT (13.28388089 52.57877317)
10;2020;11;16;1;3;5;7;1;0;1;0;0;0;0;0;POINT (13.57048142 52.54329319)
7;2020;11;22;6;3;6;4;2;0;1;1;0;0;0;0;POINT (13.3594495 52.4984865)
3;2020;11;18;4;3;5;2;2;1;1;0;0;0;0;0;POINT (13.42054115 52.54865808)
6;2020;11;17;1;3;5;3;2;0;1;0;0;0;0;0;POINT (13.22642075 52.43882016)
3;2020;11;16;5;3;5;3;1;1;1;0;0;0;0;0;POINT (13.44655213 52.54665819)
10;2020;11;12;2;3;0;2;0;1;1;0;0;0;0;1;POINT (13.56302918 52.51424485)
4;2020;11;17;7;3;5;7;2;0;1;0;0;0;0;0;POINT (13.31399377 52.50621709)
11;2020;11;12;7;2;1;5;0;1;0;0;0;0;1;0;POINT (13.4958984 52.54257633)
9;2020;11;13;6;3;5;2;0;1;1;0;0;0;0;0;POINT (13.59347856 52.45294522)
10;2020;11;8;1;3;5;2;0;0;1;0;0;0;0;0;POINT (13.60136181 52.53580599)
7;2020;11;19;5;3;5;2;2;0;1;0;0;0;0;0;POINT (13.37202369 52.46984379)
12;2020;11;10;3;3;5;2;0;1;1;0;0;0;0;0;POINT (13.28838301 52.58410802)
12;2020;11;15;7;3;0;2;0;0;1;0;1;0;0;0;POINT (13.32871414 52.56241515)
6;2020;11;17;6;3;2;6;2;0;1;0;0;0;0;0;POINT (13.32007137 52.4571125)
3;2020;11;11;4;3;5;3;0;1;1;0;0;0;0;0;POINT (13.41045246 52.5712941)
5;2020;11;18;2;3;2;6;2;0;1;0;0;0;0;0;POINT (13.23720598 52.52694888)
1;2020;11;22;5;2;6;2;2;0;0;1;1;0;0;0;POINT (13.38284242 52.53052241)
12;2020;11;17;7;3;5;3;2;0;1;0;0;0;0;0;POINT (13.31137099 52.5697886)
12;2020;11;7;2;3;5;2;0;1;0;0;1;0;0;0;POINT (13.25550266 52.60978187)
8;2020;11;16;1;3;2;6;1;0;1;0;0;0;0;0;POINT (13.46983099 52.43479975)
10;2020;11;8;6;3;5;3;0;0;1;0;0;0;0;1;POINT (13.53863194 52.52463574)
9;2020;11;15;4;3;5;2;0;1;0;0;0;0;1;0;POINT (13.52665017 52.42636803)
1;2020;11;16;1;3;3;2;1;1;1;0;0;0;0;1;POINT (13.37991795 52.5405295)
10;2020;11;13;5;3;2;6;0;0;1;0;0;0;0;0;POINT (13.56624861 52.53443014)
11;2020;11;12;2;3;6;4;0;0;0;1;0;0;1;0;POINT (13.50425431 52.56304833)
6;2020;11;17;7;3;6;2;2;0;1;1;0;0;0;0;POINT (13.32074649 52.45185652)
5;2020;11;10;6;3;2;6;0;0;1;0;1;0;0;0;POINT (13.20695937 52.55569708)
11;2020;11;16;7;3;5;3;1;0;1;0;0;0;0;0;POINT (13.52812648 52.55698414)
1;2020;11;18;3;3;5;3;2;1;1;0;0;0;0;0;POINT (13.34946194 52.53176394)
11;2020;11;10;1;3;0;1;0;0;0;0;1;0;0;1;POINT (13.47766568 52.5046934)
8;2020;11;8;5;3;0;7;0;1;0;0;0;0;0;1;POINT (13.46754471 52.46848961)
4;2020;10;23;6;1;6;4;2;0;1;1;1;0;0;0;POINT (13.27227181 52.5195821)
7;2020;11;12;2;3;2;6;0;0;1;0;1;0;0;0;POINT (13.36062131 52.41272289)
12;2020;10;18;6;3;2;6;2;0;1;0;0;0;1;1;POINT (13.3146422 52.57663473)
3;2020;11;8;4;3;0;6;0;1;1;0;0;0;0;0;POINT (13.41176795 52.54755662)
4;2020;11;8;2;3;2;6;0;0;1;0;0;0;0;0;POINT (13.30894247 52.50649903)
2;2020;11;13;5;3;5;2;0;1;1;0;0;0;0;0;POINT (13.38942513 52.49595538)
12;2020;10;17;6;3;4;5;2;0;1;0;1;0;0;1;POINT (13.3375582 52.57130198)
2;2020;11;9;2;3;0;1;0;1;0;0;0;0;0;0;POINT (13.45337084 52.5234166)
2;2020;11;12;6;3;5;2;0;1;1;0;0;0;0;0;POINT (13.46474518 52.49736628)
2;2020;11;13;4;3;5;3;0;0;1;0;0;0;1;0;POINT (13.43037543 52.51042906)
8;2020;11;14;1;3;5;3;0;1;1;0;0;0;0;0;POINT (13.44173493 52.47860885)
2;2020;11;22;4;2;5;2;2;1;0;0;1;0;0;0;POINT (13.39578101 52.49788188)
12;2020;11;9;2;3;5;7;0;0;1;0;1;0;0;1;POINT (13.34124117 52.58260961)
1;2020;11;9;6;3;6;4;0;1;0;1;0;0;0;0;POINT (13.34337108 52.53191041)
8;2020;10;17;6;3;5;3;2;0;1;0;0;0;0;0;POINT (13.43184809 52.46642006)
8;2020;11;14;3;3;1;5;0;0;1;0;0;0;0;0;POINT (13.42965759 52.47047684)
10;2020;11;12;5;3;0;7;0;0;1;0;0;0;0;0;POINT (13.60112807 52.53684324)
12;2020;10;16;6;3;0;2;1;1;0;0;0;0;1;1;POINT (13.32627901 52.56445527)
5;2020;11;13;2;3;2;7;0;0;1;1;0;0;0;0;POINT (13.17987169 52.52955611)
1;2020;11;11;5;3;6;7;0;0;0;1;0;1;0;0;POINT (13.40341036 52.52520156)
1;2020;11;14;3;3;5;3;0;0;1;0;1;0;0;1;POINT (13.39022546 52.53540593)
2;2020;11;8;5;3;5;2;0;1;0;0;0;0;0;0;POINT (13.40771813 52.48850583)
7;2020;11;18;3;3;2;6;2;0;1;0;0;0;0;0;POINT (13.35597556 52.45736126)
3;2020;11;19;7;3;5;3;2;0;1;0;0;0;0;0;POINT (13.42247807 52.55979951)
1;2020;11;16;4;3;0;3;1;1;0;0;0;0;0;0;POINT (13.39732857 52.52868406)
9;2020;11;20;2;3;1;5;2;1;0;0;0;0;1;0;POINT (13.55524767 52.43834758)
7;2020;11;7;5;3;5;3;1;1;1;0;0;0;0;1;POINT (13.38774522 52.46037131)
10;2020;10;16;6;3;5;3;2;0;1;0;0;0;0;1;POINT (13.61141659 52.4779122)
9;2020;11;9;3;3;5;2;0;1;1;0;0;0;0;0;POINT (13.62507109 52.45381648)
1;2020;11;12;7;3;3;6;0;1;1;0;0;0;0;0;POINT (13.38331246 52.53064927)
4;2020;11;5;4;3;6;2;2;0;1;1;0;0;0;1;POINT (13.30963423 52.47626805)
11;2020;10;16;6;3;1;5;1;1;1;0;0;0;0;1;POINT (13.4780516 52.54754161)
1;2020;11;16;2;3;0;5;1;0;1;0;1;0;0;0;POINT (13.38518797 52.52885446)
9;2020;11;7;5;2;5;2;0;0;1;0;0;1;0;0;POINT (13.53515491 52.4323095)
9;2020;11;13;3;3;5;3;0;1;1;0;0;0;0;0;POINT (13.70660912 52.43408339)
2;2020;11;0;7;3;5;3;2;1;1;0;0;0;0;0;POINT (13.39539702 52.49775686)
5;2020;11;13;4;3;6;4;0;0;0;1;0;0;1;0;POINT (13.20048127 52.53868659)
12;2020;11;15;2;3;5;7;0;0;1;0;0;0;1;0;POINT (13.33270642 52.57760047)
10;2020;11;16;5;3;5;3;1;0;1;0;0;0;0;0;POINT (13.53075603 52.51969579)
2;2020;10;16;6;3;0;2;1;1;0;0;0;0;1;1;POINT (13.38609801 52.48736477)
9;2020;11;10;2;3;0;3;0;1;1;0;0;0;0;1;POINT (13.48894716 52.46436998)
7;2020;11;15;1;3;5;7;0;0;1;0;1;0;0;0;POINT (13.35754757 52.41311376)
7;2020;11;16;4;3;5;3;2;1;1;0;0;0;0;0;POINT (13.32448499 52.46586298)
9;2020;11;13;2;3;4;7;0;0;1;0;1;0;0;0;POINT (13.56019889 52.47034715)
9;2020;11;19;5;3;0;3;2;0;1;0;1;0;0;0;POINT (13.57288204 52.47039069)
8;2020;10;14;6;3;1;5;0;1;1;0;0;0;0;1;POINT (13.42648307 52.48100635)
10;2020;11;7;3;3;5;3;0;0;1;0;0;0;0;0;POINT (13.56182235 52.53044625)
2;2020;11;15;1;3;3;6;0;1;1;0;0;0;0;0;POINT (13.42973424 52.50975555)
5;2020;11;13;6;3;0;7;0;0;1;0;0;0;0;0;POINT (13.22553864 52.55455873)
2;2020;11;20;4;3;6;7;2;1;0;1;0;0;0;0;POINT (13.44158236 52.50058852)
10;2020;11;9;1;3;0;1;0;0;0;0;1;0;0;1;POINT (13.57502747 52.56019044)
1;2020;11;18;5;3;5;3;2;1;1;0;0;0;0;0;POINT (13.36298478 52.54880852)
1;2020;11;6;3;3;2;6;2;0;1;0;0;0;0;0;POINT (13.34755682 52.54350628)
11;2020;11;21;1;2;5;5;2;0;1;0;1;0;0;1;POINT (13.51908909 52.49456237)
5;2020;11;13;7;3;5;2;0;0;1;0;0;0;0;0;POINT (13.21920676 52.53716982)
4;2020;11;13;6;3;6;7;0;0;1;1;0;0;0;0;POINT (13.27003538 52.51092733)
1;2020;11;10;4;3;0;5;0;1;1;0;0;0;0;1;POINT (13.33332289 52.54652702)
11;2020;11;16;2;3;3;5;1;0;1;0;0;0;0;0;POINT (13.50753855 52.56575688)
10;2020;11;15;5;3;5;3;0;0;1;0;0;0;0;0;POINT (13.64454862 52.52624293)
12;2020;10;15;6;3;0;2;0;1;1;0;0;0;0;1;POINT (13.36098418 52.57041324)
4;2020;11;8;2;2;5;2;0;1;1;0;0;0;0;0;POINT (13.31326594 52.50218133)
6;2020;11;15;1;3;0;6;0;1;0;0;0;1;0;0;POINT (13.25185621 52.42099483)
4;2020;11;11;6;3;0;2;0;0;1;0;1;0;0;1;POINT (13.31995632 52.46705554)
3;2020;11;14;4;2;6;6;0;0;1;1;0;0;0;0;POINT (13.46131697 52.52955461)
6;2020;11;18;1;3;2;6;2;0;1;0;0;0;0;0;POINT (13.30683911 52.42892662)
6;2020;11;15;1;3;5;3;0;0;1;0;0;0;0;0;POINT (13.3465424 52.41828446)
5;2020;11;13;5;3;0;6;0;0;1;0;0;0;1;0;POINT (13.19595936 52.5272513)
9;2020;11;10;2;3;5;3;0;1;1;0;0;0;0;0;POINT (13.57525307 52.45384059)
8;2020;11;0;6;3;0;7;2;0;0;0;0;0;1;0;POINT (13.42415872 52.48647954)
12;2020;11;16;4;3;5;2;1;0;1;0;1;0;0;0;POINT (13.31542523 52.57784057)
1;2020;11;14;1;3;6;7;0;1;0;1;0;0;0;0;POINT (13.38977684 52.55528545)
1;2020;11;17;1;3;5;3;2;1;1;0;0;0;0;0;POINT (13.38383428 52.55501384)
1;2020;11;15;5;3;2;6;0;0;1;0;0;0;0;0;POINT (13.38865002 52.53259029)
5;2020;11;10;2;3;2;2;0;0;1;0;0;0;0;0;POINT (13.20836981 52.56163202)
10;2020;10;15;6;3;9;6;0;0;1;0;0;0;0;1;POINT (13.53596124 52.54360549)
2;2020;11;9;7;3;5;3;0;1;1;0;0;0;0;0;POINT (13.38642246 52.49007462)
3;2020;11;12;6;2;5;3;0;1;1;0;0;0;0;0;POINT (13.44115365 52.54945547)
6;2020;10;15;6;2;9;1;0;0;1;0;0;0;0;1;POINT (13.24203842 52.42508349)
9;2020;11;22;3;3;5;2;2;1;0;0;0;0;0;0;POINT (13.52155643 52.46380077)
4;2020;11;9;2;3;0;1;0;1;0;0;0;0;0;1;POINT (13.29038863 52.48207061)
7;2020;11;12;5;3;5;3;0;0;1;0;0;1;0;0;POINT (13.36676498 52.44970282)
3;2020;10;15;6;3;5;3;0;0;1;0;0;0;1;1;POINT (13.47025285 52.5536469)
1;2020;11;18;2;3;2;2;2;1;1;0;0;0;0;0;POINT (13.33631442 52.51474243)
8;2020;11;7;5;3;5;3;0;1;1;0;0;0;0;0;POINT (13.42510517 52.45799306)
7;2020;11;18;3;3;5;2;1;1;1;0;0;0;0;0;POINT (13.32845512 52.46481668)
5;2020;11;14;1;3;1;5;0;1;1;0;0;0;0;0;POINT (13.14251245 52.45305861)
6;2020;11;12;1;3;6;4;0;1;0;1;0;0;0;0;POINT (13.25831314 52.43558356)
6;2020;11;18;4;3;2;6;2;0;1;0;0;0;0;0;POINT (13.3393911 52.44847355)
4;2020;11;14;2;3;5;3;0;0;1;0;0;0;0;0;POINT (13.28133677 52.50819896)
1;2020;11;0;6;3;5;2;2;1;1;0;0;0;0;0;POINT (13.41168066 52.5239631)
5;2020;10;13;6;3;4;2;0;0;1;0;0;0;0;1;POINT (13.18861801 52.55641923)
5;2020;11;12;3;2;6;7;0;0;0;1;0;0;1;0;POINT (13.25914959 52.54342669)
11;2020;11;10;6;3;6;4;0;0;1;1;0;0;0;0;POINT (13.49193895 52.56517103)
3;2020;10;20;6;3;2;6;2;0;1;0;0;0;0;1;POINT (13.43492804 52.542812)
3;2020;11;16;3;3;5;3;1;1;1;0;0;0;0;0;POINT (13.43054909 52.55119956)
7;2020;11;8;1;3;6;7;0;1;0;1;0;0;0;1;POINT (13.41109209 52.45660188)
3;2020;11;8;5;3;5;2;0;1;0;0;0;1;0;0;POINT (13.42999734 52.55141849)
2;2020;10;17;6;3;2;6;2;0;1;0;0;0;0;1;POINT (13.4546199 52.51582806)
7;2020;11;12;2;3;1;5;0;1;1;0;0;0;0;0;POINT (13.35399334 52.48724423)
8;2020;11;13;5;3;6;7;0;0;1;1;0;0;0;0;POINT (13.47498052 52.4082551)
1;2020;11;15;3;3;5;2;0;1;1;0;0;0;0;0;POINT (13.35114189 52.50963442)
6;2020;11;14;1;3;2;6;0;0;1;0;0;0;0;0;POINT (13.29420108 52.44524751)
12;2020;11;18;7;3;0;7;2;1;0;0;0;0;0;0;POINT (13.31222979 52.6186573)
7;2020;11;7;4;3;2;3;0;0;1;0;0;0;0;0;POINT (13.40144883 52.41466887)
1;2020;11;22;2;3;5;3;2;1;1;0;0;0;0;0;POINT (13.34340976 52.52623033)
6;2020;11;20;5;3;1;5;2;0;1;0;1;0;0;0;POINT (13.32260473 52.46481829)
8;2020;10;18;6;3;2;6;2;0;1;0;0;0;0;1;POINT (13.45518408 52.43025686)
4;2020;11;8;3;3;6;4;0;1;0;1;0;0;0;0;POINT (13.31173693 52.48102142)
11;2020;11;15;1;3;6;4;0;1;0;1;0;0;0;1;POINT (13.47885173 52.52646761)
6;2020;11;10;7;3;5;2;0;0;1;0;0;0;0;0;POINT (13.28404743 52.44567215)
8;2020;11;13;4;2;5;3;0;0;1;0;1;0;0;0;POINT (13.45193906 52.43829759)
11;2020;10;5;6;3;0;1;2;0;1;0;0;0;0;1;POINT (13.51596959 52.55184394)
2;2020;11;17;2;3;1;5;2;1;1;0;0;0;0;0;POINT (13.46078548 52.50880053)
2;2020;11;0;5;3;6;4;2;0;1;1;0;0;0;0;POINT (13.41937831 52.49916065)
4;2020;11;9;3;3;1;5;0;1;1;0;0;0;0;0;POINT (13.3052467 52.50994385)
6;2020;11;14;7;3;2;2;0;1;1;0;0;0;0;0;POINT (13.33507067 52.4642815)
3;2020;11;12;4;3;5;3;0;1;1;0;0;0;0;0;POINT (13.47572763 52.55031908)
11;2020;10;0;6;3;0;1;2;0;1;0;0;0;0;1;POINT (13.52680037 52.56928866)
3;2020;11;14;2;3;2;7;0;0;1;0;0;0;0;0;POINT (13.40129371 52.54660112)
5;2020;11;8;5;3;0;1;0;1;0;0;0;0;0;0;POINT (13.17628342 52.53972294)
2;2020;11;14;3;3;1;5;0;1;1;0;0;0;0;0;POINT (13.38053804 52.48971016)
7;2020;11;15;4;3;2;7;0;0;1;0;0;0;0;0;POINT (13.37965651 52.48113136)
9;2020;11;15;2;3;0;7;0;1;0;1;0;0;0;1;POINT (13.59353063 52.44346378)
6;2020;11;18;5;3;0;6;2;1;0;0;0;0;1;0;POINT (13.21837905 52.44085434)
4;2020;10;0;6;3;5;2;2;0;1;0;1;0;0;1;POINT (13.29844533 52.53507869)
8;2020;11;19;2;2;9;1;2;0;1;0;1;0;0;0;POINT (13.42668544 52.4568005)
2;2020;11;10;1;3;5;3;0;1;1;0;0;0;0;1;POINT (13.42470077 52.49737502)
2;2020;11;21;6;3;3;6;2;1;0;0;0;0;1;0;POINT (13.43719876 52.50024285)
2;2020;11;19;4;3;5;2;2;0;1;0;1;0;0;0;POINT (13.38404221 52.48498897)
5;2020;11;14;1;3;5;3;0;0;1;0;0;0;0;0;POINT (13.16539236 52.55118842)
11;2020;11;17;1;3;2;2;2;0;1;0;0;0;0;0;POINT (13.48960553 52.5120984)
3;2020;11;16;5;3;5;2;2;1;1;0;0;0;0;0;POINT (13.39112449 52.58376213)
6;2020;11;12;3;3;8;1;0;0;1;0;0;0;0;0;POINT (13.22817523 52.43906894)
9;2020;11;14;1;3;2;2;0;0;1;0;0;0;0;0;POINT (13.58621862 52.4408712)
8;2020;11;12;7;2;5;3;0;0;1;0;1;0;0;0;POINT (13.4488269 52.48503376)
10;2020;11;13;6;3;5;3;0;0;1;0;0;0;0;0;POINT (13.61645582 52.51928469)
3;2020;11;8;4;2;4;6;0;1;0;0;0;0;0;0;POINT (13.4684348 52.55798637)
1;2020;11;8;2;3;5;2;0;1;1;0;0;0;0;0;POINT (13.38313275 52.53060205)
10;2020;11;14;5;3;5;2;0;1;1;0;0;0;0;0;POINT (13.54012811 52.52566462)
5;2020;11;15;7;3;3;6;0;0;1;0;1;0;0;0;POINT (13.20411742 52.54038291)
10;2020;11;19;6;3;5;2;2;0;1;0;0;0;0;0;POINT (13.58379681 52.52426662)
8;2020;11;11;4;3;6;4;0;1;0;1;0;0;0;0;POINT (13.42755384 52.48112023)
12;2020;11;17;2;3;5;2;2;1;0;0;0;0;0;0;POINT (13.29180512 52.58035598)
10;2020;11;15;5;2;5;7;0;0;1;0;0;0;1;0;POINT (13.55044785 52.53353438)
7;2020;10;0;6;3;0;1;2;1;0;0;0;0;0;1;POINT (13.34349983 52.47209299)
9;2020;11;7;2;3;3;6;1;1;0;0;0;0;1;1;POINT (13.54610511 52.43718597)
8;2020;11;10;1;3;0;4;0;0;0;1;1;0;0;1;POINT (13.43851465 52.45216398)