bez;ujahr;umonat;ustunde;uwochentag;ukategorie;uart;utyp1;ulichtverh;istrad;istpkw;istfuss;istkrad;istgkfz;istsonstige;ustrzustand;geometry
5;2020;11;4;6;2;1;1;2;0;1;0;0;0;0;1;POINT (13.15989854 52.53324071)
7;2020;11;15;4;3;6;4;0;1;0;1;0;0;0;0;POINT (13.33999318 52.48338592)
10;2020;11;16;1;3;5;2;2;0;1;0;0;0;1;0;POINT (13.60704748 52.49011029)
9;2020;11;14;5;3;4;6;0;1;0;0;0;0;0;0;POINT (13.57461452 52.45308663)
11;2020;11;9;2;3;2;2;0;1;1;0;0;0;0;0;POINT (13.51147792 52.50433678)
9;2020;10;10;6;3;2;7;0;0;1;0;0;0;0;1;POINT (13.62500967 52.45333069)
4;2020;11;11;6;2;2;2;0;0;1;0;0;0;0;0;POINT (13.28096969 52.47683055)
5;2020;10;12;6;3;0;7;0;0;1;0;0;0;0;1;POINT (13.1513855 52.5328077)
1;2020;11;19;3;3;5;2;2;1;1;0;0;0;0;0;POINT (13.32837189 52.53293613)
11;2020;11;11;1;3;5;3;0;1;1;0;0;0;0;1;POINT (13.50920747 52.49139041)
4;2020;11;10;5;3;5;2;0;1;1;0;0;0;0;1;POINT (13.31209148 52.51557918)
5;2020;10;12;6;3;4;6;0;1;0;0;0;0;1;1;POINT (13.19615554 52.53731223)
8;2020;11;12;2;3;5;3;0;1;1;0;0;0;0;0;POINT (13.48820269 52.41926367)
10;2020;11;22;5;2;5;2;2;1;1;0;0;0;0;0;POINT (13.60351929 52.54410964)
11;2020;11;19;3;3;2;2;2;0;1;0;1;0;0;0;POINT (13.49303585 52.50097775)
10;2020;11;13;1;3;5;3;0;0;1;0;0;0;0;1;POINT (13.55086305 52.52342067)
4;2020;11;9;1;3;3;2;0;0;1;0;1;0;0;0;POINT (13.27285124 52.50879842)
4;2020;10;11;6;3;1;7;0;0;1;0;0;0;1;1;POINT (13.28212643 52.47769621)
12;2020;11;9;2;3;5;3;0;0;1;0;0;0;0;0;POINT (13.36456043 52.5626953)
7;2020;11;12;6;3;6;4;0;0;1;1;0;0;0;0;POINT (13.34804171 52.50065851)
12;2020;11;14;4;2;5;2;0;0;1;0;1;0;0;0;POINT (13.33431041 52.58970383)
4;2020;11;14;1;3;2;2;0;0;0;0;1;0;1;0;POINT (13.28032503 52.51853525)
9;2020;11;8;4;3;0;7;0;1;0;0;0;0;0;0;POINT (13.57470992 52.39795843)
5;2020;11;9;2;3;6;2;0;0;1;1;0;0;0;0;POINT (13.15780235 52.53315654)
1;2020;11;10;6;3;0;6;0;0;1;0;0;0;1;0;POINT (13.36935397 52.52632246)
4;2020;10;12;6;3;3;2;0;0;1;0;1;0;0;1;POINT (13.27993657 52.50615941)
7;2020;11;15;3;3;4;6;0;0;1;0;0;0;0;0;POINT (13.35986667 52.45444868)
9;2020;11;6;1;3;0;7;2;1;1;0;0;0;0;1;POINT (13.56766528 52.44500779)
12;2020;11;8;5;3;0;2;0;0;1;0;0;0;1;0;POINT (13.33045435 52.56257311)
3;2020;10;12;6;3;5;7;0;0;1;0;0;0;0;1;POINT (13.41712155 52.5498638)
5;2020;11;12;2;3;6;7;0;0;1;1;0;0;0;0;POINT (13.19242873 52.5566832)
9;2020;11;12;5;3;0;2;0;0;1;0;1;0;0;0;POINT (13.58735465 52.43905266)
2;2020;11;14;3;3;2;6;0;1;0;0;0;0;0;0;POINT (13.44271166 52.52498324)
7;2020;11;7;4;3;6;4;1;0;1;1;0;0;0;0;POINT (13.40633967 52.4043977)
1;2020;11;13;2;3;5;7;0;1;1;0;0;0;0;0;POINT (13.35702034 52.51965127)
3;2020;11;14;5;3;5;3;0;1;1;0;0;0;0;0;POINT (13.47921409 52.61944576)
2;2020;10;13;6;2;5;3;0;1;0;0;0;0;0;1;POINT (13.43804294 52.52029657)
2;2020;11;16;4;2;5;2;2;1;0;0;0;0;0;0;POINT (13.4333158 52.52309726)
9;2020;11;14;2;3;1;5;0;1;1;0;0;0;0;0;POINT (13.70769752 52.43531774)
6;2020;11;18;5;3;5;3;1;0;1;0;0;0;0;0;POINT (13.32315542 52.46462111)
1;2020;10;13;6;3;0;1;0;1;0;0;0;0;0;1;POINT (13.39901035 52.53242608)
1;2020;11;9;3;2;2;6;0;0;1;0;0;0;0;0;POINT (13.3853997 52.53250779)
5;2020;11;22;7;3;2;6;2;0;1;0;1;0;0;0;POINT (13.18257105 52.51247505)
7;2020;11;10;4;3;5;3;0;0;0;0;0;0;1;0;POINT (13.40670039 52.45643507)
12;2020;10;14;6;3;0;7;0;0;1;0;1;0;0;1;POINT (13.30807265 52.57321517)
11;2020;11;15;2;3;5;2;1;1;1;0;0;0;0;0;POINT (13.52475974 52.49528656)
5;2020;11;7;5;3;5;3;0;0;1;0;0;0;0;1;POINT (13.16514518 52.53344254)
5;2020;11;13;3;3;3;6;0;0;1;0;1;0;0;0;POINT (13.24861807 52.53820364)
7;2020;11;13;1;3;5;3;0;1;1;0;0;0;0;1;POINT (13.37963974 52.45156808)
8;2020;11;0;7;3;1;5;2;0;1;0;0;0;0;0;POINT (13.42021562 52.41287025)
1;2020;11;13;4;3;0;2;0;1;0;0;1;0;0;0;POINT (13.34908855 52.52335233)
3;2020;11;15;2;3;2;2;0;0;1;0;0;0;0;0;POINT (13.46535514 52.56717002)
9;2020;11;15;5;2;5;3;0;0;1;0;1;0;0;0;POINT (13.57962028 52.41847077)
6;2020;10;10;6;3;5;3;0;0;1;0;0;0;0;1;POINT (13.33480735 52.42096254)
12;2020;11;10;2;3;0;1;0;0;0;0;1;0;0;0;POINT (13.30148264 52.5805209)
3;2020;11;10;1;3;2;6;0;0;1;0;0;1;0;1;POINT (13.4591077 52.59343271)
4;2020;11;7;6;3;1;5;0;0;0;0;0;1;1;1;POINT (13.29814719 52.53495259)
1;2020;11;18;4;3;6;6;2;1;0;1;0;0;0;0;POINT (13.38809192 52.52132283)
6;2020;11;17;1;3;5;2;1;1;1;0;0;0;0;0;POINT (13.22394966 52.42969706)
3;2020;11;7;3;3;5;3;0;1;1;0;0;0;0;0;POINT (13.41843783 52.55355051)
2;2020;11;10;1;3;2;6;0;0;1;0;0;0;1;1;POINT (13.37665965 52.48801242)
1;2020;11;23;6;3;1;5;2;1;1;0;0;0;0;0;POINT (13.36707768 52.55217556)
4;2020;11;15;4;3;1;5;0;0;1;0;0;0;0;0;POINT (13.28887543 52.49927916)
11;2020;11;2;1;3;4;6;2;0;1;0;0;0;0;0;POINT (13.52287549 52.47635881)
1;2020;11;18;5;3;2;3;2;1;1;0;0;0;0;0;POINT (13.40114142 52.51132644)
10;2020;11;11;3;3;6;4;0;0;1;1;0;0;0;0;POINT (13.581978 52.51422262)
1;2020;11;14;7;3;5;2;0;1;1;0;0;0;0;0;POINT (13.3842378 52.50991836)
11;2020;11;15;6;3;5;3;0;0;1;0;0;0;0;1;POINT (13.5302348 52.48663043)
5;2020;11;15;4;2;0;7;1;1;0;0;0;0;0;1;POINT (13.1671068 52.51915202)
2;2020;11;16;2;3;5;2;2;1;0;0;0;0;1;0;POINT (13.43206575 52.50571461)
8;2020;11;8;5;3;6;4;0;1;0;1;0;0;0;0;POINT (13.47080707 52.42293677)
4;2020;10;10;6;3;5;3;0;0;1;0;0;0;0;1;POINT (13.30930482 52.49197868)
9;2020;11;8;2;3;5;3;0;1;1;0;0;0;0;1;POINT (13.51198967 52.47070359)
12;2020;11;4;1;3;5;3;2;0;1;0;0;0;0;1;POINT (13.37786102 52.56361249)
1;2020;11;11;6;3;5;3;0;1;1;0;0;0;0;1;POINT (13.33918927 52.53275801)
10;2020;11;14;4;3;5;2;0;0;1;0;1;0;0;0;POINT (13.52868816 52.52373309)
7;2020;11;15;1;3;6;4;1;1;0;1;0;0;0;0;POINT (13.38787026 52.45906963)
4;2020;11;0;5;2;0;1;2;1;0;0;0;0;0;1;POINT (13.2231803 52.50052604)
12;2020;11;11;2;3;5;3;0;0;1;0;0;0;0;0;POINT (13.32765547 52.56407631)
10;2020;11;10;6;3;5;2;0;0;1;0;0;0;1;0;POINT (13.60979827 52.53299106)
7;2020;10;10;6;2;6;2;0;0;1;1;0;0;0;1;POINT (13.35944088 52.45671124)
2;2020;11;16;3;3;8;1;1;0;1;0;0;0;0;0;POINT (13.38367665 52.50333822)
12;2020;11;9;1;3;5;2;0;1;1;0;0;0;0;1;POINT (13.28303382 52.59421146)
5;2020;11;15;5;3;0;1;0;0;0;0;0;0;1;0;POINT (13.18217601 52.53409635)
8;2020;11;8;2;3;2;6;0;1;1;0;0;0;0;0;POINT (13.43274672 52.48529845)
12;2020;10;10;6;3;5;2;0;1;1;0;0;0;0;1;POINT (13.30411822 52.62213275)
12;2020;11;12;7;3;5;3;0;0;1;0;0;0;0;0;POINT (13.35508694 52.59663813)
9;2020;11;13;6;2;6;4;0;1;0;1;0;0;0;0;POINT (13.57957824 52.45904318)
1;2020;10;9;6;3;6;4;0;0;1;1;0;0;0;1;POINT (13.42564366 52.52345723)
5;2020;11;12;4;3;5;3;0;0;1;0;0;0;0;0;POINT (13.17886877 52.54094986)
6;2020;11;7;2;3;2;7;0;1;1;0;0;0;0;0;POINT (13.32084362 52.45714731)
7;2020;11;13;5;3;6;4;0;1;0;1;0;0;0;0;POINT (13.32863428 52.47661426)
1;2020;10;11;6;3;0;1;0;0;0;0;1;0;0;1;POINT (13.377395 52.51456955)
2;2020;11;9;2;3;1;5;0;1;1;0;0;0;0;0;POINT (13.41889996 52.48763926)
2;2020;11;13;6;3;6;4;0;0;1;1;0;0;0;0;POINT (13.44618997 52.52108536)
2;2020;11;16;4;3;3;6;1;1;0;0;0;0;1;0;POINT (13.41914199 52.50106723)
1;2020;11;13;1;3;2;7;0;0;0;0;1;0;1;0;POINT (13.38697464 52.53320468)
4;2020;11;18;4;3;2;6;2;0;1;0;1;0;0;0;POINT (13.29622389 52.49251143)
2;2020;11;9;2;3;2;6;0;1;0;1;0;0;0;0;POINT (13.43832428 52.50024911)
12;2020;11;8;6;3;5;3;0;0;1;0;0;0;1;0;POINT (13.37403549 52.56760865)
2;2020;10;11;6;3;1;5;0;1;1;0;0;0;0;1;POINT (13.45593899 52.50995815)
5;2020;11;13;3;2;1;5;0;0;1;0;0;0;1;0;POINT (13.17590908 52.54795463)
1;2020;11;2;5;3;9;1;2;0;0;0;0;0;1;0;POINT (13.39447012 52.52458597)
7;2020;10;12;6;3;5;2;0;0;1;0;0;0;0;1;POINT (13.37620095 52.40925635)
5;2020;11;14;2;3;2;2;0;0;1;0;0;0;0;0;POINT (13.21596851 52.52691474)
1;2020;11;9;5;3;5;2;0;1;1;0;0;0;0;0;POINT (13.36034106 52.53724347)
11;2020;10;0;6;2;9;1;2;0;1;0;0;0;0;1;POINT (13.54576535 52.56791513)
12;2020;11;12;2;3;6;2;0;0;0;1;0;0;1;0;POINT (13.28552397 52.58770262)
10;2020;11;13;5;3;5;3;0;0;1;0;0;0;0;0;POINT (13.61383201 52.51639699)
6;2020;11;16;3;3;5;3;2;0;1;0;0;0;0;0;POINT (13.33267059 52.44025765)
3;2020;11;0;7;3;9;1;2;0;1;0;0;0;0;0;POINT (13.46944007 52.55366685)
7;2020;11;16;4;2;0;6;1;0;1;0;1;0;0;0;POINT (13.35750746 52.47644782)
5;2020;11;22;2;3;5;3;2;1;1;0;0;0;0;0;POINT (13.18983449 52.53691651)
2;2020;11;21;5;3;5;2;2;1;1;0;0;0;0;0;POINT (13.39302919 52.4892165)
7;2020;10;0;6;3;1;5;2;0;1;0;0;0;0;1;POINT (13.35321537 52.41669955)
1;2020;11;9;3;3;2;6;0;0;1;0;0;0;0;0;POINT (13.387036 52.55964753)
9;2020;11;11;7;3;2;2;0;1;1;0;0;0;0;0;POINT (13.5627536 52.44618384)
2;2020;11;14;4;3;5;2;0;1;1;0;0;0;0;0;POINT (13.42277777 52.49905241)
4;2020;10;14;5;3;5;3;0;1;1;0;0;0;0;1;POINT (13.31503076 52.50089247)
12;2020;11;15;2;3;5;3;0;0;1;0;0;0;0;0;POINT (13.32376196 52.59849594)
1;2020;11;7;5;3;5;2;1;1;1;0;0;0;0;1;POINT (13.36899146 52.5296292)
2;2020;11;7;3;3;5;3;0;1;1;0;0;0;0;0;POINT (13.44946978 52.50781437)
7;2020;11;19;6;3;0;2;0;1;1;0;0;0;0;0;POINT (13.32824536 52.46612449)
4;2020;11;12;4;3;0;2;0;1;1;0;0;0;0;0;POINT (13.28047694 52.47742959)
10;2020;11;15;2;3;5;3;0;1;1;0;0;0;0;1;POINT (13.57408698 52.53172171)
5;2020;11;8;5;3;1;5;0;0;1;0;0;0;0;0;POINT (13.17446529 52.52628758)
9;2020;11;14;3;2;5;2;0;1;1;0;0;0;0;0;POINT (13.55879631 52.44675266)
3;2020;11;15;4;3;6;4;0;0;1;1;0;0;0;0;POINT (13.42888337 52.58504086)
7;2020;11;16;2;3;3;1;0;0;1;0;1;0;0;1;POINT (13.38533866 52.48430213)
12;2020;11;19;5;2;1;7;2;0;1;0;0;0;0;0;POINT (13.35241814 52.58083105)
2;2020;10;16;5;3;2;6;0;1;1;0;0;0;0;1;POINT (13.45794925 52.52067832)
9;2020;11;7;3;3;8;1;0;0;1;0;0;0;0;0;POINT (13.50203902 52.44269276)
6;2020;11;6;1;2;5;2;2;0;1;0;0;0;1;1;POINT (13.31862628 52.45416933)
12;2020;11;12;6;3;5;3;0;0;1;0;0;0;0;1;POINT (13.31870693 52.57401427)
1;2020;11;20;4;2;1;5;2;0;1;0;0;0;0;0;POINT (13.39658186 52.5595569)
3;2020;11;12;1;3;1;5;0;1;1;0;0;0;0;1;POINT (13.42388845 52.53032201)
2;2020;11;17;1;3;6;4;2;0;1;1;0;0;0;0;POINT (13.40986628 52.50389827)
6;2020;11;17;5;3;6;7;2;0;1;1;0;0;0;0;POINT (13.32953827 52.46404599)
1;2020;11;10;3;2;0;1;0;1;0;0;0;0;0;0;POINT (13.38728024 52.52614246)
2;2020;11;12;1;3;2;6;0;0;1;0;0;0;0;1;POINT (13.42967373 52.51035816)
8;2020;11;13;7;3;1;5;0;1;1;0;0;0;0;0;POINT (13.4474425 52.47572113)
11;2020;11;13;6;3;5;2;0;1;1;0;0;0;0;0;POINT (13.54015559 52.56528373)
7;2020;11;9;4;3;2;6;0;0;1;0;0;0;0;0;POINT (13.34879598 52.47037347)
7;2020;11;8;2;2;5;2;0;1;1;0;0;0;0;0;POINT (13.3570515 52.49889272)
12;2020;11;14;5;3;5;2;0;1;0;0;0;0;1;0;POINT (13.30408018 52.62216582)
9;2020;10;9;5;2;5;7;0;0;1;0;0;0;1;1;POINT (13.6253828 52.45627599)
4;2020;11;8;2;3;0;6;0;0;1;0;1;0;0;0;POINT (13.32261889 52.48612339)
9;2020;11;11;6;3;5;2;0;1;1;0;0;0;0;0;POINT (13.57562295 52.42378513)
4;2020;11;14;4;2;5;2;0;0;1;0;1;0;0;0;POINT (13.31947042 52.49225348)
2;2020;12;17;2;3;6;4;2;1;0;1;0;0;0;0;POINT (13.43787521 52.49393264)
9;2020;11;20;5;3;0;7;2;0;1;0;0;0;1;1;POINT (13.52782753 52.41111525)
1;2020;11;3;2;3;2;6;2;0;1;0;0;0;0;0;POINT (13.41513615 52.52707102)
1;2020;11;9;2;3;0;3;0;1;0;0;0;0;1;0;POINT (13.40325311 52.51676615)
2;2020;11;22;4;3;5;2;2;1;0;0;0;0;1;1;POINT (13.43192824 52.49740061)
7;2020;11;8;1;3;2;6;0;0;1;0;0;0;0;0;POINT (13.39863898 52.44337744)
11;2020;11;10;5;1;5;2;0;1;0;0;0;1;0;0;POINT (13.4993166 52.51896737)
10;2020;11;17;3;3;5;3;2;1;1;0;0;0;0;0;POINT (13.57658588 52.49343992)
7;2020;11;13;6;3;2;6;0;0;1;0;0;0;1;0;POINT (13.36028279 52.45634673)
11;2020;11;16;5;3;5;3;0;1;1;0;0;0;0;0;POINT (13.52272767 52.56514751)
2;2020;11;12;2;3;0;1;0;1;0;0;0;0;0;0;POINT (13.3888401 52.49951416)
6;2020;11;17;5;3;5;2;2;1;1;0;0;0;0;0;POINT (13.35884638 52.43713804)
3;2020;11;17;1;3;5;2;2;0;1;0;0;0;0;0;POINT (13.4423773 52.63695807)
2;2020;11;9;5;3;0;5;0;1;1;0;0;0;0;1;POINT (13.44503076 52.52000286)
4;2020;11;17;5;3;5;2;2;0;1;0;1;0;0;0;POINT (13.28661937 52.53516673)
8;2020;12;13;2;3;1;5;0;1;0;0;0;0;1;0;POINT (13.43677515 52.46699934)
11;2020;11;15;5;2;6;4;0;0;1;1;0;0;0;1;POINT (13.49140957 52.54353819)
11;2020;11;5;1;2;6;7;2;0;1;1;0;0;0;1;POINT (13.50007114 52.56156667)
10;2020;11;11;4;2;6;4;0;0;1;1;0;0;0;1;POINT (13.55988799 52.53759746)
4;2020;11;11;7;3;5;3;0;0;1;0;0;0;0;0;POINT (13.31046955 52.51598391)
2;2020;11;20;5;3;2;6;2;1;1;0;0;0;0;0;POINT (13.44494483 52.49951028)
3;2020;11;13;3;2;5;3;0;0;1;0;0;0;0;0;POINT (13.40819844 52.56362563)
2;2020;11;14;5;3;2;7;0;1;1;0;0;0;0;0;POINT (13.39432157 52.48653226)
1;2020;12;17;3;3;5;3;2;1;1;0;0;0;0;0;POINT (13.41771556 52.51385144)
4;2020;11;14;3;3;6;7;0;0;1;1;0;0;0;0;POINT (13.29074403 52.47527709)
11;2020;11;16;6;3;5;3;1;1;1;0;0;0;0;0;POINT (13.49650607 52.5339782)
4;2020;11;14;5;2;2;6;0;0;1;0;0;0;0;0;POINT (13.30517643 52.49957444)
5;2020;11;13;5;3;3;6;0;0;1;0;0;0;0;0;POINT (13.17706555 52.52515295)
2;2020;11;18;1;3;5;2;2;1;1;0;0;0;0;0;POINT (13.40664405 52.49832726)
12;2020;11;6;5;3;5;2;2;0;1;0;0;0;1;1;POINT (13.35110198 52.56759431)
6;2020;11;13;5;3;2;6;0;0;1;0;0;0;0;0;POINT (13.28588347 52.45292822)
1;2020;12;10;2;3;2;6;0;0;1;0;1;0;0;0;POINT (13.38428072 52.55607043)
4;2020;11;12;5;3;1;5;0;0;1;0;0;0;0;0;POINT (13.26096769 52.50972877)
1;2020;11;8;1;3;0;1;1;1;0;0;0;0;0;0;POINT (13.35199455 52.50824647)
3;2020;11;10;4;3;6;4;0;0;1;1;0;0;0;0;POINT (13.43934277 52.55216604)
4;2020;11;4;7;3;0;1;2;0;1;0;0;0;1;1;POINT (13.26701582 52.51993334)
5;2020;11;11;5;3;2;6;0;0;1;0;0;0;0;0;POINT (13.23244089 52.53839413)
2;2020;11;11;3;3;0;1;0;0;0;0;1;0;0;0;POINT (13.45680608 52.50244509)
2;2020;11;10;4;3;5;2;0;1;1;0;0;0;0;0;POINT (13.43122552 52.49916773)
3;2020;11;15;4;3;0;1;0;1;0;0;0;0;0;1;POINT (13.42441075 52.55229626)
1;2020;11;8;1;3;5;3;0;1;0;0;0;0;1;0;POINT (13.37732588 52.5565841)
7;2020;11;16;2;3;3;6;1;1;1;0;0;0;0;0;POINT (13.3756184 52.45655292)
5;2020;11;14;5;2;6;4;0;0;1;1;0;0;0;0;POINT (13.13325015 52.46195893)
11;2020;11;11;1;3;6;4;0;1;0;1;0;0;0;0;POINT (13.48706792 52.50241939)
7;2020;11;22;4;3;5;2;2;0;1;0;0;0;0;1;POINT (13.36098307 52.49425769)
2;2020;11;13;1;3;5;2;0;1;1;0;0;0;0;0;POINT (13.37676766 52.48503307)
1;2020;11;12;4;3;5;2;0;0;1;0;0;0;0;1;POINT (13.41175633 52.52396553)
5;2020;11;12;1;3;0;5;0;0;1;0;1;0;0;0;POINT (13.2100435 52.54839218)
2;2020;11;14;5;2;0;1;0;1;0;0;0;0;0;0;POINT (13.44996641 52.50752281)
1;2020;11;0;1;3;6;4;2;0;1;1;0;0;0;0;POINT (13.36895585 52.5262009)
2;2020;11;8;4;3;0;1;0;1;0;0;0;0;0;1;POINT (13.39483706 52.49615426)
3;2020;11;12;1;3;5;3;0;1;1;0;0;0;0;0;POINT (13.44247042 52.55718276)
11;2020;11;9;3;3;2;6;0;0;1;0;0;0;0;1;POINT (13.51913763 52.51067561)
7;2020;11;4;6;3;1;5;2;0;1;0;0;0;1;1;POINT (13.3523011 52.41625923)
3;2020;11;7;4;3;5;2;0;1;1;0;0;0;0;0;POINT (13.43886336 52.555456)
9;2020;11;16;4;3;2;6;1;0;1;0;0;0;1;0;POINT (13.56967127 52.4444755)
3;2020;11;18;4;3;6;7;2;1;0;1;0;0;0;1;POINT (13.42750438 52.54587241)
9;2020;11;21;4;3;5;3;2;0;1;0;1;0;0;0;POINT (13.55821083 52.43483646)
1;2020;11;10;1;3;1;5;0;0;1;0;1;0;0;1;POINT (13.4048109 52.53550348)
1;2020;11;9;2;3;5;3;0;1;1;0;0;0;0;0;POINT (13.37773049 52.50783781)
12;2020;11;16;5;3;6;4;0;1;0;1;0;0;0;0;POINT (13.3227678 52.5653939)
7;2020;11;14;1;2;6;4;0;0;1;1;0;0;0;0;POINT (13.3765771 52.4534175)
1;2020;11;21;4;3;6;2;2;0;0;1;0;0;1;1;POINT (13.39117075 52.54472054)
2;2020;11;20;3;3;5;3;2;0;1;0;0;0;0;0;POINT (13.44333884 52.51196491)
5;2020;11;11;6;2;5;3;0;0;1;0;0;0;0;0;POINT (13.16114832 52.54846747)
4;2020;11;20;4;3;5;2;2;0;1;0;0;0;0;1;POINT (13.30058986 52.5171155)
1;2020;11;11;1;3;5;2;0;0;1;0;0;0;0;0;POINT (13.39137856 52.55518642)
11;2020;11;18;4;2;4;7;2;0;1;0;0;0;0;0;POINT (13.50378991 52.53445997)
9;2020;11;18;4;3;2;6;2;0;1;0;0;0;0;1;POINT (13.46399912 52.48192463)
9;2020;11;8;3;3;2;6;0;0;1;0;0;0;0;1;POINT (13.50870892 52.4521228)
4;2020;11;21;6;3;2;6;2;0;1;0;0;0;0;0;POINT (13.27356137 52.50885186)
5;2020;11;17;4;3;3;6;2;0;1;0;0;0;0;1;POINT (13.15958865 52.55233124)
4;2020;11;8;4;3;2;6;0;1;1;0;0;0;0;0;POINT (13.30127416 52.49899731)
8;2020;11;17;4;3;3;6;2;1;0;0;0;1;0;1;POINT (13.42872518 52.48656862)
3;2020;11;8;4;3;0;1;0;1;0;0;0;0;0;0;POINT (13.42716132 52.55216812)
7;2020;12;16;2;3;1;5;2;1;1;0;0;0;0;0;POINT (13.34100644 52.48543027)
10;2020;11;17;4;3;5;3;2;0;1;0;0;0;0;1;POINT (13.52189435 52.52594938)
3;2020;11;19;1;3;5;2;2;1;1;0;0;0;0;0;POINT (13.41315591 52.54768283)
3;2020;11;9;2;3;9;1;0;0;1;0;0;0;0;0;POINT (13.46846305 52.55387128)
6;2020;11;18;4;3;5;3;2;0;0;0;0;0;1;1;POINT (13.2630969 52.43916254)
11;2020;11;7;1;2;2;7;0;0;1;0;0;1;0;0;POINT (13.49221128 52.53407086)
1;2020;11;7;4;3;5;3;0;0;1;0;0;0;0;0;POINT (13.31927196 52.52840147)
2;2020;11;15;3;3;2;6;0;0;1;0;0;0;0;0;POINT (13.45246986 52.52759341)
5;2020;11;12;6;2;5;2;0;0;1;0;0;0;0;0;POINT (13.19686402 52.51309325)
12;2020;11;6;4;3;2;2;2;0;1;0;1;0;0;0;POINT (13.35269335 52.56437266)
7;2020;11;17;1;3;5;3;2;0;1;0;0;0;0;0;POINT (13.40314897 52.46342935)
8;2020;11;0;4;2;9;1;2;0;1;0;0;0;0;0;POINT (13.43514248 52.43693416)
5;2020;11;16;1;3;2;2;1;0;1;0;0;0;0;0;POINT (13.24757847 52.52452058)
5;2020;11;15;5;3;1;5;0;0;1;0;0;0;0;1;POINT (13.20177219 52.54114776)
3;2020;11;17;4;3;6;4;1;0;1;1;0;0;0;1;POINT (13.4229086 52.55850003)
12;2020;12;19;2;3;1;5;2;0;1;0;0;0;0;0;POINT (13.24509647 52.62140713)
3;2020;11;16;4;3;3;6;2;1;0;0;0;1;0;1;POINT (13.4365376 52.59265893)
5;2020;11;16;1;3;5;2;0;1;1;0;0;0;0;0;POINT (13.24785463 52.53826461)
3;2020;11;7;4;2;1;1;0;0;1;0;0;0;0;1;POINT (13.50481434 52.64354493)
5;2020;11;10;1;3;5;3;0;1;1;0;0;0;0;0;POINT (13.19830236 52.52104983)
1;2020;11;9;5;3;6;7;0;0;1;1;0;0;0;0;POINT (13.38355844 52.54146585)
5;2020;11;16;4;3;0;2;2;0;1;1;0;0;0;1;POINT (13.18449527 52.54763498)
4;2020;12;14;2;3;1;5;0;1;1;0;0;0;0;0;POINT (13.30721779 52.50101061)
5;2020;11;16;4;3;0;1;2;1;0;0;0;0;0;1;POINT (13.15346835 52.55343756)
12;2020;11;9;1;3;2;6;0;0;1;0;0;0;0;1;POINT (13.29442561 52.57614149)
1;2020;11;15;4;3;6;4;1;1;0;1;0;0;0;1;POINT (13.38439552 52.55087752)
2;2020;11;19;1;3;4;7;2;1;1;0;0;0;0;0;POINT (13.47253446 52.50850413)
5;2020;11;15;4;3;5;3;1;0;1;0;1;0;0;0;POINT (13.19842452 52.54281217)
5;2020;11;15;3;3;3;6;0;0;1;0;0;0;0;0;POINT (13.20110397 52.53917166)
4;2020;11;14;6;3;0;1;0;1;0;0;0;0;0;0;POINT (13.25442026 52.50662213)
7;2020;11;14;4;3;5;2;0;0;1;0;0;0;0;0;POINT (13.39537712 52.41315647)
8;2020;12;13;3;3;5;3;0;0;1;0;0;0;0;0;POINT (13.4594586 52.46720918)
6;2020;11;14;4;3;3;6;0;0;1;0;0;0;0;1;POINT (13.32467968 52.44880424)
8;2020;11;9;1;3;5;3;0;0;1;0;0;0;0;0;POINT (13.47948845 52.41038461)
9;2020;11;7;5;2;6;4;1;0;1;1;0;0;0;1;POINT (13.51941791 52.4541021)
5;2020;12;8;2;3;6;4;0;0;1;1;0;0;0;0;POINT (13.12956839 52.472529)
1;2020;11;8;4;3;1;5;0;1;1;0;0;0;0;1;POINT (13.4119576 52.51243572)
2;2020;11;16;1;3;1;5;1;1;1;0;0;0;0;1;POINT (13.40262876 52.49217912)
8;2020;11;15;3;3;6;6;0;0;0;1;0;0;1;0;POINT (13.47753853 52.43856322)
1;2020;11;16;7;3;0;5;2;0;1;0;1;0;0;0;POINT (13.38543447 52.55399096)
1;2020;11;9;4;3;6;2;0;0;0;1;0;0;1;0;POINT (13.39694473 52.51432844)
3;2020;11;9;7;3;5;3;0;0;1;0;0;0;0;1;POINT (13.40751425 52.55432351)
8;2020;11;10;4;3;0;7;0;0;1;1;0;0;0;0;POINT (13.43589097 52.46702433)
5;2020;11;12;3;3;5;7;0;0;1;0;0;0;1;1;POINT (13.26736081 52.53111545)
1;2020;11;12;4;2;0;4;0;1;0;1;0;0;0;0;POINT (13.4180596 52.52435455)
8;2020;12;8;3;3;5;3;0;0;1;0;0;0;1;0;POINT (13.47263471 52.46114172)
1;2020;11;12;4;3;0;3;0;0;1;0;1;0;0;1;POINT (13.34837392 52.54276495)
6;2020;11;9;1;3;6;4;0;1;0;1;0;0;0;0;POINT (13.29661529 52.44303612)