bez;ujahr;umonat;ustunde;uwochentag;ukategorie;uart;utyp1;ulichtverh;istrad;istpkw;istfuss;istkrad;istgkfz;istsonstige;ustrzustand;geometry
10;2020;11;16;5;3;5;3;2;1;1;0;0;0;0;0;POINT (13.59405298 52.54442535)
5;2020;11;11;1;3;2;6;0;0;1;0;0;0;0;0;POINT (13.12869256 52.52729429)
1;2020;11;10;4;3;0;1;0;0;0;0;1;0;0;1;POINT (13.39092079 52.53597751)
2;2020;11;9;1;3;5;3;0;1;0;0;0;0;0;0;POINT (13.43599387 52.49801696)
1;2020;11;8;3;2;0;1;0;1;0;0;0;0;0;0;POINT (13.40041434 52.53296388)
8;2020;11;12;6;3;0;5;0;1;1;0;0;0;0;0;POINT (13.4364924 52.48358895)
1;2020;11;13;4;3;0;7;0;1;0;0;0;0;0;0;POINT (13.34529288 52.50659698)
4;2020;11;19;3;3;5;2;2;1;1;0;0;0;0;0;POINT (13.30539684 52.49851497)
1;2020;11;7;3;3;2;2;1;1;1;0;0;0;0;0;POINT (13.35220221 52.5054565)
2;2020;12;17;2;2;7;7;2;0;0;0;1;0;0;0;POINT (13.43551709 52.49999901)
3;2020;11;6;3;2;5;2;2;0;1;0;0;0;0;1;POINT (13.39662895 52.59363245)
10;2020;11;13;1;3;6;4;0;0;1;1;0;0;0;0;POINT (13.59141535 52.53469184)
4;2020;11;15;2;3;5;3;0;0;1;0;0;0;0;0;POINT (13.2716436 52.51707791)
6;2020;11;18;5;3;6;4;2;0;1;1;0;0;0;0;POINT (13.32491419 52.46116532)
9;2020;11;15;3;3;5;2;0;1;1;0;0;0;0;0;POINT (13.59340602 52.45252451)
1;2020;11;11;3;3;5;3;0;1;1;0;0;0;0;0;POINT (13.42863371 52.50877489)
3;2020;11;8;1;3;4;6;0;0;1;0;0;0;1;0;POINT (13.40227884 52.56558992)
3;2020;11;8;2;3;3;6;0;1;0;0;0;0;0;0;POINT (13.41200108 52.53135216)
2;2020;11;20;5;3;5;2;2;1;1;0;0;0;0;0;POINT (13.38791666 52.49299591)
4;2020;11;15;1;2;0;7;1;1;0;0;0;0;0;0;POINT (13.27868796 52.47405006)
1;2020;11;13;3;3;3;6;0;0;1;0;1;0;0;0;POINT (13.35477796 52.51745526)
4;2020;11;12;3;3;2;3;0;1;1;0;0;0;0;0;POINT (13.30442399 52.51830221)
1;2020;11;17;6;3;5;3;2;0;1;0;0;0;1;1;POINT (13.39027034 52.50859219)
8;2020;11;12;3;3;5;3;0;0;1;0;0;0;0;0;POINT (13.48359867 52.4312228)
1;2020;11;10;3;3;6;7;0;0;1;1;0;0;0;0;POINT (13.35956258 52.54411417)
3;2020;11;12;3;2;1;5;0;0;1;0;0;0;0;1;POINT (13.47726385 52.56200477)
5;2020;11;12;3;3;3;6;0;1;1;0;0;0;0;0;POINT (13.20733902 52.53293557)
4;2020;11;11;3;3;6;7;0;1;0;1;0;0;0;0;POINT (13.2890556 52.51895075)
9;2020;12;15;2;2;6;7;0;0;0;1;0;0;1;0;POINT (13.52183632 52.40205488)
12;2020;11;11;3;2;4;6;0;0;1;0;0;0;1;1;POINT (13.32961206 52.56924249)
11;2020;11;8;1;3;5;2;0;1;1;0;0;0;0;0;POINT (13.47788274 52.51461365)
4;2020;11;15;2;3;6;4;0;0;1;1;0;0;0;0;POINT (13.33086438 52.48944185)
8;2020;11;16;4;3;5;7;2;0;1;0;0;0;0;1;POINT (13.45702627 52.45335791)
11;2020;11;7;1;3;2;6;0;0;1;0;0;0;0;0;POINT (13.525568 52.4941558)
1;2020;11;10;3;3;6;4;0;0;1;1;0;0;0;0;POINT (13.35284884 52.51621628)
2;2020;11;10;3;3;5;3;0;1;1;0;0;0;0;0;POINT (13.41247686 52.49195314)
8;2020;11;14;3;3;5;2;0;1;1;0;0;0;0;0;POINT (13.45582703 52.47380857)
12;2020;11;17;6;3;6;2;2;0;1;1;0;0;0;0;POINT (13.33431042 52.59897501)
4;2020;11;19;3;3;5;2;2;0;1;0;1;1;0;0;POINT (13.26289724 52.52108146)
10;2020;11;6;1;3;2;2;2;0;0;0;1;1;0;0;POINT (13.54165877 52.5257766)
5;2020;11;21;3;3;2;6;2;0;1;0;0;0;1;0;POINT (13.1989258 52.53286501)
5;2020;11;14;2;3;5;2;0;0;1;0;0;0;1;0;POINT (13.2042337 52.54064092)
2;2020;11;17;3;3;5;2;2;1;1;0;0;0;0;1;POINT (13.43029583 52.49929611)
4;2020;11;14;6;3;5;2;0;1;1;0;0;0;0;0;POINT (13.28828553 52.51306164)
1;2020;11;22;3;3;5;2;2;1;1;0;0;0;0;0;POINT (13.38090971 52.51636966)
3;2020;11;6;1;3;5;2;1;1;1;0;0;0;0;1;POINT (13.43376469 52.54957813)
1;2020;11;9;3;3;6;4;0;0;0;1;0;0;1;0;POINT (13.38880605 52.51716089)
4;2020;11;18;3;3;0;1;2;1;0;0;0;0;0;0;POINT (13.32048754 52.50585362)
3;2020;11;7;1;3;5;3;0;0;1;0;0;0;0;0;POINT (13.420279 52.56700443)
12;2020;11;12;5;3;0;6;0;0;1;0;1;0;0;1;POINT (13.31016707 52.61388174)
9;2020;11;8;3;3;0;1;0;0;0;0;1;0;0;1;POINT (13.54649015 52.41877632)
12;2020;12;13;2;3;5;3;0;1;1;0;0;0;0;0;POINT (13.29499959 52.63715157)
3;2020;11;18;3;3;6;7;2;1;0;1;0;0;0;0;POINT (13.44776919 52.53619844)
11;2020;11;0;1;3;9;1;2;0;1;0;0;0;0;1;POINT (13.51510789 52.53533161)
5;2020;11;12;4;3;2;6;0;0;1;0;0;0;0;1;POINT (13.22735682 52.53768271)
1;2020;11;10;1;3;2;6;0;1;1;0;0;0;0;0;POINT (13.37161761 52.53322385)
12;2020;11;17;3;3;6;2;2;0;1;1;0;0;0;0;POINT (13.33007542 52.56996322)
4;2020;11;19;2;3;6;2;2;0;0;1;0;0;1;0;POINT (13.30343465 52.47521583)
12;2020;11;13;3;2;6;2;0;0;0;1;0;0;1;0;POINT (13.28339738 52.58996132)
7;2020;11;8;3;2;5;3;0;0;1;0;1;0;0;0;POINT (13.34416677 52.46739933)
5;2020;12;12;3;2;5;2;0;0;1;0;0;0;0;0;POINT (13.22579595 52.55444005)
5;2020;11;7;3;3;5;3;0;0;1;0;0;1;0;0;POINT (13.12214668 52.45316126)
8;2020;11;20;7;3;5;3;2;0;1;0;0;0;0;1;POINT (13.44141142 52.48082448)
3;2020;11;0;5;2;5;3;2;0;1;0;0;0;0;1;POINT (13.44110381 52.54955279)
3;2020;11;7;3;3;5;3;0;1;1;0;0;0;0;1;POINT (13.39176374 52.56810915)
8;2020;11;17;7;3;5;3;2;0;1;0;0;0;0;0;POINT (13.49012574 52.41999011)
3;2020;11;8;5;2;5;3;1;0;1;0;1;0;0;1;POINT (13.43224372 52.5438666)
6;2020;11;17;3;3;5;3;2;1;1;0;0;0;0;0;POINT (13.27408207 52.43083213)
5;2020;12;13;2;3;5;7;0;1;1;0;0;0;0;0;POINT (13.26066871 52.54387824)
3;2020;11;16;3;3;5;2;2;0;1;0;0;0;0;0;POINT (13.46708936 52.55997854)
8;2020;11;17;7;3;5;2;2;1;1;0;0;0;0;1;POINT (13.42887105 52.48465072)
12;2020;11;7;4;2;6;2;2;0;1;1;0;0;0;0;POINT (13.34756711 52.5963494)
4;2020;11;22;7;3;2;6;2;0;1;0;0;0;0;0;POINT (13.32598838 52.50925916)
11;2020;11;15;3;3;1;5;0;1;1;0;0;0;0;0;POINT (13.49634669 52.54402569)
9;2020;11;18;2;3;5;3;2;0;1;0;0;0;0;0;POINT (13.52392584 52.42855345)
1;2020;11;12;3;3;1;5;0;0;1;0;0;1;0;0;POINT (13.40843064 52.52434883)
4;2020;11;15;3;3;5;3;0;0;1;0;0;0;0;0;POINT (13.31974414 52.50291451)
8;2020;11;14;3;3;1;5;0;1;1;0;0;0;0;0;POINT (13.45735827 52.46908554)
7;2020;11;20;7;3;1;5;2;0;1;0;0;0;0;1;POINT (13.34505491 52.49306998)
12;2020;11;8;2;2;5;3;0;0;1;0;1;0;0;1;POINT (13.29668518 52.6095876)
12;2020;11;15;5;3;4;6;0;1;1;0;0;0;0;0;POINT (13.36354623 52.56111502)
8;2020;11;10;1;3;3;6;0;1;1;0;0;0;0;0;POINT (13.4328379 52.46477784)
4;2020;11;19;2;1;3;6;2;1;1;0;0;0;0;1;POINT (13.30623586 52.52084908)
1;2020;11;20;7;3;6;2;2;0;1;1;0;0;0;1;POINT (13.36975967 52.55968982)
8;2020;11;8;3;3;2;6;0;0;1;0;0;0;0;1;POINT (13.42428555 52.48643809)
11;2020;11;17;6;3;2;6;2;0;1;0;0;0;0;0;POINT (13.45883325 52.52594082)
1;2020;11;17;2;3;4;6;2;1;0;0;0;0;0;1;POINT (13.37349966 52.55706219)
2;2020;11;18;1;3;1;5;2;1;1;0;0;0;0;1;POINT (13.39508329 52.49970748)
5;2020;11;13;2;3;6;7;0;0;0;1;0;0;1;0;POINT (13.20832647 52.5485261)
1;2020;11;15;7;3;3;6;0;0;1;0;0;0;0;0;POINT (13.36819141 52.52568349)
11;2020;11;10;3;3;2;6;0;0;1;0;0;0;0;0;POINT (13.49987003 52.53437572)
3;2020;11;14;7;3;5;2;0;1;1;0;0;0;0;0;POINT (13.42995959 52.55143349)
6;2020;11;17;2;3;2;2;2;0;1;0;0;0;1;1;POINT (13.28700616 52.41785096)
1;2020;11;23;2;3;1;1;2;0;1;0;0;0;0;1;POINT (13.39961938 52.50914115)
6;2020;11;19;2;3;5;2;2;1;1;0;0;0;0;1;POINT (13.31774631 52.4611532)
1;2020;11;17;7;3;5;2;2;1;1;0;0;0;0;1;POINT (13.41821181 52.51741853)
2;2020;11;14;2;3;0;6;0;0;1;0;0;0;1;0;POINT (13.41822284 52.49035453)
8;2020;11;20;5;3;0;3;2;0;0;0;0;0;1;0;POINT (13.42893449 52.48645738)
3;2020;11;14;1;3;5;3;0;0;1;0;1;0;0;0;POINT (13.37720554 52.59910082)
3;2020;11;18;2;3;1;5;2;0;1;0;1;0;0;1;POINT (13.42439063 52.55509908)
6;2020;11;17;2;3;2;6;2;0;1;0;0;0;0;0;POINT (13.29265536 52.44656238)
8;2020;11;22;3;2;8;1;2;0;1;0;0;0;0;0;POINT (13.48281544 52.42556005)
2;2020;11;2;6;2;1;5;2;1;1;0;0;0;0;0;POINT (13.45339858 52.50812615)
6;2020;11;18;2;3;2;6;2;0;1;0;0;0;0;1;POINT (13.31566004 52.43067544)
5;2020;11;14;2;3;9;1;0;0;1;0;0;0;0;0;POINT (13.16321064 52.54187825)
7;2020;11;18;2;3;0;1;2;0;0;0;1;0;0;1;POINT (13.35255676 52.49956934)
8;2020;11;16;2;3;0;2;2;0;1;0;1;0;0;1;POINT (13.41517801 52.42111426)
1;2020;11;16;2;3;6;2;2;0;1;1;0;0;0;1;POINT (13.34256464 52.52541497)
8;2020;12;14;2;2;5;3;0;0;1;0;0;0;0;0;POINT (13.44009746 52.48957409)
4;2020;11;16;2;3;6;2;2;0;1;1;0;0;0;1;POINT (13.28091977 52.48212383)
4;2020;11;16;2;3;5;3;2;0;1;0;0;0;0;1;POINT (13.28491659 52.46962711)
3;2020;11;16;2;3;5;2;0;1;1;0;0;0;0;1;POINT (13.39792196 52.56740182)
10;2020;11;15;2;3;0;6;0;0;1;0;1;0;0;1;POINT (13.53858069 52.52462423)
5;2020;12;16;2;3;5;3;2;0;1;0;0;0;0;0;POINT (13.20135823 52.54769674)
8;2020;11;14;2;3;5;3;0;0;1;0;0;0;1;1;POINT (13.46594023 52.42893589)
5;2020;11;16;7;2;5;3;2;0;1;0;0;0;0;1;POINT (13.12998093 52.46432827)
10;2020;11;7;2;3;5;2;0;1;1;0;0;0;0;0;POINT (13.55042184 52.54292336)
12;2020;11;21;4;3;0;5;2;1;1;0;0;0;0;0;POINT (13.27796814 52.57446928)
12;2020;11;7;1;2;5;3;0;1;0;0;1;0;0;0;POINT (13.3154598 52.61415138)
11;2020;11;13;2;3;0;1;0;0;0;0;1;0;0;1;POINT (13.48457928 52.53995654)
8;2020;11;17;3;3;6;2;2;0;1;1;0;0;0;0;POINT (13.43469618 52.44029312)
2;2020;11;0;6;3;0;7;2;0;0;0;0;0;1;0;POINT (13.3951387 52.49693039)
6;2020;11;13;2;3;0;7;0;0;0;0;1;0;0;1;POINT (13.32141894 52.46515298)
10;2020;11;15;7;3;6;7;1;0;1;1;0;0;0;0;POINT (13.54154743 52.54458975)
7;2020;11;8;2;3;2;6;0;0;1;0;0;0;1;0;POINT (13.35556282 52.4734859)
6;2020;11;15;7;3;5;3;0;1;1;0;0;0;0;0;POINT (13.30332976 52.43136567)
7;2020;11;16;5;3;5;2;2;0;1;0;0;0;0;0;POINT (13.4095861 52.38735118)
9;2020;11;12;2;3;5;3;0;1;1;0;0;0;0;1;POINT (13.595672 52.45311934)
10;2020;12;13;2;3;5;3;0;0;1;0;0;0;0;0;POINT (13.57588623 52.54602795)
2;2020;11;11;2;3;5;3;0;1;1;0;0;0;0;1;POINT (13.40427673 52.49976179)
3;2020;11;13;7;3;5;3;0;0;1;0;0;0;0;1;POINT (13.42310224 52.55116075)
2;2020;11;9;4;3;5;3;0;1;1;0;0;0;0;0;POINT (13.39935689 52.48888202)
6;2020;11;11;7;3;2;7;0;0;1;0;0;0;0;0;POINT (13.32683867 52.46336661)
10;2020;11;10;2;3;0;7;0;0;1;0;0;0;0;0;POINT (13.59449216 52.48604846)
10;2020;11;17;2;2;4;6;2;1;1;0;0;0;0;0;POINT (13.54535943 52.52585645)
6;2020;11;12;3;3;2;6;0;0;1;0;0;0;0;0;POINT (13.26798774 52.44541994)
7;2020;11;23;6;3;5;2;2;0;1;0;0;0;0;0;POINT (13.38385963 52.4558087)
6;2020;11;14;4;3;0;5;0;1;0;0;0;0;1;0;POINT (13.33321126 52.42993152)
3;2020;11;20;1;3;5;3;2;0;1;0;0;0;1;0;POINT (13.4413191 52.56855816)
8;2020;11;10;2;3;1;5;0;1;1;0;0;0;0;0;POINT (13.44813379 52.47812292)
4;2020;11;15;3;3;5;3;0;1;0;0;0;0;1;0;POINT (13.28523788 52.51287298)
1;2020;11;15;6;3;0;1;0;1;0;0;0;0;0;0;POINT (13.38038663 52.51837901)
1;2020;11;10;2;3;5;2;0;1;0;0;0;0;1;0;POINT (13.34253244 52.52420128)
5;2020;11;10;2;3;5;7;0;0;1;0;0;0;0;0;POINT (13.23160781 52.545245)
8;2020;11;20;6;2;0;1;2;0;1;0;1;0;0;0;POINT (13.44982222 52.44573643)
11;2020;11;8;5;3;5;2;0;1;1;0;0;0;0;0;POINT (13.46900717 52.53129584)
1;2020;11;8;2;3;5;2;0;1;1;0;0;0;0;0;POINT (13.32749998 52.52444115)
9;2020;12;16;2;3;2;6;2;0;1;0;0;0;0;0;POINT (13.55293354 52.4684797)
12;2020;11;8;2;3;5;3;0;1;1;0;0;0;0;0;POINT (13.37740937 52.57132176)
2;2020;11;20;6;3;0;6;2;0;1;0;1;0;0;0;POINT (13.43186288 52.51491417)
1;2020;11;8;3;3;7;7;0;1;0;0;0;0;0;0;POINT (13.42300188 52.50927706)
5;2020;11;18;7;2;5;2;2;0;1;0;1;0;0;0;POINT (13.18095826 52.5277819)
12;2020;11;7;2;3;5;2;0;0;1;0;0;0;0;0;POINT (13.28078567 52.59379083)
6;2020;11;16;2;3;5;2;1;1;1;0;0;0;0;1;POINT (13.24439571 52.42583655)
5;2020;11;7;2;3;5;3;0;0;1;0;1;0;0;1;POINT (13.20408779 52.53224936)
12;2020;11;16;6;3;5;2;1;1;1;0;0;0;0;0;POINT (13.33971428 52.58810779)
7;2020;11;6;2;3;5;3;1;0;0;0;0;1;1;1;POINT (13.37222401 52.45567535)
9;2020;12;11;3;3;0;3;0;0;1;0;0;0;1;0;POINT (13.55324769 52.43399007)
8;2020;11;18;1;3;1;5;2;1;1;0;0;0;0;0;POINT (13.43927876 52.48147968)
12;2020;11;14;6;3;1;5;0;1;1;0;0;0;0;0;POINT (13.29130484 52.57827811)
4;2020;11;17;5;3;2;6;2;0;1;0;1;0;0;0;POINT (13.32424184 52.47871423)
3;2020;11;11;1;2;5;2;0;1;1;0;0;0;0;0;POINT (13.43049892 52.55177053)
2;2020;11;13;1;3;5;3;0;1;1;0;0;0;0;0;POINT (13.43042467 52.49919601)
5;2020;11;13;6;3;0;3;0;0;1;0;0;0;1;0;POINT (13.18866472 52.53719618)
7;2020;11;9;3;3;2;6;0;0;1;0;0;0;0;0;POINT (13.40249351 52.44730051)
10;2020;11;12;6;3;5;3;0;0;1;0;0;0;0;0;POINT (13.59664363 52.52129342)
4;2020;11;10;1;3;1;5;0;1;1;0;0;0;0;1;POINT (13.32390651 52.51049669)
1;2020;11;12;2;3;2;2;0;0;1;0;0;0;0;0;POINT (13.33323262 52.56092894)
2;2020;11;14;1;3;1;5;0;1;0;0;0;0;1;0;POINT (13.41240438 52.48848308)
7;2020;11;18;1;3;5;3;2;1;0;0;0;0;1;1;POINT (13.3699647 52.42601726)
4;2020;11;16;1;3;0;1;2;0;0;0;1;0;0;1;POINT (13.31332104 52.5025691)
4;2020;11;11;6;3;6;4;0;0;1;1;0;0;0;0;POINT (13.30092541 52.53565873)
1;2020;11;13;2;3;5;2;0;1;1;0;0;0;0;0;POINT (13.37683002 52.50941648)
2;2020;11;18;5;3;0;3;2;0;1;0;1;0;0;0;POINT (13.3872452 52.48996252)
6;2020;11;14;1;3;5;3;0;1;1;0;0;0;0;0;POINT (13.24422454 52.43635669)
2;2020;11;16;1;3;4;2;1;1;1;0;0;0;0;0;POINT (13.46245544 52.51315904)
2;2020;11;17;3;3;5;2;2;1;1;0;0;0;0;0;POINT (13.43049076 52.51102151)
10;2020;11;7;2;2;5;3;2;1;1;0;0;0;0;0;POINT (13.61973158 52.53343832)
2;2020;11;12;5;3;2;6;0;1;1;0;0;0;1;0;POINT (13.41997685 52.49860168)
7;2020;11;15;1;3;2;6;1;1;1;0;0;0;0;0;POINT (13.33964727 52.48164606)
11;2020;11;15;1;3;5;2;0;1;0;0;0;0;1;0;POINT (13.49790003 52.48608354)
5;2020;11;8;3;3;5;3;0;1;1;0;0;0;0;0;POINT (13.24599229 52.52471288)
7;2020;11;21;6;3;0;3;2;0;1;0;0;0;0;0;POINT (13.3452025 52.48591202)
1;2020;11;23;1;2;0;1;2;1;0;0;0;0;0;1;POINT (13.40273067 52.54015835)
5;2020;11;15;1;3;2;6;0;0;1;0;0;0;0;0;POINT (13.19762839 52.53314814)
4;2020;11;14;1;3;5;2;0;0;1;0;0;0;1;0;POINT (13.32625114 52.5380082)
3;2020;11;14;1;3;5;3;0;1;1;0;0;0;0;0;POINT (13.42456496 52.60723685)
7;2020;12;16;2;2;1;5;2;1;1;0;0;0;0;0;POINT (13.38014528 52.4751216)
12;2020;11;12;1;3;5;7;0;0;1;0;0;0;0;1;POINT (13.29260847 52.58948049)
9;2020;11;11;6;3;6;2;0;0;1;1;0;0;0;0;POINT (13.50036346 52.44123711)
5;2020;11;6;2;3;6;2;2;0;1;1;0;0;0;0;POINT (13.21734903 52.53786271)
7;2020;11;17;4;3;5;3;2;0;1;0;0;0;0;1;POINT (13.39014538 52.39869541)
3;2020;11;7;1;3;5;3;0;1;0;0;0;0;1;0;POINT (13.49900722 52.63345436)
4;2020;11;12;1;3;2;6;0;0;1;0;0;0;0;0;POINT (13.32033254 52.47224411)
1;2020;11;15;3;3;5;2;0;0;1;0;1;0;0;0;POINT (13.34592334 52.54483512)
12;2020;11;12;6;3;2;7;0;0;1;0;0;0;0;0;POINT (13.28298668 52.58363828)
4;2020;11;12;1;3;5;2;0;1;1;0;0;0;0;0;POINT (13.33950048 52.50320039)
7;2020;11;12;1;3;4;2;0;0;1;0;0;0;1;0;POINT (13.38373817 52.44661936)
5;2020;11;17;5;1;6;4;2;0;1;1;0;0;0;0;POINT (13.21325658 52.56183689)
1;2020;11;13;5;3;5;3;0;0;1;0;0;0;0;0;POINT (13.39020965 52.50854844)
1;2020;11;11;1;3;0;2;0;1;1;0;0;0;0;1;POINT (13.34944384 52.54232518)
5;2020;11;10;6;2;4;6;0;0;1;0;0;0;0;0;POINT (13.17943404 52.50751448)
3;2020;11;11;1;3;2;6;0;0;1;0;0;0;0;0;POINT (13.45784105 52.52866036)
8;2020;11;17;5;3;5;3;2;1;1;0;0;0;0;0;POINT (13.44237352 52.47626754)
12;2020;11;7;1;3;0;2;0;1;1;0;0;0;0;1;POINT (13.28088453 52.59391237)
8;2020;11;7;1;3;6;2;1;0;0;1;0;0;1;1;POINT (13.45227253 52.47097976)
4;2020;11;18;5;3;2;3;2;0;1;0;0;0;0;0;POINT (13.30661491 52.51003507)
11;2020;11;12;5;3;5;3;0;0;1;0;0;0;0;0;POINT (13.50032335 52.50496253)
12;2020;11;7;1;3;2;2;1;0;1;0;0;0;0;1;POINT (13.31987481 52.60688863)
4;2020;12;14;2;3;5;2;0;0;1;0;1;0;0;0;POINT (13.29775137 52.49166469)
3;2020;11;7;1;2;0;3;2;0;1;0;1;0;0;1;POINT (13.40283035 52.60054663)
10;2020;11;9;5;2;5;2;0;1;1;0;0;0;0;0;POINT (13.5749913 52.57357826)
3;2020;11;14;4;3;0;3;0;1;1;0;0;0;0;1;POINT (13.40556425 52.54083699)
2;2020;11;18;1;3;5;3;1;1;1;0;0;0;0;0;POINT (13.43220476 52.49927913)
5;2020;11;6;1;3;5;3;2;0;1;0;1;0;1;1;POINT (13.20271289 52.52374593)
12;2020;11;13;3;2;6;4;0;0;0;1;0;1;0;0;POINT (13.36216934 52.56789788)
9;2020;11;9;1;3;4;7;0;1;0;0;0;0;0;1;POINT (13.56993054 52.44162692)
1;2020;12;17;3;3;6;7;2;0;1;1;0;0;0;0;POINT (13.34822089 52.54134283)
12;2020;11;9;1;3;5;3;0;0;1;0;0;0;0;0;POINT (13.33898923 52.60116476)
10;2020;11;11;5;2;6;2;0;0;1;1;0;0;0;0;POINT (13.5914929 52.54501341)
8;2020;11;7;5;3;6;2;2;0;1;1;0;0;0;1;POINT (13.43676025 52.42355017)
12;2020;11;6;1;3;0;6;2;1;1;0;0;0;0;1;POINT (13.22965461 52.62517349)
1;2020;11;9;1;3;0;1;0;0;0;0;1;0;0;1;POINT (13.3491264 52.52459361)
4;2020;11;7;5;3;5;7;1;1;1;0;0;0;0;0;POINT (13.27426897 52.51041719)
1;2020;11;8;3;3;5;3;0;0;1;0;0;0;0;0;POINT (13.39211356 52.50874674)
7;2020;12;19;2;2;1;5;2;0;1;0;0;0;0;0;POINT (13.39759211 52.44262644)
8;2020;11;9;1;3;2;6;0;0;1;0;1;0;0;1;POINT (13.43563436 52.48401224)
4;2020;11;9;5;3;5;3;0;1;1;0;0;0;0;1;POINT (13.28529918 52.52349687)
4;2020;11;7;4;3;5;3;2;1;1;0;0;0;0;0;POINT (13.29738819 52.51059732)
11;2020;11;1;7;3;6;4;2;0;1;1;0;0;0;1;POINT (13.49770053 52.51222056)
1;2020;11;8;1;3;1;5;0;1;1;0;0;0;0;1;POINT (13.400133 52.50961134)
9;2020;11;12;3;3;5;2;0;1;1;0;0;0;0;0;POINT (13.56168212 52.44469236)
3;2020;11;8;1;3;5;2;0;0;1;0;1;0;0;1;POINT (13.3766493 52.59844802)
5;2020;12;18;2;2;2;6;2;0;1;0;0;0;0;0;POINT (13.12182072 52.52878022)
6;2020;11;8;1;3;0;1;0;0;0;0;1;0;0;1;POINT (13.32116625 52.45149635)
3;2020;11;8;5;3;2;2;0;1;1;0;0;0;0;0;POINT (13.41099415 52.55374308)
1;2020;11;16;5;3;0;2;1;0;1;0;0;0;1;0;POINT (13.37702632 52.55653512)
12;2020;11;10;1;3;5;2;0;1;1;0;0;0;0;0;POINT (13.36227785 52.56792854)
1;2020;11;4;1;3;5;3;2;0;1;0;0;0;0;1;POINT (13.38418884 52.55565153)
12;2020;11;8;5;3;1;5;0;0;1;0;0;0;0;0;POINT (13.37055815 52.56997936)
1;2020;11;8;3;3;1;5;0;1;1;0;0;0;0;0;POINT (13.37945265 52.52363663)
5;2020;11;10;6;3;5;3;0;1;1;0;0;0;0;1;POINT (13.17711761 52.58508443)
1;2020;11;6;1;2;0;1;2;0;0;0;0;0;1;1;POINT (13.41680998 52.52384645)
2;2020;11;9;1;3;0;1;0;1;1;0;0;0;0;1;POINT (13.45624684 52.51330199)
10;2020;11;10;1;3;5;3;0;1;1;0;0;0;0;0;POINT (13.60067471 52.47640667)
3;2020;11;14;7;3;5;2;0;1;1;0;0;0;0;0;POINT (13.41287864 52.54676224)
1;2020;11;10;1;3;0;3;0;1;1;0;0;0;0;1;POINT (13.40433472 52.5331626)
4;2020;11;11;1;3;2;6;0;0;1;0;0;1;0;1;POINT (13.32233499 52.51316519)
6;2020;11;11;1;3;2;6;0;0;1;0;0;0;0;0;POINT (13.33903489 52.45608906)
4;2020;11;7;5;3;5;2;0;1;1;0;0;0;0;1;POINT (13.31995496 52.50588393)
3;2020;11;13;2;3;5;2;0;1;1;0;0;0;0;0;POINT (13.39435825 52.56494563)
5;2020;11;13;5;3;2;6;0;0;1;0;0;0;0;0;POINT (13.20774089 52.5387073)
5;2020;11;15;1;3;1;5;0;0;1;0;1;0;0;0;POINT (13.1768337 52.53568142)
4;2020;11;11;1;3;3;6;0;0;0;0;1;0;1;0;POINT (13.31687493 52.51406499)
1;2020;11;12;2;2;6;4;0;1;0;1;0;0;0;0;POINT (13.37664674 52.51010423)
4;2020;11;8;3;2;5;3;0;1;1;0;0;0;0;0;POINT (13.32260252 52.48556035)
9;2020;11;13;6;2;1;5;0;0;1;0;0;1;0;0;POINT (13.52759533 52.41076602)
1;2020;11;11;1;2;8;1;0;0;1;0;0;0;0;0;POINT (13.3678628 52.55697777)
4;2020;11;11;2;3;6;7;0;0;1;1;0;0;0;0;POINT (13.30786323 52.51709972)
7;2020;11;11;1;3;0;3;0;0;1;0;1;0;0;1;POINT (13.34754117 52.4861438)
2;2020;11;16;7;3;0;6;0;1;1;0;0;0;0;0;POINT (13.45504568 52.51013797)
11;2020;11;14;7;2;6;4;0;0;1;1;0;0;0;0;POINT (13.4946437 52.50387395)
9;2020;12;15;2;3;5;2;1;1;1;0;0;0;0;0;POINT (13.48974422 52.46787019)
2;2020;11;16;7;3;5;2;1;1;1;0;0;0;0;0;POINT (13.45876698 52.50643194)
11;2020;11;1;5;2;4;6;2;0;1;0;0;0;0;0;POINT (13.49997001 52.52952029)
2;2020;11;16;4;3;5;3;0;1;1;0;0;0;0;1;POINT (13.42998554 52.50350255)
5;2020;11;11;3;2;0;1;0;0;0;0;1;0;0;0;POINT (13.18632293 52.51762044)
11;2020;11;6;1;3;0;2;1;1;1;0;0;0;0;0;POINT (13.47996028 52.52661402)
3;2020;12;10;3;2;0;7;0;0;0;0;1;0;1;1;POINT (13.41641462 52.57083894)
11;2020;12;11;6;3;5;3;0;0;1;0;0;0;1;0;POINT (13.47934745 52.52304909)
1;2020;12;5;4;3;0;7;2;0;0;0;0;1;0;0;POINT (13.39231266 52.55507632)
1;2020;12;18;2;3;2;6;2;0;0;0;1;0;1;0;POINT (13.32750222 52.53568204)