bez;ujahr;umonat;ustunde;uwochentag;ukategorie;uart;utyp1;ulichtverh;istrad;istpkw;istfuss;istkrad;istgkfz;istsonstige;ustrzustand;geometry
9;2020;12;13;7;3;0;1;0;0;0;0;1;0;0;1;POINT (13.44684007 52.49154477)
5;2020;12;13;2;3;2;6;0;0;1;0;0;0;0;0;POINT (13.20845483 52.56235469)
4;2020;12;6;1;3;6;2;2;0;1;1;0;0;0;0;POINT (13.31952157 52.49208671)
6;2020;12;16;6;3;2;6;0;0;1;0;0;0;0;0;POINT (13.24782176 52.46771526)
3;2020;12;8;6;2;1;5;0;0;1;0;0;0;0;0;POINT (13.41577374 52.55989848)
9;2020;12;6;6;3;9;1;1;0;1;0;0;0;0;2;POINT (13.47801038 52.46177603)
7;2020;12;11;6;3;5;2;0;1;1;0;0;0;0;0;POINT (13.33081515 52.46741772)
11;2020;12;19;2;3;1;5;2;0;1;0;0;0;0;0;POINT (13.51514795 52.55259735)
1;2020;12;17;4;3;5;2;2;1;1;0;0;0;0;1;POINT (13.37934109 52.5402552)
9;2020;12;9;5;3;6;4;0;0;1;1;0;0;0;0;POINT (13.69290189 52.43894641)
3;2020;12;19;2;2;5;3;2;1;0;0;0;0;1;0;POINT (13.44587662 52.54463715)
1;2020;12;17;1;3;2;6;2;0;1;0;0;0;0;0;POINT (13.34929776 52.50317135)
2;2020;12;16;2;3;5;3;2;1;1;0;0;0;0;0;POINT (13.39279696 52.4921276)
6;2020;12;10;6;2;5;3;0;1;1;0;0;0;0;0;POINT (13.31712508 52.41413311)
10;2020;12;12;3;3;2;6;0;0;1;0;0;0;1;1;POINT (13.51899285 52.51609312)
1;2020;12;19;2;3;0;3;2;1;0;0;0;0;1;0;POINT (13.37741485 52.52216959)
4;2020;12;15;6;3;5;3;1;0;1;0;1;0;0;1;POINT (13.29574186 52.4811967)
8;2020;12;16;1;3;5;2;1;0;1;0;1;0;0;0;POINT (13.46524207 52.4645615)
3;2020;12;10;6;3;0;1;0;0;0;0;1;0;0;0;POINT (13.45675899 52.56781362)
2;2020;12;9;5;3;5;2;0;1;1;0;0;0;0;1;POINT (13.39777283 52.49530497)
4;2020;12;12;6;3;2;6;0;0;1;0;0;0;0;0;POINT (13.26233285 52.48006201)
2;2020;12;7;4;3;5;3;1;1;1;0;0;0;0;0;POINT (13.42869 52.5189154)
6;2020;12;9;5;3;5;2;0;1;1;0;0;0;0;1;POINT (13.27680581 52.42630113)
4;2020;12;16;6;3;2;6;1;0;1;0;0;0;1;0;POINT (13.3286242 52.50802926)
10;2020;12;10;6;2;3;6;0;0;1;0;0;0;0;1;POINT (13.54082139 52.54024652)
4;2020;12;14;4;3;6;2;0;0;0;1;0;0;1;0;POINT (13.3150868 52.51455037)
11;2020;12;19;4;3;3;6;2;1;0;0;0;0;1;0;POINT (13.53518815 52.57062249)
2;2020;12;20;2;3;5;2;2;1;0;0;0;0;1;0;POINT (13.38611267 52.48486973)
9;2020;12;6;1;3;5;2;1;1;1;0;0;0;0;1;POINT (13.58655123 52.44096833)
3;2020;12;15;2;3;5;3;0;1;1;0;0;0;0;0;POINT (13.46095353 52.56390824)
1;2020;12;14;6;3;5;3;0;0;1;0;0;0;0;0;POINT (13.37842723 52.55042768)
8;2020;12;10;3;3;6;4;0;0;1;1;0;0;0;1;POINT (13.42605717 52.4809413)
8;2020;12;21;2;3;5;3;2;0;1;0;0;0;1;0;POINT (13.47206553 52.46162583)
4;2020;12;9;6;3;0;1;0;1;0;0;0;0;0;1;POINT (13.29974521 52.49508314)
10;2020;12;11;1;3;6;4;0;1;0;1;0;0;0;1;POINT (13.60957439 52.53332821)
9;2020;12;13;6;3;5;3;0;1;0;0;0;0;0;0;POINT (13.56958907 52.4444883)
8;2020;12;19;5;3;5;2;2;1;1;0;0;0;0;0;POINT (13.4496053 52.47907276)
7;2020;12;9;6;3;0;1;0;0;0;0;1;0;0;2;POINT (13.3291079 52.47144723)
1;2020;12;8;3;3;0;1;1;1;0;0;0;0;0;1;POINT (13.39855031 52.53255359)
6;2020;12;11;4;2;5;2;0;1;0;0;0;1;0;0;POINT (13.31483653 52.41751055)
6;2020;12;7;1;2;0;5;2;1;1;0;0;0;0;0;POINT (13.33401273 52.44990601)
5;2020;12;11;1;3;2;6;0;0;1;0;0;0;0;0;POINT (13.20436496 52.53027998)
12;2020;12;12;2;2;6;2;0;0;1;1;0;0;0;0;POINT (13.32653152 52.60465522)
11;2020;12;6;2;3;0;3;2;0;0;0;1;0;1;1;POINT (13.51336525 52.56800571)
10;2020;12;12;6;3;0;1;0;1;0;0;0;0;0;2;POINT (13.5870581 52.51171518)
12;2020;12;18;3;3;3;6;2;0;1;0;0;0;0;1;POINT (13.28575263 52.59524869)
10;2020;12;12;1;3;2;7;0;0;1;0;0;0;1;0;POINT (13.51790729 52.53552598)
5;2020;12;13;6;3;1;5;0;1;1;0;0;0;0;0;POINT (13.18392417 52.54366957)
8;2020;12;18;4;3;6;4;2;0;1;1;0;0;0;0;POINT (13.42449743 52.48622622)
11;2020;12;17;1;3;5;2;2;1;1;0;0;0;0;0;POINT (13.48080827 52.49910081)
10;2020;12;12;1;3;2;2;0;0;1;0;0;0;0;1;POINT (13.53843175 52.52459493)
10;2020;12;12;2;2;5;3;0;0;1;0;0;0;0;0;POINT (13.57576589 52.49120313)
4;2020;12;12;6;3;5;7;0;0;1;0;1;0;0;0;POINT (13.31300447 52.52577219)
10;2020;12;7;3;3;2;6;2;0;1;0;0;0;0;1;POINT (13.53690057 52.54582088)
1;2020;12;22;1;3;5;3;2;1;1;0;0;0;0;1;POINT (13.4233168 52.52018631)
3;2020;12;18;6;3;0;1;2;1;0;0;0;0;0;0;POINT (13.43298616 52.59605327)
4;2020;12;7;1;3;2;6;0;0;1;0;0;0;0;0;POINT (13.28204272 52.53380779)
4;2020;12;12;6;3;1;5;0;1;1;0;0;0;0;0;POINT (13.32286996 52.50221198)
6;2020;12;14;5;3;1;7;0;0;1;0;0;0;0;0;POINT (13.26338306 52.4396661)
2;2020;12;20;5;3;2;6;2;1;0;0;0;0;1;0;POINT (13.43022042 52.51037883)
3;2020;12;14;3;3;5;3;0;0;1;0;0;0;0;0;POINT (13.42939465 52.57191114)
11;2020;12;10;4;3;5;2;0;0;1;0;0;0;0;0;POINT (13.470341 52.53998365)
11;2020;12;15;1;3;2;6;1;0;1;0;0;0;0;1;POINT (13.47567188 52.50140652)
6;2020;12;10;1;3;5;3;0;1;1;0;0;0;0;1;POINT (13.28607321 52.45300871)
8;2020;12;12;2;3;5;2;0;1;1;0;0;0;0;0;POINT (13.42550548 52.47978529)
8;2020;12;18;1;3;0;1;2;1;0;0;0;0;0;1;POINT (13.45975282 52.42441168)
6;2020;12;15;5;3;5;3;0;0;1;0;0;0;0;0;POINT (13.33210985 52.43683452)
8;2020;12;10;6;3;0;1;0;1;0;0;0;0;0;2;POINT (13.41178954 52.43847492)
12;2020;12;16;7;3;2;6;1;0;1;0;0;0;0;0;POINT (13.33994094 52.60068857)
7;2020;12;5;5;3;6;2;1;0;1;1;0;0;0;0;POINT (13.40208431 52.46334021)
3;2020;12;14;1;3;5;3;0;1;1;0;0;0;0;1;POINT (13.42334924 52.55617941)
1;2020;12;18;4;3;4;2;2;1;1;0;0;0;0;1;POINT (13.4087456 52.52297546)
10;2020;12;12;7;3;5;3;0;0;1;0;0;0;0;1;POINT (13.52191324 52.53572583)
2;2020;12;22;5;3;6;4;2;0;0;1;0;0;1;0;POINT (13.43411632 52.49963642)
2;2020;12;10;4;3;1;5;0;1;1;0;0;0;0;0;POINT (13.46523102 52.51736289)
5;2020;12;5;5;2;6;2;2;0;1;1;0;0;0;0;POINT (13.22585857 52.55448575)
10;2020;12;12;3;3;2;6;0;0;1;0;0;0;1;0;POINT (13.57039061 52.54302007)
4;2020;12;9;3;3;0;3;0;0;1;0;1;0;0;0;POINT (13.31976478 52.51716524)
9;2020;12;22;5;3;5;3;2;1;1;0;0;0;0;0;POINT (13.53092431 52.41563739)
1;2020;12;1;4;3;5;3;2;0;1;0;0;0;0;1;POINT (13.39210012 52.5095841)
10;2020;12;14;1;3;9;1;0;0;1;0;0;0;0;1;POINT (13.62215063 52.49090653)
3;2020;12;23;7;3;0;1;2;0;0;0;1;0;0;1;POINT (13.41738302 52.54680803)
2;2020;12;11;2;3;5;2;0;1;1;0;0;0;0;0;POINT (13.41933766 52.501339)
4;2020;12;20;1;3;1;5;2;1;1;0;0;0;0;0;POINT (13.29861415 52.50083388)
3;2020;12;7;5;3;2;2;0;0;1;0;0;0;0;0;POINT (13.4301095 52.58831954)
7;2020;12;17;5;2;5;3;2;0;1;0;1;0;0;0;POINT (13.33286245 52.46873468)
2;2020;12;20;6;3;1;5;2;1;1;0;0;0;0;0;POINT (13.41963697 52.49567188)
1;2020;12;16;5;3;0;3;2;0;0;0;0;0;1;0;POINT (13.37700194 52.55664241)
12;2020;12;7;1;3;2;2;1;0;1;0;0;0;1;0;POINT (13.28915878 52.5902545)
10;2020;12;16;4;3;2;6;0;0;1;0;0;0;0;0;POINT (13.6142689 52.53205725)
1;2020;12;11;5;3;0;6;0;0;1;0;0;0;1;0;POINT (13.38762065 52.56037659)
3;2020;12;7;1;3;5;2;0;1;1;0;0;0;0;1;POINT (13.43678548 52.52954731)
12;2020;12;16;1;3;5;2;2;1;1;0;0;0;0;1;POINT (13.33886672 52.58937333)
9;2020;12;16;2;3;1;5;2;1;1;0;0;0;0;0;POINT (13.54917088 52.43830719)
12;2020;12;12;5;3;0;1;0;0;0;0;1;0;0;1;POINT (13.33327792 52.57681399)
1;2020;12;11;3;3;5;2;0;1;1;0;0;0;0;1;POINT (13.36034106 52.53724347)
9;2020;12;7;1;3;5;3;0;0;1;0;0;0;0;1;POINT (13.53559245 52.43043349)
9;2020;12;12;6;3;1;5;0;0;1;0;0;0;1;0;POINT (13.57948926 52.45558452)
3;2020;12;8;5;3;5;2;0;1;1;0;0;0;0;0;POINT (13.41165455 52.55377155)
6;2020;12;12;1;3;5;2;0;1;1;0;0;0;0;1;POINT (13.3074533 52.43333931)
7;2020;12;15;2;3;2;6;1;0;1;0;0;0;0;1;POINT (13.38794325 52.4118858)
3;2020;12;19;2;3;2;2;2;0;1;0;0;0;0;0;POINT (13.49924755 52.6352753)
4;2020;12;9;5;3;2;2;0;0;1;0;0;0;0;0;POINT (13.33244718 52.50624138)
4;2020;12;12;3;3;5;2;0;1;1;0;0;0;0;0;POINT (13.32573939 52.48653938)
12;2020;12;11;1;3;5;7;0;1;1;0;0;0;0;0;POINT (13.33724197 52.59576593)
1;2020;12;13;7;3;0;6;0;1;0;0;0;0;0;0;POINT (13.41603267 52.51045006)
3;2020;12;17;1;3;5;3;2;0;1;0;0;0;0;0;POINT (13.44182651 52.55033888)
7;2020;12;9;5;3;1;5;0;1;1;0;0;0;0;0;POINT (13.36103602 52.49790041)
3;2020;12;11;5;3;5;2;0;0;1;0;0;0;0;0;POINT (13.45289593 52.53379937)
1;2020;12;14;6;3;5;3;0;1;1;0;0;0;0;0;POINT (13.38334566 52.5485822)
9;2020;12;8;5;2;2;6;0;0;1;0;0;0;1;0;POINT (13.56882966 52.45331555)
4;2020;12;13;4;3;1;5;0;1;1;0;0;0;0;0;POINT (13.29009861 52.47574968)
2;2020;12;4;4;3;9;1;2;0;1;0;0;0;0;0;POINT (13.40558973 52.48927226)
3;2020;12;11;1;3;5;3;0;0;1;0;0;0;0;0;POINT (13.46197636 52.55897673)
7;2020;12;15;1;2;6;2;0;0;1;1;0;0;0;1;POINT (13.34958094 52.48086066)
4;2020;12;14;2;3;5;3;0;1;1;0;0;0;0;0;POINT (13.31911473 52.49957391)
1;2020;12;7;5;3;2;2;0;0;1;0;0;0;0;0;POINT (13.32842574 52.53295879)
9;2020;12;7;3;3;5;3;0;1;1;0;0;0;0;1;POINT (13.53410962 52.40841793)
5;2020;12;7;1;3;6;2;2;0;1;1;0;0;0;1;POINT (13.22739874 52.52841328)
8;2020;12;20;6;3;1;5;2;1;1;0;0;0;0;0;POINT (13.43132628 52.48719706)
11;2020;12;10;1;3;6;7;0;0;1;1;0;0;0;1;POINT (13.49945427 52.56223243)
6;2020;12;7;5;3;6;4;0;0;1;1;0;0;0;0;POINT (13.31606936 52.44067187)
7;2020;12;17;5;2;6;4;2;1;0;1;0;0;0;1;POINT (13.34047213 52.49748284)
3;2020;12;7;6;3;6;2;2;0;1;1;0;0;0;1;POINT (13.40644535 52.56538152)
7;2020;12;15;1;2;5;3;1;1;1;0;0;0;0;0;POINT (13.37219363 52.45543957)
12;2020;12;2;5;3;5;3;2;0;1;0;0;0;1;0;POINT (13.31421336 52.57678088)
8;2020;12;7;5;3;5;3;1;0;1;0;1;0;0;1;POINT (13.43324137 52.42458242)
1;2020;12;11;6;3;2;2;0;0;1;0;0;0;0;0;POINT (13.33928524 52.52570997)
8;2020;12;6;3;3;2;1;2;1;1;0;0;0;0;0;POINT (13.43942343 52.48410803)
12;2020;12;16;4;3;3;2;2;1;1;0;0;0;0;0;POINT (13.32646749 52.60456917)
8;2020;12;10;1;3;1;5;0;1;1;0;0;0;0;1;POINT (13.44175767 52.47965889)
9;2020;12;11;1;3;2;6;0;0;1;0;0;1;0;1;POINT (13.52704437 52.42644635)
1;2020;12;12;2;3;5;5;0;0;1;0;0;0;0;0;POINT (13.34908634 52.52334685)
1;2020;12;15;5;3;0;1;1;1;0;0;0;0;0;1;POINT (13.39998087 52.53286323)
2;2020;12;21;3;3;6;4;2;0;0;1;0;0;1;0;POINT (13.41386069 52.50038258)
11;2020;12;10;1;3;3;6;0;1;1;0;0;0;0;0;POINT (13.4972562 52.539111)
12;2020;12;15;6;2;5;3;0;0;1;0;0;0;0;1;POINT (13.3461204 52.59157796)
8;2020;12;22;7;2;0;1;2;1;0;0;0;0;0;1;POINT (13.45552657 52.47956086)
10;2020;12;15;5;3;6;7;0;0;1;1;0;0;0;0;POINT (13.61507956 52.51068329)
2;2020;12;16;4;3;6;2;2;0;1;1;0;0;0;0;POINT (13.45115055 52.50853023)
7;2020;12;15;5;2;5;2;1;0;1;0;0;0;0;0;POINT (13.37163322 52.42359268)
4;2020;12;13;3;3;2;7;0;1;1;0;0;0;0;1;POINT (13.30038187 52.48054555)
8;2020;12;14;5;3;5;2;0;1;1;0;0;0;0;0;POINT (13.44204018 52.42500088)
6;2020;12;7;4;2;2;6;1;0;1;0;1;0;0;1;POINT (13.35683654 52.44872624)
7;2020;12;10;1;2;5;3;0;0;1;0;0;1;0;1;POINT (13.34745947 52.47053465)
4;2020;12;19;7;3;5;3;2;1;1;0;0;0;0;1;POINT (13.29702719 52.51180515)
12;2020;12;10;2;3;2;6;0;0;1;0;0;0;0;0;POINT (13.29663371 52.57719596)
9;2020;12;21;3;2;8;1;2;0;1;0;0;0;0;1;POINT (13.6533923 52.41687446)
4;2020;12;8;4;3;5;3;0;1;1;0;0;0;0;0;POINT (13.28362355 52.47830025)
8;2020;12;9;1;3;2;7;0;0;1;0;1;0;0;0;POINT (13.44172131 52.47882719)
1;2020;12;19;1;3;5;3;2;1;1;0;0;0;0;0;POINT (13.39195679 52.56392841)
6;2020;12;15;2;3;5;3;1;1;0;0;0;0;0;0;POINT (13.31069197 52.44177683)
2;2020;12;1;2;2;0;1;2;0;0;0;0;0;1;1;POINT (13.43413468 52.50059913)
3;2020;12;14;5;3;5;2;0;1;1;0;0;0;0;0;POINT (13.43449771 52.54961858)
1;2020;12;17;3;3;6;4;1;1;0;1;0;0;0;1;POINT (13.36375952 52.52472488)
12;2020;12;12;6;2;1;1;0;0;0;0;1;0;1;0;POINT (13.35160442 52.61686358)
1;2020;12;19;7;3;2;6;2;0;1;0;0;0;1;0;POINT (13.35626611 52.55247741)
5;2020;12;12;5;3;5;2;0;0;1;0;0;0;0;0;POINT (13.15774515 52.53354504)
1;2020;12;9;4;3;5;2;0;1;1;0;0;0;0;0;POINT (13.3451677 52.53912239)
2;2020;12;15;3;3;2;7;0;1;1;0;0;0;1;1;POINT (13.43723549 52.49328429)
7;2020;12;14;5;3;6;4;0;0;0;1;0;0;1;0;POINT (13.33122242 52.46976997)
10;2020;12;17;2;2;5;3;2;0;1;0;1;0;0;1;POINT (13.55268788 52.52318311)
1;2020;12;12;5;3;2;6;0;0;1;0;0;0;0;0;POINT (13.37741627 52.55626636)
6;2020;12;15;4;3;0;1;1;1;0;0;0;0;0;0;POINT (13.24798932 52.44861461)
8;2020;12;9;1;3;6;7;0;0;0;1;0;0;1;0;POINT (13.46930512 52.46318364)
1;2020;12;17;7;3;6;2;2;0;1;1;0;0;0;0;POINT (13.38642927 52.54938786)
4;2020;12;6;2;3;2;6;2;0;1;0;0;0;0;1;POINT (13.3172103 52.491482)
4;2020;12;18;1;3;2;6;2;0;1;0;0;0;0;0;POINT (13.30941615 52.49412046)
6;2020;12;21;5;2;0;1;2;0;0;0;1;0;0;0;POINT (13.31204275 52.430457)
10;2020;12;16;5;3;5;3;2;0;1;0;0;0;0;0;POINT (13.56936689 52.5689171)
12;2020;12;14;3;3;6;2;0;0;1;1;0;0;0;1;POINT (13.28484877 52.58856241)
1;2020;12;16;6;3;1;6;2;0;1;0;0;0;0;0;POINT (13.41323288 52.50848316)
2;2020;12;20;5;3;6;2;2;0;1;1;0;0;0;0;POINT (13.39821234 52.50699451)
10;2020;12;10;1;3;2;6;0;0;1;0;0;0;0;1;POINT (13.56974983 52.54571491)
9;2020;12;19;5;3;5;2;2;0;1;0;0;0;0;0;POINT (13.5266538 52.42644867)
6;2020;12;8;6;3;5;2;0;1;1;0;0;0;0;2;POINT (13.25992107 52.42925998)
11;2020;12;14;3;3;1;7;0;0;1;1;0;0;0;1;POINT (13.50045781 52.50924386)
4;2020;12;13;6;3;5;3;0;0;1;0;0;0;0;0;POINT (13.28684044 52.49583666)
5;2020;12;19;5;3;2;6;2;0;1;0;0;0;0;0;POINT (13.22908676 52.53807729)
3;2020;12;8;1;3;3;6;1;1;1;0;0;0;0;1;POINT (13.43631955 52.54825638)
5;2020;12;17;4;3;2;6;2;0;1;0;1;0;0;1;POINT (13.2086148 52.55296217)
1;2020;12;9;5;3;0;1;0;1;0;0;0;0;0;0;POINT (13.40824181 52.51183702)
1;2020;12;8;1;3;5;3;0;1;1;0;0;0;0;1;POINT (13.3627582 52.52275425)
6;2020;12;17;1;3;2;2;2;0;1;0;0;0;0;1;POINT (13.32757051 52.44017692)
7;2020;12;17;2;2;5;2;2;1;0;0;0;1;0;0;POINT (13.40975836 52.38723344)
4;2020;12;19;5;3;6;2;2;0;1;1;0;0;0;0;POINT (13.33501321 52.4980938)
1;2020;12;14;3;3;4;6;0;0;1;0;1;0;0;1;POINT (13.39757457 52.53249836)
1;2020;12;19;1;3;5;7;2;0;1;0;0;0;1;0;POINT (13.36284861 52.54656445)
9;2020;12;15;6;3;5;3;0;0;1;0;0;0;0;0;POINT (13.56007867 52.40508198)
11;2020;12;13;1;2;1;1;0;0;1;1;0;0;1;0;POINT (13.46583752 52.52631705)
2;2020;12;19;5;3;1;5;2;1;1;0;0;0;0;0;POINT (13.45528798 52.51363296)
4;2020;12;10;5;3;0;3;0;0;1;0;0;0;1;1;POINT (13.29920865 52.52386561)
9;2020;12;7;3;3;6;4;2;0;1;1;0;0;0;1;POINT (13.61839658 52.4554746)
4;2020;12;13;6;3;6;4;0;0;1;1;0;0;0;0;POINT (13.29627054 52.51936421)
8;2020;12;13;4;3;5;2;0;1;1;0;0;0;0;0;POINT (13.43664452 52.47989777)
11;2020;12;21;4;2;5;3;2;0;1;0;0;0;0;0;POINT (13.51420848 52.53529282)
3;2020;12;18;1;3;2;6;2;0;1;0;0;0;0;0;POINT (13.40771841 52.55426843)
10;2020;12;13;1;3;2;6;0;0;1;0;0;0;1;0;POINT (13.57128308 52.5461435)
5;2020;12;13;2;3;1;5;0;1;0;0;0;0;1;0;POINT (13.20353201 52.56338601)
6;2020;12;14;4;3;5;2;0;0;1;0;0;0;0;0;POINT (13.2507353 52.43505917)
2;2020;12;12;5;3;5;7;0;0;1;0;0;0;0;0;POINT (13.40484978 52.50304683)
1;2020;12;17;1;3;3;6;2;0;1;0;0;0;0;1;POINT (13.38326526 52.55611156)
8;2020;12;16;1;3;5;3;2;0;1;0;0;0;0;1;POINT (13.43246026 52.46578012)
12;2020;12;15;2;2;6;7;1;0;1;1;0;0;0;0;POINT (13.35588389 52.5985031)
7;2020;12;18;5;3;2;6;2;0;1;0;0;0;0;0;POINT (13.37357963 52.46895614)
1;2020;12;11;3;3;2;6;0;0;1;0;0;0;0;1;POINT (13.34982533 52.54236524)
1;2020;12;17;1;3;0;2;2;0;0;1;0;0;1;0;POINT (13.35906241 52.54655278)
1;2020;12;11;6;3;2;6;0;0;1;0;0;0;0;1;POINT (13.31717825 52.53086754)
12;2020;12;11;1;3;5;2;0;1;1;0;0;0;0;0;POINT (13.30298146 52.58068623)
4;2020;12;9;4;3;9;7;0;0;1;0;0;0;0;0;POINT (13.2827991 52.51864159)
7;2020;12;21;5;3;2;2;2;0;1;0;0;0;0;0;POINT (13.40670229 52.39851238)
4;2020;12;18;2;2;6;4;2;0;0;1;0;0;1;0;POINT (13.32025625 52.50164767)
9;2020;12;10;6;3;5;2;0;1;1;0;0;0;0;1;POINT (13.47378207 52.47494868)
7;2020;12;8;3;3;5;3;0;0;1;0;0;0;0;0;POINT (13.41080052 52.44471502)
5;2020;12;14;4;3;5;3;0;1;1;0;0;0;0;1;POINT (13.20768471 52.55576419)
2;2020;12;17;1;3;0;3;2;1;0;0;0;0;0;1;POINT (13.45712634 52.51299839)
5;2020;12;11;1;3;5;3;0;1;1;0;0;0;0;1;POINT (13.1221904 52.47318469)
8;2020;12;16;2;3;3;6;1;1;1;0;0;0;0;0;POINT (13.42866136 52.48673702)
12;2020;12;7;2;3;5;2;0;0;1;0;0;1;0;0;POINT (13.31541508 52.57792777)
4;2020;12;18;4;3;0;7;2;0;0;0;1;0;1;0;POINT (13.30706748 52.50007263)
7;2020;12;19;3;3;5;3;2;0;1;0;0;0;0;1;POINT (13.33902164 52.49222057)
1;2020;12;14;1;3;5;2;0;0;1;0;0;0;0;1;POINT (13.41554899 52.52707728)
2;2020;12;13;6;2;6;2;0;0;1;1;0;0;0;0;POINT (13.3963126 52.49134605)
7;2020;12;13;7;3;6;7;0;0;1;1;0;0;0;1;POINT (13.40187264 52.38668397)
5;2020;12;16;4;3;2;6;2;0;1;0;0;0;0;0;POINT (13.19055095 52.54637045)
2;2020;12;17;4;3;1;5;2;1;1;0;0;0;0;1;POINT (13.39061203 52.50617045)
1;2020;12;10;4;3;6;7;0;1;0;0;0;0;1;0;POINT (13.37597435 52.55638286)
9;2020;12;7;3;3;6;2;2;0;0;1;0;0;1;1;POINT (13.5384837 52.43455129)
4;2020;12;22;7;3;2;6;2;0;1;0;1;0;0;1;POINT (13.33780937 52.50380487)
7;2020;12;18;6;3;1;1;2;0;1;0;0;0;1;1;POINT (13.35521577 52.41527077)
12;2020;12;14;1;3;0;6;0;0;1;0;0;0;1;0;POINT (13.32595884 52.56172818)
2;2020;12;22;4;2;0;7;2;1;0;0;0;0;0;0;POINT (13.44657761 52.50272507)
7;2020;12;14;5;3;3;7;0;0;1;0;0;0;1;1;POINT (13.39838527 52.41953921)
6;2020;12;11;5;3;2;6;0;0;1;0;0;1;0;0;POINT (13.2819758 52.43261274)
8;2020;12;18;3;3;1;5;2;1;1;0;0;0;0;0;POINT (13.43957887 52.48188169)
1;2020;12;19;4;3;0;3;2;0;1;0;1;0;0;0;POINT (13.41558296 52.52670508)
11;2020;12;21;7;3;5;3;2;0;1;0;0;0;0;1;POINT (13.48134317 52.50664652)
12;2020;12;10;1;3;1;5;0;1;1;0;0;0;0;1;POINT (13.34806968 52.61539322)
1;2020;12;6;2;3;5;3;2;1;1;0;0;0;0;1;POINT (13.38789709 52.52340934)
1;2020;12;13;1;3;5;3;0;1;0;0;0;0;1;0;POINT (13.40084232 52.52686314)
9;2020;12;22;4;3;0;1;2;0;0;0;1;0;0;0;POINT (13.54295986 52.45757274)
2;2020;12;12;6;3;2;6;0;0;1;0;0;0;0;0;POINT (13.45888998 52.50129715)
6;2020;12;18;2;3;2;6;2;0;1;0;0;0;0;0;POINT (13.33129523 52.45336555)
7;2020;12;15;7;3;5;2;1;0;1;0;0;0;0;0;POINT (13.40400511 52.46346801)
2;2020;12;21;4;3;5;3;2;0;1;0;0;0;0;0;POINT (13.39941683 52.49828755)
5;2020;12;18;4;3;6;4;2;0;0;1;0;0;1;1;POINT (13.15467957 52.53190284)
3;2020;12;15;2;3;5;3;0;0;1;0;1;0;0;0;POINT (13.43157439 52.5507971)
9;2020;12;12;5;3;5;3;0;0;1;0;0;0;1;0;POINT (13.49786408 52.43371521)
11;2020;12;21;2;3;1;7;2;0;1;0;0;0;0;1;POINT (13.50363422 52.51207628)
8;2020;12;19;4;2;5;2;2;0;1;0;1;0;0;0;POINT (13.47072704 52.43546457)
11;2020;12;15;5;3;5;7;2;1;1;0;0;0;0;0;POINT (13.49775556 52.50917921)
7;2020;12;10;3;3;0;1;0;1;0;0;0;0;0;1;POINT (13.38930531 52.43928731)
5;2020;12;13;3;3;5;3;0;1;1;0;0;0;0;0;POINT (13.17794618 52.54874685)
4;2020;12;9;4;3;0;1;0;0;1;0;1;0;0;0;POINT (13.30213171 52.51695609)
3;2020;12;5;4;2;5;2;2;0;1;0;1;0;0;0;POINT (13.38018259 52.57495226)
8;2020;12;14;7;3;5;3;0;0;1;0;0;0;0;0;POINT (13.48134362 52.4256126)
11;2020;12;4;7;3;1;5;2;0;1;0;0;0;1;1;POINT (13.502973 52.50820275)
9;2020;12;16;2;3;5;2;2;1;1;0;0;0;0;0;POINT (13.49739394 52.45812546)
3;2020;12;5;1;3;5;3;2;0;1;0;0;0;1;1;POINT (13.44741181 52.54848154)
8;2020;12;19;4;3;1;5;2;1;1;0;0;0;0;0;POINT (13.44262172 52.47052404)
8;2020;12;2;6;3;1;5;2;0;1;0;0;0;1;1;POINT (13.44018578 52.46740271)
1;2020;12;20;6;3;5;2;2;1;1;0;0;0;0;0;POINT (13.35115678 52.51521269)
4;2020;12;18;4;3;5;3;2;0;1;0;0;0;0;0;POINT (13.31509784 52.50100805)
12;2020;12;16;7;3;1;5;1;0;1;0;0;0;0;0;POINT (13.28722279 52.62750611)
1;2020;12;16;4;2;6;4;1;0;1;1;0;0;0;1;POINT (13.3838591 52.529923)
3;2020;12;10;5;3;6;2;0;0;1;1;0;0;0;0;POINT (13.40396279 52.551311)
7;2020;12;15;7;3;6;2;0;0;1;1;0;0;0;0;POINT (13.37825344 52.46625506)
1;2020;12;17;1;3;1;5;2;0;1;0;0;0;1;1;POINT (13.39282781 52.55500132)
12;2020;12;16;2;3;0;5;2;0;1;0;0;0;1;0;POINT (13.31568149 52.62241098)
6;2020;12;17;4;2;6;4;2;0;1;1;0;0;0;0;POINT (13.34293842 52.44730787)
11;2020;12;12;3;3;2;6;0;0;1;0;0;0;0;1;POINT (13.47120303 52.50529304)
4;2020;12;14;7;3;0;6;0;0;1;0;0;0;1;0;POINT (13.33860586 52.50525572)