bez;ujahr;umonat;ustunde;uwochentag;ukategorie;uart;utyp1;ulichtverh;istrad;istpkw;istfuss;istkrad;istgkfz;istsonstige;ustrzustand;geometry
10;2020;12;9;6;3;0;1;0;0;0;0;1;0;0;2;POINT (13.55325851 52.56837163)
7;2020;12;12;1;3;5;2;0;1;0;0;0;0;1;1;POINT (13.34842997 52.45891993)
5;2020;12;16;4;3;5;3;1;1;1;0;0;0;0;0;POINT (13.21010244 52.56683483)
11;2020;12;8;5;3;2;6;0;0;1;0;0;0;1;1;POINT (13.51175671 52.53857469)
7;2020;12;14;2;3;2;6;0;0;1;0;0;0;0;0;POINT (13.34513577 52.48181232)
10;2020;12;16;4;3;6;2;0;0;1;1;0;0;0;0;POINT (13.58793734 52.52068391)
10;2020;12;14;7;3;2;6;0;0;1;0;0;0;0;0;POINT (13.56817147 52.57366103)
2;2020;12;13;7;3;6;7;0;0;0;1;0;0;1;0;POINT (13.39706543 52.49567114)
2;2020;12;13;1;3;5;3;0;0;1;0;1;0;0;0;POINT (13.43008374 52.50346175)
2;2020;12;15;4;2;1;5;1;1;1;0;0;0;0;0;POINT (13.39102453 52.48950507)
2;2020;12;12;5;2;3;6;0;1;0;0;0;0;1;1;POINT (13.44137022 52.51301243)
4;2020;12;15;6;3;6;7;1;0;0;1;0;0;1;0;POINT (13.31961948 52.50154981)
3;2020;12;14;4;3;2;6;0;1;1;0;0;0;0;0;POINT (13.41611142 52.56071612)
5;2020;12;14;4;3;6;7;0;0;0;1;0;0;1;0;POINT (13.16491262 52.55045245)
9;2020;12;15;4;3;6;4;0;0;1;1;0;0;0;0;POINT (13.52347401 52.46286336)
12;2020;12;12;7;3;5;3;0;0;1;0;0;0;0;1;POINT (13.28302134 52.59420841)
6;2020;12;15;1;3;2;6;1;0;1;0;0;0;0;1;POINT (13.26543073 52.4322016)
4;2020;12;14;2;3;5;2;1;1;1;0;0;0;0;0;POINT (13.32376889 52.49465429)
4;2020;12;14;4;3;6;4;0;0;1;1;0;0;0;0;POINT (13.32902388 52.50539097)
2;2020;12;10;3;3;0;1;0;1;0;0;0;0;0;1;POINT (13.37371683 52.48793037)
11;2020;12;12;7;3;5;2;0;1;0;0;0;0;1;0;POINT (13.47328143 52.53616808)
1;2020;12;10;6;3;5;2;0;0;1;0;0;0;0;1;POINT (13.3741553 52.55651063)
9;2020;12;15;1;3;5;2;1;1;1;0;0;0;0;0;POINT (13.55064593 52.42919872)
12;2020;12;13;4;3;6;7;0;0;1;1;0;0;0;0;POINT (13.30613233 52.61769035)
6;2020;12;18;5;3;3;6;2;0;1;0;0;0;0;0;POINT (13.3259625 52.42793162)
7;2020;12;8;6;3;0;1;0;0;0;0;1;0;0;2;POINT (13.37980241 52.44522774)
6;2020;12;7;3;3;5;3;1;0;1;0;0;0;0;1;POINT (13.35204567 52.4184292)
12;2020;12;10;4;3;5;3;0;1;0;0;0;0;1;0;POINT (13.32617565 52.59171011)
5;2020;12;9;7;2;6;2;0;0;1;1;0;0;0;0;POINT (13.20947355 52.56542864)
11;2020;12;11;1;3;2;6;0;0;1;0;0;0;0;1;POINT (13.5262791 52.49340834)
3;2020;12;12;6;3;2;7;0;0;1;0;0;0;0;0;POINT (13.37456438 52.58301744)
2;2020;12;11;3;3;5;7;0;0;1;0;0;0;0;0;POINT (13.39488863 52.50376065)
4;2020;12;17;4;3;0;7;2;1;1;0;0;0;0;0;POINT (13.28366715 52.50625629)
12;2020;12;9;7;3;5;3;0;0;1;0;0;0;0;1;POINT (13.30121602 52.59952179)
8;2020;12;11;1;2;6;2;0;0;1;1;0;0;0;0;POINT (13.43904638 52.48050077)
12;2020;12;12;2;3;6;4;0;0;1;1;0;0;0;1;POINT (13.36248491 52.5622045)
1;2020;12;12;4;3;5;2;0;1;1;0;0;0;0;0;POINT (13.39108701 52.54468047)
2;2020;12;6;3;3;6;2;2;0;1;1;0;0;0;1;POINT (13.44152077 52.50130961)
9;2020;12;7;7;3;6;7;2;0;1;1;0;0;0;1;POINT (13.48409499 52.44759883)
8;2020;12;16;6;3;6;7;1;0;1;1;0;0;0;0;POINT (13.44155954 52.4830436)
10;2020;12;23;7;3;8;1;2;0;1;0;0;0;0;1;POINT (13.55292917 52.50750615)
7;2020;12;12;4;2;5;2;0;1;0;0;0;1;0;0;POINT (13.4020804 52.46332805)
1;2020;12;14;5;3;1;5;0;1;1;0;0;0;0;0;POINT (13.40905535 52.52414255)
3;2020;12;14;2;3;0;1;0;1;0;0;0;0;0;0;POINT (13.42646116 52.54297072)
4;2020;12;19;5;3;5;7;2;0;1;0;0;0;0;0;POINT (13.31728337 52.51393541)
2;2020;12;14;3;3;5;2;0;0;1;0;0;0;1;0;POINT (13.45079361 52.52720122)
7;2020;12;8;4;3;1;5;0;1;1;0;0;0;0;0;POINT (13.3786387 52.46138508)
12;2020;12;20;6;3;6;7;2;0;1;1;0;0;0;0;POINT (13.31743065 52.56957)
5;2020;12;23;1;3;1;1;2;0;1;0;0;0;1;1;POINT (13.19416022 52.55107406)
7;2020;12;17;2;3;2;6;2;0;1;0;0;1;0;1;POINT (13.36747007 52.41034514)
8;2020;12;11;1;3;0;2;0;0;1;0;0;0;1;0;POINT (13.43026401 52.48611251)
4;2020;12;11;4;3;6;2;0;0;1;1;0;0;0;0;POINT (13.29882182 52.49854083)
5;2020;12;9;6;3;0;7;0;1;0;0;0;0;0;2;POINT (13.21619771 52.52672072)
1;2020;12;17;2;3;5;2;2;1;1;0;0;0;0;0;POINT (13.38917016 52.51483533)
5;2020;12;3;2;3;1;7;2;0;1;0;0;0;1;1;POINT (13.19258234 52.55225501)
3;2020;12;10;4;3;0;3;0;0;1;0;1;0;0;1;POINT (13.41840193 52.52851736)
1;2020;12;17;3;2;5;3;1;1;1;0;0;0;0;0;POINT (13.39348577 52.51223504)
3;2020;12;13;6;3;5;3;0;0;1;0;1;0;0;0;POINT (13.4356113 52.55087462)
2;2020;12;20;7;3;2;6;2;0;1;0;0;0;0;1;POINT (13.47126694 52.50721998)
8;2020;12;9;4;3;5;3;0;0;1;0;0;0;0;0;POINT (13.43522254 52.4705625)
7;2020;12;10;4;3;2;6;0;0;1;0;0;0;0;0;POINT (13.36958718 52.48506973)
12;2020;12;14;5;3;5;2;0;0;1;0;0;0;0;0;POINT (13.31543218 52.57793717)
3;2020;12;11;3;3;1;5;0;1;1;0;0;0;0;1;POINT (13.41503479 52.56651876)
5;2020;12;21;2;2;9;1;2;0;1;0;0;0;0;1;POINT (13.1685746 52.5619695)
7;2020;12;12;4;3;5;3;0;1;1;0;0;0;0;0;POINT (13.3479264 52.4146242)
6;2020;12;15;4;2;0;7;1;0;1;0;0;0;0;0;POINT (13.35295054 52.44916625)
2;2020;12;19;6;3;2;7;2;0;1;0;0;0;0;0;POINT (13.39521587 52.49476236)
6;2020;12;13;7;3;5;2;0;1;0;0;0;0;1;0;POINT (13.34590686 52.43628448)
4;2020;12;17;2;3;2;6;2;0;1;0;0;0;0;0;POINT (13.32907303 52.48124518)
3;2020;12;19;1;3;2;6;2;0;1;0;0;0;0;1;POINT (13.368514 52.58804415)
9;2020;12;7;4;3;5;3;0;1;1;0;0;0;0;0;POINT (13.50780221 52.47496511)
11;2020;12;22;5;3;1;5;2;0;1;0;0;0;0;1;POINT (13.49984378 52.49900517)
1;2020;12;16;6;3;5;3;2;0;1;0;0;0;0;0;POINT (13.35051424 52.51382237)
6;2020;12;14;3;3;6;3;0;0;1;1;0;0;0;0;POINT (13.35412463 52.44911297)
4;2020;12;15;4;3;6;7;1;0;1;1;0;0;0;0;POINT (13.2856835 52.47597115)
2;2020;12;12;5;3;0;1;0;1;0;0;0;0;0;0;POINT (13.41172873 52.50334603)
8;2020;12;15;6;3;2;7;0;1;1;0;0;0;1;0;POINT (13.42892893 52.48626028)
2;2020;12;16;1;3;6;4;2;0;1;1;0;0;0;0;POINT (13.38378354 52.49377921)
10;2020;12;12;6;3;5;3;0;0;1;0;0;0;0;1;POINT (13.6150275 52.49488899)
4;2020;12;18;3;3;5;2;2;1;1;0;0;0;0;0;POINT (13.32882866 52.47887113)
4;2020;12;0;6;3;2;6;2;0;1;0;0;0;0;0;POINT (13.28060706 52.51850579)
1;2020;12;17;4;3;1;5;2;1;1;0;0;0;0;1;POINT (13.3979594 52.53251808)
5;2020;12;7;5;3;6;4;1;0;1;1;0;0;0;0;POINT (13.2004636 52.54975805)
8;2020;12;19;6;3;5;3;2;0;1;0;0;0;0;0;POINT (13.45873305 52.44031181)
11;2020;12;22;1;3;5;3;2;0;1;0;1;0;0;1;POINT (13.51148509 52.50560547)
4;2020;12;18;2;3;2;6;2;0;1;0;0;0;0;0;POINT (13.33150298 52.50536335)
10;2020;12;15;3;3;6;4;1;0;1;1;0;0;0;0;POINT (13.56189363 52.50062473)
10;2020;12;7;3;3;5;3;0;1;1;0;0;0;0;0;POINT (13.61201393 52.49664457)
12;2020;12;19;6;2;5;3;2;0;1;0;1;0;0;0;POINT (13.2925461 52.57550167)
9;2020;12;13;6;3;0;1;0;1;0;0;0;0;0;1;POINT (13.62417814 52.44707216)
3;2020;12;17;1;3;6;2;2;0;1;1;0;0;0;0;POINT (13.45782711 52.52868577)
4;2020;12;23;3;3;2;6;2;0;1;0;0;0;0;0;POINT (13.29983889 52.49857082)
10;2020;12;11;5;3;2;2;0;0;1;0;0;1;0;1;POINT (13.58624542 52.48199139)
5;2020;12;13;6;3;2;6;0;0;1;0;0;0;0;0;POINT (13.2477852 52.52446778)
1;2020;12;13;4;3;5;2;0;1;1;0;0;0;0;0;POINT (13.41525913 52.52683188)
7;2020;12;22;4;3;5;3;2;1;1;0;0;0;0;0;POINT (13.34435666 52.48557552)
1;2020;12;18;6;3;5;3;2;0;1;0;0;0;0;0;POINT (13.35219695 52.50544958)
10;2020;12;13;1;3;5;2;0;0;1;0;0;0;1;1;POINT (13.54412481 52.52583258)
8;2020;12;14;2;3;0;6;0;0;0;0;0;0;1;0;POINT (13.44299788 52.42539018)
12;2020;12;20;3;3;5;2;2;0;1;0;0;0;0;0;POINT (13.31251636 52.56954668)
5;2020;12;7;3;2;6;4;1;0;0;1;0;0;1;1;POINT (13.20984214 52.54801353)
3;2020;12;12;6;2;5;2;0;1;1;0;0;0;0;1;POINT (13.51496736 52.63275178)
9;2020;12;19;6;3;5;3;2;0;1;0;0;0;1;0;POINT (13.52721764 52.43204138)
7;2020;12;8;1;3;5;3;0;0;1;0;0;0;0;1;POINT (13.37655403 52.46001969)
11;2020;12;15;2;3;8;1;0;0;1;0;0;0;0;0;POINT (13.51181096 52.56810984)
12;2020;12;18;3;3;2;2;2;1;1;0;0;0;0;0;POINT (13.24061715 52.60889301)
8;2020;12;11;3;3;5;2;0;1;1;0;0;0;0;0;POINT (13.42445404 52.48624628)
8;2020;12;12;6;3;5;7;0;0;1;0;0;0;1;0;POINT (13.50816597 52.40360278)
4;2020;12;11;6;3;2;6;0;0;1;0;0;0;0;0;POINT (13.31033634 52.51631759)
12;2020;12;12;1;3;6;7;0;0;1;1;0;0;0;0;POINT (13.28450258 52.58888497)
5;2020;12;17;3;3;2;6;2;0;1;0;0;0;0;0;POINT (13.24742236 52.54153516)
1;2020;12;6;5;3;5;2;2;0;1;0;0;0;1;1;POINT (13.41162407 52.52396127)
8;2020;12;11;6;3;2;6;0;0;1;0;0;0;0;1;POINT (13.49708743 52.43293999)
2;2020;12;9;3;3;5;3;0;1;0;0;1;0;0;1;POINT (13.42672608 52.49928531)
10;2020;12;16;4;3;1;5;2;0;1;0;0;0;0;0;POINT (13.60161456 52.51053918)
5;2020;12;17;6;3;5;2;2;1;0;0;0;0;1;0;POINT (13.21174045 52.52740216)
11;2020;12;11;1;3;2;6;0;0;1;0;0;0;0;1;POINT (13.49215378 52.53406751)
8;2020;12;9;2;3;6;3;1;0;1;1;0;0;0;0;POINT (13.43768966 52.45091882)
5;2020;12;13;3;3;8;1;0;0;1;1;0;0;0;0;POINT (13.21185661 52.57487957)
10;2020;12;21;3;2;5;3;2;0;1;0;0;0;1;0;POINT (13.56942736 52.56081336)
3;2020;12;17;6;3;2;6;1;0;1;0;0;0;0;0;POINT (13.45744631 52.5612362)
2;2020;12;14;6;2;6;7;0;0;1;1;0;0;0;0;POINT (13.45602852 52.52257204)
4;2020;12;14;7;3;2;6;0;0;1;0;0;0;0;0;POINT (13.32639464 52.50282827)
9;2020;12;16;3;2;5;2;0;0;1;0;1;0;0;0;POINT (13.65676168 52.41507616)
4;2020;12;15;4;3;5;2;1;1;1;0;0;0;0;0;POINT (13.33100928 52.49319115)
7;2020;12;15;5;3;5;3;1;1;1;0;0;0;0;0;POINT (13.34493555 52.49042637)
1;2020;12;1;3;2;9;1;2;0;1;0;0;0;0;0;POINT (13.3354124 52.52685877)
1;2020;12;17;3;3;5;2;2;1;1;0;0;0;0;0;POINT (13.37194872 52.51940137)
5;2020;12;16;5;3;5;3;2;0;1;0;0;0;1;1;POINT (13.20363243 52.54438758)
4;2020;12;15;5;3;5;3;0;0;1;0;1;0;0;0;POINT (13.27349077 52.49995048)
2;2020;12;19;3;3;0;2;2;1;1;0;0;0;0;0;POINT (13.38763937 52.49631987)
1;2020;12;19;4;3;5;2;2;1;1;0;0;0;0;0;POINT (13.40122065 52.51112889)
12;2020;12;11;6;3;5;3;0;0;1;0;0;0;0;0;POINT (13.24438213 52.61435194)
3;2020;12;10;1;3;0;1;0;0;0;0;1;0;0;1;POINT (13.44234416 52.53274215)
9;2020;12;18;2;3;0;3;2;1;1;0;0;0;0;0;POINT (13.53569903 52.4001402)
2;2020;12;0;2;2;0;1;2;1;0;0;0;0;0;0;POINT (13.44462718 52.52556231)
7;2020;12;7;3;3;6;2;1;0;1;1;0;0;0;0;POINT (13.35019648 52.41420364)
3;2020;12;15;3;2;5;2;1;1;1;0;0;0;0;1;POINT (13.43457061 52.54962015)
12;2020;12;12;6;3;6;2;0;0;1;1;0;0;0;1;POINT (13.33878244 52.58937879)
10;2020;12;13;2;2;2;3;0;0;1;0;1;0;0;0;POINT (13.56948932 52.56081055)
5;2020;12;16;7;3;8;1;2;0;0;0;1;0;0;0;POINT (13.18131014 52.48147904)
5;2020;12;14;3;2;3;6;0;0;1;0;0;0;0;0;POINT (13.16346567 52.55145812)
3;2020;12;13;4;3;6;7;0;0;1;1;0;0;0;0;POINT (13.43516537 52.55035815)
4;2020;12;15;2;2;2;6;0;0;0;0;1;1;0;0;POINT (13.28230462 52.51845022)
3;2020;12;14;5;3;5;3;0;0;1;0;0;0;0;0;POINT (13.42643307 52.54858377)
5;2020;12;20;2;3;5;3;2;0;1;0;0;0;0;1;POINT (13.22265076 52.540122)
10;2020;12;11;3;3;6;4;0;0;1;1;0;0;0;0;POINT (13.60925443 52.53310202)
11;2020;12;16;4;3;0;3;2;0;1;0;0;0;1;0;POINT (13.52173878 52.47529872)
12;2020;12;11;6;3;6;4;0;0;1;1;0;0;0;0;POINT (13.352439 52.56529483)
5;2020;12;13;7;3;2;6;1;0;1;0;0;0;0;0;POINT (13.19498668 52.53367989)
6;2020;12;17;1;3;0;6;2;0;0;0;0;0;1;1;POINT (13.33913649 52.44864865)
6;2020;12;13;3;2;6;7;0;0;1;1;0;0;0;0;POINT (13.21534257 52.43851852)
7;2020;12;19;7;3;9;1;2;0;1;0;0;0;0;0;POINT (13.40187079 52.44670297)
6;2020;12;14;2;3;3;6;0;0;1;0;0;0;0;0;POINT (13.31440216 52.41771446)
6;2020;12;6;3;3;5;2;2;1;0;0;0;0;0;0;POINT (13.34709649 52.42843727)
8;2020;12;19;7;3;5;3;2;0;1;0;0;0;0;0;POINT (13.47757253 52.43008645)
2;2020;12;18;7;3;0;1;2;0;0;0;1;0;0;0;POINT (13.44819489 52.52175847)
6;2020;12;13;4;3;5;3;0;0;1;0;0;0;0;0;POINT (13.3403982 52.45070677)
3;2020;12;15;7;3;0;1;0;0;0;0;1;0;0;1;POINT (13.39461511 52.61513018)
4;2020;12;12;7;2;0;1;0;1;0;0;0;0;0;0;POINT (13.25790443 52.50816693)
8;2020;12;13;4;3;5;3;0;0;1;0;0;0;0;0;POINT (13.45614045 52.43693357)
3;2020;12;11;7;3;1;5;0;1;1;0;0;0;0;0;POINT (13.40962533 52.56658304)
8;2020;12;11;6;2;5;2;0;0;1;0;0;0;0;1;POINT (13.45741447 52.4227659)
9;2020;12;14;2;2;5;2;0;1;1;0;0;0;0;1;POINT (13.64348804 52.3781629)
8;2020;12;11;3;3;2;6;0;0;1;0;0;0;1;1;POINT (13.42931325 52.47115806)
7;2020;12;19;6;3;1;7;2;0;1;0;0;0;0;1;POINT (13.35555839 52.49903352)
3;2020;12;16;6;2;4;6;2;0;1;0;0;0;0;1;POINT (13.49585453 52.62609618)
2;2020;12;14;3;3;2;6;0;0;1;0;0;0;0;1;POINT (13.43928521 52.50038736)
2;2020;12;17;6;3;0;2;2;0;1;0;1;0;0;1;POINT (13.38582741 52.48494731)
9;2020;12;11;6;2;5;3;0;1;1;0;0;0;0;0;POINT (13.51728927 52.47143288)
4;2020;12;8;2;3;0;1;0;1;0;0;0;0;0;1;POINT (13.31153342 52.47956269)
8;2020;12;16;3;3;5;7;1;0;1;0;1;0;0;1;POINT (13.42660246 52.485404)
3;2020;12;21;5;3;2;6;2;0;1;0;0;0;1;0;POINT (13.3651501 52.59025306)
12;2020;12;13;5;3;5;3;0;0;1;0;0;0;0;1;POINT (13.36027732 52.5989977)
7;2020;12;11;2;3;2;6;0;0;1;0;0;0;0;1;POINT (13.39700176 52.42367666)
9;2020;12;17;3;3;5;3;2;0;1;0;0;0;0;1;POINT (13.48125577 52.46079553)
7;2020;12;13;5;3;5;3;0;0;1;0;0;0;0;1;POINT (13.37268059 52.4459632)
4;2020;12;20;4;3;6;7;2;0;1;0;0;0;1;1;POINT (13.27299291 52.54374567)
1;2020;12;14;4;2;5;3;0;0;1;0;1;0;0;0;POINT (13.36721577 52.52333622)
2;2020;12;23;4;3;6;2;2;0;1;1;0;0;0;1;POINT (13.39510724 52.49626102)
1;2020;12;15;4;3;5;2;1;0;1;0;0;0;0;1;POINT (13.36569682 52.55713092)
6;2020;12;19;4;2;6;4;2;0;1;1;0;0;0;1;POINT (13.32521372 52.42793798)
6;2020;12;14;4;3;2;6;1;0;1;0;0;0;0;1;POINT (13.32385031 52.45608775)
6;2020;12;12;3;2;0;7;0;0;1;0;0;0;1;0;POINT (13.32342791 52.41866185)
9;2020;12;11;4;3;2;6;0;1;1;0;0;0;0;1;POINT (13.5119579 52.46405599)
2;2020;12;11;4;3;5;3;0;0;1;0;0;0;0;1;POINT (13.39858172 52.49629782)
8;2020;12;10;4;3;6;7;0;0;1;1;0;0;0;0;POINT (13.43469707 52.44028323)
5;2020;12;9;4;3;5;2;1;0;1;0;0;0;0;1;POINT (13.21726337 52.53776666)
8;2020;12;11;3;3;5;3;0;0;1;0;0;0;0;1;POINT (13.47799309 52.41781475)
1;2020;12;6;4;3;2;6;2;0;1;0;0;0;1;1;POINT (13.344133 52.54612803)
12;2020;12;14;3;3;1;5;0;0;1;0;0;0;1;1;POINT (13.28583354 52.59099739)
7;2020;12;8;2;2;0;1;0;1;0;0;0;0;0;1;POINT (13.34037706 52.48825915)
8;2020;12;17;3;3;6;2;2;0;1;1;0;0;0;1;POINT (13.4963863 52.41582611)
2;2020;12;18;1;3;2;3;2;1;1;0;0;0;0;1;POINT (13.41189601 52.49377058)
4;2020;12;9;3;3;1;5;0;1;1;0;0;0;0;0;POINT (13.2951664 52.50396761)
9;2020;12;9;2;3;6;2;0;0;1;1;0;0;0;1;POINT (13.49138676 52.46916577)
4;2020;12;17;3;2;6;4;2;0;0;1;0;0;1;1;POINT (13.32576404 52.50940716)
8;2020;12;17;1;3;2;7;2;1;1;0;0;0;0;1;POINT (13.43102102 52.4859085)
9;2020;12;14;3;3;5;3;0;1;1;0;0;0;0;0;POINT (13.51198076 52.47070179)
6;2020;12;8;2;3;0;1;0;1;0;0;0;0;0;2;POINT (13.34618746 52.41899631)
4;2020;12;16;3;3;5;3;2;1;1;0;0;0;0;1;POINT (13.3147516 52.5257184)
11;2020;12;9;2;2;0;1;0;1;0;0;0;0;0;2;POINT (13.50179065 52.49824545)
12;2020;12;17;3;3;0;7;2;1;0;0;0;0;0;1;POINT (13.33176068 52.56183841)
2;2020;12;17;3;3;1;5;2;1;1;0;0;0;0;1;POINT (13.37919736 52.49246224)
10;2020;12;19;4;3;4;6;2;0;1;0;0;0;0;1;POINT (13.57211398 52.54824342)
4;2020;12;12;3;3;1;5;0;0;1;0;1;0;0;0;POINT (13.30129978 52.52287414)
9;2020;12;9;2;3;1;1;0;1;1;0;0;0;0;2;POINT (13.58810804 52.461819)
8;2020;12;12;3;3;6;7;0;0;0;1;0;0;1;0;POINT (13.47531611 52.42259316)
9;2020;12;13;3;3;5;3;0;0;1;0;0;0;0;0;POINT (13.58526792 52.45158909)
4;2020;12;13;4;3;0;5;0;0;1;0;1;0;0;1;POINT (13.28423599 52.53818279)
1;2020;12;20;3;3;6;4;2;0;1;1;0;0;0;1;POINT (13.37699866 52.55407075)
6;2020;12;8;2;3;0;1;0;1;0;0;0;0;0;2;POINT (13.31837262 52.45445887)
3;2020;12;11;3;3;2;6;0;0;1;0;0;0;1;0;POINT (13.42422611 52.57462912)
11;2020;12;14;1;3;2;6;0;0;1;0;0;0;0;0;POINT (13.4791536 52.52038054)
5;2020;12;11;3;2;5;2;0;1;1;0;0;0;0;0;POINT (13.19349093 52.54884779)
7;2020;12;19;3;3;6;2;2;0;1;1;0;0;0;1;POINT (13.3324301 52.46890585)
8;2020;12;0;4;2;1;5;2;0;1;0;0;0;1;1;POINT (13.44257522 52.47828668)
3;2020;12;11;3;3;0;3;0;1;0;0;1;0;0;0;POINT (13.42266821 52.57581491)
6;2020;12;19;3;3;5;3;2;1;1;0;0;0;0;1;POINT (13.31911257 52.45451613)
9;2020;12;10;1;3;3;6;0;1;1;0;0;0;0;1;POINT (13.66180627 52.41207166)
9;2020;12;15;3;2;6;7;0;0;1;1;0;0;0;0;POINT (13.4820782 52.48163178)
3;2020;12;8;2;3;5;2;0;1;1;0;0;0;0;1;POINT (13.45055834 52.5982806)
7;2020;12;1;2;3;0;7;2;0;1;0;0;0;0;1;POINT (13.38737764 52.41180332)
1;2020;12;9;3;3;3;6;0;1;0;0;0;0;0;0;POINT (13.37624367 52.55636119)
1;2020;12;19;1;3;6;2;2;0;1;1;0;0;0;1;POINT (13.34568246 52.53314583)
8;2020;12;17;3;3;6;4;2;0;1;1;0;0;0;1;POINT (13.43274373 52.45241395)
11;2020;12;18;3;3;6;2;2;0;1;1;0;0;0;1;POINT (13.47658328 52.53299157)
2;2020;12;17;3;3;6;4;2;0;1;1;0;0;0;1;POINT (13.39633713 52.48644978)
7;2020;12;18;4;3;5;2;2;0;1;0;0;0;0;0;POINT (13.38118205 52.48258267)
11;2020;12;17;3;3;2;6;2;0;1;0;0;0;0;1;POINT (13.46934288 52.53159906)
7;2020;12;22;2;3;0;2;2;0;1;0;1;0;0;0;POINT (13.35418848 52.49863174)
7;2020;12;17;3;3;5;2;2;0;1;0;0;0;0;1;POINT (13.34577832 52.49435431)
9;2020;12;13;3;3;5;3;0;0;1;0;1;0;0;0;POINT (13.55325828 52.43399411)
2;2020;12;16;2;2;7;7;2;0;0;0;1;0;0;1;POINT (13.44511949 52.50134284)
1;2020;12;12;4;3;5;3;0;0;1;0;0;0;0;0;POINT (13.3347927 52.55639768)
10;2020;12;13;2;3;3;2;0;0;1;0;0;0;0;1;POINT (13.57185353 52.56831634)
4;2020;12;14;2;3;5;2;0;1;1;0;0;0;0;0;POINT (13.26631828 52.51311784)
5;2020;12;11;2;3;2;6;0;0;1;0;0;0;0;1;POINT (13.2061201 52.53515164)
12;2020;12;16;3;3;6;4;2;0;1;1;0;0;0;0;POINT (13.34346971 52.59881398)
9;2020;12;11;2;3;2;2;0;0;1;0;0;0;1;1;POINT (13.4958285 52.44893919)
8;2020;12;18;2;3;6;2;2;0;1;1;0;0;0;1;POINT (13.46436448 52.4702069)
2;2020;12;10;2;3;5;3;0;0;1;0;1;0;0;1;POINT (13.38240477 52.50452427)
9;2020;12;17;1;3;0;7;2;0;1;0;0;0;0;1;POINT (13.72950078 52.43029103)
1;2020;12;16;3;3;5;3;2;1;1;0;0;0;0;1;POINT (13.40440734 52.50790059)
10;2020;12;13;1;3;0;1;0;1;0;0;0;0;0;0;POINT (13.57562252 52.48995017)
1;2020;12;11;3;2;5;3;0;1;1;0;0;0;0;1;POINT (13.37932044 52.5405158)
1;2020;12;9;2;3;2;6;0;0;1;0;0;0;0;1;POINT (13.37676238 52.55403337)
9;2020;12;1;1;3;9;1;2;0;1;0;0;0;0;1;POINT (13.51348352 52.42764457)
6;2020;12;17;3;3;5;2;2;1;0;0;0;0;1;0;POINT (13.27241086 52.43727181)
6;2020;12;8;2;2;6;2;2;0;1;1;0;0;0;1;POINT (13.27049951 52.45102048)
8;2020;12;2;2;3;0;1;2;0;0;0;1;0;0;1;POINT (13.48311808 52.43091543)
3;2020;12;19;2;3;6;4;2;0;1;1;0;0;0;1;POINT (13.44431917 52.56523593)
1;2020;12;22;4;3;1;5;2;1;0;0;0;0;1;1;POINT (13.39038233 52.51815265)
11;2020;12;19;2;2;2;6;2;0;1;0;0;0;0;1;POINT (13.48464443 52.53347544)
4;2020;12;11;2;3;2;6;0;1;1;0;0;0;0;1;POINT (13.32200696 52.50208035)
6;2020;12;17;2;3;0;6;2;0;1;0;1;0;0;0;POINT (13.35893893 52.42033316)
3;2020;12;9;4;3;5;2;0;1;1;0;0;0;0;1;POINT (13.47906961 52.60763999)
7;2020;12;17;2;3;5;3;2;0;1;0;0;0;0;1;POINT (13.36634709 52.49526718)
3;2020;12;13;4;3;5;3;0;1;1;0;0;0;0;0;POINT (13.47862205 52.55595603)
3;2020;12;17;2;3;6;2;2;0;1;1;0;0;0;1;POINT (13.41980974 52.60621955)
10;2020;12;16;2;2;0;7;2;0;1;0;0;0;0;1;POINT (13.60310714 52.54572302)
7;2020;12;11;3;3;5;2;0;0;1;0;0;0;1;1;POINT (13.37827367 52.46700306)
1;2020;12;16;2;3;2;6;2;0;1;0;0;0;0;1;POINT (13.40983818 52.52898708)
2;2020;12;16;2;3;6;4;2;0;1;1;0;0;0;1;POINT (13.41779604 52.49904396)
2;2020;12;3;7;3;5;2;2;0;1;0;0;0;0;0;POINT (13.38226078 52.48499784)
7;2020;12;7;3;3;6;2;1;0;1;1;0;0;0;1;POINT (13.37794126 52.46644169)
12;2020;12;17;2;3;5;3;2;0;1;0;0;0;0;1;POINT (13.31091476 52.61301792)
1;2020;12;14;2;3;5;3;0;0;1;0;0;0;1;0;POINT (13.41964879 52.50609051)
1;2020;12;16;2;3;6;2;2;0;1;1;0;0;0;1;POINT (13.39181741 52.51057)
1;2020;12;14;3;3;2;2;0;0;1;0;0;1;0;0;POINT (13.38671399 52.5592837)
3;2021;11;18;1;3;0;3;2;0;1;0;1;0;0;1;POINT (13.42689483 52.53393955)