bez;ujahr;umonat;ustunde;uwochentag;ukategorie;uart;utyp1;ulichtverh;istrad;istpkw;istfuss;istkrad;istgkfz;istsonstige;ustrzustand;geometry
7;2021;12;19;6;3;6;2;2;0;1;1;0;0;0;1;POINT (13.39209027 52.43995086)
4;2021;12;17;3;3;5;2;2;0;1;0;0;0;0;0;POINT (13.32624193 52.53802784)
4;2021;12;15;6;3;5;2;1;0;1;0;1;0;0;1;POINT (13.31652064 52.49953417)
11;2021;12;9;4;3;3;6;0;0;1;0;0;0;1;2;POINT (13.52575163 52.49386714)
1;2021;12;22;4;3;1;5;2;0;1;0;0;0;0;1;POINT (13.37353829 52.53096213)
10;2021;12;5;7;3;1;5;2;0;1;0;0;0;0;2;POINT (13.60523023 52.53584537)
7;2021;12;20;6;2;5;7;2;0;1;0;0;0;0;2;POINT (13.34961395 52.48943851)
1;2021;11;22;2;3;2;6;2;0;1;0;0;0;0;1;POINT (13.38378941 52.55124558)
2;2021;12;7;1;3;6;4;2;0;1;1;0;0;0;0;POINT (13.38345801 52.49378526)
11;2021;12;19;2;3;2;2;2;0;1;0;0;0;0;1;POINT (13.51520192 52.56713943)
7;2021;12;13;6;3;3;6;0;0;1;0;1;0;0;1;POINT (13.36775616 52.49334102)
7;2021;12;10;2;3;6;7;0;0;0;1;0;0;1;0;POINT (13.34496711 52.49113688)
7;2021;12;19;3;3;6;2;2;0;1;1;0;0;0;0;POINT (13.34076867 52.49993372)
1;2021;12;19;3;3;5;7;2;0;1;0;0;0;0;0;POINT (13.37680527 52.50951959)
7;2021;12;18;4;3;6;7;2;0;0;1;0;0;1;0;POINT (13.3283651 52.46621546)
6;2021;12;7;4;3;6;2;2;0;1;1;0;0;0;0;POINT (13.26178321 52.4417447)
6;2021;11;15;1;3;5;3;1;0;1;0;0;0;1;1;POINT (13.24116591 52.43849547)
4;2021;12;18;3;3;5;2;1;1;1;0;0;0;0;0;POINT (13.30791309 52.48845278)
9;2021;12;21;3;2;8;1;2;0;1;0;0;0;0;0;POINT (13.4619448 52.454468)
7;2021;12;17;1;3;5;2;2;0;1;0;1;0;0;1;POINT (13.34366241 52.47121631)
4;2021;12;17;6;3;6;4;2;0;0;1;0;0;1;0;POINT (13.33266585 52.5063255)
1;2021;11;18;2;3;0;6;2;0;1;0;1;0;0;1;POINT (13.3492624 52.51506335)
9;2021;12;11;1;2;6;2;0;0;1;1;0;0;0;0;POINT (13.55057965 52.42904384)
1;2021;12;9;1;3;0;5;0;1;1;0;0;0;0;1;POINT (13.37669957 52.50827479)
3;2021;12;18;1;3;6;4;2;0;1;1;0;0;0;1;POINT (13.4384967 52.5524347)
8;2021;12;19;3;3;2;6;2;0;1;0;0;0;0;0;POINT (13.43148363 52.46721899)
11;2021;12;13;4;3;5;3;0;0;1;0;0;0;0;1;POINT (13.4971528 52.50790264)
8;2021;12;18;4;3;5;2;2;0;1;0;0;0;1;1;POINT (13.45578997 52.43034887)
10;2021;12;16;1;2;6;4;2;0;1;1;0;0;0;1;POINT (13.59823297 52.52839961)
12;2021;12;15;1;3;0;7;1;0;1;0;0;0;1;0;POINT (13.35829309 52.60526073)
12;2021;12;14;4;3;5;3;0;0;1;0;0;0;0;0;POINT (13.32196238 52.57588428)
2;2021;12;13;2;3;3;6;0;0;1;0;0;0;1;0;POINT (13.43092335 52.49777612)
5;2021;12;10;4;3;0;3;0;0;1;0;1;0;0;0;POINT (13.19477295 52.53430707)
5;2021;12;11;5;3;5;2;0;0;1;0;0;0;0;0;POINT (13.19451794 52.53370424)
1;2021;12;8;5;3;2;6;0;0;1;0;0;0;0;2;POINT (13.33042363 52.52385335)
4;2021;12;17;1;3;6;4;2;0;1;1;0;0;0;0;POINT (13.3333858 52.48598039)
6;2021;12;9;2;2;1;5;0;0;1;0;0;0;0;0;POINT (13.24111798 52.43200998)
5;2021;12;18;3;3;5;2;2;1;1;0;0;0;0;0;POINT (13.17922829 52.54864203)
12;2021;12;21;1;3;5;3;2;0;1;0;0;0;0;1;POINT (13.33996856 52.58816769)
1;2021;12;12;5;3;1;5;0;1;1;0;0;0;0;0;POINT (13.40872126 52.52639286)
3;2021;12;17;4;2;5;3;2;1;1;0;0;0;0;0;POINT (13.44403463 52.53383903)
7;2021;12;18;2;3;5;2;2;1;1;0;0;0;0;0;POINT (13.32854151 52.46490792)
6;2021;12;7;3;3;2;6;2;0;1;0;0;0;0;1;POINT (13.35169293 52.43355284)
8;2021;12;18;5;3;5;2;2;0;1;0;1;0;0;0;POINT (13.43664219 52.42367063)
8;2021;12;17;6;3;2;1;2;0;1;0;0;0;0;2;POINT (13.42571004 52.4787843)
5;2021;12;16;2;3;0;1;2;1;0;0;0;0;0;0;POINT (13.20053294 52.53665496)
9;2021;12;8;3;3;1;1;1;0;1;0;0;0;0;1;POINT (13.58889101 52.45551823)
9;2021;12;17;2;3;6;4;2;0;1;1;0;0;0;0;POINT (13.53851982 52.42013462)
6;2021;12;14;5;3;2;6;0;0;1;0;0;0;0;0;POINT (13.32225692 52.45655345)
3;2021;12;14;4;2;6;4;0;1;0;1;0;0;0;0;POINT (13.47948842 52.55588825)
1;2021;12;16;7;3;2;6;2;0;1;0;0;0;0;1;POINT (13.37813184 52.54178429)
1;2021;11;20;2;2;6;2;2;0;0;1;0;0;1;1;POINT (13.34525341 52.53918465)
8;2021;12;11;2;3;6;2;0;0;1;1;0;0;0;2;POINT (13.4416576 52.46964673)
11;2021;12;16;1;3;5;3;1;1;1;0;0;0;0;1;POINT (13.4865488 52.5520336)
2;2021;12;11;7;3;2;6;0;0;1;0;0;0;0;0;POINT (13.41780063 52.49885518)
11;2021;12;12;4;3;1;5;0;1;1;0;0;0;0;0;POINT (13.5301684 52.49432263)
8;2021;12;0;2;3;3;6;2;0;1;0;0;1;0;1;POINT (13.44815509 52.46472947)
12;2021;12;13;6;3;0;7;0;0;1;0;0;0;1;1;POINT (13.344169 52.6136691)
6;2021;11;15;2;3;5;3;0;1;1;0;0;0;0;1;POINT (13.33468927 52.41726546)
10;2021;12;5;1;3;6;2;2;0;1;1;0;0;0;1;POINT (13.5516257 52.5543062)
2;2021;12;16;1;3;6;4;2;0;1;1;0;0;0;1;POINT (13.42870657 52.49394608)
1;2021;12;15;2;3;2;1;0;0;1;0;0;0;0;1;POINT (13.34977341 52.50318662)
6;2021;12;23;4;3;1;6;2;0;1;0;0;0;0;1;POINT (13.26843715 52.43070585)
6;2021;12;11;1;2;2;6;0;0;1;0;0;0;0;1;POINT (13.2489789 52.41909731)
1;2021;12;22;2;2;5;3;2;0;1;0;1;0;0;1;POINT (13.39034694 52.50775837)
8;2021;12;7;3;2;6;2;2;0;1;1;0;0;0;1;POINT (13.44818781 52.47762415)
9;2021;12;18;1;3;2;6;2;1;1;0;0;0;0;0;POINT (13.54559048 52.43699986)
9;2021;12;7;4;3;1;5;1;0;1;0;0;0;1;1;POINT (13.48641003 52.45962671)
1;2021;12;15;4;3;0;2;0;1;0;0;0;0;1;0;POINT (13.3876178 52.53337631)
10;2021;12;8;5;3;5;3;0;0;1;0;0;0;0;2;POINT (13.56195362 52.56652227)
1;2021;12;19;2;3;5;2;2;0;1;0;0;0;0;0;POINT (13.41177151 52.52396602)
11;2021;12;8;4;3;5;7;1;0;1;0;0;0;1;0;POINT (13.47775586 52.53079698)
8;2021;12;6;1;3;5;2;2;0;1;0;0;0;0;1;POINT (13.47106376 52.46606634)
2;2021;12;9;3;3;6;2;0;0;1;1;0;0;0;0;POINT (13.38240017 52.5043678)
9;2021;12;14;1;3;2;6;0;0;1;0;0;0;1;1;POINT (13.47258349 52.45440678)
6;2021;12;14;4;3;6;4;0;0;1;1;0;0;0;0;POINT (13.26676539 52.41211822)
12;2021;12;11;6;3;6;2;0;0;1;1;0;0;0;0;POINT (13.29463366 52.57612526)
1;2021;11;19;1;3;2;6;1;0;1;0;0;0;0;1;POINT (13.39768443 52.51536861)
11;2021;12;18;7;3;5;2;2;0;1;0;0;0;0;1;POINT (13.51147743 52.50433651)
8;2021;12;19;3;3;5;3;2;0;1;0;0;0;1;1;POINT (13.48093551 52.43815343)
11;2021;12;8;5;2;2;2;1;1;0;0;0;0;1;1;POINT (13.4961473 52.50021673)
11;2021;12;16;1;3;6;4;2;0;1;1;0;0;0;1;POINT (13.48593464 52.5209323)
1;2021;12;14;5;3;2;6;0;1;1;0;0;0;0;0;POINT (13.38720431 52.52653176)
11;2021;12;18;5;3;6;2;2;0;1;1;0;0;0;1;POINT (13.47827589 52.53097938)
2;2021;12;1;6;3;5;3;2;0;1;0;0;0;0;1;POINT (13.40449375 52.49516294)
1;2021;12;22;6;3;2;6;2;0;1;0;0;0;1;0;POINT (13.38538757 52.55734983)
11;2021;11;9;2;3;5;7;0;0;1;0;0;0;1;1;POINT (13.47100199 52.52308982)
11;2021;12;16;1;3;6;7;2;1;0;1;0;0;0;0;POINT (13.48328963 52.50047683)
1;2021;12;9;7;3;6;4;0;0;0;1;0;0;1;2;POINT (13.35034674 52.53239077)
11;2021;11;7;2;2;3;6;2;0;0;0;1;0;1;1;POINT (13.50936762 52.53495511)
10;2021;12;10;2;3;2;7;0;0;0;0;0;0;1;0;POINT (13.54613779 52.50524328)
3;2021;12;12;7;2;0;7;0;0;1;0;0;0;0;1;POINT (13.41530801 52.60499612)
1;2021;12;20;4;3;8;1;2;0;1;0;0;0;0;2;POINT (13.33223014 52.54585781)
12;2021;12;17;5;3;0;4;2;0;0;1;0;0;1;1;POINT (13.35592679 52.59819378)
3;2021;12;16;5;3;5;2;1;1;1;0;0;0;0;0;POINT (13.43649048 52.54846501)
9;2021;12;13;6;3;6;4;0;0;1;1;0;0;0;0;POINT (13.57406078 52.45686124)
4;2021;12;18;3;2;5;2;2;0;1;0;0;0;0;0;POINT (13.29750767 52.53458142)
4;2021;12;14;1;3;6;7;0;0;1;1;0;0;0;0;POINT (13.27028079 52.51078164)
1;2021;12;12;3;3;5;2;0;1;1;0;0;0;0;1;POINT (13.3413303 52.50519316)
5;2021;12;11;6;3;2;6;0;0;1;0;0;0;0;1;POINT (13.19595622 52.53695567)
1;2021;12;14;4;3;5;3;0;0;0;0;0;0;1;2;POINT (13.33777783 52.525187)
2;2021;12;5;1;2;6;4;2;0;1;1;0;0;0;1;POINT (13.42221822 52.50048862)
1;2021;12;16;2;3;2;6;1;0;1;0;0;0;1;1;POINT (13.35074302 52.51166314)
2;2021;12;19;3;3;5;3;2;1;1;0;0;0;0;1;POINT (13.46440441 52.50991559)
6;2021;12;16;1;3;2;6;1;0;1;0;0;0;0;1;POINT (13.35498438 52.42852319)
2;2021;12;14;4;3;1;5;0;1;1;0;0;0;0;0;POINT (13.38428038 52.4958187)
2;2021;12;7;4;3;5;2;1;1;1;0;0;0;0;1;POINT (13.4077683 52.48889641)
2;2021;12;22;6;3;2;2;2;0;1;0;0;0;0;1;POINT (13.44065024 52.5171527)
7;2021;12;13;2;3;2;6;0;1;1;0;0;0;0;2;POINT (13.36349874 52.47828799)
8;2021;12;17;3;3;5;3;1;0;1;0;0;0;1;1;POINT (13.49036022 52.42794209)
1;2021;12;14;6;3;2;6;0;1;1;0;0;0;0;1;POINT (13.35770887 52.50115514)
11;2021;12;19;5;3;0;1;2;0;0;0;1;0;0;1;POINT (13.48373716 52.5661524)
4;2021;12;15;6;3;5;2;1;0;1;0;0;0;0;1;POINT (13.31276605 52.48045524)
1;2021;12;16;5;2;6;4;1;0;1;1;0;0;0;0;POINT (13.35607778 52.55532798)
3;2021;11;17;1;2;2;1;1;0;1;0;0;0;0;1;POINT (13.45574569 52.5308907)
10;2021;12;11;1;3;2;6;0;0;1;0;0;0;1;0;POINT (13.59763953 52.5025639)
1;2021;12;17;2;3;1;5;2;1;1;0;0;0;0;0;POINT (13.36139663 52.50012696)
9;2021;12;23;7;3;1;5;2;0;1;0;0;0;0;1;POINT (13.57494331 52.46690759)
4;2021;12;16;6;3;5;2;1;0;1;0;0;0;0;0;POINT (13.32021327 52.48366392)
6;2021;12;18;2;3;5;2;2;0;1;0;0;0;1;1;POINT (13.34230935 52.45052458)
10;2021;12;9;4;2;4;1;0;0;1;0;0;1;0;2;POINT (13.52685607 52.53216223)
11;2021;12;14;4;3;5;3;0;0;1;0;0;0;0;1;POINT (13.51592723 52.50570196)
3;2021;12;8;1;3;6;2;0;0;1;1;0;0;0;0;POINT (13.43401815 52.54983167)
9;2021;12;21;7;3;5;2;2;1;1;0;0;0;0;0;POINT (13.48138962 52.46080819)
1;2021;11;7;2;3;6;2;0;0;1;1;0;0;0;1;POINT (13.34486166 52.53913834)
2;2021;12;17;1;3;0;2;2;1;0;0;0;0;1;0;POINT (13.43294346 52.51806404)
11;2021;12;16;4;3;5;3;1;1;1;0;0;0;0;0;POINT (13.47440847 52.50448)
1;2021;12;19;6;3;6;2;2;0;1;1;0;0;0;0;POINT (13.386403 52.55864843)
9;2021;12;18;2;3;2;6;2;0;1;0;0;0;0;1;POINT (13.47566899 52.45637597)
1;2021;12;23;3;2;3;6;2;0;1;0;0;0;0;1;POINT (13.39623921 52.53795755)
3;2021;12;18;3;3;5;2;2;0;1;0;0;0;0;0;POINT (13.40210555 52.60285746)
12;2021;12;21;4;3;6;2;2;0;1;1;0;0;0;0;POINT (13.36053212 52.5968058)
8;2021;12;10;5;3;6;4;0;0;1;1;0;0;0;0;POINT (13.42115794 52.49554755)
2;2021;12;13;4;3;5;3;0;1;1;0;0;0;0;0;POINT (13.4587347 52.52048014)
4;2021;12;16;4;3;6;4;2;0;1;1;0;0;0;2;POINT (13.33427807 52.49859044)
1;2021;12;14;7;3;2;7;0;1;1;0;0;0;0;0;POINT (13.3935253 52.51233654)
4;2021;12;20;3;2;6;2;2;0;1;1;0;0;0;1;POINT (13.3308363 52.48601886)
10;2021;12;15;4;3;6;4;0;0;1;1;0;0;0;0;POINT (13.584013 52.52420984)
8;2021;12;10;2;3;6;2;0;0;1;1;0;0;0;0;POINT (13.48995252 52.42013961)
1;2021;12;7;4;2;6;4;1;0;0;1;0;0;1;0;POINT (13.33403436 52.52354894)
3;2021;12;19;4;3;1;5;2;1;1;0;0;0;0;1;POINT (13.42349506 52.54316133)
1;2021;12;17;6;3;5;2;1;0;1;0;0;0;0;0;POINT (13.37860392 52.5447804)
2;2021;12;21;2;3;5;2;2;0;1;0;1;0;0;0;POINT (13.46687475 52.52016894)
6;2021;12;19;3;3;6;2;2;0;1;1;0;0;0;1;POINT (13.27780476 52.43192471)
4;2021;12;16;5;3;5;3;2;0;1;0;0;0;0;1;POINT (13.30764028 52.46823373)
10;2021;12;13;5;3;5;3;0;1;1;0;0;0;0;0;POINT (13.55827873 52.55399136)
2;2021;11;14;1;3;2;6;0;0;1;0;0;0;0;0;POINT (13.43944436 52.50237489)
9;2021;12;23;6;3;0;4;2;0;0;1;0;0;1;1;POINT (13.54274072 52.42387048)
6;2021;12;17;3;3;2;6;2;0;1;0;0;0;0;0;POINT (13.35238934 52.44088187)
4;2021;12;16;1;3;5;2;2;1;1;0;0;0;0;1;POINT (13.32314189 52.49109312)
4;2021;12;7;2;3;5;7;2;0;1;0;1;0;0;1;POINT (13.29781005 52.49162104)
2;2021;12;21;4;3;5;3;2;1;1;0;0;0;0;1;POINT (13.42486148 52.50202525)
3;2021;12;12;4;2;2;1;0;0;1;0;0;0;0;1;POINT (13.4302741 52.58879105)
4;2021;12;14;1;3;0;7;0;1;1;0;0;0;0;0;POINT (13.3206747 52.5018733)
5;2021;12;17;1;3;3;6;2;0;1;0;0;0;1;2;POINT (13.21699489 52.52698787)
7;2021;12;18;3;3;1;5;2;1;1;0;0;0;0;1;POINT (13.37351766 52.45552642)
3;2021;12;19;1;3;0;1;2;1;0;0;0;0;0;0;POINT (13.42028321 52.54841869)
8;2021;12;17;2;3;6;7;1;0;1;1;0;0;0;1;POINT (13.44627095 52.47108579)
6;2021;12;15;5;3;5;2;1;1;1;0;0;0;0;1;POINT (13.25779733 52.43461527)
1;2021;12;8;1;3;2;6;0;0;1;0;0;0;0;1;POINT (13.36169483 52.52408755)
5;2021;12;5;3;3;5;2;2;0;1;0;0;0;1;1;POINT (13.24708127 52.54413835)
1;2021;12;12;6;3;6;6;0;1;0;1;0;0;0;1;POINT (13.35797064 52.51696876)
12;2021;12;23;3;3;6;2;2;0;1;1;0;0;0;0;POINT (13.29953349 52.57918639)
11;2021;12;18;4;3;6;2;2;0;1;1;0;0;0;0;POINT (13.47362914 52.53578324)
4;2021;12;13;4;2;0;1;0;0;0;0;1;0;0;1;POINT (13.32098283 52.51303103)
4;2021;11;9;1;3;2;2;0;0;1;0;0;0;0;1;POINT (13.30661969 52.51749233)
4;2021;12;16;3;3;0;7;2;0;1;0;0;0;1;0;POINT (13.28107408 52.48054789)
1;2021;12;20;3;3;2;6;2;0;1;0;0;0;0;1;POINT (13.38730539 52.53361407)
6;2021;12;18;1;3;6;4;2;0;1;1;0;0;0;1;POINT (13.33942537 52.46027704)
4;2021;12;17;5;3;0;1;2;0;0;0;1;0;0;0;POINT (13.27431025 52.50806916)
8;2021;11;8;2;3;5;3;0;0;1;0;0;0;0;1;POINT (13.43251731 52.46938213)
9;2021;12;15;1;3;5;3;0;1;1;0;0;0;0;0;POINT (13.6244641 52.45051063)
11;2021;12;18;1;3;2;2;1;0;1;0;0;0;1;1;POINT (13.47976164 52.52489422)
7;2021;11;16;1;2;6;4;2;0;1;1;0;0;0;1;POINT (13.34802773 52.41483607)
4;2021;12;11;2;3;5;2;0;1;1;0;0;0;0;0;POINT (13.32009451 52.47165101)
4;2021;12;20;4;3;2;6;2;1;1;0;0;0;0;1;POINT (13.33479288 52.49941212)
10;2021;12;0;6;3;3;6;2;0;1;0;0;0;0;1;POINT (13.60717712 52.49028905)
8;2021;11;12;2;3;5;7;0;0;1;0;0;0;0;1;POINT (13.4480023 52.47749893)
2;2021;12;8;1;3;0;1;0;1;0;0;0;0;0;2;POINT (13.44116839 52.51819032)
2;2021;12;12;1;3;2;6;0;0;1;0;0;0;0;1;POINT (13.38451516 52.49653589)
1;2021;12;17;2;3;6;2;2;0;1;1;0;0;0;1;POINT (13.36986399 52.55985498)
6;2021;12;18;3;2;5;3;2;0;1;0;0;0;0;0;POINT (13.31535703 52.4164792)
2;2021;12;0;4;3;5;2;2;0;1;0;0;0;0;0;POINT (13.4065982 52.49836166)
8;2021;12;15;1;3;2;7;1;0;1;0;0;0;0;0;POINT (13.44001154 52.44785426)
7;2021;12;14;6;3;2;2;0;0;1;0;0;0;0;0;POINT (13.39277389 52.44754823)
11;2021;12;18;3;3;2;6;2;0;1;0;0;0;0;1;POINT (13.5245864 52.47828593)
1;2021;12;15;2;3;5;2;0;1;1;0;0;0;0;0;POINT (13.40561863 52.51415956)
11;2021;12;19;4;3;6;4;2;0;1;1;0;0;0;0;POINT (13.50485518 52.56339623)
4;2021;12;12;5;3;0;1;0;0;0;0;1;0;0;2;POINT (13.31418103 52.50804329)
6;2021;12;17;2;3;2;6;2;0;1;0;0;0;0;0;POINT (13.34343517 52.42786182)
4;2021;12;16;6;3;3;6;1;0;1;0;0;0;0;1;POINT (13.3322354 52.50105575)
11;2021;12;12;3;3;5;2;0;1;1;0;0;0;0;1;POINT (13.50158734 52.54896429)
7;2021;12;18;2;3;3;6;0;0;1;0;0;1;0;0;POINT (13.38571653 52.44556296)
3;2021;12;11;5;3;5;2;0;0;1;0;0;0;0;0;POINT (13.43278839 52.59582126)
7;2021;12;18;7;3;5;2;2;0;1;0;0;0;0;1;POINT (13.40103031 52.41456157)
7;2021;11;18;2;3;2;6;2;0;1;0;0;1;0;1;POINT (13.38140471 52.41079047)
2;2021;12;14;2;3;6;2;0;0;1;1;0;0;0;0;POINT (13.38802391 52.4929762)
9;2021;12;3;7;3;0;7;2;0;1;0;0;0;0;2;POINT (13.53952056 52.44896273)
11;2021;12;14;4;2;6;4;0;0;0;1;0;0;1;0;POINT (13.50387385 52.56424175)
7;2021;12;16;5;3;5;2;2;0;1;0;1;0;0;0;POINT (13.37213552 52.46977923)
4;2021;12;11;5;3;2;2;0;0;1;0;0;0;0;1;POINT (13.30642029 52.47699618)
9;2021;12;9;5;3;3;6;0;1;1;0;0;0;0;1;POINT (13.59604549 52.44376719)
12;2021;12;10;3;3;5;2;0;0;1;0;0;0;0;1;POINT (13.35183421 52.57375464)
8;2021;12;17;6;3;6;4;1;1;0;1;0;0;0;1;POINT (13.43791625 52.44837392)
2;2021;12;23;2;3;5;3;2;0;1;0;0;0;0;1;POINT (13.39550025 52.49900531)
3;2021;12;12;4;3;3;6;0;1;0;0;0;0;0;1;POINT (13.40665644 52.55406253)
4;2021;12;15;1;3;5;2;2;0;1;0;0;0;0;0;POINT (13.28005592 52.51831441)
10;2021;12;0;2;3;5;2;2;0;1;0;0;0;0;0;POINT (13.58910456 52.51754415)
4;2021;12;16;3;3;5;3;1;0;1;0;0;0;0;1;POINT (13.31690614 52.50129975)
6;2021;12;14;1;3;5;3;0;1;1;0;0;0;0;0;POINT (13.14369614 52.39756849)
1;2021;12;19;3;3;5;7;2;1;1;0;0;0;0;1;POINT (13.40314693 52.52899714)
5;2021;12;7;4;3;5;2;2;0;1;0;0;0;0;1;POINT (13.18243909 52.53842276)
11;2021;12;12;5;3;5;7;0;0;1;0;0;0;0;1;POINT (13.49471718 52.55965952)
1;2021;12;14;2;3;5;3;0;0;1;0;0;0;0;0;POINT (13.4037886 52.52603213)
6;2021;12;12;4;3;5;3;0;0;1;0;0;0;0;1;POINT (13.36683956 52.43494404)
4;2021;12;14;3;3;1;5;0;1;1;0;0;0;0;0;POINT (13.27624817 52.51461338)
5;2021;12;7;6;2;1;1;1;0;1;0;0;0;0;1;POINT (13.20953484 52.53854176)
10;2021;12;7;3;3;5;7;0;1;0;0;0;0;1;0;POINT (13.58568851 52.52912098)
4;2021;12;21;4;3;2;6;2;0;1;0;0;0;0;1;POINT (13.3370146 52.50392529)
11;2021;12;17;1;3;2;6;2;0;1;0;0;0;0;1;POINT (13.45841796 52.52758647)
8;2021;12;0;6;3;5;3;2;0;1;0;0;0;0;2;POINT (13.43312661 52.45243365)
11;2021;12;6;3;2;6;4;2;0;1;1;0;0;0;1;POINT (13.51053177 52.56908191)
4;2021;12;9;2;3;1;5;0;1;1;0;0;0;0;0;POINT (13.30832325 52.49636544)
1;2021;12;13;1;3;5;3;0;1;0;0;0;0;1;1;POINT (13.35664123 52.53566567)
7;2021;12;17;4;3;2;6;2;0;1;0;0;0;0;0;POINT (13.39155018 52.46571973)
5;2021;12;22;5;3;5;3;2;1;1;0;0;0;0;1;POINT (13.20544905 52.53950932)
9;2021;12;20;1;3;0;1;2;1;0;0;0;0;0;1;POINT (13.57170627 52.4378023)
6;2021;12;17;6;3;2;6;1;0;1;0;0;0;0;1;POINT (13.35277452 52.43334401)
3;2021;12;10;2;3;5;3;0;0;1;0;0;0;0;0;POINT (13.4642109 52.52355107)
5;2021;12;8;3;2;5;2;0;0;1;0;0;0;0;0;POINT (13.22580616 52.55513503)
1;2021;12;16;6;3;6;2;1;0;1;1;0;0;0;1;POINT (13.33321436 52.56091056)
8;2021;12;14;4;3;5;3;0;1;1;0;0;0;0;0;POINT (13.43115172 52.48460068)
4;2021;11;14;1;3;1;5;0;1;1;0;0;0;0;1;POINT (13.31783007 52.47389584)
1;2021;12;6;2;3;5;3;2;0;1;0;0;0;1;1;POINT (13.39196012 52.50964191)
3;2021;12;15;7;3;1;5;1;1;1;0;0;0;0;0;POINT (13.47604856 52.54911976)
1;2021;12;17;5;3;5;3;2;0;1;0;0;0;0;1;POINT (13.39143965 52.55031033)
7;2021;12;13;2;3;5;2;0;1;0;0;0;0;1;1;POINT (13.35763943 52.48668166)
5;2021;12;18;5;3;6;4;2;0;1;1;0;0;0;1;POINT (13.19819687 52.53303395)
6;2021;12;19;7;3;1;5;2;0;1;0;0;0;0;1;POINT (13.3024551 52.42512168)
7;2021;12;19;7;3;6;2;2;0;1;1;0;0;0;0;POINT (13.35030304 52.41440182)
1;2021;11;22;2;3;6;4;2;0;0;1;0;0;1;1;POINT (13.38417318 52.55479786)
9;2021;12;10;1;3;5;2;0;1;1;0;0;0;0;0;POINT (13.50270483 52.47009671)
12;2021;12;8;4;3;6;2;0;0;0;1;0;0;1;1;POINT (13.36053001 52.5968209)
10;2021;12;5;4;3;3;6;2;0;1;0;0;0;1;0;POINT (13.52998839 52.53803281)
7;2021;12;16;7;3;6;2;2;0;1;1;0;0;0;1;POINT (13.37259307 52.42180841)
6;2021;12;20;2;3;1;7;2;0;1;0;0;0;0;1;POINT (13.30226885 52.45721334)
4;2021;12;13;6;3;5;2;0;0;1;0;0;0;0;1;POINT (13.29671589 52.54806585)
1;2021;12;8;4;3;1;5;0;1;1;0;0;0;0;0;POINT (13.38066213 52.53249437)
1;2021;12;6;3;3;5;3;2;1;0;0;0;0;1;2;POINT (13.35158885 52.52702046)
8;2021;12;17;4;3;2;2;2;0;1;0;0;0;1;0;POINT (13.47264494 52.46115329)
4;2021;12;9;4;3;2;2;0;0;1;0;0;0;0;1;POINT (13.24680383 52.51381783)
1;2021;12;16;5;3;6;2;1;0;1;1;0;0;0;1;POINT (13.35069439 52.53240497)
1;2021;12;11;1;3;5;2;0;1;1;0;0;0;0;0;POINT (13.38149942 52.51509311)
10;2021;12;16;3;3;6;4;1;0;1;1;0;0;0;1;POINT (13.59296027 52.51841804)
8;2021;12;16;1;3;3;6;1;0;1;0;0;1;0;1;POINT (13.44063496 52.48152322)
2;2021;12;23;3;2;1;5;2;0;1;0;0;0;1;0;POINT (13.45625893 52.52098829)
1;2021;12;17;5;2;5;5;2;0;1;0;0;0;0;0;POINT (13.37698001 52.5573166)
4;2021;11;10;1;3;5;2;0;0;1;0;0;0;0;0;POINT (13.27817856 52.51849006)
9;2021;12;23;7;3;5;3;2;0;1;0;0;0;1;1;POINT (13.57666942 52.42225815)
3;2021;12;8;3;3;0;5;0;1;1;0;0;0;0;0;POINT (13.4186537 52.56880549)
1;2021;12;20;6;3;6;4;2;0;0;1;0;0;1;1;POINT (13.34082403 52.52630305)
1;2021;12;15;1;3;5;3;0;1;1;0;0;0;0;1;POINT (13.33412993 52.55724691)
12;2021;12;12;3;3;1;5;0;0;1;0;0;0;1;0;POINT (13.35080935 52.56843976)
1;2021;12;15;6;3;0;1;1;1;0;0;0;0;0;1;POINT (13.4019915 52.52364536)
10;2021;12;12;4;3;5;2;0;0;1;0;0;0;0;0;POINT (13.58328113 52.52373193)
3;2021;11;9;1;3;5;3;0;0;1;0;0;0;1;1;POINT (13.41842277 52.53665953)
12;2021;12;19;7;3;6;4;2;0;1;1;0;0;0;1;POINT (13.33627696 52.59554936)
2;2021;12;16;3;3;5;2;2;1;1;0;0;0;0;0;POINT (13.38408398 52.49521875)
7;2021;12;16;5;3;6;2;2;0;1;1;0;0;0;1;POINT (13.34570532 52.49424853)
10;2021;12;18;2;2;6;2;2;0;1;1;0;0;0;1;POINT (13.57459431 52.55529761)
1;2021;12;22;5;2;0;1;2;0;1;0;0;1;0;1;POINT (13.36387724 52.55681625)
4;2021;12;9;5;3;5;2;0;0;1;0;0;0;0;0;POINT (13.32623697 52.53803842)