bez;ujahr;umonat;ustunde;uwochentag;ukategorie;uart;utyp1;ulichtverh;istrad;istpkw;istfuss;istkrad;istgkfz;istsonstige;ustrzustand;geometry
4;2021;11;18;2;3;2;6;2;0;1;0;0;0;0;0;POINT (13.33739043 52.50377876)
10;2021;11;18;4;3;6;4;1;0;1;1;0;0;0;1;POINT (13.52700336 52.51620061)
3;2021;10;12;6;3;5;3;0;0;1;0;0;0;0;0;POINT (13.41348286 52.54765484)
7;2021;10;14;5;3;5;2;0;0;1;0;0;0;0;0;POINT (13.3891474 52.39847583)
11;2021;10;15;2;3;2;6;0;0;1;0;0;1;0;0;POINT (13.51423234 52.53514613)
11;2021;10;4;3;2;5;2;2;0;1;0;1;0;0;0;POINT (13.50296938 52.55442785)
1;2021;10;8;2;3;0;1;0;1;0;0;0;0;0;1;POINT (13.38512094 52.53113123)
2;2021;11;17;4;3;3;6;2;1;1;0;0;0;0;1;POINT (13.40909382 52.50154896)
8;2021;11;18;2;3;5;3;2;1;1;0;0;0;0;1;POINT (13.43794409 52.48809399)
5;2021;10;7;3;3;5;2;0;1;1;0;0;0;0;1;POINT (13.17711955 52.52542344)
2;2021;10;18;3;3;1;5;0;0;1;0;0;0;0;0;POINT (13.46593307 52.50491261)
8;2021;11;23;5;3;2;6;2;0;1;0;0;0;0;0;POINT (13.47785428 52.4100837)
9;2021;11;16;6;3;3;7;1;0;1;0;0;0;0;0;POINT (13.55204881 52.43000047)
7;2021;11;15;3;3;5;2;0;1;0;0;0;1;0;0;POINT (13.3615403 52.41241146)
12;2021;11;21;7;3;5;3;2;0;1;0;0;0;0;0;POINT (13.36438302 52.56265206)
8;2021;10;8;6;2;5;2;0;0;1;0;0;0;0;0;POINT (13.49529859 52.43165729)
2;2021;10;17;3;3;5;3;1;0;1;0;0;0;0;0;POINT (13.46690205 52.52009893)
4;2021;10;5;7;3;8;1;2;0;1;0;0;0;0;0;POINT (13.3003909 52.5225986)
5;2021;10;20;7;3;2;6;2;0;1;0;0;0;0;0;POINT (13.14800759 52.53281781)
5;2021;11;15;4;3;2;2;0;0;1;0;0;0;0;0;POINT (13.15805007 52.53316738)
10;2021;11;15;5;3;5;2;0;0;1;0;0;0;0;0;POINT (13.5171384 52.53547129)
2;2021;10;18;6;3;2;2;1;0;1;0;0;0;0;0;POINT (13.40209357 52.4925227)
3;2021;10;18;4;3;6;2;2;0;1;1;0;0;0;1;POINT (13.40663536 52.56540543)
3;2021;11;18;4;2;5;2;2;1;0;0;0;0;0;0;POINT (13.42698872 52.56433822)
1;2021;11;5;2;3;2;6;2;0;1;0;0;0;0;1;POINT (13.38359147 52.55577974)
4;2021;10;14;4;3;5;2;0;1;1;0;0;0;0;0;POINT (13.31729591 52.51216606)
10;2021;10;14;4;3;5;3;0;1;1;0;0;0;0;1;POINT (13.60555366 52.48780172)
3;2021;10;15;4;3;2;6;0;1;1;0;0;0;0;0;POINT (13.45951335 52.64604121)
1;2021;11;7;1;3;2;6;0;0;1;0;0;0;0;1;POINT (13.36002814 52.5371801)
7;2021;11;16;4;3;1;5;1;1;1;0;0;0;0;1;POINT (13.33529722 52.4737629)
7;2021;11;12;2;3;5;7;0;0;1;0;0;1;0;0;POINT (13.36049041 52.41050147)
11;2021;10;12;1;3;5;7;0;0;1;0;0;0;1;0;POINT (13.47790292 52.51463855)
12;2021;10;8;4;3;5;2;0;0;1;0;1;0;0;0;POINT (13.34514037 52.58129556)
11;2021;10;7;2;3;6;4;0;0;1;1;0;0;0;0;POINT (13.47949415 52.52687124)
4;2021;11;16;2;3;2;7;1;0;1;0;0;0;0;0;POINT (13.22327074 52.51023274)
10;2021;11;12;4;3;5;3;0;1;1;0;0;0;0;0;POINT (13.61992887 52.53953529)
3;2021;11;16;7;3;5;3;1;0;1;0;0;0;0;1;POINT (13.36995187 52.58934391)
1;2021;10;8;1;3;6;4;0;1;0;1;0;0;0;0;POINT (13.34759624 52.50699081)
2;2021;10;19;1;3;5;3;1;0;1;0;0;0;1;0;POINT (13.44064035 52.51711811)
1;2021;11;16;6;3;6;4;2;0;1;1;0;0;0;1;POINT (13.37774713 52.50786628)
6;2021;10;18;4;3;6;2;1;0;1;1;0;0;0;0;POINT (13.29079102 52.44829785)
4;2021;10;0;6;2;8;1;2;0;1;0;0;0;0;0;POINT (13.31360417 52.51534384)
12;2021;10;20;5;3;0;3;2;0;1;0;1;0;0;1;POINT (13.32626982 52.60861904)
1;2021;10;15;5;3;6;4;0;1;0;1;0;0;0;0;POINT (13.34670603 52.51942919)
5;2021;11;15;1;3;5;2;0;0;1;0;0;0;0;1;POINT (13.19955568 52.53468017)
4;2021;11;7;5;3;1;5;0;1;1;0;0;0;0;1;POINT (13.30094947 52.50509562)
9;2021;11;17;3;3;6;4;2;0;0;1;0;0;1;0;POINT (13.51352629 52.46256485)
4;2021;10;0;5;3;0;1;2;1;0;0;0;0;0;0;POINT (13.33886339 52.50268646)
11;2021;10;10;2;3;5;3;0;0;1;0;0;0;0;0;POINT (13.49982712 52.53437321)
8;2021;10;19;2;3;1;5;2;1;1;0;0;0;0;1;POINT (13.43834645 52.48267346)
12;2021;11;12;2;3;5;3;0;0;1;0;1;0;0;1;POINT (13.33774443 52.6114735)
4;2021;10;7;2;3;1;5;1;1;1;0;0;0;0;1;POINT (13.31852361 52.49192894)
1;2021;10;13;3;3;4;1;0;0;1;0;1;0;0;0;POINT (13.39172821 52.55563195)
1;2021;11;12;7;3;5;3;0;0;1;0;0;0;0;1;POINT (13.42199267 52.50510059)
7;2021;11;6;1;2;5;5;2;0;1;0;1;0;0;1;POINT (13.35118196 52.41548354)
3;2021;11;14;3;3;8;1;0;0;1;0;0;0;0;0;POINT (13.45218475 52.59976551)
5;2021;11;15;6;3;6;4;0;0;1;1;0;0;0;0;POINT (13.19545722 52.53338794)
1;2021;10;9;6;3;5;3;0;1;1;0;0;0;0;0;POINT (13.38827762 52.52027791)
12;2021;10;10;6;2;5;2;0;0;1;0;0;0;0;0;POINT (13.33294433 52.59544761)
3;2021;11;15;2;3;0;6;0;1;0;0;0;0;1;0;POINT (13.39940977 52.54643621)
10;2021;11;13;4;3;5;3;0;0;1;0;0;0;0;0;POINT (13.5687763 52.54461708)
4;2021;10;20;6;3;0;7;2;1;0;0;0;0;0;0;POINT (13.2735327 52.54174174)
6;2021;10;9;3;3;1;5;0;0;1;0;0;0;0;0;POINT (13.25438428 52.45085501)
1;2021;10;8;2;2;5;3;0;0;1;0;0;0;1;1;POINT (13.3989326 52.50822652)
6;2021;11;16;3;3;5;2;2;1;1;0;0;0;0;1;POINT (13.312288 52.43034985)
4;2021;11;20;2;2;5;2;2;0;1;0;0;0;0;1;POINT (13.32610691 52.53836698)
4;2021;10;16;3;3;3;6;0;0;1;0;0;1;0;0;POINT (13.27612951 52.50734265)
7;2021;10;14;2;3;2;6;0;0;1;0;0;0;0;0;POINT (13.36992491 52.46711642)
2;2021;10;13;3;3;1;5;0;1;1;0;0;0;0;0;POINT (13.41747697 52.49056775)
7;2021;11;10;1;3;6;2;0;0;1;1;0;0;0;0;POINT (13.38440213 52.48167226)
6;2021;10;7;2;3;6;2;2;0;1;1;0;0;0;1;POINT (13.36199819 52.43465051)
12;2021;11;4;6;2;1;5;2;1;1;0;0;0;0;0;POINT (13.25828718 52.56839333)
4;2021;11;13;1;3;5;2;0;1;1;0;0;0;0;1;POINT (13.31729575 52.51216626)
8;2021;11;6;2;3;2;6;2;0;1;0;0;0;0;1;POINT (13.43569401 52.42327547)
8;2021;11;8;5;3;2;6;0;1;1;0;0;0;0;0;POINT (13.49507671 52.42101)
8;2021;10;2;6;3;0;1;2;0;0;0;0;0;1;0;POINT (13.42077881 52.48028557)
7;2021;10;11;6;3;5;3;0;0;1;0;0;0;1;0;POINT (13.39646306 52.39698537)
11;2021;11;10;2;3;0;2;0;1;1;0;0;0;0;1;POINT (13.50536912 52.53455646)
1;2021;11;18;4;3;5;7;2;0;1;0;0;0;1;1;POINT (13.38793835 52.52218069)
1;2021;10;14;6;2;6;7;0;0;0;1;0;0;1;0;POINT (13.38203567 52.55292317)
10;2021;10;15;5;3;6;2;0;0;1;1;0;0;0;0;POINT (13.60465709 52.53215762)
7;2021;10;21;2;3;0;7;2;1;0;0;0;0;0;1;POINT (13.36149085 52.49780742)
9;2021;10;6;2;2;6;4;2;0;1;1;0;0;0;1;POINT (13.55961057 52.43550581)
2;2021;11;19;3;3;0;6;2;0;1;0;1;0;0;1;POINT (13.41761383 52.50174826)
6;2021;11;20;2;3;0;7;2;0;0;0;0;0;1;1;POINT (13.32260945 52.46374572)
7;2021;10;11;3;2;5;2;0;0;1;0;1;0;0;0;POINT (13.39155478 52.41942585)
4;2021;10;9;5;3;2;6;0;0;1;0;0;0;1;1;POINT (13.2833939 52.53381083)
3;2021;11;21;5;2;2;6;2;0;1;0;0;0;0;0;POINT (13.42419582 52.59403018)
2;2021;11;10;6;3;5;2;0;0;1;0;0;0;0;0;POINT (13.39438846 52.50111736)
12;2021;11;18;3;3;0;7;1;0;1;0;0;0;1;0;POINT (13.32243623 52.56538485)
7;2021;11;16;1;3;6;2;0;0;1;1;0;0;0;0;POINT (13.34519262 52.49037761)
3;2021;10;10;6;3;0;2;0;1;1;0;0;0;0;0;POINT (13.41092805 52.56117488)
1;2021;10;17;3;2;6;4;0;0;0;1;0;0;1;0;POINT (13.33412148 52.52438474)
6;2021;10;17;1;3;0;1;1;1;0;0;0;0;0;0;POINT (13.23224473 52.43752978)
2;2021;11;9;1;3;5;2;0;0;1;0;0;0;1;0;POINT (13.44902719 52.52432225)
3;2021;11;8;3;3;5;2;0;1;0;0;0;0;1;0;POINT (13.4598737 52.59353666)
11;2021;11;10;5;3;5;3;0;0;1;0;0;0;0;1;POINT (13.46687958 52.52840521)
2;2021;10;13;7;3;5;3;0;0;1;0;1;0;0;0;POINT (13.39957858 52.49387807)
7;2021;10;23;3;3;0;1;2;0;0;0;0;0;1;0;POINT (13.3496985 52.49561053)
2;2021;11;14;5;3;0;7;0;0;0;0;1;0;0;0;POINT (13.45094471 52.5269789)
1;2021;11;9;3;3;5;2;0;1;1;0;0;0;0;1;POINT (13.35467776 52.5170378)
2;2021;10;18;3;3;6;4;2;0;1;1;0;0;0;0;POINT (13.41534915 52.50313183)
10;2021;10;8;6;3;5;3;0;0;1;0;0;0;0;1;POINT (13.57871987 52.56610806)
11;2021;10;14;5;3;5;2;0;0;0;0;0;0;1;0;POINT (13.47343365 52.53600213)
11;2021;11;6;2;3;5;3;1;0;1;0;1;0;0;1;POINT (13.5055096 52.51138924)
1;2021;11;19;4;2;6;2;1;0;1;1;0;0;0;1;POINT (13.39103733 52.5445628)
2;2021;11;9;3;3;5;2;0;1;1;0;0;0;0;1;POINT (13.39438668 52.50701462)
2;2021;10;5;6;2;1;5;2;1;1;0;0;0;0;0;POINT (13.40243485 52.49230361)
8;2021;10;16;4;3;6;7;0;0;1;1;0;0;0;0;POINT (13.48868743 52.42672121)
6;2021;10;9;2;3;0;2;0;1;1;0;0;0;0;1;POINT (13.35020817 52.43420167)
7;2021;10;22;1;3;5;7;2;0;0;0;1;0;1;0;POINT (13.36931014 52.45095059)
11;2021;11;16;1;3;3;6;1;1;0;0;0;0;0;1;POINT (13.50525509 52.56303169)
6;2021;11;15;5;3;9;1;0;0;1;0;0;0;0;1;POINT (13.1907742 52.45431283)
3;2021;11;5;6;3;0;6;2;0;1;0;0;0;0;0;POINT (13.38770016 52.58953163)
10;2021;10;13;2;3;1;5;0;0;1;0;0;0;0;1;POINT (13.59457879 52.48233674)
1;2021;11;16;6;3;3;6;2;0;1;0;1;0;0;1;POINT (13.38761823 52.54878044)
2;2021;11;17;1;3;6;2;2;0;1;1;0;0;0;1;POINT (13.37665252 52.48781982)
10;2021;10;6;4;3;5;2;0;0;1;0;0;0;0;0;POINT (13.53262606 52.52177576)
2;2021;10;7;5;3;1;5;2;1;1;0;0;0;0;0;POINT (13.44701828 52.52077451)
1;2021;10;16;1;3;6;4;0;1;0;1;0;0;0;0;POINT (13.38320282 52.55423838)
4;2021;10;14;5;3;1;5;0;0;1;0;1;0;0;0;POINT (13.31416252 52.48122118)
1;2021;11;9;3;3;3;6;0;0;0;0;1;0;1;0;POINT (13.39376448 52.51072974)
8;2021;11;17;4;3;1;5;2;0;1;0;0;0;0;1;POINT (13.44683538 52.47410979)
4;2021;10;14;5;3;2;6;0;0;1;0;0;0;0;0;POINT (13.30221574 52.50685731)
7;2021;10;8;2;2;5;2;0;1;1;0;0;0;0;0;POINT (13.38541881 52.46712304)
4;2021;10;23;2;3;2;6;2;0;1;0;0;0;0;0;POINT (13.33534068 52.48806683)
1;2021;10;10;1;3;1;5;0;1;0;0;0;0;1;1;POINT (13.41364978 52.50737212)
9;2021;11;16;1;2;5;3;1;0;1;0;1;0;0;0;POINT (13.5727726 52.42779302)
7;2021;10;18;3;2;0;7;1;0;1;0;0;0;0;0;POINT (13.40352625 52.38668045)
1;2021;10;2;7;3;0;1;2;1;0;0;0;0;0;0;POINT (13.40445982 52.52332854)
7;2021;11;18;6;3;2;6;2;0;1;0;1;0;0;0;POINT (13.37168522 52.49250577)
11;2021;11;11;2;3;5;3;0;0;1;0;0;0;0;1;POINT (13.50787178 52.54445385)
6;2021;11;21;1;3;5;7;2;0;1;0;1;0;0;0;POINT (13.32391896 52.45611229)
11;2021;10;0;7;1;5;2;2;0;1;0;0;0;1;0;POINT (13.4996975 52.53449667)
8;2021;10;20;6;3;2;6;2;0;1;0;0;0;0;0;POINT (13.48325329 52.40610958)
1;2021;11;11;3;3;5;2;0;0;1;0;0;1;0;0;POINT (13.34500605 52.5391522)
8;2021;11;12;6;3;2;6;0;0;1;0;1;0;0;0;POINT (13.44241222 52.46979173)
3;2021;10;4;1;3;0;1;2;0;0;0;1;0;0;1;POINT (13.46300615 52.53234742)
1;2021;10;10;3;3;1;7;0;0;1;0;1;0;0;0;POINT (13.39009166 52.51303986)
1;2021;11;8;3;3;5;2;0;1;1;0;0;0;0;1;POINT (13.36683149 52.55720856)
7;2021;11;16;2;3;5;3;2;1;1;0;0;0;0;1;POINT (13.38271249 52.40435201)
7;2021;10;10;4;3;2;7;0;0;0;0;1;0;1;0;POINT (13.33974795 52.48820568)
11;2021;10;15;4;3;2;6;1;0;1;0;1;0;0;1;POINT (13.47654925 52.53277345)
7;2021;11;14;5;3;5;3;0;0;1;0;0;0;1;0;POINT (13.37788635 52.46585479)
10;2021;11;7;1;3;5;3;0;1;1;0;0;0;0;1;POINT (13.64688936 52.52148421)
11;2021;11;8;3;3;6;4;0;1;0;1;0;0;0;0;POINT (13.4930884 52.54441911)
7;2021;11;13;1;3;5;3;0;0;1;0;0;0;1;0;POINT (13.4013617 52.41464814)
8;2021;10;10;6;3;2;6;0;0;1;0;0;0;0;0;POINT (13.40599355 52.41561493)
7;2021;10;9;3;3;5;3;0;0;0;0;0;0;1;0;POINT (13.33258177 52.46905031)
5;2021;10;3;7;2;8;1;2;0;1;0;0;0;0;0;POINT (13.24772988 52.53847769)
9;2021;11;7;1;2;6;4;0;0;0;1;0;0;1;0;POINT (13.53641478 52.41243222)
2;2021;11;14;4;3;3;6;0;0;1;0;1;0;0;0;POINT (13.43172685 52.52332947)
8;2021;11;16;6;3;5;2;2;1;1;0;0;0;0;0;POINT (13.43985456 52.47939464)
3;2021;10;11;1;3;2;2;0;1;1;0;0;0;0;1;POINT (13.41431752 52.55389755)
7;2021;10;15;4;3;1;5;0;1;1;0;0;0;0;0;POINT (13.3450327 52.49577354)
2;2021;11;17;5;3;6;7;1;1;0;1;0;0;0;0;POINT (13.383425 52.49337219)
4;2021;11;16;3;3;2;7;2;0;1;0;0;0;0;1;POINT (13.30771035 52.48840553)
4;2021;10;10;4;3;1;5;0;1;1;0;0;0;0;0;POINT (13.2743807 52.51066249)
1;2021;10;20;3;3;6;7;2;0;1;1;0;0;0;0;POINT (13.39893891 52.53253371)
1;2021;10;10;6;3;2;6;0;0;1;0;0;0;1;1;POINT (13.34645787 52.54734719)
11;2021;10;7;5;3;3;6;0;0;1;0;0;1;0;0;POINT (13.48004208 52.51787728)
7;2021;11;11;2;3;0;3;0;1;1;0;0;0;0;0;POINT (13.35190339 52.49481148)
12;2021;11;17;4;3;6;4;2;0;0;1;0;0;1;1;POINT (13.37759089 52.56465779)
9;2021;11;19;2;2;0;1;2;0;1;0;0;0;0;0;POINT (13.48852332 52.45906091)
12;2021;10;23;7;2;1;5;2;1;1;0;0;0;0;0;POINT (13.37711955 52.57219016)
7;2021;10;8;4;3;6;2;0;0;1;1;0;0;0;0;POINT (13.35369669 52.49992095)
1;2021;10;14;2;3;5;3;0;1;1;0;0;0;0;0;POINT (13.39019445 52.50863689)
2;2021;10;9;5;2;2;7;0;0;1;0;0;0;1;0;POINT (13.43508703 52.5087295)
2;2021;10;8;1;3;5;2;0;1;1;0;0;0;0;0;POINT (13.39838032 52.50705543)
8;2021;11;15;5;3;5;2;0;1;1;0;0;0;0;0;POINT (13.42495357 52.48062893)
5;2021;11;20;1;3;2;6;2;0;1;0;0;0;0;1;POINT (13.23825089 52.54519236)
1;2021;11;12;4;3;1;5;0;1;1;0;0;0;0;1;POINT (13.38740747 52.52542008)
1;2021;11;22;2;2;3;2;2;0;1;0;1;0;0;0;POINT (13.34945463 52.51508855)
7;2021;10;11;6;3;6;4;0;1;0;1;0;0;0;0;POINT (13.37944503 52.40657925)
7;2021;10;12;4;3;2;6;0;0;1;0;0;0;0;0;POINT (13.40083522 52.44548868)
11;2021;10;10;1;3;6;2;0;0;1;1;0;0;0;0;POINT (13.48548825 52.52328251)
8;2021;10;11;7;3;2;6;0;1;1;0;0;0;0;0;POINT (13.42105586 52.46720957)
1;2021;11;17;3;3;5;2;2;0;1;0;0;0;1;0;POINT (13.38835101 52.52615028)
7;2021;11;0;6;3;1;5;2;1;1;0;0;0;0;0;POINT (13.34333848 52.47309715)
1;2021;10;8;1;3;1;5;0;1;0;0;0;0;1;1;POINT (13.37775623 52.50788184)
3;2021;10;11;4;3;5;2;0;0;1;0;0;0;1;1;POINT (13.46055332 52.52345542)
3;2021;10;4;3;3;0;1;2;0;0;0;1;0;0;1;POINT (13.49787248 52.62836044)
2;2021;11;18;4;3;2;6;2;0;1;0;0;0;0;0;POINT (13.41820738 52.49878642)
10;2021;11;1;2;3;9;1;2;0;1;0;0;0;0;0;POINT (13.56061271 52.48936094)
10;2021;10;13;4;3;5;2;0;1;1;0;0;0;0;0;POINT (13.52479973 52.53627875)
3;2021;10;14;5;3;5;2;0;0;0;0;0;1;1;1;POINT (13.4791978 52.55331308)
12;2021;10;8;5;3;0;4;0;0;0;1;1;0;0;0;POINT (13.335774 52.59568913)
1;2021;11;6;2;3;2;6;1;0;1;0;0;0;0;0;POINT (13.35111563 52.51516149)
2;2021;11;18;4;3;1;5;2;1;1;0;0;0;0;1;POINT (13.44567964 52.4991143)
3;2021;11;18;2;3;2;6;2;0;1;0;0;0;0;0;POINT (13.40826573 52.55396802)
11;2021;10;17;7;2;5;2;0;1;0;0;1;0;0;0;POINT (13.48820744 52.50216514)
3;2021;10;8;4;3;5;3;0;1;1;0;0;0;0;0;POINT (13.41326952 52.54870044)
2;2021;10;18;1;3;1;5;2;1;1;0;0;0;0;0;POINT (13.43832435 52.5187765)
4;2021;10;19;1;3;5;2;1;0;1;0;1;0;0;0;POINT (13.33158955 52.50527022)
5;2021;11;18;1;3;5;2;2;1;1;0;0;0;0;1;POINT (13.18496766 52.51553923)
3;2021;11;9;4;3;6;2;0;0;1;1;0;0;0;0;POINT (13.45589963 52.53073331)
1;2021;11;21;7;2;0;1;2;1;0;0;0;0;0;1;POINT (13.39869632 52.53257287)
6;2021;10;19;2;3;0;7;2;0;1;0;1;0;0;1;POINT (13.33365222 52.4653569)
8;2021;10;18;1;3;6;2;2;0;1;1;0;0;0;0;POINT (13.46458015 52.4703169)
1;2021;11;18;6;3;6;4;2;0;0;1;1;0;0;1;POINT (13.38345521 52.55491653)
4;2021;11;14;1;3;6;7;0;0;1;1;0;0;0;0;POINT (13.30652985 52.51666392)
7;2021;11;15;1;3;0;1;1;1;0;0;0;0;0;1;POINT (13.32840339 52.4775249)
10;2021;10;7;5;3;5;2;0;1;1;0;0;0;0;0;POINT (13.59322011 52.52179381)
1;2021;10;12;5;3;5;3;0;0;1;0;1;0;0;0;POINT (13.41710177 52.51244199)
5;2021;10;23;5;2;0;6;2;0;1;0;0;0;0;0;POINT (13.18007276 52.50493066)
5;2021;11;7;3;2;5;2;0;0;1;0;1;0;0;0;POINT (13.21758886 52.5604061)
1;2021;11;8;4;3;2;6;0;1;1;0;0;0;0;0;POINT (13.37968987 52.5296076)
3;2021;10;1;6;2;0;1;2;0;0;0;0;0;1;0;POINT (13.39601109 52.56596548)
5;2021;10;1;1;2;1;7;2;0;1;0;0;0;1;1;POINT (13.20779457 52.55375015)
2;2021;10;18;2;3;0;1;2;0;0;0;1;0;0;1;POINT (13.39221915 52.49797391)
7;2021;10;14;1;3;2;6;0;0;0;0;1;0;1;0;POINT (13.3761038 52.43726075)
8;2021;11;20;2;2;5;3;2;0;1;0;0;0;0;1;POINT (13.43314131 52.45243393)
1;2021;10;21;3;3;5;3;2;0;1;0;0;0;1;0;POINT (13.34112905 52.55688905)
7;2021;10;18;3;3;2;6;2;0;1;0;0;0;0;0;POINT (13.38395299 52.45014787)
7;2021;11;16;7;3;2;2;2;0;1;0;0;0;0;1;POINT (13.39124533 52.44666893)
4;2021;11;16;3;3;5;2;1;1;1;0;0;0;0;0;POINT (13.26618832 52.4827535)
12;2021;11;16;6;3;5;2;2;0;1;0;0;0;0;0;POINT (13.36051697 52.59691423)
7;2021;10;13;7;3;5;3;0;0;1;0;1;0;0;0;POINT (13.35955021 52.45474819)
2;2021;10;20;6;3;5;3;2;0;1;0;0;0;0;0;POINT (13.40384177 52.49529257)
1;2021;11;18;4;3;4;6;1;1;0;0;0;0;1;1;POINT (13.3573383 52.553032)
7;2021;11;15;5;3;5;3;0;0;1;0;0;0;0;0;POINT (13.34778921 52.46502436)
11;2021;10;7;1;3;6;4;0;1;0;1;0;0;0;1;POINT (13.49464139 52.50387002)
6;2021;10;14;3;3;2;6;0;0;1;0;0;0;0;0;POINT (13.26606639 52.41533645)
7;2021;11;14;4;3;0;7;0;0;1;0;0;0;0;0;POINT (13.33235862 52.46909488)
4;2021;11;8;3;3;5;2;0;1;1;0;0;0;0;1;POINT (13.3195814 52.49210723)
6;2021;10;16;4;3;5;3;0;0;1;0;0;0;0;0;POINT (13.26768412 52.40713221)
2;2021;10;17;4;3;5;2;0;1;1;0;0;0;0;1;POINT (13.44061142 52.51702327)
2;2021;10;15;5;2;0;7;0;1;0;0;0;0;0;0;POINT (13.46675101 52.49736666)
10;2021;11;11;7;3;8;1;0;0;1;0;0;0;0;1;POINT (13.60086681 52.52795746)
1;2021;11;16;4;3;3;6;2;0;0;0;1;0;1;1;POINT (13.41635424 52.5217107)
12;2021;11;18;2;3;2;2;1;0;1;0;0;0;0;0;POINT (13.36303273 52.59704798)
5;2021;10;17;6;3;5;2;0;1;1;0;0;0;0;0;POINT (13.24756105 52.52452466)
2;2021;10;11;4;3;5;3;0;1;1;0;0;0;0;0;POINT (13.42560919 52.5275187)
2;2021;10;6;1;3;5;2;1;1;0;0;0;0;1;0;POINT (13.38975201 52.49590982)
7;2021;11;10;1;3;2;6;0;0;1;0;0;0;0;0;POINT (13.45825024 52.45869581)
9;2021;11;12;4;3;6;3;0;0;1;1;0;0;0;0;POINT (13.50657515 52.44762434)
1;2021;11;23;6;3;5;7;2;0;1;0;1;0;0;0;POINT (13.36072569 52.50031905)
6;2021;10;16;1;2;6;4;0;0;1;1;0;0;0;0;POINT (13.29816673 52.44163155)
11;2021;10;15;2;3;5;3;0;1;1;0;0;0;0;1;POINT (13.50177149 52.49820518)
1;2021;10;13;4;3;3;6;0;0;0;0;1;0;1;1;POINT (13.41579419 52.52133172)
8;2021;11;14;5;2;0;6;0;0;1;0;0;0;1;0;POINT (13.42706299 52.487305)
5;2021;10;19;4;2;0;3;0;0;1;0;1;0;0;0;POINT (13.23203373 52.5392745)
10;2021;10;15;5;3;5;3;0;1;1;0;0;0;0;1;POINT (13.57656296 52.51314652)
4;2021;10;17;6;3;5;2;0;0;1;0;0;0;0;0;POINT (13.32610937 52.53835585)
1;2021;10;14;5;3;5;3;0;1;1;0;0;0;0;0;POINT (13.37394759 52.52092284)
10;2021;11;14;2;3;0;7;0;0;0;0;1;1;0;1;POINT (13.53747341 52.54032763)
1;2021;11;7;5;3;2;6;0;0;1;0;0;0;1;1;POINT (13.38228275 52.55588528)
12;2021;11;7;4;3;6;4;0;0;1;1;0;0;0;1;POINT (13.31367264 52.60816562)
6;2021;10;10;7;3;5;3;0;1;1;0;0;0;0;0;POINT (13.28926249 52.41863603)
1;2021;10;10;4;3;2;6;0;0;1;0;1;0;0;0;POINT (13.35109407 52.50416273)
1;2021;10;0;1;3;5;3;2;0;1;0;0;0;1;0;POINT (13.36616409 52.52452927)
7;2021;10;9;2;3;1;5;0;0;1;0;0;0;1;1;POINT (13.3581144 52.49039005)
8;2021;11;17;1;3;5;2;2;0;1;0;0;0;0;1;POINT (13.41683949 52.41829458)
8;2021;11;12;6;3;3;6;0;0;1;0;1;0;0;0;POINT (13.41891028 52.48003899)
11;2021;11;21;1;3;1;5;2;0;1;0;0;0;1;0;POINT (13.50762821 52.4983326)
3;2021;10;14;2;3;5;3;0;0;1;0;0;0;0;1;POINT (13.41856358 52.55124703)
6;2021;11;16;6;3;5;3;2;0;1;0;0;0;0;1;POINT (13.31868479 52.45445892)
12;2021;11;0;1;3;3;6;2;0;1;0;0;0;1;1;POINT (13.36462923 52.56271096)
11;2021;11;7;2;2;6;4;0;0;1;1;0;0;0;1;POINT (13.49688696 52.53412905)
2;2021;11;2;6;3;5;3;2;0;1;0;1;0;0;0;POINT (13.45882798 52.51149961)
4;2021;10;16;5;3;3;6;0;1;1;0;0;0;1;0;POINT (13.29145177 52.51149333)
5;2021;10;15;7;2;0;7;0;1;0;0;0;0;0;0;POINT (13.21428777 52.55885494)
2;2021;10;2;7;3;0;1;2;0;0;0;0;0;1;0;POINT (13.45446299 52.51024734)
11;2021;11;17;2;3;5;3;2;1;1;0;0;0;0;0;POINT (13.51305281 52.56798157)
1;2021;11;16;4;3;2;4;2;0;1;1;1;0;0;1;POINT (13.39341324 52.55664552)
1;2021;10;12;6;3;0;7;0;0;0;0;1;0;0;0;POINT (13.35688797 52.56032856)
3;2021;10;11;5;3;2;6;0;1;1;0;0;0;0;0;POINT (13.41381244 52.56669519)
9;2021;10;6;2;2;6;2;2;0;1;1;0;0;0;0;POINT (13.57820641 52.45712584)
9;2021;10;11;3;2;5;3;0;0;1;0;0;0;0;0;POINT (13.5036627 52.46074847)
1;2021;10;16;1;3;5;2;0;1;0;0;0;0;1;0;POINT (13.34334331 52.52718291)
3;2021;11;12;2;3;5;3;0;0;1;0;0;0;0;1;POINT (13.44128282 52.56855908)
4;2021;10;8;3;3;1;5;0;1;1;0;0;0;0;1;POINT (13.32571375 52.49809143)