bez;ujahr;umonat;ustunde;uwochentag;ukategorie;uart;utyp1;ulichtverh;istrad;istpkw;istfuss;istkrad;istgkfz;istsonstige;ustrzustand;geometry
7;2021;10;9;3;2;5;3;0;1;1;0;0;0;0;0;POINT (13.33272845 52.47533819)
2;2021;11;17;5;3;0;6;1;1;1;0;0;0;0;0;POINT (13.43441683 52.49633223)
6;2021;11;10;7;2;0;3;0;1;1;0;0;0;0;1;POINT (13.35385171 52.41985739)
1;2021;11;8;3;3;2;2;0;1;1;0;0;0;0;0;POINT (13.32748998 52.52441566)
1;2021;11;17;6;2;6;4;1;0;1;1;0;0;0;0;POINT (13.35510266 52.55917824)
9;2021;11;15;2;3;3;6;0;1;1;0;0;0;0;0;POINT (13.45369849 52.48874599)
1;2021;11;3;6;3;2;6;2;0;1;0;0;0;0;0;POINT (13.3762123 52.55474556)
8;2021;11;20;7;2;5;3;2;0;1;0;1;0;0;1;POINT (13.45217592 52.48131252)
1;2021;10;15;2;3;5;2;0;1;1;0;0;0;0;0;POINT (13.38760043 52.53338954)
1;2021;10;20;1;3;5;2;2;1;1;0;0;0;0;0;POINT (13.42225691 52.50547597)
7;2021;11;18;6;3;5;2;2;1;1;0;0;0;0;1;POINT (13.36705253 52.49328964)
4;2021;11;9;1;3;3;6;0;1;1;0;0;0;0;1;POINT (13.32532538 52.50304506)
7;2021;11;19;2;3;5;2;2;1;1;0;0;0;0;0;POINT (13.37780061 52.46863264)
12;2021;11;10;5;3;2;6;0;0;1;0;0;0;0;1;POINT (13.33146636 52.58728918)
4;2021;10;14;5;3;3;6;0;1;1;0;0;0;0;0;POINT (13.31249857 52.49925468)
11;2021;10;15;5;3;2;6;0;0;1;0;0;0;0;1;POINT (13.49005777 52.533799)
3;2021;10;19;5;3;2;7;2;0;1;0;0;0;0;0;POINT (13.40902815 52.55419194)
3;2021;11;15;3;3;6;4;0;0;1;1;0;0;0;0;POINT (13.46567392 52.55208759)
1;2021;11;11;4;3;2;6;0;0;1;0;0;0;0;0;POINT (13.41231101 52.52435497)
11;2021;10;16;5;3;5;3;0;1;1;0;0;0;0;0;POINT (13.50386022 52.49791396)
12;2021;10;16;5;3;5;3;0;1;1;0;0;0;0;0;POINT (13.36248124 52.56886359)
8;2021;10;19;2;3;2;2;2;0;1;0;0;0;0;0;POINT (13.49527723 52.43157719)
9;2021;10;18;2;3;2;6;2;0;1;0;1;0;0;1;POINT (13.54297296 52.43419615)
5;2021;11;7;2;3;6;4;0;0;1;1;0;0;0;1;POINT (13.15930889 52.52965743)
2;2021;10;22;3;3;2;6;2;1;1;0;0;0;0;0;POINT (13.38353201 52.49368968)
2;2021;10;23;3;3;5;3;2;0;1;0;0;0;1;0;POINT (13.45161397 52.51076869)
6;2021;11;11;6;3;6;4;0;0;1;1;0;0;0;0;POINT (13.3416704 52.45060305)
1;2021;11;9;7;3;0;6;0;0;1;0;1;0;0;1;POINT (13.38686285 52.54939264)
1;2021;11;7;3;3;5;7;0;0;1;0;1;0;0;0;POINT (13.34517661 52.53912887)
9;2021;11;23;6;3;9;1;2;0;1;0;0;0;0;0;POINT (13.50997151 52.45355111)
12;2021;10;18;6;3;1;5;2;0;1;0;0;0;1;0;POINT (13.35183335 52.6169592)
2;2021;10;0;6;3;2;6;2;0;1;0;0;0;0;0;POINT (13.41000461 52.50386147)
4;2021;11;18;4;3;3;6;1;0;0;0;1;0;1;0;POINT (13.29695124 52.52939781)
11;2021;11;20;4;2;2;6;2;0;1;0;1;0;1;1;POINT (13.49125234 52.53387028)
8;2021;10;18;6;3;0;3;1;0;0;0;1;0;1;0;POINT (13.43093312 52.47813254)
5;2021;10;13;3;3;0;6;0;0;0;0;0;0;1;0;POINT (13.2001 52.53629177)
1;2021;11;22;4;3;1;5;2;0;1;0;0;0;1;0;POINT (13.40675415 52.5182206)
10;2021;11;15;2;3;5;3;0;0;1;0;0;0;0;1;POINT (13.59899769 52.52825085)
6;2021;10;17;4;3;2;6;0;0;1;0;0;0;0;0;POINT (13.31558935 52.43066859)
5;2021;10;15;4;3;5;3;0;1;1;0;0;0;0;1;POINT (13.19449165 52.53364893)
11;2021;10;7;5;3;5;3;0;0;1;0;0;0;0;0;POINT (13.51805179 52.5748835)
7;2021;11;6;1;3;5;2;2;0;1;0;0;0;1;1;POINT (13.38985787 52.4343256)
12;2021;11;16;4;2;5;3;2;1;1;0;0;0;0;1;POINT (13.28046123 52.63004866)
7;2021;11;12;2;3;3;6;0;0;1;0;1;0;0;0;POINT (13.39336576 52.48418075)
9;2021;10;7;5;3;6;7;1;0;0;1;0;0;1;0;POINT (13.47834448 52.44631203)
10;2021;10;11;4;3;2;1;0;0;1;0;0;0;0;0;POINT (13.51913411 52.52898123)
8;2021;10;18;1;3;5;2;2;0;0;0;1;0;0;0;POINT (13.42434531 52.48629139)
5;2021;10;15;7;3;2;6;0;0;1;0;0;0;1;0;POINT (13.19400969 52.54682145)
1;2021;11;1;4;3;5;2;2;0;1;0;0;0;0;0;POINT (13.38435404 52.55590292)
1;2021;11;13;7;3;5;3;0;0;1;0;0;0;0;1;POINT (13.40818547 52.53435278)
4;2021;10;17;1;2;5;2;0;1;1;0;0;0;0;0;POINT (13.33219632 52.50617777)
6;2021;10;17;2;3;2;6;0;0;1;0;0;0;0;1;POINT (13.36395349 52.43491792)
1;2021;11;18;4;3;2;6;2;0;1;0;1;0;0;0;POINT (13.35130351 52.51019733)
4;2021;10;8;4;3;5;2;0;1;1;0;0;0;0;0;POINT (13.32628004 52.5379432)
10;2021;10;16;5;2;5;3;0;0;1;0;0;0;0;1;POINT (13.53864424 52.5246385)
1;2021;10;10;6;3;5;3;0;0;1;0;0;0;1;0;POINT (13.35220021 52.50632342)
1;2021;10;15;5;3;0;2;0;1;1;0;0;0;0;0;POINT (13.37940488 52.52943118)
6;2021;11;19;1;3;5;2;2;0;0;0;0;1;1;1;POINT (13.18901364 52.41920553)
10;2021;11;16;4;3;2;2;1;1;1;0;0;0;0;1;POINT (13.57199561 52.49569537)
9;2021;11;10;3;3;6;7;0;0;1;1;0;0;0;0;POINT (13.57737269 52.40702284)
4;2021;10;2;7;3;1;5;2;0;1;0;0;0;1;0;POINT (13.30940404 52.49907915)
1;2021;10;8;1;2;0;1;0;1;0;0;0;0;0;1;POINT (13.34318804 52.53167245)
7;2021;10;3;3;3;5;3;2;1;1;0;0;0;0;0;POINT (13.39460309 52.46559125)
10;2021;11;11;5;3;5;2;0;0;1;0;0;0;0;1;POINT (13.60434311 52.53866616)
5;2021;11;12;1;3;6;7;0;0;0;1;0;0;1;1;POINT (13.21072273 52.56758388)
11;2021;10;23;2;2;9;7;2;0;1;0;0;0;0;1;POINT (13.54126303 52.56607121)
4;2021;11;19;6;2;6;4;2;0;1;1;0;0;0;1;POINT (13.2718238 52.49846156)
1;2021;11;19;7;3;5;2;1;1;1;0;0;0;0;1;POINT (13.38428419 52.55607501)
11;2021;11;15;3;2;0;1;0;1;0;0;0;0;0;0;POINT (13.51256724 52.48370645)
7;2021;11;14;5;3;6;7;0;1;0;1;0;0;0;0;POINT (13.35601886 52.49458443)
8;2021;10;16;5;3;0;5;0;0;1;0;0;0;1;0;POINT (13.46552583 52.42610478)
4;2021;10;14;6;2;0;1;0;1;0;0;0;0;0;0;POINT (13.31275145 52.50628417)
9;2021;10;21;6;3;5;3;2;0;1;0;0;0;0;0;POINT (13.53126996 52.40508178)
2;2021;11;20;2;3;5;3;2;1;0;0;0;0;1;0;POINT (13.3878123 52.49277285)
9;2021;11;19;4;3;6;2;2;0;1;1;0;0;0;1;POINT (13.51429061 52.46238818)
8;2021;10;13;6;3;2;6;0;1;1;0;0;0;0;0;POINT (13.42966273 52.47046646)
4;2021;10;15;5;2;4;2;0;1;1;0;0;0;0;0;POINT (13.28539912 52.50736909)
6;2021;10;14;3;3;2;6;0;0;1;0;0;0;0;0;POINT (13.34612564 52.43607237)
9;2021;10;12;2;2;3;6;0;1;0;0;0;0;1;0;POINT (13.61516734 52.42984967)
5;2021;11;17;3;3;2;6;2;0;1;0;0;1;0;0;POINT (13.20896272 52.5464457)
5;2021;11;15;2;3;5;2;1;0;1;0;1;0;0;1;POINT (13.20778607 52.55648614)
10;2021;10;12;3;3;5;3;0;0;1;0;0;0;0;0;POINT (13.60248054 52.51022899)
9;2021;10;18;3;2;5;3;1;1;1;0;0;0;0;0;POINT (13.5998891 52.45223713)
8;2021;11;20;5;3;1;5;2;1;1;0;0;0;0;1;POINT (13.42746001 52.48831908)
1;2021;11;3;6;2;0;7;2;0;1;0;0;0;0;0;POINT (13.38570865 52.51667112)
3;2021;11;15;3;3;1;5;0;1;0;0;0;0;1;1;POINT (13.4535673 52.59199158)
12;2021;11;17;7;3;5;3;2;0;1;0;0;0;0;0;POINT (13.31800399 52.57074527)
9;2021;10;9;6;2;0;3;0;1;0;0;0;0;1;0;POINT (13.51281196 52.44764903)
8;2021;10;12;4;3;2;6;0;0;1;0;0;0;0;0;POINT (13.47376289 52.43814827)
5;2021;10;15;1;3;5;2;0;0;1;0;0;0;1;0;POINT (13.19871059 52.5540503)
4;2021;10;15;7;3;0;6;0;1;1;0;0;0;0;0;POINT (13.21182052 52.50509928)
10;2021;11;9;4;3;5;3;0;1;1;0;0;0;0;0;POINT (13.57139954 52.54450181)
2;2021;11;13;5;3;2;6;0;0;1;0;0;0;0;1;POINT (13.40728956 52.50599152)
7;2021;10;15;7;2;5;2;0;0;1;0;1;0;0;0;POINT (13.37931331 52.4464997)
8;2021;10;17;4;3;0;4;0;1;0;1;0;0;0;1;POINT (13.42552566 52.4793492)
4;2021;11;15;4;2;5;7;0;0;1;0;0;0;0;0;POINT (13.27967749 52.52202464)
6;2021;11;8;3;3;5;3;0;0;1;0;0;0;1;0;POINT (13.2627194 52.45140179)
11;2021;10;9;4;3;2;6;0;0;1;0;0;0;0;0;POINT (13.48532184 52.53366415)
12;2021;10;14;4;3;5;3;0;0;1;0;1;0;0;1;POINT (13.33308317 52.59548061)
1;2021;10;10;5;3;5;3;0;1;1;0;0;0;0;0;POINT (13.32825216 52.53292594)
11;2021;11;3;1;2;0;1;2;0;0;0;1;0;0;1;POINT (13.52511307 52.48065852)
6;2021;11;14;4;3;5;3;0;0;1;0;0;0;0;1;POINT (13.22193481 52.43081364)
1;2021;11;9;2;3;0;6;0;1;1;0;0;0;0;0;POINT (13.40503839 52.50935039)
10;2021;10;12;7;3;5;3;0;1;1;0;0;0;0;0;POINT (13.57635319 52.49234074)
9;2021;10;7;4;2;5;3;0;0;1;0;0;0;0;0;POINT (13.46145778 52.45435959)
4;2021;10;15;2;3;5;2;0;0;1;0;1;0;0;0;POINT (13.25979222 52.51484808)
8;2021;11;15;2;2;5;2;0;0;1;0;0;0;0;0;POINT (13.41685143 52.41832111)
5;2021;11;13;4;3;6;7;0;0;0;1;0;0;1;1;POINT (13.20046364 52.52332331)
1;2021;11;16;7;3;5;3;1;1;1;0;0;0;0;1;POINT (13.41955557 52.50606651)
1;2021;10;22;1;3;0;4;2;0;0;1;0;0;1;0;POINT (13.38834675 52.51977285)
7;2021;10;10;4;3;5;3;0;1;1;0;0;0;0;0;POINT (13.3654905 52.49738973)
10;2021;10;11;1;1;6;7;0;0;0;1;0;0;1;0;POINT (13.6071628 52.53364474)
4;2021;11;8;1;2;5;2;0;0;1;0;0;0;0;0;POINT (13.2868209 52.49582737)
1;2021;11;17;3;3;1;5;1;1;1;0;0;0;0;0;POINT (13.37302284 52.53821953)
12;2021;11;8;5;3;0;1;0;0;0;0;1;0;0;1;POINT (13.26967846 52.57587984)
12;2021;10;17;1;3;5;3;0;1;1;0;0;0;0;1;POINT (13.30587649 52.62051649)
11;2021;10;7;3;3;5;2;0;1;1;0;0;0;0;0;POINT (13.52705605 52.48656998)
12;2021;11;13;3;3;6;4;0;0;0;1;1;0;0;1;POINT (13.30260012 52.5915956)
1;2021;11;17;2;3;5;2;2;1;1;0;0;0;0;1;POINT (13.40996824 52.51070032)
1;2021;10;21;3;2;0;1;2;0;0;0;0;0;1;0;POINT (13.35885116 52.52610694)
5;2021;10;5;4;3;2;6;2;0;1;0;0;0;0;1;POINT (13.14798209 52.55450941)
1;2021;10;15;5;3;0;2;0;0;1;0;0;0;1;0;POINT (13.36785047 52.52586337)
4;2021;11;8;1;3;0;1;0;0;0;0;1;0;0;1;POINT (13.27889808 52.52603842)
12;2021;11;18;4;3;6;2;2;0;1;1;0;0;0;1;POINT (13.34761279 52.59610669)
11;2021;11;17;1;3;1;5;2;1;1;0;0;0;0;0;POINT (13.48129786 52.52073347)
10;2021;10;9;5;3;0;2;0;1;1;0;0;0;0;0;POINT (13.53829067 52.55432327)
9;2021;10;9;4;3;5;3;0;1;0;0;0;1;0;0;POINT (13.5220062 52.40231126)
3;2021;10;22;1;3;5;3;2;1;1;0;0;0;0;0;POINT (13.41729228 52.60537847)
5;2021;11;14;1;3;5;2;0;1;1;0;0;0;0;1;POINT (13.21921239 52.53716831)
2;2021;11;22;5;3;5;3;2;0;1;0;0;0;0;0;POINT (13.46332154 52.50829662)
4;2021;11;23;6;3;0;5;2;0;1;0;0;0;1;0;POINT (13.31510593 52.50615248)
7;2021;10;4;2;3;1;7;2;0;1;0;0;0;0;0;POINT (13.36942653 52.48119524)
10;2021;10;8;3;3;3;6;0;0;1;0;0;1;0;0;POINT (13.60463427 52.53843646)
11;2021;10;15;7;3;5;2;0;0;1;0;0;0;0;0;POINT (13.48550249 52.52318653)
7;2021;11;11;5;3;1;5;0;0;1;0;0;0;0;0;POINT (13.34741156 52.4148362)
5;2021;10;15;4;3;6;4;0;0;1;1;0;0;0;0;POINT (13.20617561 52.54229641)
8;2021;10;15;5;2;5;3;0;1;1;0;0;0;0;1;POINT (13.44939541 52.41777603)
8;2021;10;14;5;3;5;3;0;0;1;0;0;0;0;1;POINT (13.43366003 52.44537687)
9;2021;10;15;5;3;0;1;0;1;0;0;0;0;0;0;POINT (13.50203374 52.48217748)
4;2021;11;16;1;3;0;4;0;1;0;1;0;0;0;0;POINT (13.29981862 52.4962007)
9;2021;11;9;4;2;0;7;0;0;0;0;0;0;1;0;POINT (13.50987393 52.45348566)
2;2021;11;10;4;3;5;2;0;1;1;0;0;0;0;1;POINT (13.41045956 52.50380558)
12;2021;10;14;7;2;5;3;0;1;1;0;0;0;0;0;POINT (13.32688346 52.56252305)
9;2021;10;18;2;3;2;2;2;0;1;0;0;0;0;0;POINT (13.48118834 52.44501071)
1;2021;10;11;3;3;5;5;0;1;1;0;0;0;0;0;POINT (13.36761603 52.51053921)
7;2021;11;14;1;3;6;2;0;0;1;1;0;0;0;0;POINT (13.37462248 52.42630215)
5;2021;10;8;2;3;5;3;0;0;1;0;1;0;0;1;POINT (13.2608883 52.53444377)
6;2021;11;16;6;3;2;7;1;0;1;0;0;0;0;0;POINT (13.31557716 52.43472875)
8;2021;11;12;1;3;5;3;0;0;1;0;0;0;1;0;POINT (13.42710095 52.47539904)
2;2021;11;10;2;3;5;7;0;1;1;0;0;0;0;1;POINT (13.41728287 52.49240112)
7;2021;11;16;7;3;5;2;1;0;1;0;0;0;0;0;POINT (13.35024548 52.41430368)
7;2021;10;12;6;3;5;3;0;0;1;0;0;0;0;0;POINT (13.41069939 52.41041683)
3;2021;10;2;7;3;0;7;2;1;0;0;0;0;0;0;POINT (13.41239279 52.53815466)
8;2021;11;14;2;3;5;3;0;0;1;0;0;0;1;0;POINT (13.4509748 52.47373815)
5;2021;11;16;4;3;6;2;2;0;1;1;0;0;0;1;POINT (13.1988329 52.55419733)
12;2021;10;23;7;2;1;1;2;0;1;0;0;0;0;0;POINT (13.31368593 52.62240885)
2;2021;10;14;5;3;5;2;0;1;1;0;0;0;0;0;POINT (13.43189047 52.50578948)
8;2021;10;8;3;3;5;2;0;1;1;0;0;0;0;1;POINT (13.43499839 52.43927952)
3;2021;10;15;2;3;3;6;0;1;0;0;0;0;0;0;POINT (13.44238496 52.53987036)
4;2021;11;15;3;3;5;3;0;1;1;0;0;0;0;1;POINT (13.33322134 52.48374419)
1;2021;11;11;2;3;2;6;0;0;1;0;0;0;0;1;POINT (13.34882019 52.55217783)
6;2021;10;9;3;3;2;2;0;0;1;1;0;0;0;0;POINT (13.29359348 52.44580593)
2;2021;10;12;5;3;3;5;0;1;1;0;0;0;0;1;POINT (13.42510363 52.49966973)
1;2021;11;13;5;3;5;3;0;0;1;0;0;0;0;1;POINT (13.38273144 52.54213611)
8;2021;11;9;1;3;0;3;0;1;1;0;0;0;0;0;POINT (13.44278161 52.46509517)
4;2021;11;10;4;3;5;2;0;1;1;0;0;0;0;1;POINT (13.31445041 52.49038611)
1;2021;11;8;1;3;5;2;0;1;0;0;1;0;0;0;POINT (13.40281311 52.52136298)
6;2021;10;15;5;3;5;2;0;1;1;0;0;0;0;0;POINT (13.28697622 52.41784302)
3;2021;10;12;4;3;5;3;0;1;1;0;0;0;0;0;POINT (13.42336766 52.56265021)
9;2021;10;7;1;3;5;3;1;1;1;0;0;0;0;1;POINT (13.5886446 52.46993315)
6;2021;11;8;1;3;5;3;0;0;1;0;1;0;0;0;POINT (13.34484162 52.46174437)
7;2021;11;17;3;3;0;1;2;0;0;0;1;0;0;0;POINT (13.38889937 52.39842508)
1;2021;11;19;5;3;5;2;2;1;1;0;0;0;0;0;POINT (13.34272054 52.52532858)
1;2021;10;12;1;3;6;4;0;0;1;1;0;0;0;0;POINT (13.3744148 52.52800122)
2;2021;10;19;4;3;2;6;2;0;1;0;0;0;0;1;POINT (13.39531085 52.49755986)
10;2021;11;6;5;3;5;2;1;0;1;0;0;0;0;0;POINT (13.53713536 52.5344873)
5;2021;11;13;3;3;5;2;0;0;1;0;0;0;1;1;POINT (13.19425757 52.54568344)
3;2021;10;18;3;3;6;4;0;0;1;1;0;0;0;0;POINT (13.41410405 52.53044426)
5;2021;10;14;5;3;5;3;0;0;1;0;0;0;1;1;POINT (13.1705073 52.53366029)
8;2021;10;20;4;3;1;5;2;0;1;0;1;0;0;0;POINT (13.43197551 52.48786616)
6;2021;11;18;1;2;5;2;2;0;1;0;1;0;0;0;POINT (13.34669615 52.45001478)
1;2021;11;18;4;3;6;2;2;0;1;1;0;0;0;1;POINT (13.36143774 52.54792692)
1;2021;11;10;3;3;5;2;0;1;0;0;0;1;0;0;POINT (13.35958335 52.55419174)
2;2021;10;20;6;3;5;3;2;0;1;0;1;0;0;0;POINT (13.46331332 52.50828445)
7;2021;10;5;4;3;5;2;2;0;0;0;1;0;1;0;POINT (13.37797642 52.47243769)
1;2021;10;11;2;3;1;6;0;0;1;0;1;0;0;0;POINT (13.34317201 52.53082965)
4;2021;11;14;1;3;5;2;0;0;1;0;0;0;0;1;POINT (13.32034406 52.47880304)
9;2021;11;15;4;3;5;2;1;1;1;0;0;0;0;0;POINT (13.58167423 52.4407839)
10;2021;11;16;6;3;5;2;2;0;1;0;0;0;0;0;POINT (13.58910456 52.51754415)
5;2021;10;15;2;3;0;1;0;0;0;0;1;0;0;1;POINT (13.2033895 52.53076658)
8;2021;11;18;6;3;6;2;2;0;1;1;0;0;0;1;POINT (13.4352669 52.49117337)
1;2021;11;13;7;2;6;4;0;0;1;1;0;0;0;1;POINT (13.35737127 52.50989007)
2;2021;10;17;4;3;3;5;0;1;1;0;0;0;0;0;POINT (13.41673538 52.50223606)
8;2021;10;16;5;3;2;6;0;0;1;0;0;0;0;1;POINT (13.43545733 52.49111191)
10;2021;10;16;1;2;6;4;0;0;1;1;0;0;0;0;POINT (13.56401832 52.55630527)
9;2021;10;17;5;3;1;5;0;0;1;0;0;0;0;0;POINT (13.55256345 52.45614923)
8;2021;11;11;3;3;5;3;0;0;1;0;0;0;0;0;POINT (13.48979277 52.42005651)
7;2021;11;19;4;3;2;2;2;0;1;0;0;0;0;1;POINT (13.37515294 52.43712696)
2;2021;10;22;5;3;5;3;2;0;1;0;0;0;0;0;POINT (13.41409943 52.49857675)
7;2021;10;10;2;3;0;6;0;0;1;0;1;0;0;0;POINT (13.40066943 52.46340294)
7;2021;10;21;2;3;5;3;2;1;1;0;0;0;0;0;POINT (13.33929188 52.46689659)
10;2021;10;17;1;2;5;2;0;1;1;0;0;0;0;0;POINT (13.51704782 52.53554578)
1;2021;11;14;1;3;6;4;0;1;0;1;0;0;0;0;POINT (13.41419034 52.50807516)
2;2021;10;15;3;3;6;7;0;0;1;1;0;0;0;0;POINT (13.40464476 52.50039706)
2;2021;10;14;3;3;6;2;0;0;1;1;0;0;0;0;POINT (13.39559396 52.49834675)
5;2021;11;15;7;3;2;6;0;0;1;0;0;0;0;1;POINT (13.200023 52.5360173)
10;2021;11;22;2;3;5;3;2;0;1;0;0;0;1;0;POINT (13.5591718 52.47385441)
10;2021;11;9;1;3;5;2;0;0;1;0;0;0;1;0;POINT (13.60143294 52.48256369)
7;2021;10;11;6;3;5;3;0;0;1;0;0;0;1;0;POINT (13.38544054 52.46573434)
8;2021;11;17;6;2;5;2;2;0;1;0;0;0;1;1;POINT (13.45501523 52.47648921)
6;2021;10;17;4;3;1;5;0;0;1;0;0;0;1;0;POINT (13.28712151 52.45946095)
5;2021;10;1;6;3;0;1;2;0;0;0;0;0;1;1;POINT (13.23767458 52.54599422)
11;2021;10;18;5;3;0;7;1;0;1;0;1;0;0;1;POINT (13.4739588 52.53623772)
1;2021;10;19;5;3;6;7;2;0;0;1;0;0;1;0;POINT (13.40612501 52.51910899)
4;2021;11;21;1;3;3;6;2;0;1;0;1;0;0;1;POINT (13.29423401 52.53430162)
6;2021;11;14;2;3;0;7;0;0;1;0;0;0;0;0;POINT (13.31388027 52.46435396)
2;2021;10;4;6;3;0;1;2;0;0;0;0;0;1;0;POINT (13.4132711 52.49181115)
4;2021;10;14;2;2;2;6;0;0;1;0;1;0;0;0;POINT (13.2805982 52.51850524)
10;2021;10;13;2;3;3;6;0;1;1;0;0;0;0;0;POINT (13.54899573 52.5342256)
10;2021;11;15;1;3;2;2;0;0;1;0;0;0;0;0;POINT (13.58362258 52.51499397)
4;2021;10;5;2;3;2;6;2;0;1;0;0;0;0;1;POINT (13.27533529 52.50099147)
1;2021;10;8;4;3;2;6;0;0;1;0;0;0;0;1;POINT (13.33309531 52.56108617)
6;2021;10;18;7;3;2;6;1;0;1;0;0;0;0;0;POINT (13.34131745 52.44251723)
5;2021;11;16;6;3;6;4;2;0;1;1;0;0;0;0;POINT (13.17972941 52.50307049)
2;2021;11;21;2;3;5;3;2;1;1;0;0;0;0;0;POINT (13.40403413 52.49129411)
7;2021;11;11;6;3;0;3;0;0;1;0;1;0;0;0;POINT (13.36946548 52.45652187)
2;2021;10;12;6;3;2;2;0;1;1;0;0;0;0;0;POINT (13.39449934 52.49175679)
1;2021;10;14;6;3;5;2;0;1;1;0;0;0;0;0;POINT (13.35489984 52.54397929)
1;2021;11;23;3;3;8;1;2;0;0;0;0;0;1;0;POINT (13.39529754 52.52041209)
2;2021;11;13;4;3;1;5;0;1;1;0;0;0;0;0;POINT (13.39439795 52.48611616)
4;2021;10;16;7;3;2;2;0;0;1;0;0;0;0;0;POINT (13.2799759 52.50605924)
2;2021;10;7;3;3;0;3;1;0;1;0;1;0;0;1;POINT (13.46546005 52.49875155)
1;2021;10;11;2;3;0;1;0;0;0;0;1;0;0;1;POINT (13.40022102 52.52258746)
12;2021;11;17;3;3;2;6;2;0;1;0;0;0;0;1;POINT (13.32833259 52.56394609)
1;2021;11;15;2;3;6;7;0;1;0;1;0;0;0;1;POINT (13.38359693 52.55480556)
5;2021;10;14;3;3;0;1;0;0;0;0;0;0;1;0;POINT (13.20959254 52.54756051)
4;2021;10;15;4;3;5;2;0;1;1;0;0;0;0;1;POINT (13.2948258 52.53963087)
8;2021;10;14;1;3;0;1;0;0;0;0;1;0;0;0;POINT (13.43227983 52.44369904)
8;2021;11;1;6;2;5;2;2;0;1;0;0;0;0;0;POINT (13.44690395 52.42698361)
6;2021;11;13;1;3;5;3;0;0;1;0;0;0;0;0;POINT (13.25114838 52.45010322)
10;2021;11;13;3;3;0;4;0;0;0;1;0;0;1;0;POINT (13.53349467 52.52571598)
4;2021;11;10;2;3;6;7;0;0;1;1;0;0;0;0;POINT (13.3090119 52.50012467)
9;2021;10;11;6;3;2;3;0;0;1;0;0;0;0;0;POINT (13.58052509 52.44316703)
12;2021;10;14;3;3;2;1;0;0;1;0;0;0;0;0;POINT (13.23074777 52.62450344)
4;2021;10;2;1;3;0;7;2;1;0;0;0;0;0;0;POINT (13.28503731 52.52486412)
2;2021;10;16;7;3;5;3;0;1;1;0;0;0;1;0;POINT (13.44397632 52.50013256)
1;2021;11;18;4;3;1;5;2;0;1;0;1;0;0;1;POINT (13.39127238 52.50774454)
7;2021;11;10;6;2;6;4;0;0;1;1;0;0;0;0;POINT (13.36131747 52.41633683)
6;2021;10;17;2;3;1;1;0;0;1;0;0;0;1;1;POINT (13.34349088 52.43497154)
2;2021;10;20;3;3;5;2;2;1;1;0;0;0;0;0;POINT (13.43049074 52.51102145)
2;2021;11;19;4;3;6;4;2;0;1;1;0;0;0;0;POINT (13.43436274 52.52319722)
12;2021;11;10;3;3;5;2;0;1;1;0;0;0;0;0;POINT (13.24664808 52.61347232)
5;2021;10;8;5;3;2;2;0;0;1;0;0;0;0;0;POINT (13.24791985 52.53651317)
2;2021;10;8;4;3;5;3;0;0;1;0;0;0;0;0;POINT (13.46138709 52.50875283)
11;2021;10;13;5;3;5;7;0;0;0;0;0;1;1;1;POINT (13.49474233 52.55963684)
1;2021;10;20;7;3;2;2;2;0;1;0;0;0;0;1;POINT (13.34948677 52.54229314)
7;2021;10;13;5;3;2;6;0;0;1;0;1;0;0;0;POINT (13.35005473 52.41430548)
8;2021;11;16;1;3;5;2;2;0;1;0;1;0;0;1;POINT (13.42598355 52.47818115)
11;2021;11;13;4;3;5;2;0;0;1;0;0;0;1;1;POINT (13.52686776 52.49213228)
7;2021;11;20;2;3;5;2;2;0;1;0;0;0;0;0;POINT (13.40319114 52.46343)
2;2021;10;11;7;3;2;6;0;1;0;0;0;0;0;0;POINT (13.38886754 52.4991767)
11;2021;10;18;4;2;5;7;2;0;1;0;0;0;1;0;POINT (13.49441121 52.48943326)
2;2021;10;9;2;3;5;3;0;0;1;0;0;0;0;0;POINT (13.46650865 52.50126846)
2;2021;11;11;1;3;0;1;0;0;0;0;1;0;0;1;POINT (13.42695308 52.5118665)
4;2021;11;11;6;3;0;2;0;1;1;0;0;0;0;1;POINT (13.31933651 52.50150633)
9;2021;11;8;1;3;6;4;0;0;1;1;0;0;0;0;POINT (13.59127395 52.43762965)
5;2021;10;21;2;3;5;2;2;0;1;0;0;0;0;0;POINT (13.22723383 52.54947005)
7;2021;11;17;6;3;6;4;2;0;1;1;0;0;0;1;POINT (13.41266076 52.40264272)
4;2021;11;2;7;3;1;5;2;0;1;0;0;0;1;1;POINT (13.3314298 52.50435364)
2;2021;11;7;2;3;5;7;0;0;1;0;1;0;0;0;POINT (13.37840084 52.48501823)
7;2021;10;13;5;3;5;5;0;0;0;0;1;0;1;0;POINT (13.40292319 52.48334347)