bez;ujahr;umonat;ustunde;uwochentag;ukategorie;uart;utyp1;ulichtverh;istrad;istpkw;istfuss;istkrad;istgkfz;istsonstige;ustrzustand;geometry
7;2021;11;8;2;2;5;3;0;0;0;0;1;0;1;0;POINT (13.37639803 52.46009845)
9;2021;10;12;1;3;6;2;0;0;1;1;0;0;0;1;POINT (13.53414227 52.43295769)
4;2021;10;5;4;3;2;2;2;0;1;0;0;0;1;0;POINT (13.29417528 52.53433944)
5;2021;10;20;1;2;2;2;2;0;1;0;1;0;1;0;POINT (13.15713954 52.53915916)
3;2021;11;13;1;3;6;4;0;0;0;1;0;0;1;1;POINT (13.42684901 52.57182246)
8;2021;11;20;5;3;0;2;2;1;1;0;0;0;0;0;POINT (13.46010575 52.43179426)
1;2021;11;19;7;3;5;2;2;1;1;0;0;0;0;1;POINT (13.37658503 52.51016658)
1;2021;10;16;1;3;2;6;0;0;1;0;0;0;1;0;POINT (13.39165935 52.55541594)
10;2021;10;11;1;3;5;3;0;1;1;0;0;0;0;0;POINT (13.58550709 52.50525497)
12;2021;11;2;6;3;2;7;2;0;1;0;0;0;0;0;POINT (13.34794001 52.59625044)
1;2021;11;14;7;3;1;7;0;0;1;0;0;0;0;1;POINT (13.42057406 52.51790827)
11;2021;10;7;4;2;0;2;1;0;1;0;0;0;1;0;POINT (13.48929353 52.54242473)
12;2021;10;14;5;3;0;6;0;0;1;0;1;0;0;0;POINT (13.33144393 52.56216499)
9;2021;10;16;1;3;5;3;0;1;1;0;0;0;0;0;POINT (13.6369516 52.45080528)
9;2021;10;14;5;3;0;4;0;0;0;1;1;0;0;0;POINT (13.48466697 52.46359376)
1;2021;11;12;3;3;0;5;0;1;1;0;0;0;0;1;POINT (13.33317954 52.53288097)
10;2021;11;15;4;3;5;2;0;1;1;0;0;0;0;0;POINT (13.60211684 52.536015)
2;2021;10;12;5;3;5;2;0;1;1;0;0;0;0;0;POINT (13.42722266 52.49914508)
1;2021;10;7;2;3;5;3;0;1;1;0;0;0;0;0;POINT (13.40309469 52.53371271)
6;2021;10;13;3;3;2;3;0;0;1;0;1;0;0;0;POINT (13.25807074 52.43513747)
2;2021;10;12;1;2;5;3;0;0;1;0;1;0;0;0;POINT (13.44067446 52.51723693)
5;2021;11;9;7;3;5;3;0;0;1;0;0;0;0;1;POINT (13.21643265 52.56056795)
2;2021;10;17;3;3;5;3;0;1;0;0;0;0;1;0;POINT (13.42961433 52.50301622)
9;2021;10;15;3;3;1;5;0;1;1;0;0;0;0;0;POINT (13.44415345 52.49059558)
6;2021;11;13;6;3;0;7;0;0;0;0;1;0;0;1;POINT (13.34064454 52.46467876)
8;2021;11;19;2;3;2;6;2;0;1;0;0;0;0;0;POINT (13.42422462 52.48669018)
1;2021;11;12;6;3;2;2;0;0;1;0;1;0;0;0;POINT (13.36161102 52.54803632)
5;2021;10;12;7;3;2;6;0;0;1;0;1;0;0;0;POINT (13.20272739 52.52364939)
4;2021;10;13;6;3;5;7;0;0;1;0;0;0;0;0;POINT (13.31952001 52.50153453)
1;2021;11;18;3;3;5;2;2;1;1;0;0;0;0;0;POINT (13.36034021 52.5372443)
6;2021;11;6;4;3;6;4;2;0;0;1;0;0;1;0;POINT (13.3277286 52.4640587)
6;2021;10;18;6;3;2;6;0;0;1;0;0;0;0;0;POINT (13.24698873 52.46759078)
3;2021;10;10;3;3;5;5;0;0;1;0;0;0;1;0;POINT (13.40869159 52.53758213)
10;2021;11;17;3;2;2;7;2;0;1;0;0;0;0;0;POINT (13.56866832 52.53790517)
12;2021;11;16;2;3;1;5;1;0;1;0;0;1;1;1;POINT (13.29986444 52.60193548)
9;2021;10;10;4;3;2;6;0;0;1;0;0;0;0;0;POINT (13.59671971 52.43695222)
1;2021;10;3;4;3;9;1;2;0;0;0;1;0;0;0;POINT (13.35023554 52.51364795)
7;2021;10;15;1;3;5;3;0;0;1;0;1;0;0;0;POINT (13.38564328 52.47156279)
6;2021;11;11;5;2;0;1;0;0;0;0;1;0;0;1;POINT (13.34504914 52.4468437)
4;2021;11;18;7;2;5;2;2;0;1;0;0;0;0;1;POINT (13.28032171 52.5063766)
8;2021;11;12;4;3;2;6;0;0;1;0;0;0;0;1;POINT (13.42800306 52.47366808)
6;2021;11;16;1;3;1;5;1;1;1;0;0;0;0;0;POINT (13.3164454 52.45666755)
2;2021;10;19;6;3;5;2;2;1;1;0;0;0;0;0;POINT (13.39936879 52.4982864)
3;2021;10;16;3;3;2;6;1;0;1;0;0;0;0;0;POINT (13.42878314 52.58152576)
9;2021;10;9;1;3;5;2;0;1;0;0;0;0;1;0;POINT (13.57714515 52.4558427)
9;2021;11;9;1;3;5;3;0;0;1;0;0;0;0;0;POINT (13.55330587 52.46962613)
7;2021;11;13;4;3;5;2;0;1;0;0;0;0;1;0;POINT (13.3819707 52.39771026)
6;2021;11;11;6;2;6;4;0;0;1;1;0;0;0;0;POINT (13.35751082 52.42302453)
11;2021;10;17;2;3;5;2;0;1;1;0;0;0;0;0;POINT (13.48463403 52.51397351)
9;2021;10;21;4;3;5;2;2;1;0;0;0;0;1;1;POINT (13.58054915 52.45549845)
12;2021;11;7;5;3;1;5;0;0;1;0;0;0;1;0;POINT (13.3354741 52.60841119)
10;2021;11;15;3;3;6;2;1;0;1;1;0;0;0;1;POINT (13.5852889 52.52127439)
1;2021;10;22;4;3;3;6;2;0;1;0;0;0;0;0;POINT (13.35679578 52.5250106)
12;2021;10;0;4;3;5;7;2;0;1;0;0;0;1;0;POINT (13.32884603 52.56594973)
11;2021;10;8;6;3;5;3;0;0;1;0;0;0;0;1;POINT (13.49096126 52.5419958)
2;2021;10;3;5;2;0;1;2;0;0;0;0;0;1;0;POINT (13.37997938 52.49243028)
6;2021;11;15;1;3;5;2;0;1;0;0;0;1;0;1;POINT (13.22982201 52.42773211)
10;2021;11;16;4;2;6;4;2;0;1;1;0;0;0;1;POINT (13.55613683 52.54825778)
4;2021;11;12;2;3;2;6;0;0;1;0;0;0;0;0;POINT (13.30194174 52.5188101)
7;2021;10;3;7;3;5;3;2;1;1;0;0;0;0;0;POINT (13.363324 52.45592642)
1;2021;10;19;4;2;4;6;2;1;1;0;0;0;1;0;POINT (13.41337354 52.50701314)
2;2021;10;14;2;3;2;6;0;0;1;0;0;0;0;0;POINT (13.41376861 52.48818286)
4;2021;11;17;2;3;5;2;2;1;1;0;0;0;0;0;POINT (13.32825099 52.47883054)
4;2021;11;8;5;3;6;4;0;0;1;1;0;0;0;1;POINT (13.31599379 52.50725282)
2;2021;11;22;7;2;6;2;2;0;1;1;0;0;0;0;POINT (13.4292642 52.5008749)
3;2021;10;7;2;3;6;4;0;0;0;1;0;0;1;1;POINT (13.43962792 52.55542172)
1;2021;10;8;3;3;5;3;0;1;1;0;0;0;0;0;POINT (13.39300642 52.5275198)
1;2021;10;15;7;3;1;5;0;0;1;0;1;0;0;0;POINT (13.42021809 52.51001968)
7;2021;11;17;6;3;6;4;2;0;1;1;0;0;0;1;POINT (13.35047739 52.41422371)
1;2021;11;10;7;3;5;3;0;0;1;0;0;0;0;0;POINT (13.39224245 52.50870809)
9;2021;11;12;3;3;6;2;0;0;1;1;0;0;0;0;POINT (13.58781749 52.42204947)
10;2021;11;16;5;3;6;7;1;0;1;1;0;0;0;0;POINT (13.62102702 52.52600686)
3;2021;10;13;5;3;6;7;0;0;0;1;0;0;1;0;POINT (13.48077134 52.55307551)
1;2021;10;17;5;3;6;4;1;0;1;1;0;0;0;1;POINT (13.37742967 52.50958069)
3;2021;10;6;1;3;5;2;2;0;0;0;0;0;1;0;POINT (13.45704236 52.56105761)
5;2021;10;14;5;3;2;6;0;0;1;0;0;0;0;0;POINT (13.23839928 52.54457651)
6;2021;11;1;2;2;8;1;2;0;1;0;0;0;0;1;POINT (13.32669191 52.42775726)
6;2021;11;7;4;3;2;6;2;0;1;0;0;0;0;1;POINT (13.33084643 52.44460291)
1;2021;10;17;5;3;3;2;0;0;1;0;1;0;0;0;POINT (13.35123727 52.50451731)
1;2021;10;9;5;3;0;1;0;1;0;0;0;0;0;0;POINT (13.384653 52.55600058)
1;2021;10;14;2;3;5;3;0;0;1;0;0;0;1;0;POINT (13.39285668 52.54258196)
4;2021;10;17;2;3;1;5;0;1;1;0;0;0;0;0;POINT (13.30279742 52.50984068)
11;2021;10;19;1;3;6;4;1;1;0;1;0;0;0;1;POINT (13.50515629 52.50916616)
4;2021;10;17;6;2;5;3;1;1;1;0;0;0;0;0;POINT (13.24178119 52.50645689)
3;2021;10;13;5;3;2;6;0;0;1;0;0;0;1;0;POINT (13.42896441 52.58493146)
6;2021;11;19;1;3;2;2;2;0;1;0;0;0;0;0;POINT (13.3311702 52.44402734)
4;2021;11;17;4;3;1;5;2;0;1;0;0;0;0;1;POINT (13.3251321 52.48647451)
6;2021;11;17;2;3;1;5;2;0;1;0;0;0;0;0;POINT (13.26750332 52.45108733)
1;2021;10;23;6;3;5;3;2;1;1;0;0;0;0;0;POINT (13.39148401 52.52208359)
12;2021;10;14;4;3;2;2;0;0;1;0;0;1;0;0;POINT (13.30407403 52.58131232)
1;2021;10;14;2;3;6;7;0;0;1;1;0;0;0;0;POINT (13.38373783 52.55127689)
7;2021;11;13;1;3;5;3;0;0;1;0;0;0;0;1;POINT (13.37905738 52.4481772)
4;2021;11;9;4;3;5;7;0;1;0;0;0;0;1;0;POINT (13.32333336 52.49216447)
4;2021;11;14;6;3;0;5;0;1;0;0;0;0;1;1;POINT (13.32588455 52.50001841)
7;2021;10;8;2;2;5;7;0;0;1;0;0;0;0;1;POINT (13.40024062 52.45999112)
4;2021;11;17;6;2;6;2;2;0;1;1;0;0;0;1;POINT (13.31390418 52.4903956)
5;2021;11;18;1;2;1;1;1;0;1;0;0;1;0;1;POINT (13.20576114 52.52497573)
4;2021;10;14;4;3;5;2;0;1;1;0;0;0;0;0;POINT (13.32505162 52.50255299)
7;2021;10;11;5;3;0;2;0;0;1;0;0;1;1;1;POINT (13.36077082 52.49131838)
4;2021;10;19;1;3;5;3;1;1;1;0;0;0;0;1;POINT (13.33575209 52.51348847)
4;2021;10;20;5;3;5;7;2;0;1;0;0;0;0;0;POINT (13.2639597 52.51429547)
4;2021;11;19;2;3;2;6;2;0;1;0;0;0;0;0;POINT (13.29463226 52.51926922)
8;2021;11;19;4;3;5;2;2;1;1;0;0;0;0;1;POINT (13.42872195 52.48671554)
1;2021;10;18;5;3;1;5;1;1;0;0;0;0;1;0;POINT (13.40822092 52.52725232)
6;2021;10;14;2;3;3;2;0;0;1;0;1;0;0;0;POINT (13.32651821 52.427782)
6;2021;10;14;2;3;0;6;0;0;0;0;0;0;1;0;POINT (13.26536484 52.44199511)
2;2021;10;16;1;3;5;3;0;0;1;0;0;0;1;0;POINT (13.4145051 52.50019274)
1;2021;11;7;2;3;1;7;0;0;0;0;0;1;1;1;POINT (13.38104575 52.54112687)
11;2021;10;16;3;3;5;2;0;0;1;0;1;0;0;0;POINT (13.46740009 52.53390261)
1;2021;10;20;3;3;5;2;2;1;0;1;0;0;1;0;POINT (13.39290603 52.52749272)
7;2021;11;11;6;2;5;3;0;0;0;0;1;0;0;0;POINT (13.40307084 52.44766074)
7;2021;11;13;2;3;0;1;0;0;0;0;1;0;0;1;POINT (13.38942163 52.45701138)
2;2021;11;18;6;3;6;7;2;0;0;1;0;0;1;0;POINT (13.43890897 52.49784636)
3;2021;10;11;7;2;5;3;0;0;1;0;1;0;0;0;POINT (13.4070968 52.58636762)
5;2021;10;13;6;3;5;3;0;1;1;0;0;0;0;0;POINT (13.19416659 52.52210589)
5;2021;11;17;3;3;5;2;2;0;1;0;0;0;1;0;POINT (13.15352222 52.55343124)
11;2021;11;12;5;3;5;2;0;0;1;0;0;0;0;0;POINT (13.5198106 52.50583195)
5;2021;10;5;1;3;1;1;2;0;1;0;0;0;0;1;POINT (13.20448715 52.56530885)
5;2021;10;15;3;3;6;4;0;0;1;1;0;0;0;0;POINT (13.20558023 52.5396425)
1;2021;11;15;4;3;2;2;0;0;1;0;0;0;0;0;POINT (13.41030796 52.52852694)
8;2021;11;17;3;3;2;6;1;0;1;0;0;0;0;1;POINT (13.43764042 52.45085167)
1;2021;10;14;4;3;5;2;0;1;1;0;0;0;0;0;POINT (13.35637821 52.55248195)
3;2021;10;8;4;3;1;5;0;1;1;0;0;0;0;1;POINT (13.41713075 52.54122768)
2;2021;10;13;1;3;1;5;0;0;1;0;0;0;0;0;POINT (13.4650109 52.50023037)
3;2021;11;6;5;3;6;4;1;0;1;1;0;0;0;1;POINT (13.43533014 52.59396949)
1;2021;11;10;1;3;0;1;0;1;0;0;0;0;0;1;POINT (13.37366753 52.55657113)
7;2021;11;17;3;2;2;6;2;0;1;0;0;0;0;0;POINT (13.37884917 52.44966061)
8;2021;11;18;1;3;1;5;2;0;1;0;0;0;0;0;POINT (13.48025704 52.42229363)
3;2021;10;20;6;3;5;2;2;1;1;0;0;0;0;0;POINT (13.42792824 52.54551304)
7;2021;10;14;3;3;5;2;0;1;0;0;0;0;1;0;POINT (13.36903454 52.49305197)
1;2021;10;8;1;3;2;6;0;0;1;0;0;0;0;0;POINT (13.37659398 52.50980472)
10;2021;11;6;1;2;5;2;1;1;1;0;0;0;0;0;POINT (13.55046922 52.54293752)
11;2021;11;14;4;3;2;6;0;0;1;0;0;0;0;0;POINT (13.54537854 52.56766392)
9;2021;11;9;7;2;8;1;0;0;0;0;1;0;0;1;POINT (13.64917469 52.44961383)
5;2021;10;19;2;3;5;2;2;0;1;0;0;0;0;1;POINT (13.22724823 52.5494751)
3;2021;10;15;4;3;5;2;0;0;1;0;0;0;0;1;POINT (13.4620424 52.55896854)
1;2021;11;22;5;3;1;5;2;1;1;0;0;0;0;0;POINT (13.40208927 52.52871956)
8;2021;10;19;4;3;1;5;2;0;1;0;0;1;0;0;POINT (13.43278194 52.48511634)
3;2021;10;12;5;3;1;7;0;1;1;0;0;0;0;0;POINT (13.4356788 52.53249035)
5;2021;10;10;6;3;5;3;0;0;1;0;0;0;0;0;POINT (13.16003096 52.52787096)
5;2021;10;14;5;2;5;2;0;0;1;0;1;0;0;0;POINT (13.14946353 52.45738337)
5;2021;11;14;2;2;8;1;0;0;1;0;0;0;0;0;POINT (13.20712514 52.58443029)
7;2021;11;7;5;3;2;6;0;0;1;0;0;0;0;1;POINT (13.3449496 52.48016716)
1;2021;11;23;4;3;6;6;2;0;1;1;0;0;0;1;POINT (13.40272894 52.5240381)
4;2021;10;14;7;2;1;5;0;0;1;0;1;0;0;0;POINT (13.33203601 52.48606158)
3;2021;10;14;4;3;1;5;0;0;1;0;0;0;1;0;POINT (13.47158879 52.55932351)
4;2021;10;17;2;3;5;2;0;1;1;0;0;0;0;0;POINT (13.31627577 52.49868503)
8;2021;11;14;1;3;5;3;0;1;0;0;0;0;1;1;POINT (13.42869573 52.47900869)
5;2021;11;11;6;3;4;6;0;0;1;0;1;0;0;0;POINT (13.22982801 52.5551521)
2;2021;11;15;1;3;5;3;0;0;1;0;0;0;0;0;POINT (13.43206196 52.49933615)
11;2021;10;6;2;2;0;1;0;0;0;0;1;0;0;1;POINT (13.50053136 52.56142836)
4;2021;11;14;6;3;2;6;0;0;1;0;0;0;0;1;POINT (13.27965194 52.51828599)
3;2021;11;17;1;3;5;2;2;1;0;0;0;1;0;1;POINT (13.42791883 52.54569971)
1;2021;11;21;2;3;1;5;2;1;1;0;0;0;0;1;POINT (13.38899162 52.56689922)
4;2021;11;6;5;3;1;5;1;1;1;0;0;0;0;1;POINT (13.29706399 52.53057703)
9;2021;10;19;5;3;5;2;2;0;1;0;1;0;0;0;POINT (13.63292072 52.45672363)
7;2021;10;15;7;3;5;3;0;0;1;0;1;0;0;0;POINT (13.37135413 52.47463792)
7;2021;10;19;6;3;1;5;2;0;1;0;0;0;0;0;POINT (13.38917499 52.4392649)
3;2021;11;22;2;2;0;1;2;0;0;0;1;0;0;1;POINT (13.49522878 52.63550934)
2;2021;11;14;4;3;5;2;0;1;1;0;0;0;0;1;POINT (13.38929028 52.4960476)
1;2021;10;11;6;3;0;1;0;1;0;0;0;0;0;0;POINT (13.40075759 52.52364119)
2;2021;10;16;5;3;5;3;0;1;1;0;0;0;0;0;POINT (13.43188928 52.50565695)
2;2021;10;12;2;3;2;6;0;0;1;0;0;0;0;0;POINT (13.39581175 52.50359743)
8;2021;10;6;3;3;5;2;2;0;1;0;1;0;0;0;POINT (13.42764463 52.42082909)
10;2021;10;17;1;3;5;2;1;1;1;0;0;0;0;0;POINT (13.55017018 52.49960842)
8;2021;11;10;2;3;5;2;0;0;1;0;0;0;0;1;POINT (13.44993079 52.44560238)
12;2021;10;13;3;3;2;6;0;0;1;0;1;0;0;0;POINT (13.37943185 52.57069453)
1;2021;10;19;7;3;8;1;2;0;1;0;0;0;0;1;POINT (13.39303887 52.53732558)
4;2021;11;16;5;3;2;6;1;0;1;0;0;0;0;1;POINT (13.29486905 52.49768317)
1;2021;11;6;6;3;1;7;2;0;1;0;0;0;0;0;POINT (13.3753097 52.55379151)
2;2021;11;12;3;3;5;2;0;1;0;0;1;0;0;0;POINT (13.4089589 52.50414866)
4;2021;11;7;7;3;1;5;0;0;1;0;0;0;1;0;POINT (13.31775148 52.49460461)
1;2021;10;13;4;3;1;5;0;0;1;0;0;1;0;0;POINT (13.35663799 52.55307434)
8;2021;10;15;1;3;3;6;0;0;1;0;0;0;0;0;POINT (13.45393697 52.47494469)
8;2021;11;8;1;3;3;6;0;1;1;0;0;0;0;0;POINT (13.42620752 52.47741067)
6;2021;11;12;3;3;5;3;0;1;0;0;1;0;0;0;POINT (13.32046957 52.44805)
9;2021;11;8;5;3;2;6;0;0;1;0;0;0;0;1;POINT (13.54699172 52.43147373)
7;2021;10;16;1;3;0;2;0;1;1;0;0;0;0;0;POINT (13.37840534 52.43759604)
2;2021;10;19;2;3;0;2;1;1;1;0;0;0;0;1;POINT (13.45148034 52.52038771)
4;2021;11;22;3;3;3;2;2;0;1;0;0;0;0;0;POINT (13.31316064 52.50055965)
7;2021;11;7;3;3;0;2;0;0;1;0;0;0;1;1;POINT (13.39853058 52.41956871)
9;2021;10;11;4;2;6;7;0;0;1;1;0;0;0;0;POINT (13.47511683 52.47994351)
12;2021;10;23;4;3;0;1;2;1;0;0;0;0;0;0;POINT (13.30034921 52.59144918)
8;2021;10;15;5;3;3;6;0;0;1;0;0;0;1;0;POINT (13.45535646 52.47410447)
8;2021;11;18;7;3;1;5;2;1;1;0;0;0;0;1;POINT (13.42785691 52.4739352)
1;2021;11;21;4;3;5;3;2;1;0;0;0;0;1;1;POINT (13.35468102 52.55205942)
8;2021;11;9;1;3;5;7;0;0;1;0;1;0;0;0;POINT (13.43862541 52.48988017)
10;2021;10;9;6;3;6;4;0;0;1;1;0;0;0;0;POINT (13.5552844 52.56821043)
3;2021;11;12;2;3;0;6;0;0;0;0;0;0;1;0;POINT (13.43206493 52.60420109)
9;2021;10;22;3;3;5;2;2;1;1;0;0;0;0;0;POINT (13.55931983 52.44658336)
1;2021;10;6;3;2;5;2;1;0;1;0;0;0;0;0;POINT (13.40571738 52.51407912)
6;2021;10;19;7;3;6;2;2;0;1;1;0;0;0;0;POINT (13.34273187 52.4345337)
7;2021;11;11;6;3;2;2;0;1;1;0;0;0;0;0;POINT (13.34889069 52.45886847)
8;2021;11;15;6;3;2;3;0;1;1;0;0;0;0;0;POINT (13.44046812 52.46737088)
7;2021;11;13;3;3;6;7;0;0;1;1;0;0;0;0;POINT (13.3378787 52.48827708)
4;2021;11;14;6;3;0;2;0;0;1;0;0;0;1;0;POINT (13.33235686 52.50628423)
12;2021;10;12;7;3;5;2;0;0;1;0;0;0;0;0;POINT (13.31250857 52.56952518)
8;2021;10;12;6;3;5;3;0;0;1;0;0;0;0;0;POINT (13.4789406 52.41418399)
10;2021;11;8;4;3;2;6;0;0;1;0;0;0;0;0;POINT (13.57842036 52.51325509)
2;2021;11;18;5;3;6;2;2;0;1;1;0;0;0;1;POINT (13.41534903 52.50301969)
4;2021;10;8;1;3;0;7;0;0;0;0;1;0;0;1;POINT (13.30948581 52.4723224)
9;2021;10;15;3;3;8;1;0;0;1;0;0;0;0;1;POINT (13.68379492 52.37050652)
2;2021;11;8;3;3;5;2;0;0;0;0;0;1;1;1;POINT (13.37945357 52.49254185)
10;2021;11;11;3;3;5;3;0;0;1;0;0;0;0;1;POINT (13.61074617 52.52689593)
3;2021;10;16;4;3;5;2;1;1;1;0;0;0;0;0;POINT (13.44049365 52.54069706)
10;2021;10;12;4;3;3;6;0;0;1;0;0;0;1;1;POINT (13.55759995 52.50730171)
7;2021;10;10;1;3;1;5;0;1;1;0;0;0;0;0;POINT (13.38540244 52.46712292)
10;2021;10;9;5;3;5;7;0;1;0;0;0;0;0;0;POINT (13.56566499 52.52889357)
8;2021;11;7;1;3;6;2;0;0;1;1;0;0;0;1;POINT (13.44641562 52.48635823)
1;2021;11;16;4;3;5;2;2;0;1;0;0;0;0;1;POINT (13.37045251 52.54529961)
1;2021;11;9;2;3;5;3;0;1;0;0;1;0;0;0;POINT (13.40537584 52.50826494)
11;2021;10;19;6;3;0;7;2;1;0;0;0;0;0;0;POINT (13.47480431 52.50282232)
2;2021;10;13;4;3;5;2;0;1;1;0;0;0;0;0;POINT (13.44230446 52.5008819)
4;2021;10;8;1;3;0;2;0;0;1;0;1;0;0;0;POINT (13.30783413 52.4724882)
4;2021;10;22;7;3;5;2;2;0;1;0;1;0;0;0;POINT (13.32610463 52.53837732)
2;2021;11;16;4;3;0;3;0;1;1;0;0;0;0;0;POINT (13.41966232 52.48983879)
9;2021;11;17;7;3;2;6;1;0;1;0;0;0;0;1;POINT (13.52009845 52.4267839)
9;2021;10;11;1;3;2;6;0;0;1;0;0;0;0;1;POINT (13.53995833 52.45860996)
8;2021;11;17;6;3;6;2;1;0;1;1;0;0;0;1;POINT (13.47386282 52.42581847)
6;2021;10;9;5;3;3;2;0;0;1;0;1;0;0;0;POINT (13.33886718 52.46551071)
4;2021;10;16;5;3;5;7;0;1;1;0;0;0;0;1;POINT (13.31503289 52.50090722)
10;2021;10;16;6;3;3;6;0;0;1;0;0;0;0;0;POINT (13.60464893 52.5383624)
1;2021;10;16;5;3;2;2;0;1;1;0;0;0;0;0;POINT (13.38392496 52.51688557)
10;2021;11;15;2;3;5;3;0;0;1;0;1;0;0;0;POINT (13.61236695 52.51124058)
5;2021;11;12;4;3;2;6;0;0;1;0;0;1;0;1;POINT (13.16570317 52.55118926)
11;2021;11;20;3;3;6;4;2;0;1;1;0;0;0;1;POINT (13.49923775 52.51037168)
7;2021;10;21;7;2;6;2;2;0;0;1;0;0;1;1;POINT (13.40131325 52.41463747)
2;2021;10;20;4;3;5;3;2;0;1;0;0;0;0;0;POINT (13.39696249 52.50531291)
2;2021;10;13;2;3;1;5;0;1;1;0;0;0;0;0;POINT (13.44032249 52.50488452)
1;2021;11;19;5;3;1;5;2;0;1;0;0;0;1;0;POINT (13.34334765 52.52737023)
3;2021;11;13;1;3;5;3;0;1;1;0;0;0;0;0;POINT (13.47586414 52.55042898)
10;2021;10;7;3;3;0;1;0;1;0;0;0;0;0;0;POINT (13.55350079 52.50251989)
11;2021;10;12;7;3;2;6;0;0;1;0;0;0;0;0;POINT (13.53601411 52.47784738)
7;2021;11;17;6;3;6;4;2;0;0;1;0;0;1;1;POINT (13.38691116 52.48324688)
12;2021;11;15;6;3;1;5;0;1;1;0;0;0;0;0;POINT (13.37009652 52.56891547)
6;2021;11;21;2;3;0;2;2;0;1;0;1;0;0;0;POINT (13.24755555 52.42682355)
3;2021;11;6;5;2;5;2;2;1;0;0;0;0;1;1;POINT (13.36985077 52.58937295)
5;2021;10;15;5;1;6;4;0;0;0;1;1;0;0;0;POINT (13.1829182 52.54787408)
10;2021;10;13;6;3;2;6;0;0;1;0;0;0;0;0;POINT (13.56520116 52.54479108)
12;2021;10;12;6;3;2;6;0;0;1;0;0;0;1;0;POINT (13.28997981 52.57554501)
7;2021;11;15;3;3;6;7;0;1;0;1;0;0;0;0;POINT (13.32824523 52.46721977)
1;2021;11;19;4;2;6;2;2;0;1;1;0;0;0;1;POINT (13.38447685 52.55607608)
10;2021;10;13;6;3;2;2;0;0;1;0;1;0;0;0;POINT (13.56177053 52.49364367)
3;2021;10;11;5;3;6;4;0;0;1;1;0;0;0;0;POINT (13.49316029 52.63636739)
2;2021;10;16;3;3;2;6;0;0;0;0;1;0;1;1;POINT (13.46880546 52.50247095)
1;2021;10;14;3;2;1;5;0;1;0;0;0;0;1;0;POINT (13.40243074 52.53115218)
4;2021;10;13;2;3;2;6;0;1;0;0;0;0;0;0;POINT (13.29335649 52.49744872)
4;2021;11;15;3;2;5;3;0;0;1;0;0;0;0;1;POINT (13.29397589 52.53348357)
11;2021;11;14;2;2;3;6;0;1;0;0;0;1;0;1;POINT (13.52774151 52.489569)
6;2021;10;10;3;2;5;2;0;1;1;0;0;0;0;0;POINT (13.29228978 52.44141714)
9;2021;10;17;3;3;5;2;1;1;0;0;0;0;1;0;POINT (13.52947007 52.42960666)
5;2021;10;8;1;3;1;5;0;0;0;0;0;0;1;0;POINT (13.20514375 52.56087677)
6;2021;11;23;5;2;0;1;2;0;0;0;0;0;1;1;POINT (13.34123085 52.43368472)
1;2021;11;13;6;3;2;2;0;0;1;0;0;0;0;0;POINT (13.36803271 52.52591902)
3;2021;11;7;3;3;1;5;0;1;1;0;0;0;0;0;POINT (13.4372886 52.53626528)
11;2021;11;10;7;2;0;6;0;0;1;0;0;0;1;0;POINT (13.47582724 52.53324591)
1;2021;10;14;6;3;0;6;0;0;1;0;0;0;1;0;POINT (13.35224978 52.54299156)
12;2021;10;13;4;3;0;6;0;1;1;0;0;0;0;0;POINT (13.3322879 52.57636079)
2;2021;10;9;1;3;8;1;0;0;1;0;0;0;0;1;POINT (13.43782762 52.50614152)
2;2021;11;13;1;3;0;1;0;1;0;0;1;0;0;1;POINT (13.45828519 52.51268276)
5;2021;11;13;4;3;5;3;0;0;1;0;0;0;0;0;POINT (13.14169045 52.5325062)
12;2021;11;14;5;3;5;2;0;1;1;0;0;0;0;0;POINT (13.31513214 52.58637805)
1;2021;10;17;6;3;5;2;0;1;1;0;0;0;0;0;POINT (13.39209606 52.55404984)
1;2021;10;9;4;3;0;7;0;1;0;0;0;0;0;0;POINT (13.41742984 52.51297807)
3;2021;11;15;5;3;2;6;0;0;1;0;0;0;0;0;POINT (13.45611601 52.52842833)
1;2021;11;16;3;3;2;6;2;0;1;0;0;0;0;1;POINT (13.35613128 52.50980622)
1;2021;10;16;3;3;0;1;0;1;1;0;0;0;0;0;POINT (13.41051805 52.51245795)
2;2021;10;8;4;3;0;7;0;0;0;0;1;0;1;1;POINT (13.45557803 52.51808654)
9;2021;10;12;5;3;5;2;0;1;1;0;0;0;0;0;POINT (13.51404492 52.46234673)
3;2021;11;7;1;3;5;2;0;1;1;0;0;0;0;1;POINT (13.45942158 52.56281635)
1;2021;11;16;4;3;5;2;1;1;0;0;0;0;1;1;POINT (13.40977994 52.52401536)
11;2021;11;7;2;3;5;3;0;1;1;0;0;0;0;0;POINT (13.47433443 52.50463933)