bez;ujahr;umonat;ustunde;uwochentag;ukategorie;uart;utyp1;ulichtverh;istrad;istpkw;istfuss;istkrad;istgkfz;istsonstige;ustrzustand;geometry
1;2021;10;22;6;3;2;6;2;0;1;0;0;0;0;0;POINT (13.36874994 52.50890357)
5;2021;10;14;4;3;4;6;0;1;0;0;0;0;1;0;POINT (13.18365776 52.5476613)
12;2021;10;15;1;3;3;6;0;0;0;0;1;0;1;0;POINT (13.28911397 52.59579144)
12;2021;11;12;1;3;0;7;0;0;0;1;0;0;1;0;POINT (13.33426115 52.58237851)
1;2021;11;17;4;3;5;3;2;0;0;0;0;0;1;1;POINT (13.41067065 52.52797787)
2;2021;11;15;7;3;6;4;0;0;1;1;0;0;0;1;POINT (13.46757797 52.49585509)
3;2021;10;15;1;3;4;6;0;1;0;0;0;0;0;0;POINT (13.42756038 52.56794173)
12;2021;10;17;7;3;2;6;0;0;1;0;0;0;0;0;POINT (13.33083615 52.56235753)
4;2021;11;21;6;3;1;5;2;0;1;0;0;0;1;1;POINT (13.29711083 52.52845497)
12;2021;10;7;5;3;2;6;0;0;1;0;0;0;0;0;POINT (13.29225239 52.60778586)
6;2021;10;14;6;3;5;2;0;0;1;0;0;0;1;0;POINT (13.33935659 52.45864442)
8;2021;10;21;5;3;3;6;2;1;1;0;0;0;0;1;POINT (13.43062699 52.46867582)
6;2021;10;18;5;3;1;5;2;0;1;0;0;0;0;0;POINT (13.24136702 52.44382681)
4;2021;11;11;2;3;2;6;0;1;1;0;0;0;0;0;POINT (13.3176479 52.50140992)
5;2021;11;18;4;3;5;7;1;1;1;0;0;0;0;1;POINT (13.20846131 52.56161857)
1;2021;10;9;6;3;1;6;0;1;1;0;0;0;1;0;POINT (13.38187285 52.53820816)
1;2021;10;5;2;3;6;2;2;0;0;1;0;0;1;0;POINT (13.35754749 52.53590203)
4;2021;10;1;3;3;0;1;2;0;0;0;0;0;1;0;POINT (13.30514661 52.50255628)
7;2021;11;16;7;3;0;6;2;1;0;0;0;0;0;1;POINT (13.34526929 52.49199442)
8;2021;10;8;2;3;0;7;0;0;0;0;0;0;1;0;POINT (13.43981824 52.47590909)
8;2021;10;13;4;3;6;4;0;0;1;1;0;0;0;0;POINT (13.45469658 52.42346367)
12;2021;10;11;2;3;6;4;0;0;1;1;0;0;0;0;POINT (13.33510872 52.5956528)
1;2021;11;18;1;3;5;2;2;1;1;0;0;0;0;1;POINT (13.35153634 52.50951353)
4;2021;11;14;4;3;2;6;0;1;1;0;0;0;0;0;POINT (13.31746088 52.51196124)
8;2021;11;13;6;3;5;3;0;0;1;0;0;0;0;0;POINT (13.47239822 52.43680941)
6;2021;10;18;2;3;2;6;1;0;1;0;0;0;0;0;POINT (13.33333789 52.45833579)
11;2021;11;7;5;3;5;3;1;1;1;0;0;0;0;0;POINT (13.49483432 52.54543035)
11;2021;10;17;4;2;5;3;0;1;1;0;0;0;0;0;POINT (13.50830363 52.55007688)
2;2021;10;20;5;3;4;6;2;0;1;0;0;0;0;1;POINT (13.42113818 52.50390149)
10;2021;10;15;5;2;0;3;0;0;1;0;1;0;0;1;POINT (13.54318643 52.55362377)
1;2021;10;23;5;2;5;3;2;0;1;0;0;0;0;0;POINT (13.3936544 52.53218607)
12;2021;11;5;2;3;5;2;2;1;1;0;0;0;0;1;POINT (13.32380143 52.58738793)
2;2021;11;8;5;3;0;1;0;0;0;0;1;0;0;1;POINT (13.45358853 52.51412975)
5;2021;11;6;3;3;2;6;1;0;1;0;0;0;0;1;POINT (13.2291311 52.52827494)
8;2021;10;22;7;3;6;7;2;0;1;1;0;0;0;0;POINT (13.46702844 52.46864763)
2;2021;10;14;1;2;5;3;0;0;1;0;1;0;0;0;POINT (13.46751502 52.50961503)
11;2021;10;5;2;3;5;3;2;1;1;0;0;0;0;0;POINT (13.51182803 52.55065032)
8;2021;11;16;1;3;6;2;0;1;0;1;0;1;0;0;POINT (13.45582152 52.47380072)
6;2021;10;12;2;3;2;6;0;0;1;0;0;0;0;1;POINT (13.33908259 52.45656957)
1;2021;10;9;3;3;5;3;0;1;1;0;0;0;0;0;POINT (13.35411019 52.54168197)
1;2021;11;18;6;3;6;2;2;0;1;1;0;0;0;1;POINT (13.39601806 52.53837546)
3;2021;11;18;1;3;0;3;2;0;1;0;1;0;0;1;POINT (13.36842016 52.58969315)
1;2021;11;11;2;3;2;3;0;1;1;0;0;0;0;1;POINT (13.3385488 52.53026199)
6;2021;11;14;5;3;6;4;0;1;0;1;0;0;0;0;POINT (13.26633684 52.45199047)
5;2021;10;13;6;3;6;7;0;0;1;1;0;0;0;0;POINT (13.15574691 52.53307724)
11;2021;10;11;6;3;6;4;0;0;0;1;0;0;1;0;POINT (13.53277387 52.51278604)
2;2021;11;17;2;3;5;2;2;0;1;0;0;0;1;0;POINT (13.38871708 52.4993236)
6;2021;11;13;4;3;6;4;0;0;0;1;0;0;1;0;POINT (13.24032604 52.44278047)
5;2021;10;15;5;3;2;6;0;0;1;0;0;0;0;0;POINT (13.20100099 52.55542828)
5;2021;10;11;5;2;2;4;0;0;1;1;0;0;0;0;POINT (13.19876085 52.54281209)
2;2021;10;21;2;3;5;2;2;0;1;0;0;0;1;1;POINT (13.42993233 52.52317177)
12;2021;10;18;2;3;0;3;2;0;1;0;1;0;0;0;POINT (13.31229529 52.60454956)
11;2021;11;9;3;3;5;3;0;1;1;0;0;0;0;0;POINT (13.48509138 52.49596802)
12;2021;11;18;2;3;2;2;1;0;1;0;1;0;0;1;POINT (13.32604097 52.56460063)
1;2021;10;13;3;3;2;2;0;0;1;0;1;0;0;0;POINT (13.3893398 52.54700696)
1;2021;10;9;5;3;0;7;0;0;1;0;1;0;0;0;POINT (13.36499359 52.52600785)
12;2021;10;0;1;3;1;1;2;0;1;0;0;0;0;1;POINT (13.32877151 52.56625864)
4;2021;11;13;5;3;3;6;0;0;1;0;0;0;0;1;POINT (13.29726208 52.52696213)
6;2021;11;18;7;3;6;2;2;0;1;1;0;0;0;1;POINT (13.34586255 52.43621209)
8;2021;11;17;3;2;0;4;2;1;0;1;0;0;0;0;POINT (13.43466805 52.47260589)
12;2021;11;13;2;2;6;4;0;0;1;1;0;0;0;0;POINT (13.29163557 52.59514666)
7;2021;10;12;5;3;5;2;0;1;1;0;0;0;0;0;POINT (13.3501086 52.41429517)
12;2021;10;13;4;3;5;7;0;0;1;0;1;0;0;0;POINT (13.27821052 52.57572623)
6;2021;10;15;7;3;5;7;0;1;1;0;0;0;0;0;POINT (13.12479917 52.42825754)
5;2021;10;6;7;3;2;6;0;0;1;0;0;0;0;0;POINT (13.22789828 52.52833321)
4;2021;11;10;3;3;2;6;0;0;1;0;0;0;0;0;POINT (13.28148858 52.50130795)
11;2021;11;10;5;3;5;2;0;0;1;0;0;0;1;0;POINT (13.49999818 52.49895528)
1;2021;10;16;2;3;6;4;0;1;0;1;0;0;0;1;POINT (13.41016975 52.51754814)
9;2021;10;9;4;3;5;3;0;1;0;0;0;0;0;0;POINT (13.4403622 52.48990713)
4;2021;11;9;5;3;5;7;0;0;1;0;1;0;0;0;POINT (13.28089055 52.47828198)
5;2021;11;20;3;3;2;6;2;0;1;0;0;0;0;0;POINT (13.26650475 52.53355077)
12;2021;10;18;3;2;0;1;0;0;0;0;1;0;0;0;POINT (13.31150682 52.56791275)
7;2021;10;5;6;3;9;1;2;0;0;0;1;0;0;1;POINT (13.3774186 52.47936922)
4;2021;10;12;5;3;1;5;0;1;1;0;0;0;0;0;POINT (13.28624956 52.49772046)
1;2021;11;9;2;2;5;3;0;1;0;0;0;0;1;1;POINT (13.41197506 52.52817524)
1;2021;11;17;4;3;6;4;1;0;1;1;0;0;0;1;POINT (13.38301909 52.5420474)
6;2021;11;13;2;3;3;6;0;0;1;0;0;0;1;0;POINT (13.30956052 52.4671091)
4;2021;10;21;6;3;0;3;0;0;1;0;0;0;1;0;POINT (13.33122785 52.49541572)
11;2021;10;14;4;3;5;3;0;0;1;0;1;0;0;0;POINT (13.52357693 52.47882402)
12;2021;10;7;2;3;5;2;2;1;1;0;0;0;0;0;POINT (13.36053154 52.59680995)
7;2021;11;16;1;3;2;6;1;0;1;0;0;0;0;1;POINT (13.36600035 52.49548936)
1;2021;11;8;4;3;0;2;0;1;1;0;0;0;0;0;POINT (13.37065005 52.55906021)
1;2021;11;19;7;3;5;2;2;1;1;0;0;0;0;1;POINT (13.42104211 52.50980291)
1;2021;10;6;2;3;5;3;0;0;1;0;0;0;1;1;POINT (13.38340124 52.51153722)
11;2021;11;17;6;3;5;2;2;0;1;0;1;0;0;1;POINT (13.50035009 52.5106708)
6;2021;11;9;1;3;5;3;0;0;1;0;0;0;0;1;POINT (13.28597725 52.44960959)
3;2021;10;8;4;3;1;5;0;0;1;0;0;1;0;0;POINT (13.4972165 52.62857987)
12;2021;10;17;5;3;5;2;1;0;1;0;0;0;0;1;POINT (13.33067929 52.57109706)
8;2021;10;15;1;3;5;2;0;1;1;0;0;0;0;0;POINT (13.44238844 52.46576829)
8;2021;10;13;5;3;4;6;0;1;0;0;0;0;1;0;POINT (13.42069821 52.46888503)
5;2021;11;8;3;3;5;3;0;1;1;0;0;0;0;0;POINT (13.24163029 52.54337407)
10;2021;11;9;4;3;5;3;0;1;0;0;0;0;1;0;POINT (13.62374866 52.52190103)
10;2021;10;17;5;3;2;6;0;0;1;0;0;0;0;0;POINT (13.56156737 52.50715815)
5;2021;10;15;2;3;4;6;0;0;1;0;0;0;1;0;POINT (13.2639731 52.53847974)
7;2021;10;18;2;3;5;3;2;0;1;0;0;0;0;1;POINT (13.36014719 52.41791758)
1;2021;10;8;1;3;5;2;0;1;1;0;0;0;0;0;POINT (13.39130208 52.53621992)
1;2021;11;8;1;3;5;2;0;1;1;0;0;0;0;0;POINT (13.38677104 52.54345054)
4;2021;10;15;3;3;5;3;0;1;1;0;0;0;0;0;POINT (13.301066 52.52806897)
1;2021;10;15;3;3;5;2;0;0;1;0;0;0;0;0;POINT (13.34393914 52.54643041)
1;2021;11;18;6;3;0;1;2;1;0;0;0;0;0;0;POINT (13.36384461 52.54830015)
1;2021;11;9;2;3;5;3;0;1;1;0;0;0;0;1;POINT (13.35628351 52.54320751)
3;2021;11;21;6;3;1;5;2;0;1;0;1;0;0;0;POINT (13.40695911 52.59067393)
9;2021;10;11;7;3;2;2;0;0;1;0;0;0;0;0;POINT (13.52669539 52.42646196)
8;2021;10;13;6;2;1;5;0;0;0;0;1;0;1;0;POINT (13.43982525 52.43144879)
8;2021;11;22;4;3;5;3;2;0;1;0;0;0;0;1;POINT (13.43456352 52.482792)
9;2021;11;19;4;3;2;6;2;0;1;0;0;0;0;0;POINT (13.52877662 52.45226137)
3;2021;10;9;1;3;6;7;0;0;1;1;0;0;0;0;POINT (13.42443664 52.53293753)
11;2021;10;7;3;3;5;2;0;1;1;0;0;0;0;0;POINT (13.47945155 52.51619707)
2;2021;11;11;4;3;5;2;0;1;1;0;0;0;0;0;POINT (13.43734543 52.51081187)
4;2021;11;11;2;3;5;2;0;0;1;0;1;0;0;1;POINT (13.31484261 52.46942384)
6;2021;10;13;4;3;5;3;0;0;1;0;0;0;1;0;POINT (13.35192738 52.41857866)
3;2021;10;15;4;3;1;5;0;1;1;0;0;0;0;1;POINT (13.40172322 52.56868647)
1;2021;10;15;1;3;1;5;0;1;1;0;0;0;0;0;POINT (13.41760087 52.51334903)
5;2021;11;14;5;3;5;3;0;0;1;0;1;0;0;1;POINT (13.20266052 52.54984301)
4;2021;11;7;1;3;1;5;0;0;1;0;1;0;0;1;POINT (13.31107019 52.49583969)
7;2021;11;13;4;2;6;4;0;0;1;1;0;0;0;1;POINT (13.38220136 52.39938756)
6;2021;11;8;1;3;5;3;0;0;1;0;0;0;0;1;POINT (13.2476638 52.46747413)
3;2021;10;12;6;3;2;6;0;1;1;0;0;0;0;0;POINT (13.42876759 52.58174554)
10;2021;10;12;4;3;5;2;0;0;1;0;0;0;0;0;POINT (13.5603724 52.48660223)
5;2021;10;10;1;3;2;6;0;0;1;0;0;0;0;0;POINT (13.20557215 52.54182107)
5;2021;10;21;3;3;5;2;2;0;1;0;0;0;0;0;POINT (13.21737309 52.53780364)
4;2021;11;13;6;3;5;2;0;1;1;0;0;0;0;0;POINT (13.32306717 52.49067983)
9;2021;11;9;1;3;5;3;0;1;1;0;0;0;0;1;POINT (13.5504115 52.42915252)
11;2021;11;19;2;3;5;2;2;0;1;0;0;0;0;0;POINT (13.47627905 52.53310489)
1;2021;11;16;1;3;5;3;0;0;1;0;0;0;0;0;POINT (13.34169647 52.53483763)
5;2021;10;8;6;3;7;7;0;1;0;0;0;0;0;0;POINT (13.1436323 52.45535062)
1;2021;10;11;6;2;5;2;0;0;1;0;1;0;0;0;POINT (13.39182489 52.5105007)
5;2021;11;20;2;3;5;3;2;1;1;0;0;0;0;1;POINT (13.17194199 52.55013197)
8;2021;11;19;4;3;0;6;2;0;1;0;1;0;0;1;POINT (13.42351026 52.48656279)
2;2021;10;5;7;3;9;7;2;0;1;0;0;0;0;0;POINT (13.38590851 52.48738095)
4;2021;10;7;3;3;5;2;0;0;1;0;0;0;0;0;POINT (13.28139989 52.51283641)
4;2021;10;12;2;3;5;2;0;0;1;0;0;0;0;0;POINT (13.32611175 52.53834505)
3;2021;11;10;4;3;1;5;0;1;1;0;0;0;0;0;POINT (13.47363336 52.60995417)
6;2021;11;7;2;3;1;5;0;1;1;0;0;0;0;1;POINT (13.30532563 52.46564862)
6;2021;10;10;3;3;5;3;0;1;1;0;0;0;0;0;POINT (13.25007242 52.42123494)
4;2021;10;10;4;3;2;7;0;0;1;0;1;0;0;1;POINT (13.26737724 52.51417224)
1;2021;11;20;6;3;5;2;2;0;1;0;0;0;1;0;POINT (13.34601696 52.50400401)
10;2021;11;22;7;3;4;6;2;0;1;0;0;0;0;1;POINT (13.56153478 52.50170333)
2;2021;11;16;3;3;6;4;1;0;0;1;0;0;1;0;POINT (13.39456068 52.48737405)
8;2021;11;17;2;3;1;5;1;1;0;0;0;0;1;0;POINT (13.45113562 52.47355068)
1;2021;10;15;6;3;6;4;0;1;0;1;0;0;0;0;POINT (13.39099336 52.5448523)
9;2021;10;14;3;2;0;3;0;1;1;0;0;0;0;0;POINT (13.54991445 52.43626561)
5;2021;10;6;7;2;8;1;2;0;1;0;0;0;0;0;POINT (13.14169943 52.45542553)
3;2021;10;15;7;3;2;1;0;1;0;0;0;0;0;0;POINT (13.46066018 52.5638208)
12;2021;11;7;3;3;2;3;0;0;1;0;0;0;1;0;POINT (13.36287528 52.56662396)
3;2021;11;18;4;3;5;2;2;1;0;0;1;0;0;1;POINT (13.4132368 52.54767621)
5;2021;10;15;1;3;5;3;0;0;1;0;0;0;1;0;POINT (13.22700943 52.54939337)
2;2021;10;20;3;3;5;2;2;1;1;0;0;0;0;0;POINT (13.45769721 52.51280133)
6;2021;11;17;5;2;6;4;1;0;1;1;0;0;0;0;POINT (13.34302581 52.43967448)
1;2021;11;9;3;3;5;3;0;1;1;0;0;0;0;1;POINT (13.36668252 52.55729216)
5;2021;10;18;3;3;6;4;1;0;1;1;0;0;0;0;POINT (13.19830424 52.54845094)
1;2021;10;23;4;3;5;3;2;0;1;0;0;0;0;0;POINT (13.41229322 52.51593556)
8;2021;10;21;5;3;1;7;2;0;1;0;0;0;0;1;POINT (13.43188888 52.4401726)
9;2021;10;21;7;3;5;2;2;1;1;0;0;0;0;1;POINT (13.55502377 52.43253311)
7;2021;10;12;5;3;2;6;0;0;1;0;1;0;0;0;POINT (13.38152777 52.41082862)
4;2021;11;18;1;2;6;2;2;0;1;1;0;0;0;0;POINT (13.29964078 52.47330867)
11;2021;11;14;4;3;0;3;0;0;1;0;1;0;0;1;POINT (13.51604804 52.50581277)
3;2021;11;14;3;3;5;2;0;0;1;0;0;0;1;0;POINT (13.47037116 52.5537187)
3;2021;10;18;7;3;2;2;1;0;1;0;1;0;0;0;POINT (13.40218218 52.60287061)
9;2021;10;15;4;3;1;5;0;0;1;0;0;0;0;0;POINT (13.62021678 52.44666884)
1;2021;10;7;2;3;5;3;0;1;1;0;0;0;0;0;POINT (13.41515451 52.52083594)
8;2021;11;13;1;3;6;4;0;0;1;1;0;0;0;1;POINT (13.45318897 52.48287403)
6;2021;11;11;6;2;5;7;0;1;1;0;0;0;0;0;POINT (13.33965441 52.44776802)
6;2021;11;7;1;3;2;6;0;0;1;0;0;0;0;1;POINT (13.35207282 52.43579196)
9;2021;10;11;2;3;2;7;0;0;1;0;0;0;1;0;POINT (13.56874123 52.40517883)
2;2021;11;18;6;3;5;3;2;1;1;0;0;0;0;1;POINT (13.43041849 52.4992144)
11;2021;11;22;1;2;6;6;2;1;0;1;0;0;0;1;POINT (13.50775348 52.54504034)
4;2021;11;15;1;3;6;4;0;0;1;1;0;0;0;1;POINT (13.31277395 52.48987297)
1;2021;10;14;5;3;6;2;0;0;1;1;0;0;0;0;POINT (13.38392061 52.51691312)
2;2021;10;17;5;3;5;2;0;1;0;0;0;0;1;1;POINT (13.38662062 52.505373)
11;2021;10;12;1;3;5;2;0;0;1;0;0;0;0;0;POINT (13.50115101 52.56070522)
7;2021;10;16;5;3;5;2;0;0;1;0;1;0;0;0;POINT (13.39341104 52.45796564)
3;2021;11;17;2;2;6;7;2;0;1;1;0;0;0;0;POINT (13.45167896 52.53503769)
6;2021;11;16;4;2;5;3;1;1;1;0;0;0;0;1;POINT (13.32874848 52.45417061)
9;2021;10;9;6;2;6;4;0;0;1;1;0;0;0;0;POINT (13.53676615 52.39787901)
3;2021;10;15;2;2;2;6;0;0;1;0;0;0;1;0;POINT (13.444312 52.5652369)
12;2021;10;17;2;2;4;6;0;1;0;0;0;0;0;0;POINT (13.27574038 52.59750842)
7;2021;10;21;1;3;5;3;2;1;1;0;0;0;0;1;POINT (13.33910891 52.49231657)
11;2021;11;18;2;3;3;6;1;0;1;0;0;0;0;0;POINT (13.52487018 52.49562162)
5;2021;10;15;3;2;6;4;0;0;1;1;0;0;0;0;POINT (13.19582126 52.52926985)
4;2021;10;16;3;3;2;6;0;0;1;0;1;0;0;0;POINT (13.25762459 52.51875672)
6;2021;11;10;5;3;5;3;0;0;1;0;0;0;0;1;POINT (13.32639121 52.44758348)
3;2021;11;17;7;2;5;3;2;0;1;0;1;0;0;1;POINT (13.43412702 52.54579714)
1;2021;11;9;4;3;5;2;0;0;1;0;0;0;0;1;POINT (13.35058208 52.53254301)
1;2021;11;12;6;3;5;2;0;1;1;0;0;0;0;0;POINT (13.34140687 52.52057782)
1;2021;10;16;7;3;9;1;1;0;1;0;0;0;0;0;POINT (13.37924659 52.52945577)
9;2021;10;19;6;3;4;6;2;1;0;0;0;0;0;0;POINT (13.59331104 52.4501155)
5;2021;11;12;4;3;2;7;0;0;1;0;0;0;0;0;POINT (13.13853782 52.45517324)
4;2021;11;9;5;3;5;3;0;0;1;0;0;0;0;0;POINT (13.28026355 52.51832536)
6;2021;10;21;6;3;1;7;2;0;1;0;0;0;1;0;POINT (13.33291839 52.43989851)
9;2021;10;18;3;3;5;2;1;1;1;0;0;0;0;0;POINT (13.53653258 52.45993509)
12;2021;11;16;4;3;2;6;1;0;1;0;0;0;0;0;POINT (13.32221517 52.58756612)
3;2021;11;8;2;2;5;2;0;1;1;0;0;0;0;1;POINT (13.42875718 52.57800946)
8;2021;10;15;4;3;5;3;0;0;1;0;0;0;0;0;POINT (13.49126271 52.42057431)
3;2021;10;10;4;3;0;1;0;0;0;0;1;0;0;1;POINT (13.4625667 52.53184005)
4;2021;10;15;5;3;0;1;0;0;0;0;1;0;0;1;POINT (13.28866158 52.47678293)
9;2021;11;23;7;2;9;1;2;0;1;0;0;0;0;1;POINT (13.59832073 52.45257485)
7;2021;11;18;4;3;2;6;2;0;1;0;0;0;0;1;POINT (13.3701369 52.46514225)
1;2021;11;17;2;3;0;3;1;1;1;0;0;0;0;0;POINT (13.39133514 52.56344871)
8;2021;10;15;5;3;5;7;0;0;1;0;0;0;0;0;POINT (13.42884159 52.47789178)
4;2021;10;11;4;3;3;6;0;1;1;0;0;0;0;0;POINT (13.32043979 52.48546949)
11;2021;10;7;1;3;6;4;1;0;1;1;0;0;0;0;POINT (13.51291092 52.56631824)
10;2021;10;14;7;3;5;3;0;1;0;0;0;0;0;0;POINT (13.6085282 52.54299402)
7;2021;11;22;4;3;2;6;2;0;1;0;0;0;1;1;POINT (13.37904434 52.4482701)
5;2021;11;4;6;3;0;1;2;0;0;0;0;0;1;0;POINT (13.23007456 52.54659029)
6;2021;10;10;1;3;2;6;0;0;1;0;0;1;0;0;POINT (13.32619854 52.42784988)
7;2021;10;9;4;3;5;2;0;0;1;0;1;0;0;0;POINT (13.37061442 52.47050228)
1;2021;11;0;5;3;0;7;2;1;0;0;0;0;0;1;POINT (13.33351806 52.52784405)
1;2021;10;1;4;3;8;1;2;0;1;0;0;0;0;0;POINT (13.37637012 52.55635102)
6;2021;10;19;5;3;5;7;2;0;1;0;0;0;0;1;POINT (13.22396448 52.42968047)
3;2021;10;13;6;2;6;4;0;1;0;1;0;0;0;0;POINT (13.40975334 52.53589281)
8;2021;10;17;6;3;6;7;0;0;0;1;0;0;1;0;POINT (13.43243473 52.48834206)
3;2021;11;17;1;3;2;6;2;1;1;0;0;0;1;1;POINT (13.41672193 52.54704581)
4;2021;11;9;5;3;6;4;0;1;0;1;0;0;0;1;POINT (13.32169626 52.48822353)
4;2021;11;7;3;3;5;2;0;0;1;0;0;0;0;1;POINT (13.2815406 52.51100987)
4;2021;10;2;7;3;8;1;2;0;1;0;0;0;1;0;POINT (13.30025875 52.52269479)
8;2021;10;7;4;3;2;6;0;0;0;0;0;0;1;1;POINT (13.4301212 52.46986215)
3;2021;10;9;2;3;2;7;0;0;1;0;1;0;0;0;POINT (13.45517822 52.55921784)
7;2021;11;13;1;3;1;5;0;1;1;0;0;0;0;1;POINT (13.37258938 52.48789897)
1;2021;11;14;6;3;5;2;0;0;1;0;0;0;1;0;POINT (13.35909173 52.54627471)
12;2021;11;10;1;3;2;2;0;0;1;0;0;0;0;1;POINT (13.36182016 52.60861667)
12;2021;10;7;3;3;2;2;0;0;1;0;0;0;0;1;POINT (13.32653152 52.60465522)
5;2021;11;19;6;2;6;2;2;0;1;1;0;0;0;1;POINT (13.16547 52.55108533)
1;2021;11;20;7;3;5;2;2;0;1;0;0;0;0;1;POINT (13.41182226 52.52396765)
8;2021;11;16;3;3;5;2;0;1;1;0;0;0;0;0;POINT (13.43624528 52.46745943)
4;2021;11;4;5;3;8;1;2;0;1;0;0;0;0;1;POINT (13.28969489 52.49496121)
4;2021;11;7;1;3;5;2;1;0;0;0;1;0;1;0;POINT (13.30151157 52.50979466)
9;2021;11;10;4;3;2;7;0;0;1;0;0;0;0;2;POINT (13.55313529 52.42734531)
1;2021;11;22;6;3;6;2;2;0;1;1;0;0;0;0;POINT (13.3494112 52.54234954)
9;2021;10;18;1;3;0;7;0;0;0;0;0;0;1;0;POINT (13.56010712 52.44640416)
5;2021;10;12;4;3;6;4;0;0;1;1;0;0;0;1;POINT (13.20559191 52.54183953)
9;2021;11;10;6;3;5;3;0;1;1;0;0;0;0;0;POINT (13.51346283 52.46459675)
6;2021;10;14;4;3;0;7;0;0;0;0;0;1;1;0;POINT (13.34665661 52.45903159)
12;2021;10;7;4;3;5;3;0;1;0;0;0;0;1;1;POINT (13.35163281 52.57806933)
9;2021;10;14;6;2;4;1;0;0;1;0;0;0;0;0;POINT (13.64330312 52.4790863)
4;2021;10;5;7;2;5;3;2;1;1;0;0;0;0;0;POINT (13.29949078 52.51975876)
1;2021;10;11;5;3;2;6;0;0;1;0;1;0;0;0;POINT (13.38397818 52.51841979)
6;2021;11;14;1;2;6;4;0;0;0;1;0;1;0;0;POINT (13.32030723 52.4570194)
4;2021;11;17;4;3;6;4;2;0;1;1;0;0;0;1;POINT (13.32743128 52.52202214)
7;2021;11;15;3;3;1;4;0;0;1;1;0;0;0;0;POINT (13.38670783 52.45057682)
2;2021;10;16;7;3;3;6;0;0;1;0;1;0;0;0;POINT (13.37263054 52.48504749)
6;2021;10;19;4;3;5;3;2;0;1;0;0;0;0;0;POINT (13.27028533 52.44235094)
2;2021;10;14;2;3;6;4;0;0;1;1;0;0;0;0;POINT (13.46572878 52.5014055)
1;2021;11;16;2;3;2;6;1;0;1;0;0;0;0;0;POINT (13.38417749 52.55593)
11;2021;11;1;6;3;9;1;2;0;1;0;0;0;0;0;POINT (13.46729585 52.52390809)
1;2021;11;11;1;3;5;3;0;1;1;0;0;0;0;0;POINT (13.38996617 52.50944457)
5;2021;10;15;2;2;1;5;0;1;0;0;0;0;1;1;POINT (13.19461744 52.53180133)
11;2021;11;12;6;2;4;6;0;0;1;0;0;0;0;0;POINT (13.48094609 52.52312542)
3;2021;11;20;7;3;2;6;2;0;1;0;0;0;0;1;POINT (13.45702623 52.56089858)
9;2021;11;14;2;3;6;4;0;1;0;1;0;0;0;1;POINT (13.57873063 52.45787365)
1;2021;11;18;5;3;3;6;1;1;1;0;0;0;0;1;POINT (13.35300578 52.55951608)
10;2021;10;10;5;3;5;3;0;0;1;0;0;0;0;0;POINT (13.5247895 52.53629682)
5;2021;10;16;5;3;3;1;0;1;1;0;0;0;0;1;POINT (13.15526165 52.5513612)
6;2021;10;17;6;2;6;4;1;0;1;1;0;0;0;0;POINT (13.28820751 52.46498329)
9;2021;11;15;3;3;6;4;0;1;0;1;0;0;0;0;POINT (13.51392078 52.46288498)
11;2021;11;9;4;3;5;3;0;0;1;0;0;0;0;1;POINT (13.47129075 52.50519489)
3;2021;10;9;5;3;1;5;0;1;1;0;0;0;0;0;POINT (13.43954933 52.53562014)
3;2021;10;16;5;3;0;7;0;0;1;0;0;0;0;0;POINT (13.44865484 52.54664832)
4;2021;10;13;2;3;5;2;0;0;1;0;1;0;0;0;POINT (13.30642972 52.51859316)
8;2021;10;11;3;3;1;5;0;1;1;0;0;1;0;0;POINT (13.4291599 52.47145189)
12;2021;10;11;1;3;5;3;0;0;1;0;0;0;0;0;POINT (13.36041672 52.59690903)
6;2021;11;15;2;3;2;2;0;0;1;0;1;0;0;1;POINT (13.3496484 52.44964678)
12;2021;10;14;3;3;5;2;0;0;1;0;0;0;1;0;POINT (13.31541487 52.57792765)
8;2021;11;23;5;3;5;3;1;0;1;0;0;0;1;1;POINT (13.44091446 52.46083413)
4;2021;11;13;6;3;5;3;0;1;1;0;0;0;0;0;POINT (13.2496798 52.51557566)
5;2021;11;18;3;3;5;2;1;0;1;0;0;0;0;0;POINT (13.22723383 52.54947005)
3;2021;11;15;7;2;6;4;0;0;1;1;0;0;0;0;POINT (13.42756324 52.57690838)
5;2021;10;13;6;3;2;6;0;0;1;0;0;0;0;0;POINT (13.174955 52.53383438)
6;2021;10;15;6;3;1;1;0;1;1;0;0;0;0;1;POINT (13.32506945 52.43697443)
2;2021;11;19;3;3;5;3;2;0;1;0;0;0;0;0;POINT (13.4044419 52.49520945)
8;2021;11;14;5;3;5;3;0;1;1;0;0;0;0;0;POINT (13.44751009 52.47260494)
3;2021;10;18;6;3;5;2;1;1;1;0;0;0;0;0;POINT (13.40251027 52.58559586)