bez;ujahr;umonat;ustunde;uwochentag;ukategorie;uart;utyp1;ulichtverh;istrad;istpkw;istfuss;istkrad;istgkfz;istsonstige;ustrzustand;geometry
6;2021;10;22;2;3;6;4;2;0;1;1;0;0;0;1;POINT (13.34591059 52.43644214)
11;2021;11;13;4;3;5;3;0;1;1;0;0;0;0;0;POINT (13.49650479 52.53398574)
6;2021;11;2;3;3;8;1;2;0;1;0;0;0;0;1;POINT (13.3248993 52.45824408)
3;2021;10;10;4;3;5;3;0;1;1;0;0;0;0;0;POINT (13.4653622 52.52343443)
2;2021;10;19;4;3;5;3;1;1;1;0;0;0;0;1;POINT (13.42764435 52.49619403)
1;2021;10;21;5;3;9;1;2;0;0;0;1;0;0;0;POINT (13.37331754 52.52766681)
10;2021;11;6;1;3;6;2;1;0;1;1;0;0;0;1;POINT (13.59951151 52.54390549)
9;2021;11;16;4;3;5;3;1;1;1;0;0;0;0;1;POINT (13.50240504 52.46123204)
6;2021;11;16;1;3;2;6;2;0;1;0;0;0;0;0;POINT (13.30770913 52.42965053)
8;2021;10;15;6;3;6;4;0;0;1;1;0;0;0;0;POINT (13.42361922 52.46544309)
6;2021;10;18;4;2;5;3;2;1;1;0;0;0;0;0;POINT (13.33017236 52.44529752)
1;2021;10;15;2;3;5;7;0;1;1;0;0;0;0;0;POINT (13.35144046 52.53945451)
1;2021;11;15;1;3;1;5;0;1;1;0;0;0;0;1;POINT (13.40897735 52.51039374)
5;2021;11;9;4;3;5;3;0;0;1;0;0;0;1;0;POINT (13.13323173 52.52632993)
1;2021;11;1;7;3;5;3;2;0;1;0;0;0;0;0;POINT (13.39078803 52.51573836)
10;2021;10;10;2;3;2;6;0;0;1;0;0;0;0;1;POINT (13.51746286 52.53535435)
6;2021;11;11;4;3;2;2;0;0;1;0;0;0;0;0;POINT (13.29312106 52.44665011)
10;2021;10;14;4;3;5;2;0;1;1;0;0;0;0;0;POINT (13.52934344 52.52561018)
1;2021;10;9;5;3;5;3;0;1;1;0;0;0;0;0;POINT (13.40561898 52.53453765)
1;2021;10;23;6;3;5;2;2;0;1;0;0;0;0;0;POINT (13.34949577 52.54226042)
1;2021;10;16;5;2;6;7;0;1;0;1;0;0;0;0;POINT (13.3860046 52.55588942)
3;2021;11;10;2;3;5;3;0;1;1;0;0;0;0;0;POINT (13.42699977 52.55221122)
10;2021;11;7;5;2;6;7;0;0;1;1;0;0;0;1;POINT (13.61985376 52.53926706)
1;2021;11;13;3;3;5;2;0;1;1;0;0;0;0;0;POINT (13.39302184 52.51500761)
4;2021;10;22;7;3;6;4;2;0;1;1;0;0;0;0;POINT (13.30852754 52.47932785)
7;2021;10;17;2;3;5;5;0;0;0;0;1;0;1;0;POINT (13.34290054 52.48409223)
7;2021;10;12;3;3;6;7;0;0;0;1;0;0;1;0;POINT (13.38440991 52.45697597)
11;2021;11;15;1;3;2;6;0;0;1;0;0;0;0;0;POINT (13.51255032 52.56592551)
5;2021;10;7;2;3;0;7;1;0;1;0;0;0;0;1;POINT (13.19768857 52.52301553)
1;2021;10;17;7;3;5;2;0;1;1;0;0;0;0;0;POINT (13.36425665 52.50996969)
1;2021;11;9;6;3;5;3;0;0;1;0;0;1;0;0;POINT (13.39296204 52.51500372)
5;2021;11;9;1;3;5;3;0;0;1;0;1;0;0;1;POINT (13.1942789 52.55555138)
4;2021;11;9;2;3;0;7;0;1;0;0;0;0;0;0;POINT (13.33619566 52.50527957)
8;2021;11;16;5;3;6;7;2;0;0;1;0;0;1;1;POINT (13.44935756 52.47501705)
8;2021;10;22;6;3;5;3;2;0;1;0;0;0;0;1;POINT (13.43454105 52.48292748)
11;2021;10;9;7;3;5;2;0;1;1;0;0;0;0;0;POINT (13.5069958 52.49685213)
11;2021;11;12;3;3;6;4;0;0;0;1;0;0;1;0;POINT (13.5200818 52.50529147)
11;2021;11;18;4;3;6;4;2;0;1;1;0;0;0;1;POINT (13.49451935 52.50383726)
2;2021;10;18;6;3;0;3;0;0;1;0;1;0;0;0;POINT (13.46649757 52.50996939)
5;2021;10;15;5;3;6;7;0;0;0;1;0;0;1;0;POINT (13.19780256 52.53311315)
7;2021;10;11;3;3;5;2;0;1;1;0;0;0;0;0;POINT (13.36093695 52.41700543)
10;2021;10;16;2;3;5;7;0;0;1;0;0;0;0;0;POINT (13.5506247 52.55998995)
4;2021;11;17;4;3;1;5;2;1;1;0;0;0;0;1;POINT (13.3264783 52.49091527)
4;2021;11;7;2;3;0;2;2;0;1;0;1;0;0;1;POINT (13.31267419 52.49925601)
9;2021;10;7;3;3;2;2;1;0;1;0;0;0;0;0;POINT (13.59316199 52.45167587)
7;2021;10;10;3;3;5;2;0;1;1;0;0;0;0;0;POINT (13.38286278 52.43825294)
1;2021;10;8;1;3;0;6;0;0;1;0;1;0;0;0;POINT (13.37474715 52.55679016)
5;2021;11;17;5;3;2;6;1;0;1;0;1;0;0;1;POINT (13.22691936 52.53777689)
11;2021;11;9;6;3;0;1;0;1;0;0;0;0;0;1;POINT (13.46990318 52.54130217)
2;2021;11;14;3;3;4;6;0;1;0;0;0;0;0;0;POINT (13.3870978 52.49315304)
6;2021;11;20;1;2;0;1;2;0;0;0;1;0;0;0;POINT (13.27796973 52.4655487)
5;2021;10;16;6;3;2;6;0;0;1;0;1;0;0;0;POINT (13.21693984 52.5377797)
4;2021;10;12;4;3;2;6;0;0;1;0;0;0;0;0;POINT (13.31907408 52.50162296)
12;2021;10;11;1;3;5;2;0;1;1;0;0;0;0;0;POINT (13.31524287 52.5779174)
4;2021;10;20;7;3;1;5;2;0;1;0;0;0;0;0;POINT (13.27710855 52.51868031)
10;2021;11;13;3;3;2;6;0;1;1;0;0;0;0;0;POINT (13.60150933 52.53328047)
7;2021;11;15;5;3;0;1;0;0;0;0;1;0;0;1;POINT (13.34020497 52.4755177)
3;2021;10;16;1;2;5;7;0;1;1;0;0;0;0;0;POINT (13.40804131 52.57289193)
1;2021;9;7;3;3;3;6;0;1;1;0;0;0;0;0;POINT (13.42816503 52.50723579)
10;2021;9;16;1;3;6;4;0;0;1;1;0;0;0;0;POINT (13.60237681 52.4790816)
4;2021;9;7;2;3;5;2;0;1;0;0;0;0;1;0;POINT (13.31438708 52.47278767)
1;2021;9;20;1;3;1;5;1;1;1;0;0;0;0;0;POINT (13.35878309 52.50086854)
1;2021;9;12;5;3;6;7;0;1;0;1;0;0;0;0;POINT (13.35491565 52.55000002)
4;2021;9;16;3;3;0;1;0;1;0;0;0;0;0;0;POINT (13.32801343 52.4797421)
4;2021;8;20;1;3;0;3;2;0;1;0;1;0;0;1;POINT (13.28821921 52.51369142)
2;2021;8;14;5;3;5;2;0;1;1;0;0;0;0;0;POINT (13.43203388 52.50572828)
4;2021;9;15;1;3;1;5;0;1;1;0;0;0;0;0;POINT (13.29035045 52.47396967)
10;2021;9;12;6;3;5;3;0;0;1;0;0;1;0;0;POINT (13.57069555 52.5320495)
8;2021;9;16;6;3;3;6;0;1;0;0;0;0;1;0;POINT (13.43587758 52.48378974)
6;2021;10;14;5;3;5;2;0;1;1;0;0;0;0;0;POINT (13.3146688 52.41735055)
7;2021;9;19;2;3;6;4;2;0;0;1;0;0;1;0;POINT (13.33526636 52.47240576)
2;2021;9;14;2;2;5;3;0;1;0;0;0;0;1;0;POINT (13.40467912 52.49088898)
5;2021;8;12;4;3;2;2;0;0;1;0;1;0;0;1;POINT (13.19954887 52.53491479)
10;2021;8;13;2;3;5;2;0;1;1;0;0;0;0;0;POINT (13.57353036 52.54653685)
11;2021;9;20;5;3;0;7;2;0;0;0;0;0;1;0;POINT (13.52119091 52.49986665)
5;2021;9;8;4;3;6;4;0;1;0;1;0;0;0;0;POINT (13.18787902 52.53932311)
3;2021;9;17;2;3;5;2;0;1;1;0;0;0;0;0;POINT (13.36741544 52.58627711)
1;2021;9;17;6;3;5;7;0;1;1;0;0;0;0;0;POINT (13.35390555 52.52852749)
7;2021;9;1;3;2;5;3;2;0;1;0;0;0;0;0;POINT (13.34090279 52.49979881)
1;2021;9;19;6;3;3;7;1;1;0;0;0;0;0;0;POINT (13.39097358 52.53995031)
2;2021;8;23;6;3;5;3;2;0;1;0;0;0;0;0;POINT (13.3964967 52.49130876)
1;2021;9;9;4;2;3;5;0;1;0;0;1;0;0;0;POINT (13.34770763 52.52477906)
1;2021;9;16;4;3;6;7;0;0;1;1;0;0;0;0;POINT (13.36806102 52.50253264)
1;2021;9;12;3;3;5;3;0;0;1;0;0;0;0;0;POINT (13.37894708 52.52639864)
3;2021;9;12;3;3;4;6;0;1;0;0;0;0;0;0;POINT (13.48791037 52.61841028)
1;2021;8;9;5;3;0;1;0;0;0;0;1;0;0;1;POINT (13.40359764 52.5169043)
3;2021;8;17;3;2;5;2;0;0;1;0;1;0;0;0;POINT (13.43280582 52.59581852)
1;2021;9;17;6;3;0;1;0;0;0;0;0;0;1;0;POINT (13.37189847 52.5486846)
5;2021;9;8;5;3;2;1;0;0;1;0;0;0;0;0;POINT (13.14586954 52.45539555)
2;2021;9;12;2;3;6;2;0;0;1;1;0;0;0;0;POINT (13.41934314 52.50134672)
6;2021;9;7;2;2;5;3;0;1;1;0;0;0;0;0;POINT (13.21209329 52.43395276)
4;2021;9;10;4;3;3;6;0;1;0;0;1;0;0;0;POINT (13.28901639 52.51894838)
8;2021;9;13;2;3;2;6;0;0;1;0;0;0;0;0;POINT (13.42491964 52.48149456)
4;2021;9;15;2;3;6;7;0;0;1;1;0;0;0;0;POINT (13.32362878 52.48645686)
3;2021;8;22;7;3;1;1;2;0;1;0;0;0;1;0;POINT (13.45502391 52.53781345)
2;2021;9;15;5;3;5;2;0;1;1;0;0;0;0;1;POINT (13.39765976 52.49517007)
9;2021;9;14;6;3;5;2;0;0;1;0;0;0;0;0;POINT (13.49137268 52.46915405)
2;2021;9;6;4;3;4;6;0;1;0;0;0;0;0;1;POINT (13.40358771 52.49391415)
6;2021;9;10;4;3;6;6;0;0;0;1;0;0;1;0;POINT (13.31326995 52.41880059)
10;2021;8;12;6;3;5;2;0;0;1;0;0;0;1;0;POINT (13.58797926 52.52078431)
10;2021;8;7;3;3;2;6;0;0;1;0;0;1;1;0;POINT (13.56929065 52.56081939)
6;2021;9;15;1;3;6;2;0;0;1;1;0;0;0;0;POINT (13.31903747 52.4574999)
2;2021;9;12;7;2;5;2;0;1;1;0;0;0;0;0;POINT (13.45105177 52.50854809)
6;2021;8;22;2;3;2;6;2;0;1;0;0;0;0;0;POINT (13.33207851 52.45285006)
4;2021;9;13;5;3;0;1;0;1;0;0;0;0;0;0;POINT (13.29627901 52.48411178)
10;2021;9;7;4;3;2;6;0;0;1;0;0;0;0;0;POINT (13.59838703 52.53497629)
9;2021;9;16;2;3;5;3;0;1;1;0;0;0;0;0;POINT (13.58442868 52.46420055)
2;2021;9;16;2;3;5;2;0;1;1;0;0;0;0;0;POINT (13.44655082 52.50272547)
2;2021;9;18;2;3;1;5;1;1;1;0;0;0;0;0;POINT (13.45935746 52.50102276)
2;2021;8;15;1;2;5;3;0;1;1;0;0;0;0;1;POINT (13.42620357 52.5158061)
1;2021;9;7;5;3;2;7;0;0;1;0;1;0;0;0;POINT (13.34796822 52.54116157)
8;2021;8;17;1;3;5;3;0;0;1;0;0;0;0;1;POINT (13.43658934 52.47450059)
2;2021;8;12;1;3;0;1;0;0;0;0;0;0;1;1;POINT (13.40604884 52.49351976)
1;2021;8;16;5;3;8;1;0;0;0;0;0;0;1;0;POINT (13.34087066 52.52561108)
9;2021;9;14;1;3;5;3;0;0;1;0;0;0;0;0;POINT (13.53818579 52.42877371)
12;2021;9;12;5;3;5;3;0;0;1;0;0;0;0;0;POINT (13.29212847 52.59057094)
3;2021;8;17;2;3;5;2;0;1;0;0;0;0;1;0;POINT (13.41482442 52.55385933)
3;2021;9;14;7;3;5;2;0;1;1;0;0;0;0;0;POINT (13.37091649 52.59067948)
1;2021;8;18;5;3;5;3;0;0;1;0;1;0;0;0;POINT (13.3766254 52.50941404)
8;2021;9;18;4;3;6;4;0;0;1;1;0;0;0;0;POINT (13.43844094 52.41750692)
3;2021;9;11;5;3;0;1;0;0;0;0;1;0;0;0;POINT (13.42063405 52.54874285)
9;2021;9;7;3;3;5;2;0;1;1;0;0;0;0;0;POINT (13.52110381 52.44172019)
9;2021;9;22;3;3;5;3;2;0;1;0;1;0;0;0;POINT (13.45341163 52.4892459)
4;2021;8;15;4;3;5;3;0;0;1;0;0;0;0;0;POINT (13.31866415 52.54634687)
9;2021;8;17;2;3;6;4;0;1;0;1;0;0;0;0;POINT (13.57906133 52.45823902)
1;2021;9;15;6;2;1;5;0;0;1;0;1;0;0;0;POINT (13.40505892 52.51749477)
5;2021;9;14;3;3;0;3;0;1;1;0;0;0;0;0;POINT (13.23316704 52.53953665)
7;2021;9;14;2;3;2;6;0;0;1;0;0;0;0;0;POINT (13.38082728 52.40561504)
1;2021;9;19;7;3;5;2;1;1;1;0;0;0;0;0;POINT (13.38420252 52.55603754)
11;2021;9;15;4;2;4;6;0;0;1;0;0;0;1;0;POINT (13.52491448 52.55948108)
11;2021;9;21;1;2;1;5;2;1;1;0;0;0;0;0;POINT (13.53985684 52.49372715)
1;2021;9;15;4;3;0;7;0;1;0;0;0;0;0;0;POINT (13.41042522 52.51703583)
4;2021;9;17;7;3;5;2;0;1;0;0;0;0;1;0;POINT (13.33663144 52.50511614)
2;2021;8;14;5;2;3;6;0;1;0;0;0;0;0;0;POINT (13.44550817 52.50164496)
3;2021;9;6;4;3;5;2;0;1;0;0;0;0;1;0;POINT (13.42717465 52.54491337)
4;2021;9;15;5;2;5;2;0;1;1;0;0;0;0;0;POINT (13.30573041 52.47974851)
6;2021;9;16;3;3;6;2;0;0;1;1;0;0;0;1;POINT (13.34707507 52.44996379)
12;2021;9;14;3;3;0;7;0;1;1;0;0;0;0;0;POINT (13.22626806 52.61340966)
2;2021;8;10;5;3;2;2;0;1;0;0;0;1;0;1;POINT (13.39948752 52.49824791)
7;2021;8;11;3;3;5;2;0;1;1;0;0;0;0;0;POINT (13.34993167 52.47024444)
6;2021;9;15;6;3;0;3;0;0;0;0;1;0;0;0;POINT (13.18927386 52.43374993)
7;2021;8;15;1;3;0;6;0;0;1;0;0;0;1;1;POINT (13.38432464 52.45586058)
1;2021;9;13;5;2;6;4;0;0;1;1;0;0;0;0;POINT (13.36381666 52.543556)
7;2021;9;10;3;3;5;3;0;0;1;0;1;0;0;0;POINT (13.34747555 52.48699447)
1;2021;9;8;1;3;1;5;0;0;1;0;0;0;0;0;POINT (13.36083491 52.5453632)
2;2021;9;13;4;3;3;6;0;0;1;0;1;0;0;0;POINT (13.39422715 52.49756583)
9;2021;9;8;2;3;5;2;0;1;1;0;0;0;0;0;POINT (13.54110662 52.43011745)
1;2021;9;16;6;3;1;5;0;0;0;0;0;0;1;1;POINT (13.42061699 52.50582284)
6;2021;8;19;2;3;3;6;2;1;1;0;0;0;0;0;POINT (13.32659443 52.40631284)
1;2021;9;10;1;3;6;7;0;1;0;1;0;0;0;0;POINT (13.38778537 52.55544482)
10;2021;9;15;4;3;3;6;0;1;1;0;0;0;0;0;POINT (13.6339654 52.53860595)
11;2021;9;18;7;3;5;2;1;0;1;0;0;0;1;0;POINT (13.4947736 52.55949254)
6;2021;8;14;6;2;5;3;0;1;0;0;0;0;0;0;POINT (13.14778386 52.41828377)
8;2021;9;9;5;3;5;3;0;0;1;0;1;0;0;0;POINT (13.47650189 52.42556681)
7;2021;9;4;6;3;5;3;2;0;1;0;0;0;0;0;POINT (13.3928086 52.41254365)
2;2021;9;18;3;3;0;1;0;0;1;0;1;0;0;1;POINT (13.44576511 52.50184467)
8;2021;9;21;3;3;5;2;2;1;1;0;0;0;0;1;POINT (13.43223748 52.46454045)
5;2021;8;9;5;3;3;6;0;0;1;0;1;0;0;1;POINT (13.20342646 52.54080584)
8;2021;8;22;3;3;6;2;2;0;1;1;0;0;0;1;POINT (13.44180008 52.4697141)
3;2021;9;2;6;2;5;3;2;1;1;0;0;0;0;0;POINT (13.38976021 52.57429667)
1;2021;9;16;4;3;5;2;0;1;1;0;0;0;0;0;POINT (13.39603839 52.53834939)
4;2021;9;12;5;3;3;6;0;0;1;0;0;0;0;0;POINT (13.30797072 52.49669234)
5;2021;9;12;3;3;2;6;0;0;1;0;1;0;0;0;POINT (13.19933778 52.5344911)
7;2021;9;11;1;3;0;6;0;0;1;0;0;0;1;0;POINT (13.40068412 52.41436613)
11;2021;8;17;7;3;2;6;1;0;1;0;1;0;0;1;POINT (13.52475848 52.4952885)
6;2021;9;18;2;3;5;3;1;1;1;0;0;0;0;0;POINT (13.36466838 52.42705831)
7;2021;9;10;2;3;4;1;0;0;1;0;0;0;0;1;POINT (13.360383 52.4127683)
12;2021;8;10;1;3;5;3;0;0;1;0;0;0;0;0;POINT (13.37852452 52.5660264)
5;2021;9;11;5;3;0;2;0;0;1;0;0;0;1;0;POINT (13.20085133 52.53855584)
4;2021;9;12;6;3;5;7;0;1;1;0;0;0;0;0;POINT (13.32468763 52.49506812)
2;2021;9;16;4;3;5;3;0;0;1;0;0;0;1;0;POINT (13.39047629 52.49585353)
4;2021;8;16;1;2;5;3;0;0;1;0;0;0;0;1;POINT (13.31550591 52.48838517)
8;2021;8;21;7;3;4;6;2;1;1;0;0;0;0;1;POINT (13.44274735 52.4804082)
2;2021;9;23;4;3;5;3;2;0;1;0;0;0;0;1;POINT (13.46406346 52.51300708)
8;2021;8;22;5;3;6;4;2;0;1;1;0;0;0;0;POINT (13.42484757 52.4822447)
2;2021;9;17;6;3;6;4;0;0;1;1;0;0;0;0;POINT (13.4659353 52.50887254)
9;2021;9;9;6;3;2;6;0;1;0;0;0;0;0;1;POINT (13.57519493 52.42442854)
1;2021;8;7;2;3;0;1;0;0;0;0;0;0;1;1;POINT (13.40466762 52.53981223)
4;2021;9;3;6;3;4;6;2;0;1;0;0;0;0;0;POINT (13.27439096 52.500554)
6;2021;10;6;5;3;3;6;2;1;1;0;0;0;0;0;POINT (13.31232472 52.41971477)
1;2021;9;16;2;3;6;7;0;0;0;1;0;0;1;0;POINT (13.3816644 52.55630959)
2;2021;9;17;2;3;5;3;0;1;0;0;0;0;0;0;POINT (13.45752259 52.51286161)
6;2021;9;7;2;3;5;3;0;1;1;0;0;0;0;0;POINT (13.35320676 52.44930924)
5;2021;8;23;1;2;2;6;2;0;1;0;0;0;0;0;POINT (13.22743588 52.52855512)
11;2021;9;10;5;3;1;5;0;1;1;0;0;0;0;0;POINT (13.52260721 52.50683915)
5;2021;8;16;1;3;5;3;0;0;1;0;0;0;1;1;POINT (13.1429226 52.53962027)
4;2021;9;7;2;3;2;6;0;0;1;0;0;0;0;0;POINT (13.29438324 52.48448552)
4;2021;9;9;6;3;0;6;0;1;0;0;0;0;1;1;POINT (13.31564025 52.46974367)
12;2021;9;14;3;3;5;3;0;1;1;0;0;0;0;0;POINT (13.35448267 52.61807207)
10;2021;9;12;6;3;2;6;0;0;1;0;0;0;0;0;POINT (13.5723606 52.5489719)
1;2021;8;15;7;2;9;1;0;0;0;0;1;0;0;1;POINT (13.3413144 52.54505153)
9;2021;9;15;3;3;3;6;0;1;0;0;1;0;0;0;POINT (13.68575658 52.4429488)
7;2021;9;16;4;3;5;7;0;1;1;0;0;0;0;0;POINT (13.33273013 52.47547308)
8;2021;9;15;3;3;5;3;0;1;1;0;0;0;0;1;POINT (13.44476932 52.48509734)
10;2021;9;11;3;3;5;3;0;0;1;0;0;0;0;0;POINT (13.6121561 52.53897116)
8;2021;8;17;4;3;0;7;0;0;0;0;1;0;0;1;POINT (13.45416677 52.4796815)
9;2021;8;15;2;3;1;7;0;0;1;0;0;0;0;0;POINT (13.48000715 52.46471909)
4;2021;9;17;5;3;5;2;1;1;1;0;0;0;0;0;POINT (13.28683884 52.51297162)
7;2021;9;15;3;3;6;4;0;0;1;1;0;0;0;0;POINT (13.36666266 52.47473111)
6;2021;9;20;2;3;0;3;1;1;0;0;0;0;0;0;POINT (13.32652596 52.45971082)
4;2021;9;9;7;3;5;2;0;0;1;0;0;0;0;0;POINT (13.24950157 52.51567149)
1;2021;9;14;4;2;5;2;0;1;1;0;0;0;0;0;POINT (13.36105558 52.55536577)
9;2021;9;10;1;3;5;2;0;0;1;0;0;0;1;0;POINT (13.57533986 52.44748947)
3;2021;9;15;7;3;6;4;0;0;1;1;0;0;0;0;POINT (13.48331722 52.61188405)
5;2021;8;4;7;3;0;1;2;0;0;0;0;0;1;0;POINT (13.20230749 52.5465472)
1;2021;9;7;5;3;5;7;0;1;0;0;0;0;1;0;POINT (13.37318181 52.5470586)
1;2021;9;19;5;3;3;6;2;0;0;0;1;0;1;0;POINT (13.39971605 52.50907822)
1;2021;9;17;3;3;5;3;1;0;1;0;0;0;0;1;POINT (13.39805724 52.53488109)
5;2021;8;15;1;2;0;6;0;0;1;0;1;0;0;1;POINT (13.19433454 52.54564068)
4;2021;9;22;4;3;0;5;2;0;1;0;1;0;0;1;POINT (13.28638706 52.47862569)
8;2021;8;20;5;3;5;2;1;0;1;0;0;0;0;0;POINT (13.42110818 52.48025107)
5;2021;8;13;3;3;4;5;0;0;1;0;0;0;1;0;POINT (13.15893934 52.46285152)
2;2021;9;12;7;3;2;6;0;0;1;0;0;0;0;0;POINT (13.40710151 52.49847521)
1;2021;8;8;1;3;2;6;0;1;0;0;0;0;1;0;POINT (13.37379338 52.54744072)
10;2021;9;13;5;2;5;2;0;1;1;0;0;0;0;0;POINT (13.5616338 52.50105236)
4;2021;9;17;3;3;0;6;0;1;0;0;0;0;1;0;POINT (13.30958422 52.5065914)
7;2021;9;20;1;2;5;2;2;0;1;0;0;0;0;0;POINT (13.34744348 52.47059034)
1;2021;8;6;1;3;1;5;1;0;1;0;1;0;1;1;POINT (13.37944472 52.55943565)
7;2021;9;14;2;2;5;2;0;0;1;0;1;0;0;0;POINT (13.34494398 52.48003247)
4;2021;9;13;2;3;2;6;0;0;1;0;0;1;0;1;POINT (13.29017372 52.48237039)
5;2021;8;8;2;3;0;1;0;0;1;0;1;0;0;0;POINT (13.19950462 52.53429738)
5;2021;9;20;5;3;1;5;1;1;1;0;0;0;0;0;POINT (13.26384797 52.54074203)
7;2021;9;18;3;3;3;6;0;1;1;0;0;0;0;0;POINT (13.36026426 52.48200883)
2;2021;8;23;5;3;2;6;2;0;1;0;1;0;0;0;POINT (13.419533 52.49663592)
3;2021;9;18;1;3;0;7;0;1;0;0;0;0;0;0;POINT (13.4210161 52.56537076)
4;2021;9;14;6;3;5;3;0;0;1;0;0;0;0;1;POINT (13.2833216 52.51851328)
3;2021;8;20;2;2;0;4;1;1;0;1;0;0;0;0;POINT (13.43844237 52.56665132)
4;2021;9;19;4;3;4;2;1;1;0;0;1;0;0;0;POINT (13.33169048 52.50535259)
12;2021;9;16;5;3;6;4;0;0;1;1;0;0;0;0;POINT (13.3062012 52.62701259)
2;2021;10;10;5;3;5;3;0;0;1;0;0;0;0;0;POINT (13.39981658 52.49442618)
11;2021;9;7;2;2;6;4;0;0;1;1;0;0;0;0;POINT (13.49625698 52.52042048)
2;2021;9;9;3;3;5;3;0;1;1;0;0;0;0;0;POINT (13.43753732 52.50337759)
6;2021;9;11;2;3;5;7;0;0;1;0;0;0;1;1;POINT (13.27010004 52.44995715)
3;2021;8;7;4;3;5;3;0;1;1;0;0;0;0;1;POINT (13.42639461 52.60313147)
10;2021;8;18;2;3;3;6;0;1;0;0;0;0;1;0;POINT (13.57994549 52.52545017)
9;2021;9;18;5;3;3;6;1;0;1;0;1;0;0;0;POINT (13.49931284 52.45935293)
9;2021;9;16;2;3;5;3;0;1;1;0;0;0;0;0;POINT (13.61269165 52.45419925)
12;2021;8;12;7;3;5;2;0;0;1;0;0;0;0;1;POINT (13.29794167 52.57818701)
7;2021;9;14;2;2;0;1;0;0;0;0;1;0;0;0;POINT (13.39644331 52.44012172)
6;2021;9;16;2;3;2;6;0;0;1;0;0;0;0;0;POINT (13.30227478 52.43792503)
3;2021;8;17;1;2;3;6;0;1;0;0;0;0;0;0;POINT (13.40059764 52.55441591)
6;2021;9;18;5;3;5;2;0;1;1;0;0;0;0;1;POINT (13.33154029 52.46377512)
2;2021;9;1;7;3;0;1;2;0;0;0;1;0;0;0;POINT (13.39585539 52.49787268)
3;2021;9;10;4;2;1;7;0;0;1;0;0;0;0;0;POINT (13.49842224 52.63351069)
5;2021;8;6;1;3;5;7;0;0;1;0;0;0;0;1;POINT (13.2302149 52.52983449)
8;2021;10;14;5;3;3;6;0;0;1;0;0;0;0;0;POINT (13.43476278 52.48425523)
6;2021;8;3;7;3;9;1;2;0;1;0;0;0;0;1;POINT (13.3539934 52.44463494)
9;2021;9;18;1;3;1;5;1;1;0;0;0;1;0;0;POINT (13.53635466 52.4602152)
11;2021;9;19;7;2;5;2;1;0;1;0;1;0;0;0;POINT (13.52815829 52.55695955)
5;2021;9;14;6;3;5;7;0;0;1;0;1;0;0;1;POINT (13.16747672 52.55193173)
4;2021;10;8;5;3;5;2;0;1;1;0;0;0;0;0;POINT (13.3294503 52.48165438)
7;2021;9;11;2;2;1;5;0;1;1;0;0;0;0;0;POINT (13.38279195 52.47200761)
2;2021;9;8;2;3;5;2;0;1;1;0;0;0;0;0;POINT (13.38670722 52.49130415)
1;2021;9;8;3;3;3;6;0;0;1;0;0;0;0;1;POINT (13.33428121 52.54135465)
4;2021;8;8;2;3;0;7;0;1;0;0;0;0;0;0;POINT (13.30937738 52.5073258)
1;2021;9;9;5;3;5;2;0;1;1;0;0;0;0;0;POINT (13.41719446 52.51246753)
2;2021;9;12;3;3;5;3;0;0;1;0;1;0;0;0;POINT (13.39941396 52.49828748)
2;2021;9;11;1;3;0;1;0;0;0;0;1;0;0;0;POINT (13.46648161 52.5020593)
8;2021;9;1;5;2;1;5;2;0;1;0;0;0;0;0;POINT (13.43257518 52.48848763)
7;2021;8;23;2;3;1;5;2;1;1;0;0;0;0;1;POINT (13.34496739 52.48630538)
9;2021;9;13;4;3;0;4;0;0;0;1;0;0;1;0;POINT (13.59149646 52.42630345)
4;2021;9;11;6;3;0;2;0;1;1;0;0;0;0;1;POINT (13.33143775 52.50376622)
1;2021;8;13;6;3;0;3;0;0;0;0;1;0;1;0;POINT (13.39103386 52.51487803)
2;2021;9;16;4;3;0;3;0;0;1;0;1;0;0;0;POINT (13.46440138 52.50991088)
1;2021;9;2;5;2;0;1;2;0;0;0;0;0;1;0;POINT (13.39209248 52.5122509)
11;2021;9;14;3;3;5;2;0;0;1;0;1;0;0;0;POINT (13.52721831 52.55642803)
9;2021;9;12;3;3;6;2;0;0;1;1;0;0;0;1;POINT (13.56245014 52.45667508)
3;2021;8;16;4;3;5;3;0;1;1;0;0;0;0;1;POINT (13.43388545 52.61209951)
8;2021;8;10;2;3;5;2;0;0;1;0;0;0;1;0;POINT (13.43815023 52.48273225)
1;2021;9;16;5;3;3;6;0;1;1;0;0;0;0;0;POINT (13.32798729 52.53289094)
2;2021;9;8;4;3;5;2;0;1;1;0;0;0;0;0;POINT (13.38836492 52.50198352)
3;2021;9;13;3;2;0;1;0;0;0;0;1;0;0;0;POINT (13.44817086 52.5646972)
1;2021;9;10;7;3;2;6;0;0;1;0;0;0;1;0;POINT (13.38489915 52.55039381)
4;2021;9;14;4;3;2;6;0;0;1;0;1;0;0;0;POINT (13.32614956 52.50260947)
6;2021;9;10;1;3;6;7;0;1;0;1;0;0;0;0;POINT (13.26835665 52.44717044)