bez;ujahr;umonat;ustunde;uwochentag;ukategorie;uart;utyp1;ulichtverh;istrad;istpkw;istfuss;istkrad;istgkfz;istsonstige;ustrzustand;geometry
4;2021;9;15;7;3;0;6;0;1;1;0;0;0;0;0;POINT (13.25969859 52.51619169)
7;2021;8;19;1;3;0;7;0;0;1;0;0;0;0;0;POINT (13.33446214 52.47150104)
5;2021;9;7;4;3;5;3;0;1;1;0;0;0;0;0;POINT (13.14171765 52.54693211)
6;2021;9;13;5;3;1;5;0;1;1;0;0;0;0;0;POINT (13.27714495 52.43244635)
8;2021;9;18;3;3;0;5;1;1;1;0;0;0;0;1;POINT (13.42873874 52.49324927)
6;2021;9;15;4;3;5;2;0;0;1;0;0;0;0;0;POINT (13.26548172 52.44220311)
12;2021;8;13;5;3;2;6;0;0;1;0;0;0;0;0;POINT (13.32867221 52.56598564)
6;2021;9;15;4;3;0;3;0;1;0;0;0;0;1;0;POINT (13.28007774 52.45941357)
9;2021;8;8;3;3;5;2;0;1;0;0;0;1;0;0;POINT (13.55934701 52.42333599)
1;2021;9;15;7;3;5;2;0;1;1;0;0;0;0;0;POINT (13.34332475 52.52623249)
5;2021;9;13;5;2;2;6;0;0;1;0;0;0;0;0;POINT (13.19579145 52.53539)
3;2021;9;9;5;3;2;6;0;0;1;0;0;1;0;0;POINT (13.40843795 52.55422601)
5;2021;9;7;3;3;5;2;0;1;1;0;0;0;0;0;POINT (13.2673447 52.53115448)
5;2021;9;22;1;2;0;7;2;0;1;0;0;0;0;0;POINT (13.19605166 52.53027706)
6;2021;9;16;2;3;2;6;0;0;1;0;0;0;0;0;POINT (13.29903085 52.42223518)
11;2021;9;14;1;3;0;6;0;1;1;0;0;0;0;0;POINT (13.49221577 52.54395796)
4;2021;8;14;2;2;3;6;0;1;1;0;0;0;0;0;POINT (13.33057436 52.50357487)
9;2021;9;15;5;3;6;4;0;1;0;1;0;0;0;1;POINT (13.51898049 52.45413549)
3;2021;9;16;3;3;6;3;0;1;0;1;0;0;0;0;POINT (13.4411765 52.54346857)
12;2021;8;21;7;3;1;1;2;0;1;0;0;0;0;1;POINT (13.31228624 52.60455728)
1;2021;8;16;5;3;0;1;0;0;1;0;1;0;0;0;POINT (13.40335729 52.52740217)
3;2021;9;7;1;3;6;4;0;1;0;1;0;0;0;0;POINT (13.44164322 52.54327567)
12;2021;9;8;6;3;0;1;0;0;0;0;1;0;0;1;POINT (13.33093578 52.56274746)
4;2021;8;9;2;3;5;2;0;1;1;0;0;0;0;0;POINT (13.28061261 52.51684452)
2;2021;9;13;6;3;2;6;0;0;1;0;0;0;0;0;POINT (13.44389236 52.50004087)
12;2021;10;12;5;3;5;3;0;0;1;0;0;0;0;0;POINT (13.2943628 52.62950727)
4;2021;9;17;2;3;5;2;0;1;0;0;1;0;0;0;POINT (13.26456558 52.52077235)
7;2021;9;15;3;3;5;2;0;1;1;0;0;0;0;0;POINT (13.41615268 52.45957439)
5;2021;9;11;2;3;0;2;0;0;1;0;0;0;1;1;POINT (13.19633211 52.53040622)
12;2021;8;15;4;2;8;1;0;1;0;0;0;0;0;1;POINT (13.2254688 52.61351744)
4;2021;8;19;2;3;5;2;1;1;1;0;0;0;0;0;POINT (13.28170806 52.47647253)
7;2021;9;10;5;3;2;6;0;0;0;0;0;0;1;0;POINT (13.3625403 52.49759604)
8;2021;9;21;4;3;5;3;2;0;1;0;0;0;1;1;POINT (13.42456981 52.47583227)
3;2021;9;15;2;3;2;3;0;0;1;0;1;0;0;0;POINT (13.45258386 52.53916689)
11;2021;9;2;7;2;0;1;2;0;0;0;0;0;1;0;POINT (13.49355319 52.54465939)
12;2021;9;16;3;2;5;2;0;0;1;0;1;0;0;0;POINT (13.29339875 52.60863538)
5;2021;9;12;7;3;2;6;0;0;1;0;0;0;0;0;POINT (13.17705732 52.51706174)
3;2021;8;19;6;3;2;2;0;0;1;0;0;0;0;0;POINT (13.40216771 52.60286846)
4;2021;9;12;4;3;5;3;0;0;1;0;0;0;0;0;POINT (13.28301469 52.47516595)
1;2021;9;18;4;3;2;6;0;1;0;0;0;0;0;0;POINT (13.41587139 52.52155245)
10;2021;9;7;3;3;5;3;0;0;1;0;0;0;0;0;POINT (13.53966188 52.53980955)
1;2021;9;19;3;3;1;5;1;1;1;0;0;0;0;1;POINT (13.40078355 52.53028943)
2;2021;8;6;5;3;5;2;0;1;1;0;0;0;0;1;POINT (13.38805794 52.49296994)
8;2021;8;21;3;2;6;4;2;0;1;1;0;0;0;1;POINT (13.45580718 52.47398875)
8;2021;9;15;6;3;6;4;0;0;1;1;0;0;0;0;POINT (13.43368104 52.48495877)
4;2021;9;16;4;3;5;3;0;0;1;0;0;0;0;0;POINT (13.3376403 52.501554)
6;2021;9;14;2;3;2;6;0;1;1;0;0;0;0;0;POINT (13.262606 52.43927852)
7;2021;9;14;1;3;3;5;0;1;1;0;0;0;0;0;POINT (13.33393304 52.47150179)
12;2021;9;8;3;2;6;4;0;0;1;1;0;0;0;0;POINT (13.29015853 52.57554207)
1;2021;9;18;1;2;5;3;0;1;0;0;0;0;1;0;POINT (13.41712972 52.51610358)
3;2021;9;16;1;3;5;3;0;1;1;0;0;0;0;0;POINT (13.44232016 52.54658939)
9;2021;8;12;1;2;6;4;0;0;0;1;0;0;1;1;POINT (13.58618551 52.42547788)
10;2021;9;7;5;3;5;3;0;0;1;0;0;0;1;0;POINT (13.62423572 52.5298147)
4;2021;9;7;2;3;5;2;0;0;1;0;1;0;0;0;POINT (13.32962445 52.50996618)
3;2021;9;11;5;3;6;7;0;0;1;1;0;0;0;0;POINT (13.42557659 52.60799596)
1;2021;9;7;3;3;1;5;0;1;1;0;0;0;0;0;POINT (13.39144575 52.52533976)
1;2021;9;11;7;3;5;2;0;1;1;0;0;0;0;0;POINT (13.4114556 52.52395585)
3;2021;8;11;6;3;5;3;0;1;1;0;0;0;0;0;POINT (13.44509383 52.58136901)
2;2021;9;14;4;3;5;3;0;0;1;0;0;0;0;0;POINT (13.40929366 52.50179845)
10;2021;9;18;4;2;0;7;1;0;1;0;0;0;0;0;POINT (13.56442126 52.51884748)
1;2021;9;10;3;3;2;6;0;0;1;0;0;0;1;0;POINT (13.40988895 52.51078587)
7;2021;9;16;3;3;0;5;0;0;1;0;1;0;0;1;POINT (13.346523 52.49724836)
1;2021;8;6;5;2;0;1;0;0;1;0;1;0;0;1;POINT (13.37469629 52.528089)
11;2021;8;20;3;2;0;1;2;0;0;0;1;0;0;1;POINT (13.50006729 52.53104848)
8;2021;9;19;5;3;5;3;0;0;1;0;0;0;0;0;POINT (13.44035801 52.46748473)
6;2021;9;17;3;3;6;7;0;1;0;1;0;0;0;0;POINT (13.25781178 52.43658795)
1;2021;9;10;2;3;5;2;0;1;1;0;0;0;0;0;POINT (13.34192413 52.53422712)
4;2021;9;16;6;3;0;2;0;1;1;0;0;0;0;1;POINT (13.3131523 52.49991813)
2;2021;9;20;3;3;0;4;2;0;0;1;1;0;0;0;POINT (13.40913927 52.50178298)
11;2021;9;15;1;3;5;3;0;1;1;0;0;0;0;0;POINT (13.48181985 52.52687663)
6;2021;9;9;1;3;6;2;0;0;1;1;0;0;0;0;POINT (13.32849267 52.46323124)
3;2021;8;13;7;3;0;5;0;0;1;0;0;0;1;1;POINT (13.48664964 52.55632919)
1;2021;9;1;5;3;5;3;2;1;1;0;0;0;0;0;POINT (13.39292362 52.52746306)
11;2021;9;10;6;3;5;2;0;1;1;0;0;0;0;1;POINT (13.5244972 52.47866138)
9;2021;9;12;4;3;3;6;0;0;1;0;0;0;0;0;POINT (13.5639591 52.44576242)
6;2021;9;16;4;3;5;3;0;0;1;0;0;0;0;0;POINT (13.31568335 52.4416611)
11;2021;8;21;6;3;3;6;2;0;1;0;0;0;0;1;POINT (13.52351807 52.47719245)
1;2021;8;18;3;3;6;7;0;0;1;1;0;0;0;1;POINT (13.33193665 52.52712793)
4;2021;9;15;6;3;2;6;0;0;1;0;0;0;0;0;POINT (13.29539094 52.51931281)
10;2021;9;14;4;2;5;3;0;1;1;0;0;0;0;0;POINT (13.52755094 52.53722791)
2;2021;9;23;3;3;0;7;2;0;1;0;0;0;0;0;POINT (13.40531391 52.49363699)
2;2021;9;21;1;3;0;1;2;0;0;0;1;0;0;0;POINT (13.44185519 52.50113275)
5;2021;9;15;2;3;0;1;0;0;0;0;1;0;1;0;POINT (13.19747531 52.53317888)
11;2021;9;15;2;3;5;3;0;1;1;0;0;0;0;0;POINT (13.5141606 52.5353581)
7;2021;8;16;2;2;6;4;0;1;0;1;0;0;0;0;POINT (13.36720057 52.49344213)
2;2021;9;13;5;3;6;2;0;0;1;1;0;0;0;0;POINT (13.43967823 52.52393359)
9;2021;9;17;3;3;0;2;0;1;1;0;0;0;0;0;POINT (13.51061844 52.44463503)
1;2021;8;12;1;3;6;7;0;0;0;1;0;0;1;1;POINT (13.38824978 52.52042096)
10;2021;8;16;4;2;5;2;0;0;1;0;0;0;1;0;POINT (13.6008965 52.47898666)
5;2021;9;10;1;3;5;2;0;0;1;0;0;0;0;0;POINT (13.22721011 52.54946172)
7;2021;9;16;6;3;1;5;1;1;1;0;0;0;0;1;POINT (13.36944526 52.48815722)
9;2021;8;16;2;3;5;2;0;0;1;0;1;0;0;0;POINT (13.52665801 52.42651568)
8;2021;9;14;7;3;2;6;0;0;1;0;1;0;0;0;POINT (13.43206868 52.48553692)
7;2021;8;21;5;3;5;3;2;0;1;0;0;0;1;0;POINT (13.34907646 52.47031836)
2;2021;9;9;4;3;1;5;0;1;1;0;0;0;0;0;POINT (13.39064133 52.50598564)
4;2021;9;16;4;3;6;2;0;0;1;1;0;0;0;0;POINT (13.3325213 52.50602716)
3;2021;9;15;3;3;5;3;0;1;1;0;0;0;0;1;POINT (13.42361052 52.55618163)
1;2021;9;8;2;3;5;3;0;1;0;0;0;0;1;0;POINT (13.33550727 52.53308969)
9;2021;8;6;4;3;5;3;0;0;1;0;0;0;0;1;POINT (13.53118753 52.41560628)
9;2021;8;13;2;3;0;2;0;1;1;0;0;0;0;0;POINT (13.51205052 52.47079927)
4;2021;9;14;5;3;5;2;0;1;0;0;0;0;1;0;POINT (13.28662581 52.51888103)
6;2021;9;17;4;3;0;7;0;1;0;0;0;0;0;0;POINT (13.34286986 52.4453811)
3;2021;9;11;1;3;6;7;0;1;0;1;0;0;0;0;POINT (13.42338726 52.53705367)
1;2021;9;17;6;3;6;7;0;1;0;1;0;0;0;0;POINT (13.34690033 52.5505392)
8;2021;8;12;2;2;5;2;0;1;1;0;0;0;0;0;POINT (13.43396607 52.48984627)
10;2021;9;9;1;3;5;3;0;1;1;0;0;0;0;0;POINT (13.61950597 52.53312524)
8;2021;9;15;7;3;2;6;0;0;1;0;1;0;0;0;POINT (13.43518216 52.44037825)
9;2021;8;17;6;3;6;4;0;0;1;1;0;0;0;0;POINT (13.5717053 52.45373363)
5;2021;9;8;5;3;5;3;0;0;0;0;0;1;1;0;POINT (13.20839861 52.56162779)
8;2021;9;4;6;3;6;2;2;0;1;1;0;0;0;0;POINT (13.4276462 52.48113005)
5;2021;9;20;3;3;3;6;2;0;1;0;0;0;0;1;POINT (13.20811286 52.54524015)
5;2021;9;15;3;2;5;3;0;0;1;0;0;0;1;1;POINT (13.18872015 52.54655543)
3;2021;8;13;5;3;5;3;0;0;1;0;0;0;0;1;POINT (13.4265308 52.55544427)
1;2021;9;12;5;3;0;1;0;0;0;0;1;0;0;0;POINT (13.34228857 52.5047794)
1;2021;8;23;3;3;2;6;2;0;1;0;0;0;0;1;POINT (13.34385076 52.54598281)
1;2021;9;12;6;3;3;2;0;0;1;0;0;0;1;0;POINT (13.35204316 52.5052474)
12;2021;9;14;5;2;5;7;0;0;1;0;1;0;0;0;POINT (13.29484377 52.5808348)
6;2021;9;14;3;3;5;3;0;1;1;0;0;0;0;0;POINT (13.36616408 52.43028573)
4;2021;9;8;2;3;5;3;0;1;0;0;0;0;0;0;POINT (13.33278185 52.47974237)
7;2021;9;12;4;3;5;3;0;0;1;0;0;0;0;0;POINT (13.37876951 52.43765123)
4;2021;9;10;2;3;1;5;0;1;1;0;0;0;0;0;POINT (13.3237807 52.49472324)
2;2021;9;10;2;3;4;6;0;1;0;0;0;0;0;0;POINT (13.43129909 52.50497957)
5;2021;8;19;1;3;5;3;1;0;1;0;1;0;0;0;POINT (13.1976591 52.52034865)
5;2021;9;16;5;3;0;1;0;0;0;0;1;0;0;1;POINT (13.23281516 52.55196598)
9;2021;9;19;7;3;1;5;1;1;1;0;0;0;0;0;POINT (13.51383083 52.46330606)
7;2021;9;14;4;3;5;2;0;0;1;0;0;0;1;0;POINT (13.39226688 52.41252529)
9;2021;9;17;4;2;6;4;0;0;1;1;0;0;0;0;POINT (13.58871168 52.45551391)
12;2021;8;12;6;3;5;2;0;1;1;0;0;0;0;0;POINT (13.36435733 52.562646)
8;2021;9;5;7;3;1;5;1;0;1;0;0;0;0;0;POINT (13.46780475 52.42759557)
12;2021;9;15;7;3;5;3;0;1;1;0;0;0;0;0;POINT (13.29095513 52.58100842)
11;2021;8;6;2;3;6;7;0;0;1;1;0;0;0;1;POINT (13.47375237 52.53617561)
5;2021;9;9;6;2;0;1;0;0;0;0;1;0;0;1;POINT (13.19701655 52.53146835)
4;2021;9;15;2;3;0;1;0;0;1;0;1;0;0;0;POINT (13.27701228 52.48450873)
1;2021;9;7;3;3;6;2;1;0;1;1;0;0;0;1;POINT (13.3801115 52.56030916)
1;2021;9;8;3;3;3;6;0;0;1;0;1;0;0;0;POINT (13.35127841 52.51027701)
7;2021;8;15;1;3;5;2;0;0;1;0;1;0;0;0;POINT (13.40400344 52.46346785)
12;2021;9;18;5;3;5;3;0;0;1;0;0;0;0;0;POINT (13.36779987 52.60273247)
12;2021;8;14;1;3;2;6;0;0;1;0;0;0;0;1;POINT (13.31926911 52.58762859)
1;2021;8;3;5;2;0;1;2;1;0;0;0;0;0;1;POINT (13.39668694 52.51114382)
2;2021;9;19;1;3;0;1;0;1;0;0;0;0;0;0;POINT (13.45667318 52.50979348)
9;2021;9;8;6;2;5;3;0;1;1;0;0;0;0;1;POINT (13.50191585 52.46079086)
2;2021;9;16;5;3;5;3;0;1;0;0;1;0;0;0;POINT (13.41769667 52.49926921)
3;2021;9;21;3;3;2;6;2;0;1;0;0;0;0;1;POINT (13.43143852 52.60211571)
9;2021;9;11;4;3;4;7;0;0;0;0;0;1;1;0;POINT (13.65683161 52.36947087)
12;2021;8;11;6;3;5;3;0;0;1;0;0;0;0;0;POINT (13.37902058 52.56838859)
12;2021;8;10;3;3;0;3;0;0;1;0;1;0;0;0;POINT (13.30815176 52.61225352)
4;2021;9;8;1;3;5;2;0;0;1;0;0;0;0;0;POINT (13.30228892 52.54789094)
7;2021;9;15;6;3;0;1;0;0;0;0;1;0;0;0;POINT (13.36082679 52.41257227)
4;2021;9;16;2;2;6;7;0;0;1;1;0;0;0;0;POINT (13.30805705 52.51703842)
9;2021;9;6;2;3;5;3;1;0;1;0;0;0;0;0;POINT (13.64354857 52.37816502)
1;2021;9;10;2;3;1;5;1;0;1;0;1;0;0;1;POINT (13.39114366 52.5554779)
9;2021;8;6;1;3;2;6;1;1;1;0;0;0;0;1;POINT (13.57249541 52.46123425)
12;2021;9;9;5;3;6;4;0;0;1;1;0;0;0;0;POINT (13.32673524 52.5632029)
3;2021;9;9;3;3;1;7;0;0;1;0;0;0;0;0;POINT (13.40960587 52.57487133)
1;2021;8;8;1;3;0;6;0;0;1;0;1;0;0;1;POINT (13.41708493 52.5219321)
7;2021;8;16;5;3;5;3;0;0;1;0;0;0;0;0;POINT (13.34114967 52.47619773)
7;2021;9;18;1;3;2;6;0;1;1;0;0;0;0;0;POINT (13.35952461 52.39905806)
1;2021;9;16;6;3;2;6;0;0;1;0;0;0;0;1;POINT (13.35081075 52.5094481)
5;2021;9;12;3;3;3;6;0;0;1;0;0;0;0;0;POINT (13.16221497 52.52249042)
3;2021;9;21;6;3;0;4;1;0;0;1;0;0;1;0;POINT (13.42532302 52.52818989)
1;2021;8;8;5;3;0;1;0;0;0;0;1;0;0;1;POINT (13.35141884 52.50453364)
9;2021;9;17;4;3;2;6;0;0;1;0;0;0;0;0;POINT (13.49780074 52.43342435)
4;2021;9;11;5;3;1;5;0;1;1;0;0;0;1;0;POINT (13.29713727 52.51226035)
12;2021;9;15;3;3;2;1;0;0;1;0;1;0;0;1;POINT (13.34313768 52.56334284)
2;2021;9;21;2;3;0;1;2;0;0;0;1;0;0;0;POINT (13.44902239 52.50417918)
12;2021;8;13;4;3;2;6;0;0;0;0;0;0;1;1;POINT (13.34156532 52.56366595)
1;2021;8;9;2;3;2;6;0;1;1;0;0;0;0;0;POINT (13.387547 52.52458342)
5;2021;9;18;5;3;0;1;0;1;0;0;0;0;0;0;POINT (13.25887139 52.54810598)
10;2021;9;7;4;3;5;2;0;1;1;0;0;0;0;0;POINT (13.56640471 52.53428807)
3;2021;9;0;1;3;6;6;2;0;1;1;0;0;0;0;POINT (13.42981578 52.613507)
7;2021;9;17;1;2;5;3;0;1;1;0;0;0;0;0;POINT (13.33264897 52.46911454)
3;2021;9;15;4;3;5;7;0;0;1;0;1;0;0;0;POINT (13.42885872 52.57205235)
5;2021;9;20;1;3;6;2;2;0;1;1;0;0;0;0;POINT (13.19706496 52.53834234)
6;2021;9;14;7;3;3;6;0;1;1;0;0;0;0;0;POINT (13.11041554 52.41889208)
1;2021;8;15;6;3;2;6;0;0;1;0;1;0;0;0;POINT (13.32921833 52.52389272)
9;2021;9;7;5;3;5;3;0;1;0;0;0;0;0;0;POINT (13.57679818 52.46401266)
4;2021;9;12;6;3;5;3;0;0;1;0;0;0;0;0;POINT (13.30376477 52.52558641)
6;2021;9;21;3;3;0;1;2;0;1;0;0;0;0;1;POINT (13.32479675 52.46134155)
5;2021;9;14;5;2;5;3;0;1;1;0;0;0;0;0;POINT (13.20277294 52.54087076)
5;2021;9;15;4;3;5;2;0;1;1;0;0;0;0;0;POINT (13.26504603 52.536658)
6;2021;8;10;5;3;0;1;0;0;0;0;1;0;0;1;POINT (13.2475794 52.46752265)
10;2021;8;17;3;3;6;4;0;0;1;1;0;0;0;0;POINT (13.56559785 52.50727322)
1;2021;9;7;7;2;1;5;0;0;1;0;1;0;0;0;POINT (13.40803593 52.5342006)
5;2021;9;6;5;3;5;2;2;0;1;0;0;0;0;0;POINT (13.20077136 52.53858498)
11;2021;9;11;3;3;0;4;0;0;0;1;1;0;0;0;POINT (13.49784129 52.54688623)
1;2021;9;9;1;3;5;2;0;1;1;0;0;0;0;0;POINT (13.37921118 52.50699452)
11;2021;8;9;1;3;3;6;0;0;1;0;0;0;1;0;POINT (13.51982635 52.50583871)
12;2021;9;6;2;3;5;3;2;0;1;0;1;0;0;0;POINT (13.2803155 52.63013606)
1;2021;9;13;1;3;6;4;0;0;1;1;0;0;0;0;POINT (13.38386746 52.51841273)
7;2021;8;13;1;3;5;3;0;1;1;0;0;0;0;1;POINT (13.37820812 52.46628256)
3;2021;9;12;5;3;5;3;0;1;1;0;0;0;0;0;POINT (13.43580274 52.55109566)
4;2021;9;13;7;3;5;2;0;0;1;0;0;0;0;0;POINT (13.32610463 52.53837732)
1;2021;9;6;4;3;5;2;0;1;1;0;0;0;0;1;POINT (13.38910896 52.53461128)
9;2021;8;17;1;3;5;7;0;0;1;0;0;0;0;1;POINT (13.60169609 52.43978311)
1;2021;10;19;5;3;5;2;2;1;1;0;0;0;0;0;POINT (13.37679083 52.50963555)
4;2021;8;23;6;3;5;3;2;0;1;0;0;0;0;1;POINT (13.32227031 52.52208595)
4;2021;9;14;1;3;6;7;0;0;1;1;0;0;0;0;POINT (13.29834268 52.51800182)
11;2021;9;16;6;3;6;7;0;1;0;1;0;0;0;1;POINT (13.47676097 52.500918)
1;2021;9;17;4;3;0;1;0;1;0;0;0;0;0;0;POINT (13.40614333 52.53509702)
2;2021;9;16;5;3;5;3;0;1;0;0;0;0;1;0;POINT (13.38516491 52.50219247)
1;2021;10;11;5;3;0;2;0;0;1;0;1;0;0;0;POINT (13.38061333 52.52841053)
9;2021;9;15;2;3;5;3;0;0;1;0;0;0;0;0;POINT (13.61871926 52.45548564)
3;2021;9;12;2;2;6;4;0;0;1;1;0;0;0;0;POINT (13.46565792 52.5521041)
12;2021;9;10;3;2;5;3;0;1;1;0;0;0;0;1;POINT (13.34764295 52.59483732)
1;2021;8;7;2;3;0;5;0;1;0;0;0;0;0;0;POINT (13.38418632 52.5100163)
1;2021;9;14;5;3;0;1;0;1;0;0;0;0;0;0;POINT (13.39290386 52.51918017)
8;2021;9;18;2;3;5;3;0;1;1;0;0;0;0;0;POINT (13.44009403 52.48957565)
7;2021;9;20;5;3;2;6;2;0;1;0;1;0;0;1;POINT (13.37228151 52.4531144)
12;2021;9;14;3;3;6;4;0;0;1;1;0;0;0;0;POINT (13.29684397 52.62157317)
6;2021;9;21;6;3;5;3;2;1;1;0;0;0;0;0;POINT (13.3354334 52.45151258)
12;2021;8;13;7;3;1;5;0;0;1;0;0;0;0;0;POINT (13.31026144 52.60379068)
8;2021;9;15;4;3;5;3;0;0;1;0;0;0;0;0;POINT (13.44983191 52.44555419)
12;2021;9;14;5;3;2;3;0;0;1;0;0;0;0;0;POINT (13.36048712 52.56190787)
6;2021;9;15;3;3;5;3;0;1;1;0;0;0;0;1;POINT (13.33872966 52.44439304)
3;2021;9;7;3;3;5;3;0;1;1;0;0;0;0;1;POINT (13.43393973 52.60849)
1;2021;8;17;4;3;3;6;0;0;1;0;0;0;0;1;POINT (13.38417269 52.51004034)
1;2021;8;12;2;3;5;2;0;1;1;0;0;0;0;0;POINT (13.35944965 52.52329469)
4;2021;9;12;6;3;5;2;0;1;1;0;0;0;0;0;POINT (13.30631479 52.51758748)
11;2021;9;16;4;3;2;6;0;1;1;0;0;0;0;0;POINT (13.49539643 52.54703556)
10;2021;9;7;2;3;5;3;0;1;1;0;0;0;0;0;POINT (13.5581152 52.52963589)
1;2021;9;17;6;3;2;6;0;0;1;0;0;0;0;0;POINT (13.3536745 52.50673097)
5;2021;9;20;3;3;1;5;0;1;1;0;0;0;0;0;POINT (13.21828964 52.55745686)
2;2021;9;15;1;3;3;6;0;1;1;0;0;0;0;0;POINT (13.39906486 52.50686936)
1;2021;9;2;7;3;1;5;2;0;1;0;0;0;1;0;POINT (13.38030964 52.52866704)
5;2021;8;1;7;3;2;6;2;0;1;0;0;0;0;0;POINT (13.19906895 52.53295253)
1;2021;9;8;4;3;5;2;0;1;0;0;1;0;0;0;POINT (13.34294142 52.52531604)
8;2021;9;9;5;3;5;2;0;0;1;0;1;0;0;0;POINT (13.44527408 52.41763189)
7;2021;9;18;3;3;0;3;0;1;1;0;0;0;0;1;POINT (13.38576518 52.46708637)
5;2021;9;13;3;3;0;5;0;0;1;0;0;0;0;0;POINT (13.19994462 52.54846485)
1;2021;9;20;4;3;5;3;0;0;1;0;0;0;0;0;POINT (13.39138954 52.55522394)
3;2021;9;12;7;2;5;3;0;0;1;1;0;0;0;0;POINT (13.48579202 52.61585559)
3;2021;8;9;5;3;5;5;0;1;0;0;0;0;1;0;POINT (13.40807343 52.54722273)
3;2021;9;18;4;3;5;2;0;1;1;0;0;0;0;0;POINT (13.45723475 52.56106718)
12;2021;9;13;5;3;5;3;0;0;1;0;0;0;0;0;POINT (13.29763579 52.58000393)
1;2021;9;7;3;3;5;3;0;1;0;0;0;0;1;0;POINT (13.37552111 52.54329931)
1;2021;9;11;3;2;6;2;0;0;1;1;0;0;0;1;POINT (13.37859524 52.55041809)
7;2021;8;11;4;3;0;3;0;1;0;0;0;0;1;1;POINT (13.37289381 52.43681343)
6;2021;8;20;2;2;0;6;2;1;0;0;0;0;1;0;POINT (13.25065735 52.43513265)
10;2021;9;19;6;3;5;2;1;0;1;0;1;0;0;0;POINT (13.56804329 52.57361401)
12;2021;8;14;1;3;0;1;0;1;0;0;0;0;0;1;POINT (13.30048053 52.57941944)
1;2021;9;16;3;2;0;2;0;0;1;0;0;0;1;0;POINT (13.38148316 52.55605575)
6;2021;9;22;1;3;2;6;2;1;1;0;0;0;0;0;POINT (13.34973093 52.45025014)
1;2021;9;4;7;2;8;1;0;0;1;0;0;0;0;0;POINT (13.36743135 52.52597143)
8;2021;9;6;3;3;5;3;0;1;0;0;0;0;0;0;POINT (13.4505741 52.48638491)
5;2021;9;9;1;3;5;3;0;0;1;0;1;0;0;0;POINT (13.19388958 52.54730639)
1;2021;9;13;1;3;5;2;0;1;1;0;0;0;0;0;POINT (13.37643168 52.54310099)
2;2021;8;22;6;3;2;6;2;0;1;0;0;0;0;0;POINT (13.41949383 52.49916142)
5;2021;9;7;4;3;0;5;0;1;1;0;0;0;0;0;POINT (13.23312243 52.52761887)
2;2021;9;21;5;3;5;3;2;1;0;0;1;0;0;0;POINT (13.43116763 52.49922531)
12;2021;9;9;4;3;5;3;0;0;1;0;0;0;0;1;POINT (13.29985743 52.59914015)
1;2021;9;14;5;2;0;1;0;1;0;0;0;0;0;0;POINT (13.34123075 52.50556204)
8;2021;9;15;4;3;2;2;0;0;1;0;0;0;0;0;POINT (13.50363009 52.41161417)
1;2021;8;15;5;3;2;6;0;0;1;0;0;0;1;0;POINT (13.37108721 52.51110906)
4;2021;8;21;3;3;0;1;2;0;0;0;0;0;1;1;POINT (13.30841436 52.49621231)
3;2021;9;12;7;3;1;5;0;1;1;0;0;0;0;0;POINT (13.43262618 52.60526102)
4;2021;9;13;5;3;5;2;0;1;1;0;0;0;0;0;POINT (13.30913761 52.50648547)
3;2021;9;16;5;3;5;3;0;0;1;0;0;0;0;0;POINT (13.39817548 52.5848927)
7;2021;9;13;2;2;5;2;0;1;1;0;0;0;0;0;POINT (13.35903066 52.49436577)
6;2021;9;18;2;3;3;6;0;1;1;0;0;0;0;0;POINT (13.32598949 52.45919166)
12;2021;9;22;2;2;5;3;2;0;1;0;1;0;0;1;POINT (13.30659843 52.57743808)
2;2021;9;16;2;3;6;4;0;0;1;1;0;0;0;0;POINT (13.46887821 52.50246017)
10;2021;8;14;7;3;5;5;0;0;1;0;0;0;0;1;POINT (13.5947984 52.51282113)
6;2021;9;17;5;3;2;6;0;0;1;0;0;0;0;1;POINT (13.34836773 52.42327291)
1;2021;9;8;4;3;2;6;0;0;1;0;1;0;0;1;POINT (13.34852759 52.51511264)
3;2021;8;7;1;3;2;6;0;0;1;0;1;0;0;1;POINT (13.41381244 52.56669519)
6;2021;8;7;6;3;1;5;0;1;1;0;0;0;0;0;POINT (13.2567178 52.42936486)
5;2021;9;10;1;3;2;6;0;0;1;0;0;0;1;0;POINT (13.20814308 52.56063074)
2;2021;9;11;7;3;5;2;0;1;1;0;0;0;0;0;POINT (13.39554999 52.49773659)
7;2021;8;16;2;3;5;3;0;1;0;0;0;0;0;0;POINT (13.34990143 52.50083891)
12;2021;9;16;5;3;5;3;0;1;1;0;0;0;0;0;POINT (13.28327425 52.58295157)
4;2021;10;18;5;3;2;2;2;0;1;0;0;0;0;0;POINT (13.28128053 52.51278502)
3;2021;9;17;2;3;2;6;0;0;1;0;1;0;0;0;POINT (13.45260668 52.53409371)
2;2021;9;16;2;3;5;3;0;1;1;0;0;0;0;0;POINT (13.44072113 52.52441433)
4;2021;9;11;2;2;6;2;0;0;1;1;0;0;0;1;POINT (13.32184967 52.50577673)
4;2021;8;11;4;3;2;6;0;1;1;0;0;0;0;1;POINT (13.32222467 52.506417)
4;2021;8;11;2;3;5;3;0;1;0;0;0;0;0;0;POINT (13.30309548 52.51353067)