bez;ujahr;umonat;ustunde;uwochentag;ukategorie;uart;utyp1;ulichtverh;istrad;istpkw;istfuss;istkrad;istgkfz;istsonstige;ustrzustand;geometry
11;2021;9;7;5;3;6;4;0;0;0;1;1;0;0;0;POINT (13.48971964 52.5205221)
12;2021;9;13;3;3;2;2;0;0;1;0;0;0;1;0;POINT (13.35106583 52.59641431)
6;2021;9;16;1;3;1;5;0;1;1;0;0;0;0;0;POINT (13.30457421 52.43696582)
5;2021;9;16;5;3;2;6;0;0;1;0;1;0;0;1;POINT (13.21555399 52.5268149)
12;2021;8;17;2;2;2;6;1;0;1;0;0;0;0;0;POINT (13.34108971 52.58832624)
3;2021;9;10;7;3;2;6;0;0;1;0;0;0;0;0;POINT (13.36983974 52.58933001)
3;2021;8;22;6;3;5;2;2;1;1;0;0;0;0;0;POINT (13.38379102 52.5727594)
11;2021;9;16;4;3;2;6;0;1;1;0;0;0;0;0;POINT (13.5009947 52.50915332)
2;2021;9;13;5;3;5;2;0;1;1;0;0;0;0;0;POINT (13.39276918 52.4920341)
3;2021;9;12;3;2;0;1;0;0;0;0;1;0;0;0;POINT (13.43112356 52.55569786)
5;2021;9;11;3;3;5;2;0;0;1;0;0;0;0;1;POINT (13.18468384 52.54759816)
12;2021;8;2;5;2;0;7;2;0;1;0;0;0;1;1;POINT (13.29523 52.57548463)
11;2021;9;12;5;3;2;6;0;0;1;0;0;0;0;0;POINT (13.48838491 52.50218058)
8;2021;8;18;3;2;1;5;0;1;1;0;0;0;0;0;POINT (13.43603403 52.42424148)
8;2021;9;21;6;3;0;1;2;0;1;0;0;0;0;0;POINT (13.4513407 52.45252879)
12;2021;9;19;4;3;2;6;2;0;1;0;0;1;0;1;POINT (13.29209263 52.57552493)
7;2021;9;17;2;3;1;7;0;1;0;0;0;0;0;0;POINT (13.36412037 52.47587438)
8;2021;9;23;7;3;6;2;2;0;1;1;0;0;0;0;POINT (13.43294562 52.46459526)
9;2021;9;7;3;3;5;2;0;0;1;0;0;0;1;0;POINT (13.53634863 52.43285074)
3;2021;9;18;1;3;2;2;0;0;1;0;0;0;1;0;POINT (13.44159683 52.55478506)
4;2021;9;20;7;3;1;5;2;0;1;0;0;0;0;0;POINT (13.28548419 52.47446066)
9;2021;8;19;1;3;2;6;0;0;1;0;0;0;0;0;POINT (13.52138458 52.42672195)
2;2021;9;21;4;3;5;2;2;1;1;0;0;0;0;0;POINT (13.45203057 52.51068857)
2;2021;9;17;5;2;3;6;0;1;1;0;0;0;0;0;POINT (13.46614092 52.50010599)
11;2021;9;18;3;3;5;3;0;0;1;0;0;0;1;0;POINT (13.49323441 52.51443049)
7;2021;8;12;1;3;5;3;0;1;1;0;0;0;0;1;POINT (13.34444927 52.48557597)
9;2021;9;12;4;3;2;6;0;0;1;0;0;0;0;0;POINT (13.51492933 52.46921337)
3;2021;8;17;6;3;5;2;0;0;1;0;0;0;0;0;POINT (13.39565917 52.56584599)
5;2021;8;16;3;2;5;7;0;0;1;0;0;0;0;0;POINT (13.24798298 52.54649995)
7;2021;9;15;7;3;2;6;0;0;1;0;0;0;0;0;POINT (13.38137328 52.4407714)
8;2021;9;14;4;3;5;7;0;0;1;0;1;0;0;0;POINT (13.43406047 52.44278719)
2;2021;9;7;3;3;5;3;0;0;1;0;1;0;0;0;POINT (13.43189863 52.50566768)
7;2021;9;15;1;3;0;3;0;0;1;0;0;0;1;0;POINT (13.3783133 52.47747118)
12;2021;9;14;2;3;2;6;0;0;1;0;0;0;0;0;POINT (13.30521748 52.56817325)
9;2021;9;7;1;3;2;6;0;0;1;0;0;0;0;0;POINT (13.57239244 52.45123341)
6;2021;8;16;2;3;1;5;0;1;1;0;0;0;0;0;POINT (13.3388084 52.45395986)
12;2021;9;15;5;2;1;5;0;0;1;0;0;0;1;1;POINT (13.3426883 52.56657271)
8;2021;9;19;3;3;5;2;0;0;1;0;1;0;0;0;POINT (13.43712554 52.42375775)
9;2021;8;20;1;2;4;1;1;0;1;0;0;0;0;1;POINT (13.58650143 52.44054103)
6;2021;8;16;4;3;5;2;0;1;0;0;0;0;1;0;POINT (13.31559464 52.4431967)
4;2021;9;15;1;3;5;2;0;1;1;0;0;0;0;0;POINT (13.30592485 52.50678052)
9;2021;9;15;5;3;6;2;0;0;1;1;0;0;0;1;POINT (13.58241015 52.44245733)
1;2021;8;15;2;3;1;5;0;1;1;0;0;0;0;0;POINT (13.35254055 52.53968599)
7;2021;9;16;6;3;5;3;0;0;1;0;0;0;0;0;POINT (13.37832498 52.46709312)
12;2021;10;14;5;3;6;4;0;0;1;1;0;0;0;0;POINT (13.32021355 52.57596849)
5;2021;9;19;4;2;5;2;2;0;1;0;1;0;0;0;POINT (13.16266136 52.52007616)
1;2021;8;15;5;3;2;6;0;0;1;0;0;0;0;1;POINT (13.3311329 52.52720242)
12;2021;8;19;3;3;2;6;2;0;1;0;0;0;0;1;POINT (13.25468924 52.56212059)
5;2021;9;22;6;3;5;3;2;0;1;0;0;0;0;0;POINT (13.27197729 52.53697523)
7;2021;9;13;5;3;5;3;0;1;1;0;0;0;0;0;POINT (13.35333549 52.50093877)
6;2021;9;13;5;3;6;4;0;1;0;1;0;0;0;0;POINT (13.35971228 52.43172936)
1;2021;9;18;3;3;5;3;0;0;1;0;0;0;1;0;POINT (13.37931118 52.50703435)
12;2021;9;10;1;3;1;5;0;1;0;0;0;0;1;0;POINT (13.35580492 52.56879943)
4;2021;9;8;2;3;5;2;0;1;1;0;0;0;0;0;POINT (13.31658872 52.49951724)
8;2021;9;18;2;2;6;4;0;0;1;1;0;0;0;0;POINT (13.47354231 52.4242769)
8;2021;8;9;2;3;5;2;0;0;1;0;0;0;1;0;POINT (13.44749891 52.43694761)
11;2021;9;17;5;3;5;3;0;0;1;0;1;0;0;0;POINT (13.51784146 52.56385188)
6;2021;9;8;3;3;5;2;0;1;1;0;0;0;0;0;POINT (13.34399496 52.43526542)
1;2021;8;13;6;3;2;2;0;1;1;0;0;0;0;0;POINT (13.42173845 52.51423351)
9;2021;9;4;1;3;5;3;2;0;1;0;0;0;0;0;POINT (13.53666956 52.43572826)
5;2021;9;8;7;3;5;3;0;0;1;0;0;0;0;0;POINT (13.18477117 52.54755531)
10;2021;8;20;2;3;2;1;2;0;0;0;1;0;1;0;POINT (13.57640234 52.51314465)
1;2021;9;16;5;3;3;6;0;1;1;0;0;0;0;0;POINT (13.38871754 52.51769248)
1;2021;10;2;5;3;5;3;2;0;1;0;0;0;0;0;POINT (13.37559868 52.54041497)
1;2021;9;6;2;3;8;1;1;0;1;0;0;0;0;1;POINT (13.33580272 52.54189242)
1;2021;9;13;3;3;6;7;0;1;0;1;0;0;0;0;POINT (13.34432364 52.53152861)
6;2021;9;23;2;3;0;7;2;0;1;0;0;0;0;0;POINT (13.29376974 52.44564267)
7;2021;8;10;4;3;5;3;0;1;0;0;0;0;0;0;POINT (13.3288431 52.47232632)
2;2021;8;15;2;3;4;3;0;1;1;0;0;0;0;0;POINT (13.44917471 52.51776462)
6;2021;9;15;5;3;5;3;0;0;1;0;0;0;0;0;POINT (13.29442694 52.42701407)
4;2021;9;14;2;3;1;5;0;1;1;0;0;0;0;0;POINT (13.29737614 52.49561784)
7;2021;9;16;2;3;2;6;0;0;1;0;0;0;0;0;POINT (13.39817808 52.44293838)
10;2021;9;11;6;3;0;1;0;1;0;0;0;0;0;0;POINT (13.56402307 52.55641722)
5;2021;9;15;3;3;5;2;0;1;1;0;0;0;0;0;POINT (13.22321304 52.53710861)
7;2021;9;12;7;3;1;5;0;0;1;0;0;0;1;0;POINT (13.34330255 52.4889462)
8;2021;8;20;6;3;1;6;2;1;1;0;0;0;0;0;POINT (13.45299738 52.48178476)
10;2021;9;15;3;3;6;6;0;1;0;1;0;0;0;0;POINT (13.60028072 52.47560701)
7;2021;9;5;5;2;5;2;2;0;1;0;1;0;0;1;POINT (13.40011842 52.45911297)
9;2021;9;10;3;3;5;3;0;0;1;0;0;0;0;0;POINT (13.49780341 52.43367613)
1;2021;9;11;3;3;2;6;0;0;1;0;0;0;1;1;POINT (13.34385609 52.54598562)
1;2021;8;17;4;3;6;2;0;0;1;1;0;0;0;0;POINT (13.37686933 52.55661744)
2;2021;9;13;5;3;0;2;0;0;1;0;1;0;0;0;POINT (13.43972742 52.51394146)
9;2021;8;19;3;3;1;5;0;0;1;0;0;0;0;0;POINT (13.54839294 52.45698502)
10;2021;9;8;5;3;1;1;0;0;1;0;0;0;0;0;POINT (13.56777809 52.50542454)
1;2021;9;15;4;3;6;4;0;0;1;1;0;0;0;0;POINT (13.42452781 52.51639263)
6;2021;9;19;2;3;0;3;1;0;0;0;1;0;0;0;POINT (13.23003004 52.43074367)
2;2021;9;7;1;3;5;3;0;1;1;0;0;0;0;0;POINT (13.42170342 52.49296487)
1;2021;9;21;3;3;0;7;2;1;0;0;0;0;0;0;POINT (13.39861713 52.5325576)
5;2021;9;21;7;3;2;6;2;0;1;0;0;0;0;0;POINT (13.27152863 52.53651447)
5;2021;9;6;1;3;2;6;1;0;1;0;0;0;0;0;POINT (13.23967856 52.52632633)
2;2021;8;8;1;3;5;3;0;0;1;0;0;0;0;1;POINT (13.43007998 52.50346333)
1;2021;9;20;4;3;5;2;2;1;1;0;0;0;0;0;POINT (13.3794029 52.52943285)
10;2021;9;20;5;3;5;3;1;0;1;0;1;0;0;0;POINT (13.57577867 52.49119962)
8;2021;9;9;4;3;7;7;0;0;0;0;0;0;1;0;POINT (13.45257523 52.47562384)
5;2021;9;16;4;3;2;6;1;0;1;0;0;0;1;0;POINT (13.17366565 52.51776985)
12;2021;8;11;5;3;5;3;0;1;1;0;0;0;0;0;POINT (13.32544792 52.60830639)
2;2021;8;16;3;3;5;3;0;1;0;0;0;0;1;0;POINT (13.44384176 52.50008758)
3;2021;9;23;6;3;5;3;2;0;1;0;0;0;0;0;POINT (13.42336069 52.55108675)
6;2021;9;22;5;3;1;1;2;0;1;0;1;0;0;0;POINT (13.30397717 52.41904768)
3;2021;9;18;3;3;5;3;0;0;1;0;1;0;0;0;POINT (13.42255092 52.55986189)
11;2021;9;17;2;3;6;4;0;1;0;1;0;0;0;0;POINT (13.48340019 52.52869965)
1;2021;9;18;2;3;0;3;1;0;1;0;1;0;0;0;POINT (13.39811229 52.5100221)
11;2021;9;17;2;3;0;1;0;1;0;0;0;0;0;0;POINT (13.47526209 52.50172907)
8;2021;8;14;2;3;1;5;0;1;1;0;0;0;0;0;POINT (13.45094871 52.43850452)
7;2021;9;13;5;3;3;6;0;1;1;0;0;0;0;0;POINT (13.34522061 52.48487236)
9;2021;9;16;3;3;5;3;0;1;1;0;0;0;0;0;POINT (13.67263039 52.4185517)
7;2021;8;15;1;3;5;2;0;1;1;0;0;0;0;1;POINT (13.37089721 52.49265788)
7;2021;8;9;5;3;5;2;0;1;1;0;0;0;0;0;POINT (13.36092405 52.49426084)
6;2021;9;12;1;3;1;5;0;0;1;0;0;0;1;0;POINT (13.25300443 52.4255051)
1;2021;9;20;5;2;0;1;1;0;0;0;0;0;1;0;POINT (13.41882565 52.51038597)
4;2021;8;10;2;3;5;2;0;1;1;0;0;0;0;0;POINT (13.33515032 52.48590083)
11;2021;9;12;6;3;5;3;0;0;1;0;1;0;0;1;POINT (13.53209799 52.48411525)
3;2021;8;11;5;3;5;2;0;1;1;0;0;0;0;0;POINT (13.41310839 52.54767851)
3;2021;9;18;4;3;5;3;0;1;1;0;0;0;0;0;POINT (13.49013221 52.61711157)
4;2021;9;12;5;3;5;2;0;0;1;0;0;0;0;0;POINT (13.30230365 52.54789075)
4;2021;9;10;3;3;5;3;0;1;1;0;0;1;0;0;POINT (13.32311654 52.49095289)
2;2021;9;11;2;2;0;1;0;0;1;0;1;0;0;1;POINT (13.46223267 52.51182573)
3;2021;8;10;4;3;2;1;0;0;1;0;0;0;0;1;POINT (13.45779805 52.53157897)
11;2021;8;19;2;2;0;1;0;1;0;0;0;0;0;0;POINT (13.46858408 52.54425256)
6;2021;9;7;5;3;5;2;0;0;1;0;0;0;0;0;POINT (13.2528763 52.4665327)
5;2021;9;12;4;3;2;6;0;0;1;0;0;0;0;0;POINT (13.19370969 52.52519091)
4;2021;9;18;2;3;2;6;0;0;1;0;0;0;0;0;POINT (13.32630654 52.50908462)
1;2021;9;21;6;3;2;6;2;0;1;0;0;0;0;0;POINT (13.33969659 52.50526004)
3;2021;8;16;2;3;5;3;0;0;1;0;0;0;1;0;POINT (13.44404694 52.56858021)
12;2021;9;15;1;2;2;6;0;0;1;0;0;0;1;0;POINT (13.2547336 52.56219878)
8;2021;9;15;7;3;6;4;0;0;0;1;1;0;0;0;POINT (13.42516369 52.48046521)
1;2021;8;9;6;2;3;6;0;0;1;0;0;0;1;0;POINT (13.39231106 52.54514065)
1;2021;9;9;5;3;2;2;0;0;1;0;0;0;0;0;POINT (13.37208248 52.52088512)
8;2021;9;18;5;3;5;7;1;0;1;0;0;0;0;0;POINT (13.43668135 52.47987076)
4;2021;9;10;4;3;2;2;0;0;1;0;1;0;0;0;POINT (13.28830347 52.51306275)
4;2021;9;13;3;3;5;7;0;0;1;0;0;1;0;1;POINT (13.31708666 52.54718916)
10;2021;8;13;5;3;2;6;0;0;1;0;0;0;0;1;POINT (13.60523071 52.53646461)
9;2021;8;20;3;3;0;1;1;1;0;0;0;0;0;1;POINT (13.56512996 52.44550976)
1;2021;9;19;6;3;5;3;0;0;1;0;0;0;0;0;POINT (13.3495674 52.50860805)
6;2021;9;13;2;3;6;4;0;0;0;1;1;0;0;0;POINT (13.29218512 52.45805004)
5;2021;9;7;3;3;5;3;0;1;0;0;0;0;1;0;POINT (13.1893328 52.54294191)
8;2021;9;13;2;3;0;3;0;0;1;0;1;0;0;0;POINT (13.43464706 52.45095423)
2;2021;8;12;4;3;1;5;0;1;1;0;0;0;0;1;POINT (13.4664988 52.50211117)
11;2021;8;15;2;3;5;2;0;0;1;0;0;0;0;0;POINT (13.52371553 52.56559022)
4;2021;9;19;5;3;0;1;1;0;0;0;1;0;0;0;POINT (13.3168138 52.50138464)
2;2021;9;16;3;3;6;4;0;0;1;1;0;0;0;0;POINT (13.45468028 52.52396422)
4;2021;9;15;2;3;5;3;0;0;1;0;0;0;1;0;POINT (13.29715044 52.51218351)
2;2021;9;18;1;2;1;5;0;1;1;0;0;0;0;0;POINT (13.42918093 52.50912371)
2;2021;9;16;3;3;5;7;0;0;1;0;0;0;0;0;POINT (13.40035502 52.49433699)
4;2021;9;13;7;3;3;6;0;1;1;0;0;0;0;0;POINT (13.27843801 52.47363408)
4;2021;8;13;6;3;5;2;0;1;1;0;0;0;0;0;POINT (13.3061928 52.52461527)
3;2021;9;10;4;3;4;6;0;0;1;0;0;0;0;0;POINT (13.44379222 52.5792354)
9;2021;9;18;4;3;1;7;0;0;1;0;0;0;0;0;POINT (13.56939498 52.44476829)
3;2021;9;20;2;2;5;2;2;0;1;0;0;0;0;0;POINT (13.43277816 52.59582286)
6;2021;9;19;3;3;2;6;1;0;1;0;1;0;0;0;POINT (13.2784676 52.42979096)
2;2021;8;8;5;3;5;2;0;1;1;0;0;0;0;1;POINT (13.43261582 52.50239609)
4;2021;8;21;3;3;0;2;2;0;1;0;1;0;0;1;POINT (13.31639045 52.49862812)
8;2021;9;7;5;3;0;3;0;1;1;0;0;0;0;0;POINT (13.45620886 52.48402469)
3;2021;8;15;2;3;5;3;0;0;1;0;0;0;1;0;POINT (13.45010513 52.5469208)
7;2021;9;15;4;3;5;7;0;0;1;0;0;0;1;0;POINT (13.34489567 52.4891178)
1;2021;9;7;5;3;5;3;0;1;1;0;0;0;0;0;POINT (13.3980069 52.52725172)
6;2021;9;14;2;3;2;6;0;0;1;0;0;0;1;0;POINT (13.34144631 52.44232223)
10;2021;9;8;2;2;6;4;0;0;1;1;0;0;0;0;POINT (13.58397981 52.53961235)
10;2021;9;17;3;3;5;3;0;0;1;0;1;1;0;0;POINT (13.55234436 52.54944089)
8;2021;9;2;1;2;2;6;2;0;1;0;1;0;0;0;POINT (13.42671148 52.47628296)
5;2021;9;18;7;3;0;2;0;0;1;0;1;0;0;0;POINT (13.20310835 52.5408386)
4;2021;8;17;7;3;5;2;0;1;1;0;0;0;0;0;POINT (13.28358151 52.50639994)
4;2021;9;8;4;3;5;3;0;0;1;0;1;0;0;0;POINT (13.29901444 52.49072428)
2;2021;9;10;6;3;5;2;0;1;1;0;0;0;0;0;POINT (13.41423411 52.48824263)
1;2021;9;13;3;3;5;3;0;1;1;0;0;0;0;0;POINT (13.37427171 52.52795606)
9;2021;9;14;4;3;5;2;0;1;1;0;0;0;0;0;POINT (13.51184327 52.46431769)
2;2021;8;13;6;3;5;3;0;0;1;0;0;0;1;0;POINT (13.39444731 52.506965)
9;2021;8;10;3;3;0;7;0;0;1;1;0;0;0;0;POINT (13.57005928 52.46808462)
1;2021;9;8;1;3;1;2;0;0;1;0;1;0;0;0;POINT (13.39916272 52.54432297)
1;2021;9;16;6;3;5;2;0;1;0;0;0;0;1;0;POINT (13.34342912 52.52622983)
2;2021;9;16;6;3;5;3;0;0;1;0;0;0;0;0;POINT (13.40415708 52.49121689)
1;2021;9;13;2;3;2;6;0;0;1;0;1;0;0;0;POINT (13.35867053 52.53654716)
6;2021;9;9;3;2;5;3;0;1;1;0;0;0;0;0;POINT (13.3461524 52.43398986)
8;2021;9;7;3;3;0;7;0;0;1;0;0;0;0;0;POINT (13.48752078 52.43386889)
6;2021;8;11;1;3;5;2;0;1;1;0;0;0;0;1;POINT (13.34476392 52.46149585)
7;2021;9;23;5;2;5;3;2;0;1;0;1;0;0;0;POINT (13.38007586 52.40613922)
2;2021;9;15;3;3;2;2;0;0;1;0;0;0;0;0;POINT (13.40590468 52.48951355)
5;2021;8;11;1;2;5;2;0;0;1;0;0;1;0;0;POINT (13.24775267 52.53808367)
2;2021;8;6;5;3;5;2;0;1;0;0;1;0;0;1;POINT (13.46612757 52.50007396)
7;2021;9;18;1;3;2;6;0;0;1;0;0;0;0;0;POINT (13.409896 52.43905026)
9;2021;9;21;5;3;6;7;2;0;1;1;0;0;0;0;POINT (13.54517971 52.43268973)
7;2021;8;15;2;3;6;4;0;1;0;1;0;0;0;0;POINT (13.32925196 52.46561891)
4;2021;9;17;6;2;6;4;0;0;1;1;0;0;0;0;POINT (13.31370943 52.54213086)
4;2021;8;19;5;3;5;2;0;0;1;0;0;0;0;0;POINT (13.27817512 52.51849057)
2;2021;9;14;4;3;5;2;0;1;1;0;0;0;0;0;POINT (13.4715528 52.49384635)
8;2021;9;16;4;3;2;6;0;0;1;0;0;0;0;0;POINT (13.4538701 52.47184525)
1;2021;9;15;3;3;2;6;0;0;1;0;1;0;0;1;POINT (13.35513927 52.5185072)
6;2021;9;13;3;2;2;6;0;0;1;0;1;0;0;1;POINT (13.30157483 52.42035487)
2;2021;8;11;4;3;0;1;0;0;0;0;1;0;0;1;POINT (13.45524063 52.5136493)
1;2021;8;15;2;3;2;6;0;0;1;0;0;0;1;0;POINT (13.35349683 52.50668748)
3;2021;9;11;5;3;5;2;0;0;1;0;1;0;0;0;POINT (13.47899483 52.55317776)
11;2021;9;12;4;3;5;7;0;0;1;0;0;0;0;0;POINT (13.49503643 52.5420293)
3;2021;9;9;2;3;4;5;0;1;0;0;0;1;0;0;POINT (13.45990894 52.54912878)
1;2021;9;14;1;3;5;2;0;1;0;0;0;0;1;0;POINT (13.37703173 52.55629778)
7;2021;9;14;4;3;5;3;0;1;1;0;0;0;0;0;POINT (13.35146048 52.4159082)
11;2021;9;10;1;2;0;2;0;0;1;0;1;0;0;0;POINT (13.49966951 52.53436419)
1;2021;9;18;7;3;1;5;0;0;1;0;0;0;1;0;POINT (13.34736345 52.50975681)
11;2021;8;22;6;3;2;6;2;1;1;0;0;0;0;0;POINT (13.52550602 52.48174353)
1;2021;9;9;4;3;2;6;0;0;1;0;1;0;0;0;POINT (13.3669883 52.52560009)
1;2021;9;9;5;3;5;3;0;1;1;0;0;0;0;0;POINT (13.35913896 52.52237256)
7;2021;9;9;4;3;5;3;0;0;1;0;1;0;0;0;POINT (13.37219942 52.45548495)
8;2021;9;14;4;3;5;3;0;1;1;0;0;0;0;0;POINT (13.44384702 52.45224614)
3;2021;8;9;5;3;6;4;0;0;1;1;0;0;0;1;POINT (13.43342932 52.53113959)
2;2021;8;7;2;2;0;5;0;1;1;0;0;0;0;0;POINT (13.4341018 52.50483638)
2;2021;9;18;7;3;6;7;0;1;0;1;0;0;0;0;POINT (13.46751607 52.50611727)
3;2021;9;13;5;3;5;3;0;0;1;0;0;0;1;0;POINT (13.42146857 52.57539159)
12;2021;9;10;3;3;9;1;0;0;1;0;0;0;0;0;POINT (13.32260966 52.62464481)
6;2021;9;18;2;3;5;3;0;1;1;0;0;0;0;0;POINT (13.26137484 52.44324841)
4;2021;8;20;7;2;5;3;2;0;1;0;0;0;1;1;POINT (13.31727491 52.51219213)
12;2021;9;20;2;3;0;7;1;0;1;0;0;0;0;0;POINT (13.29589649 52.54948539)
3;2021;9;15;2;3;6;4;0;0;1;1;0;0;0;0;POINT (13.42738377 52.55250809)
12;2021;8;14;1;3;6;4;0;0;1;1;0;0;0;0;POINT (13.35516022 52.56276768)
2;2021;9;18;5;3;1;5;0;1;1;0;0;0;0;1;POINT (13.41863134 52.50146255)
7;2021;9;16;7;3;1;5;0;1;1;0;0;0;0;0;POINT (13.32598672 52.46710247)
5;2021;9;5;4;3;2;6;1;0;1;0;1;0;0;1;POINT (13.18557159 52.55133687)
4;2021;8;19;1;3;5;2;0;0;1;0;1;0;0;1;POINT (13.33943554 52.50313925)
2;2021;9;6;4;3;6;4;0;0;1;1;0;0;0;0;POINT (13.44235373 52.50085645)
9;2021;8;1;6;3;9;1;2;0;1;0;0;0;0;1;POINT (13.68911851 52.37114768)
4;2021;9;8;1;3;2;6;0;0;0;0;1;0;1;0;POINT (13.28516654 52.49417204)
4;2021;9;13;7;3;1;5;0;0;1;0;1;0;0;0;POINT (13.30106994 52.50796438)
6;2021;8;11;2;3;1;1;0;1;1;0;0;0;0;0;POINT (13.26133607 52.43673497)
3;2021;9;20;5;3;0;2;2;1;1;0;0;0;0;0;POINT (13.40115935 52.56921523)
8;2021;10;18;5;3;5;3;0;1;0;0;0;0;1;0;POINT (13.45149188 52.48390706)
9;2021;9;15;2;2;5;2;0;1;1;0;0;0;0;0;POINT (13.50415202 52.45488695)
12;2021;9;16;4;3;6;7;0;0;1;1;0;0;0;0;POINT (13.30679659 52.58089434)
2;2021;9;18;2;3;5;3;0;0;0;0;1;0;1;0;POINT (13.41647893 52.49962144)
7;2021;9;15;1;3;0;4;0;0;0;1;1;0;0;0;POINT (13.37818106 52.48333799)
6;2021;9;13;4;3;2;6;0;0;1;0;0;0;0;0;POINT (13.33795533 52.41665604)
7;2021;9;18;2;3;5;2;1;0;1;0;1;0;0;0;POINT (13.37796405 52.46863122)
8;2021;9;17;2;3;6;4;0;0;0;1;0;0;1;0;POINT (13.42451532 52.4864409)
11;2021;8;7;1;2;0;1;0;0;0;0;0;0;1;1;POINT (13.49835379 52.52639586)
1;2021;9;11;5;3;5;2;0;0;1;0;1;0;0;0;POINT (13.35104215 52.51489785)
7;2021;9;17;6;3;1;5;2;1;1;0;0;0;0;1;POINT (13.4064013 52.38589214)
7;2021;9;14;4;3;3;6;0;0;1;0;1;1;0;0;POINT (13.38830549 52.45674379)
6;2021;9;14;3;3;5;3;0;1;1;0;0;0;0;1;POINT (13.23025699 52.43013234)
11;2021;8;14;6;3;2;6;0;0;1;0;0;0;0;0;POINT (13.46779127 52.53408575)
2;2021;9;22;6;3;5;7;2;1;1;0;0;0;0;0;POINT (13.44392552 52.50007591)
5;2021;9;18;7;2;5;3;0;0;1;0;0;0;0;0;POINT (13.18476557 52.5475294)
2;2021;8;10;2;3;1;5;0;0;1;0;0;1;0;0;POINT (13.42237244 52.49789714)
5;2021;9;16;4;3;0;2;0;0;0;0;1;0;1;0;POINT (13.1659547 52.55220823)
3;2021;9;16;5;3;2;6;0;0;1;0;1;0;0;0;POINT (13.44175863 52.56581616)
2;2021;10;21;5;3;0;1;2;1;0;0;0;0;0;0;POINT (13.42162027 52.48723836)
2;2021;9;18;2;3;2;6;1;1;1;0;0;1;0;0;POINT (13.39713584 52.49546236)
4;2021;9;20;3;3;0;1;1;0;0;0;0;0;1;0;POINT (13.3140643 52.50621299)
3;2021;9;12;2;3;0;1;0;1;0;0;0;0;0;1;POINT (13.41272369 52.52900174)
10;2021;8;15;1;2;5;2;0;0;1;0;0;0;1;0;POINT (13.51902461 52.51656376)
7;2021;9;8;5;3;1;5;0;1;1;0;0;0;0;0;POINT (13.34851902 52.49038439)
3;2021;8;14;1;3;5;3;0;0;1;0;0;0;0;1;POINT (13.49537236 52.63397895)
10;2021;9;13;1;3;5;3;0;1;1;0;0;0;0;0;POINT (13.61740103 52.48405837)
1;2021;9;20;6;3;5;3;2;1;1;0;0;0;0;1;POINT (13.33412504 52.52441884)
8;2021;8;15;2;3;3;6;0;1;1;0;0;0;0;0;POINT (13.42924969 52.49308369)
2;2021;9;15;4;3;6;7;0;0;0;1;0;0;1;0;POINT (13.4316608 52.49515206)
4;2021;9;21;6;3;2;6;2;0;1;0;0;0;0;0;POINT (13.28571595 52.49512754)
8;2021;8;11;5;3;1;5;0;1;1;0;0;0;0;0;POINT (13.44783091 52.48561819)
1;2021;9;18;4;3;5;3;0;1;0;0;0;0;0;0;POINT (13.36432302 52.54493977)
9;2021;9;11;5;3;5;3;0;0;1;0;0;0;0;0;POINT (13.54448962 52.41051724)
7;2021;9;11;3;3;0;3;0;0;1;0;1;0;0;0;POINT (13.35336428 52.50094149)
5;2021;9;19;3;3;6;4;1;1;0;1;0;0;0;1;POINT (13.1865599 52.55122332)
4;2021;8;16;4;3;5;2;0;0;1;0;0;0;0;0;POINT (13.32834343 52.47867252)
1;2021;8;12;2;3;5;3;0;1;1;0;0;0;0;0;POINT (13.34915977 52.52458911)
5;2021;9;15;6;3;0;6;0;0;1;0;0;0;1;0;POINT (13.24032258 52.54302933)
1;2021;9;18;3;2;1;5;0;0;1;0;0;0;0;0;POINT (13.34077699 52.548758)
1;2021;9;11;2;3;0;1;0;0;0;0;0;0;1;0;POINT (13.33045346 52.52681809)
1;2021;9;9;6;3;1;5;0;1;1;0;0;0;0;1;POINT (13.40746605 52.52388858)
9;2021;9;20;3;2;4;6;2;0;1;0;0;0;0;0;POINT (13.51469784 52.46876792)
11;2021;9;13;1;3;2;2;0;1;1;0;0;0;0;0;POINT (13.51968411 52.49394677)
1;2021;9;9;4;3;5;2;0;1;1;0;0;0;0;0;POINT (13.40711636 52.51310962)
10;2021;9;10;1;3;9;1;0;0;1;0;0;0;0;0;POINT (13.54675235 52.5340715)
10;2021;8;19;1;2;5;2;0;0;1;0;0;0;0;0;POINT (13.53854153 52.52461672)
7;2021;9;7;4;3;1;5;0;1;1;0;0;0;0;0;POINT (13.40001749 52.42336276)
11;2021;9;18;5;3;1;5;1;0;1;0;0;0;1;0;POINT (13.49432856 52.51315637)
1;2021;9;13;4;2;1;5;0;1;1;0;0;0;0;0;POINT (13.38288028 52.55158726)
2;2021;9;18;4;2;5;3;0;0;0;0;1;0;0;0;POINT (13.44330125 52.51198808)
7;2021;8;18;5;3;2;6;1;0;1;0;0;0;0;1;POINT (13.34209352 52.50221422)
1;2021;8;13;3;3;5;3;0;0;0;0;0;0;1;0;POINT (13.42121105 52.51869466)
6;2021;9;4;7;3;0;7;2;0;1;0;0;0;0;0;POINT (13.2764117 52.41271907)