bez;ujahr;umonat;ustunde;uwochentag;ukategorie;uart;utyp1;ulichtverh;istrad;istpkw;istfuss;istkrad;istgkfz;istsonstige;ustrzustand;geometry
8;2021;9;16;4;3;5;2;0;0;1;0;1;0;0;0;POINT (13.4427876 52.46508804)
3;2021;9;9;3;3;0;7;0;1;0;0;0;0;0;0;POINT (13.45906665 52.54895203)
3;2021;9;18;1;2;5;3;0;0;1;0;0;0;0;0;POINT (13.49590062 52.62603159)
12;2021;8;7;7;3;5;3;0;0;1;0;0;0;1;1;POINT (13.3259965 52.56461151)
5;2021;9;13;2;3;2;6;0;0;1;0;0;0;0;0;POINT (13.19968952 52.53520888)
2;2021;9;18;2;3;0;1;0;0;0;0;1;0;0;0;POINT (13.4482715 52.51128204)
8;2021;8;16;2;3;2;3;0;1;1;0;0;0;0;0;POINT (13.44035429 52.46748862)
7;2021;9;14;5;2;0;1;0;0;1;0;0;0;0;0;POINT (13.39181798 52.38425757)
4;2021;9;8;4;3;5;2;0;1;1;0;0;0;0;0;POINT (13.31862808 52.51384334)
7;2021;8;7;1;3;5;3;0;0;1;0;0;0;0;1;POINT (13.38060156 52.44282913)
5;2021;8;16;7;3;6;4;0;0;0;1;0;0;1;1;POINT (13.20382207 52.54127918)
2;2021;9;14;1;2;1;5;0;1;0;0;0;0;1;0;POINT (13.38835786 52.50658653)
7;2021;9;12;7;3;1;5;0;1;1;0;0;0;0;0;POINT (13.330171 52.4691696)
3;2021;8;7;2;2;5;3;0;1;1;0;0;0;0;1;POINT (13.49928577 52.63063692)
4;2021;9;22;5;2;6;4;2;0;0;1;1;0;0;0;POINT (13.32206042 52.52107243)
11;2021;10;14;5;3;0;3;0;0;1;0;0;0;1;0;POINT (13.49335336 52.51447305)
1;2021;9;16;2;3;5;2;0;1;1;0;0;0;0;0;POINT (13.38235968 52.53774433)
1;2021;9;13;2;3;0;5;0;0;1;0;1;0;0;0;POINT (13.40438621 52.53096955)
4;2021;9;12;2;3;0;5;0;0;1;0;1;0;0;1;POINT (13.34103987 52.504852)
11;2021;8;16;4;3;5;3;0;1;1;0;0;0;0;0;POINT (13.52117385 52.49986526)
5;2021;8;17;2;3;1;5;0;1;1;0;0;0;0;0;POINT (13.20860381 52.54749604)
12;2021;9;17;5;3;2;6;0;0;1;0;1;0;0;0;POINT (13.34418768 52.58907775)
8;2021;9;15;3;3;2;6;0;0;1;0;0;0;0;0;POINT (13.43527594 52.42585866)
5;2021;9;5;2;3;5;3;1;1;1;0;0;0;0;0;POINT (13.14941096 52.55424483)
2;2021;9;21;5;3;2;6;2;0;1;0;0;0;0;0;POINT (13.40927486 52.50406007)
1;2021;9;14;3;3;5;2;0;0;1;0;1;0;0;0;POINT (13.36162752 52.54790785)
7;2021;9;16;4;2;2;6;0;0;1;0;1;0;0;0;POINT (13.3706837 52.46880796)
6;2021;9;11;6;3;5;7;0;0;1;0;1;0;0;0;POINT (13.28906878 52.46902853)
1;2021;8;21;6;3;5;2;2;1;1;0;0;0;0;0;POINT (13.40447481 52.50786683)
3;2021;9;15;4;3;2;6;0;0;1;0;0;0;0;0;POINT (13.48132999 52.60942993)
2;2021;9;17;4;3;4;6;0;1;0;0;0;0;0;0;POINT (13.44435723 52.50055739)
1;2021;9;8;3;3;3;2;0;1;1;0;0;0;0;1;POINT (13.3785293 52.52915075)
9;2021;9;12;3;3;5;3;0;1;1;0;0;0;0;1;POINT (13.59272702 52.42889567)
2;2021;8;6;5;2;0;1;0;1;0;0;0;0;0;1;POINT (13.43380561 52.523318)
2;2021;8;17;3;3;5;3;0;0;1;0;1;0;0;0;POINT (13.41919083 52.50130544)
1;2021;9;18;5;3;5;7;0;0;1;0;0;0;1;0;POINT (13.4234562 52.52380741)
3;2021;9;17;3;3;2;6;0;0;1;0;0;0;0;0;POINT (13.46638399 52.55714102)
7;2021;9;13;3;3;0;5;0;0;1;0;0;0;1;0;POINT (13.37622565 52.45582105)
3;2021;9;22;2;3;6;7;2;0;0;1;0;0;1;0;POINT (13.43766227 52.55487852)
1;2021;8;17;1;3;6;4;0;1;0;1;0;0;0;0;POINT (13.39233519 52.52733878)
11;2021;9;15;5;3;3;6;0;0;1;0;0;0;0;0;POINT (13.47486733 52.53283303)
1;2021;9;15;2;3;5;2;0;0;1;0;0;0;0;0;POINT (13.33430463 52.55735641)
10;2021;9;14;6;3;5;3;0;1;0;0;0;0;0;0;POINT (13.55429308 52.53765597)
9;2021;9;9;3;3;0;1;0;1;0;0;0;0;0;0;POINT (13.45554943 52.48784757)
2;2021;9;18;4;3;6;7;0;0;1;1;0;0;0;0;POINT (13.41392991 52.50023166)
9;2021;9;10;7;3;5;3;0;0;1;0;0;0;0;0;POINT (13.51926099 52.46441128)
6;2021;8;13;7;3;5;3;0;0;1;0;0;0;0;1;POINT (13.3144758 52.41763987)
4;2021;9;16;4;3;1;5;0;1;1;0;0;0;0;0;POINT (13.30152016 52.5121146)
1;2021;9;7;4;3;0;2;0;1;0;0;0;0;1;0;POINT (13.39096588 52.56330085)
6;2021;9;11;2;3;5;2;0;0;1;0;0;0;0;0;POINT (13.28406282 52.4456699)
5;2021;9;15;3;3;5;3;0;0;1;0;0;0;1;0;POINT (13.19406184 52.52540467)
12;2021;8;20;4;2;6;4;2;0;1;1;0;0;0;1;POINT (13.33812251 52.61112441)
4;2021;8;12;2;3;1;5;0;1;1;0;0;0;0;0;POINT (13.26047195 52.4998569)
1;2021;9;21;5;3;6;2;2;0;1;1;0;0;0;0;POINT (13.37640017 52.52206172)
2;2021;9;17;4;2;0;7;0;1;0;0;0;0;0;0;POINT (13.44286379 52.50059291)
3;2021;9;13;3;3;1;5;0;1;1;0;0;0;0;0;POINT (13.46071324 52.545887)
7;2021;9;12;7;3;2;2;0;0;1;0;0;0;0;0;POINT (13.4064021 52.39376267)
10;2021;9;17;3;3;5;3;0;1;1;0;0;0;0;0;POINT (13.60842276 52.538973)
6;2021;9;17;1;3;0;1;0;0;0;0;0;0;1;0;POINT (13.32352198 52.4494112)
2;2021;9;4;7;3;5;3;2;1;1;0;0;0;0;0;POINT (13.39606925 52.49837954)
10;2021;8;14;7;3;5;2;0;0;1;0;0;0;0;1;POINT (13.59170942 52.54498317)
8;2021;9;16;4;3;2;6;0;1;0;0;0;0;1;0;POINT (13.42841742 52.4933534)
3;2021;9;7;5;3;0;6;0;0;0;0;1;0;1;1;POINT (13.44861362 52.56463001)
9;2021;9;17;3;3;5;3;0;0;1;0;0;0;0;1;POINT (13.53233084 52.46169783)
9;2021;9;9;4;3;2;2;0;0;1;0;0;0;0;0;POINT (13.48126938 52.46080681)
3;2021;8;14;5;3;1;5;0;1;1;0;0;0;0;1;POINT (13.45661575 52.5477002)
3;2021;8;19;3;3;2;6;0;0;1;0;0;0;0;0;POINT (13.41592992 52.59031066)
1;2021;9;14;6;3;5;2;0;1;1;0;0;0;0;0;POINT (13.39590535 52.53242141)
4;2021;9;8;4;3;5;3;0;0;1;0;1;0;0;0;POINT (13.30726132 52.46855072)
8;2021;9;17;5;3;1;5;0;0;1;0;0;0;0;0;POINT (13.44528279 52.47659861)
2;2021;9;17;3;3;5;3;0;1;1;0;0;0;0;0;POINT (13.42634795 52.49932326)
1;2021;9;13;1;3;5;3;0;0;1;0;0;0;1;0;POINT (13.35886492 52.54647872)
11;2021;9;17;2;3;5;2;0;0;1;0;1;0;0;0;POINT (13.51563751 52.55937279)
1;2021;9;22;1;3;5;3;2;0;1;0;0;0;0;1;POINT (13.35224065 52.50638001)
1;2021;8;17;1;3;5;2;0;1;0;0;0;0;0;0;POINT (13.40392366 52.51537291)
7;2021;9;15;5;3;5;3;0;0;1;0;0;0;0;1;POINT (13.39569747 52.45433482)
1;2021;9;21;3;3;2;5;2;0;1;0;1;0;0;0;POINT (13.40093513 52.53010649)
2;2021;8;9;1;3;5;3;0;1;1;0;0;0;0;1;POINT (13.46995871 52.51240868)
8;2021;8;11;5;3;5;3;0;1;1;0;0;0;0;0;POINT (13.42828464 52.49350553)
4;2021;9;17;1;3;2;7;0;1;1;0;0;0;0;0;POINT (13.30633268 52.51001309)
4;2021;9;13;6;3;1;5;0;0;1;0;0;0;0;0;POINT (13.28907513 52.49512458)
12;2021;8;9;2;3;3;6;0;1;0;0;1;0;0;0;POINT (13.28634046 52.59119807)
8;2021;9;20;5;3;5;7;2;0;1;0;1;0;0;0;POINT (13.41978237 52.48012694)
9;2021;10;14;5;3;0;1;0;1;0;0;0;0;0;0;POINT (13.57139456 52.432103)
4;2021;9;18;2;3;5;2;0;1;1;0;0;0;0;0;POINT (13.32236525 52.4865411)
4;2021;9;22;3;3;5;3;2;0;1;0;1;0;0;0;POINT (13.32026984 52.47682666)
6;2021;9;15;2;3;6;4;0;0;1;1;0;0;0;0;POINT (13.35466829 52.44862023)
3;2021;8;7;4;3;6;4;0;0;1;1;0;0;0;0;POINT (13.43754674 52.57279051)
7;2021;8;15;2;3;2;6;0;0;0;0;1;0;1;0;POINT (13.39145082 52.39874878)
6;2021;9;19;5;3;1;1;1;1;1;0;0;0;0;0;POINT (13.29520518 52.46560081)
5;2021;9;15;3;3;6;4;0;0;1;1;0;0;0;0;POINT (13.18277466 52.5417028)
4;2021;9;16;2;3;0;1;0;1;0;0;0;0;0;0;POINT (13.28169787 52.50942013)
5;2021;9;17;1;3;5;7;0;0;1;0;0;0;1;0;POINT (13.17054755 52.51917307)
6;2021;9;11;3;3;5;3;0;0;1;0;0;0;0;0;POINT (13.15641433 52.41930083)
12;2021;9;12;6;3;2;2;0;0;1;0;0;0;0;1;POINT (13.36450159 52.56268184)
4;2021;8;20;6;2;6;7;0;0;0;1;0;0;1;0;POINT (13.31362954 52.50637337)
1;2021;9;12;4;2;5;7;0;0;1;0;1;0;0;0;POINT (13.32868808 52.52754908)
12;2021;9;13;5;3;6;4;0;0;1;1;0;0;0;0;POINT (13.36594724 52.5725092)
11;2021;9;16;3;2;2;6;0;0;1;0;0;0;0;1;POINT (13.47661561 52.53705192)
1;2021;9;15;3;3;2;6;0;0;1;0;0;0;1;1;POINT (13.3362894 52.54200617)
9;2021;8;5;5;3;2;6;2;0;1;0;0;0;0;1;POINT (13.50089946 52.43541806)
3;2021;8;14;3;3;5;3;0;1;0;0;1;0;0;0;POINT (13.42817829 52.54001286)
9;2021;9;7;5;3;5;2;0;1;1;0;0;0;0;0;POINT (13.54656777 52.42637728)
9;2021;9;8;4;3;2;6;0;0;1;0;0;0;0;0;POINT (13.59609523 52.45307253)
7;2021;9;21;2;2;3;6;2;0;1;0;1;0;0;0;POINT (13.36879289 52.49310228)
7;2021;9;12;1;3;6;7;0;0;0;1;0;0;1;0;POINT (13.39547614 52.38649685)
3;2021;9;18;4;2;6;4;0;0;1;1;0;0;0;0;POINT (13.39834843 52.56186881)
12;2021;9;15;1;3;0;4;0;0;0;1;1;0;0;0;POINT (13.35248126 52.56436598)
12;2021;9;15;7;3;3;2;0;0;1;0;1;0;0;0;POINT (13.33222911 52.59934415)
4;2021;8;10;1;3;3;6;0;0;1;0;0;0;0;1;POINT (13.27487212 52.50093571)
3;2021;9;7;4;3;6;2;0;0;0;1;0;0;1;0;POINT (13.45804043 52.52884581)
12;2021;9;18;5;3;5;2;0;0;1;0;1;0;0;0;POINT (13.29792589 52.57817777)
1;2021;9;19;3;3;0;1;2;0;0;0;1;0;0;1;POINT (13.38042577 52.54338753)
11;2021;9;10;4;3;0;5;0;0;0;0;0;0;1;0;POINT (13.50182331 52.53956545)
6;2021;8;13;6;2;2;7;0;1;1;0;0;0;0;0;POINT (13.18920194 52.45568991)
8;2021;8;16;3;3;5;2;0;1;1;0;0;0;0;0;POINT (13.44279651 52.46507742)
2;2021;9;1;6;2;5;2;2;1;1;0;0;0;0;0;POINT (13.38582718 52.48503473)
9;2021;9;11;6;3;5;2;0;0;1;0;1;0;0;1;POINT (13.58032793 52.45551642)
1;2021;9;13;2;3;5;3;0;0;1;0;0;0;0;0;POINT (13.35225598 52.50638376)
9;2021;9;19;1;3;6;7;1;0;1;1;0;0;0;0;POINT (13.6249352 52.45506086)
7;2021;9;9;2;3;1;5;0;1;1;0;0;0;0;0;POINT (13.38247596 52.46710119)
8;2021;8;13;1;3;1;5;0;1;1;0;0;0;0;1;POINT (13.43979197 52.48705821)
9;2021;9;18;5;3;2;6;0;0;1;0;0;0;0;1;POINT (13.56010716 52.44217626)
8;2021;9;8;3;3;2;6;0;0;1;0;0;0;0;0;POINT (13.42704296 52.48731213)
6;2021;9;7;2;3;1;5;0;1;1;0;0;0;0;0;POINT (13.34861458 52.45380803)
8;2021;9;2;1;3;0;7;2;0;1;0;0;0;0;0;POINT (13.42954255 52.48833395)
8;2021;9;20;3;3;5;3;2;0;1;0;1;0;0;0;POINT (13.42521179 52.49436474)
2;2021;9;23;1;3;1;1;2;0;1;0;0;0;0;0;POINT (13.44936158 52.49695608)
1;2021;9;13;1;3;5;2;0;1;1;0;0;0;0;0;POINT (13.40114241 52.51132464)
8;2021;8;19;7;3;5;3;0;0;1;0;1;0;0;1;POINT (13.4431377 52.48237247)
1;2021;9;15;4;3;6;7;0;1;0;1;0;0;0;0;POINT (13.35863576 52.54006808)
11;2021;9;0;6;2;8;1;2;0;0;0;1;0;0;0;POINT (13.51435636 52.57534909)
3;2021;9;12;4;3;5;3;0;1;1;0;0;0;0;0;POINT (13.40742984 52.56319222)
8;2021;9;21;4;3;5;2;2;0;1;0;0;0;0;0;POINT (13.4469518 52.42694596)
12;2021;8;16;6;3;5;2;0;0;1;0;0;0;0;0;POINT (13.34024766 52.57234638)
12;2021;8;16;3;3;1;5;0;1;1;0;0;0;0;0;POINT (13.31669819 52.56541068)
1;2021;9;14;6;3;5;3;0;1;1;0;0;0;0;0;POINT (13.41743077 52.51075348)
2;2021;9;18;5;3;0;6;1;1;1;0;0;0;0;0;POINT (13.46222583 52.51182864)
4;2021;9;7;3;3;5;3;0;0;1;0;1;0;0;0;POINT (13.30367646 52.52560952)
12;2021;9;16;1;3;5;2;0;0;1;0;0;0;1;0;POINT (13.33979275 52.58801476)
4;2021;9;9;2;3;5;2;0;0;1;0;0;0;1;0;POINT (13.30654876 52.48839044)
4;2021;9;9;1;3;5;2;0;1;1;0;0;0;0;0;POINT (13.28851765 52.51307615)
1;2021;8;14;1;3;5;3;0;1;1;0;0;0;0;0;POINT (13.3927737 52.56410348)
4;2021;9;19;5;3;2;6;1;0;1;0;0;0;1;1;POINT (13.33179809 52.50636586)
1;2021;9;20;3;3;1;5;2;0;1;0;1;0;0;0;POINT (13.39759698 52.52932405)
1;2021;8;12;1;3;5;2;0;1;0;0;0;1;0;1;POINT (13.36020818 52.53726411)
1;2021;8;15;4;2;5;3;0;1;1;0;0;0;0;0;POINT (13.37350147 52.52066335)
4;2021;9;16;1;3;6;4;0;1;0;1;0;0;0;0;POINT (13.30690379 52.50664069)
1;2021;9;19;5;3;5;3;0;0;1;0;0;0;0;0;POINT (13.36076457 52.54211549)
1;2021;8;19;2;3;1;5;1;1;1;0;0;0;0;0;POINT (13.3865007 52.53299416)
8;2021;9;14;6;2;1;5;0;1;1;0;0;0;0;0;POINT (13.43646173 52.47283644)
5;2021;9;6;4;2;1;5;0;0;1;0;1;0;0;0;POINT (13.1952443 52.54499311)
4;2021;8;12;4;3;1;5;0;1;1;0;0;0;0;0;POINT (13.32726211 52.50168783)
5;2021;9;20;2;2;3;6;2;0;1;0;1;0;0;0;POINT (13.16536321 52.53345106)
1;2021;9;12;2;3;2;6;0;0;1;0;1;0;0;1;POINT (13.41533113 52.52073779)
1;2021;8;5;4;3;2;2;1;1;1;0;0;0;0;1;POINT (13.39587447 52.53822801)
9;2021;8;17;2;3;5;3;0;1;1;0;0;0;0;0;POINT (13.57359682 52.40797058)
1;2021;9;15;5;3;6;4;0;1;0;1;0;0;0;0;POINT (13.33009854 52.52566646)
12;2021;9;9;4;2;5;2;0;0;0;0;0;0;1;0;POINT (13.36106186 52.57699024)
2;2021;9;16;2;3;5;2;0;0;1;0;1;0;0;0;POINT (13.41895194 52.49891343)
4;2021;9;19;7;3;0;6;2;0;1;0;0;0;1;0;POINT (13.30998333 52.50022389)
1;2021;9;18;3;3;2;2;0;1;1;0;0;0;0;0;POINT (13.39872563 52.53257852)
10;2021;9;16;1;3;5;3;0;0;1;0;0;0;0;0;POINT (13.58715221 52.51230004)
10;2021;9;17;7;3;5;5;0;1;1;0;0;0;0;0;POINT (13.58928927 52.52938698)
3;2021;8;18;6;3;9;1;0;0;1;0;0;0;0;0;POINT (13.44189077 52.54634347)
9;2021;9;6;5;3;3;2;1;0;1;0;1;0;0;0;POINT (13.54710823 52.43754653)
1;2021;9;6;5;3;0;1;1;0;0;0;1;0;0;1;POINT (13.39781514 52.53250941)
12;2021;9;18;3;3;5;3;0;0;1;0;0;0;0;1;POINT (13.36780414 52.60273431)
12;2021;9;21;3;3;0;7;2;0;0;0;1;0;0;0;POINT (13.29296909 52.55410982)
6;2021;8;7;5;3;2;6;0;0;1;0;0;0;0;1;POINT (13.35500144 52.42847859)
8;2021;8;14;3;3;5;3;0;1;1;0;0;0;0;0;POINT (13.47814138 52.41776108)
3;2021;9;16;5;3;2;1;0;0;1;0;0;0;0;0;POINT (13.47959863 52.6437939)
6;2021;9;12;5;3;6;4;0;1;0;1;0;0;0;0;POINT (13.34938628 52.44760386)
4;2021;9;12;2;3;5;3;0;1;1;0;0;0;0;0;POINT (13.29205741 52.47912109)
1;2021;9;14;1;3;0;7;0;0;0;0;1;0;0;0;POINT (13.38659406 52.5494802)
8;2021;9;11;4;3;5;7;0;0;1;0;1;0;0;0;POINT (13.44019441 52.43836515)
4;2021;9;15;2;3;5;3;0;0;1;0;0;0;0;0;POINT (13.26091664 52.51632075)
3;2021;9;10;2;3;1;5;0;1;1;0;0;0;0;1;POINT (13.43222459 52.6045062)
2;2021;8;12;7;3;3;6;0;1;0;0;0;0;0;0;POINT (13.44546121 52.50160845)
12;2021;9;17;5;3;2;6;0;0;1;0;0;0;0;1;POINT (13.2853763 52.59511993)
1;2021;9;5;7;2;5;3;2;0;1;0;0;0;0;0;POINT (13.3452798 52.55439835)
4;2021;9;13;4;3;5;2;0;0;0;0;0;0;1;0;POINT (13.32269588 52.48847653)
5;2021;9;15;4;2;5;5;0;0;1;0;1;0;0;0;POINT (13.1793075 52.50157813)
4;2021;9;14;5;2;5;2;0;1;0;0;0;0;1;0;POINT (13.29624147 52.49789702)
9;2021;8;15;6;3;1;5;0;1;1;0;0;0;0;0;POINT (13.54668859 52.45727412)
11;2021;8;7;3;2;0;1;0;1;0;0;0;0;0;0;POINT (13.49995669 52.53275957)
3;2021;9;15;7;3;2;6;0;0;1;0;1;0;0;0;POINT (13.43128811 52.60248309)
4;2021;9;21;6;3;0;6;2;0;1;0;0;0;1;0;POINT (13.31974882 52.50156969)
9;2021;8;5;2;3;5;2;1;1;0;0;0;0;1;1;POINT (13.48838575 52.45135807)
12;2021;9;23;5;3;5;3;2;0;1;0;0;0;1;0;POINT (13.28585064 52.5949705)
4;2021;10;8;5;3;2;6;0;0;1;0;1;0;0;0;POINT (13.27567116 52.50750602)
4;2021;9;14;2;3;5;2;0;1;1;0;0;0;0;0;POINT (13.33109482 52.49316084)
1;2021;9;8;3;3;5;3;0;1;1;0;0;0;0;0;POINT (13.37863148 52.52755817)
5;2021;9;20;2;3;6;2;2;0;1;1;0;0;0;0;POINT (13.19814752 52.53279468)
1;2021;8;14;1;3;0;1;0;0;0;0;1;0;0;0;POINT (13.37117024 52.51112167)
5;2021;9;7;5;3;5;2;0;1;1;0;0;0;0;0;POINT (13.18873272 52.54661218)
11;2021;8;13;1;3;5;3;0;0;1;0;0;0;0;1;POINT (13.52072617 52.56875755)
12;2021;8;7;5;3;5;3;0;1;1;0;0;0;0;1;POINT (13.35423472 52.56506512)
8;2021;9;19;1;3;2;6;0;0;1;0;0;0;1;0;POINT (13.42806602 52.4929937)
1;2021;9;3;6;3;5;3;2;0;1;0;0;0;1;0;POINT (13.34534697 52.52999932)
11;2021;9;10;3;3;1;5;0;1;1;0;0;0;0;0;POINT (13.47700586 52.52027214)
3;2021;9;13;7;3;0;7;0;0;0;0;1;0;0;1;POINT (13.41905403 52.55507651)
9;2021;8;11;5;3;2;6;0;0;1;0;0;0;1;0;POINT (13.53757158 52.41869695)
2;2021;9;15;3;3;5;3;0;1;1;0;0;0;0;0;POINT (13.39720479 52.50023241)
5;2021;9;12;5;3;8;1;0;0;0;0;0;0;1;0;POINT (13.24882489 52.55123346)
8;2021;9;15;3;3;5;3;0;1;1;0;0;0;0;1;POINT (13.48229043 52.42484176)
3;2021;9;15;3;3;5;3;0;1;1;0;0;0;0;1;POINT (13.44291606 52.57047005)
10;2021;8;17;4;3;2;6;0;0;1;0;0;0;0;1;POINT (13.6059846 52.5354009)
4;2021;8;16;2;3;2;6;0;0;1;0;0;0;0;0;POINT (13.32358881 52.52134677)
1;2021;9;19;6;2;0;1;1;0;0;0;0;0;1;0;POINT (13.33575943 52.54192392)
12;2021;9;15;3;3;2;2;0;1;0;0;0;0;1;0;POINT (13.30010109 52.58639318)
6;2021;9;15;2;3;1;5;0;1;1;0;0;0;0;0;POINT (13.34707658 52.43702357)
7;2021;9;3;7;3;1;5;2;0;1;0;0;0;1;0;POINT (13.34699421 52.4974021)
8;2021;8;10;1;3;2;6;0;0;1;0;0;0;0;1;POINT (13.43138258 52.46739282)
9;2021;8;15;5;3;5;3;0;1;1;0;0;0;0;0;POINT (13.57094157 52.38964869)
12;2021;9;14;1;2;6;4;0;0;1;1;0;0;0;0;POINT (13.31579726 52.57448769)
1;2021;9;10;6;3;5;2;0;1;1;0;0;0;0;1;POINT (13.34647932 52.53042807)
1;2021;8;16;2;3;2;7;0;0;1;0;0;0;0;0;POINT (13.35834648 52.54582129)
12;2021;9;19;7;3;5;3;2;0;1;0;0;0;0;0;POINT (13.28033163 52.63013657)
12;2021;8;20;5;3;1;1;2;0;1;0;1;0;0;0;POINT (13.37749566 52.57106694)
1;2021;9;17;4;3;1;5;0;1;1;0;0;0;0;0;POINT (13.3475077 52.55308501)
2;2021;9;16;4;3;5;2;0;1;1;0;0;0;0;0;POINT (13.44657492 52.50272511)
4;2021;9;14;3;3;5;2;0;0;1;0;1;0;0;0;POINT (13.31942963 52.50157071)
8;2021;9;8;3;2;6;2;0;0;0;1;0;0;1;0;POINT (13.43895061 52.48040291)
7;2021;8;22;3;3;5;2;2;0;1;0;0;0;0;1;POINT (13.38563342 52.46573207)
3;2021;8;13;2;3;5;2;0;1;1;0;0;0;0;0;POINT (13.41144072 52.58222236)
1;2021;9;11;5;3;5;3;0;0;1;0;0;0;0;0;POINT (13.39164762 52.52217558)
8;2021;9;22;4;3;6;4;2;0;1;1;0;0;0;1;POINT (13.45849573 52.47365066)
11;2021;9;16;2;3;5;5;0;0;1;0;1;0;0;0;POINT (13.49780202 52.50925243)
3;2021;9;6;1;3;5;3;0;1;1;0;0;0;0;0;POINT (13.42306486 52.55116982)
9;2021;9;15;4;3;5;2;0;1;1;0;0;0;0;0;POINT (13.50631064 52.43748328)
2;2021;9;10;1;3;0;6;0;0;1;0;1;0;0;0;POINT (13.3949388 52.50344884)
4;2021;9;15;4;3;2;6;0;0;1;0;1;0;0;0;POINT (13.28022834 52.51832366)
8;2021;9;11;7;3;1;5;0;1;1;0;0;0;0;0;POINT (13.43513356 52.4708303)
2;2021;8;12;6;3;2;2;0;0;1;0;1;0;0;0;POINT (13.37660622 52.48503447)
2;2021;9;23;4;3;4;6;2;1;0;0;0;0;1;0;POINT (13.37934287 52.49047739)
5;2021;9;14;6;3;2;6;0;0;1;0;1;0;0;1;POINT (13.20314919 52.52374205)
1;2021;9;20;3;3;0;6;2;0;1;0;1;0;0;1;POINT (13.34725266 52.55322801)
5;2021;9;19;3;3;2;6;2;0;1;0;0;0;0;1;POINT (13.15419043 52.52187116)
1;2021;8;17;5;3;5;2;0;1;1;0;0;0;0;0;POINT (13.38262574 52.5518769)
10;2021;9;12;5;3;2;6;0;0;1;0;1;0;0;0;POINT (13.57782421 52.54787248)
3;2021;8;18;3;2;0;7;0;0;0;0;0;0;1;0;POINT (13.40705002 52.54713042)
5;2021;9;9;6;3;4;6;0;0;0;0;0;0;1;0;POINT (13.20436871 52.54016712)
3;2021;9;11;5;2;0;1;0;0;1;0;0;0;0;0;POINT (13.44434085 52.55784122)
3;2021;9;12;2;3;2;4;0;0;1;1;0;0;0;0;POINT (13.40608869 52.55409562)
2;2021;9;14;1;3;5;2;0;1;0;0;0;0;1;0;POINT (13.43288609 52.51783677)
3;2021;8;9;1;3;0;2;0;1;0;0;1;0;0;1;POINT (13.39071347 52.58428849)
10;2021;9;19;1;3;2;6;2;0;1;0;0;0;0;0;POINT (13.55365858 52.54402666)
7;2021;9;10;2;3;5;3;0;0;1;0;0;0;0;1;POINT (13.39582767 52.45430844)
2;2021;8;12;1;3;1;1;0;0;0;0;0;0;1;1;POINT (13.45713406 52.51299573)
8;2021;9;16;5;3;1;5;1;0;1;0;0;0;0;1;POINT (13.47601176 52.42566052)
10;2021;9;14;7;3;0;3;0;0;1;0;0;0;1;0;POINT (13.53829843 52.55423176)
4;2021;9;15;4;3;5;2;0;0;1;0;1;0;0;0;POINT (13.33101032 52.49313699)
11;2021;8;16;1;3;2;7;0;0;1;0;0;0;0;1;POINT (13.51906518 52.5083538)
1;2021;8;18;6;2;6;2;0;1;0;1;0;0;0;1;POINT (13.40248388 52.52375068)
3;2021;9;7;1;3;2;3;0;1;1;0;0;0;0;0;POINT (13.41150058 52.58213996)
9;2021;9;10;7;3;5;3;0;1;1;0;0;0;0;0;POINT (13.65355155 52.41678492)
8;2021;8;9;2;3;0;2;0;1;1;0;0;0;0;1;POINT (13.40632409 52.4158214)
7;2021;9;15;5;3;3;6;0;1;1;0;0;0;0;0;POINT (13.35592602 52.45736953)
11;2021;10;19;5;3;5;3;2;0;1;0;0;0;0;0;POINT (13.4828423 52.52665003)
6;2021;9;15;2;3;5;2;0;1;1;0;0;0;0;0;POINT (13.2983725 52.42200711)
11;2021;9;10;2;3;2;6;0;0;1;0;0;0;0;0;POINT (13.53561726 52.57052708)
1;2021;9;12;2;2;0;1;0;1;0;0;0;0;0;1;POINT (13.40593384 52.53487344)
6;2021;8;17;2;3;5;3;2;0;1;0;1;0;0;0;POINT (13.26764951 52.40700853)
8;2021;9;18;5;3;3;6;0;1;1;0;0;0;0;0;POINT (13.46484097 52.43331181)
6;2021;9;8;2;3;5;2;0;1;1;0;0;0;0;0;POINT (13.31560634 52.443093)
1;2021;9;22;5;3;5;3;2;0;1;0;0;0;0;1;POINT (13.39034838 52.50775008)
1;2021;9;9;3;3;5;2;0;1;1;0;0;0;0;0;POINT (13.40431076 52.5331369)
12;2021;9;15;4;3;6;7;0;0;0;1;0;0;1;0;POINT (13.29693747 52.59016541)
11;2021;9;12;6;3;1;5;0;1;1;0;0;0;0;0;POINT (13.50956223 52.57334332)
11;2021;8;17;6;3;5;2;0;0;1;0;1;0;0;0;POINT (13.48548729 52.52324874)
2;2021;9;17;4;3;5;2;0;0;1;0;1;0;0;0;POINT (13.40927441 52.50177399)
1;2021;9;7;4;3;5;3;0;1;1;0;0;0;0;0;POINT (13.35848914 52.50165381)
12;2021;9;14;2;3;5;3;0;1;1;0;0;0;0;0;POINT (13.34660939 52.56858154)
2;2021;9;12;3;2;5;3;0;0;1;0;1;0;0;1;POINT (13.43213583 52.49931723)