bez;ujahr;umonat;ustunde;uwochentag;ukategorie;uart;utyp1;ulichtverh;istrad;istpkw;istfuss;istkrad;istgkfz;istsonstige;ustrzustand;geometry
12;2021;8;14;4;3;6;4;0;0;1;1;0;0;0;1;POINT (13.32520721 52.57378107)
4;2021;8;12;2;3;5;3;0;0;1;0;1;0;0;0;POINT (13.25439071 52.50679227)
12;2021;9;20;6;3;2;6;2;1;1;0;0;0;0;0;POINT (13.35141838 52.57168553)
2;2021;9;16;4;3;6;7;0;0;0;1;0;0;1;0;POINT (13.4683078 52.49947874)
4;2021;9;11;2;3;0;4;0;0;0;1;0;0;1;0;POINT (13.30941448 52.50016579)
9;2021;9;18;6;3;5;2;0;1;1;0;0;0;0;1;POINT (13.51403473 52.46231914)
8;2021;9;23;3;3;1;5;2;1;1;0;0;0;0;0;POINT (13.42669268 52.48102865)
5;2021;9;19;1;3;5;2;1;0;1;0;0;0;0;0;POINT (13.1996259 52.53462731)
4;2021;9;8;7;2;5;3;0;1;1;0;0;0;0;0;POINT (13.31502943 52.52456027)
2;2021;8;10;7;3;5;3;0;0;1;0;0;0;1;0;POINT (13.45786823 52.51285863)
8;2021;9;16;4;3;0;7;0;0;1;0;1;0;0;1;POINT (13.44162321 52.48103941)
1;2021;9;19;5;3;3;6;2;0;1;0;1;0;0;0;POINT (13.34245397 52.51784276)
11;2021;9;18;3;2;0;1;0;0;0;0;1;0;0;1;POINT (13.49945292 52.54773403)
12;2021;9;10;4;3;2;6;0;0;1;0;0;1;0;1;POINT (13.28704277 52.5755934)
8;2021;8;8;5;3;3;6;0;0;1;0;0;1;0;1;POINT (13.42831602 52.47309166)
5;2021;8;14;3;2;5;3;0;0;0;0;0;1;1;0;POINT (13.20990581 52.55072564)
5;2021;9;7;1;3;5;2;0;1;1;0;0;0;0;0;POINT (13.18027282 52.50918382)
8;2021;8;18;1;3;6;4;1;0;1;1;0;0;0;0;POINT (13.44297218 52.47128139)
4;2021;9;2;4;2;0;1;2;0;0;0;0;0;1;0;POINT (13.31246296 52.50332926)
5;2021;9;15;4;3;2;6;0;0;0;0;1;1;0;0;POINT (13.19964291 52.53511142)
6;2021;9;9;3;3;0;1;0;0;0;0;1;0;0;0;POINT (13.32067992 52.45676134)
2;2021;9;16;1;3;0;2;0;1;1;0;0;0;0;0;POINT (13.38582718 52.48503473)
1;2021;8;16;7;3;3;6;0;0;1;0;0;0;0;1;POINT (13.35105691 52.50411973)
11;2021;9;22;2;2;8;1;2;0;1;0;0;0;0;1;POINT (13.48264881 52.53919699)
2;2021;9;9;1;3;5;3;0;1;0;0;0;0;1;0;POINT (13.40526428 52.49052142)
1;2021;8;8;2;3;5;2;0;1;1;0;0;0;0;0;POINT (13.38904542 52.51567389)
7;2021;9;17;5;3;5;3;1;0;1;0;0;0;0;1;POINT (13.37220055 52.45549387)
6;2021;9;20;3;2;5;2;1;1;0;0;1;0;0;0;POINT (13.32385312 52.45609006)
2;2021;8;13;7;2;3;6;0;0;1;0;0;0;0;1;POINT (13.39358492 52.49811321)
3;2021;9;9;3;3;0;2;0;1;1;0;0;0;0;0;POINT (13.41209503 52.5431422)
4;2021;9;12;1;3;5;7;0;0;1;0;0;0;0;0;POINT (13.31076826 52.48915039)
10;2021;9;15;7;3;2;6;0;0;1;0;0;0;0;0;POINT (13.57925124 52.56355994)
11;2021;8;10;6;2;5;3;0;0;1;0;0;0;0;0;POINT (13.5197046 52.57860227)
4;2021;9;9;5;3;5;3;0;1;1;0;0;0;0;0;POINT (13.31162276 52.52331999)
10;2021;9;17;5;3;2;6;0;0;1;0;0;0;0;0;POINT (13.59635276 52.54783838)
8;2021;9;20;3;3;1;5;2;1;1;0;0;0;0;1;POINT (13.43931144 52.48218523)
1;2021;9;14;4;3;5;2;0;1;1;0;0;0;0;0;POINT (13.37042758 52.53425731)
11;2021;8;17;4;3;0;1;0;1;0;0;0;0;0;1;POINT (13.47936984 52.52040768)
7;2021;8;11;2;2;0;1;0;0;0;0;0;0;1;1;POINT (13.38177695 52.39694539)
3;2021;9;3;7;3;0;1;2;0;0;0;0;0;1;0;POINT (13.42021803 52.54207081)
4;2021;9;15;4;3;1;5;0;0;1;0;0;0;1;0;POINT (13.28824725 52.49574835)
5;2021;9;16;2;3;2;6;0;0;1;0;1;0;0;0;POINT (13.2470158 52.5438962)
1;2021;9;11;1;3;0;7;0;0;1;0;1;0;0;0;POINT (13.342421 52.50474767)
10;2021;8;19;7;3;5;3;2;0;1;0;0;0;0;1;POINT (13.59668647 52.52459333)
8;2021;9;8;2;3;5;2;0;1;1;0;0;0;0;0;POINT (13.45463718 52.47464192)
3;2021;9;18;1;3;1;5;1;1;1;0;0;0;0;0;POINT (13.39828275 52.56881866)
11;2021;8;5;1;3;2;6;1;0;1;0;0;0;0;1;POINT (13.48043609 52.49909733)
1;2021;9;12;5;2;5;2;0;1;1;0;0;0;0;0;POINT (13.35947746 52.5232911)
5;2021;9;15;6;3;5;3;0;0;1;0;1;0;0;1;POINT (13.20260442 52.52376352)
2;2021;9;2;4;2;0;7;2;1;0;0;0;0;0;1;POINT (13.39907638 52.49455826)
4;2021;8;20;7;3;6;2;2;0;1;1;0;0;0;1;POINT (13.33954912 52.50324634)
9;2021;10;12;5;2;6;4;0;0;1;1;0;0;0;0;POINT (13.49987743 52.44026528)
1;2021;8;3;7;3;9;1;2;0;1;0;0;0;0;1;POINT (13.37900911 52.55291936)
9;2021;9;16;1;3;5;2;0;1;1;0;0;0;0;0;POINT (13.52614594 52.42378425)
7;2021;9;21;7;2;1;5;2;0;1;0;0;0;1;0;POINT (13.3463179 52.40591057)
5;2021;8;17;2;2;6;4;0;0;0;1;0;0;1;0;POINT (13.19770746 52.53228023)
4;2021;9;10;5;3;5;2;0;1;1;0;0;0;0;0;POINT (13.32318568 52.48739394)
3;2021;9;6;4;3;6;4;1;0;1;1;0;0;0;0;POINT (13.43013981 52.60964338)
5;2021;9;17;2;3;5;2;0;1;1;0;0;0;0;0;POINT (13.15780108 52.5430001)
8;2021;9;16;2;3;6;4;0;0;0;1;0;0;1;0;POINT (13.43380891 52.48976879)
9;2021;9;10;3;3;6;4;0;0;1;1;0;0;0;1;POINT (13.45280329 52.48976783)
8;2021;8;17;1;3;5;3;0;1;1;0;0;0;0;0;POINT (13.46416645 52.47247479)
7;2021;9;10;5;2;1;5;0;0;1;0;0;0;0;0;POINT (13.37974882 52.44163853)
2;2021;9;16;2;3;5;2;0;0;1;0;0;0;1;0;POINT (13.41606073 52.49097185)
1;2021;9;6;2;3;0;2;0;1;1;0;0;0;0;0;POINT (13.3911517 52.53620723)
6;2021;9;14;5;2;5;3;0;1;1;0;0;0;0;1;POINT (13.34026451 52.43615629)
3;2021;9;13;3;2;3;6;0;0;1;0;1;0;0;0;POINT (13.42828173 52.54553956)
4;2021;9;11;4;3;6;7;0;0;1;1;0;0;0;0;POINT (13.33533009 52.50402833)
8;2021;9;20;6;3;6;2;2;0;1;1;0;0;0;0;POINT (13.46731262 52.46858704)
9;2021;8;15;6;3;0;6;0;0;1;0;0;0;1;0;POINT (13.57840514 52.45751601)
4;2021;9;16;4;3;5;2;0;1;1;0;0;0;0;0;POINT (13.31075136 52.49507015)
7;2021;9;23;4;3;1;5;2;1;1;0;0;0;0;0;POINT (13.35070236 52.49657876)
8;2021;9;7;3;3;0;2;0;1;1;0;0;0;0;0;POINT (13.44713225 52.42701187)
6;2021;9;13;3;3;1;5;0;0;1;0;0;0;0;1;POINT (13.30293005 52.41245306)
5;2021;8;7;5;3;6;2;0;0;1;1;0;0;0;1;POINT (13.14154062 52.53234699)
1;2021;8;12;2;3;7;7;0;0;0;0;1;0;0;0;POINT (13.377395 52.51456955)
4;2021;9;21;5;2;4;6;2;1;0;0;0;0;1;0;POINT (13.30958289 52.50659147)
11;2021;9;19;3;3;6;4;2;0;1;1;0;0;0;0;POINT (13.49129363 52.50260554)
6;2021;9;21;2;3;5;2;2;0;1;0;1;0;0;0;POINT (13.30966292 52.43132145)
3;2021;9;17;6;3;0;5;0;0;0;1;0;0;1;1;POINT (13.41646088 52.54728581)
1;2021;9;13;4;3;6;7;0;1;0;1;0;0;0;0;POINT (13.37976069 52.55292007)
1;2021;9;17;1;3;2;6;0;0;1;0;0;0;0;0;POINT (13.33809898 52.52645384)
4;2021;9;3;7;3;0;1;2;0;0;0;0;0;1;0;POINT (13.29430412 52.51421019)
5;2021;8;7;1;3;0;1;0;0;0;0;1;0;0;1;POINT (13.17797768 52.53928619)
1;2021;9;9;4;3;2;6;0;0;1;0;0;0;1;0;POINT (13.4169648 52.52615736)
4;2021;9;9;5;3;6;4;0;1;0;1;0;0;0;0;POINT (13.32550135 52.50936927)
1;2021;9;17;3;3;2;7;0;0;0;0;0;0;1;1;POINT (13.35348114 52.5022005)
6;2021;9;12;4;2;6;7;0;1;1;1;0;0;0;0;POINT (13.25766214 52.45134948)
5;2021;8;19;5;3;5;2;0;0;1;0;0;0;0;0;POINT (13.22723591 52.54947077)
6;2021;8;16;3;2;4;6;0;1;0;0;0;0;1;0;POINT (13.3453387 52.43665826)
11;2021;9;15;7;3;3;6;0;0;1;0;0;0;1;0;POINT (13.47098152 52.53180889)
9;2021;9;14;4;3;5;3;0;1;1;0;0;0;0;0;POINT (13.47720769 52.46222378)
3;2021;9;10;3;3;2;6;0;0;1;0;0;0;0;0;POINT (13.4480859 52.56470853)
6;2021;9;20;1;3;5;2;1;1;0;0;0;0;1;0;POINT (13.31684156 52.42580352)
3;2021;9;14;2;3;2;2;0;0;1;0;0;0;0;0;POINT (13.44266724 52.55105777)
8;2021;9;14;2;3;5;3;0;0;1;0;1;0;0;1;POINT (13.48694538 52.42282699)
7;2021;8;8;2;3;2;6;0;0;1;0;0;0;0;0;POINT (13.32855372 52.4743504)
11;2021;9;15;5;2;5;2;0;1;0;0;0;1;0;1;POINT (13.4757824 52.53302318)
4;2021;9;0;3;3;1;7;2;0;1;0;0;0;0;0;POINT (13.31430206 52.51504812)
3;2021;8;19;1;2;8;1;2;0;1;0;0;0;0;1;POINT (13.40371866 52.5514087)
12;2021;8;11;5;3;5;3;0;1;0;0;0;0;1;1;POINT (13.28805651 52.58888729)
2;2021;9;13;1;3;5;2;0;1;1;0;0;0;0;0;POINT (13.41104101 52.50349606)
10;2021;9;13;6;3;2;6;0;0;1;0;0;0;0;0;POINT (13.56192017 52.50996299)
7;2021;9;16;4;3;5;3;0;0;1;0;0;0;0;0;POINT (13.37209294 52.45560354)
1;2021;9;20;5;3;5;2;2;1;1;0;0;0;0;0;POINT (13.36033767 52.53724679)
10;2021;9;18;2;2;5;2;0;0;1;0;1;0;0;0;POINT (13.58886296 52.53933319)
2;2021;9;12;3;3;1;5;0;1;1;0;0;0;0;0;POINT (13.46084627 52.51224246)
5;2021;9;19;2;3;0;1;1;1;0;0;0;0;0;0;POINT (13.18290274 52.48569168)
1;2021;8;12;4;2;5;3;0;0;1;0;1;0;0;0;POINT (13.38744255 52.53341242)
3;2021;8;14;2;3;3;6;0;0;1;0;0;1;0;0;POINT (13.43035283 52.55127659)
8;2021;9;18;5;3;5;3;0;1;1;0;0;0;0;0;POINT (13.45910324 52.44043489)
12;2021;9;19;3;3;5;2;2;0;1;0;0;0;0;0;POINT (13.30699723 52.55507817)
6;2021;9;7;2;3;1;5;0;1;1;0;0;0;0;0;POINT (13.34861498 52.45381062)
1;2021;9;0;7;3;2;6;2;1;1;0;0;0;0;1;POINT (13.35843153 52.50096756)
8;2021;9;16;3;3;2;2;0;0;1;0;1;0;0;0;POINT (13.45422953 52.48248861)
2;2021;9;13;7;3;5;2;0;1;1;0;0;0;0;0;POINT (13.38970239 52.49591504)
6;2021;8;11;6;3;5;3;0;1;1;0;0;0;0;0;POINT (13.27987357 52.43966441)
12;2021;9;13;4;3;2;6;0;0;1;0;0;0;0;0;POINT (13.27886433 52.63001409)
3;2021;8;13;5;3;5;2;0;1;1;0;0;0;0;0;POINT (13.42743193 52.53617257)
6;2021;9;11;1;2;5;2;0;1;1;0;0;0;0;0;POINT (13.2958022 52.45102438)
8;2021;9;21;7;3;5;3;2;0;1;0;0;0;0;0;POINT (13.45234529 52.48129335)
2;2021;8;18;2;3;3;6;0;0;1;0;1;0;0;0;POINT (13.38427626 52.484988)
10;2021;9;17;4;3;0;1;0;1;0;0;0;0;0;0;POINT (13.54540069 52.52585725)
7;2021;9;16;5;3;5;2;0;1;1;0;0;0;0;0;POINT (13.36039807 52.49038472)
6;2021;10;11;5;2;2;6;0;0;1;0;0;0;0;0;POINT (13.30085769 52.42072182)
1;2021;9;10;2;3;6;4;0;0;1;1;0;0;0;0;POINT (13.37629621 52.53599467)
1;2021;9;11;3;3;5;3;0;1;1;0;0;0;0;0;POINT (13.39292146 52.5274667)
11;2021;9;7;2;3;2;6;0;0;1;0;0;0;0;0;POINT (13.48664247 52.50218244)
8;2021;8;10;4;3;3;6;0;0;0;0;1;0;1;0;POINT (13.44865011 52.45237514)
1;2021;8;19;2;3;5;3;1;1;1;0;0;0;0;0;POINT (13.39896173 52.5082284)
10;2021;9;18;5;3;5;2;0;1;1;0;0;0;0;0;POINT (13.52000596 52.52583451)
8;2021;9;12;2;3;5;7;0;0;1;0;1;0;0;0;POINT (13.45588592 52.47385267)
11;2021;9;16;2;3;6;2;0;0;1;1;0;0;0;0;POINT (13.45903231 52.526127)
1;2021;9;21;6;3;6;7;2;0;1;1;0;0;0;0;POINT (13.35801789 52.53533541)
5;2021;9;14;3;3;5;2;0;0;1;0;0;0;0;0;POINT (13.22886241 52.53791985)
1;2021;9;23;4;2;5;3;2;1;1;0;0;0;0;0;POINT (13.42615181 52.51590111)
8;2021;9;11;7;3;3;6;0;0;1;0;1;0;0;0;POINT (13.47280256 52.464791)
10;2021;8;13;6;3;5;2;0;1;1;0;0;0;0;0;POINT (13.58391293 52.52435901)
3;2021;9;17;4;3;0;3;0;1;1;0;0;0;0;0;POINT (13.40765788 52.57391013)
3;2021;9;23;4;3;1;7;2;1;1;0;0;0;0;0;POINT (13.41828686 52.54436777)
9;2021;9;10;3;3;5;3;0;1;1;0;0;0;0;0;POINT (13.48401852 52.46323846)
1;2021;9;17;3;3;5;2;0;1;1;0;0;0;0;1;POINT (13.39294318 52.52750274)
2;2021;8;0;5;2;0;1;2;0;0;0;0;0;1;1;POINT (13.42961039 52.51753496)
2;2021;8;16;3;3;5;3;0;0;1;0;0;0;1;0;POINT (13.4439633 52.50011805)
2;2021;9;15;6;3;5;7;0;0;1;0;1;0;0;0;POINT (13.45615431 52.50991382)
6;2021;9;9;4;3;3;2;0;1;1;0;0;0;0;0;POINT (13.33345463 52.42993908)
6;2021;9;13;2;3;2;6;0;0;1;0;0;0;0;0;POINT (13.32031703 52.4299479)
9;2021;9;14;7;2;0;6;0;0;1;0;1;0;0;0;POINT (13.55937293 52.44233774)
11;2021;9;21;3;2;0;4;2;0;0;1;0;0;1;0;POINT (13.52284599 52.56627042)
9;2021;9;14;1;2;5;2;0;0;0;0;1;0;0;0;POINT (13.46407995 52.48186802)
1;2021;9;8;1;2;5;3;0;1;0;0;0;1;0;0;POINT (13.34755446 52.51552395)
3;2021;8;7;1;3;0;7;0;0;0;1;0;0;1;1;POINT (13.41054166 52.55160944)
12;2021;9;7;5;3;1;5;0;0;1;0;0;0;0;0;POINT (13.29892784 52.59862609)
1;2021;9;7;5;3;5;3;0;0;1;0;1;0;0;0;POINT (13.42230685 52.50544939)
4;2021;9;17;3;3;5;3;0;0;1;0;0;0;0;1;POINT (13.24050922 52.51192355)
8;2021;9;19;4;2;5;2;2;0;1;0;1;0;0;0;POINT (13.45589792 52.47384675)
5;2021;8;14;6;2;5;2;0;0;1;0;1;0;0;0;POINT (13.17430652 52.56024172)
4;2021;8;15;3;3;4;6;0;1;0;0;0;0;1;0;POINT (13.27780769 52.50681307)
4;2021;9;23;6;3;8;1;2;0;1;0;0;0;0;0;POINT (13.28135219 52.48300007)
2;2021;9;16;4;3;5;3;0;1;1;0;0;0;0;0;POINT (13.43041803 52.51137076)
6;2021;9;10;6;3;2;6;0;0;1;0;0;0;0;0;POINT (13.36480683 52.42833401)
7;2021;9;17;3;2;0;7;0;1;0;0;0;0;0;0;POINT (13.34670263 52.50145008)
9;2021;9;18;2;3;2;6;0;1;0;0;0;0;1;0;POINT (13.5676082 52.44501868)
11;2021;9;15;2;3;5;3;0;1;0;0;1;0;0;0;POINT (13.47668915 52.50095021)
2;2021;9;22;1;3;1;5;2;0;1;0;0;0;1;0;POINT (13.38993278 52.50446812)
11;2021;8;7;2;3;3;6;1;0;1;0;1;0;0;0;POINT (13.47877345 52.53781664)
1;2021;9;15;5;3;6;4;0;0;1;1;0;0;0;1;POINT (13.34305652 52.50484167)
11;2021;9;16;3;3;4;6;0;1;0;0;0;0;0;0;POINT (13.48960553 52.5120984)
3;2021;8;14;1;3;2;6;0;0;1;0;0;0;0;1;POINT (13.42040899 52.54210583)
10;2021;8;11;5;3;5;2;0;1;1;0;0;0;0;0;POINT (13.59189092 52.54566404)
8;2021;9;12;1;3;1;5;0;1;1;0;0;0;0;0;POINT (13.44485321 52.48714374)
2;2021;9;21;6;3;0;3;2;1;1;0;0;0;0;0;POINT (13.40489389 52.50473896)
5;2021;8;7;2;3;6;7;0;0;0;1;0;0;1;0;POINT (13.21854525 52.52523809)
2;2021;9;16;4;2;5;2;0;1;0;0;0;0;0;0;POINT (13.43567086 52.49167242)
11;2021;9;14;7;3;1;5;0;1;0;0;0;0;1;0;POINT (13.49026954 52.526567)
5;2021;8;6;4;3;5;3;1;0;1;0;0;0;1;0;POINT (13.18020203 52.53401772)
6;2021;9;16;3;3;5;2;0;1;1;0;0;0;0;0;POINT (13.33898646 52.46452439)
10;2021;9;15;5;3;5;2;0;1;1;0;0;0;0;0;POINT (13.59030417 52.52954725)
10;2021;9;15;3;3;6;4;0;0;0;1;0;1;0;1;POINT (13.59143332 52.53136047)
3;2021;9;11;3;1;0;7;0;1;0;0;0;0;0;1;POINT (13.50228673 52.63755925)
7;2021;8;17;4;3;5;3;0;1;0;0;0;1;0;1;POINT (13.37821452 52.45199142)
3;2021;8;19;2;2;3;6;0;1;0;0;0;0;1;0;POINT (13.42881873 52.57933285)
1;2021;9;16;5;3;6;7;0;1;0;1;0;0;0;0;POINT (13.36496074 52.49942478)
8;2021;9;21;4;3;1;5;2;1;1;0;0;0;0;1;POINT (13.44362836 52.46423119)
4;2021;9;16;2;2;6;4;0;0;1;1;0;0;0;0;POINT (13.31199389 52.5178085)
2;2021;9;18;6;3;3;2;0;0;1;0;1;0;0;1;POINT (13.43054008 52.49926228)
12;2021;8;15;2;2;6;4;0;1;0;1;0;0;0;0;POINT (13.3324225 52.57677846)
8;2021;9;16;1;3;5;2;0;0;1;0;0;0;1;0;POINT (13.43682438 52.46516139)
8;2021;9;18;7;3;5;3;0;0;1;0;0;0;0;0;POINT (13.49857952 52.41038462)
1;2021;8;15;7;3;5;7;0;0;1;0;1;0;0;1;POINT (13.35468241 52.51704365)
10;2021;9;6;5;3;2;2;0;0;1;0;1;0;0;0;POINT (13.58874428 52.53932441)
5;2021;9;14;6;3;1;5;0;0;1;0;0;0;1;0;POINT (13.20869608 52.56246649)
12;2021;9;8;4;3;5;7;0;1;1;0;0;0;0;0;POINT (13.31719052 52.56894477)
4;2021;9;17;3;3;2;2;0;0;1;0;0;0;0;1;POINT (13.27942445 52.53803964)
11;2021;8;15;5;2;0;1;0;0;0;0;1;0;0;1;POINT (13.500282 52.54816581)
4;2021;8;17;3;3;1;5;0;0;1;0;0;0;1;0;POINT (13.32487129 52.50252474)
12;2021;9;12;5;3;2;6;0;0;1;0;0;0;0;0;POINT (13.31225868 52.56791791)
7;2021;9;8;4;3;0;1;0;0;0;0;0;0;1;0;POINT (13.34345043 52.47115609)
2;2021;9;15;5;3;5;2;0;1;1;0;0;0;0;0;POINT (13.38408115 52.49521011)
10;2021;9;13;3;3;6;4;0;0;1;1;0;0;0;0;POINT (13.58692039 52.54897129)
2;2021;9;8;1;2;2;6;0;0;1;0;0;1;0;0;POINT (13.46655378 52.50109288)
10;2021;9;12;4;3;5;2;0;1;1;0;0;0;0;0;POINT (13.59195838 52.54584546)
8;2021;9;8;2;3;5;3;0;1;1;0;0;0;0;0;POINT (13.40715125 52.41575524)
7;2021;9;17;2;3;6;4;0;0;1;1;0;0;0;0;POINT (13.37155807 52.49253016)
8;2021;8;19;1;3;5;2;0;0;1;0;0;0;0;0;POINT (13.43852578 52.45259225)
6;2021;9;17;5;3;5;2;0;1;1;0;0;0;0;1;POINT (13.28987624 52.45806482)
7;2021;9;11;7;3;1;2;0;0;1;0;0;0;1;0;POINT (13.41993039 52.45988445)
10;2021;9;14;4;3;5;2;0;1;1;0;0;0;0;0;POINT (13.57724327 52.51315442)
9;2021;9;7;4;3;5;2;1;1;1;0;0;0;0;0;POINT (13.55167911 52.42852256)
9;2021;8;11;6;3;6;4;0;0;1;1;0;0;0;0;POINT (13.48959605 52.46767845)
11;2021;9;15;7;3;6;4;0;0;1;1;0;0;0;0;POINT (13.5178794 52.5716046)
1;2021;9;17;7;3;2;6;0;1;1;0;0;0;0;0;POINT (13.39555353 52.53873608)
11;2021;9;12;4;3;2;2;0;0;1;0;1;0;0;0;POINT (13.47108379 52.53907508)
12;2021;9;8;3;3;5;3;0;0;1;0;0;0;0;0;POINT (13.29160134 52.60607208)
1;2021;9;18;3;2;5;3;0;1;1;0;0;0;0;0;POINT (13.4162543 52.51105578)
2;2021;8;9;5;3;5;3;0;1;1;0;0;0;0;1;POINT (13.45800423 52.5094552)
1;2021;8;22;3;2;6;4;2;0;1;1;0;0;0;1;POINT (13.4122128 52.51583122)
1;2021;9;17;6;3;5;2;0;1;1;0;0;0;0;0;POINT (13.39182959 52.51043883)
12;2021;9;21;4;3;6;2;2;0;1;1;0;0;0;1;POINT (13.33398379 52.58972083)
4;2021;9;7;2;3;5;2;0;1;1;0;0;0;0;0;POINT (13.30997322 52.47893806)
1;2021;9;9;1;3;2;6;0;0;1;0;0;0;0;0;POINT (13.39103527 52.54479761)
5;2021;9;18;3;3;5;2;0;1;1;0;0;0;0;0;POINT (13.21744428 52.53777769)
4;2021;9;11;1;3;5;2;0;1;1;0;0;0;1;0;POINT (13.33246134 52.50605507)
8;2021;9;17;1;3;2;6;0;0;1;0;1;0;0;0;POINT (13.44667461 52.47837409)
2;2021;8;9;7;3;5;3;0;0;1;0;0;0;0;0;POINT (13.38531398 52.49886439)
6;2021;9;8;5;3;5;2;0;1;1;0;0;0;0;0;POINT (13.36327309 52.43478567)
2;2021;9;12;6;3;1;5;0;1;1;0;0;0;0;1;POINT (13.4543533 52.52196577)
3;2021;9;21;3;3;5;2;2;0;1;0;0;0;0;1;POINT (13.47980555 52.55328545)
1;2021;9;18;4;3;5;2;0;1;1;0;0;0;0;0;POINT (13.36595255 52.52517794)
1;2021;8;17;6;3;6;4;0;0;1;1;0;0;0;0;POINT (13.35487459 52.55180547)
1;2021;8;7;3;3;5;2;0;1;1;0;0;0;0;0;POINT (13.39031744 52.55554551)
11;2021;9;15;1;3;2;6;0;1;0;0;0;1;0;0;POINT (13.49667002 52.50731828)
3;2021;8;9;2;3;1;5;0;1;0;0;0;0;1;1;POINT (13.42477195 52.54366458)
1;2021;9;13;6;3;5;2;0;0;1;0;0;1;0;0;POINT (13.35704522 52.5235512)
1;2021;9;12;2;3;6;7;0;0;0;0;0;0;1;0;POINT (13.38042755 52.53268345)
2;2021;9;7;2;3;5;2;0;0;1;0;0;0;0;0;POINT (13.39213145 52.48674846)
4;2021;9;13;1;3;0;7;0;0;1;0;0;0;0;0;POINT (13.26712787 52.48376632)
4;2021;8;8;1;3;0;6;0;0;1;0;0;0;0;1;POINT (13.29422906 52.53307472)
7;2021;9;15;5;3;5;2;0;0;1;0;0;0;0;1;POINT (13.40012209 52.45913967)
5;2021;9;15;3;3;3;6;0;0;0;0;0;0;1;0;POINT (13.18548466 52.54731631)
7;2021;8;11;1;3;5;3;0;0;1;0;0;0;0;1;POINT (13.41080345 52.44473015)
5;2021;8;6;5;3;5;3;1;0;1;0;0;0;0;1;POINT (13.24320201 52.54379408)
12;2021;9;13;1;2;0;1;0;0;0;0;1;0;0;0;POINT (13.21762133 52.61130492)
4;2021;9;13;5;3;2;7;0;0;1;0;1;0;0;0;POINT (13.32642172 52.47872585)
2;2021;8;13;2;3;5;3;0;0;1;0;0;0;1;0;POINT (13.41029524 52.50378415)
3;2021;9;15;4;3;5;2;0;0;1;0;1;0;0;0;POINT (13.41712696 52.60548561)
1;2021;9;9;7;3;5;2;0;1;1;0;0;0;0;0;POINT (13.41820321 52.51540851)
12;2021;8;7;5;3;3;6;1;0;1;0;0;1;0;1;POINT (13.30041193 52.56992693)
7;2021;9;15;4;3;5;2;0;0;1;0;0;0;0;0;POINT (13.3774458 52.48210424)
2;2021;9;23;4;2;5;2;2;1;1;0;0;0;0;0;POINT (13.41044608 52.5037966)
4;2021;9;10;3;3;3;6;0;0;1;0;0;0;1;0;POINT (13.2482454 52.52419836)
2;2021;9;9;3;3;3;6;0;0;1;0;1;0;0;0;POINT (13.4455694 52.50169255)
12;2021;8;9;4;3;0;1;0;1;1;0;0;0;0;0;POINT (13.28782949 52.59011582)
1;2021;8;14;2;3;6;4;0;0;0;1;0;0;1;0;POINT (13.38260385 52.53045568)
4;2021;9;17;5;3;0;2;0;1;1;0;0;0;0;0;POINT (13.29128565 52.49712963)
7;2021;9;23;4;2;6;2;2;0;1;1;0;0;0;1;POINT (13.38577953 52.46572896)
9;2021;9;7;2;3;2;2;0;1;1;0;0;0;0;0;POINT (13.54102151 52.43551539)
11;2021;9;22;6;3;0;1;2;0;0;0;1;0;0;1;POINT (13.47551279 52.50266261)
11;2021;9;12;4;3;5;2;0;0;1;0;0;0;0;0;POINT (13.52695686 52.48658186)
10;2021;9;20;7;3;5;2;2;0;1;0;0;0;0;0;POINT (13.56563334 52.57043496)
1;2021;9;14;1;3;0;1;0;0;0;0;1;0;0;0;POINT (13.3512666 52.50956504)
4;2021;8;14;6;3;1;5;0;1;1;0;0;0;0;0;POINT (13.32254522 52.49987065)
1;2021;9;20;4;3;6;4;2;1;0;1;0;0;0;0;POINT (13.35107706 52.54978162)
1;2021;9;21;5;3;5;7;2;0;1;0;0;0;0;0;POINT (13.35922042 52.53680323)
4;2021;9;0;3;3;5;2;2;0;1;0;0;0;1;0;POINT (13.33219754 52.50603182)
3;2021;9;18;4;3;5;2;0;1;1;0;0;0;0;0;POINT (13.43378396 52.54957056)
9;2021;8;17;5;2;0;1;0;1;0;0;0;0;0;1;POINT (13.57538052 52.4474879)
2;2021;8;21;3;3;5;3;2;1;1;0;0;0;0;1;POINT (13.43042227 52.49920317)
10;2021;9;15;7;3;5;2;0;1;1;0;0;0;0;0;POINT (13.5575374 52.52739003)
7;2021;9;9;5;2;6;2;0;0;1;1;0;0;0;0;POINT (13.38450159 52.45933966)
12;2021;9;11;3;2;5;3;0;0;1;0;1;0;0;0;POINT (13.30120456 52.61650585)
4;2021;9;12;1;3;5;3;0;0;1;0;1;0;0;0;POINT (13.26117363 52.50808226)
2;2021;8;4;7;2;0;1;2;1;0;0;0;0;0;1;POINT (13.4601146 52.51236542)
5;2021;9;17;2;2;0;1;1;0;0;0;0;0;1;1;POINT (13.20175343 52.53455078)
1;2021;9;6;2;3;4;6;2;1;0;0;0;0;0;0;POINT (13.35858882 52.53650907)
8;2021;8;13;1;3;5;2;0;0;1;0;1;0;0;0;POINT (13.42618159 52.48097429)