bez;ujahr;umonat;ustunde;uwochentag;ukategorie;uart;utyp1;ulichtverh;istrad;istpkw;istfuss;istkrad;istgkfz;istsonstige;ustrzustand;geometry
3;2021;9;9;5;3;5;2;0;1;1;0;0;0;0;0;POINT (13.40428096 52.58148695)
9;2021;9;15;6;3;3;6;0;0;1;0;1;0;0;0;POINT (13.51059691 52.46411599)
4;2021;9;11;4;3;5;3;0;1;1;0;0;0;0;0;POINT (13.33108894 52.49515045)
7;2021;8;6;1;2;5;3;0;0;1;0;0;0;0;1;POINT (13.39752091 52.42384795)
1;2021;10;10;5;3;5;3;0;1;0;0;0;1;0;0;POINT (13.40431057 52.52176434)
1;2021;8;10;6;3;6;2;0;0;1;1;0;0;0;0;POINT (13.38945239 52.55531083)
5;2021;9;16;1;3;5;3;0;1;0;0;1;0;0;0;POINT (13.17255063 52.56067511)
8;2021;9;15;6;3;1;5;0;0;1;0;0;0;0;0;POINT (13.4278544 52.47393985)
4;2021;8;13;2;3;2;6;0;0;1;0;1;0;0;1;POINT (13.31980343 52.47168419)
1;2021;9;10;5;3;5;2;0;1;0;0;0;0;1;0;POINT (13.35115859 52.5096367)
2;2021;10;8;5;3;5;3;0;0;1;0;1;0;0;0;POINT (13.40637903 52.50259206)
1;2021;9;19;2;3;0;6;2;0;1;0;1;0;0;0;POINT (13.38255616 52.55586323)
2;2021;9;7;2;3;5;2;0;1;1;0;0;0;0;0;POINT (13.40588139 52.4895139)
4;2021;9;10;3;3;6;2;0;0;0;1;0;0;1;1;POINT (13.32221934 52.49553972)
4;2021;8;14;2;3;5;7;0;1;1;0;0;0;0;0;POINT (13.29569138 52.51948956)
2;2021;9;15;5;3;5;7;0;1;1;0;0;0;0;0;POINT (13.46590694 52.49695473)
2;2021;9;19;2;3;2;7;2;0;1;0;1;0;0;0;POINT (13.44201062 52.50125055)
5;2021;9;10;6;3;2;2;0;0;1;0;0;0;0;1;POINT (13.22180717 52.53691381)
11;2021;9;15;3;2;6;2;0;0;0;1;0;0;1;0;POINT (13.51920751 52.51360517)
6;2021;9;19;4;3;0;6;0;0;1;0;0;0;1;0;POINT (13.34528571 52.43673861)
4;2021;9;10;6;3;1;7;0;0;1;0;0;0;0;0;POINT (13.26655139 52.49771499)
5;2021;8;12;6;3;0;7;0;0;0;0;1;0;0;1;POINT (13.15787303 52.53303802)
4;2021;9;18;4;3;5;2;0;1;1;0;0;0;0;0;POINT (13.31257802 52.50643069)
5;2021;9;13;5;3;5;3;0;0;1;0;0;0;0;0;POINT (13.1768547 52.54894874)
2;2021;9;15;3;3;5;3;0;1;1;0;0;0;0;1;POINT (13.43910054 52.51241021)
10;2021;8;9;2;3;5;2;0;0;1;0;0;0;1;0;POINT (13.51719512 52.53547621)
2;2021;9;23;5;2;2;6;2;0;1;0;0;0;0;0;POINT (13.44192989 52.50427789)
4;2021;10;0;5;3;5;2;2;0;1;0;0;1;0;0;POINT (13.33943139 52.50313535)
7;2021;9;18;2;3;6;7;0;0;0;1;1;0;0;0;POINT (13.32871372 52.4652921)
9;2021;9;9;3;3;5;3;0;1;1;0;0;0;0;0;POINT (13.50710179 52.46324125)
9;2021;9;10;3;3;2;6;0;0;1;0;0;0;0;0;POINT (13.54674635 52.42648802)
1;2021;8;15;1;3;6;2;0;0;1;1;0;0;0;0;POINT (13.41164731 52.52396202)
1;2021;9;8;5;3;5;3;0;0;1;0;0;0;0;0;POINT (13.38609552 52.53881901)
10;2021;8;11;1;3;5;3;0;0;1;0;0;0;0;1;POINT (13.58961814 52.50918141)
10;2021;8;16;4;3;5;2;0;1;1;0;0;0;0;0;POINT (13.60369644 52.47893431)
2;2021;9;20;1;3;0;3;2;1;0;0;1;0;0;0;POINT (13.45907673 52.50119371)
9;2021;9;17;5;3;5;3;0;0;1;0;0;0;0;1;POINT (13.55307418 52.43401092)
10;2021;8;14;2;3;2;7;0;1;1;0;0;0;0;0;POINT (13.56421985 52.50368322)
4;2021;9;18;6;2;5;2;0;0;1;0;1;0;0;0;POINT (13.30790372 52.48860706)
4;2021;8;8;5;3;5;2;0;0;1;0;0;0;0;1;POINT (13.32625312 52.53800398)
3;2021;9;17;4;3;2;6;0;0;1;0;0;0;0;0;POINT (13.4547451 52.52812318)
3;2021;9;11;5;3;5;2;0;1;0;0;0;0;1;0;POINT (13.42384431 52.53831692)
2;2021;9;19;2;1;5;3;1;0;0;1;0;0;1;0;POINT (13.45234224 52.52756271)
12;2021;9;10;3;3;5;7;0;1;1;0;0;0;0;1;POINT (13.29669839 52.59466002)
2;2021;8;12;4;2;6;7;0;0;1;1;0;0;0;0;POINT (13.40933768 52.49960925)
1;2021;8;19;2;3;2;2;0;0;1;0;1;0;0;0;POINT (13.38881882 52.51708755)
1;2021;9;14;6;2;0;1;0;1;0;0;0;0;0;0;POINT (13.38718228 52.52664909)
8;2021;9;4;4;3;2;2;2;0;1;1;0;0;0;0;POINT (13.43194255 52.46643116)
6;2021;9;16;2;2;5;2;0;1;1;0;0;0;0;0;POINT (13.16714461 52.42054941)
7;2021;9;19;6;3;5;2;1;1;1;0;0;0;0;0;POINT (13.36219402 52.49793114)
4;2021;9;13;4;3;5;3;0;0;0;0;1;0;1;0;POINT (13.31367507 52.48418208)
11;2021;9;2;7;2;0;1;2;0;0;0;0;0;1;0;POINT (13.47871262 52.52910004)
1;2021;9;9;4;2;5;3;0;0;1;0;0;0;0;0;POINT (13.32972731 52.52373276)
5;2021;9;11;1;2;2;6;0;0;1;0;0;0;0;0;POINT (13.19895807 52.54269007)
8;2021;8;18;6;3;5;3;0;1;0;0;1;0;0;0;POINT (13.42530206 52.48082565)
3;2021;9;13;4;3;2;6;0;0;1;0;0;0;0;0;POINT (13.41450204 52.55280866)
9;2021;9;17;5;3;6;7;1;0;1;1;0;0;0;0;POINT (13.47246635 52.44949587)
7;2021;9;11;4;2;5;3;0;0;1;0;1;0;0;0;POINT (13.36795195 52.41896098)
1;2021;9;15;4;2;5;3;0;0;1;0;0;0;1;0;POINT (13.34969597 52.5421731)
4;2021;8;8;5;3;2;6;0;0;1;0;0;0;0;1;POINT (13.24679407 52.51378838)
6;2021;8;22;3;3;6;4;2;0;0;1;1;0;0;1;POINT (13.32061749 52.4566998)
9;2021;9;14;7;3;2;6;0;0;1;0;0;0;0;0;POINT (13.61835695 52.45546569)
1;2021;9;9;5;3;5;3;0;1;0;0;0;0;1;0;POINT (13.36588209 52.52532973)
6;2021;9;16;3;3;8;1;0;0;1;0;0;0;0;0;POINT (13.32963658 52.45124519)
2;2021;9;9;2;2;5;3;0;0;0;0;0;0;1;0;POINT (13.43007003 52.50354047)
12;2021;8;20;7;3;2;6;2;0;1;0;0;0;0;1;POINT (13.33970397 52.59584524)
6;2021;9;0;2;2;0;1;2;1;0;0;0;0;0;0;POINT (13.32499758 52.4612526)
2;2021;9;16;2;3;6;2;0;0;1;1;0;0;0;0;POINT (13.40912655 52.5017867)
3;2021;8;15;1;3;5;2;0;1;1;0;0;0;0;0;POINT (13.44138706 52.53193843)
11;2021;9;14;5;3;2;2;0;0;1;0;1;0;0;0;POINT (13.49333504 52.51447495)
9;2021;9;11;4;3;5;2;0;1;1;0;0;0;0;0;POINT (13.54638681 52.42642731)
9;2021;8;7;1;3;5;3;0;1;1;0;0;0;0;1;POINT (13.69943788 52.43592505)
1;2021;8;22;7;3;5;2;2;0;1;0;0;0;1;1;POINT (13.41624411 52.51105824)
8;2021;9;12;1;3;5;2;0;1;1;0;0;0;0;0;POINT (13.46435231 52.47020064)
1;2021;9;13;7;3;8;1;0;0;1;0;0;0;0;0;POINT (13.34160207 52.50585422)
11;2021;8;20;2;3;5;3;2;0;1;0;0;0;0;0;POINT (13.49215428 52.51632073)
10;2021;9;11;5;3;6;7;0;0;0;1;0;0;1;0;POINT (13.60338611 52.53043091)
4;2021;10;18;5;3;2;5;2;0;1;0;1;0;0;0;POINT (13.31195601 52.48963142)
11;2021;9;12;2;3;5;3;0;0;1;0;0;0;0;0;POINT (13.48856354 52.51838912)
4;2021;9;6;2;2;3;6;1;1;0;0;0;0;1;0;POINT (13.31751445 52.49140108)
4;2021;9;7;2;3;5;2;0;1;1;0;0;0;0;0;POINT (13.29384799 52.49752437)
10;2021;8;9;4;3;5;3;0;0;1;0;0;0;0;0;POINT (13.60227263 52.53605797)
8;2021;8;10;2;3;5;2;0;1;1;0;0;0;0;0;POINT (13.43869014 52.44811871)
12;2021;9;17;5;3;1;5;0;0;1;0;0;0;0;0;POINT (13.37119044 52.56962898)
1;2021;9;14;3;3;1;5;0;0;1;0;0;0;1;0;POINT (13.34615918 52.54495249)
7;2021;9;22;1;3;5;3;2;1;0;0;0;0;1;0;POINT (13.36717349 52.46715508)
4;2021;9;14;5;3;5;2;0;1;1;0;0;0;0;0;POINT (13.2185166 52.50886923)
1;2021;9;13;3;3;2;6;0;0;1;0;0;0;0;0;POINT (13.40101644 52.51832787)
4;2021;9;15;6;3;3;6;0;1;0;0;0;0;1;0;POINT (13.33372174 52.50875866)
1;2021;8;21;6;2;5;3;2;1;1;0;0;0;0;0;POINT (13.39520689 52.54612964)
11;2021;9;12;4;3;5;2;0;0;1;0;0;1;0;0;POINT (13.4609989 52.52971188)
1;2021;9;10;5;3;6;7;0;0;1;1;0;0;0;0;POINT (13.40069399 52.52960219)
4;2021;9;15;3;3;0;1;0;0;0;0;1;0;0;1;POINT (13.31398607 52.48113619)
7;2021;9;17;3;3;5;2;0;1;0;0;0;0;1;1;POINT (13.3708711 52.49266354)
3;2021;8;7;4;3;0;3;0;0;1;0;1;0;0;1;POINT (13.36475772 52.58511461)
3;2021;8;16;3;2;5;2;0;1;1;0;0;0;0;0;POINT (13.40460814 52.54059655)
9;2021;9;15;6;3;0;1;0;0;0;0;1;0;0;0;POINT (13.51005488 52.45361587)
7;2021;9;20;4;3;5;2;2;0;1;0;0;0;0;1;POINT (13.40677628 52.39376827)
8;2021;9;9;2;3;1;5;0;0;1;0;0;0;0;0;POINT (13.44606837 52.48442925)
6;2021;9;9;6;2;2;6;0;0;1;0;0;0;0;1;POINT (13.35438877 52.43007472)
12;2021;9;17;3;3;5;2;0;1;1;0;0;0;0;0;POINT (13.31198716 52.56808605)
6;2021;9;16;7;3;5;2;0;1;1;0;0;0;0;0;POINT (13.35156782 52.44017763)
6;2021;9;18;7;3;1;5;1;0;1;0;1;0;0;1;POINT (13.34203509 52.42919256)
7;2021;8;14;7;3;1;5;0;1;1;0;0;0;0;1;POINT (13.35747003 52.49961384)
1;2021;9;8;4;3;5;7;0;1;1;0;0;0;0;0;POINT (13.40592491 52.53110959)
9;2021;9;9;6;3;5;3;0;0;1;0;1;0;0;1;POINT (13.5231912 52.46071548)
6;2021;9;12;4;3;3;6;0;1;1;0;0;0;0;0;POINT (13.34222714 52.44116296)
9;2021;9;20;4;3;5;2;2;0;0;0;0;1;1;0;POINT (13.49127271 52.46907086)
11;2021;8;18;6;3;5;3;0;0;1;0;0;0;0;0;POINT (13.49656503 52.51579431)
8;2021;8;16;3;3;5;3;0;1;1;0;0;0;0;0;POINT (13.45378002 52.46524289)
3;2021;9;8;1;3;5;3;0;0;1;0;0;0;1;0;POINT (13.50689105 52.6283715)
8;2021;9;18;5;3;5;2;0;1;1;0;0;0;0;0;POINT (13.4263443 52.47754772)
1;2021;9;12;3;3;5;7;0;0;1;0;0;0;0;1;POINT (13.35808045 52.5565859)
9;2021;8;17;4;3;0;4;0;0;0;1;0;0;1;0;POINT (13.48729168 52.47571028)
4;2021;8;12;2;3;0;4;0;0;0;1;0;0;1;0;POINT (13.33263016 52.50630315)
1;2021;9;23;5;3;0;1;2;1;0;0;0;0;0;0;POINT (13.37358494 52.51140706)
2;2021;9;16;4;3;5;2;0;1;1;0;0;0;0;0;POINT (13.46952498 52.4945998)
1;2021;9;14;2;3;5;3;0;1;1;0;0;0;0;0;POINT (13.38063055 52.51820782)
2;2021;9;2;7;3;1;5;2;0;1;0;0;0;1;0;POINT (13.46225956 52.51088723)
8;2021;9;15;4;3;5;3;0;1;1;0;0;0;0;0;POINT (13.43584882 52.4821073)
4;2021;9;15;1;3;2;2;0;1;1;0;0;0;0;0;POINT (13.32384497 52.49509836)
9;2021;9;15;4;3;5;2;0;0;1;0;0;0;0;0;POINT (13.51759369 52.46744511)
4;2021;9;19;7;2;1;5;2;0;1;0;0;0;1;0;POINT (13.31320998 52.50173186)
3;2021;8;12;1;3;0;5;0;1;1;0;0;0;0;1;POINT (13.41102011 52.56717351)
1;2021;9;5;4;3;5;3;1;1;1;0;0;0;0;0;POINT (13.3989326 52.50822652)
12;2021;9;9;5;3;6;4;0;0;1;1;0;0;0;0;POINT (13.28729532 52.58883114)
3;2021;9;18;3;3;5;3;1;0;1;0;0;0;1;1;POINT (13.40840966 52.55246572)
8;2021;9;21;4;3;2;6;2;0;1;0;0;0;0;0;POINT (13.44270986 52.4651807)
5;2021;8;10;5;3;5;2;0;0;1;0;0;0;0;1;POINT (13.15786029 52.54310055)
4;2021;8;17;3;3;1;5;0;1;1;0;0;0;0;0;POINT (13.3077473 52.50574591)
12;2021;9;15;6;3;5;2;0;0;1;0;0;0;0;0;POINT (13.28428136 52.59449584)
1;2021;9;6;5;3;2;6;1;0;1;0;1;0;0;0;POINT (13.37908207 52.51337821)
10;2021;9;7;3;3;0;6;0;0;1;0;1;0;0;0;POINT (13.55936694 52.54776631)
11;2021;9;7;2;3;0;1;0;1;0;0;0;0;0;0;POINT (13.49466901 52.54594785)
5;2021;9;8;2;3;5;3;0;1;1;0;0;0;0;0;POINT (13.13276653 52.54919668)
11;2021;9;13;2;3;2;6;0;0;1;0;0;0;0;0;POINT (13.47575852 52.53285635)
9;2021;8;8;2;3;3;6;0;0;1;0;1;0;1;0;POINT (13.48156869 52.46105369)
9;2021;9;15;5;2;3;6;0;1;1;0;0;0;0;0;POINT (13.59451605 52.42639855)
8;2021;9;18;3;2;1;5;0;0;1;0;0;0;0;0;POINT (13.43895476 52.48236569)
2;2021;8;8;1;3;3;6;0;0;1;0;0;1;0;1;POINT (13.45219849 52.52752489)
4;2021;8;23;5;3;0;7;2;0;0;0;0;0;1;0;POINT (13.3056291 52.49989017)
12;2021;9;10;1;3;5;2;0;1;1;0;0;0;0;0;POINT (13.30723299 52.62106473)
1;2021;9;17;6;3;6;4;1;0;1;1;0;0;0;0;POINT (13.34295629 52.52598225)
2;2021;9;12;6;3;2;6;0;0;1;0;1;0;0;0;POINT (13.44383031 52.52531782)
10;2021;10;9;5;3;5;3;0;1;1;0;0;0;0;0;POINT (13.56999431 52.48687866)
3;2021;9;7;2;3;5;2;0;0;1;0;1;0;0;0;POINT (13.41847467 52.55347207)
5;2021;9;21;3;2;6;4;2;0;1;1;0;0;0;0;POINT (13.19978588 52.53481867)
3;2021;9;22;2;2;6;4;2;0;1;1;0;0;0;0;POINT (13.4344894 52.55350733)
7;2021;8;10;4;2;5;2;0;0;1;0;0;0;0;0;POINT (13.39274485 52.41265223)
11;2021;8;10;2;3;2;6;0;0;1;0;0;0;0;0;POINT (13.49211062 52.534065)
4;2021;9;9;5;3;0;2;0;0;1;0;1;0;0;0;POINT (13.31742075 52.50544159)
9;2021;9;13;4;3;2;6;0;0;1;0;0;1;0;0;POINT (13.55401167 52.45595444)
2;2021;9;12;1;3;6;7;0;0;0;1;1;0;0;0;POINT (13.43797289 52.49329705)
4;2021;9;16;1;3;5;2;0;0;1;0;0;0;1;0;POINT (13.29489254 52.53962814)
5;2021;9;16;3;3;5;3;0;0;1;0;1;0;0;0;POINT (13.26596476 52.53485671)
6;2021;9;21;6;3;2;6;2;0;1;0;0;0;0;0;POINT (13.32243085 52.4623981)
4;2021;8;14;6;3;2;6;0;0;1;0;0;0;0;0;POINT (13.30783577 52.49740339)
2;2021;9;19;4;3;6;4;1;0;1;1;0;0;0;0;POINT (13.4659181 52.50888484)
4;2021;9;22;4;3;1;5;2;0;1;0;0;0;1;0;POINT (13.31363728 52.48363627)
7;2021;9;8;3;3;7;7;0;1;0;0;0;0;0;0;POINT (13.37610998 52.4557709)
2;2021;9;19;3;3;2;7;1;1;1;0;0;0;0;1;POINT (13.43873466 52.49508539)
3;2021;8;8;5;3;6;2;0;0;1;1;0;0;0;1;POINT (13.40295786 52.56274293)
1;2021;8;14;3;3;0;2;0;1;1;0;0;0;0;0;POINT (13.3379394 52.51381253)
5;2021;9;13;6;3;2;6;0;0;1;0;0;0;0;0;POINT (13.21419083 52.53851843)
4;2021;9;14;4;2;6;3;0;1;0;1;0;0;0;0;POINT (13.32011759 52.47508846)
5;2021;9;16;2;2;1;5;0;0;1;0;0;0;0;0;POINT (13.21181661 52.56503997)
2;2021;9;11;1;3;5;3;0;0;1;0;0;0;0;0;POINT (13.41454747 52.50015487)
1;2021;9;21;3;3;0;7;2;1;0;0;0;0;0;0;POINT (13.33841109 52.52180959)
12;2021;9;8;1;2;6;4;0;1;0;1;0;0;0;0;POINT (13.36468655 52.57193875)
1;2021;9;15;1;2;5;2;0;1;1;0;0;0;0;0;POINT (13.37188873 52.50905405)
1;2021;8;18;1;3;1;5;0;0;1;0;0;0;1;0;POINT (13.33334023 52.54653855)
3;2021;9;23;4;3;0;1;2;1;0;0;0;0;0;0;POINT (13.46619308 52.55047765)
1;2021;9;22;5;3;5;3;2;0;1;0;0;0;0;0;POINT (13.35216314 52.50551996)
6;2021;9;12;4;3;1;5;0;0;1;0;0;0;0;1;POINT (13.31989296 52.46044962)
10;2021;9;19;4;3;5;3;2;0;1;0;0;0;0;0;POINT (13.53848974 52.52472092)
4;2021;8;22;5;3;5;3;2;0;1;0;0;0;0;0;POINT (13.30574085 52.53404362)
10;2021;8;9;3;3;3;6;0;1;0;0;0;0;0;0;POINT (13.54609779 52.52607711)
6;2021;9;12;7;3;5;3;0;0;1;0;0;0;0;0;POINT (13.20515388 52.42445284)
1;2021;9;18;4;3;2;6;0;0;1;0;0;0;0;0;POINT (13.35121411 52.5105118)
4;2021;9;17;5;3;2;6;0;0;1;0;0;0;0;1;POINT (13.28076537 52.51835504)
6;2021;9;17;2;3;2;6;0;0;1;0;1;0;0;0;POINT (13.30624269 52.41934368)
1;2021;9;10;2;3;3;6;0;1;1;0;0;0;0;0;POINT (13.40185912 52.52963702)
4;2021;9;16;1;3;3;6;0;0;1;0;1;0;0;0;POINT (13.26657342 52.51296908)
4;2021;8;14;2;3;0;3;0;0;0;0;0;0;1;0;POINT (13.33267025 52.50613725)
1;2021;9;17;5;3;1;5;0;0;1;0;1;0;0;1;POINT (13.41482544 52.5076058)
2;2021;9;7;3;3;3;6;0;1;0;0;1;0;0;0;POINT (13.38143335 52.50058687)
4;2021;8;12;1;3;5;2;0;1;0;0;0;0;1;1;POINT (13.33217092 52.50618977)
6;2021;8;16;5;3;4;6;0;0;1;0;0;0;0;0;POINT (13.26247273 52.44186529)
6;2021;9;11;1;3;0;7;0;0;0;0;1;0;0;0;POINT (13.34867036 52.45805254)
12;2021;9;20;5;2;6;4;2;0;1;1;0;0;0;1;POINT (13.32764813 52.56398191)
12;2021;8;15;2;3;2;6;0;1;0;0;0;0;0;0;POINT (13.2299013 52.62502228)
2;2021;9;22;4;3;5;7;2;1;1;0;0;0;0;0;POINT (13.44479284 52.50109721)
11;2021;9;12;6;2;6;4;0;0;1;1;0;0;0;1;POINT (13.47949761 52.52686338)
8;2021;8;7;5;3;2;2;0;0;1;0;1;0;0;1;POINT (13.43585194 52.46861402)
7;2021;9;12;3;3;5;3;0;1;1;0;0;0;0;0;POINT (13.33860987 52.49381072)
3;2021;9;11;5;3;2;6;0;0;1;0;1;0;0;0;POINT (13.37759679 52.57490132)
2;2021;9;12;3;3;3;6;0;0;1;0;1;0;0;0;POINT (13.45249359 52.52778499)
2;2021;9;7;3;3;5;3;0;1;1;0;0;0;0;0;POINT (13.46618412 52.49690507)
2;2021;8;12;4;3;5;3;0;1;1;0;0;0;0;0;POINT (13.41267159 52.49207527)
2;2021;8;15;2;3;2;2;0;1;1;0;0;0;0;0;POINT (13.38660495 52.50105126)
2;2021;9;15;5;3;6;4;0;1;0;1;0;0;0;0;POINT (13.39112056 52.48949106)
9;2021;8;10;5;3;1;5;0;1;1;0;0;0;0;0;POINT (13.52231265 52.46188857)
7;2021;8;6;1;2;5;2;0;1;1;0;0;0;0;0;POINT (13.37107161 52.47036961)
5;2021;8;8;4;2;5;2;0;1;1;0;0;0;0;0;POINT (13.24778485 52.54721395)
8;2021;7;15;1;3;1;1;0;0;1;0;0;0;0;0;POINT (13.42411276 52.46550264)
3;2021;8;14;3;3;2;6;0;0;1;0;0;0;0;0;POINT (13.38797914 52.61800547)
2;2021;7;22;3;3;5;3;2;1;1;0;0;0;0;0;POINT (13.41030067 52.50378271)
3;2021;7;23;4;3;1;5;2;1;1;0;0;0;0;0;POINT (13.41853926 52.54680449)
2;2021;8;15;3;3;5;3;0;1;1;0;0;0;0;0;POINT (13.41029918 52.50378311)
5;2021;8;19;2;2;1;5;1;0;1;0;0;0;1;0;POINT (13.23520232 52.52713325)
4;2021;7;10;1;3;2;2;0;0;1;0;0;0;0;0;POINT (13.28770233 52.49616182)
5;2021;8;10;1;3;0;5;0;1;1;0;0;0;0;0;POINT (13.20223087 52.5380626)
11;2021;8;18;6;3;3;6;0;1;0;0;0;0;0;0;POINT (13.50008921 52.48401744)
12;2021;7;11;1;3;5;2;0;1;1;0;0;0;0;0;POINT (13.32759442 52.56409475)
7;2021;8;6;1;3;5;3;0;1;1;0;0;0;0;0;POINT (13.37349978 52.48292709)
8;2021;8;7;5;3;6;7;0;1;0;1;0;0;0;0;POINT (13.44178859 52.45766663)
7;2021;7;15;5;2;5;3;0;1;1;0;0;0;0;0;POINT (13.34392226 52.48571858)
6;2021;7;18;5;3;5;2;0;0;1;0;0;0;0;0;POINT (13.33878691 52.44438122)
2;2021;8;13;3;3;4;6;0;1;0;0;0;0;0;0;POINT (13.43563356 52.49614056)
4;2021;7;15;3;3;5;2;0;0;1;0;0;1;0;0;POINT (13.26027676 52.51651787)
4;2021;8;19;4;3;0;7;1;0;1;0;0;0;0;0;POINT (13.33583832 52.49492012)
11;2021;8;13;4;3;5;2;0;1;1;0;0;0;0;0;POINT (13.5074962 52.56424458)
7;2021;8;15;2;3;2;5;0;0;1;0;1;0;0;0;POINT (13.40103326 52.41506449)
9;2021;8;10;7;3;2;6;0;0;1;0;0;0;1;0;POINT (13.56500473 52.43879468)
5;2021;7;15;2;3;2;6;0;0;1;0;0;0;0;0;POINT (13.20998616 52.54999449)
8;2021;8;17;2;3;4;6;0;0;1;0;0;0;0;0;POINT (13.4274667 52.45910033)
3;2021;8;8;6;3;0;7;0;0;1;0;0;0;0;0;POINT (13.4074875 52.58181683)
4;2021;7;18;5;3;0;5;0;0;0;0;1;0;0;0;POINT (13.30824577 52.46905839)
11;2021;7;15;4;3;4;6;0;0;1;0;0;0;1;0;POINT (13.52114863 52.5062854)
7;2021;8;11;5;3;5;2;0;0;1;0;0;1;0;0;POINT (13.37212635 52.46978436)
3;2021;8;12;1;3;0;7;0;0;1;0;0;0;1;0;POINT (13.4655263 52.56243207)
3;2021;8;20;5;2;9;1;1;0;1;1;0;0;0;1;POINT (13.42408169 52.55282082)
11;2021;8;11;2;2;6;7;0;1;0;1;0;0;0;0;POINT (13.51920765 52.51361314)
12;2021;8;9;1;2;2;6;0;0;1;0;1;0;0;0;POINT (13.33037348 52.58742848)
9;2021;7;8;4;3;5;2;0;0;0;0;1;0;1;0;POINT (13.54432859 52.39936591)
4;2021;7;22;4;3;5;2;2;0;1;0;0;0;0;0;POINT (13.32610463 52.53837732)
4;2021;8;11;2;3;1;5;0;1;1;0;0;0;0;0;POINT (13.29050839 52.47445079)
1;2021;7;14;2;3;5;2;0;1;1;0;0;0;0;0;POINT (13.37572677 52.54864381)
2;2021;7;12;6;3;2;6;0;0;1;0;0;0;0;0;POINT (13.46423239 52.50043826)
5;2021;8;14;5;3;2;6;0;0;1;0;0;0;0;0;POINT (13.20835098 52.56040163)
2;2021;8;15;1;3;1;5;0;1;1;0;0;0;0;0;POINT (13.38500999 52.49797153)
7;2021;7;8;2;3;5;3;0;0;1;0;0;0;0;0;POINT (13.37480886 52.48121415)
3;2021;8;10;5;3;5;3;0;0;1;0;1;0;0;0;POINT (13.49385913 52.63597189)
9;2021;7;18;2;3;5;2;0;1;1;0;0;0;0;0;POINT (13.51926775 52.45407803)
8;2021;8;16;3;2;2;2;0;1;1;0;0;0;0;0;POINT (13.4167918 52.41836959)
10;2021;7;22;4;3;5;3;2;1;1;0;0;0;0;0;POINT (13.51947088 52.53535614)
6;2021;7;19;5;3;2;7;0;0;1;0;1;0;0;0;POINT (13.30339096 52.4244666)
12;2021;8;11;3;3;5;3;0;0;1;0;0;0;0;0;POINT (13.23782833 52.60119319)
1;2021;8;9;3;3;5;3;0;1;1;0;0;0;0;0;POINT (13.38031039 52.5188031)
8;2021;7;15;3;3;5;2;0;1;1;0;0;0;0;0;POINT (13.42556831 52.47921627)
11;2021;8;14;3;2;5;3;0;0;1;0;1;0;0;0;POINT (13.50177577 52.55813029)
9;2021;8;13;3;3;2;3;0;1;1;0;0;0;0;0;POINT (13.59329217 52.45290871)
12;2021;8;13;1;3;6;2;0;0;0;1;0;0;1;0;POINT (13.37351699 52.56420867)
9;2021;8;13;6;3;2;6;0;0;1;0;1;0;1;0;POINT (13.5531654 52.46820568)
11;2021;7;17;2;3;5;3;0;1;1;0;0;0;0;0;POINT (13.50713695 52.51525125)
1;2021;8;8;2;3;2;6;0;0;1;0;0;0;0;0;POINT (13.37449874 52.55680954)
1;2021;8;22;7;3;6;2;2;0;1;1;0;0;0;1;POINT (13.38126765 52.55243548)
3;2021;7;17;6;3;5;3;0;0;1;0;1;0;0;0;POINT (13.42726797 52.54971168)
4;2021;7;20;6;2;3;6;0;0;1;0;1;0;0;0;POINT (13.32097795 52.51309087)
8;2021;8;13;4;3;2;6;0;0;1;0;1;0;0;0;POINT (13.44584919 52.47895483)
4;2021;7;14;5;3;5;2;0;1;1;0;0;0;0;0;POINT (13.29431652 52.49776158)
11;2021;7;5;5;3;5;3;0;1;1;0;0;0;0;0;POINT (13.50213355 52.55735916)
8;2021;8;18;4;3;6;7;0;0;0;1;0;0;1;0;POINT (13.44559506 52.48583617)
4;2021;8;18;3;2;5;7;0;0;1;0;1;0;0;0;POINT (13.30631683 52.52983948)
8;2021;8;12;2;3;5;2;0;1;0;0;0;0;1;0;POINT (13.43395844 52.48984928)
1;2021;8;14;7;3;0;1;0;0;0;0;1;0;0;0;POINT (13.42109837 52.50968928)
7;2021;7;14;3;2;0;2;0;0;1;0;0;0;1;0;POINT (13.38172639 52.46103366)
5;2021;8;18;7;2;5;3;0;0;1;0;0;0;0;0;POINT (13.21714311 52.56046696)
5;2021;7;9;2;2;2;6;0;0;1;0;0;0;1;0;POINT (13.21763965 52.53770648)
5;2021;7;13;7;3;2;5;0;0;1;0;0;0;0;0;POINT (13.21488309 52.56470466)
1;2021;8;21;2;2;5;3;1;1;1;0;0;0;0;0;POINT (13.35303224 52.50229271)
1;2021;8;22;6;3;5;2;2;1;1;0;0;0;0;1;POINT (13.40303057 52.53366999)
4;2021;7;21;4;3;7;7;1;0;0;0;1;0;0;0;POINT (13.3296696 52.50546717)
8;2021;7;21;5;3;5;2;2;1;1;0;0;0;0;0;POINT (13.4239943 52.47727486)
9;2021;8;13;3;3;0;2;0;1;1;0;0;0;0;0;POINT (13.55083023 52.42907889)