bez;ujahr;umonat;ustunde;uwochentag;ukategorie;uart;utyp1;ulichtverh;istrad;istpkw;istfuss;istkrad;istgkfz;istsonstige;ustrzustand;geometry
12;2021;7;5;3;3;5;3;1;1;1;0;0;0;0;0;POINT (13.36206523 52.56870076)
4;2021;7;18;5;3;5;3;0;1;1;0;0;0;0;0;POINT (13.29122279 52.5065936)
4;2021;8;18;4;3;5;2;0;0;1;0;0;0;1;0;POINT (13.27564749 52.50154409)
2;2021;8;15;4;3;5;2;0;0;1;0;0;0;1;0;POINT (13.38243935 52.48511623)
12;2021;8;9;2;3;2;6;0;0;1;0;0;0;0;0;POINT (13.32800519 52.56431289)
9;2021;8;12;7;2;3;6;0;1;1;0;0;0;0;0;POINT (13.59258499 52.4546539)
2;2021;7;10;3;3;5;3;0;1;0;0;1;0;0;0;POINT (13.38153388 52.50057387)
11;2021;8;15;1;2;5;2;0;1;1;0;0;0;0;0;POINT (13.52403337 52.47743857)
8;2021;7;0;5;2;1;6;2;1;1;1;0;0;0;0;POINT (13.42446792 52.48467019)
11;2021;7;17;5;3;0;2;0;1;1;0;0;0;0;0;POINT (13.48650844 52.50238496)
2;2021;7;19;1;3;1;5;0;1;1;0;0;0;0;0;POINT (13.41960362 52.50119306)
9;2021;8;6;5;3;5;2;1;1;1;0;0;0;0;0;POINT (13.47377849 52.47499338)
8;2021;8;11;1;3;5;3;0;0;1;0;0;0;0;0;POINT (13.50350691 52.411567)
4;2021;7;17;2;3;1;5;0;0;1;0;0;1;0;0;POINT (13.30108519 52.54802485)
1;2021;8;19;5;3;0;3;0;1;1;0;0;0;0;0;POINT (13.40335907 52.5273833)
4;2021;7;4;1;3;1;5;0;0;1;0;1;0;0;0;POINT (13.32540383 52.51658322)
4;2021;8;16;3;3;2;6;0;0;1;0;0;0;0;0;POINT (13.33463508 52.49959369)
3;2021;7;16;3;3;0;3;0;1;1;0;0;0;0;0;POINT (13.47306435 52.61692268)
1;2021;7;17;5;3;0;1;0;0;0;0;0;0;1;0;POINT (13.37383156 52.51957514)
3;2021;8;10;2;3;3;6;0;0;1;0;1;0;0;0;POINT (13.44994087 52.53680261)
1;2021;7;23;2;3;6;7;2;0;1;1;0;0;0;0;POINT (13.3792875 52.55299519)
4;2021;7;19;6;3;5;3;0;1;1;0;0;0;0;0;POINT (13.30954019 52.5136503)
1;2021;8;21;5;3;0;1;2;1;0;0;0;0;0;0;POINT (13.41095719 52.52207601)
5;2021;8;7;1;3;4;6;1;0;1;0;1;0;0;0;POINT (13.21886565 52.52466143)
4;2021;8;8;5;3;0;6;0;0;0;0;1;0;1;0;POINT (13.3324492 52.50606072)
1;2021;7;17;1;3;1;5;0;1;1;0;0;0;0;0;POINT (13.38651523 52.52369796)
11;2021;7;16;4;3;5;2;0;1;1;0;0;0;0;1;POINT (13.47630075 52.53313042)
11;2021;7;12;6;3;2;6;0;0;1;0;0;0;0;0;POINT (13.47755539 52.51465929)
1;2021;8;21;3;2;1;5;2;1;1;0;0;0;0;0;POINT (13.346938 52.54727743)
1;2021;8;17;2;3;6;4;0;0;0;1;0;0;1;0;POINT (13.40356883 52.52310998)
8;2021;7;20;3;3;1;5;0;1;1;0;0;0;0;0;POINT (13.44615973 52.48627032)
6;2021;8;16;4;3;0;1;0;0;1;0;1;0;0;0;POINT (13.30693602 52.43570131)
2;2021;8;12;3;3;3;6;0;1;0;0;0;0;0;0;POINT (13.44423554 52.51157041)
11;2021;8;7;1;3;3;6;0;1;1;0;0;0;0;0;POINT (13.52783069 52.55675155)
12;2021;8;10;6;3;2;7;0;0;1;0;1;0;0;0;POINT (13.3756319 52.5687688)
1;2021;7;13;2;2;5;3;0;0;1;0;1;0;0;0;POINT (13.33994265 52.52808951)
8;2021;8;8;2;3;1;5;0;0;1;0;0;0;0;0;POINT (13.50807671 52.42613787)
9;2021;8;20;7;3;5;3;0;0;1;0;0;0;0;0;POINT (13.56613503 52.43945993)
9;2021;7;10;5;3;5;3;0;0;1;0;0;0;1;0;POINT (13.65379177 52.41685151)
6;2021;7;20;6;3;1;5;0;0;1;0;1;0;0;0;POINT (13.27956518 52.43618764)
4;2021;8;13;4;3;5;3;0;0;1;0;0;0;0;0;POINT (13.27176971 52.48188588)
8;2021;7;17;4;3;5;7;0;0;1;0;1;0;0;0;POINT (13.43541082 52.4599631)
6;2021;8;11;5;3;2;2;0;0;1;0;0;0;0;0;POINT (13.26689623 52.41221606)
9;2021;7;15;2;3;5;2;0;1;1;0;0;0;0;0;POINT (13.50861704 52.463702)
5;2021;8;13;4;3;5;2;0;1;1;0;0;0;0;0;POINT (13.17747471 52.52532918)
6;2021;8;13;2;3;5;2;0;0;1;0;1;0;0;1;POINT (13.34359737 52.43916158)
2;2021;8;19;1;2;0;1;0;1;0;0;0;0;0;1;POINT (13.4566541 52.50979849)
7;2021;7;1;4;3;0;1;2;0;0;0;0;0;1;0;POINT (13.36765233 52.48826801)
12;2021;8;14;7;3;5;2;0;0;1;0;1;0;0;0;POINT (13.20983219 52.60303556)
3;2021;7;9;2;3;5;2;0;0;1;0;0;0;1;0;POINT (13.46847816 52.56214228)
1;2021;7;15;1;3;0;1;0;1;0;0;0;0;0;0;POINT (13.368469 52.52203943)
1;2021;7;11;1;3;2;6;0;1;1;0;0;0;0;0;POINT (13.38732191 52.52591489)
9;2021;8;17;5;3;7;7;0;1;0;0;0;0;0;0;POINT (13.52437232 52.44965267)
12;2021;8;17;7;2;0;7;0;1;0;0;0;0;0;1;POINT (13.32393309 52.56072668)
9;2021;8;15;4;3;5;2;0;0;1;0;0;0;0;0;POINT (13.52589128 52.42301711)
4;2021;8;14;2;3;3;6;0;0;1;0;0;0;0;0;POINT (13.32327051 52.51094611)
10;2021;7;12;3;2;8;1;0;0;1;0;0;0;1;0;POINT (13.59242151 52.53703441)
10;2021;7;11;4;2;5;3;0;0;1;0;1;0;0;0;POINT (13.59760045 52.50235257)
8;2021;8;23;2;3;5;3;2;0;1;0;0;0;0;0;POINT (13.43471808 52.48284198)
2;2021;8;16;1;3;0;1;0;0;0;0;1;0;0;0;POINT (13.44052745 52.51349968)
1;2021;7;22;3;2;5;2;2;1;1;0;0;0;0;0;POINT (13.41937449 52.50580077)
8;2021;7;12;5;1;5;2;0;0;0;0;1;0;1;0;POINT (13.50346773 52.4116735)
5;2021;7;16;1;3;2;6;0;0;1;0;1;0;0;0;POINT (13.20791701 52.55906695)
12;2021;8;23;1;3;1;1;2;0;1;0;0;0;0;0;POINT (13.29620988 52.57426643)
1;2021;8;18;6;3;5;3;0;0;1;0;0;0;0;0;POINT (13.39284984 52.5425801)
7;2021;8;15;2;2;6;4;0;0;1;1;0;0;0;0;POINT (13.34770842 52.48530739)
8;2021;8;22;5;2;5;3;2;1;0;0;0;0;1;1;POINT (13.43604229 52.44899516)
12;2021;7;11;1;2;2;6;0;0;1;0;1;0;0;0;POINT (13.32767899 52.60894984)
2;2021;8;9;5;3;5;3;0;1;1;0;0;0;0;0;POINT (13.39858715 52.49640915)
5;2021;8;7;1;3;2;6;0;0;1;0;0;0;0;0;POINT (13.20979546 52.53851399)
8;2021;8;9;5;3;5;3;0;0;1;0;1;0;0;0;POINT (13.51973062 52.412525)
4;2021;7;15;1;3;2;6;0;0;1;0;0;0;0;0;POINT (13.33030499 52.50709083)
3;2021;8;19;3;3;5;3;0;0;1;0;0;0;1;0;POINT (13.40720773 52.53950835)
8;2021;7;12;3;3;3;2;0;0;1;0;0;0;1;0;POINT (13.49676248 52.41568142)
8;2021;7;17;4;3;2;1;0;0;1;0;0;0;1;0;POINT (13.41730546 52.4802773)
9;2021;8;11;1;3;0;3;0;1;1;0;0;0;0;0;POINT (13.59657295 52.44149595)
9;2021;7;15;1;3;5;2;0;0;1;0;0;0;0;0;POINT (13.54125369 52.43535147)
1;2021;8;14;5;3;5;3;0;1;1;0;0;0;0;0;POINT (13.39768158 52.52945209)
12;2021;8;19;2;3;5;2;0;0;1;0;0;0;0;0;POINT (13.29142034 52.62581181)
1;2021;8;18;5;3;3;6;0;1;0;0;0;0;0;0;POINT (13.30982716 52.55171485)
6;2021;7;13;4;3;2;6;0;0;1;0;0;0;0;0;POINT (13.30445258 52.46228612)
12;2021;7;17;5;3;5;3;0;1;1;0;0;0;0;0;POINT (13.37817668 52.56600369)
2;2021;8;9;3;2;5;2;0;1;1;0;0;0;0;0;POINT (13.45786422 52.50950102)
2;2021;7;15;3;3;5;2;0;0;1;0;0;0;1;0;POINT (13.39596643 52.49836844)
3;2021;7;15;6;3;6;4;0;1;0;1;0;0;0;0;POINT (13.43337752 52.55825595)
7;2021;8;14;4;3;6;7;0;0;0;1;0;0;1;0;POINT (13.32836504 52.46617066)
12;2021;8;17;2;3;1;5;0;1;1;0;0;0;0;0;POINT (13.27701929 52.58958538)
6;2021;8;11;1;3;1;5;0;0;1;0;1;0;0;0;POINT (13.33318607 52.45266889)
2;2021;8;16;6;3;5;2;0;1;1;0;0;0;0;0;POINT (13.41253614 52.49189708)
6;2021;7;19;2;2;0;1;0;1;0;0;0;0;0;0;POINT (13.33920187 52.46267204)
2;2021;8;16;2;3;0;1;0;0;0;0;0;0;1;0;POINT (13.39172957 52.49196622)
6;2021;8;21;6;3;5;2;2;1;1;0;0;0;0;1;POINT (13.29028936 52.45805649)
2;2021;7;15;6;3;5;2;0;1;1;0;0;0;0;0;POINT (13.45356431 52.51413556)
8;2021;7;19;6;2;2;4;1;0;1;1;0;0;0;0;POINT (13.46995447 52.42663276)
2;2021;8;9;4;3;5;2;0;1;1;0;0;0;0;0;POINT (13.44634432 52.51763801)
2;2021;7;15;4;3;0;7;0;1;0;0;0;0;0;0;POINT (13.4044485 52.49831277)
5;2021;8;12;5;3;5;3;0;1;1;0;0;0;0;0;POINT (13.15882492 52.46259064)
10;2021;8;18;3;3;3;6;0;1;0;0;1;0;0;0;POINT (13.58200854 52.5207137)
8;2021;8;18;3;3;5;2;0;1;1;0;0;0;0;0;POINT (13.42498582 52.48063265)
6;2021;7;17;6;3;5;2;0;1;0;0;0;0;1;0;POINT (13.34397618 52.46205835)
3;2021;8;16;1;3;2;1;0;1;1;0;0;0;0;0;POINT (13.44971409 52.55266176)
6;2021;7;18;4;2;3;6;0;1;0;0;0;0;0;0;POINT (13.33226656 52.46384839)
3;2021;8;0;7;3;8;1;2;0;1;0;0;0;0;0;POINT (13.37598564 52.59720054)
12;2021;7;13;6;3;5;2;0;0;1;0;1;0;0;0;POINT (13.31463645 52.5752781)
5;2021;7;12;7;3;5;3;0;1;1;0;0;0;0;0;POINT (13.15977524 52.56447809)
1;2021;8;20;5;3;6;4;1;0;0;1;0;0;1;0;POINT (13.38413901 52.51009976)
11;2021;8;16;1;3;6;4;0;1;0;1;0;0;0;0;POINT (13.49676221 52.50747419)
2;2021;8;14;5;3;5;2;0;1;1;0;0;0;0;0;POINT (13.37503017 52.48503927)
12;2021;7;12;1;2;5;3;0;1;1;0;0;0;0;0;POINT (13.34403097 52.59604216)
4;2021;8;8;4;3;5;3;0;0;1;0;0;0;0;0;POINT (13.3037399 52.52552505)
1;2021;7;11;3;3;5;2;0;1;1;0;0;0;0;0;POINT (13.3766071 52.50963631)
4;2021;7;15;4;3;1;5;0;1;1;0;0;0;0;0;POINT (13.31703594 52.51788582)
1;2021;8;13;3;3;3;6;0;1;1;0;0;0;0;0;POINT (13.39063096 52.52439993)
3;2021;8;23;1;2;5;2;2;0;1;0;1;0;0;0;POINT (13.4995467 52.63114025)
5;2021;7;14;2;3;3;6;0;0;1;0;0;0;0;0;POINT (13.21397916 52.53839069)
12;2021;7;9;2;3;0;2;0;0;0;0;0;0;1;0;POINT (13.23461364 52.62195544)
7;2021;8;6;1;3;5;2;0;0;1;0;1;0;0;0;POINT (13.37718495 52.46863916)
4;2021;8;14;6;3;5;2;0;0;1;0;1;0;0;0;POINT (13.30755765 52.50362394)
4;2021;7;18;1;2;5;3;0;0;1;0;0;0;0;0;POINT (13.31048204 52.51609216)
5;2021;8;13;1;2;5;3;0;0;1;0;0;0;1;0;POINT (13.17194393 52.55013538)
12;2021;8;10;6;3;2;6;0;0;1;0;0;0;0;0;POINT (13.3137699 52.60517723)
12;2021;7;11;4;3;0;2;0;1;1;0;0;0;0;0;POINT (13.31206194 52.56795857)
4;2021;7;13;5;2;2;6;0;1;1;0;0;0;0;0;POINT (13.33455058 52.50327685)
3;2021;8;7;3;3;1;5;0;1;1;0;0;0;0;0;POINT (13.42043753 52.56663371)
2;2021;7;12;3;3;5;3;0;1;0;0;0;0;0;0;POINT (13.43420307 52.52332382)
4;2021;8;11;4;3;2;6;0;0;1;0;0;0;0;0;POINT (13.28517485 52.47944476)
6;2021;8;12;3;3;5;3;0;1;1;0;0;0;0;0;POINT (13.26794133 52.44545663)
7;2021;8;8;2;2;0;7;0;0;0;0;1;0;0;1;POINT (13.39422323 52.48395168)
12;2021;8;19;7;2;1;6;1;0;1;0;0;0;0;0;POINT (13.32202058 52.5949458)
1;2021;7;14;2;3;5;3;0;0;1;0;0;0;0;0;POINT (13.39966571 52.50914057)
9;2021;8;8;2;3;2;2;0;0;1;0;0;0;0;0;POINT (13.5931624 52.4516851)
1;2021;8;16;7;3;5;3;0;1;0;0;0;0;1;0;POINT (13.39125581 52.55371159)
1;2021;7;21;5;3;3;6;2;0;0;0;1;0;1;1;POINT (13.39814758 52.53886594)
1;2021;7;14;4;2;6;4;0;0;1;1;0;1;0;0;POINT (13.32835042 52.53429349)
5;2021;8;18;5;2;2;6;0;0;1;0;0;0;0;0;POINT (13.19198285 52.5462357)
7;2021;7;14;5;3;5;3;0;0;1;0;0;0;0;0;POINT (13.37844079 52.43760141)
1;2021;7;19;5;2;5;3;0;0;1;0;0;0;0;0;POINT (13.38997639 52.5094452)
5;2021;8;8;4;3;1;7;0;0;1;0;0;0;0;0;POINT (13.2356064 52.5388382)
9;2021;7;14;4;3;5;2;0;1;1;0;0;0;0;0;POINT (13.54526465 52.42571165)
1;2021;8;13;4;3;5;3;0;1;1;0;0;0;0;0;POINT (13.40567026 52.51411913)
6;2021;8;18;2;3;2;6;0;0;1;0;0;0;0;0;POINT (13.316669 52.42583941)
7;2021;8;16;2;2;5;3;0;0;1;0;1;0;0;1;POINT (13.36020494 52.49044846)
8;2021;8;20;7;3;5;3;1;0;1;0;0;0;1;0;POINT (13.43571769 52.4690285)
4;2021;7;19;3;3;2;6;0;0;1;0;0;0;0;0;POINT (13.28616651 52.4954544)
5;2021;8;16;2;2;0;7;0;1;1;0;0;0;0;0;POINT (13.157739 52.5428897)
1;2021;8;18;6;3;1;5;0;0;1;0;1;0;0;0;POINT (13.39130484 52.52208262)
5;2021;7;12;5;3;5;7;0;0;1;0;0;0;0;0;POINT (13.1557752 52.53295317)
4;2021;8;9;4;3;5;7;0;1;1;0;0;0;0;0;POINT (13.31457762 52.52161751)
1;2021;7;10;5;3;5;2;0;0;1;0;0;0;0;0;POINT (13.33739126 52.55864618)
4;2021;8;15;4;3;5;2;0;0;1;0;0;0;0;0;POINT (13.29734061 52.52651854)
1;2021;8;17;3;3;5;2;0;1;1;0;0;0;0;0;POINT (13.37781432 52.50797437)
2;2021;8;18;2;3;5;7;0;1;0;0;0;0;1;0;POINT (13.42376896 52.48850668)
1;2021;8;20;1;3;2;6;2;0;1;0;0;1;0;1;POINT (13.37747959 52.55629462)
4;2021;7;10;3;2;5;2;0;0;1;0;1;0;0;0;POINT (13.3131446 52.50071038)
10;2021;8;12;7;3;0;6;0;0;1;0;1;0;0;0;POINT (13.51757096 52.5348766)
2;2021;7;20;6;3;5;2;0;1;1;0;0;0;0;0;POINT (13.45730475 52.50341551)
6;2021;8;16;5;3;2;6;0;0;1;0;0;0;0;0;POINT (13.34874075 52.45647818)
8;2021;8;9;1;3;1;5;0;1;1;0;0;0;0;0;POINT (13.43686257 52.48006533)
4;2021;8;16;5;3;5;3;0;0;1;0;0;0;0;0;POINT (13.30710473 52.50566695)
8;2021;7;18;2;3;1;5;0;0;0;0;0;1;1;0;POINT (13.43829666 52.46718265)
10;2021;8;18;4;3;2;2;0;0;1;0;1;0;0;0;POINT (13.56984522 52.54070743)
11;2021;7;10;3;3;5;2;0;1;0;0;0;1;0;0;POINT (13.47822666 52.51503844)
4;2021;7;13;4;3;1;5;0;0;1;0;0;0;0;0;POINT (13.33679746 52.50278975)
6;2021;8;19;3;3;8;1;1;0;1;0;0;0;0;0;POINT (13.2722471 52.41295123)
2;2021;8;8;2;3;2;6;0;0;1;0;0;0;0;0;POINT (13.41008589 52.50150131)
5;2021;7;11;3;3;5;2;0;0;1;0;0;0;0;0;POINT (13.16540521 52.55121303)
6;2021;8;7;3;3;5;3;0;1;0;0;0;0;0;0;POINT (13.1805373 52.41939041)
3;2021;7;8;1;3;5;2;0;1;1;0;0;0;0;0;POINT (13.42244157 52.55992991)
2;2021;8;21;1;3;5;3;2;0;1;0;0;0;0;1;POINT (13.39957216 52.50458624)
2;2021;8;2;6;3;0;1;2;0;0;0;1;0;0;0;POINT (13.42006557 52.50222997)
1;2021;7;21;2;3;0;2;2;1;1;0;0;0;0;0;POINT (13.42820112 52.50728368)
7;2021;8;16;2;3;6;4;0;0;1;1;0;0;0;0;POINT (13.40743345 52.38667027)
3;2021;8;14;6;3;0;7;0;0;1;0;0;0;0;0;POINT (13.39424496 52.57247988)
12;2021;7;18;4;3;1;5;0;0;1;0;1;0;0;1;POINT (13.35131855 52.59642687)
7;2021;7;15;5;3;1;7;0;0;1;0;0;0;0;0;POINT (13.3927715 52.42130816)
6;2021;8;8;3;2;5;2;0;1;1;0;0;0;0;0;POINT (13.29665531 52.46439849)
8;2021;7;20;4;2;5;7;0;0;1;0;1;0;0;0;POINT (13.42792631 52.47380666)
1;2021;8;11;4;3;1;6;0;1;1;0;0;0;0;0;POINT (13.364088 52.50927865)
1;2021;8;13;4;3;5;2;0;1;1;0;0;0;0;0;POINT (13.40630682 52.5249491)
1;2021;8;12;2;3;2;6;0;0;1;0;0;0;0;1;POINT (13.32835155 52.53428031)
1;2021;7;20;6;3;5;2;1;0;1;0;0;0;1;0;POINT (13.4236882 52.5238857)
9;2021;8;0;7;2;9;1;2;0;0;0;1;0;0;0;POINT (13.56918142 52.44434839)
3;2021;7;15;3;3;1;5;0;0;1;0;0;0;1;0;POINT (13.43076259 52.56115686)
10;2021;8;13;1;3;2;6;0;0;0;0;1;1;0;0;POINT (13.51787367 52.53552371)
11;2021;7;14;6;3;5;3;0;0;1;0;0;0;1;0;POINT (13.5084213 52.54924006)
1;2021;7;18;4;2;5;2;1;0;1;0;1;0;0;0;POINT (13.38208869 52.51396047)
12;2021;8;7;5;3;0;7;0;1;0;0;0;0;0;0;POINT (13.29008853 52.58219982)
1;2021;8;11;1;3;0;3;0;0;1;0;1;0;0;0;POINT (13.39279598 52.54252543)
1;2021;8;9;5;3;0;7;0;0;1;0;1;0;0;0;POINT (13.42276904 52.5140191)
7;2021;8;14;2;3;2;6;0;0;1;0;0;0;0;0;POINT (13.38147647 52.44048259)
9;2021;7;9;4;3;2;2;0;0;1;0;0;0;1;0;POINT (13.57695684 52.44434854)
3;2021;7;14;4;3;0;7;0;0;0;0;0;0;1;0;POINT (13.43245139 52.55045212)
4;2021;8;13;2;2;5;2;0;1;1;0;0;0;0;0;POINT (13.28776378 52.48088897)
12;2021;7;13;3;3;0;5;0;0;1;0;0;0;1;0;POINT (13.37761279 52.57071989)
2;2021;7;14;6;3;2;6;0;0;1;0;0;0;1;0;POINT (13.39571283 52.49837509)
8;2021;8;13;5;3;2;6;0;0;1;0;0;0;0;0;POINT (13.42892209 52.48601778)
3;2021;8;20;1;3;0;1;0;1;0;0;0;0;0;0;POINT (13.42366483 52.55155803)
10;2021;8;13;6;3;5;3;0;1;1;0;0;0;0;0;POINT (13.56177434 52.54997292)
4;2021;7;18;2;3;2;7;0;0;1;0;1;0;0;0;POINT (13.28018836 52.5178986)
4;2021;8;10;3;3;5;2;0;0;1;0;0;0;0;0;POINT (13.32507392 52.51748954)
12;2021;7;17;4;3;5;2;0;1;1;0;0;0;0;1;POINT (13.3132612 52.58558172)
4;2021;7;8;5;3;0;2;0;1;1;0;0;0;0;0;POINT (13.32035088 52.48172332)
9;2021;8;13;3;3;2;6;0;0;1;0;1;0;0;0;POINT (13.47241922 52.45428505)
9;2021;8;15;1;3;5;2;0;0;1;0;0;0;0;0;POINT (13.53860396 52.43447265)
10;2021;8;12;5;3;5;3;0;1;1;0;0;0;0;0;POINT (13.56092024 52.49256921)
5;2021;8;17;3;2;0;3;0;0;1;0;1;0;0;0;POINT (13.22266572 52.53982491)
5;2021;8;18;1;3;5;2;0;0;1;0;0;0;0;1;POINT (13.18456466 52.51555093)
7;2021;7;16;3;3;0;3;0;1;1;0;0;0;0;0;POINT (13.35907057 52.48368633)
4;2021;8;23;7;3;0;1;2;0;0;0;0;0;1;0;POINT (13.31017433 52.51636883)
4;2021;7;18;6;3;5;2;0;0;1;0;0;0;0;0;POINT (13.302024 52.52583347)
8;2021;8;15;5;3;5;2;0;1;1;0;0;0;0;0;POINT (13.45706342 52.45336502)
5;2021;8;16;2;2;6;4;0;0;1;1;0;0;0;0;POINT (13.14961525 52.55411039)
11;2021;8;6;6;3;5;2;0;0;1;0;0;0;0;0;POINT (13.46770645 52.54651945)
12;2021;7;12;1;3;5;3;0;1;0;0;0;0;0;0;POINT (13.32326315 52.59746395)
5;2021;8;13;3;3;5;2;0;0;1;0;1;0;0;0;POINT (13.20074491 52.5385948)
9;2021;7;5;3;3;0;6;0;0;1;0;0;0;1;1;POINT (13.57867341 52.45781128)
5;2021;7;14;4;2;2;2;0;0;1;0;1;0;0;0;POINT (13.15552824 52.55299415)
10;2021;8;17;3;3;5;3;0;0;1;0;0;0;1;0;POINT (13.56745225 52.57332116)
1;2021;8;16;1;3;5;2;0;1;0;0;0;0;1;0;POINT (13.40365602 52.5260261)
4;2021;7;20;4;3;1;5;0;1;1;0;0;0;0;0;POINT (13.29892589 52.51968769)
4;2021;8;16;3;2;5;3;0;1;1;0;0;0;0;0;POINT (13.30420282 52.50371665)
2;2021;8;21;2;3;5;3;2;1;1;0;0;0;0;0;POINT (13.4103254 52.50377613)
1;2021;8;14;1;3;5;3;0;1;1;0;0;0;0;0;POINT (13.37370703 52.54223773)
1;2021;8;9;6;3;5;3;0;1;1;0;0;0;0;0;POINT (13.37089335 52.51107969)
4;2021;7;14;2;3;2;6;0;0;1;0;1;0;0;0;POINT (13.30034779 52.52227611)
4;2021;8;10;2;3;5;2;0;1;1;0;0;0;0;0;POINT (13.29954096 52.51947728)
8;2021;8;12;7;3;1;5;0;1;1;0;0;0;0;0;POINT (13.44117297 52.48249032)
5;2021;7;12;4;3;5;2;0;1;1;0;0;0;0;0;POINT (13.21506089 52.56076293)
10;2021;7;20;5;3;2;2;1;0;1;0;0;0;0;0;POINT (13.61767496 52.52048479)
12;2021;8;8;4;2;5;3;0;0;1;0;1;0;0;0;POINT (13.35194227 52.56597039)
7;2021;7;15;4;3;0;2;0;0;1;0;0;0;1;0;POINT (13.35595459 52.48609561)
1;2021;8;17;4;3;1;5;0;1;1;0;0;0;0;0;POINT (13.40692335 52.52562087)
2;2021;7;22;6;2;1;5;2;1;1;0;0;0;0;0;POINT (13.45115623 52.51085219)
5;2021;8;9;4;3;1;5;0;0;1;0;0;0;1;0;POINT (13.19121119 52.54936355)
1;2021;8;10;2;3;5;3;0;1;1;0;0;0;0;0;POINT (13.39864469 52.53256291)
9;2021;8;12;7;3;2;6;0;1;1;0;0;0;0;0;POINT (13.55262369 52.43068244)
6;2021;7;19;3;3;1;5;0;1;1;0;0;0;0;0;POINT (13.29657315 52.42629439)
7;2021;8;22;7;3;0;1;2;0;1;0;0;0;0;1;POINT (13.36792065 52.48510824)
11;2021;7;0;7;3;6;4;2;0;0;1;0;0;1;0;POINT (13.51254626 52.55519689)
7;2021;8;13;4;3;1;7;0;0;1;0;0;0;1;0;POINT (13.38883653 52.44784215)
12;2021;7;8;1;3;2;6;0;0;1;0;0;0;0;1;POINT (13.34372597 52.58908262)
9;2021;8;10;5;3;5;2;0;1;0;0;0;1;0;0;POINT (13.4547099 52.49419712)
8;2021;8;11;1;3;5;2;0;0;1;0;0;0;1;0;POINT (13.42699791 52.48732817)
5;2021;8;13;5;3;2;6;0;0;1;0;0;0;0;0;POINT (13.26738134 52.5310657)
2;2021;7;8;1;2;5;2;0;1;0;0;0;0;1;0;POINT (13.42999194 52.52328788)
11;2021;8;16;3;3;2;6;0;0;1;0;1;0;0;0;POINT (13.47686416 52.50072687)
2;2021;7;10;3;3;3;6;0;1;0;0;0;0;0;0;POINT (13.44625726 52.50222719)
9;2021;7;15;5;3;0;7;0;0;1;0;0;0;0;0;POINT (13.5834479 52.45905434)
2;2021;8;23;2;3;6;2;2;0;1;1;0;0;0;0;POINT (13.38615926 52.4850296)
4;2021;7;22;5;3;5;2;2;0;1;0;0;0;0;0;POINT (13.28009184 52.51835215)
4;2021;7;0;1;2;0;1;2;0;0;0;0;0;1;0;POINT (13.31269791 52.49429889)
5;2021;8;16;5;2;5;2;0;1;1;0;0;0;0;0;POINT (13.18501545 52.53799017)
1;2021;8;7;1;3;1;7;0;1;1;0;0;0;0;0;POINT (13.41019002 52.52755919)
2;2021;8;23;5;3;5;7;2;0;1;0;0;0;0;1;POINT (13.39952936 52.4983038)
4;2021;7;22;4;2;5;2;2;0;1;0;0;0;0;0;POINT (13.28032171 52.5063766)
1;2021;7;11;5;3;5;3;0;1;1;0;0;0;0;0;POINT (13.402661 52.53854694)
1;2021;8;9;2;3;0;3;0;1;0;0;0;0;0;0;POINT (13.4100217 52.528142)
4;2021;8;16;2;3;5;3;0;0;1;0;0;0;0;0;POINT (13.33126453 52.50690318)
8;2021;7;13;4;2;5;3;0;1;1;0;0;0;0;0;POINT (13.43408906 52.46313405)
10;2021;8;15;4;3;5;3;0;1;1;0;0;0;0;0;POINT (13.5902806 52.52950126)
3;2021;8;11;3;2;5;2;0;0;1;0;0;0;0;0;POINT (13.44721505 52.53058251)
10;2021;8;13;1;3;6;4;0;0;1;1;0;0;0;0;POINT (13.61318062 52.49910038)
10;2021;8;11;6;3;5;2;0;1;1;0;0;0;0;0;POINT (13.51777415 52.53537692)
3;2021;7;18;3;3;5;2;0;1;1;0;0;0;0;0;POINT (13.41272611 52.54440205)
6;2021;8;11;2;3;3;6;0;1;1;0;0;0;0;0;POINT (13.30946113 52.43114954)
1;2021;8;14;6;3;5;2;0;0;1;0;0;0;0;0;POINT (13.3452104 52.52620224)
9;2021;7;11;5;3;5;2;0;0;1;0;1;0;0;0;POINT (13.51444213 52.44651178)
3;2021;7;5;6;3;0;1;1;0;1;0;0;0;0;0;POINT (13.45865756 52.52921413)
1;2021;8;8;3;3;1;5;0;1;1;0;0;0;0;0;POINT (13.38712523 52.52695276)
4;2021;7;15;4;3;3;6;0;0;1;0;0;0;0;0;POINT (13.32441058 52.51014036)
6;2021;8;11;4;3;2;6;0;0;1;0;1;0;0;0;POINT (13.32484905 52.46109713)
7;2021;8;12;4;3;5;2;0;0;1;0;0;0;0;0;POINT (13.34493935 52.48914959)
12;2021;8;11;3;3;1;5;0;1;1;0;0;0;0;0;POINT (13.22394365 52.62181951)
12;2021;7;18;3;3;0;6;0;0;1;0;0;0;1;0;POINT (13.2985701 52.57854655)
1;2021;7;18;6;3;4;6;0;1;0;0;0;0;1;0;POINT (13.38502226 52.53110491)
3;2021;8;15;3;3;5;3;0;1;1;0;0;0;0;0;POINT (13.44428119 52.56524109)