bez;ujahr;umonat;ustunde;uwochentag;ukategorie;uart;utyp1;ulichtverh;istrad;istpkw;istfuss;istkrad;istgkfz;istsonstige;ustrzustand;geometry
9;2021;8;8;3;2;6;4;0;0;1;1;0;0;0;0;POINT (13.6249256 52.45692989)
4;2021;8;13;1;3;1;5;0;0;1;0;0;0;1;0;POINT (13.29974246 52.51865742)
11;2021;8;16;6;3;2;6;0;0;1;0;1;0;0;0;POINT (13.50834413 52.49371746)
1;2021;7;15;2;3;2;6;0;1;1;0;0;0;0;0;POINT (13.38709376 52.54981124)
10;2021;8;11;2;2;0;7;0;0;1;0;0;0;0;0;POINT (13.53731021 52.53448405)
5;2021;7;8;2;3;0;7;0;0;1;0;0;0;1;0;POINT (13.15294104 52.54952308)
5;2021;8;14;7;3;6;7;0;1;0;1;0;0;0;0;POINT (13.16627721 52.51809275)
4;2021;7;15;6;3;5;2;0;0;1;0;1;0;0;0;POINT (13.3087579 52.50025763)
2;2021;7;18;6;3;5;2;0;1;1;0;0;0;0;0;POINT (13.45928188 52.5125053)
4;2021;8;17;4;3;5;2;0;1;1;0;0;0;0;0;POINT (13.29562688 52.49346292)
8;2021;7;11;5;3;5;3;0;0;1;0;0;0;0;0;POINT (13.46173367 52.43080786)
4;2021;8;16;4;2;2;7;0;1;1;0;0;0;0;0;POINT (13.28658439 52.51901987)
5;2021;7;13;6;2;2;2;0;0;1;0;0;0;0;0;POINT (13.17813281 52.52537866)
3;2021;8;8;4;3;5;2;0;1;1;0;0;0;0;0;POINT (13.40868956 52.54727876)
11;2021;8;14;2;3;5;2;0;1;1;0;0;0;0;0;POINT (13.4846494 52.51394501)
9;2021;8;19;7;3;0;1;0;0;0;0;1;0;0;0;POINT (13.56926841 52.45314426)
9;2021;7;11;3;2;5;2;0;0;1;0;1;0;0;0;POINT (13.51431795 52.4464812)
9;2021;8;22;7;2;5;3;2;0;1;0;0;0;0;1;POINT (13.59272507 52.428903)
10;2021;7;13;6;3;2;6;0;0;1;0;0;0;0;0;POINT (13.56281981 52.49911133)
7;2021;7;7;1;3;2;6;0;1;1;0;0;0;0;0;POINT (13.36183777 52.44720568)
8;2021;8;18;5;3;5;3;0;1;1;0;0;0;0;0;POINT (13.46080555 52.46815734)
12;2021;8;9;1;3;1;5;0;1;1;0;0;0;0;0;POINT (13.30835459 52.58491395)
7;2021;8;18;5;3;0;1;0;1;0;0;0;0;0;1;POINT (13.38278229 52.403812)
1;2021;7;16;1;3;5;3;0;1;0;0;0;0;0;0;POINT (13.40261263 52.53137195)
2;2021;8;16;3;3;3;6;0;1;0;0;1;0;0;0;POINT (13.41018976 52.50293548)
11;2021;7;11;4;2;5;7;0;0;1;0;0;0;1;0;POINT (13.46944777 52.54254841)
1;2021;7;8;4;3;5;2;0;1;1;0;0;0;0;0;POINT (13.41420065 52.50808865)
1;2021;8;17;3;3;6;7;0;1;0;1;0;0;0;0;POINT (13.3889028 52.54757158)
6;2021;8;19;2;3;5;3;0;1;1;0;0;0;0;0;POINT (13.3403272 52.43625274)
9;2021;7;14;2;3;5;3;0;0;1;0;0;0;1;0;POINT (13.56929864 52.44265342)
9;2021;7;8;1;3;5;2;0;1;0;0;0;0;1;0;POINT (13.52729145 52.43195686)
2;2021;8;7;1;3;5;2;0;1;1;0;0;0;0;0;POINT (13.42800076 52.52658323)
2;2021;8;14;6;3;5;2;0;1;1;0;0;0;0;0;POINT (13.45885525 52.51142505)
9;2021;8;6;2;3;6;4;0;0;0;1;1;0;0;0;POINT (13.49037102 52.46748427)
10;2021;8;14;6;3;2;6;0;0;1;0;0;0;0;0;POINT (13.5733324 52.55172704)
1;2021;7;16;4;3;5;3;0;1;1;0;0;0;0;1;POINT (13.41163447 52.5047844)
9;2021;7;8;5;3;6;2;0;0;1;1;0;0;0;0;POINT (13.49136531 52.46914792)
2;2021;8;5;4;3;5;3;0;1;1;0;0;0;0;0;POINT (13.42756374 52.51777709)
3;2021;7;13;4;3;5;3;0;0;1;0;0;0;0;0;POINT (13.49641515 52.62884008)
4;2021;8;13;4;3;0;7;0;0;0;0;1;0;1;1;POINT (13.33088675 52.50082157)
6;2021;8;17;3;2;5;2;0;1;1;0;0;0;0;0;POINT (13.30427805 52.46011395)
7;2021;8;7;2;3;5;2;0;1;1;0;0;0;0;1;POINT (13.42047743 52.46173528)
7;2021;7;11;6;3;2;2;0;0;1;0;0;0;0;0;POINT (13.37164343 52.42358953)
6;2021;8;12;7;3;5;3;0;0;1;0;0;0;0;0;POINT (13.28593589 52.44972637)
2;2021;7;12;3;3;5;3;0;0;1;0;0;0;1;0;POINT (13.45197974 52.5036206)
9;2021;8;7;2;3;5;3;0;1;1;0;0;0;0;0;POINT (13.55505453 52.44051813)
1;2021;8;20;6;2;1;7;1;0;1;0;0;0;0;1;POINT (13.4024392 52.52830091)
2;2021;7;13;6;3;3;6;0;1;0;0;0;0;1;0;POINT (13.42097037 52.50366607)
1;2021;7;19;7;3;1;5;0;0;1;0;1;0;0;1;POINT (13.39522825 52.56169089)
1;2021;7;13;5;3;1;5;0;1;1;0;0;0;0;0;POINT (13.40805932 52.52841236)
4;2021;8;16;5;3;1;5;0;0;1;0;0;0;1;0;POINT (13.29454642 52.50503526)
2;2021;7;16;2;3;5;3;0;1;1;0;0;0;0;0;POINT (13.42454737 52.49720355)
9;2021;8;15;4;3;5;3;0;1;1;0;0;0;0;0;POINT (13.50813187 52.45294093)
1;2021;8;19;3;3;2;6;0;0;1;0;0;0;1;0;POINT (13.34561015 52.50399987)
2;2021;8;6;1;3;5;2;0;1;1;0;0;0;0;0;POINT (13.39583774 52.49783785)
1;2021;7;17;3;3;3;6;0;1;0;0;0;0;0;0;POINT (13.34359534 52.53268995)
2;2021;8;17;7;3;5;2;0;1;0;0;1;0;0;0;POINT (13.38232934 52.48984746)
12;2021;7;2;7;2;1;1;2;0;1;0;0;0;1;0;POINT (13.30951071 52.60385905)
9;2021;8;22;5;3;4;5;2;0;1;0;0;0;0;0;POINT (13.61135494 52.44816094)
2;2021;8;5;1;3;2;6;0;1;1;0;0;0;0;0;POINT (13.42280368 52.49905285)
1;2021;8;21;4;3;6;4;2;0;1;1;0;0;0;0;POINT (13.37311502 52.55661415)
6;2021;7;18;1;3;2;6;0;0;1;0;0;0;0;0;POINT (13.34689564 52.45019566)
5;2021;8;12;3;3;0;7;0;1;0;0;0;0;0;0;POINT (13.21689012 52.5377942)
2;2021;7;17;3;3;5;2;0;1;1;0;0;0;0;0;POINT (13.37674034 52.49146784)
8;2021;7;16;4;3;0;6;0;0;1;0;1;0;0;0;POINT (13.4538349 52.4824307)
3;2021;8;10;2;2;5;3;0;1;1;0;0;0;0;1;POINT (13.38976687 52.57429414)
7;2021;8;19;1;3;5;2;0;1;1;0;0;0;0;0;POINT (13.37810039 52.46632094)
6;2021;7;11;2;2;5;2;0;0;1;0;1;0;0;0;POINT (13.33760952 52.45853574)
8;2021;8;16;2;3;5;3;0;1;1;0;0;0;0;0;POINT (13.47246945 52.4314325)
4;2021;8;15;7;2;2;6;0;1;1;0;0;0;0;0;POINT (13.28576766 52.49517539)
1;2021;7;1;4;2;0;7;2;0;0;0;0;0;1;0;POINT (13.37490107 52.52305646)
7;2021;8;20;7;2;0;2;1;1;0;0;0;0;1;1;POINT (13.3854192 52.46712304)
2;2021;7;13;6;3;0;1;0;1;0;0;0;0;0;0;POINT (13.46472593 52.51458278)
3;2021;7;9;7;3;2;6;0;1;1;0;0;0;0;0;POINT (13.43292781 52.59602231)
4;2021;8;8;5;3;0;3;0;1;1;0;0;0;0;0;POINT (13.29120086 52.5396698)
5;2021;8;12;1;3;1;5;0;0;1;0;0;0;0;0;POINT (13.1803112 52.49097486)
5;2021;8;11;5;2;5;7;0;0;1;0;1;0;0;0;POINT (13.19777233 52.51780388)
1;2021;8;21;3;3;5;2;2;0;1;0;0;0;0;0;POINT (13.36989499 52.55976787)
12;2021;7;16;3;2;3;6;0;0;1;0;0;0;1;0;POINT (13.25804003 52.56796766)
4;2021;7;8;4;3;5;3;0;1;0;0;0;0;1;0;POINT (13.33425693 52.50858676)
4;2021;8;21;2;3;0;7;2;0;0;0;1;0;0;0;POINT (13.28413936 52.48538837)
9;2021;8;11;2;3;2;1;0;0;1;0;0;0;0;0;POINT (13.53970339 52.45078295)
4;2021;7;11;2;3;0;2;0;1;0;0;1;0;0;0;POINT (13.29879016 52.49530367)
5;2021;7;7;1;3;5;3;0;0;1;0;1;0;0;0;POINT (13.20965838 52.55057614)
8;2021;8;13;1;3;6;7;0;0;0;1;0;0;1;0;POINT (13.43203207 52.48631001)
7;2021;8;0;5;3;5;7;2;1;1;0;0;0;0;0;POINT (13.32827774 52.46899098)
1;2021;7;18;1;3;3;6;0;1;0;0;0;0;0;0;POINT (13.39724217 52.53248382)
9;2021;8;16;2;3;5;2;0;1;1;0;0;0;0;0;POINT (13.5214103 52.46641281)
3;2021;8;12;5;3;0;6;0;0;1;0;0;1;0;0;POINT (13.41873668 52.56913886)
1;2021;7;11;5;3;5;2;0;1;1;0;0;0;0;0;POINT (13.34133656 52.53220016)
4;2021;7;14;5;2;5;2;0;0;1;0;1;0;0;0;POINT (13.32654352 52.49115653)
7;2021;8;8;3;3;5;2;0;1;0;0;0;1;0;0;POINT (13.39266186 52.41278668)
10;2021;7;3;4;2;0;1;2;1;0;0;0;0;0;0;POINT (13.58270096 52.51862051)
4;2021;8;17;4;3;5;2;0;1;1;0;0;0;0;0;POINT (13.33718413 52.49445467)
11;2021;8;17;2;3;5;2;0;0;1;0;0;0;0;0;POINT (13.51002855 52.55039125)
10;2021;8;15;2;3;3;6;0;1;1;0;0;0;0;1;POINT (13.56361415 52.49687036)
1;2021;7;20;6;2;5;3;0;1;1;0;0;0;0;0;POINT (13.34888003 52.51512306)
6;2021;8;18;7;3;5;2;0;1;1;0;0;0;0;0;POINT (13.33925251 52.45863881)
7;2021;7;21;2;2;3;2;1;1;1;0;0;0;0;0;POINT (13.36223596 52.4122575)
8;2021;8;7;2;3;5;3;0;0;1;0;0;0;0;0;POINT (13.48358908 52.43128531)
8;2021;8;22;6;3;5;7;2;0;1;0;1;0;0;1;POINT (13.43486521 52.48302077)
4;2021;7;19;5;3;6;4;0;0;0;1;0;0;1;0;POINT (13.33592086 52.5044393)
11;2021;8;18;4;3;4;5;0;1;1;0;0;0;0;0;POINT (13.49899096 52.51713964)
3;2021;7;15;5;2;5;3;0;1;0;0;1;0;0;0;POINT (13.46295402 52.53232396)
2;2021;8;9;5;3;5;2;0;1;1;0;0;0;0;0;POINT (13.46473165 52.49754867)
6;2021;8;11;1;2;5;3;0;1;1;0;0;0;0;0;POINT (13.28933031 52.4185369)
5;2021;8;17;5;3;5;2;0;0;1;0;0;0;0;0;POINT (13.22724823 52.5494751)
2;2021;8;10;3;3;0;2;0;1;1;0;0;0;0;0;POINT (13.43294756 52.5233412)
3;2021;8;9;1;3;1;5;0;1;1;0;0;0;0;0;POINT (13.39711436 52.56686466)
1;2021;7;17;4;3;2;6;0;0;1;0;0;0;0;0;POINT (13.37219505 52.53875982)
11;2021;8;18;7;3;5;3;0;0;1;0;0;0;0;0;POINT (13.50997829 52.5034927)
7;2021;7;22;7;3;5;3;2;0;1;0;0;0;0;0;POINT (13.37195366 52.46988473)
3;2021;8;15;5;3;5;2;0;1;1;0;0;0;0;0;POINT (13.47693962 52.56699383)
9;2021;8;22;1;3;0;3;2;0;0;0;1;0;0;1;POINT (13.56461433 52.43862734)
4;2021;8;15;6;3;5;7;0;0;1;0;1;0;0;0;POINT (13.30500241 52.50359363)
2;2021;7;21;2;3;5;2;2;0;1;0;0;0;0;0;POINT (13.38588286 52.48503318)
9;2021;8;9;4;3;1;5;0;1;1;0;0;0;0;0;POINT (13.50707213 52.44849713)
9;2021;7;10;3;3;3;6;0;0;1;0;1;0;0;0;POINT (13.62555253 52.45769556)
9;2021;7;11;4;2;5;3;0;0;0;0;1;0;1;0;POINT (13.48569295 52.46444809)
8;2021;8;18;2;3;7;7;0;1;1;0;0;0;1;1;POINT (13.43496188 52.4830941)
2;2021;8;16;1;2;5;3;0;0;1;0;0;0;1;0;POINT (13.43290616 52.51791254)
4;2021;7;1;3;3;0;7;2;0;1;0;0;0;0;0;POINT (13.24275868 52.50644817)
9;2021;8;16;3;2;5;2;0;1;1;0;0;0;0;0;POINT (13.54146912 52.43539811)
7;2021;7;9;2;3;2;2;0;0;1;0;0;0;0;0;POINT (13.38814566 52.48429007)
2;2021;8;23;1;3;5;3;2;0;1;0;0;0;0;1;POINT (13.41392484 52.50036359)
11;2021;8;0;6;3;0;1;2;1;0;0;0;0;0;0;POINT (13.47517101 52.50148917)
5;2021;7;22;2;3;1;1;2;0;1;0;0;0;1;0;POINT (13.16903034 52.53359605)
2;2021;8;18;2;3;3;6;0;0;1;0;0;0;0;0;POINT (13.4530997 52.51582666)
1;2021;8;20;6;3;0;4;0;1;0;1;0;0;0;0;POINT (13.40341742 52.53222234)
1;2021;7;20;4;3;2;2;1;0;1;0;0;0;0;0;POINT (13.35685422 52.53567669)
2;2021;7;11;5;3;5;2;0;1;1;0;0;0;0;0;POINT (13.41030438 52.50378172)
1;2021;8;7;3;3;5;2;0;1;1;0;0;0;0;0;POINT (13.39028849 52.55554788)
5;2021;7;9;4;3;5;2;0;0;1;0;0;0;0;0;POINT (13.15784898 52.54308527)
5;2021;8;14;4;3;1;5;0;0;1;0;0;0;0;0;POINT (13.1977747 52.52230911)
9;2021;8;13;3;3;2;6;0;0;1;0;0;0;0;0;POINT (13.58365509 52.46295791)
5;2021;8;15;2;3;5;2;0;1;1;0;0;0;0;1;POINT (13.15796142 52.54305989)
1;2021;8;17;7;3;5;3;0;1;0;0;0;0;1;0;POINT (13.34875936 52.5485604)
1;2021;7;8;3;3;5;2;0;1;1;0;0;0;0;0;POINT (13.37429227 52.54364632)
1;2021;7;15;1;3;2;6;0;0;1;0;1;0;0;0;POINT (13.3412584 52.50502715)
7;2021;8;11;1;3;2;6;0;0;1;0;0;0;0;0;POINT (13.35249909 52.49958794)
2;2021;8;18;6;3;1;5;0;0;1;0;0;0;1;0;POINT (13.43789046 52.5031969)
4;2021;7;17;1;3;2;2;0;1;0;0;0;0;0;0;POINT (13.33134375 52.50303438)
4;2021;8;13;1;3;5;3;0;0;1;0;0;0;0;0;POINT (13.33108173 52.49536305)
7;2021;8;10;6;3;5;3;0;1;1;0;0;0;0;0;POINT (13.36124669 52.49441903)
1;2021;7;19;4;3;5;3;0;1;1;0;0;0;0;0;POINT (13.37964849 52.55293788)
12;2021;7;11;5;3;2;6;0;0;1;0;0;0;1;0;POINT (13.31245668 52.58522893)
3;2021;8;7;4;3;0;7;0;1;0;0;0;0;0;0;POINT (13.42186159 52.57325634)
3;2021;7;9;3;3;5;3;0;1;0;0;0;0;1;0;POINT (13.47109026 52.61539997)
4;2021;8;10;4;3;5;7;0;0;1;0;1;0;0;0;POINT (13.30654659 52.51811838)
11;2021;8;15;4;2;6;4;0;0;1;1;0;0;0;0;POINT (13.52059151 52.56881806)
1;2021;8;16;2;3;0;1;0;0;0;0;1;0;0;0;POINT (13.39132369 52.55728837)
12;2021;8;21;7;3;8;1;2;0;1;0;0;0;0;0;POINT (13.26228189 52.59850441)
2;2021;7;17;2;3;6;3;0;1;0;1;0;0;0;0;POINT (13.41943269 52.49000867)
5;2021;8;10;2;3;6;7;0;0;1;1;0;0;0;0;POINT (13.2077798 52.52785511)
4;2021;7;9;2;3;6;4;0;1;0;1;0;0;0;0;POINT (13.32725901 52.52026673)
1;2021;8;22;6;3;0;7;2;0;1;0;0;0;0;1;POINT (13.36114961 52.54980677)
3;2021;7;7;5;3;0;1;0;0;1;0;0;0;0;0;POINT (13.4276468 52.58765598)
1;2021;7;23;5;3;1;5;2;1;0;0;0;0;1;1;POINT (13.3990157 52.53241965)
8;2021;7;6;4;3;5;2;0;0;1;0;0;0;0;0;POINT (13.46001373 52.43187468)
11;2021;8;10;5;3;6;4;0;0;1;1;0;0;0;0;POINT (13.49131516 52.54348903)
8;2021;8;15;1;3;5;2;0;1;1;0;0;0;0;0;POINT (13.44889544 52.48508469)
9;2021;8;19;5;3;0;5;0;1;0;0;0;0;0;1;POINT (13.56926647 52.44316915)
8;2021;8;19;3;3;5;7;0;0;1;0;1;0;0;0;POINT (13.42466577 52.48412249)
2;2021;8;16;1;3;6;4;0;0;1;1;0;0;0;0;POINT (13.46488166 52.51642377)
6;2021;7;17;3;3;0;6;0;1;1;0;0;0;0;0;POINT (13.2961792 52.44345165)
2;2021;8;9;1;3;5;2;0;1;1;0;0;0;0;0;POINT (13.41045283 52.50380109)
6;2021;7;0;6;3;1;5;2;0;1;0;0;1;0;1;POINT (13.22975418 52.42825727)
10;2021;8;16;5;3;6;2;0;0;1;1;0;0;0;0;POINT (13.61332431 52.50879441)
4;2021;8;20;1;3;0;1;2;0;0;0;1;0;0;1;POINT (13.31314236 52.48043802)
2;2021;8;14;5;3;6;4;0;0;1;1;0;0;0;0;POINT (13.382598 52.50457008)
10;2021;7;17;1;2;5;3;0;0;1;0;0;0;1;0;POINT (13.5401224 52.52578212)
5;2021;8;12;3;2;4;6;0;0;0;0;1;0;1;0;POINT (13.16518659 52.55079272)
9;2021;7;20;4;2;5;2;0;1;1;0;0;0;0;0;POINT (13.45355265 52.48923963)
4;2021;7;16;6;3;5;2;0;0;1;0;0;0;0;0;POINT (13.29741401 52.52648539)
10;2021;8;13;3;2;2;2;0;0;1;0;1;0;0;0;POINT (13.57141074 52.54611727)
4;2021;8;2;3;3;8;1;2;0;1;0;0;0;1;0;POINT (13.30323998 52.47525573)
5;2021;7;18;3;2;2;7;0;0;1;0;1;0;0;0;POINT (13.17574352 52.53386308)
6;2021;8;15;3;3;5;3;0;0;1;0;0;0;0;0;POINT (13.32059555 52.46444181)
11;2021;8;17;2;2;5;3;1;1;1;0;0;0;0;0;POINT (13.4992242 52.52034669)
8;2021;8;12;1;3;0;7;0;1;0;0;0;0;0;0;POINT (13.43575164 52.44937472)
12;2021;8;18;6;3;5;2;0;1;1;0;0;0;0;0;POINT (13.32165966 52.5656588)
1;2021;7;14;2;3;2;6;0;0;1;0;0;0;1;0;POINT (13.39962139 52.52369392)
4;2021;8;11;2;3;1;5;0;1;1;0;0;0;0;0;POINT (13.31918156 52.50163993)
8;2021;8;22;7;3;4;6;2;1;1;0;0;0;0;1;POINT (13.43626274 52.48016924)
4;2021;7;13;6;3;6;7;0;0;1;1;0;0;0;0;POINT (13.32147021 52.48641564)
2;2021;7;20;6;3;5;2;0;1;1;0;0;0;0;0;POINT (13.37675212 52.49143154)
3;2021;8;1;4;3;2;7;2;1;0;0;0;0;1;0;POINT (13.43173667 52.53226285)
6;2021;7;18;4;3;1;5;0;0;1;0;0;0;0;0;POINT (13.31425802 52.46473706)
2;2021;8;17;4;2;5;2;0;1;1;0;0;0;0;0;POINT (13.39833978 52.50706645)
8;2021;8;10;4;2;5;3;0;0;0;0;1;1;0;0;POINT (13.44360762 52.46425243)
10;2021;8;15;2;3;5;3;0;0;1;0;0;0;1;0;POINT (13.59892867 52.52833695)
12;2021;8;11;7;2;0;1;0;0;0;0;1;0;0;0;POINT (13.30801881 52.5566686)
2;2021;7;7;3;3;5;3;0;1;1;0;0;0;0;0;POINT (13.41117219 52.50350606)
7;2021;8;9;1;3;0;6;0;0;1;0;1;0;0;0;POINT (13.3740235 52.42429257)
1;2021;7;19;1;3;0;6;0;1;0;0;0;0;0;0;POINT (13.41811759 52.51687749)
2;2021;8;22;4;3;5;3;2;1;1;0;0;0;0;0;POINT (13.41223253 52.50307779)
11;2021;7;11;7;2;6;4;0;0;1;1;0;0;0;0;POINT (13.47941111 52.52329536)
10;2021;8;19;4;3;5;3;0;0;1;0;0;0;0;0;POINT (13.54885813 52.53400906)
4;2021;8;17;1;3;5;7;0;0;1;0;1;0;0;0;POINT (13.29546861 52.49794155)
8;2021;8;19;5;3;0;2;0;1;1;0;0;0;0;1;POINT (13.42675722 52.47617807)
7;2021;7;14;1;3;0;5;0;0;0;0;1;0;1;1;POINT (13.37303744 52.410904)
1;2021;8;18;3;3;5;3;0;1;0;0;1;0;0;0;POINT (13.40190352 52.52894178)
11;2021;7;8;3;3;2;2;0;0;1;0;0;0;1;0;POINT (13.51209249 52.53813846)
2;2021;7;0;4;3;5;3;2;0;1;0;0;0;0;0;POINT (13.38796125 52.49298772)
1;2021;8;17;2;3;0;2;0;1;1;0;0;0;0;0;POINT (13.36033922 52.53724527)
8;2021;7;16;2;3;0;1;0;0;0;0;0;0;1;0;POINT (13.44116395 52.42327198)
7;2021;7;7;2;3;5;2;0;1;0;0;0;0;1;0;POINT (13.37591765 52.44324539)
9;2021;8;14;1;3;2;2;0;0;1;0;0;0;0;0;POINT (13.52889945 52.42636337)
7;2021;7;13;5;2;1;5;0;1;1;0;0;0;0;0;POINT (13.388703 52.45313619)
1;2021;7;15;4;3;0;1;0;0;0;0;0;0;1;0;POINT (13.36164619 52.53099586)
1;2021;8;8;4;3;5;3;0;1;1;0;0;0;0;0;POINT (13.32953604 52.52381158)
4;2021;8;9;1;3;5;3;0;0;1;0;0;0;1;0;POINT (13.31511468 52.4908916)
6;2021;8;4;4;2;1;5;2;0;1;0;0;0;0;0;POINT (13.2784617 52.46761637)
12;2021;8;13;2;3;5;2;0;1;1;0;0;0;0;0;POINT (13.29231314 52.59059283)
3;2021;7;16;4;3;0;5;0;1;1;0;0;0;0;1;POINT (13.47094188 52.55521458)
10;2021;7;9;4;3;2;2;0;0;1;0;1;0;0;0;POINT (13.56421566 52.51974173)
9;2021;8;20;1;3;5;2;1;1;1;0;0;0;0;0;POINT (13.48697769 52.46565053)
9;2021;7;15;3;3;0;6;0;1;0;0;0;0;0;0;POINT (13.58148508 52.46050891)
7;2021;7;14;5;3;0;6;0;0;1;0;1;0;0;0;POINT (13.39411601 52.48396924)
7;2021;7;15;7;3;3;6;0;1;1;0;0;0;0;0;POINT (13.34498814 52.48454462)
1;2021;8;14;5;3;2;6;0;0;1;0;0;0;0;0;POINT (13.38551686 52.55020495)
4;2021;8;20;1;3;5;2;2;0;1;0;1;0;0;1;POINT (13.32034406 52.47882989)
8;2021;8;8;5;3;5;3;0;1;1;0;0;0;0;0;POINT (13.45398195 52.46920539)
5;2021;7;15;2;3;5;3;0;1;1;0;0;0;0;0;POINT (13.26044744 52.54521157)
8;2021;7;12;4;3;5;3;0;1;1;0;0;0;0;0;POINT (13.43009115 52.45592091)
2;2021;7;15;5;3;5;3;0;1;1;0;0;0;0;0;POINT (13.41118423 52.5035026)
8;2021;8;11;3;3;2;6;0;1;1;0;0;0;0;0;POINT (13.43849435 52.488503)
1;2021;8;10;3;3;6;4;0;1;1;1;0;0;0;0;POINT (13.41726292 52.5124356)
4;2021;7;13;3;3;0;6;0;0;1;0;0;0;1;0;POINT (13.33207221 52.50590333)
8;2021;7;19;6;3;2;6;0;0;1;0;0;0;1;0;POINT (13.43202853 52.48555103)
6;2021;8;16;3;3;6;2;0;0;1;1;0;0;0;0;POINT (13.33500928 52.42101556)
9;2021;8;15;3;3;5;2;0;0;1;0;0;0;0;0;POINT (13.53860644 52.43447103)
8;2021;8;14;1;3;2;6;0;0;1;0;0;0;0;0;POINT (13.43767732 52.47877226)
12;2021;8;15;6;2;5;7;0;0;1;0;1;0;0;0;POINT (13.32530909 52.56477957)
4;2021;7;8;2;3;3;6;0;1;1;0;0;1;0;0;POINT (13.30472372 52.47989693)
12;2021;8;20;2;3;5;3;1;1;1;0;0;0;0;0;POINT (13.28812605 52.58464795)
2;2021;8;22;6;3;0;1;2;0;0;0;0;0;1;1;POINT (13.39524679 52.49637097)
7;2021;7;9;6;3;5;3;0;0;1;0;0;0;0;0;POINT (13.41073543 52.3878944)
10;2021;7;12;6;3;2;6;0;0;1;0;0;0;0;0;POINT (13.62451808 52.52972144)
1;2021;8;8;4;3;2;6;0;1;1;0;0;0;1;0;POINT (13.40315029 52.52467874)
12;2021;7;12;5;3;5;2;0;1;1;0;0;0;0;0;POINT (13.32363154 52.58719058)
11;2021;7;18;5;3;5;2;0;1;1;0;0;0;0;0;POINT (13.50837931 52.57548121)
12;2021;8;11;5;3;2;6;0;0;1;0;0;0;0;0;POINT (13.25492712 52.56253986)
1;2021;8;20;3;3;6;4;1;1;1;1;0;0;0;0;POINT (13.38109619 52.53214455)
6;2021;8;7;2;3;6;6;0;1;0;1;0;0;0;1;POINT (13.31563025 52.44459088)
9;2021;8;14;6;3;3;6;0;0;1;0;1;0;0;0;POINT (13.59365119 52.44563951)
9;2021;7;10;3;3;1;5;0;0;1;0;0;0;1;0;POINT (13.531031 52.46226152)
1;2021;8;22;7;3;5;3;2;0;1;0;0;0;0;0;POINT (13.3478237 52.55100309)
8;2021;7;5;1;2;5;2;0;0;1;0;1;0;0;0;POINT (13.43568383 52.45258576)
10;2021;7;13;1;3;5;3;0;1;1;0;0;0;0;0;POINT (13.55726158 52.50715097)
8;2021;8;7;5;3;5;3;0;1;1;0;0;0;0;0;POINT (13.45560072 52.47950646)
11;2021;8;8;1;3;5;3;0;1;1;0;0;0;0;0;POINT (13.49037673 52.51517259)
1;2021;8;19;5;3;6;4;0;1;0;1;0;0;0;1;POINT (13.40034897 52.52365042)
1;2021;7;8;1;2;3;6;0;0;0;0;1;0;1;1;POINT (13.40241664 52.51189663)
8;2021;8;20;3;3;5;3;1;1;1;0;0;0;0;0;POINT (13.46434047 52.47328137)
8;2021;7;15;3;3;1;5;0;0;1;0;0;0;0;0;POINT (13.43572044 52.46429713)
2;2021;7;6;4;3;3;6;0;0;1;0;1;0;0;0;POINT (13.42866432 52.51885234)
2;2021;8;17;3;3;5;3;0;1;1;0;0;0;0;0;POINT (13.46316028 52.50823636)
11;2021;8;7;2;3;5;3;0;1;1;0;0;0;0;0;POINT (13.48662164 52.5025237)
2;2021;7;13;2;3;5;3;0;1;1;0;0;0;0;0;POINT (13.46314036 52.51146759)
11;2021;7;15;1;3;5;2;0;1;1;0;0;0;0;0;POINT (13.48578706 52.52163479)
10;2021;8;14;1;3;5;2;0;1;1;0;0;0;0;0;POINT (13.57112979 52.54588695)
2;2021;8;12;6;3;0;1;0;1;0;0;0;0;0;0;POINT (13.46816003 52.52027492)
6;2021;8;19;2;3;0;1;1;1;0;0;0;0;0;0;POINT (13.17963988 52.42193565)
7;2021;8;20;6;3;6;7;1;0;0;1;0;0;1;0;POINT (13.40747878 52.39212034)
1;2021;7;14;4;3;0;1;0;1;0;0;0;0;0;0;POINT (13.32761859 52.52430128)
11;2021;7;17;5;3;6;4;0;1;0;1;0;0;0;0;POINT (13.5294331 52.48809675)
10;2021;8;7;4;3;6;4;0;0;1;1;0;0;0;0;POINT (13.55970497 52.47952755)
11;2021;7;14;4;3;2;6;0;0;1;0;0;0;0;0;POINT (13.51110813 52.50413718)
4;2021;7;17;5;3;5;7;0;0;1;0;1;0;0;0;POINT (13.30476974 52.50563565)
7;2021;8;19;4;3;1;5;0;0;1;0;1;0;0;0;POINT (13.33765931 52.48825447)
12;2021;8;12;3;3;0;1;0;0;0;0;1;0;0;0;POINT (13.32949258 52.56329736)
5;2021;8;17;2;3;5;3;0;0;1;0;0;0;1;0;POINT (13.17926018 52.53386418)
7;2021;8;16;7;3;5;2;0;1;1;0;0;0;0;0;POINT (13.4068661 52.39377189)
4;2021;7;15;2;3;1;5;0;1;1;0;0;0;0;0;POINT (13.33258972 52.50519193)
6;2021;8;17;2;3;3;6;0;1;0;0;0;0;0;0;POINT (13.31954648 52.45331654)