bez;ujahr;umonat;ustunde;uwochentag;ukategorie;uart;utyp1;ulichtverh;istrad;istpkw;istfuss;istkrad;istgkfz;istsonstige;ustrzustand;geometry
2;2021;8;2;6;3;5;3;1;0;1;0;0;0;0;0;POINT (13.4455844 52.51271236)
11;2021;8;14;5;3;5;2;0;1;1;0;0;0;0;0;POINT (13.5563187 52.57040328)
11;2021;8;14;1;3;5;3;0;1;1;0;0;0;0;0;POINT (13.52253559 52.5085618)
11;2021;8;21;5;3;0;1;2;0;0;0;0;0;1;1;POINT (13.48536948 52.52318966)
4;2021;7;18;4;3;3;6;0;1;1;0;0;0;0;0;POINT (13.26069772 52.48960264)
1;2021;7;17;5;2;0;2;0;0;1;0;0;0;1;0;POINT (13.34998481 52.51380326)
1;2021;8;9;2;3;0;2;0;0;1;0;1;0;0;1;POINT (13.35541485 52.5196923)
10;2021;8;5;2;3;5;3;0;1;1;0;0;0;0;0;POINT (13.5194693 52.53536329)
1;2021;7;9;4;3;0;5;0;0;1;0;1;0;0;0;POINT (13.37234533 52.5420971)
7;2021;7;14;6;3;5;2;0;1;1;0;0;0;0;0;POINT (13.36193331 52.49798242)
5;2021;8;13;4;3;5;2;0;0;1;0;0;0;0;0;POINT (13.22724673 52.54947457)
1;2021;8;12;3;3;2;6;0;0;1;0;1;0;0;0;POINT (13.3417882 52.5216791)
5;2021;8;7;1;2;5;3;0;1;1;0;0;0;0;0;POINT (13.17193779 52.55012454)
1;2021;8;19;6;3;0;5;0;1;0;0;0;0;0;0;POINT (13.39610058 52.52416705)
2;2021;7;7;2;3;5;3;0;0;1;0;0;0;1;0;POINT (13.39499028 52.49620075)
5;2021;8;11;2;3;5;2;0;1;1;0;0;0;0;0;POINT (13.20978027 52.54789762)
12;2021;8;21;6;3;9;1;2;0;1;0;0;0;0;1;POINT (13.24528393 52.61263707)
5;2021;7;13;5;2;5;2;0;1;1;0;0;0;0;0;POINT (13.26497126 52.53655571)
2;2021;7;6;6;3;0;1;0;1;0;0;0;0;0;0;POINT (13.42723119 52.49931088)
8;2021;8;12;3;3;1;5;0;0;1;0;0;0;1;0;POINT (13.43563803 52.48091397)
2;2021;7;22;4;2;3;6;2;1;1;0;0;0;0;0;POINT (13.44021269 52.49392567)
7;2021;8;16;5;3;5;2;0;1;0;0;0;1;0;0;POINT (13.40675867 52.39852304)
4;2021;8;2;3;2;0;7;2;1;0;0;0;0;0;0;POINT (13.31656766 52.51433553)
1;2021;8;14;2;3;0;2;0;1;0;0;1;0;0;1;POINT (13.41724039 52.50676396)
7;2021;8;20;7;3;5;2;1;0;1;0;0;0;0;0;POINT (13.40102484 52.41456007)
7;2021;7;20;4;2;5;2;0;0;1;0;0;0;1;0;POINT (13.3450708 52.4845908)
6;2021;8;13;7;3;5;2;0;1;1;0;0;0;0;0;POINT (13.33929526 52.45869916)
1;2021;7;7;5;2;5;3;0;0;0;0;1;1;0;0;POINT (13.4219598 52.50512249)
5;2021;7;7;6;3;5;3;0;0;1;0;0;0;0;0;POINT (13.15836418 52.53203765)
6;2021;8;12;5;3;1;5;0;1;1;0;0;0;0;0;POINT (13.35845972 52.43411954)
6;2021;8;7;1;3;5;7;0;1;1;0;0;0;0;0;POINT (13.27342284 52.4555881)
1;2021;8;17;4;3;2;6;0;0;1;0;0;0;0;1;POINT (13.35070881 52.51251401)
1;2021;7;9;1;3;2;6;0;0;0;0;1;0;1;1;POINT (13.40546166 52.50843115)
12;2021;8;8;4;2;3;6;0;0;1;0;0;0;0;0;POINT (13.32916833 52.56737406)
1;2021;7;12;3;3;5;2;0;1;0;0;0;1;0;0;POINT (13.40164761 52.52962423)
1;2021;7;14;4;3;5;2;0;0;0;0;1;0;1;0;POINT (13.40013045 52.50953503)
1;2021;8;10;3;3;5;7;0;1;1;0;0;0;0;0;POINT (13.38058225 52.52843678)
2;2021;8;14;2;3;6;4;0;0;1;1;0;0;0;0;POINT (13.45319516 52.52367499)
8;2021;7;14;2;3;6;7;0;0;1;1;0;0;0;0;POINT (13.4095735 52.41654601)
1;2021;7;7;2;3;5;2;0;1;1;0;0;0;0;0;POINT (13.37464919 52.53732314)
2;2021;8;11;1;3;2;6;0;0;0;0;1;0;1;0;POINT (13.38777323 52.50316004)
1;2021;8;20;6;3;5;3;1;1;1;0;0;0;0;0;POINT (13.31938985 52.52824248)
4;2021;7;17;1;3;3;6;0;0;1;0;0;1;0;0;POINT (13.27131075 52.50992788)
3;2021;8;17;1;3;5;3;0;1;1;0;0;0;0;0;POINT (13.487884 52.61837836)
1;2021;8;4;6;2;8;1;2;0;0;0;1;0;0;1;POINT (13.4020896 52.52364915)
7;2021;7;14;5;3;2;6;0;0;1;0;1;0;0;0;POINT (13.40618387 52.45090432)
9;2021;7;12;5;2;4;6;0;0;1;0;0;0;0;0;POINT (13.55808604 52.44147663)
9;2021;8;13;4;3;1;5;0;1;1;0;0;0;0;0;POINT (13.57542124 52.44723107)
2;2021;7;7;4;3;0;2;0;1;0;0;0;0;0;0;POINT (13.4079144 52.5043513)
5;2021;8;15;4;3;3;6;0;0;1;0;0;1;0;0;POINT (13.18162798 52.53626715)
3;2021;8;14;4;3;2;6;0;0;1;0;0;1;0;0;POINT (13.42829794 52.56957277)
2;2021;8;15;2;3;0;3;0;1;0;0;0;0;0;1;POINT (13.41234104 52.49212697)
4;2021;8;16;7;3;2;6;0;0;1;0;1;0;0;0;POINT (13.33102485 52.49064771)
8;2021;7;12;2;3;5;2;0;1;1;0;0;0;0;0;POINT (13.41217302 52.41720329)
11;2021;8;11;2;3;5;3;0;0;1;0;0;0;0;0;POINT (13.49142512 52.52654431)
3;2021;8;13;6;3;0;3;0;0;1;0;1;0;0;0;POINT (13.44129819 52.5686144)
12;2021;7;11;5;2;6;4;0;0;1;1;0;0;0;0;POINT (13.3538984 52.59656763)
3;2021;8;9;4;3;6;7;0;1;0;1;0;0;0;0;POINT (13.45477843 52.52813094)
2;2021;7;19;5;3;2;6;0;0;1;0;0;0;0;0;POINT (13.45827979 52.49974676)
1;2021;8;19;5;3;1;5;0;0;1;0;0;0;1;0;POINT (13.34729536 52.55079881)
4;2021;8;8;1;3;6;4;0;0;1;1;0;0;0;0;POINT (13.2938007 52.49125046)
8;2021;8;4;4;3;5;3;1;0;1;0;0;0;0;0;POINT (13.42886992 52.48462573)
1;2021;8;14;2;3;5;3;0;1;1;0;0;0;0;0;POINT (13.39891653 52.50822548)
5;2021;8;9;1;2;3;6;0;0;1;0;0;1;0;0;POINT (13.19927212 52.53391857)
6;2021;7;20;3;2;5;2;0;1;1;0;0;0;0;0;POINT (13.25017596 52.41857772)
4;2021;8;22;7;3;1;5;2;0;1;0;0;0;0;1;POINT (13.31445549 52.47024531)
6;2021;7;18;1;2;9;1;0;0;1;0;0;0;0;0;POINT (13.16165707 52.42034825)
12;2021;8;15;5;3;5;3;0;1;0;0;1;0;0;0;POINT (13.28963023 52.59030275)
4;2021;7;14;5;3;6;4;0;0;0;1;1;0;0;0;POINT (13.33876205 52.50259157)
6;2021;7;13;5;3;5;3;0;0;1;0;0;0;0;0;POINT (13.2925357 52.42945647)
7;2021;8;18;4;3;5;2;0;1;1;0;0;0;0;0;POINT (13.34631641 52.50032522)
1;2021;8;17;3;3;5;3;0;0;1;0;0;0;0;0;POINT (13.39157212 52.51132602)
9;2021;8;18;3;2;5;2;0;1;1;0;0;0;0;0;POINT (13.51703437 52.46176668)
2;2021;8;8;1;3;5;2;0;1;0;0;0;0;0;0;POINT (13.38231258 52.50443787)
1;2021;7;2;4;3;1;1;2;0;1;0;0;0;1;0;POINT (13.37215211 52.53239977)
8;2021;8;12;1;3;2;6;0;0;1;0;0;0;0;0;POINT (13.43514201 52.42681941)
11;2021;7;16;7;2;1;5;0;0;1;0;0;0;1;0;POINT (13.49975604 52.51442062)
6;2021;8;12;5;3;2;6;0;0;1;0;0;0;0;0;POINT (13.34544577 52.43609956)
3;2021;8;13;1;3;5;7;0;0;1;0;1;0;0;0;POINT (13.41084097 52.53964286)
11;2021;8;8;4;3;5;3;0;1;0;0;0;0;0;0;POINT (13.48220923 52.50640373)
9;2021;7;15;2;3;5;2;0;1;1;0;0;0;0;0;POINT (13.55800911 52.45571372)
12;2021;8;10;4;3;5;2;0;1;1;0;0;0;0;0;POINT (13.378999 52.56830719)
9;2021;7;9;3;3;0;7;0;1;0;0;0;1;0;0;POINT (13.53839345 52.43413555)
1;2021;7;10;4;3;5;2;0;0;1;0;0;0;1;0;POINT (13.38615316 52.5587216)
1;2021;8;16;3;3;5;2;0;1;1;0;0;0;0;0;POINT (13.37688341 52.51076861)
6;2021;8;17;1;3;5;2;0;1;1;0;0;0;0;0;POINT (13.2673509 52.40896629)
1;2021;7;19;3;3;1;5;0;1;1;0;0;0;0;0;POINT (13.39943152 52.53192)
12;2021;8;11;3;3;5;2;0;1;1;0;0;0;0;0;POINT (13.24307003 52.61588175)
6;2021;7;15;1;3;2;2;0;0;1;0;0;0;0;0;POINT (13.19111591 52.4347036)
2;2021;8;19;1;3;0;2;0;1;0;0;0;0;1;0;POINT (13.40542353 52.48917317)
11;2021;8;10;6;2;5;2;0;1;1;0;0;0;0;0;POINT (13.52709282 52.48656555)
11;2021;7;17;1;3;5;3;0;1;1;0;0;0;0;0;POINT (13.48412298 52.50856839)
1;2021;8;18;1;3;1;5;0;1;1;0;0;0;0;0;POINT (13.41043071 52.52505487)
2;2021;8;10;6;3;3;6;0;1;1;0;0;0;0;0;POINT (13.4200806 52.5023887)
11;2021;7;17;4;3;0;7;0;1;1;0;0;0;0;1;POINT (13.48806154 52.51840974)
1;2021;7;14;5;3;5;2;0;1;1;0;0;0;0;0;POINT (13.38312422 52.53059981)
1;2021;8;12;3;3;0;2;0;1;1;0;0;0;0;0;POINT (13.3573671 52.53593687)
8;2021;7;14;3;3;2;6;0;0;1;0;0;0;0;0;POINT (13.47554151 52.4313345)
7;2021;8;22;4;3;5;3;2;1;1;0;0;0;0;0;POINT (13.34575593 52.50006999)
11;2021;8;19;4;2;6;4;0;0;1;1;0;0;0;0;POINT (13.52528947 52.4806776)
11;2021;8;15;2;3;1;5;0;0;1;0;0;0;0;0;POINT (13.4827551 52.52532047)
11;2021;8;18;7;3;1;5;0;1;1;0;0;0;0;0;POINT (13.48266841 52.54670649)
11;2021;7;17;3;3;5;3;0;1;1;0;0;0;0;0;POINT (13.49360138 52.54476692)
1;2021;8;4;1;3;8;1;1;0;1;0;0;0;0;0;POINT (13.37374657 52.55399228)
11;2021;8;17;7;2;6;4;0;0;1;1;0;0;0;0;POINT (13.52179242 52.567094)
3;2021;7;15;5;3;5;2;0;0;1;0;1;0;0;0;POINT (13.4419497 52.63648871)
2;2021;8;10;4;3;2;6;0;0;1;0;0;0;0;0;POINT (13.4473785 52.49813769)
2;2021;7;14;4;3;1;5;0;1;1;0;0;0;0;0;POINT (13.38705224 52.50065934)
6;2021;8;7;5;3;5;2;0;0;1;0;0;0;0;0;POINT (13.33805815 52.45111607)
9;2021;8;16;1;3;6;7;0;0;1;1;0;0;0;0;POINT (13.50836761 52.43276093)
1;2021;8;17;5;3;6;7;0;0;0;1;0;0;1;0;POINT (13.41152815 52.52173202)
7;2021;7;7;6;3;8;1;0;0;1;0;0;0;0;0;POINT (13.36598569 52.49345941)
1;2021;8;21;3;3;5;2;2;1;0;0;0;0;0;0;POINT (13.39133638 52.55033697)
9;2021;8;10;1;3;0;1;0;0;1;0;0;0;0;0;POINT (13.53768007 52.40023729)
8;2021;7;5;4;2;5;2;0;1;0;0;0;0;1;0;POINT (13.47316327 52.4231223)
1;2021;7;17;4;3;4;6;0;0;1;0;0;0;0;0;POINT (13.33784538 52.52735856)
8;2021;8;13;2;2;6;4;0;0;1;1;0;0;0;0;POINT (13.45333334 52.47350574)
8;2021;7;13;3;3;5;3;0;1;1;0;0;0;0;0;POINT (13.45121277 52.47188999)
2;2021;7;21;6;3;0;1;1;0;0;0;1;0;0;0;POINT (13.44692547 52.50753929)
1;2021;8;20;5;2;3;6;1;1;0;0;0;0;0;0;POINT (13.41811702 52.51689576)
1;2021;8;16;2;3;5;3;0;1;1;0;0;0;0;0;POINT (13.41637378 52.5110269)
12;2021;8;22;5;3;8;1;2;0;1;0;0;0;0;1;POINT (13.32806177 52.56389818)
7;2021;7;20;2;2;5;3;1;1;1;0;0;0;0;0;POINT (13.38544836 52.46712326)
7;2021;8;10;3;3;1;5;0;1;1;0;0;0;0;0;POINT (13.35216341 52.48660772)
5;2021;7;14;4;3;5;2;0;0;1;0;0;0;0;0;POINT (13.18726507 52.53677225)
5;2021;7;17;6;3;5;2;0;1;1;0;0;0;0;0;POINT (13.21893788 52.53709477)
4;2021;8;18;3;2;6;4;0;0;1;1;0;0;0;0;POINT (13.29855281 52.537054)
4;2021;8;11;3;3;5;7;0;0;1;0;0;0;0;0;POINT (13.32765618 52.52076328)
6;2021;7;20;3;3;1;5;1;0;1;0;0;0;1;0;POINT (13.33253992 52.45611308)
2;2021;8;9;3;3;5;3;0;1;1;0;0;0;0;0;POINT (13.46028483 52.51594374)
3;2021;8;16;2;3;5;7;0;1;1;0;0;0;0;0;POINT (13.40026486 52.55876536)
2;2021;8;21;1;3;6;2;2;0;0;1;0;0;1;1;POINT (13.44663099 52.52131646)
5;2021;8;20;6;3;0;1;1;0;0;0;1;0;0;0;POINT (13.2687523 52.53706645)
7;2021;7;11;3;3;5;2;0;1;1;0;0;0;0;0;POINT (13.4012765 52.41462937)
12;2021;8;22;2;3;5;2;1;0;1;0;0;0;0;1;POINT (13.29793028 52.5781131)
4;2021;8;9;6;2;5;2;0;1;1;0;0;0;0;0;POINT (13.30298745 52.51865328)
12;2021;7;14;6;3;5;3;0;1;1;0;0;0;0;0;POINT (13.34368894 52.61345695)
2;2021;7;10;6;3;1;5;0;1;1;0;0;0;0;0;POINT (13.39059305 52.5062901)
6;2021;8;13;4;3;6;4;0;0;0;1;0;0;1;0;POINT (13.25886567 52.43188476)
1;2021;8;15;2;3;0;1;0;0;0;0;1;0;0;0;POINT (13.40519186 52.53408179)
1;2021;8;15;6;3;0;2;0;1;1;0;0;0;0;0;POINT (13.37181786 52.50927518)
4;2021;7;19;2;2;0;1;0;0;0;0;0;0;1;0;POINT (13.32926311 52.50324329)
1;2021;8;7;3;3;5;2;0;1;0;0;0;0;0;0;POINT (13.4058379 52.53063956)
7;2021;7;18;3;3;5;3;0;1;1;0;0;0;0;0;POINT (13.36696963 52.49330284)
7;2021;7;11;4;3;5;7;0;0;1;0;0;0;1;0;POINT (13.36850143 52.40984639)
4;2021;8;19;2;3;1;5;0;1;1;0;0;0;0;0;POINT (13.3108196 52.50138866)
11;2021;8;17;1;2;6;4;0;0;1;1;0;0;0;0;POINT (13.51237249 52.55504688)
9;2021;7;8;3;2;5;2;0;0;1;0;1;0;0;0;POINT (13.54654981 52.42636614)
1;2021;8;10;3;3;5;3;0;0;1;0;1;0;0;0;POINT (13.35520954 52.54627077)
8;2021;7;12;2;3;6;2;0;0;1;1;0;0;0;0;POINT (13.4387635 52.45260398)
3;2021;8;13;1;3;1;5;0;1;1;0;0;0;0;0;POINT (13.41734281 52.54682249)
3;2021;8;17;6;2;5;7;0;1;1;0;0;0;0;0;POINT (13.42020169 52.61098258)
11;2021;7;13;2;3;5;2;0;1;1;0;0;0;0;0;POINT (13.50560819 52.53464035)
5;2021;8;16;2;2;5;2;0;0;1;0;1;0;0;0;POINT (13.17816808 52.54884424)
3;2021;8;17;7;3;6;4;0;0;1;1;0;0;0;0;POINT (13.49041848 52.62127766)
1;2021;7;19;4;3;0;2;0;1;1;0;0;0;0;1;POINT (13.35667408 52.52515713)
1;2021;7;1;5;2;0;1;2;1;0;0;0;0;0;0;POINT (13.32979066 52.52405669)
8;2021;8;9;3;3;2;6;0;0;1;0;0;0;0;0;POINT (13.44749074 52.47589291)
1;2021;7;17;5;2;0;1;0;1;0;0;0;0;0;0;POINT (13.38020641 52.51930551)
12;2021;7;13;5;3;5;3;0;1;0;0;1;0;0;0;POINT (13.37804741 52.56891638)
3;2021;8;15;4;3;2;6;0;1;1;0;0;0;0;0;POINT (13.4443062 52.5528383)
10;2021;8;9;4;3;2;3;0;1;1;0;0;0;0;0;POINT (13.61668333 52.54086225)
4;2021;8;13;2;3;5;3;0;0;1;0;1;0;0;1;POINT (13.2899947 52.48902984)
1;2021;7;16;6;3;3;6;0;0;1;0;0;0;0;0;POINT (13.38250711 52.55586719)
8;2021;8;12;7;3;5;3;0;0;1;0;0;0;0;0;POINT (13.41052556 52.4140348)
4;2021;7;22;3;3;5;2;2;0;1;0;0;0;0;0;POINT (13.3394311 52.50313507)
8;2021;8;15;7;3;2;6;0;0;1;0;1;0;0;0;POINT (13.45406647 52.4349553)
5;2021;7;15;5;3;5;3;0;0;1;0;0;0;0;0;POINT (13.21798606 52.5384767)
7;2021;8;12;4;3;6;4;0;1;0;1;0;0;0;0;POINT (13.36334179 52.48764469)
12;2021;7;18;7;3;6;7;0;0;1;1;0;0;0;1;POINT (13.31196938 52.61510342)
7;2021;8;7;5;3;2;2;0;1;1;0;0;0;0;0;POINT (13.35233879 52.49483748)
6;2021;8;21;7;3;5;3;2;1;1;0;0;0;0;1;POINT (13.33907045 52.46453145)
2;2021;8;16;5;3;8;1;0;0;0;0;0;0;1;0;POINT (13.42920249 52.50914845)
8;2021;7;7;1;3;6;4;0;0;1;1;0;0;0;1;POINT (13.43470637 52.48120564)
1;2021;8;7;3;3;0;7;0;1;1;0;0;0;0;0;POINT (13.34260148 52.50593162)
11;2021;7;10;4;3;5;3;0;1;1;0;0;0;0;0;POINT (13.52415416 52.47782924)
11;2021;7;15;4;3;6;4;0;0;0;1;0;0;1;0;POINT (13.49922231 52.5180492)
5;2021;8;11;2;3;2;6;0;0;1;0;0;0;0;0;POINT (13.24419739 52.53851213)
1;2021;7;7;3;3;5;2;0;1;1;0;0;0;0;0;POINT (13.39031873 52.55554541)
6;2021;7;9;1;3;2;7;0;1;1;0;0;0;0;0;POINT (13.30337861 52.44111364)
3;2021;8;22;5;3;6;4;2;0;1;1;0;0;0;0;POINT (13.42351874 52.61165355)
6;2021;8;10;1;3;5;2;0;1;1;0;0;0;0;0;POINT (13.22935029 52.4264716)
4;2021;8;10;5;3;2;6;0;0;1;0;0;0;0;0;POINT (13.31639644 52.50105383)
4;2021;7;17;4;3;5;7;0;0;1;0;1;0;0;0;POINT (13.34041114 52.50406057)
7;2021;7;16;5;3;1;5;0;1;1;0;0;0;0;0;POINT (13.41013389 52.38761585)
11;2021;8;11;3;3;1;5;0;1;1;0;0;0;0;0;POINT (13.53951939 52.49129849)
12;2021;8;11;2;3;2;6;0;0;1;0;0;0;1;0;POINT (13.33850955 52.57165097)
5;2021;7;19;4;2;5;3;0;1;1;0;0;0;0;0;POINT (13.13030541 52.55068307)
2;2021;7;10;6;3;5;3;0;1;0;0;0;0;1;0;POINT (13.42970568 52.5210915)
4;2021;8;11;4;3;5;3;0;0;1;0;0;0;0;0;POINT (13.30443628 52.48845059)
12;2021;8;16;3;3;6;2;0;0;1;1;0;0;0;0;POINT (13.32912876 52.56725446)
1;2021;8;13;1;3;4;5;0;1;0;0;0;0;1;0;POINT (13.33903482 52.52385682)
1;2021;8;6;6;3;0;1;0;1;0;0;0;0;0;0;POINT (13.41788882 52.52577741)
8;2021;7;17;3;3;1;5;0;1;1;0;0;0;0;0;POINT (13.42532524 52.4799626)
1;2021;8;8;2;3;5;3;0;1;0;0;0;0;1;0;POINT (13.41963636 52.50618391)
7;2021;8;0;7;2;0;3;2;1;0;0;1;0;0;1;POINT (13.3638447 52.48513351)
7;2021;7;16;5;3;5;3;0;1;1;0;0;0;0;0;POINT (13.38181477 52.39695237)
5;2021;7;17;6;3;0;5;0;0;1;0;0;0;0;0;POINT (13.13958152 52.53988177)
5;2021;8;7;3;3;0;1;0;0;1;0;1;0;0;0;POINT (13.22532246 52.54882764)
6;2021;7;17;4;3;1;1;0;0;1;0;1;0;0;1;POINT (13.30861226 52.46340486)
2;2021;8;12;5;3;5;7;0;0;1;0;0;0;1;0;POINT (13.43642471 52.49246117)
4;2021;8;17;4;3;0;6;0;0;1;0;1;0;0;1;POINT (13.29711924 52.52669977)
9;2021;8;15;2;3;0;1;0;0;0;0;1;0;0;0;POINT (13.54721907 52.43521468)
6;2021;8;16;7;3;6;7;0;1;0;1;0;0;0;0;POINT (13.32525259 52.46017283)
6;2021;7;10;3;2;1;7;0;0;1;0;0;0;0;0;POINT (13.31741342 52.45809115)
4;2021;8;16;7;2;8;1;0;1;0;0;0;0;0;1;POINT (13.24936406 52.51598958)
12;2021;7;11;2;3;5;2;0;0;1;0;0;0;1;0;POINT (13.35389955 52.56208997)
10;2021;7;6;5;3;8;1;0;0;0;0;1;0;0;0;POINT (13.52352277 52.5360439)
5;2021;7;5;1;2;5;2;0;0;1;0;1;0;0;0;POINT (13.18534628 52.51531525)
9;2021;7;11;7;3;5;2;0;0;1;0;0;0;0;0;POINT (13.48116348 52.46079499)
10;2021;8;22;5;2;5;7;2;1;0;0;0;0;1;0;POINT (13.52438591 52.5364036)
8;2021;8;10;1;3;8;1;0;0;0;0;1;0;0;0;POINT (13.492348 52.42019456)
1;2021;8;19;5;3;0;1;0;1;0;0;1;0;0;1;POINT (13.40831039 52.52736399)
1;2021;7;0;7;2;0;7;2;0;0;0;0;0;1;0;POINT (13.33912923 52.53386987)
7;2021;7;11;5;3;5;2;0;1;1;0;0;0;0;0;POINT (13.35493031 52.41329371)
2;2021;8;18;4;2;0;7;0;1;0;0;0;0;0;0;POINT (13.45954917 52.51246007)
3;2021;8;8;4;3;0;3;0;1;0;0;1;0;0;0;POINT (13.49306702 52.62386284)
1;2021;8;6;2;3;5;3;0;0;1;0;1;0;0;0;POINT (13.4282097 52.50729506)
10;2021;8;14;6;3;5;2;0;1;1;0;0;0;0;0;POINT (13.53373699 52.52572434)
11;2021;7;11;3;2;5;7;0;0;1;0;0;0;1;0;POINT (13.52574689 52.482746)
1;2021;8;4;7;3;1;5;2;0;1;0;0;0;1;0;POINT (13.37965669 52.52921851)
7;2021;7;8;7;3;5;2;0;1;1;0;0;0;0;0;POINT (13.34746722 52.4705873)
5;2021;7;11;1;3;2;6;0;0;1;0;0;0;0;0;POINT (13.187375 52.52058086)
12;2021;8;8;5;3;2;6;0;1;1;0;0;0;0;0;POINT (13.27289891 52.63450958)
9;2021;8;13;1;3;5;2;0;1;1;0;0;0;0;0;POINT (13.61879482 52.45556393)
1;2021;8;13;5;3;3;2;0;0;1;0;0;0;0;0;POINT (13.37712543 52.51242367)
7;2021;7;18;1;2;5;7;0;1;1;0;0;0;0;0;POINT (13.35081627 52.49863793)
5;2021;8;1;3;3;0;1;2;0;0;0;0;0;1;1;POINT (13.23312914 52.54549352)
3;2021;7;10;3;3;4;5;0;1;1;0;0;0;0;0;POINT (13.43485678 52.54654797)
7;2021;7;8;4;3;2;2;0;1;1;0;0;0;0;0;POINT (13.34789196 52.47892633)
11;2021;8;17;1;3;5;3;0;1;1;0;0;0;0;0;POINT (13.49866266 52.53839081)
4;2021;7;12;2;3;5;2;0;0;0;0;1;0;1;1;POINT (13.30849322 52.52913208)
11;2021;7;14;1;3;6;4;0;0;0;1;0;0;1;0;POINT (13.51191451 52.55465149)
3;2021;8;23;5;2;9;1;2;0;1;0;0;0;0;0;POINT (13.42414844 52.57136468)
2;2021;8;19;2;3;3;6;0;0;1;0;1;0;0;0;POINT (13.44202871 52.50103848)
1;2021;8;21;5;3;0;1;2;1;0;0;0;0;0;1;POINT (13.40435891 52.53318855)
5;2021;7;15;4;3;5;3;0;0;1;0;0;0;0;0;POINT (13.2469791 52.54415822)
2;2021;7;17;5;3;2;1;0;0;1;0;0;0;0;0;POINT (13.4298046 52.51030089)
2;2021;8;3;4;3;5;2;2;0;1;0;0;0;0;0;POINT (13.39967723 52.49841434)
11;2021;7;12;4;3;1;5;0;1;1;0;0;0;0;0;POINT (13.47814638 52.51501299)
4;2021;7;15;6;3;1;5;0;1;0;0;0;0;1;0;POINT (13.27977502 52.54100149)
1;2021;8;15;4;3;2;6;0;0;1;0;0;0;0;0;POINT (13.37579245 52.52843079)
6;2021;8;16;3;3;5;3;0;0;1;0;0;0;0;0;POINT (13.25483337 52.41829494)
1;2021;8;17;2;3;5;2;0;1;0;0;0;0;1;0;POINT (13.37828902 52.52917249)
3;2021;8;10;7;3;0;1;0;1;1;0;0;0;0;0;POINT (13.37318555 52.59829241)
9;2021;7;12;3;3;3;6;0;0;1;0;1;0;0;0;POINT (13.58286716 52.4425143)
1;2021;8;18;2;3;3;6;0;1;1;0;0;0;0;0;POINT (13.35649098 52.52377451)
12;2021;8;12;7;2;0;1;0;0;0;0;1;0;0;0;POINT (13.34011883 52.58809309)
9;2021;7;12;6;3;6;4;0;0;1;1;0;0;0;0;POINT (13.62642438 52.45693615)
5;2021;7;14;7;2;9;1;0;1;0;0;0;0;0;0;POINT (13.20441841 52.540133)
1;2021;8;14;4;3;5;7;0;0;1;0;0;0;0;0;POINT (13.34204264 52.51790525)
7;2021;7;14;5;2;6;4;0;0;1;1;0;0;0;0;POINT (13.38541915 52.44680342)
7;2021;8;19;4;3;0;1;0;0;0;0;1;0;0;0;POINT (13.34339283 52.5009703)
9;2021;8;16;4;3;5;3;0;1;1;0;0;0;0;0;POINT (13.6569564 52.41524237)
2;2021;8;16;3;2;5;2;0;1;1;0;0;0;0;0;POINT (13.37203367 52.48505339)
6;2021;8;20;1;3;2;6;2;0;1;0;0;0;0;1;POINT (13.32821432 52.44637492)
9;2021;7;14;3;2;6;4;0;0;1;1;0;0;0;0;POINT (13.48433517 52.46752089)
2;2021;8;20;7;3;1;7;1;0;1;1;0;0;0;0;POINT (13.43890955 52.50049299)
10;2021;7;15;7;3;4;1;0;1;0;0;0;0;0;0;POINT (13.60064214 52.47736513)
4;2021;8;22;5;3;5;2;2;1;1;0;0;0;0;0;POINT (13.32034405 52.47890201)
4;2021;8;15;1;2;5;2;0;1;1;0;0;0;0;0;POINT (13.30011941 52.5067542)
2;2021;8;15;5;3;5;2;0;1;1;0;0;0;0;0;POINT (13.44228402 52.50101322)
6;2021;7;16;1;3;1;5;0;0;1;0;0;0;1;0;POINT (13.25020626 52.45498204)
6;2021;8;9;4;3;1;5;0;1;1;0;0;0;0;0;POINT (13.33985706 52.45952013)
11;2021;7;22;3;3;5;3;2;0;1;0;0;0;0;0;POINT (13.4924535 52.5440832)
4;2021;7;14;4;2;0;6;0;0;1;0;1;0;0;0;POINT (13.3289936 52.5225211)
1;2021;8;0;3;3;0;1;2;1;0;0;0;0;0;0;POINT (13.34219295 52.50493283)
1;2021;8;17;1;3;6;7;0;1;0;1;0;0;0;0;POINT (13.37726107 52.55385214)
6;2021;7;12;5;3;0;6;0;0;1;0;1;0;0;0;POINT (13.34336773 52.42783595)
4;2021;7;15;1;3;3;6;0;0;1;0;1;0;0;0;POINT (13.28879448 52.5092035)
2;2021;8;8;1;3;5;3;0;0;1;0;0;0;1;0;POINT (13.42485067 52.50208765)
1;2021;8;20;6;3;5;2;1;1;1;0;0;0;0;0;POINT (13.41646091 52.51098784)
10;2021;7;11;1;3;5;2;0;0;1;0;0;0;0;0;POINT (13.59161992 52.54493232)
8;2021;8;18;1;3;5;2;0;1;1;0;0;0;0;0;POINT (13.43117498 52.46774579)
4;2021;8;15;5;3;5;7;0;1;1;0;0;0;0;0;POINT (13.31386565 52.5062885)
12;2021;7;0;5;3;8;1;2;0;1;0;0;0;0;0;POINT (13.33549878 52.60267152)
2;2021;7;20;5;3;5;2;1;1;1;0;0;0;0;0;POINT (13.44679646 52.50268697)