bez;ujahr;umonat;ustunde;uwochentag;ukategorie;uart;utyp1;ulichtverh;istrad;istpkw;istfuss;istkrad;istgkfz;istsonstige;ustrzustand;geometry
6;2021;8;12;4;3;3;6;0;0;1;0;1;0;0;0;POINT (13.31268257 52.43043008)
4;2021;7;17;3;2;1;1;0;0;1;0;1;0;0;0;POINT (13.25082481 52.52474754)
5;2021;8;15;4;3;2;2;0;0;1;0;0;0;1;0;POINT (13.197053 52.54367436)
12;2021;8;14;2;3;5;3;0;1;1;0;0;0;0;0;POINT (13.29164394 52.59574654)
1;2021;7;6;3;3;5;2;0;0;1;0;0;0;0;0;POINT (13.41180163 52.52396699)
3;2021;7;13;4;3;5;2;0;0;1;0;0;0;0;0;POINT (13.42924805 52.57195717)
2;2021;8;20;2;3;5;2;1;1;1;0;0;0;0;1;POINT (13.39085553 52.504532)
1;2021;8;20;1;3;3;6;0;0;1;0;0;0;0;0;POINT (13.41229157 52.52433926)
1;2021;7;8;3;2;5;2;0;1;1;0;0;0;0;0;POINT (13.35564528 52.519722)
8;2021;7;19;5;3;5;3;0;1;1;0;0;0;0;0;POINT (13.43468547 52.47870799)
5;2021;7;18;1;2;5;2;0;0;1;0;0;0;0;0;POINT (13.14148464 52.53248877)
1;2021;8;9;1;3;3;6;0;0;1;0;1;0;0;0;POINT (13.37769015 52.52899512)
12;2021;8;15;6;3;0;2;0;0;1;0;1;0;0;0;POINT (13.25199 52.59990388)
12;2021;8;19;1;3;8;1;0;0;1;0;0;0;0;0;POINT (13.35818044 52.62122847)
11;2021;8;15;5;3;6;7;0;0;0;1;0;0;1;0;POINT (13.50883982 52.50087775)
12;2021;7;9;5;3;2;2;0;0;1;0;0;0;0;0;POINT (13.29163995 52.59577248)
7;2021;7;8;5;3;1;5;0;0;1;0;0;0;0;0;POINT (13.38968302 52.4207642)
11;2021;8;5;3;3;0;7;0;0;0;0;1;0;0;0;POINT (13.50543058 52.53470133)
12;2021;7;14;4;3;2;6;0;0;1;0;0;0;0;0;POINT (13.34341137 52.5888892)
9;2021;7;16;6;3;5;2;0;1;1;0;0;0;0;0;POINT (13.58437785 52.45171019)
8;2021;8;10;4;3;5;3;0;1;1;0;0;0;0;0;POINT (13.42401367 52.4772087)
4;2021;8;17;2;3;0;3;0;0;1;0;1;0;0;0;POINT (13.31100513 52.54759702)
5;2021;8;14;2;3;5;2;0;1;1;0;0;0;0;1;POINT (13.1887792 52.54682256)
3;2021;8;16;6;3;1;5;0;0;1;0;0;0;0;0;POINT (13.39752027 52.56575904)
4;2021;7;16;2;3;1;5;0;1;1;0;0;0;0;0;POINT (13.30627646 52.5217304)
5;2021;8;6;2;3;5;3;0;0;1;0;0;0;1;0;POINT (13.17193939 52.55012737)
8;2021;8;14;6;3;2;6;0;0;1;0;0;0;0;0;POINT (13.42812093 52.47345525)
6;2021;7;15;5;3;1;1;0;1;1;0;0;0;0;0;POINT (13.29598819 52.42052695)
1;2021;7;23;4;3;5;2;2;0;1;0;0;0;0;0;POINT (13.41182226 52.52396765)
1;2021;8;21;4;3;6;2;1;0;1;1;0;0;0;0;POINT (13.40347026 52.52743985)
8;2021;8;16;4;3;5;3;0;0;1;0;1;0;0;1;POINT (13.4584674 52.43348333)
1;2021;8;18;3;3;3;6;0;1;0;0;0;0;0;0;POINT (13.38039411 52.51833741)
10;2021;8;18;1;3;6;4;0;0;1;1;0;0;0;0;POINT (13.60994124 52.53435872)
9;2021;7;16;3;3;6;7;0;1;0;1;0;0;0;0;POINT (13.57866378 52.45780079)
10;2021;8;13;7;3;0;1;0;0;0;0;1;0;0;0;POINT (13.55968994 52.47936193)
9;2021;7;7;5;3;5;3;0;0;1;0;0;0;1;0;POINT (13.5532749 52.43400046)
9;2021;7;22;7;3;8;1;2;0;1;0;0;0;0;0;POINT (13.52882897 52.42636652)
7;2021;8;15;5;3;1;5;0;1;1;0;0;0;0;0;POINT (13.35743397 52.48858702)
1;2021;8;20;1;3;5;2;1;1;1;0;0;0;0;1;POINT (13.35710727 52.5235446)
9;2021;8;15;6;3;5;2;0;1;1;0;0;0;0;0;POINT (13.58347422 52.45170351)
2;2021;7;13;1;3;0;3;0;0;1;0;0;0;1;0;POINT (13.38976986 52.49263857)
4;2021;8;16;3;3;5;2;0;1;1;0;0;0;0;0;POINT (13.28666463 52.518761)
1;2021;7;13;3;3;5;2;0;1;1;0;0;0;0;0;POINT (13.41665912 52.51948597)
11;2021;7;21;4;3;5;2;0;1;1;0;0;0;0;0;POINT (13.47862209 52.52868084)
3;2021;8;15;3;2;6;4;0;0;1;1;0;0;0;0;POINT (13.48655638 52.61677441)
4;2021;8;11;2;2;2;6;0;0;1;0;1;0;0;0;POINT (13.30172099 52.48827706)
4;2021;7;12;3;3;5;3;0;0;1;0;0;0;1;0;POINT (13.3224854 52.50644579)
1;2021;7;22;5;3;5;3;2;1;1;0;0;0;0;0;POINT (13.38020296 52.53286411)
1;2021;8;14;3;3;3;6;0;1;0;0;0;0;0;0;POINT (13.34799169 52.5481557)
4;2021;7;9;2;3;3;6;0;0;1;0;0;0;0;0;POINT (13.27782962 52.50680703)
3;2021;8;7;1;3;2;6;0;1;1;0;0;0;0;0;POINT (13.45826896 52.53473511)
5;2021;8;17;6;3;5;2;0;0;1;0;0;0;1;0;POINT (13.19849288 52.54285474)
8;2021;7;17;2;3;5;3;0;0;1;0;0;0;0;0;POINT (13.4330902 52.45234202)
1;2021;8;10;2;3;5;2;0;1;0;0;0;0;1;0;POINT (13.38523303 52.53126631)
9;2021;8;19;7;3;2;6;0;0;1;0;0;0;0;0;POINT (13.51192725 52.47111401)
1;2021;7;8;5;3;1;5;0;1;1;0;0;0;0;0;POINT (13.36097286 52.54528579)
7;2021;7;15;5;3;5;3;0;1;1;0;0;0;0;0;POINT (13.40490001 52.44445534)
3;2021;8;8;3;3;2;6;0;1;1;0;0;1;0;0;POINT (13.39830074 52.59238522)
6;2021;7;8;4;3;5;2;0;1;1;0;0;0;0;0;POINT (13.28708317 52.43273553)
4;2021;8;13;4;3;5;3;0;0;1;0;0;0;0;0;POINT (13.31583151 52.48184678)
10;2021;8;12;4;3;5;2;0;1;1;0;0;0;0;0;POINT (13.54385545 52.55357476)
1;2021;8;17;2;3;5;3;0;1;1;0;0;0;0;0;POINT (13.35696671 52.52381366)
2;2021;8;12;7;3;1;5;0;0;1;0;0;0;1;0;POINT (13.45751525 52.52075518)
3;2021;7;22;3;3;1;5;2;1;1;0;0;0;0;0;POINT (13.41069053 52.53949696)
4;2021;8;19;1;3;0;2;0;0;1;0;1;0;0;0;POINT (13.32243588 52.5051162)
2;2021;7;9;5;3;2;6;0;1;0;0;0;0;0;0;POINT (13.39477901 52.50069278)
2;2021;7;19;5;3;0;1;1;0;0;0;0;0;1;0;POINT (13.43239316 52.51638008)
5;2021;7;19;4;3;5;3;0;1;0;0;0;0;0;0;POINT (13.20445394 52.53023559)
10;2021;8;18;5;3;1;5;0;1;1;0;0;0;0;0;POINT (13.56649619 52.48460303)
12;2021;8;13;1;3;6;7;0;0;1;1;0;0;0;0;POINT (13.36210617 52.56871678)
11;2021;8;16;5;3;0;3;0;1;1;0;0;0;0;0;POINT (13.47191028 52.53763717)
4;2021;8;17;2;3;0;2;0;1;1;0;0;0;0;0;POINT (13.3195066 52.49208158)
2;2021;7;6;4;3;5;3;0;1;1;0;0;0;0;0;POINT (13.45877336 52.51138754)
2;2021;7;14;4;3;2;6;0;0;1;0;0;0;0;0;POINT (13.47554383 52.51200863)
5;2021;8;5;3;3;2;6;1;0;1;0;0;0;0;1;POINT (13.16220147 52.52017485)
12;2021;8;11;2;3;6;7;0;0;0;1;0;0;1;0;POINT (13.30866368 52.61790053)
4;2021;8;19;7;3;0;1;0;1;0;0;0;0;0;0;POINT (13.32193461 52.48642173)
11;2021;7;16;2;3;2;7;0;1;0;0;0;0;1;0;POINT (13.47799921 52.53613826)
4;2021;8;11;2;3;5;7;0;1;1;0;0;0;0;0;POINT (13.273008 52.51318759)
4;2021;8;10;7;3;5;2;0;0;1;0;1;0;0;0;POINT (13.30054244 52.48052198)
8;2021;7;22;5;3;2;6;2;0;1;0;0;0;0;1;POINT (13.428976 52.47180428)
2;2021;7;18;4;3;5;3;0;0;1;0;0;0;1;0;POINT (13.39595969 52.49842224)
2;2021;8;18;5;3;1;5;0;1;1;0;0;0;0;0;POINT (13.45812886 52.5127106)
4;2021;8;10;1;3;2;6;0;0;1;0;0;0;0;0;POINT (13.2851669 52.49418103)
8;2021;8;13;5;3;5;3;0;0;1;0;1;0;0;0;POINT (13.49121357 52.4207309)
4;2021;8;14;2;2;0;7;0;1;0;0;0;0;0;0;POINT (13.29572275 52.51933187)
4;2021;8;19;1;3;5;3;0;0;1;0;0;0;0;1;POINT (13.30156389 52.49453833)
12;2021;7;20;3;3;1;1;0;1;0;0;0;0;1;0;POINT (13.30575525 52.587094)
8;2021;8;23;7;3;1;5;2;0;1;0;0;0;0;1;POINT (13.44270149 52.45660864)
10;2021;7;12;3;2;9;1;0;0;1;0;0;0;0;0;POINT (13.55037846 52.54291039)
12;2021;7;16;1;3;5;2;0;1;1;0;0;0;0;0;POINT (13.24415746 52.61500337)
3;2021;8;13;5;2;5;2;0;1;1;0;0;0;0;0;POINT (13.42864826 52.59946464)
1;2021;8;14;1;3;2;6;0;1;1;0;0;0;0;0;POINT (13.37061549 52.55908657)
1;2021;8;13;6;3;1;5;0;1;1;0;0;0;0;0;POINT (13.35955218 52.54608928)
3;2021;7;19;2;2;2;6;0;0;1;0;1;0;0;0;POINT (13.40648692 52.54101044)
1;2021;8;13;3;3;3;6;0;0;1;0;1;0;0;0;POINT (13.41551819 52.51581431)
4;2021;7;16;3;3;5;3;0;1;1;0;0;0;0;0;POINT (13.31511408 52.49089234)
4;2021;7;11;4;3;0;6;0;0;1;0;0;0;1;0;POINT (13.29742241 52.49811363)
4;2021;8;10;3;2;3;6;0;0;0;0;1;0;1;0;POINT (13.2617478 52.479476)
6;2021;8;16;1;3;2;3;0;1;1;0;0;0;0;0;POINT (13.3585719 52.43421386)
4;2021;7;19;4;3;5;3;0;0;1;0;0;0;1;0;POINT (13.28699463 52.54000714)
7;2021;7;9;5;3;5;2;0;0;1;0;0;0;0;0;POINT (13.3488596 52.4590357)
6;2021;8;7;3;3;1;5;0;0;1;0;1;0;0;0;POINT (13.31384857 52.43523305)
5;2021;8;0;3;2;1;5;2;0;1;0;0;0;1;0;POINT (13.14345234 52.53449741)
1;2021;8;6;1;3;5;3;0;1;0;0;0;0;1;0;POINT (13.39044218 52.50769435)
8;2021;8;11;6;3;5;7;0;0;0;0;1;0;1;0;POINT (13.44522324 52.46388586)
8;2021;7;12;2;3;2;6;0;0;1;0;0;0;1;0;POINT (13.43119506 52.48154771)
4;2021;8;18;2;3;5;2;0;1;0;0;0;0;0;0;POINT (13.33281439 52.47981933)
1;2021;8;13;7;3;2;6;0;0;1;0;0;0;0;0;POINT (13.40881573 52.51624994)
4;2021;7;13;6;3;5;2;0;1;1;0;0;0;0;0;POINT (13.30384568 52.49941859)
6;2021;7;11;6;3;0;7;0;0;1;0;0;0;0;0;POINT (13.33946588 52.42631861)
11;2021;8;7;4;3;1;5;0;0;1;0;0;0;0;0;POINT (13.48543642 52.52883885)
1;2021;7;16;4;3;1;6;0;0;1;0;0;0;1;0;POINT (13.34780949 52.54331654)
4;2021;8;14;4;2;1;7;0;0;1;0;0;0;0;0;POINT (13.29218546 52.50506826)
8;2021;8;12;4;3;2;2;0;1;1;0;0;0;0;0;POINT (13.49424423 52.41875443)
1;2021;8;11;2;3;5;3;0;0;1;0;0;0;0;0;POINT (13.37197936 52.54013692)
8;2021;8;13;7;3;5;3;0;1;1;0;0;0;0;0;POINT (13.47510543 52.46361964)
1;2021;7;12;3;3;2;3;0;0;0;0;1;0;0;0;POINT (13.340016 52.53093109)
5;2021;8;5;1;3;6;4;0;0;1;1;0;0;0;1;POINT (13.18869355 52.53718691)
5;2021;7;18;1;3;5;3;0;1;0;0;0;0;1;0;POINT (13.15970913 52.55563965)
7;2021;7;21;7;3;0;1;2;1;0;0;0;0;0;1;POINT (13.40027285 52.48379568)
9;2021;8;7;5;3;2;2;0;1;1;0;0;0;0;0;POINT (13.50737572 52.4748873)
4;2021;8;12;1;3;3;6;0;0;1;0;0;0;0;0;POINT (13.33316527 52.5057274)
10;2021;8;10;4;3;0;3;0;0;1;0;0;0;1;0;POINT (13.56187494 52.50526762)
8;2021;7;17;7;3;5;2;0;1;1;0;0;0;0;0;POINT (13.42113163 52.48032955)
1;2021;8;18;3;3;2;6;0;0;1;0;0;0;0;0;POINT (13.37438395 52.55631445)
9;2021;7;10;3;2;0;3;0;1;0;0;0;0;1;1;POINT (13.73056376 52.42743056)
4;2021;7;16;4;3;3;6;0;1;0;0;0;0;1;0;POINT (13.26968374 52.51087515)
4;2021;8;14;2;3;5;2;0;0;1;0;0;0;0;0;POINT (13.28678656 52.49581035)
12;2021;7;12;2;3;5;3;0;0;1;0;1;0;0;0;POINT (13.29739661 52.57785935)
8;2021;7;9;1;3;5;3;0;0;1;0;0;0;0;0;POINT (13.42077533 52.44086134)
2;2021;8;19;5;3;5;3;0;1;0;0;0;0;0;0;POINT (13.46200628 52.51873623)
5;2021;8;19;1;3;5;3;0;0;1;0;0;0;0;1;POINT (13.20313565 52.52310486)
8;2021;8;18;5;2;0;3;0;1;0;0;0;0;0;0;POINT (13.44541477 52.47651805)
4;2021;7;19;4;3;6;7;0;0;0;1;0;0;1;1;POINT (13.33070351 52.49832112)
8;2021;7;15;5;2;1;5;0;1;1;0;0;0;0;0;POINT (13.43597928 52.45862822)
12;2021;8;21;2;3;5;3;2;0;1;1;0;0;0;0;POINT (13.37703368 52.56074776)
9;2021;8;15;3;3;6;7;0;1;0;1;0;0;0;0;POINT (13.71169339 52.43257297)
1;2021;7;15;3;3;0;7;0;1;0;0;0;0;0;0;POINT (13.41836779 52.52600026)
9;2021;7;10;6;3;2;6;0;0;1;0;0;0;0;0;POINT (13.56000854 52.46054129)
8;2021;8;12;4;3;5;3;0;1;1;0;0;0;0;0;POINT (13.43481586 52.46205716)
2;2021;8;13;3;2;5;3;0;1;1;0;0;0;0;0;POINT (13.38364689 52.493794)
10;2021;8;22;1;2;4;1;2;0;1;0;0;0;0;0;POINT (13.56903551 52.47963822)
4;2021;7;18;3;3;5;2;0;1;1;0;0;0;0;0;POINT (13.28149357 52.50842618)
7;2021;7;19;7;3;2;6;0;0;1;0;1;0;0;0;POINT (13.37397616 52.49204325)
3;2021;8;14;5;2;5;3;0;0;1;0;1;0;0;0;POINT (13.43238455 52.60481189)
9;2021;8;17;1;3;2;6;1;0;1;0;0;0;0;1;POINT (13.56996103 52.44459263)
2;2021;8;12;5;3;5;2;0;0;1;0;0;0;1;0;POINT (13.38153853 52.50504351)
10;2021;7;6;2;3;4;5;0;1;1;0;0;0;0;0;POINT (13.58417487 52.54055705)
1;2021;8;8;4;3;0;1;0;1;0;0;0;0;0;0;POINT (13.39276408 52.56411205)
4;2021;7;17;4;3;2;6;0;0;1;0;0;0;0;1;POINT (13.30849256 52.52913198)
7;2021;7;11;6;3;6;4;0;0;1;1;0;0;0;0;POINT (13.3624845 52.41226974)
8;2021;8;1;3;3;1;5;2;0;1;0;0;0;0;0;POINT (13.41800929 52.4184532)
5;2021;8;13;3;2;5;3;0;0;1;0;1;0;0;0;POINT (13.1545818 52.5330341)
1;2021;7;19;4;2;0;1;0;1;0;0;0;0;0;0;POINT (13.34333819 52.52861931)
7;2021;8;8;3;3;4;6;0;1;0;0;0;0;0;0;POINT (13.35497803 52.49037573)
11;2021;8;9;3;3;5;3;0;1;1;0;0;0;0;0;POINT (13.49948684 52.5138422)
11;2021;8;14;1;3;5;2;0;1;1;0;0;0;0;0;POINT (13.48650412 52.54098093)
7;2021;8;11;6;3;3;6;0;0;1;0;1;0;0;0;POINT (13.39277204 52.48428353)
12;2021;7;11;3;3;0;3;0;0;1;0;1;0;0;0;POINT (13.33590523 52.60708639)
3;2021;8;17;2;3;5;2;0;0;0;0;1;0;0;0;POINT (13.42869187 52.57207053)
8;2021;8;21;6;3;2;2;2;0;1;0;0;0;0;1;POINT (13.42930953 52.48131745)
8;2021;7;15;5;3;5;3;0;0;1;0;0;0;0;0;POINT (13.452481 52.47056723)
6;2021;7;4;6;3;0;1;2;0;1;0;1;0;0;0;POINT (13.35368994 52.44738862)
8;2021;8;11;3;3;0;6;0;1;1;0;0;0;0;0;POINT (13.42126544 52.44275731)
3;2021;7;17;5;3;0;1;0;0;0;0;1;0;0;0;POINT (13.44663133 52.56491158)
3;2021;7;0;5;3;5;2;2;1;1;0;0;0;0;0;POINT (13.41472556 52.55356963)
3;2021;8;10;4;3;1;5;0;1;1;0;0;0;1;0;POINT (13.4389366 52.60839104)
8;2021;8;16;4;3;5;7;0;0;1;0;0;0;0;0;POINT (13.48921266 52.42074413)
4;2021;8;15;2;3;5;2;0;0;1;0;0;0;0;1;POINT (13.32610912 52.538357)
8;2021;8;23;7;2;5;2;2;0;1;0;0;0;0;0;POINT (13.4682128 52.42769437)
3;2021;7;10;3;3;0;1;0;0;0;0;1;0;0;0;POINT (13.44416472 52.56850902)
2;2021;8;14;7;3;5;3;0;1;1;0;0;0;0;0;POINT (13.42893903 52.51561402)
10;2021;7;15;1;3;6;2;0;0;1;1;0;0;0;0;POINT (13.57025581 52.54198195)
9;2021;7;12;1;3;0;1;0;1;1;0;0;0;0;0;POINT (13.5508255 52.43891661)
2;2021;8;14;5;3;5;2;0;1;1;0;0;0;0;0;POINT (13.38245944 52.50448062)
4;2021;8;12;1;3;0;1;0;0;0;0;1;0;0;0;POINT (13.33085038 52.48874567)
10;2021;8;14;5;3;5;7;0;1;1;0;0;0;0;0;POINT (13.58645234 52.51883816)
2;2021;7;14;7;3;2;6;0;0;1;0;0;0;0;0;POINT (13.47559397 52.51206158)
12;2021;8;17;3;3;0;1;0;1;1;0;0;0;0;0;POINT (13.35289323 52.56792934)
7;2021;7;12;3;3;5;2;0;1;1;0;0;0;0;0;POINT (13.3278483 52.47252163)
2;2021;7;10;4;3;3;6;0;1;1;0;0;0;0;0;POINT (13.44061232 52.49956625)
2;2021;8;10;2;3;5;2;0;1;1;0;0;0;0;0;POINT (13.47338524 52.49593344)
11;2021;8;20;1;2;3;6;0;0;1;0;1;0;0;0;POINT (13.4948851 52.55975236)
8;2021;7;12;2;3;5;3;0;0;1;0;0;0;0;0;POINT (13.43707284 52.46444516)
8;2021;7;8;2;3;5;3;0;1;1;0;0;0;0;0;POINT (13.50151421 52.41369586)
1;2021;8;8;1;3;1;5;0;1;1;0;0;0;0;0;POINT (13.38358407 52.51107888)
11;2021;8;12;6;2;5;3;0;0;1;0;1;0;0;0;POINT (13.49242977 52.50109623)
2;2021;8;14;1;3;5;2;0;1;0;0;0;0;1;0;POINT (13.38782671 52.50306012)
1;2021;8;18;6;3;5;2;0;1;1;0;0;0;0;0;POINT (13.39434811 52.54741519)
1;2021;7;15;5;3;5;3;0;0;1;0;1;0;0;0;POINT (13.38904838 52.52200058)
1;2021;7;13;5;3;2;6;0;0;1;0;0;0;0;0;POINT (13.34630075 52.54009695)
2;2021;8;9;4;3;5;3;0;0;1;0;0;0;1;0;POINT (13.39504095 52.49324294)
4;2021;7;10;4;3;5;3;0;0;1;0;0;0;1;0;POINT (13.24000876 52.52576537)
1;2021;8;23;4;3;0;1;2;1;0;0;0;0;0;0;POINT (13.41892493 52.52542682)
5;2021;8;17;3;2;0;6;0;0;1;0;0;0;1;0;POINT (13.18649607 52.53425344)
3;2021;8;14;2;3;5;3;0;1;1;0;0;0;0;0;POINT (13.41907613 52.53049413)
4;2021;8;18;7;3;6;7;0;0;1;1;0;0;0;0;POINT (13.3133894 52.52404915)
2;2021;7;18;3;3;3;6;0;0;1;0;1;0;0;0;POINT (13.38980857 52.49263104)
1;2021;8;12;2;3;1;5;0;1;1;0;0;0;0;0;POINT (13.38116186 52.53209163)
7;2021;8;21;6;3;6;2;2;0;1;1;0;0;0;1;POINT (13.3457043 52.4942471)
9;2021;7;14;6;3;0;3;0;0;1;0;0;0;1;0;POINT (13.590296 52.43513974)
2;2021;8;12;4;3;0;3;0;0;1;0;1;0;0;0;POINT (13.38724773 52.48996858)
4;2021;7;16;5;3;5;3;0;1;1;0;0;0;0;0;POINT (13.29630048 52.4976128)
2;2021;8;19;4;3;6;7;0;1;0;1;0;0;0;0;POINT (13.46775461 52.51510684)
1;2021;8;20;3;2;0;1;1;0;0;0;1;0;0;0;POINT (13.405312 52.52219753)
11;2021;8;17;3;3;5;3;0;0;1;0;0;0;0;0;POINT (13.49357754 52.54130154)
4;2021;8;16;1;3;0;6;0;0;1;0;0;0;1;0;POINT (13.32936593 52.50537113)
3;2021;7;10;3;3;2;6;0;1;1;0;0;0;0;0;POINT (13.45359851 52.59180476)
2;2021;8;11;1;3;5;3;0;0;1;0;0;0;1;0;POINT (13.38252228 52.5045461)
4;2021;8;13;1;3;5;2;0;0;1;0;0;0;0;0;POINT (13.29733433 52.52651781)
3;2021;8;16;6;3;5;2;0;0;1;0;0;0;1;0;POINT (13.43384281 52.54958762)
11;2021;7;15;2;3;3;6;0;0;1;0;0;0;0;0;POINT (13.48809465 52.53382988)
7;2021;8;1;2;3;0;1;2;0;0;0;1;0;0;0;POINT (13.36019522 52.47531711)
11;2021;8;12;7;2;6;4;0;1;0;1;0;0;0;0;POINT (13.50489309 52.57338549)
12;2021;7;16;5;3;0;1;0;0;0;0;1;0;0;1;POINT (13.31207724 52.58506254)
4;2021;7;19;7;3;6;4;0;0;1;1;0;0;0;1;POINT (13.29156247 52.49717256)
3;2021;8;13;4;2;5;2;0;1;0;0;0;1;0;0;POINT (13.40613227 52.58168599)
2;2021;7;11;4;3;5;3;0;1;1;0;0;0;0;0;POINT (13.44070112 52.5173234)
10;2021;7;19;5;3;6;4;0;0;1;1;0;0;0;0;POINT (13.61963807 52.53990338)
6;2021;8;19;4;3;3;6;0;0;1;0;1;0;0;0;POINT (13.31476 52.43058964)
8;2021;8;15;4;2;5;3;0;0;1;0;1;0;0;1;POINT (13.45194184 52.43829664)
1;2021;8;17;2;3;5;2;0;1;1;0;0;0;0;1;POINT (13.35226349 52.50529284)
2;2021;8;14;6;3;5;3;0;0;1;0;1;0;0;0;POINT (13.45770376 52.51279907)
6;2021;7;20;4;3;3;6;1;0;1;0;1;0;0;0;POINT (13.34859576 52.45368421)
3;2021;8;20;7;3;0;7;1;1;1;0;0;0;0;1;POINT (13.41104537 52.55410633)
5;2021;7;18;6;2;2;6;0;0;1;0;1;0;0;0;POINT (13.20775708 52.53870262)
8;2021;8;11;4;2;5;3;0;0;1;0;0;0;0;0;POINT (13.45516295 52.45304788)
1;2021;8;12;5;3;5;3;0;1;0;0;0;0;1;0;POINT (13.38333864 52.54858351)
5;2021;8;12;1;3;2;6;0;0;1;0;0;0;0;0;POINT (13.19852011 52.53323469)
7;2021;8;12;5;3;6;2;0;0;1;1;0;0;0;0;POINT (13.39258564 52.41268946)
7;2021;7;15;7;3;5;2;0;1;1;0;0;0;0;0;POINT (13.34515132 52.48918161)
1;2021;8;17;3;3;0;1;0;1;0;0;0;0;0;0;POINT (13.34853301 52.52197763)
1;2021;7;13;3;3;0;7;0;0;1;0;0;0;0;0;POINT (13.34850504 52.53583145)
8;2021;7;9;4;3;3;6;0;1;0;0;0;0;0;0;POINT (13.42666657 52.48744623)
10;2021;8;14;3;3;5;2;0;0;1;0;0;0;0;0;POINT (13.56560394 52.57044474)
7;2021;8;11;2;3;0;1;0;0;0;0;1;0;0;0;POINT (13.37767176 52.46566949)
9;2021;7;11;1;3;5;3;0;0;1;0;1;0;0;0;POINT (13.56202984 52.43677678)
11;2021;8;11;1;3;2;6;0;0;1;0;0;1;0;0;POINT (13.52717804 52.49200125)
4;2021;8;13;6;2;0;1;0;1;0;0;0;0;0;0;POINT (13.33181344 52.5006393)
12;2021;7;8;1;3;1;5;0;0;1;0;0;0;1;0;POINT (13.37076612 52.56063155)
1;2021;8;19;2;3;3;3;0;0;1;0;0;0;1;0;POINT (13.38874903 52.55016874)
3;2021;8;22;5;3;5;2;2;1;1;0;0;0;0;1;POINT (13.36843071 52.59733201)
2;2021;7;17;4;2;2;6;0;0;1;0;1;0;0;1;POINT (13.47559397 52.51206158)
2;2021;7;10;5;3;0;5;0;0;1;0;0;0;0;0;POINT (13.41299651 52.48828225)
1;2021;8;10;4;3;0;1;0;1;0;0;0;0;0;0;POINT (13.37628666 52.52203511)
1;2021;7;6;4;3;0;1;1;1;0;0;0;0;0;0;POINT (13.35596217 52.54322089)
6;2021;8;12;4;3;6;4;0;0;1;1;0;0;0;0;POINT (13.30568687 52.44811345)
9;2021;8;17;4;3;5;7;0;0;1;0;0;0;1;0;POINT (13.52375776 52.45968648)
1;2021;8;18;2;3;0;1;0;1;0;0;0;0;0;1;POINT (13.38542571 52.55740316)
1;2021;8;18;7;3;2;6;0;0;1;0;0;0;0;0;POINT (13.40352989 52.54038313)
8;2021;7;12;3;3;5;7;0;0;1;0;1;0;0;0;POINT (13.4340177 52.44277026)
10;2021;8;7;2;3;6;4;0;0;1;1;0;0;0;0;POINT (13.5735058 52.55221836)
1;2021;8;3;7;3;0;7;2;0;0;0;0;0;1;1;POINT (13.37018884 52.55684547)
5;2021;7;13;5;3;3;6;0;0;1;0;1;0;0;0;POINT (13.1978063 52.51929422)
6;2021;8;14;4;3;0;5;0;0;1;0;0;0;0;0;POINT (13.29170595 52.46681537)
4;2021;7;10;5;3;5;3;0;1;1;0;0;0;0;0;POINT (13.28108192 52.50767076)
4;2021;8;7;5;3;5;2;0;1;1;0;0;0;0;0;POINT (13.28229885 52.48379139)
9;2021;8;11;1;3;2;6;0;0;1;0;1;0;0;0;POINT (13.52683145 52.42810026)
2;2021;8;16;5;2;5;3;0;1;1;0;0;0;0;0;POINT (13.45062546 52.52237738)
8;2021;8;12;3;3;1;5;0;1;1;0;0;0;0;0;POINT (13.42780064 52.48905834)
6;2021;8;9;1;3;2;6;0;0;1;0;0;0;0;0;POINT (13.2787062 52.430965)
1;2021;7;15;3;3;0;5;0;1;0;0;0;0;1;0;POINT (13.35014599 52.52449955)
1;2021;8;13;1;3;5;2;0;1;1;0;0;0;0;0;POINT (13.37589498 52.52855419)
8;2021;7;21;5;2;6;2;2;0;1;1;0;0;0;0;POINT (13.43180003 52.46641441)
1;2021;7;18;7;3;0;4;0;0;0;1;1;0;0;1;POINT (13.39685516 52.52396735)
2;2021;8;7;5;3;5;3;0;1;1;0;0;0;0;0;POINT (13.3904752 52.49598026)
5;2021;8;15;2;3;2;6;0;0;1;0;1;0;0;0;POINT (13.25962259 52.54673698)
3;2021;8;22;5;3;9;1;2;0;1;0;0;0;0;1;POINT (13.41460059 52.55358284)
1;2021;7;16;2;3;0;7;0;1;0;0;0;0;0;0;POINT (13.37714757 52.5281569)
9;2021;8;7;3;3;1;5;0;1;1;0;0;0;0;0;POINT (13.57511226 52.44657238)
2;2021;7;1;4;3;5;3;2;1;1;0;0;0;0;0;POINT (13.40298195 52.49412158)
9;2021;7;17;4;3;5;3;0;1;1;0;0;0;0;0;POINT (13.57412491 52.39580075)
11;2021;8;15;3;3;5;3;0;0;1;0;0;0;0;0;POINT (13.50599985 52.4971262)
1;2021;8;16;1;3;5;2;0;1;1;0;0;0;0;0;POINT (13.38676497 52.55934089)
11;2021;7;12;3;2;5;3;0;1;0;0;0;0;0;0;POINT (13.50861343 52.55956147)