bez;ujahr;umonat;ustunde;uwochentag;ukategorie;uart;utyp1;ulichtverh;istrad;istpkw;istfuss;istkrad;istgkfz;istsonstige;ustrzustand;geometry
1;2021;7;8;5;3;2;6;0;0;1;0;0;0;0;0;POINT (13.38600472 52.53161421)
7;2021;8;15;3;2;5;3;0;1;0;0;0;0;0;0;POINT (13.32646261 52.47644993)
12;2021;7;10;2;3;3;6;0;0;1;0;0;0;0;0;POINT (13.33146654 52.56215169)
5;2021;8;19;1;3;0;2;0;0;1;0;1;0;0;1;POINT (13.19895406 52.55403756)
7;2021;8;16;6;2;5;3;0;0;0;0;1;0;1;0;POINT (13.3723195 52.44453234)
1;2021;7;18;2;3;5;3;0;1;1;0;0;0;0;0;POINT (13.40535725 52.50827917)
1;2021;6;14;3;3;0;5;0;0;1;0;0;0;1;0;POINT (13.40736737 52.52618612)
5;2021;5;11;1;3;5;2;0;0;1;0;0;0;0;0;POINT (13.16538532 52.55117495)
4;2021;6;14;1;3;2;7;0;0;1;0;1;0;0;0;POINT (13.31460081 52.51082784)
2;2021;7;17;1;3;3;6;0;0;0;0;1;0;1;0;POINT (13.42832095 52.51894471)
3;2021;7;19;5;3;5;2;0;1;1;0;0;0;0;0;POINT (13.45721725 52.56105319)
4;2021;7;13;5;3;6;7;0;0;1;1;0;0;0;1;POINT (13.28992738 52.47349155)
2;2021;6;9;4;3;0;1;0;0;0;0;1;0;0;0;POINT (13.39517129 52.49593983)
4;2021;6;12;4;3;3;6;0;1;0;0;0;0;1;0;POINT (13.27935977 52.52384026)
10;2021;6;12;1;3;5;3;0;1;1;0;0;0;0;0;POINT (13.61424964 52.53025589)
1;2021;5;13;1;3;3;6;0;1;0;0;0;0;0;0;POINT (13.41404641 52.51572477)
2;2021;6;19;5;3;5;2;0;1;0;0;0;0;0;0;POINT (13.43194689 52.5057655)
10;2021;6;16;4;3;6;4;0;0;1;1;0;0;0;0;POINT (13.56752852 52.56980266)
1;2021;7;6;5;3;5;2;0;1;1;0;0;0;0;1;POINT (13.32972665 52.52372366)
4;2021;6;8;3;3;3;6;0;1;0;0;0;0;1;0;POINT (13.30815344 52.48396017)
6;2021;5;17;5;3;6;4;0;0;1;1;0;0;0;0;POINT (13.28264948 52.44620467)
8;2021;6;19;3;3;5;3;0;1;1;0;0;0;0;0;POINT (13.45406675 52.48249771)
12;2021;7;0;1;3;1;5;2;1;1;0;0;0;0;0;POINT (13.33687276 52.5957473)
1;2021;5;13;2;3;2;6;0;0;1;0;0;0;0;1;POINT (13.32938506 52.52385014)
1;2021;6;12;2;3;1;7;0;0;1;0;0;0;0;0;POINT (13.34332239 52.53026554)
5;2021;7;17;1;3;4;3;0;0;1;0;0;0;0;0;POINT (13.21919457 52.53717309)
5;2021;7;14;2;3;2;7;0;0;1;0;0;0;0;0;POINT (13.20264048 52.54022241)
10;2021;5;21;5;3;0;1;1;0;0;0;1;0;0;1;POINT (13.55046374 52.53352582)
4;2021;6;11;3;3;0;6;0;0;0;0;0;0;1;0;POINT (13.31822847 52.50149437)
1;2021;7;17;6;3;5;2;0;1;1;0;0;0;0;0;POINT (13.38042994 52.51813719)
11;2021;6;13;2;3;5;7;0;0;1;0;0;0;1;0;POINT (13.47775431 52.53079973)
4;2021;6;16;5;3;2;6;0;0;1;0;0;0;0;0;POINT (13.32615885 52.4787279)
4;2021;6;9;2;3;5;3;0;0;1;0;0;0;0;0;POINT (13.27214918 52.50885571)
5;2021;6;4;2;3;0;7;1;0;0;0;1;0;0;1;POINT (13.24810914 52.53511258)
5;2021;6;18;6;3;2;6;0;0;1;0;0;0;0;0;POINT (13.20721165 52.53888049)
4;2021;6;10;5;3;5;2;0;1;1;0;0;0;0;0;POINT (13.33108894 52.49515045)
4;2021;7;15;5;2;0;1;0;0;0;0;1;0;0;0;POINT (13.30638565 52.50093745)
9;2021;6;12;6;3;5;2;0;0;1;0;0;0;0;0;POINT (13.54125377 52.43535141)
10;2021;5;15;2;1;6;4;0;0;0;1;0;0;1;0;POINT (13.60985766 52.53304456)
8;2021;6;16;3;3;0;1;0;1;0;0;0;0;0;1;POINT (13.42761517 52.49040405)
3;2021;7;15;2;3;5;2;0;0;1;0;1;0;0;0;POINT (13.42352503 52.55511712)
10;2021;7;4;3;3;1;5;1;0;1;0;0;0;0;1;POINT (13.58634428 52.50174347)
9;2021;6;14;4;3;2;6;0;0;1;0;1;0;0;0;POINT (13.52880472 52.4263676)
2;2021;5;17;1;3;5;3;0;1;1;0;0;0;0;0;POINT (13.39646482 52.49146899)
1;2021;6;10;4;3;3;7;0;1;1;0;0;0;0;0;POINT (13.39091128 52.52793191)
9;2021;6;10;4;3;5;2;0;1;0;0;0;0;1;0;POINT (13.50878991 52.45226927)
1;2021;6;16;2;3;1;5;0;1;1;0;0;0;0;0;POINT (13.39876195 52.52569773)
4;2021;6;19;7;3;3;6;0;0;1;0;1;0;0;0;POINT (13.30485943 52.51805119)
12;2021;6;7;3;2;5;3;0;1;1;0;0;0;0;0;POINT (13.2922957 52.59055003)
10;2021;6;17;3;3;2;6;0;0;1;0;0;0;0;0;POINT (13.56006222 52.52950312)
3;2021;6;15;1;3;6;4;0;0;1;1;0;0;0;0;POINT (13.4355541 52.55651181)
7;2021;7;9;1;3;5;2;0;1;0;0;0;0;1;1;POINT (13.36313682 52.47618131)
4;2021;6;23;6;3;5;3;2;0;1;0;0;0;1;0;POINT (13.32535225 52.50260861)
1;2021;6;23;3;2;5;3;2;0;1;0;0;0;1;1;POINT (13.38413583 52.55604281)
4;2021;7;6;4;2;5;2;0;0;1;0;0;0;1;0;POINT (13.29674188 52.54812406)
1;2021;6;13;5;3;6;4;0;0;0;1;1;0;0;0;POINT (13.41789463 52.51465943)
4;2021;6;14;1;3;2;2;0;0;1;0;0;0;0;0;POINT (13.29127181 52.49712746)
5;2021;5;15;1;3;1;5;0;0;1;0;0;0;0;0;POINT (13.18902864 52.54665592)
7;2021;6;15;5;2;5;2;0;1;1;0;0;0;0;0;POINT (13.41375924 52.45957812)
6;2021;6;8;5;2;5;3;0;1;1;0;0;0;0;0;POINT (13.23003583 52.43388857)
5;2021;6;15;2;3;2;2;0;0;1;0;0;0;0;0;POINT (13.19949502 52.53480218)
2;2021;6;19;5;2;4;6;0;0;1;0;0;0;0;0;POINT (13.42466177 52.49979274)
2;2021;6;20;1;3;5;2;0;1;1;0;0;0;0;0;POINT (13.44227926 52.50089493)
1;2021;5;0;4;2;6;4;2;0;0;1;0;0;1;1;POINT (13.38536419 52.53840541)
11;2021;6;10;3;3;5;3;0;1;1;0;0;0;0;0;POINT (13.51116894 52.49804545)
1;2021;7;20;6;3;0;2;0;1;1;0;0;0;0;0;POINT (13.41293619 52.52357219)
4;2021;5;16;1;2;9;1;0;0;0;0;1;0;0;0;POINT (13.27710326 52.50192424)
2;2021;6;20;2;3;4;6;1;1;1;0;0;0;0;1;POINT (13.43326964 52.49890092)
1;2021;7;12;2;2;6;7;0;1;0;1;0;0;0;0;POINT (13.32979136 52.52567807)
2;2021;7;16;5;3;0;1;0;0;0;0;1;0;0;1;POINT (13.39575911 52.48895271)
3;2021;6;14;1;3;5;3;0;1;0;0;0;0;0;0;POINT (13.46044016 52.52326641)
1;2021;6;19;4;3;0;1;0;0;0;0;1;0;0;0;POINT (13.41024148 52.5239921)
10;2021;6;15;5;3;5;3;0;1;1;0;0;0;0;0;POINT (13.58565862 52.52364928)
7;2021;6;23;4;3;0;3;2;1;1;0;0;0;0;0;POINT (13.36800934 52.48507305)
7;2021;6;10;1;3;5;2;0;1;1;0;0;0;0;0;POINT (13.3907008 52.41994554)
4;2021;6;15;2;3;2;6;0;0;1;0;1;0;0;0;POINT (13.27984163 52.47591382)
12;2021;6;3;7;3;8;1;2;0;1;0;0;0;0;0;POINT (13.32207991 52.56047922)
1;2021;6;6;6;3;8;1;0;0;1;0;0;0;0;0;POINT (13.42629676 52.5056962)
2;2021;7;19;6;3;5;5;0;1;1;0;0;0;0;0;POINT (13.43130064 52.4932616)
7;2021;6;7;3;3;1;5;0;1;1;0;0;0;0;0;POINT (13.39248045 52.46459425)
7;2021;6;13;5;3;2;6;0;0;1;0;0;0;1;0;POINT (13.37197178 52.49245082)
1;2021;6;11;3;3;2;6;0;1;1;0;0;0;0;0;POINT (13.38295815 52.53064412)
2;2021;5;16;1;3;2;6;0;0;1;0;0;0;0;0;POINT (13.39820827 52.50698877)
8;2021;6;7;3;3;5;2;0;0;1;0;1;0;0;1;POINT (13.42719343 52.47520192)
10;2021;7;8;1;3;5;3;0;1;0;0;0;0;1;1;POINT (13.60113996 52.47923633)
6;2021;7;16;3;3;1;5;0;1;1;0;0;0;0;0;POINT (13.29757682 52.44291674)
1;2021;6;19;3;3;0;5;0;1;1;0;0;0;0;0;POINT (13.33220149 52.54141272)
8;2021;5;17;6;3;0;5;0;0;1;0;1;0;0;0;POINT (13.43649307 52.48358862)
11;2021;6;16;4;3;0;1;0;1;0;0;0;0;0;0;POINT (13.49699121 52.50069712)
9;2021;6;7;3;3;3;6;0;0;1;0;0;1;0;0;POINT (13.48474651 52.46366027)
1;2021;7;22;5;2;2;6;2;0;1;0;0;0;0;1;POINT (13.39400351 52.54095188)
6;2021;6;11;2;3;5;3;0;1;1;0;0;0;0;0;POINT (13.24394729 52.44596591)
4;2021;6;21;7;3;2;6;1;0;0;0;0;0;1;0;POINT (13.32581411 52.50937193)
3;2021;6;6;2;2;1;5;0;1;1;0;0;0;0;0;POINT (13.42039875 52.53845776)
3;2021;6;0;3;3;8;1;2;0;1;0;0;0;0;0;POINT (13.43939377 52.54776192)
1;2021;6;17;1;3;5;3;0;1;1;0;0;0;0;0;POINT (13.39211076 52.508763)
5;2021;6;13;7;3;2;6;0;0;1;0;0;0;0;0;POINT (13.23156849 52.52773251)
8;2021;7;23;7;3;5;3;2;0;1;0;1;0;0;0;POINT (13.45453071 52.47441979)
2;2021;6;17;6;3;5;2;0;0;1;0;0;0;1;0;POINT (13.42377729 52.49045936)
6;2021;6;12;7;3;5;3;0;1;1;0;0;0;0;0;POINT (13.28060869 52.43607239)
7;2021;5;13;3;3;6;2;0;0;1;1;0;0;0;0;POINT (13.37571048 52.45580459)
6;2021;6;14;3;3;2;6;0;0;1;0;0;0;0;1;POINT (13.34682901 52.43542671)
3;2021;7;18;2;3;1;5;0;1;1;0;0;0;0;0;POINT (13.44741567 52.54737289)
6;2021;7;15;4;3;0;2;0;0;0;0;0;0;1;1;POINT (13.33549066 52.45145696)
2;2021;6;8;4;3;5;3;0;1;1;0;0;0;0;0;POINT (13.37403685 52.50374279)
2;2021;5;18;7;3;5;3;0;1;1;0;0;0;0;0;POINT (13.44755048 52.51320359)
11;2021;6;18;4;3;2;6;0;0;1;0;0;0;1;0;POINT (13.47577179 52.53285904)
10;2021;6;13;4;3;5;2;0;0;1;0;1;0;0;1;POINT (13.56274473 52.49923487)
1;2021;6;10;2;3;2;6;0;0;1;0;1;0;0;0;POINT (13.40685742 52.51859623)
11;2021;6;19;5;3;1;1;0;0;1;0;0;0;0;0;POINT (13.49337931 52.54139519)
7;2021;6;20;1;3;5;3;1;1;0;0;0;0;1;0;POINT (13.3728328 52.4447236)
1;2021;5;17;4;3;5;3;0;1;1;0;0;0;0;1;POINT (13.34434572 52.50433723)
9;2021;6;16;3;2;5;2;0;1;1;0;0;0;0;0;POINT (13.54142501 52.43543216)
9;2021;5;19;7;3;0;1;0;1;0;0;0;0;0;0;POINT (13.68622747 52.44239522)
7;2021;6;16;1;3;1;5;0;0;1;0;0;0;1;0;POINT (13.34828287 52.50060724)
2;2021;7;21;1;2;2;6;1;1;0;0;0;0;1;0;POINT (13.41882199 52.50062446)
4;2021;7;1;6;3;8;1;2;0;1;0;0;0;0;1;POINT (13.3168624 52.47821756)
4;2021;6;10;1;3;1;5;0;1;1;0;0;0;0;0;POINT (13.31931924 52.49805446)
3;2021;6;15;5;3;6;7;0;0;1;1;0;0;0;0;POINT (13.45829809 52.56882063)
4;2021;6;14;2;3;6;2;0;0;1;1;0;0;0;0;POINT (13.32011628 52.47882123)
7;2021;6;8;2;2;5;3;0;1;1;0;0;0;0;0;POINT (13.35299053 52.49933037)
6;2021;6;17;6;3;1;5;0;1;1;0;0;0;0;0;POINT (13.31834614 52.43383684)
12;2021;6;13;7;3;5;3;0;1;1;0;0;0;0;0;POINT (13.22698606 52.62595268)
1;2021;7;13;7;3;0;1;0;0;0;0;1;0;0;0;POINT (13.41665317 52.51095599)
2;2021;6;17;5;3;5;2;0;0;1;0;1;0;0;0;POINT (13.44141104 52.5074978)
9;2021;6;11;7;3;5;2;0;1;1;0;0;0;0;0;POINT (13.6588901 52.37365228)
7;2021;5;19;3;3;6;7;0;0;1;1;0;0;0;0;POINT (13.34251682 52.50215625)
2;2021;6;10;3;3;5;2;0;1;1;0;0;0;0;1;POINT (13.40538484 52.50513995)
1;2021;7;14;2;3;5;7;0;1;1;0;0;0;0;0;POINT (13.32794118 52.54128576)
3;2021;7;12;3;3;2;7;0;0;1;0;0;0;0;1;POINT (13.45565165 52.59301212)
10;2021;6;12;4;3;3;6;0;1;0;0;0;0;1;0;POINT (13.63990633 52.52738687)
4;2021;5;21;7;3;3;6;1;0;1;0;1;0;0;0;POINT (13.29320931 52.53459197)
12;2021;6;10;4;3;8;1;0;0;1;0;0;0;0;0;POINT (13.3666356 52.61850883)
9;2021;6;17;3;3;5;2;0;1;1;0;0;0;0;0;POINT (13.5822876 52.43745201)
4;2021;6;8;2;3;1;5;0;1;1;0;0;0;0;0;POINT (13.26525017 52.51374225)
1;2021;6;18;6;3;2;6;0;1;0;0;0;0;0;0;POINT (13.41370882 52.52011266)
11;2021;6;17;7;3;0;5;0;1;1;0;0;0;0;0;POINT (13.48589579 52.54864629)
6;2021;6;14;2;3;0;7;0;0;0;0;1;0;1;0;POINT (13.31978879 52.43013768)
1;2021;6;17;3;2;5;3;0;1;1;0;0;0;0;0;POINT (13.33782375 52.52547538)
4;2021;6;14;1;3;2;6;0;0;1;0;0;0;0;0;POINT (13.30979544 52.50658023)
9;2021;7;20;1;3;8;1;1;0;1;0;0;0;0;0;POINT (13.61965447 52.45575549)
8;2021;6;19;3;2;2;6;0;0;1;0;1;0;0;0;POINT (13.42978788 52.47020462)
1;2021;7;14;4;3;3;6;0;1;1;0;0;0;0;0;POINT (13.39013585 52.55525813)
10;2021;7;16;4;3;5;2;0;0;1;0;0;0;0;1;POINT (13.55023195 52.54286661)
6;2021;6;10;4;3;2;6;0;0;1;0;0;0;0;0;POINT (13.34623604 52.44964978)
4;2021;6;18;4;3;0;3;0;0;1;0;1;0;0;0;POINT (13.31987114 52.46880644)
5;2021;6;15;4;3;3;6;0;0;1;0;0;1;0;0;POINT (13.20095283 52.54154215)
7;2021;6;17;1;3;1;5;0;1;1;0;0;0;0;0;POINT (13.32456428 52.4692576)
2;2021;5;8;1;3;5;3;0;1;1;0;0;0;0;0;POINT (13.46302727 52.49951459)
1;2021;6;16;5;3;6;4;0;0;1;1;0;0;0;0;POINT (13.36039301 52.54844813)
4;2021;6;19;5;3;5;2;0;1;1;0;0;0;0;0;POINT (13.28766504 52.49606524)
1;2021;6;18;2;3;5;2;0;1;0;0;1;0;0;0;POINT (13.40900881 52.52829707)
9;2021;6;19;5;3;5;2;0;1;1;0;0;0;0;0;POINT (13.538636 52.43453173)
2;2021;6;13;7;3;3;6;0;0;1;0;1;0;0;0;POINT (13.38363383 52.49379541)
3;2021;5;7;5;2;5;2;0;1;1;0;0;0;0;0;POINT (13.46682482 52.61498553)
11;2021;6;15;3;3;5;2;0;1;1;0;0;0;0;0;POINT (13.50591869 52.50892787)
11;2021;7;15;6;3;5;3;0;1;1;0;0;0;0;0;POINT (13.50567758 52.48451682)
5;2021;5;16;2;3;5;7;0;0;1;0;0;0;0;0;POINT (13.19317405 52.53592858)
12;2021;6;9;2;3;1;5;0;1;1;0;0;0;0;0;POINT (13.29273805 52.59064)
4;2021;7;14;2;3;2;2;0;0;1;0;0;0;1;0;POINT (13.31912697 52.49961743)
6;2021;7;10;6;2;5;3;0;0;1;0;1;0;0;0;POINT (13.34176307 52.41601767)
1;2021;6;13;1;3;2;2;0;0;1;0;0;0;0;0;POINT (13.39328164 52.5644887)
9;2021;6;11;5;3;2;6;0;0;1;0;0;0;1;0;POINT (13.57248928 52.45130826)
7;2021;6;18;4;3;5;2;0;1;0;0;1;0;0;0;POINT (13.37703862 52.47682876)
7;2021;6;14;1;3;5;3;0;0;1;0;1;0;0;0;POINT (13.3822569 52.44671642)
6;2021;6;12;2;2;5;3;0;1;1;0;0;0;0;0;POINT (13.18051041 52.41897553)
1;2021;6;23;6;3;6;7;2;0;1;1;0;0;0;0;POINT (13.40077449 52.52104215)
1;2021;6;12;6;3;0;1;0;1;0;0;0;0;0;0;POINT (13.39452601 52.51928335)
2;2021;7;11;6;3;6;4;0;0;1;1;0;0;0;0;POINT (13.45279326 52.52672189)
3;2021;6;17;3;3;9;1;0;0;0;0;1;0;0;0;POINT (13.47394637 52.60359465)
2;2021;6;23;5;3;1;5;2;1;1;0;0;0;0;0;POINT (13.39298511 52.50686844)
10;2021;5;9;3;3;5;3;0;0;1;0;0;0;0;0;POINT (13.5975008 52.50233583)
1;2021;6;14;3;3;1;5;0;1;1;0;0;0;0;1;POINT (13.38046017 52.55158132)
9;2021;7;12;1;2;1;7;0;0;1;0;0;0;0;0;POINT (13.50571254 52.46487978)
6;2021;7;19;3;3;5;3;1;0;1;0;0;0;0;0;POINT (13.35734363 52.44852626)
4;2021;6;13;3;2;0;1;0;1;0;0;0;0;0;0;POINT (13.30693027 52.49876811)
11;2021;5;13;6;3;5;3;0;1;1;0;0;0;0;0;POINT (13.51960553 52.48739454)
12;2021;6;11;4;3;9;1;0;1;0;0;0;0;0;0;POINT (13.34450438 52.58927215)
9;2021;6;15;3;3;5;2;0;1;1;0;0;0;0;0;POINT (13.65692603 52.41522238)
11;2021;6;17;3;3;5;2;0;1;1;0;0;0;0;0;POINT (13.49855805 52.5383354)
12;2021;6;13;6;3;5;2;0;1;1;0;0;0;0;0;POINT (13.31040389 52.56795655)
6;2021;6;8;3;3;6;3;0;0;1;1;0;0;0;0;POINT (13.33891305 52.45486186)
1;2021;6;16;2;3;5;3;0;1;1;0;0;0;0;0;POINT (13.37985141 52.54017943)
6;2021;6;8;1;3;5;3;0;0;1;0;1;0;0;0;POINT (13.26293992 52.43909267)
4;2021;6;20;7;3;1;5;0;1;1;0;0;0;0;0;POINT (13.32801588 52.50671034)
4;2021;7;12;7;3;1;5;0;0;1;0;0;0;1;0;POINT (13.33671626 52.49791055)
10;2021;6;17;7;3;5;3;0;1;1;0;0;0;0;0;POINT (13.57292606 52.56691648)
8;2021;7;20;4;2;5;3;1;1;1;0;0;0;0;0;POINT (13.43755412 52.48121991)
3;2021;7;21;3;3;6;4;1;1;0;1;0;0;0;0;POINT (13.43121258 52.55207586)
11;2021;7;8;3;3;2;6;0;0;1;0;0;0;0;1;POINT (13.50345091 52.56276246)
10;2021;6;13;4;3;9;6;0;0;1;0;0;0;0;0;POINT (13.54864172 52.52790169)
3;2021;6;13;4;2;5;2;0;1;0;0;0;0;1;0;POINT (13.42058021 52.54869434)
1;2021;5;18;7;3;5;3;0;1;1;0;0;0;0;0;POINT (13.37931132 52.50703435)
2;2021;6;9;5;3;0;3;0;1;1;0;0;0;0;0;POINT (13.3769224 52.49154327)
6;2021;6;15;4;3;2;6;0;0;1;0;0;0;0;0;POINT (13.32306314 52.45642441)
9;2021;6;18;2;3;6;4;0;0;0;1;0;0;1;0;POINT (13.50066346 52.43974635)
2;2021;6;10;5;2;3;6;0;0;1;0;1;0;0;0;POINT (13.38562376 52.48495389)
4;2021;6;15;1;3;5;3;0;0;1;0;1;0;0;0;POINT (13.30379988 52.52566472)
3;2021;5;19;4;3;5;3;0;1;1;0;0;0;0;1;POINT (13.45360357 52.59177447)
3;2021;6;17;3;3;3;6;0;1;0;0;0;0;0;0;POINT (13.40363553 52.54041164)
1;2021;5;21;7;3;0;1;1;1;0;0;0;0;0;0;POINT (13.39853537 52.53255269)
8;2021;6;11;1;3;2;6;0;0;1;0;0;0;0;0;POINT (13.4331664 52.42233641)
11;2021;7;7;1;2;5;2;0;0;1;0;1;0;0;0;POINT (13.54010619 52.56530093)
2;2021;6;17;4;3;3;6;0;1;1;0;0;0;0;0;POINT (13.39736962 52.4911294)
7;2021;7;17;5;3;5;3;0;0;1;0;0;0;0;0;POINT (13.39401481 52.41107282)
1;2021;7;14;5;3;2;6;0;1;1;0;0;0;0;1;POINT (13.38536581 52.51664751)
2;2021;6;7;4;3;1;5;0;0;1;0;0;0;0;0;POINT (13.43239626 52.51638864)
3;2021;6;20;1;3;3;6;0;0;1;0;1;0;0;0;POINT (13.41195586 52.53103937)
5;2021;5;13;1;3;5;2;0;1;1;0;0;0;0;0;POINT (13.18581116 52.53422854)
7;2021;6;15;5;3;6;7;0;1;0;1;0;0;0;0;POINT (13.39678094 52.38014105)
9;2021;6;13;5;2;0;7;0;1;0;0;0;0;0;0;POINT (13.61643664 52.44686905)
12;2021;7;11;5;2;5;3;0;0;1;0;1;0;0;0;POINT (13.31620097 52.58670209)
5;2021;6;5;3;3;0;7;0;0;0;0;1;0;0;0;POINT (13.20741115 52.543573)
5;2021;6;13;5;3;5;7;0;1;1;0;0;0;0;0;POINT (13.21355735 52.53858648)
2;2021;6;12;1;3;1;5;0;1;1;0;0;0;0;0;POINT (13.46085422 52.51660855)
4;2021;5;5;5;3;0;2;0;0;0;0;0;0;1;0;POINT (13.33215875 52.50599205)
7;2021;6;14;3;3;0;7;0;0;1;0;1;0;0;0;POINT (13.38325844 52.43102058)
1;2021;7;11;7;3;6;7;0;0;1;1;0;0;0;0;POINT (13.36825892 52.52403261)
7;2021;5;15;2;3;5;3;0;1;1;0;0;0;0;0;POINT (13.34246907 52.48254788)
1;2021;6;20;2;3;2;2;1;1;0;0;0;0;0;0;POINT (13.35016375 52.51372051)
5;2021;7;15;1;3;2;6;0;0;1;0;0;0;1;0;POINT (13.20984904 52.55088529)
3;2021;7;7;2;3;5;3;0;1;1;0;0;0;0;0;POINT (13.48329949 52.6118894)
1;2021;7;17;6;3;2;6;0;1;1;0;0;0;0;0;POINT (13.41000453 52.52400309)
1;2021;6;15;2;2;5;3;0;1;1;0;0;0;0;0;POINT (13.39026412 52.50768405)
6;2021;6;8;5;2;5;2;0;1;1;0;0;0;0;0;POINT (13.13179774 52.39168848)
6;2021;6;11;3;2;0;5;0;1;1;0;0;0;0;0;POINT (13.34770231 52.45066413)
1;2021;7;0;5;3;5;2;2;0;1;0;0;0;0;1;POINT (13.38646211 52.54947218)
4;2021;7;15;5;3;2;6;0;0;1;0;0;0;0;0;POINT (13.29433812 52.53436415)
1;2021;6;12;4;3;0;5;0;1;1;0;0;0;0;0;POINT (13.40303526 52.52754859)
4;2021;6;2;4;2;9;1;2;0;0;0;1;0;0;0;POINT (13.30776176 52.48858939)
2;2021;6;17;1;3;1;5;0;1;1;0;0;0;0;0;POINT (13.43056676 52.51122329)
1;2021;5;13;1;3;2;7;0;0;1;0;1;0;0;0;POINT (13.34317334 52.53068591)
8;2021;6;17;5;3;5;3;0;0;1;0;0;0;0;0;POINT (13.48999914 52.42009612)
7;2021;6;16;5;2;0;2;0;0;1;0;1;0;0;0;POINT (13.37825977 52.4670939)
3;2021;6;7;3;3;5;3;0;1;1;0;0;0;0;0;POINT (13.43147359 52.5344167)
10;2021;5;7;5;3;5;3;0;1;1;0;0;0;0;0;POINT (13.57454373 52.51312005)
1;2021;6;18;3;3;5;2;0;1;1;0;0;0;0;0;POINT (13.41667332 52.51947206)
5;2021;7;13;7;3;2;6;0;0;1;0;0;0;0;0;POINT (13.21019364 52.54870089)
5;2021;5;19;2;2;5;2;0;0;1;0;0;0;0;0;POINT (13.18280761 52.51280983)
4;2021;6;12;2;3;1;5;0;1;0;0;0;0;1;0;POINT (13.31525824 52.47202416)
11;2021;7;14;2;3;5;3;0;1;1;0;0;0;0;0;POINT (13.5128257 52.57032917)
8;2021;7;13;5;3;5;3;0;0;1;0;0;0;0;1;POINT (13.44778447 52.47112672)
12;2021;6;16;1;3;5;3;0;1;1;0;0;0;0;0;POINT (13.29030402 52.63343475)
11;2021;6;18;5;3;0;6;0;0;0;0;1;0;1;0;POINT (13.49381638 52.56499332)
3;2021;6;10;2;3;5;2;0;0;1;0;0;0;0;0;POINT (13.42731274 52.55240952)
5;2021;6;13;2;3;0;3;0;0;1;0;1;0;0;0;POINT (13.19967032 52.53456443)
8;2021;6;10;6;2;5;3;0;0;1;0;0;0;0;0;POINT (13.4431971 52.48224644)
8;2021;6;19;6;3;0;1;0;1;0;0;0;0;1;0;POINT (13.44628555 52.48636705)
2;2021;7;10;6;3;5;3;0;1;0;0;0;0;0;0;POINT (13.43581197 52.51929385)
6;2021;6;16;5;3;5;3;0;1;1;0;0;0;0;0;POINT (13.31056699 52.46702147)
6;2021;6;12;1;3;2;6;0;0;1;0;0;0;0;0;POINT (13.26292219 52.43906971)
11;2021;5;14;3;3;5;3;0;1;1;0;0;0;0;0;POINT (13.51323192 52.53948708)
4;2021;6;12;3;3;5;2;0;1;1;0;0;0;0;1;POINT (13.3110799 52.50649399)
1;2021;7;6;1;3;5;2;0;0;1;0;0;1;0;0;POINT (13.36030423 52.53727956)
1;2021;7;11;3;2;6;2;0;0;1;1;0;0;0;1;POINT (13.39312992 52.56439834)
2;2021;6;12;3;3;5;3;0;1;0;0;0;0;1;0;POINT (13.43063474 52.51110572)
11;2021;5;15;6;3;1;5;0;1;1;0;0;0;0;0;POINT (13.49521456 52.54432712)
8;2021;6;16;4;3;4;6;0;0;1;0;0;0;1;0;POINT (13.42406092 52.46353729)
7;2021;6;8;3;3;5;3;0;1;0;0;0;0;1;0;POINT (13.36119418 52.49442354)
8;2021;6;10;2;3;5;7;0;0;1;0;0;0;1;0;POINT (13.41287115 52.42124926)
9;2021;6;15;6;3;5;2;0;1;1;0;0;0;0;0;POINT (13.50774 52.47487986)
5;2021;6;6;2;2;3;6;0;0;1;0;1;0;0;0;POINT (13.26965696 52.53655834)
10;2021;6;14;3;2;6;4;0;0;1;1;0;0;0;0;POINT (13.588903 52.53775007)
3;2021;6;13;1;3;5;3;0;1;0;0;0;0;0;0;POINT (13.42757047 52.56063715)
1;2021;6;18;7;3;5;3;0;0;1;0;0;0;0;0;POINT (13.39028855 52.50859326)
11;2021;7;1;7;2;0;1;2;1;0;0;0;0;0;0;POINT (13.47810921 52.50653756)
6;2021;6;14;6;3;1;5;0;0;1;0;0;0;0;0;POINT (13.25929636 52.43929388)
8;2021;7;17;4;3;2;6;0;0;1;0;0;0;0;1;POINT (13.45911941 52.42242904)
2;2021;7;17;4;3;3;6;0;1;0;0;0;0;0;0;POINT (13.3769905 52.48503105)
8;2021;6;10;4;3;2;6;0;0;1;0;0;0;0;0;POINT (13.4351366 52.4840709)
2;2021;6;7;1;3;0;1;0;1;0;0;0;0;1;0;POINT (13.43658125 52.52347676)
3;2021;5;18;7;2;5;2;0;0;1;0;1;0;0;0;POINT (13.42612443 52.60762676)
8;2021;6;12;5;3;1;5;0;1;1;0;0;0;0;0;POINT (13.42892616 52.48616205)
8;2021;6;17;3;3;2;6;0;1;1;0;0;0;0;0;POINT (13.47007405 52.43496462)
3;2021;6;9;2;3;6;2;0;0;1;1;0;0;0;0;POINT (13.49669624 52.63463496)