bez;ujahr;umonat;ustunde;uwochentag;ukategorie;uart;utyp1;ulichtverh;istrad;istpkw;istfuss;istkrad;istgkfz;istsonstige;ustrzustand;geometry
5;2021;6;20;1;3;5;3;0;0;1;0;0;0;0;0;POINT (13.20652522 52.56015303)
9;2021;6;20;1;3;5;3;0;1;0;0;0;0;0;0;POINT (13.63684702 52.45072482)
1;2021;5;16;4;2;0;7;0;0;1;0;0;0;0;1;POINT (13.33368118 52.56075361)
1;2021;6;17;3;3;0;6;0;1;1;0;0;0;0;0;POINT (13.40381896 52.52601889)
8;2021;5;14;1;3;5;3;0;1;0;0;0;0;1;0;POINT (13.44010467 52.47373977)
1;2021;6;15;1;3;0;7;0;1;0;1;0;0;0;0;POINT (13.39383211 52.5545088)
4;2021;7;16;1;3;5;3;0;1;0;0;0;0;1;0;POINT (13.33277375 52.50639306)
5;2021;7;19;5;3;5;2;0;0;1;0;1;0;0;0;POINT (13.17807024 52.54875064)
8;2021;7;20;5;3;1;5;0;1;1;0;0;0;0;0;POINT (13.43885295 52.48038713)
7;2021;6;10;5;3;5;2;0;0;1;0;0;0;0;0;POINT (13.40682393 52.39376926)
9;2021;6;1;4;2;0;1;2;1;0;0;0;0;0;0;POINT (13.52723437 52.4377344)
6;2021;6;13;1;2;0;1;0;1;0;0;0;0;0;0;POINT (13.30047192 52.4209194)
2;2021;5;8;1;3;5;2;0;1;1;0;0;0;0;0;POINT (13.4754569 52.51191282)
3;2021;6;13;5;3;6;7;0;0;0;1;0;0;1;0;POINT (13.42380328 52.55394929)
9;2021;6;13;5;3;5;2;0;1;1;0;0;0;0;0;POINT (13.54496879 52.43676992)
4;2021;7;7;5;3;5;2;0;1;1;0;0;0;0;1;POINT (13.28776287 52.48088847)
1;2021;6;7;3;2;5;7;0;0;1;0;1;0;0;0;POINT (13.41201316 52.51586411)
10;2021;6;12;5;2;6;4;0;0;0;1;0;0;1;0;POINT (13.51933205 52.5287794)
6;2021;5;19;5;3;0;7;0;1;0;1;0;0;0;0;POINT (13.35625139 52.42871435)
10;2021;6;6;4;3;5;3;0;1;1;0;0;0;0;0;POINT (13.55805194 52.52969099)
9;2021;7;3;7;2;9;1;2;0;1;0;0;0;0;0;POINT (13.48013714 52.45987137)
2;2021;5;7;2;3;5;3;0;1;0;0;0;0;0;1;POINT (13.43092164 52.51280238)
1;2021;6;15;2;3;5;3;0;0;1;0;0;0;0;0;POINT (13.39036254 52.50766857)
2;2021;7;18;1;3;5;2;0;1;0;0;0;0;1;0;POINT (13.45071869 52.52712195)
1;2021;7;10;2;3;1;5;0;0;1;0;0;0;0;0;POINT (13.32767732 52.52489325)
5;2021;5;6;5;3;6;4;0;0;1;1;0;0;0;1;POINT (13.19380612 52.53366821)
7;2021;6;14;3;3;2;6;0;1;1;0;0;0;0;0;POINT (13.34490174 52.48208997)
4;2021;7;13;6;2;0;1;0;1;0;0;0;0;0;0;POINT (13.3065051 52.52894163)
4;2021;6;21;1;2;5;2;1;0;1;0;0;0;0;0;POINT (13.29750069 52.53457557)
5;2021;6;15;5;2;6;4;0;0;0;1;1;0;0;0;POINT (13.20557031 52.54155041)
10;2021;6;13;2;3;6;4;0;0;1;1;0;0;0;0;POINT (13.57877297 52.56399546)
1;2021;6;10;2;3;1;5;0;1;1;0;0;0;0;0;POINT (13.33471072 52.52463867)
8;2021;6;0;7;3;5;3;2;0;1;0;0;0;0;0;POINT (13.43645994 52.4669612)
2;2021;6;16;5;3;2;6;0;1;1;0;0;0;0;0;POINT (13.39496757 52.49351379)
8;2021;7;11;6;3;5;2;0;0;1;0;0;0;0;0;POINT (13.45442324 52.45292808)
1;2021;6;16;6;3;1;5;0;1;1;0;0;0;0;0;POINT (13.33136958 52.54137262)
1;2021;5;11;3;3;2;6;0;0;1;0;0;1;0;0;POINT (13.35206825 52.50528038)
12;2021;6;20;2;3;5;3;0;1;1;0;0;0;0;1;POINT (13.32618424 52.59170733)
1;2021;7;13;2;3;0;6;0;0;1;0;1;0;0;0;POINT (13.34331664 52.526553)
5;2021;7;9;3;3;2;6;0;0;1;0;0;0;0;1;POINT (13.19285484 52.5209992)
1;2021;6;10;4;2;5;3;0;0;1;0;1;0;0;0;POINT (13.31955532 52.52835903)
9;2021;5;14;7;3;5;3;0;0;1;0;0;0;0;0;POINT (13.53818109 52.39990461)
1;2021;6;17;4;2;5;2;0;1;0;0;1;0;0;0;POINT (13.34950375 52.50847426)
10;2021;6;20;4;2;5;3;0;0;0;0;1;0;1;0;POINT (13.61755004 52.52035193)
7;2021;6;9;2;3;0;1;0;0;0;0;1;0;0;0;POINT (13.36410382 52.48825891)
5;2021;6;23;6;3;0;7;2;0;0;0;0;0;1;0;POINT (13.19397825 52.54579822)
12;2021;6;15;2;3;1;5;0;1;1;0;0;0;0;0;POINT (13.35349291 52.56244805)
1;2021;6;16;2;3;5;2;0;1;0;0;0;0;1;0;POINT (13.33033437 52.52717074)
6;2021;6;20;1;3;5;2;0;0;1;0;0;0;0;0;POINT (13.35158698 52.44019466)
1;2021;7;20;7;3;5;3;0;0;1;0;0;0;0;0;POINT (13.35912639 52.54633133)
8;2021;6;14;6;3;2;6;0;0;1;0;0;0;0;0;POINT (13.44159414 52.47040995)
9;2021;6;10;1;1;5;3;0;1;1;0;0;0;0;0;POINT (13.69277359 52.4561311)
4;2021;6;8;2;3;5;2;0;1;1;0;0;0;0;0;POINT (13.3246034 52.49875662)
6;2021;6;18;7;3;6;7;0;0;1;1;0;0;0;0;POINT (13.25799978 52.4129801)
2;2021;6;14;5;3;6;7;0;0;0;1;1;0;0;0;POINT (13.41595955 52.49512194)
6;2021;7;17;5;3;2;6;0;0;1;0;0;0;0;0;POINT (13.3388309 52.44889183)
1;2021;6;16;6;3;5;2;0;1;1;0;0;0;0;0;POINT (13.42778861 52.50764593)
12;2021;5;16;3;3;0;1;0;0;0;0;1;0;0;1;POINT (13.30167298 52.63297147)
10;2021;6;20;2;3;5;3;0;1;1;0;0;0;0;1;POINT (13.59146242 52.5230897)
7;2021;7;15;2;3;2;6;0;0;1;0;0;0;0;0;POINT (13.39901116 52.44373464)
1;2021;7;8;3;3;5;3;0;1;1;0;0;0;0;1;POINT (13.36601702 52.55348304)
7;2021;6;11;3;3;5;2;0;1;0;0;0;1;0;0;POINT (13.37025766 52.49279647)
3;2021;5;16;6;3;3;6;0;1;0;0;0;0;1;0;POINT (13.41120968 52.53053652)
5;2021;6;10;4;3;3;6;0;0;1;0;0;1;0;0;POINT (13.25894007 52.53733143)
2;2021;6;21;3;3;5;3;0;0;1;0;0;0;0;0;POINT (13.40055002 52.49048181)
8;2021;6;5;3;3;2;6;0;0;1;0;0;1;0;0;POINT (13.42769778 52.47423233)
11;2021;6;16;6;3;2;6;0;0;1;0;0;0;0;0;POINT (13.46946011 52.53162511)
11;2021;6;15;2;2;2;6;0;0;1;0;0;0;0;0;POINT (13.47261446 52.53217252)
8;2021;6;16;3;2;5;3;0;0;1;0;0;0;0;0;POINT (13.445302 52.47922686)
7;2021;6;18;1;2;5;3;0;0;1;0;1;0;0;0;POINT (13.34321083 52.4740395)
2;2021;7;16;7;2;6;4;0;1;0;1;0;0;0;0;POINT (13.47288925 52.51222598)
11;2021;6;17;7;3;0;1;0;1;0;0;0;0;0;0;POINT (13.52797371 52.55710226)
1;2021;6;19;3;3;2;6;0;1;1;0;0;0;0;1;POINT (13.34144396 52.52553911)
12;2021;7;18;3;3;1;1;0;1;1;0;0;0;0;1;POINT (13.23358423 52.56877999)
6;2021;6;8;4;3;2;2;0;0;1;0;1;0;0;0;POINT (13.34653319 52.43078973)
6;2021;5;9;7;2;0;1;0;1;0;0;0;0;0;0;POINT (13.22676124 52.43958865)
7;2021;6;11;5;3;5;2;0;0;1;0;0;0;0;0;POINT (13.37701623 52.40826642)
5;2021;6;21;4;3;1;5;1;0;1;0;0;0;1;0;POINT (13.24084212 52.53892025)
1;2021;6;17;2;3;5;3;0;1;1;0;0;0;0;0;POINT (13.41776262 52.50660173)
4;2021;6;8;1;3;2;2;0;0;1;0;1;0;0;0;POINT (13.3236426 52.49359709)
2;2021;5;8;4;3;6;4;0;1;0;1;0;0;0;0;POINT (13.41039792 52.50319932)
4;2021;6;16;3;3;0;5;0;1;1;0;0;0;0;0;POINT (13.27189328 52.51001573)
7;2021;5;17;7;3;0;2;0;1;1;0;0;0;0;1;POINT (13.32146861 52.47158817)
3;2021;6;22;1;3;2;6;2;0;1;0;1;0;0;0;POINT (13.46562515 52.55213791)
1;2021;7;15;1;3;5;2;0;1;1;0;0;0;0;0;POINT (13.35152147 52.5095628)
4;2021;7;20;5;2;0;7;0;0;0;0;0;0;1;0;POINT (13.30642559 52.51780439)
1;2021;7;21;5;3;0;1;1;0;0;0;0;0;1;1;POINT (13.35339181 52.53392373)
6;2021;6;15;4;3;6;4;0;0;1;1;0;0;0;0;POINT (13.28429728 52.44649216)
7;2021;6;8;4;3;6;4;0;0;0;1;0;0;1;0;POINT (13.38325324 52.45011454)
1;2021;6;15;1;3;3;2;0;0;1;0;1;0;0;0;POINT (13.36414616 52.52795632)
7;2021;5;14;1;3;5;2;0;1;1;0;0;0;0;0;POINT (13.4116278 52.43902953)
7;2021;6;22;5;3;1;7;1;0;1;0;0;0;0;0;POINT (13.34814739 52.46417421)
4;2021;6;14;5;3;5;3;0;1;1;0;0;0;0;0;POINT (13.33029357 52.49652432)
4;2021;7;11;5;3;0;1;0;1;0;0;0;0;0;1;POINT (13.25543277 52.51470653)
10;2021;6;16;3;3;5;2;0;1;1;0;0;0;0;0;POINT (13.59618543 52.53640607)
6;2021;6;19;5;3;0;1;0;1;1;0;0;0;0;0;POINT (13.3441494 52.43125676)
2;2021;5;17;5;3;5;2;0;1;1;0;0;0;0;1;POINT (13.44371963 52.52528387)
5;2021;6;7;4;3;0;7;0;0;0;0;1;0;0;0;POINT (13.18230132 52.53827456)
8;2021;7;4;7;3;5;2;1;0;1;0;0;0;1;0;POINT (13.42409611 52.48645743)
4;2021;5;15;2;3;1;5;0;1;1;0;0;0;0;1;POINT (13.29839522 52.51349393)
7;2021;6;10;2;2;6;4;0;0;1;1;0;0;0;0;POINT (13.39270536 52.39832161)
9;2021;7;12;1;3;5;3;0;1;1;0;0;0;0;0;POINT (13.56937183 52.45282712)
3;2021;7;17;2;3;5;2;0;0;1;0;0;0;0;0;POINT (13.44146031 52.53198468)
6;2021;5;10;6;3;5;2;0;1;1;0;0;0;0;0;POINT (13.14775091 52.41821767)
9;2021;6;13;4;3;0;1;0;1;0;0;0;0;0;0;POINT (13.48014761 52.44408137)
4;2021;6;12;3;3;5;2;0;0;1;0;1;0;0;0;POINT (13.31798223 52.50900114)
2;2021;7;22;6;3;6;4;2;0;0;1;1;0;0;0;POINT (13.44569065 52.50178679)
12;2021;6;10;2;3;5;2;0;0;1;0;0;0;0;0;POINT (13.31542218 52.57793167)
7;2021;6;23;5;3;3;6;2;1;1;0;0;0;0;0;POINT (13.34525636 52.49172774)
6;2021;6;7;2;3;3;7;0;1;0;0;0;0;0;0;POINT (13.26743409 52.40859371)
9;2021;6;21;2;3;0;3;1;0;1;0;1;0;0;0;POINT (13.57882219 52.45240543)
3;2021;6;11;7;3;5;7;0;0;1;0;1;0;0;0;POINT (13.44677255 52.55049008)
1;2021;6;18;1;3;0;2;0;1;1;0;0;0;0;0;POINT (13.36802477 52.52616354)
1;2021;7;20;7;3;1;5;1;0;1;0;0;0;1;0;POINT (13.40264659 52.52394136)
5;2021;6;13;6;3;2;6;0;0;1;0;0;0;0;0;POINT (13.20985243 52.55039644)
12;2021;5;15;3;3;0;6;0;0;1;0;0;0;1;1;POINT (13.36231132 52.56777517)
9;2021;6;17;3;3;5;2;0;1;1;0;0;0;0;1;POINT (13.51316648 52.44760107)
7;2021;7;18;2;2;1;5;0;1;1;0;0;0;0;0;POINT (13.38521176 52.4560232)
9;2021;7;17;3;3;5;2;0;1;1;0;0;0;0;0;POINT (13.50070065 52.43513224)
2;2021;6;16;4;2;0;7;0;1;1;0;0;0;0;0;POINT (13.39144993 52.50677167)
9;2021;6;12;1;3;5;2;0;1;1;0;0;0;0;0;POINT (13.58606978 52.46754207)
3;2021;5;12;1;2;5;7;0;1;0;0;0;0;1;0;POINT (13.41059962 52.58214775)
1;2021;6;20;4;3;2;3;0;0;1;0;0;0;0;0;POINT (13.41987425 52.51487543)
3;2021;6;15;3;3;2;6;0;0;1;0;0;0;1;0;POINT (13.39549406 52.56573816)
6;2021;6;8;2;3;6;7;0;0;1;1;0;0;0;0;POINT (13.18862346 52.42098258)
5;2021;6;8;7;2;0;1;0;1;0;0;0;0;0;0;POINT (13.20794476 52.55927382)
10;2021;6;7;3;3;5;3;0;0;1;0;0;0;0;0;POINT (13.63319203 52.52284173)
4;2021;6;18;3;3;5;3;0;1;1;0;0;0;0;0;POINT (13.2736134 52.49102201)
1;2021;6;15;1;3;1;5;0;1;1;0;0;0;0;0;POINT (13.38738014 52.56007668)
7;2021;7;16;1;3;5;7;0;0;1;0;0;0;1;0;POINT (13.39676755 52.44723782)
1;2021;6;18;6;3;1;5;0;0;1;0;1;0;0;0;POINT (13.37115167 52.55867766)
9;2021;7;11;4;3;5;2;0;1;1;0;0;0;0;1;POINT (13.58660359 52.44093804)
1;2021;7;19;4;2;0;1;0;1;0;0;0;0;0;0;POINT (13.37275734 52.52749608)
3;2021;6;15;5;1;8;1;0;0;0;0;1;0;0;0;POINT (13.47509666 52.58423905)
8;2021;6;14;1;3;6;2;0;0;1;1;0;0;0;0;POINT (13.43189977 52.46650536)
6;2021;6;9;2;3;5;2;0;1;1;0;0;0;0;0;POINT (13.30959771 52.43141454)
1;2021;6;11;5;3;5;7;0;0;1;0;1;0;0;0;POINT (13.39805043 52.51038943)
3;2021;6;17;5;2;6;4;0;0;1;1;0;0;0;0;POINT (13.42185218 52.57968283)
9;2021;6;11;2;3;5;3;0;0;1;0;0;0;0;0;POINT (13.55262499 52.43068183)
1;2021;6;15;5;3;5;3;0;0;1;0;1;0;0;0;POINT (13.36432032 52.50334677)
4;2021;6;15;1;3;5;3;0;0;1;0;0;0;0;0;POINT (13.33706328 52.49593448)
1;2021;5;7;4;2;5;3;0;1;1;0;0;0;0;0;POINT (13.40433817 52.5331663)
11;2021;6;17;3;3;0;5;0;1;1;0;0;0;0;0;POINT (13.47139509 52.52629002)
4;2021;7;15;7;3;5;3;0;1;1;0;0;0;0;0;POINT (13.26457594 52.51477036)
5;2021;5;11;1;3;9;7;0;1;1;0;0;0;0;0;POINT (13.21157741 52.52726775)
2;2021;6;22;2;3;0;7;2;1;0;0;0;0;0;1;POINT (13.37169288 52.4850599)
5;2021;7;6;2;2;5;3;0;0;1;0;1;0;0;0;POINT (13.1777126 52.51692878)
3;2021;7;8;4;3;5;3;0;1;1;0;0;0;0;0;POINT (13.43393865 52.60849005)
9;2021;6;7;1;3;5;2;0;0;0;0;0;0;1;0;POINT (13.47871741 52.47757503)
5;2021;6;17;5;2;0;7;0;1;0;0;0;0;0;0;POINT (13.1783071 52.50954512)
8;2021;6;17;4;3;5;3;0;0;1;0;0;0;0;0;POINT (13.4798474 52.42565329)
11;2021;6;13;1;3;0;6;0;1;0;0;1;0;0;0;POINT (13.50090352 52.48328248)
11;2021;6;12;2;3;2;1;0;0;1;0;0;0;0;0;POINT (13.51501393 52.56687498)
12;2021;6;9;6;3;3;2;0;1;1;0;0;0;0;0;POINT (13.36328853 52.58077275)
2;2021;6;9;6;3;2;6;0;0;1;0;0;0;1;0;POINT (13.40200925 52.49018841)
11;2021;7;13;5;3;5;2;0;0;0;0;0;0;1;0;POINT (13.49171229 52.52653867)
6;2021;7;10;4;3;2;6;0;0;1;0;0;0;0;1;POINT (13.33941105 52.45995213)
1;2021;7;17;4;3;2;2;0;0;1;0;0;0;0;1;POINT (13.35151752 52.50957516)
9;2021;6;12;4;3;5;2;0;1;0;0;0;0;1;0;POINT (13.58182493 52.44154443)
4;2021;5;16;7;2;2;6;0;0;1;0;1;0;0;0;POINT (13.29929466 52.47335269)
1;2021;6;19;4;3;5;2;0;1;1;0;0;0;0;0;POINT (13.39031418 52.56287775)
2;2021;6;4;5;3;5;3;1;0;1;0;0;0;0;0;POINT (13.45667441 52.50240292)
4;2021;6;19;1;3;6;7;0;0;0;1;0;0;1;0;POINT (13.30607428 52.50862843)
7;2021;6;12;7;2;5;2;0;0;1;0;0;0;0;0;POINT (13.34729669 52.47061195)
2;2021;5;17;4;3;5;3;0;1;1;0;0;0;0;1;POINT (13.44893568 52.51135436)
1;2021;6;16;3;3;5;2;0;1;1;0;0;0;0;0;POINT (13.39129925 52.53621812)
4;2021;5;2;1;3;5;5;2;0;1;0;0;0;0;0;POINT (13.33096473 52.5013084)
1;2021;6;12;1;2;6;2;0;0;1;1;0;0;0;0;POINT (13.34338344 52.53195002)
10;2021;7;17;1;3;5;7;0;1;1;0;0;0;0;0;POINT (13.56579111 52.52920433)
11;2021;7;16;5;3;6;7;0;1;0;1;0;0;0;0;POINT (13.47765291 52.51463178)
11;2021;6;16;4;3;0;6;0;0;0;0;1;0;1;0;POINT (13.50689966 52.57741525)
4;2021;6;16;4;3;2;6;0;0;1;0;0;0;1;0;POINT (13.32065012 52.47877426)
6;2021;6;18;1;3;0;1;0;1;0;0;0;0;0;0;POINT (13.26052867 52.42667164)
5;2021;5;8;1;3;5;2;0;0;1;0;0;0;1;0;POINT (13.20699174 52.52911777)
3;2021;6;15;5;2;0;2;0;1;1;0;0;0;0;0;POINT (13.38955444 52.57424117)
12;2021;6;22;6;3;1;5;2;0;1;0;0;0;1;0;POINT (13.32688652 52.60870041)
1;2021;7;22;5;3;6;4;2;0;1;1;0;0;0;0;POINT (13.37437943 52.54370155)
6;2021;6;12;2;2;5;3;0;0;1;0;0;0;0;0;POINT (13.3389217 52.45494905)
2;2021;6;16;5;3;2;6;0;0;1;0;0;0;0;0;POINT (13.41120318 52.50349715)
2;2021;7;20;7;3;3;6;1;1;0;0;0;0;0;0;POINT (13.41848368 52.49930404)
1;2021;5;17;2;3;0;1;0;0;0;0;1;0;0;1;POINT (13.37600605 52.52849671)
2;2021;6;19;2;3;5;3;0;0;1;0;1;0;0;0;POINT (13.40114398 52.50583665)
7;2021;7;11;2;3;2;6;0;0;1;0;0;0;0;0;POINT (13.34613553 52.49895221)
9;2021;7;11;2;3;5;3;0;1;1;0;0;0;0;0;POINT (13.62386619 52.454087)
1;2021;6;7;3;3;0;2;0;1;1;0;0;0;0;0;POINT (13.37934109 52.5402552)
2;2021;5;15;6;3;5;2;0;1;1;0;0;0;0;0;POINT (13.43288352 52.51782807)
7;2021;6;9;4;3;2;6;0;0;0;0;1;0;1;0;POINT (13.33273554 52.46919727)
9;2021;6;15;3;3;1;5;0;0;1;0;0;0;0;1;POINT (13.57811603 52.40162813)
4;2021;7;23;6;3;2;2;2;0;1;1;1;0;0;0;POINT (13.29621777 52.49793955)
6;2021;6;12;1;3;6;2;0;0;1;1;0;0;0;0;POINT (13.34232966 52.44688995)
11;2021;6;12;5;3;5;2;0;0;1;0;0;0;0;0;POINT (13.51149302 52.5043449)
7;2021;6;10;2;3;2;6;0;0;1;0;0;0;0;0;POINT (13.37929885 52.43772593)
5;2021;6;5;3;3;5;2;0;1;0;0;0;0;1;0;POINT (13.24756604 52.52452349)
8;2021;6;21;6;3;2;6;1;0;1;0;0;0;0;0;POINT (13.46379811 52.47059837)
11;2021;6;10;1;3;5;2;0;0;1;0;0;0;1;0;POINT (13.50054683 52.56141258)
5;2021;7;11;7;3;5;3;0;0;1;0;1;0;0;0;POINT (13.20745158 52.53873208)
6;2021;6;14;7;3;5;2;0;1;0;0;1;0;0;0;POINT (13.2448107 52.44039785)
7;2021;5;9;2;3;6;2;0;1;0;1;0;0;0;0;POINT (13.34028582 52.48946942)
4;2021;7;15;4;3;6;2;0;0;1;1;0;0;0;1;POINT (13.31705255 52.50302175)
7;2021;7;14;2;2;0;1;0;0;0;0;1;0;0;0;POINT (13.39715956 52.42375921)
8;2021;7;11;4;3;2;2;0;0;1;0;0;0;0;0;POINT (13.43621004 52.45544031)
4;2021;6;15;1;3;5;2;0;0;1;0;1;0;0;0;POINT (13.31529802 52.51473385)
4;2021;6;7;4;3;5;2;0;1;1;0;0;0;0;0;POINT (13.30436304 52.48840912)
8;2021;5;22;7;2;5;2;0;0;1;0;1;0;0;0;POINT (13.42893608 52.48658315)
9;2021;6;7;5;3;1;5;0;0;1;0;0;0;1;0;POINT (13.52171643 52.45278408)
10;2021;6;8;4;3;1;5;0;1;1;0;0;0;0;1;POINT (13.55533454 52.52306373)
7;2021;6;16;2;3;5;2;0;1;1;0;0;0;0;0;POINT (13.40030224 52.43628626)
4;2021;6;7;1;3;5;2;0;1;1;0;0;0;0;0;POINT (13.29968798 52.47332868)
1;2021;5;16;4;3;4;6;0;0;1;0;0;0;0;1;POINT (13.35807588 52.55188309)
4;2021;6;20;3;2;5;2;0;1;1;0;0;0;0;0;POINT (13.32374494 52.4938158)
8;2021;5;22;7;3;0;1;2;0;0;0;0;0;1;0;POINT (13.44248081 52.46980043)
5;2021;6;11;1;2;3;2;0;1;1;0;0;0;0;0;POINT (13.22055687 52.53094217)
6;2021;7;10;1;3;2;6;0;0;1;0;1;0;0;1;POINT (13.36686243 52.43549356)
2;2021;6;10;4;3;0;7;0;0;1;0;1;1;0;0;POINT (13.41461057 52.50024234)
9;2021;7;17;5;3;5;3;0;0;1;0;0;0;1;0;POINT (13.55329167 52.43400685)
2;2021;7;14;5;3;5;2;0;1;1;0;0;0;0;1;POINT (13.45285332 52.51240857)
5;2021;6;20;4;3;2;2;0;0;1;0;0;0;0;0;POINT (13.19682618 52.51318749)
5;2021;6;19;4;2;6;4;0;0;1;1;0;0;0;0;POINT (13.21154038 52.5755786)
9;2021;6;21;1;3;5;3;1;1;1;0;0;0;0;0;POINT (13.48145724 52.46079634)
7;2021;5;11;1;3;6;4;0;0;1;1;0;0;0;0;POINT (13.37951932 52.46581267)
3;2021;6;12;5;3;5;3;0;1;1;0;0;0;0;0;POINT (13.37300851 52.58885993)
1;2021;6;19;5;3;0;1;0;1;0;0;0;0;0;0;POINT (13.35500986 52.54408957)
9;2021;6;16;3;3;2;6;0;1;1;0;0;0;0;0;POINT (13.5139075 52.46476232)
10;2021;6;12;1;3;2;7;0;1;0;0;0;0;1;0;POINT (13.59181232 52.52921859)
1;2021;5;7;5;3;1;5;0;1;1;0;0;1;0;0;POINT (13.3333528 52.54444365)
5;2021;6;14;3;3;2;6;0;0;1;0;1;0;0;0;POINT (13.15357735 52.53287669)
3;2021;7;4;7;3;5;3;1;0;1;0;0;0;1;0;POINT (13.44635138 52.54496083)
10;2021;5;10;2;3;0;6;0;0;0;0;0;0;1;1;POINT (13.57541666 52.5472435)
6;2021;6;23;2;3;5;3;2;0;1;0;0;0;0;1;POINT (13.26550993 52.442206)
1;2021;7;15;2;3;6;7;0;0;0;1;0;0;1;0;POINT (13.41086963 52.52212819)
2;2021;7;11;6;3;6;4;0;1;0;1;0;0;0;0;POINT (13.41711247 52.48774119)
3;2021;6;16;1;3;1;5;0;1;1;0;0;0;0;0;POINT (13.44458513 52.53922221)
6;2021;6;7;5;3;5;3;0;1;1;0;0;0;0;0;POINT (13.21657722 52.43188765)
4;2021;6;23;1;3;2;2;2;0;1;0;0;0;0;0;POINT (13.33245696 52.50623681)
12;2021;6;10;2;3;6;7;0;0;0;1;0;1;0;0;POINT (13.2872199 52.59005812)
6;2021;6;13;6;3;2;2;0;1;1;0;0;0;0;1;POINT (13.23238925 52.43774852)
1;2021;6;19;6;3;0;1;0;1;0;0;0;0;0;0;POINT (13.35680151 52.5392575)
3;2021;7;13;5;3;1;5;0;1;1;0;0;0;0;0;POINT (13.41084381 52.53964563)
2;2021;6;15;4;3;0;2;0;1;1;0;0;0;0;0;POINT (13.43194599 52.5151466)
1;2021;6;20;5;3;5;3;1;1;1;0;0;0;0;0;POINT (13.35627997 52.54321089)
11;2021;5;8;3;3;0;7;0;0;1;0;0;0;1;0;POINT (13.47866244 52.50286742)
6;2021;6;8;3;3;0;7;0;0;0;0;1;0;0;1;POINT (13.22920927 52.42481173)
2;2021;7;17;1;2;5;2;0;1;1;0;0;0;0;0;POINT (13.40185437 52.50610225)
10;2021;7;6;3;2;0;1;0;1;0;0;0;0;0;1;POINT (13.53335591 52.52571119)
1;2021;6;19;3;3;2;7;0;0;1;0;0;0;0;0;POINT (13.3890992 52.55013141)
5;2021;5;15;6;2;5;2;0;0;1;0;0;0;1;0;POINT (13.26115961 52.54390986)
12;2021;6;15;4;2;2;6;0;0;1;0;1;0;0;0;POINT (13.33015455 52.56962079)
1;2021;6;15;3;3;0;1;0;0;0;0;1;0;0;1;POINT (13.38477698 52.53103948)
7;2021;6;2;2;3;0;1;2;0;0;0;0;0;1;0;POINT (13.35983378 52.49945622)
4;2021;6;11;6;3;2;2;0;1;1;0;0;0;0;0;POINT (13.33216781 52.50600134)
4;2021;6;16;2;3;5;2;0;1;1;0;0;0;0;0;POINT (13.31524397 52.51480011)
6;2021;6;16;3;3;2;6;0;0;1;0;0;0;0;0;POINT (13.35313817 52.44913553)
2;2021;6;13;1;3;6;4;0;0;1;1;0;0;0;0;POINT (13.37324497 52.50350994)
12;2021;6;17;7;3;5;3;0;1;1;0;0;0;0;0;POINT (13.31632361 52.61419074)
1;2021;7;11;7;2;2;6;0;0;1;0;1;0;0;0;POINT (13.41544175 52.52111679)
12;2021;6;20;6;3;6;4;0;1;0;1;0;0;0;0;POINT (13.31766705 52.57079047)
4;2021;7;14;4;3;5;3;0;1;1;0;0;0;0;1;POINT (13.2981257 52.51938711)
4;2021;7;9;3;3;3;6;0;1;0;0;0;1;0;0;POINT (13.32359725 52.4914937)
2;2021;7;20;4;3;1;5;0;1;1;0;0;0;0;0;POINT (13.43793327 52.5060652)
10;2021;6;7;4;3;5;3;0;0;1;0;0;0;0;0;POINT (13.5321828 52.55569635)
4;2021;6;15;3;3;2;2;0;0;1;0;0;0;0;0;POINT (13.33931995 52.50301316)
7;2021;6;14;5;2;5;7;0;1;1;0;0;0;0;0;POINT (13.37987751 52.45595448)
4;2021;6;8;1;3;1;5;0;0;1;0;0;0;0;0;POINT (13.28205204 52.47978892)
7;2021;6;12;3;3;5;2;0;1;1;0;0;0;0;0;POINT (13.34933147 52.48830236)
7;2021;5;13;2;3;2;6;0;0;1;0;1;0;0;0;POINT (13.34490316 52.48942338)
4;2021;6;20;2;3;2;6;0;0;1;0;1;0;0;1;POINT (13.33183798 52.5040013)
8;2021;7;17;1;3;2;6;0;0;1;0;0;0;0;0;POINT (13.45960827 52.46296876)
1;2021;7;9;3;3;3;6;0;0;1;0;0;1;0;1;POINT (13.34580385 52.51627322)
9;2021;6;19;3;3;2;6;0;0;1;0;0;0;0;0;POINT (13.51716017 52.46173795)
4;2021;5;9;6;3;0;6;0;0;1;0;0;0;1;0;POINT (13.29524603 52.49774229)
1;2021;6;13;4;3;5;2;0;1;1;0;0;0;0;0;POINT (13.37358884 52.52075254)
7;2021;6;9;3;3;5;2;0;1;1;0;0;0;0;0;POINT (13.39028065 52.39872624)
3;2021;6;7;2;3;5;3;0;0;1;0;0;0;0;0;POINT (13.39838677 52.59244467)
1;2021;6;12;4;3;5;3;0;0;1;0;1;0;0;0;POINT (13.33433218 52.55737212)
9;2021;6;20;6;2;1;1;1;0;1;0;0;0;1;0;POINT (13.47659713 52.46013996)
8;2021;6;16;2;3;5;3;0;0;1;0;0;0;0;0;POINT (13.49011944 52.41999488)