bez;ujahr;umonat;ustunde;uwochentag;ukategorie;uart;utyp1;ulichtverh;istrad;istpkw;istfuss;istkrad;istgkfz;istsonstige;ustrzustand;geometry
7;2021;6;12;3;2;5;2;0;1;1;0;0;0;0;0;POINT (13.34488309 52.48898337)
1;2021;6;17;1;2;5;2;0;1;1;0;0;0;0;0;POINT (13.34303901 52.52621082)
4;2021;6;14;6;3;0;7;0;0;0;0;1;0;0;0;POINT (13.24862947 52.52423174)
8;2021;7;12;6;2;2;6;0;0;1;0;1;0;0;0;POINT (13.40527125 52.42778942)
8;2021;6;16;7;3;1;5;0;0;1;0;0;1;0;0;POINT (13.43714387 52.43954844)
4;2021;5;16;2;3;3;6;0;0;1;0;0;0;0;1;POINT (13.31776045 52.49959046)
2;2021;7;15;4;3;0;7;0;1;0;0;0;0;0;1;POINT (13.44449271 52.49974709)
4;2021;7;21;3;3;1;3;1;1;1;0;0;0;1;0;POINT (13.25291912 52.51586169)
3;2021;7;19;3;3;5;2;0;1;0;0;1;0;0;0;POINT (13.46196405 52.5588927)
3;2021;6;22;1;2;0;1;2;1;0;0;0;0;0;0;POINT (13.41414798 52.54271038)
3;2021;6;8;4;3;3;6;0;1;1;0;0;0;0;0;POINT (13.40823985 52.55148161)
9;2021;5;16;1;3;8;1;0;0;0;0;1;0;0;0;POINT (13.62434165 52.44693932)
7;2021;6;14;4;3;1;5;0;1;1;0;0;0;0;0;POINT (13.34094969 52.48869811)
12;2021;6;13;4;2;1;1;0;0;1;0;0;0;0;0;POINT (13.22900917 52.58523184)
5;2021;6;8;2;3;2;6;0;0;1;0;1;0;0;0;POINT (13.26722356 52.53144807)
8;2021;6;17;1;3;2;6;0;1;0;0;0;0;1;0;POINT (13.45553784 52.47401834)
1;2021;6;17;1;3;2;2;0;1;1;0;0;0;0;0;POINT (13.34954409 52.52448571)
9;2021;5;21;4;2;5;2;1;0;1;0;0;0;0;0;POINT (13.48129175 52.46082534)
1;2021;6;17;3;3;3;6;0;1;0;0;0;0;0;0;POINT (13.34756552 52.52059513)
7;2021;5;15;7;3;1;5;0;0;1;0;0;1;0;0;POINT (13.37081012 52.45918162)
9;2021;6;17;2;3;6;4;0;1;0;1;0;0;0;0;POINT (13.58650459 52.45147729)
12;2021;7;23;1;2;5;2;2;0;1;0;0;0;0;0;POINT (13.32179065 52.56055976)
12;2021;7;16;5;3;2;6;0;0;1;0;0;0;0;0;POINT (13.31506992 52.5764031)
1;2021;7;19;5;3;3;6;0;0;1;0;0;0;0;1;POINT (13.38352807 52.55609081)
1;2021;6;19;4;3;1;5;0;1;1;0;0;0;0;0;POINT (13.3442906 52.55103007)
9;2021;6;21;4;3;5;3;1;1;1;0;0;0;0;0;POINT (13.53276384 52.41672944)
1;2021;6;18;1;3;2;6;0;0;1;0;1;0;0;0;POINT (13.33867022 52.54325868)
7;2021;5;14;1;3;0;7;0;0;1;0;1;0;0;0;POINT (13.40004461 52.45852201)
2;2021;6;19;5;3;5;3;0;1;1;0;0;0;0;0;POINT (13.45617287 52.50986175)
1;2021;6;15;5;3;1;5;0;1;0;0;0;0;1;0;POINT (13.39424572 52.54574272)
5;2021;6;7;3;3;5;3;0;0;1;0;0;0;0;0;POINT (13.18615192 52.53424093)
4;2021;6;14;5;3;2;6;0;0;1;0;0;0;0;0;POINT (13.29275651 52.47004362)
6;2021;5;8;5;3;5;3;0;1;1;0;0;0;0;1;POINT (13.33759947 52.46017032)
12;2021;6;13;3;3;2;6;0;0;1;0;0;0;0;0;POINT (13.35701299 52.56916308)
3;2021;7;13;7;3;5;2;0;1;1;0;0;0;0;0;POINT (13.41338974 52.54869286)
11;2021;5;18;2;3;3;6;0;0;1;0;1;0;0;1;POINT (13.52717211 52.48779055)
2;2021;6;8;2;3;5;3;0;0;1;0;0;0;0;0;POINT (13.39455945 52.49169773)
9;2021;7;8;1;2;2;6;0;0;1;0;0;0;0;1;POINT (13.50376005 52.46078464)
12;2021;7;10;2;3;6;4;0;0;1;1;0;0;0;0;POINT (13.29571134 52.5970252)
1;2021;7;16;6;2;2;6;0;1;1;0;0;0;0;0;POINT (13.39711341 52.54621093)
5;2021;6;14;1;3;5;3;0;0;1;0;0;0;0;0;POINT (13.19186369 52.56755635)
7;2021;6;12;5;3;5;2;0;1;1;0;0;0;0;0;POINT (13.34376695 52.47115633)
10;2021;6;18;2;3;5;3;0;0;1;0;0;0;0;0;POINT (13.6062217 52.52456934)
12;2021;6;11;2;3;5;2;0;0;1;0;0;0;0;0;POINT (13.29208427 52.59056625)
10;2021;6;14;6;3;6;4;0;0;1;1;0;0;0;1;POINT (13.59216749 52.54640161)
4;2021;6;12;5;3;2;2;0;0;1;0;0;0;0;0;POINT (13.33575273 52.51364823)
4;2021;7;11;6;3;5;3;0;0;1;0;0;0;0;0;POINT (13.272397 52.51867727)
7;2021;6;17;5;3;5;2;0;0;1;0;1;0;0;0;POINT (13.34886422 52.45901535)
12;2021;5;17;3;3;5;2;0;0;1;0;0;0;0;0;POINT (13.33549867 52.56520695)
6;2021;6;16;3;3;2;6;0;0;1;0;0;0;1;1;POINT (13.35460864 52.42950364)
3;2021;7;16;2;2;5;2;0;1;1;0;0;0;0;0;POINT (13.44263339 52.55112034)
6;2021;7;8;3;3;5;3;0;0;1;0;0;0;0;1;POINT (13.27752943 52.46124449)
3;2021;6;17;3;3;5;2;0;1;1;0;0;0;0;0;POINT (13.46547446 52.5234104)
3;2021;6;16;1;3;6;4;0;0;1;1;0;0;0;0;POINT (13.48974989 52.61727467)
8;2021;5;13;5;3;6;2;0;0;1;1;0;0;0;1;POINT (13.42535477 52.49327742)
3;2021;6;10;4;3;5;2;0;1;1;0;0;0;0;0;POINT (13.41019042 52.52987877)
8;2021;6;17;3;2;0;3;0;1;0;0;0;0;1;0;POINT (13.41581278 52.48059624)
1;2021;6;9;3;3;6;4;0;0;1;1;0;0;0;0;POINT (13.42195378 52.50504575)
1;2021;6;17;6;3;1;5;0;1;1;0;0;0;0;0;POINT (13.33631844 52.52672281)
12;2021;6;17;2;3;2;6;0;0;1;0;0;0;0;0;POINT (13.34195916 52.58853648)
1;2021;6;16;3;3;1;5;0;1;1;0;0;0;0;0;POINT (13.37554795 52.54329224)
11;2021;6;17;1;3;6;4;0;1;0;1;0;0;0;0;POINT (13.49779572 52.54686237)
4;2021;6;3;7;2;0;1;2;1;0;0;0;0;0;0;POINT (13.28311918 52.49760488)
4;2021;7;9;7;3;5;2;0;0;1;0;0;0;0;0;POINT (13.3309096 52.4873787)
8;2021;6;13;6;3;3;6;0;1;0;0;0;0;0;0;POINT (13.45579152 52.47399688)
1;2021;7;9;4;3;5;3;0;1;1;0;0;0;0;1;POINT (13.37697703 52.51077499)
4;2021;7;17;4;3;5;3;0;0;1;0;1;0;0;1;POINT (13.31851149 52.49745237)
3;2021;6;13;4;3;5;3;0;1;0;0;0;1;0;0;POINT (13.47870447 52.60735544)
6;2021;6;7;4;3;6;2;0;0;1;1;0;0;0;0;POINT (13.34247577 52.44699303)
11;2021;5;19;7;3;1;5;0;1;1;0;0;0;0;0;POINT (13.49040122 52.49855279)
4;2021;6;13;5;3;5;3;0;0;1;0;0;0;0;0;POINT (13.29987935 52.5097593)
9;2021;6;12;4;3;5;3;0;1;0;0;0;0;0;0;POINT (13.57763263 52.44405808)
12;2021;6;10;2;3;2;6;0;0;1;0;1;0;0;0;POINT (13.22903487 52.62555333)
3;2021;6;8;1;3;1;5;0;1;1;0;0;0;0;0;POINT (13.43113532 52.54430124)
7;2021;5;15;4;3;5;3;0;0;1;0;0;0;1;1;POINT (13.40321333 52.46343017)
5;2021;6;18;3;3;1;1;0;0;1;0;1;0;0;0;POINT (13.2177585 52.54785307)
1;2021;5;16;1;3;5;3;0;1;0;0;1;0;0;0;POINT (13.34708046 52.52022426)
7;2021;6;22;1;3;1;7;2;0;1;0;0;0;0;0;POINT (13.34617324 52.49806183)
2;2021;7;20;1;2;6;4;0;0;1;1;0;0;0;0;POINT (13.45071356 52.50167943)
9;2021;7;6;5;3;6;4;0;0;0;1;0;0;1;1;POINT (13.57545698 52.44445752)
10;2021;7;22;5;3;5;2;2;0;1;0;0;0;0;1;POINT (13.53719405 52.53448497)
10;2021;6;9;5;2;0;7;0;0;1;0;0;0;1;0;POINT (13.6124259 52.53841215)
4;2021;6;17;4;3;6;4;0;0;1;1;0;0;0;0;POINT (13.32312275 52.51127188)
3;2021;6;14;1;3;6;4;0;1;0;1;0;0;0;0;POINT (13.45834253 52.54999247)
5;2021;5;18;1;3;0;2;0;0;1;0;0;0;1;0;POINT (13.20040778 52.53658882)
6;2021;6;12;5;3;1;5;0;0;1;0;0;0;1;0;POINT (13.33012399 52.45530807)
2;2021;6;15;5;3;2;6;0;0;1;0;0;0;0;0;POINT (13.45329133 52.51580921)
3;2021;7;19;5;3;5;3;0;1;1;0;0;0;0;0;POINT (13.42755351 52.5530249)
7;2021;6;8;3;3;5;2;0;0;1;0;0;0;0;0;POINT (13.40678035 52.39376836)
1;2021;6;14;5;3;5;3;0;0;1;0;1;0;0;0;POINT (13.36310662 52.54873964)
6;2021;5;14;7;2;5;3;0;1;1;0;0;0;0;0;POINT (13.2938923 52.4455306)
7;2021;6;8;5;3;6;4;0;0;1;1;0;0;0;0;POINT (13.39170073 52.44551173)
12;2021;6;18;4;3;6;4;0;0;1;1;0;0;0;1;POINT (13.28104859 52.57568335)
1;2021;6;9;2;3;5;2;0;0;1;0;0;0;0;0;POINT (13.3771303 52.53880287)
8;2021;6;17;1;3;0;1;0;1;0;0;0;0;0;0;POINT (13.43489293 52.45060398)
6;2021;6;19;1;3;1;5;0;1;1;0;0;0;0;0;POINT (13.34458881 52.43272515)
1;2021;5;18;4;3;0;1;0;0;0;0;1;0;0;1;POINT (13.36384235 52.52475021)
5;2021;6;15;3;3;5;2;0;1;1;0;0;0;0;0;POINT (13.22002376 52.53702745)
11;2021;5;18;7;2;2;6;0;0;1;1;1;0;0;1;POINT (13.50387663 52.5741821)
11;2021;6;16;1;3;2;6;0;0;1;0;0;0;1;0;POINT (13.47476259 52.52297228)
7;2021;7;11;1;2;5;3;0;0;1;0;0;0;0;1;POINT (13.39002203 52.43434986)
10;2021;7;8;5;3;5;3;0;0;1;0;0;0;0;0;POINT (13.59624564 52.51925332)
1;2021;7;8;5;3;5;2;0;1;1;0;0;0;0;1;POINT (13.38720966 52.55986408)
1;2021;6;18;4;3;0;1;0;1;0;0;0;0;0;0;POINT (13.32652295 52.54221562)
12;2021;6;10;1;3;2;6;0;0;1;0;0;0;0;0;POINT (13.32961709 52.60198878)
5;2021;5;14;1;3;5;3;0;1;0;0;1;0;0;0;POINT (13.2016721 52.54851234)
10;2021;6;19;5;3;0;1;0;0;0;0;0;0;1;0;POINT (13.60665038 52.53448488)
12;2021;6;13;5;3;5;7;0;0;1;0;1;0;0;0;POINT (13.29153573 52.60717042)
9;2021;7;19;5;3;2;7;0;0;1;0;0;0;0;0;POINT (13.49378322 52.46086246)
6;2021;6;18;2;3;1;6;0;1;1;0;0;0;1;0;POINT (13.20883736 52.43581864)
6;2021;6;7;5;3;2;6;0;0;1;0;0;0;0;1;POINT (13.27324795 52.40977689)
1;2021;5;13;5;3;0;5;0;1;1;0;0;0;0;0;POINT (13.32744758 52.5275169)
4;2021;6;12;3;3;2;6;0;0;1;0;0;0;0;0;POINT (13.31364456 52.50472516)
8;2021;7;10;7;3;0;1;0;0;0;0;1;0;0;0;POINT (13.48312469 52.42566887)
8;2021;5;6;2;3;5;3;0;0;1;0;0;0;1;1;POINT (13.44041937 52.41760973)
1;2021;6;13;2;3;5;3;0;0;1;0;0;0;1;0;POINT (13.39516458 52.51724576)
10;2021;7;16;1;3;6;4;0;0;1;1;0;0;0;0;POINT (13.56344378 52.49807944)
4;2021;7;15;2;3;5;2;0;1;1;0;0;0;0;0;POINT (13.31503146 52.51464968)
8;2021;5;11;5;3;1;5;0;0;1;0;0;0;0;0;POINT (13.43693732 52.48169336)
2;2021;6;8;4;3;6;7;0;0;0;1;0;0;1;0;POINT (13.42387934 52.48831452)
7;2021;7;19;6;3;5;2;0;0;1;0;1;0;0;0;POINT (13.40678369 52.39376843)
3;2021;6;15;1;3;2;2;0;0;0;0;1;0;0;0;POINT (13.4161513 52.57230719)
7;2021;6;16;5;2;5;2;0;1;1;0;0;0;0;0;POINT (13.37532173 52.45551174)
10;2021;6;11;2;2;5;3;0;1;1;0;0;0;0;0;POINT (13.55953489 52.47776554)
8;2021;6;14;2;3;6;4;0;0;0;1;1;0;0;0;POINT (13.43492776 52.48121148)
7;2021;6;16;1;3;5;2;0;1;1;0;0;0;0;0;POINT (13.37498516 52.43710343)
3;2021;6;9;5;3;5;3;0;0;1;0;1;0;0;0;POINT (13.47472511 52.60433261)
8;2021;7;6;6;3;4;6;0;0;1;0;0;0;0;0;POINT (13.47033889 52.43514426)
4;2021;6;17;6;3;1;5;0;1;1;0;0;0;0;0;POINT (13.31842877 52.47172213)
11;2021;5;8;2;3;9;1;0;0;0;0;1;0;0;0;POINT (13.49095205 52.50138474)
12;2021;6;13;3;3;2;6;0;0;1;0;0;0;0;1;POINT (13.30428095 52.60105664)
12;2021;7;8;2;3;2;6;0;1;1;0;0;0;0;0;POINT (13.27442376 52.59881627)
11;2021;7;4;3;3;5;3;1;0;1;0;1;0;0;1;POINT (13.49774434 52.53602655)
8;2021;6;23;3;3;1;5;2;1;1;0;0;0;0;0;POINT (13.42809006 52.48117957)
5;2021;6;17;1;3;5;3;0;0;1;0;1;0;0;0;POINT (13.15043308 52.55395548)
11;2021;5;17;5;3;5;3;0;0;1;0;0;0;0;0;POINT (13.49174349 52.53410308)
7;2021;6;13;4;3;2;6;0;1;1;0;0;0;0;0;POINT (13.33735788 52.47338002)
9;2021;6;17;4;3;5;3;0;1;1;0;0;0;0;0;POINT (13.55146034 52.42866594)
12;2021;6;8;2;3;0;2;0;1;1;0;0;0;0;0;POINT (13.3778788 52.56405434)
8;2021;6;14;7;3;5;2;0;1;1;0;0;0;0;0;POINT (13.43559345 52.46686614)
4;2021;6;18;2;3;5;2;0;1;1;0;0;0;0;0;POINT (13.31651076 52.49946602)
6;2021;6;15;3;3;2;6;0;0;1;0;0;0;0;0;POINT (13.35947442 52.44776917)
12;2021;6;9;1;3;5;3;0;0;1;0;0;0;0;0;POINT (13.29020148 52.65583623)
3;2021;7;1;7;3;5;2;2;0;1;0;1;0;0;0;POINT (13.50623847 52.63756191)
6;2021;6;10;7;3;5;2;0;0;0;0;1;0;0;0;POINT (13.19095739 52.43357514)
2;2021;7;19;4;2;3;6;1;1;0;0;0;0;0;1;POINT (13.44580365 52.50187462)
1;2021;7;13;4;3;5;2;0;1;1;0;0;0;0;0;POINT (13.39114469 52.53621086)
1;2021;6;7;4;3;2;6;0;0;1;0;1;0;0;0;POINT (13.37680701 52.55363466)
1;2021;5;6;1;3;1;5;0;0;0;0;0;1;1;0;POINT (13.33545034 52.54794704)
12;2021;6;20;4;3;0;7;0;0;1;0;0;0;0;0;POINT (13.35205237 52.56763535)
1;2021;6;18;5;3;3;6;0;1;1;0;1;0;0;0;POINT (13.38116246 52.51106314)
3;2021;6;11;1;3;0;3;0;0;1;0;0;0;0;0;POINT (13.45767156 52.52890654)
8;2021;6;8;1;3;5;3;0;1;0;0;0;0;0;0;POINT (13.45847328 52.47267801)
10;2021;5;14;4;3;5;2;0;0;1;0;0;0;0;1;POINT (13.55271056 52.50746582)
9;2021;6;17;3;3;5;2;0;0;1;0;0;0;0;0;POINT (13.48114581 52.46080039)
1;2021;5;18;1;3;1;5;0;0;0;0;1;0;1;0;POINT (13.35081122 52.50440649)
7;2021;6;7;1;3;5;2;0;0;1;0;0;0;0;0;POINT (13.37810829 52.46635798)
4;2021;7;11;1;3;9;1;0;0;0;0;0;0;1;1;POINT (13.24460577 52.52414072)
1;2021;7;21;4;3;2;6;1;0;1;0;0;0;0;0;POINT (13.40580945 52.52953936)
1;2021;6;9;5;3;5;3;0;0;1;0;0;0;0;0;POINT (13.37744215 52.52215224)
1;2021;6;15;4;3;5;2;0;0;1;0;0;0;0;0;POINT (13.3498683 52.50303773)
6;2021;6;17;1;2;5;3;0;0;1;0;0;0;1;0;POINT (13.30316357 52.42912341)
8;2021;5;9;1;3;2;6;0;1;1;0;0;0;0;0;POINT (13.42541665 52.47968887)
4;2021;6;13;5;3;5;2;0;0;1;0;0;0;0;0;POINT (13.27982376 52.52115289)
8;2021;6;15;6;3;6;4;0;0;1;1;0;0;0;0;POINT (13.43346382 52.4822194)
2;2021;7;15;5;3;2;6;0;0;1;0;0;0;1;0;POINT (13.38786036 52.49991489)
8;2021;6;14;2;3;5;3;0;1;1;0;0;0;0;0;POINT (13.4540695 52.48249756)
2;2021;6;19;5;3;1;5;0;1;1;0;0;0;0;0;POINT (13.4371142 52.49316115)
1;2021;5;8;5;3;5;3;0;1;1;0;0;0;0;0;POINT (13.38895845 52.51562282)
12;2021;6;16;3;3;5;3;0;0;1;0;0;0;0;0;POINT (13.28390453 52.57871543)
5;2021;7;20;6;3;2;6;0;0;1;0;0;0;1;0;POINT (13.1620342 52.52021096)
1;2021;5;17;2;3;2;6;0;0;1;0;0;0;0;1;POINT (13.37795228 52.55653782)
5;2021;6;14;2;3;2;6;0;0;1;0;0;0;0;0;POINT (13.20271608 52.55545639)
9;2021;7;8;1;3;0;1;0;1;0;0;0;0;0;1;POINT (13.53937873 52.45085182)
3;2021;7;12;2;3;0;6;0;1;0;0;0;0;1;0;POINT (13.44053536 52.55376966)
8;2021;5;10;6;3;6;7;0;0;0;1;0;0;1;0;POINT (13.49441548 52.42116937)
11;2021;6;9;4;2;5;2;0;0;1;0;0;0;1;0;POINT (13.49629237 52.50016932)
7;2021;6;14;3;3;5;2;0;0;1;0;1;0;0;1;POINT (13.39290211 52.46686116)
4;2021;7;9;6;3;0;3;0;0;1;0;1;0;0;1;POINT (13.30205679 52.5077849)
8;2021;6;16;1;3;5;3;0;0;1;0;1;0;0;0;POINT (13.48351149 52.43122275)
3;2021;6;14;5;3;5;2;0;1;1;0;0;0;0;0;POINT (13.37092513 52.59069029)
5;2021;6;19;2;3;2;6;0;0;1;0;0;0;0;0;POINT (13.15132709 52.55378613)
4;2021;6;18;2;3;5;3;0;1;1;0;0;0;0;0;POINT (13.29751507 52.5394494)
1;2021;6;17;6;3;0;7;0;1;0;0;0;0;0;0;POINT (13.34668473 52.54022427)
8;2021;6;17;1;3;2;6;0;0;1;0;0;0;0;0;POINT (13.42422908 52.45235421)
10;2021;7;12;6;2;5;7;0;0;1;0;1;0;0;0;POINT (13.53810733 52.53448144)
7;2021;6;14;6;3;3;6;0;0;1;0;1;0;0;0;POINT (13.39157077 52.39870029)
7;2021;5;19;3;2;0;6;0;0;1;0;1;0;0;0;POINT (13.37778703 52.46544155)
12;2021;6;17;3;3;1;5;1;0;1;1;0;0;1;1;POINT (13.36373728 52.59707942)
8;2021;7;22;2;3;2;7;2;0;1;0;1;0;0;0;POINT (13.42416282 52.48574816)
3;2021;7;20;3;3;7;7;0;0;0;0;1;0;0;0;POINT (13.45462609 52.55056052)
1;2021;6;12;4;3;2;2;0;0;1;0;0;1;0;0;POINT (13.33219357 52.54029019)
1;2021;5;12;7;3;0;1;0;1;0;0;0;0;0;0;POINT (13.37937725 52.54020404)
5;2021;6;17;4;3;3;6;0;0;1;0;0;0;1;0;POINT (13.18356638 52.51387221)
3;2021;6;17;4;3;3;6;0;0;1;0;0;0;1;0;POINT (13.41381884 52.56669892)
12;2021;5;18;5;3;5;3;0;0;1;0;0;0;1;1;POINT (13.35224146 52.61712987)
1;2021;6;13;4;2;0;3;0;0;1;0;1;0;0;0;POINT (13.38764415 52.5604059)
8;2021;7;15;1;3;3;6;0;0;0;0;0;1;1;0;POINT (13.43502579 52.42725684)
9;2021;5;8;2;3;5;2;0;0;1;0;0;0;1;0;POINT (13.51425372 52.44646539)
5;2021;6;16;2;3;6;4;0;0;1;1;0;0;0;0;POINT (13.2561799 52.53756326)
12;2021;7;12;1;3;1;5;0;1;1;0;0;0;0;0;POINT (13.31474843 52.57462777)
1;2021;7;18;2;2;0;7;0;1;0;0;0;0;0;0;POINT (13.35141622 52.51539461)
1;2021;5;12;5;3;5;2;0;0;1;0;0;0;0;0;POINT (13.3936793 52.54113182)
10;2021;6;12;4;3;0;6;0;0;1;0;0;0;1;0;POINT (13.5696517 52.54079767)
4;2021;7;21;6;2;5;2;2;0;1;1;0;0;0;0;POINT (13.28110295 52.53526434)
3;2021;6;10;1;2;1;5;0;1;1;0;0;0;0;0;POINT (13.49369502 52.63273243)
8;2021;6;11;5;3;5;2;0;1;1;0;0;0;0;0;POINT (13.43338898 52.46404189)
1;2021;6;15;1;3;5;3;0;1;1;0;0;0;0;0;POINT (13.39107632 52.53624623)
2;2021;6;12;2;2;0;7;0;1;0;0;0;0;0;0;POINT (13.38642941 52.49302631)
8;2021;6;10;6;3;0;6;0;0;1;0;0;0;1;0;POINT (13.49657848 52.41575935)
3;2021;6;5;6;2;5;3;0;0;1;0;0;0;0;0;POINT (13.43043924 52.55124267)
6;2021;7;14;5;2;5;3;0;1;0;0;0;0;1;0;POINT (13.36060828 52.44669695)
3;2021;6;17;6;3;2;6;0;0;1;0;0;0;0;0;POINT (13.41489034 52.55355194)
11;2021;5;20;3;3;0;1;0;0;0;0;0;0;1;0;POINT (13.48240596 52.51895871)
5;2021;6;15;3;3;2;6;0;0;1;0;0;0;0;1;POINT (13.20923737 52.5521874)
2;2021;7;23;2;3;0;1;2;1;0;0;0;0;0;0;POINT (13.45829449 52.50938742)
11;2021;7;13;3;3;0;1;0;0;0;0;1;0;0;1;POINT (13.47682489 52.52298276)
4;2021;6;11;3;3;2;7;0;1;0;0;0;0;1;0;POINT (13.31393962 52.50083013)
8;2021;5;11;5;3;1;5;0;1;1;0;0;0;0;0;POINT (13.43697835 52.48531922)
12;2021;6;16;4;3;2;6;0;0;1;0;0;0;0;0;POINT (13.32490804 52.6022869)
2;2021;6;10;4;3;0;2;0;1;0;0;0;1;0;1;POINT (13.39608667 52.49837971)
4;2021;6;19;2;3;5;3;0;0;0;0;1;0;1;0;POINT (13.30086138 52.47389943)
1;2021;6;11;5;3;6;2;0;0;0;1;0;0;1;0;POINT (13.40044683 52.52215155)
2;2021;6;18;6;2;8;1;0;0;1;0;0;0;0;0;POINT (13.37673987 52.49146928)
3;2021;6;13;7;3;5;3;0;0;1;0;0;0;1;0;POINT (13.40964065 52.53359567)
1;2021;6;3;3;3;3;5;2;0;1;0;0;0;1;0;POINT (13.34087142 52.51980493)
8;2021;6;17;3;2;5;5;0;0;0;0;1;0;1;0;POINT (13.44810157 52.43696382)
3;2021;6;20;1;3;0;1;0;1;0;0;0;0;0;0;POINT (13.42093371 52.53340371)
5;2021;7;12;6;3;2;6;0;0;1;0;0;0;0;0;POINT (13.21763994 52.53770637)
1;2021;6;7;6;3;5;3;0;0;1;0;0;0;0;0;POINT (13.4159282 52.52704483)
4;2021;7;10;4;3;5;3;0;0;1;0;0;0;0;1;POINT (13.33108841 52.49539907)
8;2021;7;14;4;3;2;6;0;0;1;0;1;0;0;0;POINT (13.46661825 52.42688315)
5;2021;6;18;4;2;2;6;0;1;1;0;0;0;0;0;POINT (13.1835079 52.51198933)
8;2021;5;19;1;3;0;7;0;0;1;0;1;0;0;0;POINT (13.45016362 52.47673183)
9;2021;6;18;4;3;4;6;0;0;1;0;0;0;1;0;POINT (13.58627511 52.39393989)
3;2021;6;15;5;3;5;3;0;1;1;0;0;0;0;0;POINT (13.41381744 52.58293581)
1;2021;6;10;2;3;5;3;0;0;1;0;0;0;0;0;POINT (13.34899989 52.51476969)
7;2021;6;18;1;3;5;2;0;1;1;0;0;0;0;0;POINT (13.32395663 52.4715713)
3;2021;5;10;4;3;5;3;0;1;1;0;0;0;0;0;POINT (13.42887497 52.55140366)
3;2021;6;9;3;3;2;6;0;0;1;0;1;0;0;0;POINT (13.38102976 52.57430915)
1;2021;7;19;6;3;5;2;0;0;1;0;1;0;0;0;POINT (13.40963452 52.52400079)
1;2021;5;18;7;3;6;4;0;0;1;1;0;0;0;0;POINT (13.34543392 52.52990551)
9;2021;6;14;2;3;5;3;0;0;1;0;0;0;0;0;POINT (13.52974055 52.42249272)
5;2021;7;7;2;3;3;6;0;1;1;0;0;0;0;0;POINT (13.16288748 52.4652126)
2;2021;7;15;4;3;5;7;0;1;0;0;0;0;1;1;POINT (13.41026413 52.50302975)
10;2021;6;14;1;3;5;2;0;1;0;0;0;1;0;0;POINT (13.53285445 52.55555187)
8;2021;6;7;5;3;6;4;0;0;1;1;0;0;0;0;POINT (13.49624783 52.41561056)
6;2021;6;21;4;2;0;6;2;0;0;0;0;0;1;0;POINT (13.34553411 52.43644516)
5;2021;6;17;1;3;6;7;0;0;0;1;0;0;1;0;POINT (13.15996257 52.51604909)
10;2021;6;18;2;2;1;5;0;0;1;0;0;0;0;0;POINT (13.56368181 52.52925869)
1;2021;6;13;5;3;1;5;0;1;1;0;0;0;0;0;POINT (13.40710852 52.51146943)
1;2021;6;22;6;3;2;6;2;0;0;0;0;0;1;0;POINT (13.3563315 52.54481489)
1;2021;7;22;5;3;5;7;2;1;1;0;0;0;0;0;POINT (13.38833032 52.55007173)
8;2021;6;9;3;3;5;3;0;1;1;0;0;0;0;0;POINT (13.43797604 52.48799967)
12;2021;6;14;5;2;3;7;0;1;0;0;0;0;0;0;POINT (13.27212927 52.57671114)
7;2021;6;12;3;2;5;2;0;0;1;0;0;0;0;0;POINT (13.40120577 52.41460989)
4;2021;5;23;2;3;5;3;2;0;1;0;0;0;0;0;POINT (13.30660375 52.5181216)
2;2021;6;14;3;3;6;7;0;0;0;1;0;0;1;1;POINT (13.44038667 52.51632081)
5;2021;7;14;1;3;5;7;0;0;1;0;0;0;0;0;POINT (13.24637471 52.5374488)
8;2021;7;10;3;3;2;6;0;0;1;0;0;0;0;1;POINT (13.43316089 52.44402167)
1;2021;6;18;3;3;1;5;0;1;1;0;0;0;0;0;POINT (13.35620656 52.54203969)
7;2021;5;17;6;3;5;3;0;0;1;0;0;0;0;0;POINT (13.37307092 52.45209924)
6;2021;6;15;4;3;0;6;0;0;0;0;0;0;1;0;POINT (13.3453102 52.43670146)
1;2021;6;21;3;3;5;3;0;1;1;0;0;0;0;0;POINT (13.37931467 52.54053173)
1;2021;7;10;6;3;1;5;0;1;1;0;0;0;0;1;POINT (13.39953167 52.53179965)
7;2021;6;0;3;3;6;4;2;0;0;1;1;0;0;0;POINT (13.38451364 52.47157128)
1;2021;6;23;6;3;5;2;2;1;1;0;0;0;0;0;POINT (13.38043481 52.51810961)
10;2021;6;8;3;3;5;2;0;0;1;0;0;0;0;0;POINT (13.54505562 52.55353157)
6;2021;6;7;3;3;5;3;0;1;0;0;1;0;0;0;POINT (13.27405786 52.41856)
10;2021;6;7;1;3;6;4;0;0;1;1;0;0;0;0;POINT (13.58739331 52.53931007)
3;2021;6;13;7;3;5;3;0;1;1;0;0;0;0;0;POINT (13.45737761 52.55829199)
3;2021;7;20;7;2;5;3;0;1;1;0;0;0;0;0;POINT (13.43532693 52.56283432)
1;2021;6;23;6;3;5;3;2;0;0;0;0;0;1;0;POINT (13.4013665 52.52958651)
2;2021;5;12;2;3;1;5;0;1;1;0;0;0;0;1;POINT (13.41699242 52.50192274)
8;2021;6;12;3;3;2;6;0;0;1;0;0;0;1;1;POINT (13.50334271 52.41172678)