bez;ujahr;umonat;ustunde;uwochentag;ukategorie;uart;utyp1;ulichtverh;istrad;istpkw;istfuss;istkrad;istgkfz;istsonstige;ustrzustand;geometry
1;2021;7;15;2;3;3;6;0;0;1;0;0;0;0;0;POINT (13.38633731 52.54933885)
2;2021;7;2;4;3;5;3;2;1;1;0;0;0;0;0;POINT (13.4180237 52.49882261)
9;2021;6;15;4;3;5;3;0;0;1;0;0;0;0;0;POINT (13.58355941 52.45160411)
3;2021;5;20;7;3;0;7;0;1;1;0;0;0;0;0;POINT (13.40363906 52.55163362)
4;2021;6;17;4;3;5;7;0;1;1;0;0;0;0;0;POINT (13.30463482 52.51734632)
5;2021;6;12;4;3;6;4;0;1;0;1;0;0;0;1;POINT (13.15276265 52.54989718)
3;2021;6;10;2;3;3;6;0;0;1;0;0;1;0;0;POINT (13.4669836 52.54857705)
1;2021;6;22;7;3;2;6;2;0;1;0;0;0;0;0;POINT (13.42453739 52.51337327)
12;2021;5;16;4;3;2;6;0;0;1;0;0;0;0;1;POINT (13.33934311 52.60975221)
4;2021;6;18;3;2;5;2;0;0;1;0;1;0;0;0;POINT (13.27039022 52.54859976)
5;2021;5;21;7;3;5;3;2;0;1;0;0;0;0;0;POINT (13.22583903 52.5551293)
8;2021;6;17;1;3;2;6;0;1;1;0;0;0;0;0;POINT (13.43647707 52.49078281)
1;2021;7;23;2;2;5;2;2;0;1;0;1;0;0;1;POINT (13.38130594 52.55228697)
1;2021;6;14;4;3;0;3;0;1;0;0;0;0;1;0;POINT (13.37056108 52.49986925)
1;2021;7;16;5;2;5;2;0;1;1;0;0;0;0;0;POINT (13.39373257 52.52861105)
2;2021;7;8;3;3;5;2;0;1;1;0;0;0;0;0;POINT (13.42217462 52.49299491)
1;2021;7;15;5;3;5;2;0;0;1;0;1;0;0;1;POINT (13.33926308 52.52583583)
12;2021;6;13;5;3;3;6;0;0;1;0;0;1;0;0;POINT (13.33064852 52.56263304)
5;2021;6;13;4;3;5;3;0;0;1;0;0;0;0;0;POINT (13.21308097 52.53043255)
4;2021;6;23;1;2;1;5;2;0;1;0;1;0;0;0;POINT (13.29590491 52.49564708)
7;2021;5;17;1;3;1;5;0;1;1;0;0;0;1;0;POINT (13.36464534 52.44857237)
2;2021;6;17;5;3;5;2;0;0;1;0;1;0;0;0;POINT (13.38022501 52.498736)
1;2021;6;18;4;3;1;5;0;1;1;0;0;0;0;0;POINT (13.33700257 52.52845533)
10;2021;6;22;2;3;0;6;2;1;0;0;0;0;1;0;POINT (13.59115105 52.48977995)
7;2021;6;7;5;3;0;3;0;0;0;0;1;0;1;1;POINT (13.3925983 52.39685351)
5;2021;5;15;5;3;6;7;0;1;0;1;0;0;0;0;POINT (13.20127985 52.51216331)
1;2021;6;11;3;3;1;5;0;1;1;0;0;0;0;0;POINT (13.40867279 52.52425976)
7;2021;7;19;7;2;5;3;0;0;1;0;0;0;0;0;POINT (13.37827167 52.46701617)
7;2021;5;14;2;3;5;7;0;0;1;0;1;0;0;0;POINT (13.40303183 52.48332436)
4;2021;6;9;2;3;6;7;0;1;0;1;0;0;0;0;POINT (13.2950803 52.53962096)
8;2021;7;15;2;3;0;7;0;0;0;0;0;0;1;0;POINT (13.43558193 52.48090502)
3;2021;6;23;2;3;2;6;2;0;1;0;0;0;0;0;POINT (13.46227853 52.55885087)
6;2021;6;9;6;3;1;5;0;0;1;0;1;0;0;0;POINT (13.21581136 52.43767418)
2;2021;6;0;2;3;5;3;2;0;1;0;0;0;0;0;POINT (13.40363212 52.50329016)
6;2021;6;21;3;3;1;5;1;0;1;0;0;0;0;0;POINT (13.32087744 52.41739636)
1;2021;6;14;1;3;6;2;0;0;1;1;0;0;0;0;POINT (13.34337575 52.53193911)
4;2021;7;19;1;3;0;2;0;1;1;0;0;0;0;0;POINT (13.33613723 52.49146592)
1;2021;6;10;6;3;0;1;0;1;0;0;0;0;0;0;POINT (13.39855136 52.53255365)
4;2021;6;18;3;3;3;6;0;0;1;0;0;0;0;1;POINT (13.28506918 52.51286235)
6;2021;7;16;4;3;0;1;0;0;0;0;1;0;0;1;POINT (13.27345688 52.40984642)
10;2021;6;15;5;2;6;4;0;0;1;1;0;0;0;0;POINT (13.60900337 52.5007862)
12;2021;6;17;1;3;0;1;0;0;0;0;1;0;0;0;POINT (13.34027487 52.58813056)
2;2021;5;11;1;3;6;2;0;0;1;1;0;0;0;0;POINT (13.46366014 52.51076192)
3;2021;6;15;5;2;1;5;0;1;1;0;0;0;0;0;POINT (13.40789042 52.5731905)
9;2021;6;19;5;3;5;2;1;0;1;0;0;0;0;0;POINT (13.54654618 52.42636389)
9;2021;6;9;2;3;1;5;0;0;1;0;1;0;0;0;POINT (13.54152525 52.43724121)
8;2021;6;20;5;3;6;4;0;0;1;1;0;0;0;0;POINT (13.43618874 52.46221252)
1;2021;6;23;7;2;0;7;2;0;0;0;0;0;1;0;POINT (13.37918939 52.55301076)
4;2021;6;9;1;3;5;2;0;1;1;0;0;0;0;0;POINT (13.30172981 52.50973842)
1;2021;5;14;4;3;0;2;0;1;1;0;0;0;0;0;POINT (13.33908457 52.55392855)
5;2021;6;15;3;3;5;2;0;1;1;0;0;0;0;0;POINT (13.19572262 52.52958254)
5;2021;7;11;7;3;0;1;0;0;0;0;1;0;0;0;POINT (13.16996177 52.51855871)
3;2021;5;12;1;3;5;3;0;1;1;0;0;0;0;0;POINT (13.4226102 52.54458336)
9;2021;6;15;2;3;5;2;0;1;1;0;0;0;0;0;POINT (13.58463426 52.46624037)
1;2021;7;8;2;3;0;7;0;0;1;0;0;0;1;0;POINT (13.35245771 52.53345249)
9;2021;7;15;5;3;5;3;0;1;1;0;0;0;0;0;POINT (13.51168132 52.44535002)
12;2021;6;11;1;3;0;7;0;1;0;0;0;0;0;0;POINT (13.31369125 52.58577029)
1;2021;6;18;5;3;0;4;0;0;1;1;0;0;0;0;POINT (13.41817253 52.51237556)
7;2021;6;19;4;2;1;5;1;1;1;0;0;0;0;0;POINT (13.34966485 52.49042914)
2;2021;6;19;2;3;3;6;0;0;1;0;1;0;0;0;POINT (13.40287352 52.49397791)
1;2021;6;6;2;3;0;5;0;0;1;0;0;0;1;0;POINT (13.38643133 52.55892201)
12;2021;6;17;7;2;5;3;0;0;1;0;0;0;0;0;POINT (13.22924629 52.57327696)
4;2021;6;17;6;3;2;6;0;0;1;0;0;0;1;0;POINT (13.32632986 52.50264807)
3;2021;7;10;5;3;5;3;0;1;1;0;0;0;0;0;POINT (13.40055034 52.58041342)
9;2021;6;16;3;3;0;1;0;1;0;0;0;0;1;0;POINT (13.56769076 52.44485628)
10;2021;6;14;5;3;5;2;0;0;1;0;0;0;0;0;POINT (13.53967248 52.53981117)
9;2021;6;10;1;3;6;7;0;0;1;1;0;0;0;0;POINT (13.48881132 52.46413198)
9;2021;5;7;3;2;0;1;0;1;0;0;0;0;0;0;POINT (13.56889955 52.39823869)
3;2021;6;10;3;3;6;3;0;0;1;1;0;0;0;1;POINT (13.43059025 52.61053879)
7;2021;7;18;1;3;5;2;0;0;1;0;1;0;0;0;POINT (13.40106155 52.41457017)
4;2021;7;14;3;2;5;3;0;1;1;0;0;0;0;0;POINT (13.27239675 52.51867731)
2;2021;6;13;3;3;5;3;0;0;1;0;0;0;0;0;POINT (13.39942972 52.49828786)
6;2021;5;15;6;3;5;2;0;1;0;0;0;0;0;0;POINT (13.26354984 52.41659856)
6;2021;6;13;4;3;5;3;0;1;1;0;0;0;0;0;POINT (13.17595798 52.41956308)
5;2021;6;15;3;3;5;3;0;1;0;0;0;0;0;0;POINT (13.20576871 52.54172416)
9;2021;6;6;3;3;1;5;0;0;1;0;1;0;0;0;POINT (13.58998416 52.40876616)
3;2021;6;11;6;3;0;3;0;0;1;0;0;0;1;0;POINT (13.42145687 52.57541653)
11;2021;6;5;3;2;5;3;0;0;1;0;1;0;0;0;POINT (13.51348098 52.5511464)
9;2021;6;11;3;3;5;2;0;1;1;0;0;0;0;0;POINT (13.6248062 52.45161939)
6;2021;6;8;1;3;1;5;0;0;1;0;0;0;1;0;POINT (13.31077355 52.43260032)
7;2021;6;21;6;3;1;7;2;1;0;0;0;0;1;0;POINT (13.4086649 52.40491024)
9;2021;7;14;7;3;2;6;0;0;1;0;0;0;0;0;POINT (13.56240815 52.45679101)
1;2021;6;22;6;3;1;5;2;0;1;0;0;0;0;0;POINT (13.36286251 52.55006428)
5;2021;6;12;7;3;0;1;0;1;0;0;0;0;0;0;POINT (13.21101712 52.52759063)
5;2021;7;18;4;3;1;5;0;1;1;0;0;0;0;0;POINT (13.2024357 52.53799797)
12;2021;7;13;2;3;2;6;0;0;1;0;0;0;0;0;POINT (13.23620787 52.62093842)
7;2021;7;15;4;2;5;3;0;1;1;0;0;0;0;1;POINT (13.33115222 52.46955985)
10;2021;6;13;4;3;5;2;0;1;1;0;0;0;0;0;POINT (13.59255422 52.54746268)
8;2021;5;16;1;3;5;2;0;1;1;0;0;0;0;0;POINT (13.4869648 52.42289153)
1;2021;6;8;5;2;0;1;0;1;0;0;0;0;0;0;POINT (13.37107304 52.54574732)
3;2021;6;15;4;3;2;6;0;1;1;0;0;0;0;1;POINT (13.44892552 52.5290177)
4;2021;6;13;1;3;5;3;0;1;1;0;0;0;0;0;POINT (13.29120399 52.53969728)
7;2021;6;16;1;3;0;7;0;1;0;0;0;0;0;0;POINT (13.33734708 52.47026606)
1;2021;5;13;4;3;5;2;0;0;1;0;0;0;1;0;POINT (13.35646907 52.52556871)
2;2021;6;9;3;3;3;6;0;1;0;0;0;1;0;0;POINT (13.39425364 52.49090563)
9;2021;5;17;7;2;4;6;0;0;1;0;0;0;0;0;POINT (13.55405782 52.46720538)
8;2021;6;17;2;3;5;3;0;1;0;0;0;0;1;0;POINT (13.43893109 52.48750092)
2;2021;7;11;1;2;5;2;0;1;0;0;0;0;1;1;POINT (13.42210007 52.49904121)
8;2021;6;0;3;3;5;3;2;0;1;0;0;0;0;0;POINT (13.43600825 52.46855093)
5;2021;7;9;5;3;1;7;0;0;1;0;0;0;0;0;POINT (13.27147779 52.53492309)
10;2021;7;15;5;3;5;3;0;1;1;0;0;0;0;0;POINT (13.52914869 52.52623874)
2;2021;6;18;4;3;5;3;0;1;1;0;0;0;0;0;POINT (13.42631268 52.51592904)
3;2021;6;11;4;2;0;1;0;1;0;0;0;0;0;0;POINT (13.43193271 52.60394839)
11;2021;6;20;1;3;5;3;0;0;1;0;0;0;0;0;POINT (13.51894684 52.55382008)
3;2021;5;9;1;3;0;1;0;1;0;0;0;0;0;0;POINT (13.40050491 52.54855535)
7;2021;6;18;5;3;5;2;0;0;1;0;0;0;0;0;POINT (13.40660348 52.39376468)
9;2021;6;13;5;3;0;1;0;1;0;0;0;0;0;0;POINT (13.54245987 52.43586366)
2;2021;7;16;5;3;5;2;0;1;1;0;0;0;0;0;POINT (13.38635744 52.4900768)
3;2021;6;7;3;3;5;3;0;1;1;0;0;0;0;0;POINT (13.4405205 52.56106016)
4;2021;6;18;5;3;5;2;0;1;1;0;0;0;0;0;POINT (13.32623028 52.53805455)
7;2021;5;16;5;2;0;3;0;1;0;0;1;0;0;1;POINT (13.39164313 52.45754437)
5;2021;6;14;3;3;2;2;0;0;1;0;1;0;0;0;POINT (13.18239612 52.53845167)
7;2021;7;15;7;3;5;3;0;1;1;0;0;0;0;0;POINT (13.38921707 52.46573503)
7;2021;5;12;2;3;5;3;0;1;1;0;0;0;0;0;POINT (13.37788452 52.4658472)
4;2021;6;20;2;3;5;2;1;1;1;0;0;0;0;1;POINT (13.33577723 52.51369279)
6;2021;7;12;1;2;5;7;0;0;1;0;0;0;0;0;POINT (13.31197985 52.4200512)
1;2021;7;19;2;3;1;5;0;0;1;0;1;0;0;0;POINT (13.38280491 52.51132495)
9;2021;7;20;6;3;1;5;1;1;1;0;0;0;0;0;POINT (13.45965454 52.49436212)
5;2021;6;15;2;3;2;6;0;1;1;0;0;0;0;0;POINT (13.20319537 52.51970055)
4;2021;6;13;6;3;2;6;0;0;1;0;0;0;0;0;POINT (13.28104776 52.50209446)
9;2021;6;7;1;3;5;3;0;1;1;0;0;0;0;0;POINT (13.57641159 52.45454109)
1;2021;6;9;2;3;5;2;0;0;0;0;1;0;1;0;POINT (13.34472455 52.50648286)
6;2021;6;13;6;3;6;7;0;0;1;1;0;0;0;0;POINT (13.31017413 52.46704286)
3;2021;6;16;6;3;5;3;0;1;0;0;0;0;0;0;POINT (13.47704372 52.56688942)
2;2021;7;15;6;3;0;1;0;0;0;0;0;0;1;0;POINT (13.43804739 52.50036661)
9;2021;6;6;5;3;5;2;0;0;1;0;0;0;0;0;POINT (13.52234756 52.42842864)
11;2021;6;10;1;2;2;5;0;0;1;0;1;0;0;0;POINT (13.48492903 52.53349278)
7;2021;5;6;3;3;0;3;0;1;1;0;0;0;0;0;POINT (13.4065672 52.45573062)
9;2021;6;14;3;3;5;2;0;1;1;0;0;0;0;1;POINT (13.51429606 52.44636486)
1;2021;7;18;2;3;5;2;0;1;1;0;0;0;0;0;POINT (13.35102391 52.52438981)
9;2021;7;16;2;3;5;2;0;0;1;0;0;0;0;0;POINT (13.59241614 52.43855095)
2;2021;6;15;3;3;2;3;0;1;1;0;0;0;0;0;POINT (13.38940297 52.48973614)
3;2021;5;18;6;3;5;2;0;1;1;0;0;0;0;0;POINT (13.41320634 52.5476787)
10;2021;6;16;4;2;5;3;0;1;0;0;0;0;1;0;POINT (13.57177298 52.48272487)
1;2021;6;9;3;3;4;5;0;1;0;0;0;0;0;0;POINT (13.39647221 52.52845391)
12;2021;6;12;2;3;3;3;0;0;1;0;1;0;0;1;POINT (13.36270858 52.57112211)
4;2021;6;13;6;3;2;6;0;0;1;0;0;0;1;0;POINT (13.30186244 52.48831209)
3;2021;7;7;5;3;5;3;0;0;1;0;0;0;1;1;POINT (13.49579987 52.62604747)
5;2021;6;14;1;2;5;2;0;1;1;0;0;0;0;0;POINT (13.2722185 52.53830015)
8;2021;6;5;5;3;5;3;0;0;1;0;1;0;0;0;POINT (13.42902948 52.47190409)
4;2021;6;14;1;2;0;7;0;0;0;0;0;0;1;0;POINT (13.32242527 52.4847612)
6;2021;6;13;2;3;5;2;0;0;1;0;0;0;0;0;POINT (13.31556562 52.45875155)
2;2021;6;14;6;3;5;2;0;1;1;0;0;0;0;1;POINT (13.4109603 52.50383454)
2;2021;6;18;6;2;1;5;0;1;1;0;0;0;0;0;POINT (13.4563896 52.50986159)
1;2021;7;19;6;3;0;1;0;1;0;0;0;0;0;0;POINT (13.40495247 52.53382524)
1;2021;6;9;3;3;0;1;0;1;0;0;0;0;0;0;POINT (13.39854998 52.53255357)
5;2021;6;17;6;3;6;4;0;0;1;1;0;0;0;0;POINT (13.21185186 52.55383154)
10;2021;6;10;1;3;5;2;0;0;1;0;0;0;0;0;POINT (13.57186861 52.56833416)
4;2021;5;8;2;3;5;2;0;0;0;0;1;1;0;0;POINT (13.26631433 52.51306814)
9;2021;6;9;3;2;7;7;0;1;0;0;0;0;0;1;POINT (13.53888189 52.45921049)
4;2021;7;15;1;3;2;6;0;0;1;0;0;0;1;0;POINT (13.26589279 52.48320769)
4;2021;7;18;2;3;6;7;0;0;0;1;0;0;1;0;POINT (13.33052698 52.5126245)
12;2021;6;20;3;3;3;6;1;0;1;0;1;0;0;0;POINT (13.31182347 52.57129142)
11;2021;5;15;6;3;5;2;0;0;1;0;0;0;0;0;POINT (13.52466324 52.56484722)
4;2021;6;16;4;3;2;6;0;1;1;0;0;0;0;0;POINT (13.29582741 52.49783254)
1;2021;6;16;3;2;5;3;0;1;0;0;0;0;1;0;POINT (13.36132834 52.55510781)
8;2021;6;20;2;2;5;3;0;1;1;0;0;0;0;0;POINT (13.47807555 52.44213958)
8;2021;6;0;6;3;0;5;2;1;1;0;0;0;0;0;POINT (13.43322568 52.4849568)
4;2021;6;16;2;3;2;7;0;1;1;0;0;0;0;0;POINT (13.31806907 52.51835518)
8;2021;6;13;3;3;3;6;0;1;1;0;0;0;0;0;POINT (13.42617519 52.47752582)
7;2021;6;9;1;3;2;6;0;0;1;0;0;0;0;0;POINT (13.39744604 52.44224101)
8;2021;6;15;7;3;8;1;0;0;1;0;0;0;0;0;POINT (13.43639631 52.44883776)
1;2021;7;18;7;2;0;1;0;1;0;0;0;0;0;0;POINT (13.40268637 52.5165389)
12;2021;6;1;7;2;1;1;2;0;1;0;0;0;0;0;POINT (13.30743989 52.6189227)
11;2021;7;15;4;2;5;2;0;0;1;0;1;0;0;1;POINT (13.50311322 52.55405342)
7;2021;7;19;2;3;5;3;0;1;0;0;0;0;0;0;POINT (13.32945362 52.47157707)
11;2021;7;17;4;3;2;6;0;0;1;0;0;0;0;1;POINT (13.47266918 52.50506265)
6;2021;6;17;4;3;5;3;0;0;1;0;0;0;0;0;POINT (13.2337655 52.44744355)
4;2021;5;10;1;3;6;6;0;0;1;1;0;0;0;0;POINT (13.3111582 52.53945287)
4;2021;6;12;5;3;0;7;0;0;0;0;1;0;0;1;POINT (13.33115759 52.49626748)
4;2021;6;7;4;3;2;6;0;0;1;0;0;0;0;1;POINT (13.31205704 52.48006827)
4;2021;6;16;2;3;2;6;0;0;1;0;0;1;0;0;POINT (13.32608369 52.53853846)
8;2021;6;23;7;3;1;5;2;1;1;0;0;0;0;0;POINT (13.42411529 52.48610997)
9;2021;6;13;7;3;1;5;0;1;1;0;0;0;0;0;POINT (13.57471463 52.44596208)
4;2021;5;11;4;3;8;1;0;0;1;0;0;0;0;1;POINT (13.24777253 52.51885898)
4;2021;6;18;3;3;5;2;0;1;1;0;0;0;0;0;POINT (13.32717869 52.49499759)
6;2021;5;13;1;2;0;1;0;1;0;0;0;0;0;0;POINT (13.13257757 52.42564535)
7;2021;6;11;1;3;5;2;0;0;1;0;0;0;0;0;POINT (13.38587191 52.44557276)
2;2021;7;18;1;3;5;2;0;1;1;0;0;0;0;0;POINT (13.38663723 52.50102562)
1;2021;7;8;4;3;5;3;0;1;1;0;0;0;0;1;POINT (13.38875826 52.56692446)
5;2021;7;9;5;2;9;1;0;0;1;0;0;1;0;1;POINT (13.14150231 52.5324905)
7;2021;6;13;5;3;5;2;0;1;1;0;0;0;0;0;POINT (13.36426009 52.4939368)
2;2021;6;15;4;3;2;6;0;1;1;0;0;0;0;0;POINT (13.41042528 52.50378274)
1;2021;6;6;1;2;5;2;0;0;1;0;1;0;0;0;POINT (13.42198457 52.51092951)
8;2021;5;16;1;3;5;3;0;1;1;0;0;0;0;0;POINT (13.43763267 52.47883503)
9;2021;6;18;5;3;0;6;0;1;0;0;1;0;0;0;POINT (13.52774377 52.42441791)
4;2021;6;16;5;3;2;6;0;1;1;0;0;0;0;0;POINT (13.33311627 52.48713837)
1;2021;7;16;5;3;5;3;0;1;1;0;0;0;0;0;POINT (13.40308771 52.53370581)
3;2021;6;7;3;2;5;3;0;1;1;0;0;0;0;0;POINT (13.4526956 52.53912368)
3;2021;6;12;5;3;5;3;0;0;1;0;1;0;0;1;POINT (13.39095269 52.58387114)
2;2021;5;7;5;3;5;3;0;1;1;0;0;0;0;1;POINT (13.42381112 52.50120648)
2;2021;6;16;4;3;5;3;0;1;0;0;0;0;1;0;POINT (13.39967778 52.4982898)
1;2021;7;18;6;3;0;5;0;1;1;0;0;0;0;0;POINT (13.41822379 52.51737235)
8;2021;5;20;2;3;6;7;1;0;1;1;0;0;0;1;POINT (13.43347718 52.48221106)
4;2021;6;15;2;3;2;6;0;0;1;0;0;0;0;0;POINT (13.28017895 52.51832127)
5;2021;7;12;1;3;5;3;0;0;1;0;0;0;1;0;POINT (13.1982327 52.55693389)
1;2021;7;12;2;3;5;3;0;0;1;0;0;0;0;0;POINT (13.33942085 52.55402543)
4;2021;5;17;5;3;2;6;0;0;1;0;0;0;0;1;POINT (13.32098555 52.51299761)
6;2021;6;8;3;3;5;2;0;1;1;0;0;0;0;0;POINT (13.31541379 52.44796567)
4;2021;7;11;6;2;1;7;0;0;1;0;1;0;0;1;POINT (13.32229428 52.49307321)
8;2021;6;13;1;3;3;6;0;1;1;0;0;0;0;0;POINT (13.49576017 52.43215095)
2;2021;6;18;5;3;5;3;0;1;1;0;0;0;0;0;POINT (13.43189253 52.50566069)
4;2021;6;13;2;3;3;5;0;0;1;0;0;0;1;0;POINT (13.33321087 52.5065644)
4;2021;6;17;2;3;2;6;0;1;1;0;0;0;0;0;POINT (13.3211445 52.48851979)
7;2021;6;11;6;3;6;7;0;1;0;1;0;0;0;0;POINT (13.38745584 52.46466743)
12;2021;6;10;5;2;5;3;0;0;1;0;0;0;0;0;POINT (13.35130468 52.56744388)
12;2021;7;17;6;3;5;2;0;1;1;0;0;0;0;0;POINT (13.28949387 52.58261381)
8;2021;6;15;5;3;5;3;0;1;1;0;0;0;0;0;POINT (13.47387026 52.43809655)
11;2021;5;18;2;3;2;6;0;0;1;0;0;1;0;0;POINT (13.50510644 52.53454041)
3;2021;6;14;3;3;6;4;0;0;0;1;0;0;1;1;POINT (13.38822148 52.5887129)
9;2021;7;14;2;3;5;7;0;1;0;0;0;0;0;0;POINT (13.57533232 52.44749739)
3;2021;7;19;3;3;1;5;0;1;1;0;0;0;0;0;POINT (13.47144577 52.61019992)
10;2021;6;0;4;2;6;4;2;0;0;1;0;0;1;0;POINT (13.57212477 52.56473255)
1;2021;5;22;6;3;5;3;2;0;1;0;0;0;0;0;POINT (13.37112706 52.55869642)
4;2021;6;16;4;3;2;6;0;1;1;0;0;0;0;0;POINT (13.29909366 52.50797638)
5;2021;6;15;3;3;6;7;0;0;1;1;0;0;0;0;POINT (13.22572783 52.55585709)
3;2021;6;17;2;3;5;3;0;1;1;0;0;0;0;0;POINT (13.42215708 52.55275764)
7;2021;6;18;7;3;1;5;0;1;1;0;0;0;0;0;POINT (13.35322959 52.48094862)
3;2021;6;15;2;3;5;3;0;1;1;0;0;0;0;0;POINT (13.4565997 52.53492002)
1;2021;6;14;3;3;5;3;0;1;1;0;0;0;0;0;POINT (13.36041464 52.50560089)
2;2021;6;9;7;3;1;5;0;1;1;0;0;0;0;0;POINT (13.42007677 52.50238314)
9;2021;7;22;7;3;6;7;2;1;0;1;0;0;0;0;POINT (13.44572258 52.49392276)
2;2021;6;2;6;3;5;3;2;0;1;0;0;0;0;0;POINT (13.4454241 52.5127416)
3;2021;7;8;4;3;2;6;0;0;1;0;0;0;0;1;POINT (13.41432153 52.55389733)
11;2021;7;15;4;3;5;2;0;1;1;0;0;0;0;0;POINT (13.54008318 52.56528271)
10;2021;6;8;4;3;5;3;0;1;1;0;0;0;0;0;POINT (13.55372209 52.51925778)
1;2021;5;10;1;3;5;3;0;1;1;0;0;0;0;0;POINT (13.36421026 52.52791622)
5;2021;6;17;4;2;1;5;0;1;1;0;0;0;0;0;POINT (13.1958252 52.521022)
8;2021;6;9;4;3;5;3;0;0;1;0;0;0;0;1;POINT (13.4452295 52.47917593)
11;2021;6;8;2;3;5;2;0;1;1;0;0;0;0;0;POINT (13.48542773 52.52318829)
8;2021;6;17;1;3;5;2;0;0;1;0;0;0;0;0;POINT (13.44993045 52.44559952)
7;2021;5;8;3;3;5;3;0;0;1;0;0;0;0;0;POINT (13.32180647 52.47353944)
1;2021;6;7;3;3;1;5;0;0;1;1;0;1;0;0;POINT (13.41631487 52.51705227)
4;2021;5;16;1;3;5;2;0;1;1;0;0;0;0;0;POINT (13.30064658 52.51731417)
4;2021;6;15;1;3;1;5;0;0;1;0;0;0;0;0;POINT (13.31503357 52.49394151)
10;2021;7;12;1;3;5;3;0;1;1;0;0;0;0;1;POINT (13.61424107 52.53025771)
7;2021;6;14;2;3;5;3;0;1;1;0;0;0;0;0;POINT (13.3459796 52.4972628)
1;2021;6;3;3;3;9;1;2;0;1;0;0;0;0;0;POINT (13.34939531 52.50856752)
8;2021;6;16;7;3;5;3;0;0;1;0;0;0;0;0;POINT (13.4986301 52.41047113)
2;2021;7;13;6;3;0;7;0;1;0;0;0;0;0;0;POINT (13.42253229 52.48897758)
1;2021;6;16;7;3;0;1;0;0;0;0;1;0;0;0;POINT (13.34568327 52.54487701)
2;2021;7;10;4;3;2;6;0;0;1;0;0;0;0;1;POINT (13.37665627 52.48792127)
4;2021;7;6;4;3;5;3;0;0;1;0;1;0;0;0;POINT (13.31962677 52.50284358)
3;2021;6;3;4;3;3;6;2;0;1;0;0;1;0;0;POINT (13.41617742 52.55341381)
9;2021;5;18;7;3;0;7;0;1;0;0;0;0;0;0;POINT (13.52635573 52.43742657)
2;2021;6;14;5;3;0;7;0;1;1;0;0;0;0;0;POINT (13.45696738 52.51305327)
4;2021;6;18;3;3;1;5;0;1;1;0;0;0;0;0;POINT (13.30312196 52.50682512)
2;2021;6;18;2;3;5;2;0;1;1;0;0;0;0;0;POINT (13.38629605 52.49007698)
9;2021;6;19;7;3;3;6;0;1;1;0;0;0;0;0;POINT (13.62718897 52.44662272)
1;2021;5;16;3;3;2;6;0;0;1;0;0;0;0;0;POINT (13.41474344 52.5157677)
2;2021;6;18;3;3;5;2;0;1;1;0;0;0;0;0;POINT (13.40522036 52.50518513)
5;2021;5;0;1;2;0;1;2;0;0;0;0;0;1;0;POINT (13.17798138 52.55088222)
2;2021;6;21;1;3;0;3;1;1;0;0;0;0;0;0;POINT (13.4662828 52.49698542)
4;2021;7;18;1;3;5;2;0;1;1;0;0;0;0;0;POINT (13.3158436 52.48183187)
1;2021;7;18;5;3;5;2;0;1;1;0;0;0;0;0;POINT (13.34320004 52.53191841)
2;2021;7;16;5;3;0;6;2;0;1;0;0;0;0;1;POINT (13.41836284 52.49878718)
4;2021;6;15;5;3;5;2;0;1;1;0;0;0;0;0;POINT (13.21849928 52.50887259)
2;2021;6;7;4;3;5;2;0;1;0;0;0;0;1;0;POINT (13.47036326 52.50626213)
3;2021;6;11;1;3;0;1;0;1;0;0;0;0;0;0;POINT (13.42771664 52.6268388)
8;2021;5;18;1;3;6;4;0;1;0;1;0;0;0;0;POINT (13.4668563 52.46832325)
2;2021;6;18;5;3;2;6;0;1;1;0;0;0;0;0;POINT (13.41878619 52.50141907)
1;2021;6;7;5;3;5;2;0;1;0;0;0;0;1;0;POINT (13.3658146 52.50306466)
12;2021;7;20;5;3;5;3;0;0;1;0;0;0;0;0;POINT (13.28432686 52.59446091)
5;2021;6;8;3;2;5;3;0;1;1;0;0;0;0;0;POINT (13.19428118 52.54585118)
4;2021;6;18;5;3;2;2;0;0;1;0;0;0;0;0;POINT (13.28155017 52.51277769)
7;2021;5;9;5;3;5;3;0;1;1;0;0;0;0;1;POINT (13.32799166 52.47335713)
10;2021;6;13;4;3;0;1;0;0;0;0;1;0;0;1;POINT (13.52436729 52.53627511)
7;2021;7;1;7;3;0;1;2;0;0;0;0;0;1;0;POINT (13.40692121 52.39377725)
1;2021;5;18;2;3;2;6;0;0;1;0;1;0;0;1;POINT (13.34333894 52.5285205)
3;2021;6;15;2;3;0;1;0;0;0;0;1;0;0;1;POINT (13.40665066 52.57562125)
6;2021;7;19;1;3;5;3;0;1;1;0;0;0;0;0;POINT (13.30981921 52.466588)
11;2021;7;19;2;3;1;5;0;1;1;0;0;0;0;0;POINT (13.49723942 52.50480241)
6;2021;5;15;7;3;1;5;0;1;1;0;0;0;0;0;POINT (13.35497134 52.42800112)
7;2021;6;12;3;3;6;4;0;1;0;1;0;0;0;0;POINT (13.35008828 52.47946045)
7;2021;6;12;3;3;5;3;0;0;1;0;0;0;0;1;POINT (13.34294603 52.47592877)
6;2021;7;18;6;3;5;3;0;0;1;0;0;0;0;0;POINT (13.24264632 52.43373526)