bez;ujahr;umonat;ustunde;uwochentag;ukategorie;uart;utyp1;ulichtverh;istrad;istpkw;istfuss;istkrad;istgkfz;istsonstige;ustrzustand;geometry
9;2021;6;14;2;3;5;3;0;1;1;0;0;0;0;0;POINT (13.52666156 52.42458864)
5;2021;6;21;5;2;5;2;1;0;1;0;0;0;1;0;POINT (13.20942699 52.56533682)
4;2021;6;18;2;3;0;1;0;1;0;0;0;0;0;0;POINT (13.33590669 52.5139283)
10;2021;6;17;2;3;5;3;0;1;1;0;0;0;0;0;POINT (13.60403835 52.5396418)
9;2021;6;16;6;3;0;7;0;0;1;0;0;0;1;0;POINT (13.55666098 52.46426141)
9;2021;6;14;1;3;5;3;0;1;1;0;0;0;0;0;POINT (13.59028505 52.43513675)
3;2021;7;1;7;3;0;1;2;1;0;0;0;0;0;0;POINT (13.40118022 52.54683655)
1;2021;6;12;6;3;5;3;0;1;1;0;0;0;0;0;POINT (13.39030315 52.50859412)
6;2021;5;12;3;3;2;6;0;0;1;0;1;0;0;0;POINT (13.30937932 52.46743268)
12;2021;6;16;3;3;8;1;0;0;1;0;0;0;0;1;POINT (13.35926528 52.57439132)
6;2021;7;13;2;3;6;4;0;0;1;1;0;0;0;0;POINT (13.28230488 52.42118484)
1;2021;7;0;3;3;5;2;2;1;0;0;0;0;1;1;POINT (13.37181786 52.50927518)
2;2021;6;1;4;3;0;1;2;1;0;0;0;0;0;0;POINT (13.39712369 52.50530785)
9;2021;5;20;1;3;5;3;0;1;1;0;0;0;0;0;POINT (13.55328499 52.46957556)
2;2021;6;19;4;3;1;5;0;1;1;0;0;0;0;0;POINT (13.42893076 52.49417473)
8;2021;6;14;3;3;6;7;0;0;1;1;0;0;0;0;POINT (13.44619961 52.42839268)
1;2021;6;17;2;3;9;1;0;0;0;0;0;0;1;0;POINT (13.34918081 52.55203426)
7;2021;6;19;7;3;5;3;0;1;1;0;0;0;0;0;POINT (13.37088768 52.40909509)
10;2021;6;14;2;3;5;3;0;0;1;0;1;0;0;0;POINT (13.53737366 52.54031682)
6;2021;6;17;3;3;5;3;0;1;1;0;0;0;0;0;POINT (13.1890328 52.4190992)
11;2021;6;13;1;3;0;1;0;0;0;0;1;0;0;0;POINT (13.48011585 52.51904606)
10;2021;7;16;1;3;5;3;0;1;1;0;0;0;0;0;POINT (13.60215536 52.5360893)
6;2021;6;12;6;3;2;6;0;0;1;0;0;0;0;0;POINT (13.34890585 52.456137)
6;2021;7;14;4;2;0;3;0;1;0;0;1;0;0;1;POINT (13.29637139 52.44339469)
6;2021;7;11;4;3;0;4;0;0;0;1;1;0;0;0;POINT (13.33673202 52.46576026)
3;2021;6;15;5;3;5;2;0;1;0;0;0;0;1;0;POINT (13.40892954 52.57107826)
3;2021;6;15;1;2;2;6;0;0;1;0;0;0;0;0;POINT (13.47501029 52.54974153)
10;2021;6;12;1;2;2;6;0;0;1;0;0;0;1;0;POINT (13.56124564 52.49291911)
7;2021;5;18;1;3;2;7;0;0;1;0;0;0;0;0;POINT (13.35663779 52.49390643)
4;2021;6;11;5;3;6;2;0;0;1;1;0;0;0;0;POINT (13.30048862 52.51704237)
9;2021;6;17;5;3;5;2;0;0;1;0;1;0;0;0;POINT (13.52243167 52.42838462)
4;2021;6;4;2;3;0;1;1;0;1;0;1;0;0;0;POINT (13.31859316 52.51756786)
2;2021;6;7;5;3;5;3;0;1;1;0;0;0;0;1;POINT (13.43103101 52.50466895)
4;2021;6;16;1;3;5;3;0;0;1;0;1;0;0;0;POINT (13.3055033 52.49963581)
4;2021;5;18;4;3;3;2;0;1;1;0;0;0;0;1;POINT (13.32585791 52.50569231)
4;2021;6;17;3;2;5;2;0;1;1;0;0;0;0;0;POINT (13.31242959 52.49925077)
3;2021;7;13;7;3;5;2;0;0;1;0;1;0;0;0;POINT (13.45756428 52.55419429)
7;2021;5;20;1;3;2;6;0;1;1;0;0;0;0;0;POINT (13.34600962 52.47080913)
1;2021;6;21;2;3;5;2;1;1;1;0;0;0;0;1;POINT (13.37710419 52.55622746)
7;2021;7;20;2;3;1;5;0;1;1;0;0;0;0;0;POINT (13.35358319 52.48990201)
6;2021;7;20;4;2;6;4;0;0;1;1;0;0;0;0;POINT (13.31728914 52.44320394)
7;2021;6;14;1;3;1;5;0;1;1;0;0;0;0;0;POINT (13.39064449 52.40606842)
2;2021;6;19;5;3;5;3;0;0;1;0;0;0;0;0;POINT (13.43006976 52.50354016)
8;2021;6;17;4;3;1;5;0;1;1;0;0;0;0;0;POINT (13.44596138 52.45674716)
12;2021;6;11;2;3;1;5;0;1;1;0;0;0;0;0;POINT (13.32920512 52.59102287)
4;2021;6;15;2;2;5;2;0;1;0;0;0;1;0;0;POINT (13.3236426 52.49359709)
8;2021;6;20;5;3;2;6;0;1;1;0;0;0;0;0;POINT (13.42686455 52.47593208)
4;2021;6;14;6;2;5;3;0;1;1;0;0;0;0;0;POINT (13.2233455 52.51008395)
2;2021;7;17;6;2;6;4;0;0;1;1;0;0;0;0;POINT (13.42715247 52.51154187)
2;2021;6;7;3;3;3;6;0;0;1;0;1;0;0;0;POINT (13.40710849 52.49335469)
5;2021;6;16;5;3;2;2;0;0;1;0;0;0;1;0;POINT (13.208776 52.51068602)
11;2021;6;8;3;2;6;4;0;0;0;1;0;0;1;0;POINT (13.51191654 52.55465325)
5;2021;5;17;2;3;2;6;0;0;1;0;0;1;0;1;POINT (13.17851647 52.51676566)
1;2021;6;8;3;3;2;2;0;1;1;0;0;0;0;1;POINT (13.38746347 52.55270534)
6;2021;7;8;1;3;0;1;0;0;0;0;1;0;0;1;POINT (13.31543025 52.44844252)
1;2021;7;13;3;3;0;6;0;0;1;0;1;0;0;1;POINT (13.41712346 52.51924295)
11;2021;6;13;3;2;5;3;0;0;1;0;0;0;1;0;POINT (13.5140004 52.53960222)
2;2021;5;14;6;3;0;5;0;0;1;0;1;0;0;0;POINT (13.42783261 52.49879182)
9;2021;6;5;4;3;5;2;0;1;1;0;0;0;0;0;POINT (13.51627971 52.45581727)
9;2021;6;14;3;3;4;7;0;0;1;1;0;0;0;1;POINT (13.55237643 52.41456936)
1;2021;7;1;6;3;1;5;2;1;1;0;0;0;0;1;POINT (13.34071167 52.52643285)
1;2021;6;23;2;2;0;1;2;0;0;0;1;0;0;0;POINT (13.33002574 52.52269005)
8;2021;6;20;6;3;1;5;1;1;1;0;0;0;0;0;POINT (13.43074996 52.48661132)
12;2021;6;13;2;2;0;6;0;0;1;0;0;0;1;0;POINT (13.30807388 52.57322851)
4;2021;6;12;3;2;1;5;0;1;1;0;0;0;0;0;POINT (13.30340474 52.5037189)
6;2021;6;16;1;3;5;2;0;1;1;0;0;0;0;0;POINT (13.25603205 52.43582659)
6;2021;6;11;7;3;5;3;0;1;0;0;0;0;1;0;POINT (13.35017534 52.43421626)
9;2021;7;19;6;3;5;2;0;1;1;0;0;0;0;0;POINT (13.5563454 52.43376196)
4;2021;7;10;5;3;0;5;0;1;1;0;0;0;0;1;POINT (13.29428158 52.49150722)
12;2021;6;15;5;3;5;3;0;0;0;0;0;0;1;0;POINT (13.31672303 52.58686592)
8;2021;6;19;4;3;5;3;0;1;0;0;0;0;0;0;POINT (13.447819 52.48290255)
9;2021;6;16;1;3;0;2;0;1;1;0;0;0;0;0;POINT (13.58250689 52.4426533)
1;2021;5;11;1;3;5;3;0;0;1;0;0;0;0;0;POINT (13.35214098 52.50553314)
2;2021;6;23;5;3;1;5;2;1;1;0;0;0;0;0;POINT (13.39080166 52.50497834)
1;2021;6;20;6;3;0;1;0;1;0;0;0;0;0;0;POINT (13.40243676 52.53115924)
2;2021;7;6;6;3;6;7;0;0;0;1;0;0;1;0;POINT (13.41844256 52.50010034)
5;2021;6;17;3;2;6;2;0;0;1;1;0;0;0;0;POINT (13.19817164 52.53282288)
6;2021;6;17;5;3;5;2;0;1;1;0;0;0;0;0;POINT (13.30092853 52.44820855)
11;2021;5;10;5;3;6;3;0;0;1;1;0;0;0;1;POINT (13.49067751 52.52655899)
4;2021;6;9;4;3;2;6;0;1;0;0;0;0;1;0;POINT (13.31949738 52.48703714)
7;2021;7;15;7;3;5;2;0;1;1;0;0;0;0;0;POINT (13.36682061 52.44967029)
2;2021;5;13;1;3;5;3;0;0;1;0;0;0;1;0;POINT (13.40513027 52.5049852)
2;2021;6;18;2;3;0;7;0;1;0;0;0;0;0;0;POINT (13.40529469 52.49364008)
2;2021;7;9;2;2;5;2;0;0;1;0;0;0;0;0;POINT (13.43968236 52.51387417)
3;2021;7;20;2;2;5;3;0;1;1;0;0;0;0;0;POINT (13.43677955 52.54873181)
1;2021;5;8;6;2;0;5;0;0;0;0;1;0;1;0;POINT (13.36024296 52.54716307)
4;2021;6;15;4;3;1;5;0;1;1;0;0;0;0;0;POINT (13.3058953 52.50160772)
9;2021;6;13;3;3;5;2;0;1;1;0;0;0;0;0;POINT (13.53457089 52.43268303)
3;2021;7;1;6;3;6;2;2;0;1;1;0;0;0;1;POINT (13.39582427 52.56595381)
4;2021;6;9;1;3;5;7;0;1;1;0;0;0;0;0;POINT (13.3169623 52.50307346)
4;2021;6;18;5;2;5;2;0;0;1;0;1;0;0;0;POINT (13.30445901 52.50361671)
4;2021;6;8;2;3;5;3;0;0;1;0;0;0;0;0;POINT (13.2725432 52.51933578)
1;2021;6;7;2;2;5;3;0;1;1;0;0;0;0;0;POINT (13.3800668 52.54053495)
2;2021;6;21;7;3;1;5;1;1;1;0;0;0;0;0;POINT (13.42427597 52.49990015)
6;2021;6;17;7;3;6;2;0;0;1;1;0;0;0;0;POINT (13.33229063 52.42525997)
3;2021;7;16;7;2;5;2;0;0;1;0;1;0;0;0;POINT (13.4325621 52.55757856)
8;2021;6;14;7;3;2;6;0;0;1;0;0;0;0;0;POINT (13.47414359 52.42570564)
9;2021;6;12;7;3;5;3;0;0;1;0;0;0;0;0;POINT (13.53137363 52.4050958)
3;2021;5;15;2;3;5;3;0;1;1;0;0;0;0;1;POINT (13.39741614 52.57124434)
8;2021;6;11;3;3;2;6;0;0;1;0;0;0;0;1;POINT (13.4562225 52.47378015)
2;2021;7;17;2;3;5;2;0;0;1;0;0;0;1;0;POINT (13.40204907 52.49256801)
3;2021;7;10;3;3;2;6;0;0;1;0;0;1;0;1;POINT (13.44304779 52.61461622)
10;2021;6;6;4;3;2;6;0;1;0;0;0;0;1;0;POINT (13.56157812 52.50235788)
5;2021;6;16;1;3;1;5;0;0;1;0;0;0;0;0;POINT (13.18971754 52.52812349)
8;2021;5;23;7;2;5;3;2;0;1;0;1;0;0;0;POINT (13.43367912 52.48192761)
8;2021;6;17;4;3;6;7;0;0;0;1;1;0;0;0;POINT (13.4371279 52.45015274)
11;2021;6;16;3;3;5;3;0;1;1;0;0;0;0;0;POINT (13.49784767 52.53627388)
5;2021;6;17;2;3;5;2;0;1;1;0;0;0;0;0;POINT (13.20710563 52.55407969)
9;2021;6;20;6;2;0;1;0;0;0;0;1;0;0;1;POINT (13.62478533 52.45145096)
7;2021;5;18;4;2;0;2;0;0;1;0;0;0;1;1;POINT (13.3854601 52.46712334)
1;2021;6;8;3;3;5;2;0;0;1;0;1;0;0;0;POINT (13.37851691 52.5447131)
5;2021;5;16;7;3;5;2;0;0;1;0;0;0;0;0;POINT (13.19154325 52.5462662)
1;2021;6;15;1;3;5;2;0;0;1;0;0;0;0;0;POINT (13.37026938 52.54467769)
9;2021;7;19;1;3;5;3;0;1;1;0;0;0;0;0;POINT (13.52687827 52.40143353)
1;2021;6;20;3;2;5;3;1;0;1;0;1;0;0;0;POINT (13.36829015 52.55009462)
5;2021;7;7;5;3;6;4;0;1;0;1;0;0;0;0;POINT (13.21250181 52.57342333)
4;2021;7;13;4;3;6;2;0;0;1;1;0;0;0;0;POINT (13.31692127 52.5011354)
2;2021;6;11;5;3;5;2;0;1;1;0;0;0;0;0;POINT (13.37675212 52.49143154)
2;2021;6;8;4;2;2;6;0;0;1;0;0;0;0;0;POINT (13.44689358 52.52625591)
9;2021;6;16;1;3;2;2;0;0;1;0;1;0;0;0;POINT (13.54698437 52.43147823)
4;2021;6;9;2;3;5;3;0;1;1;0;0;0;0;0;POINT (13.28807092 52.48816485)
12;2021;6;19;5;3;5;3;0;1;1;0;0;0;0;0;POINT (13.29173543 52.59604427)
1;2021;6;16;5;3;4;6;0;1;1;0;0;0;0;0;POINT (13.37886934 52.52681419)
11;2021;6;16;3;3;0;6;0;1;1;0;0;0;0;0;POINT (13.53656968 52.58673509)
4;2021;6;12;5;3;5;3;0;0;1;0;0;0;0;0;POINT (13.26116302 52.51791757)
4;2021;6;15;1;3;0;6;0;0;1;0;1;0;0;0;POINT (13.30035752 52.52230096)
4;2021;5;4;5;2;8;7;1;0;1;0;0;0;0;0;POINT (13.32685708 52.51976573)
4;2021;6;12;3;3;2;6;0;0;0;0;1;0;0;0;POINT (13.24487984 52.51327828)
8;2021;7;14;7;3;0;3;0;0;1;0;1;0;0;0;POINT (13.41328059 52.4393654)
1;2021;5;15;2;3;5;3;0;0;1;0;0;0;0;1;POINT (13.35126509 52.52971526)
3;2021;6;11;2;3;3;6;0;1;1;0;0;0;0;0;POINT (13.42481285 52.55277135)
3;2021;7;19;2;3;0;1;0;1;0;0;0;0;0;0;POINT (13.41372312 52.54231707)
9;2021;7;15;5;3;6;4;0;0;0;1;1;0;0;0;POINT (13.55185895 52.43929052)
1;2021;6;14;1;3;1;5;0;1;1;0;0;0;1;0;POINT (13.38270688 52.53148547)
8;2021;6;18;5;3;5;2;0;1;1;0;0;0;0;0;POINT (13.45583748 52.47382348)
12;2021;6;20;2;3;3;6;0;0;1;0;0;0;0;0;POINT (13.32226245 52.6088355)
12;2021;6;11;2;3;5;3;0;1;1;0;0;0;0;0;POINT (13.3019116 52.63560047)
4;2021;6;15;7;3;3;6;0;0;1;0;1;0;0;0;POINT (13.30900382 52.49098734)
1;2021;6;14;6;3;6;4;0;0;1;1;0;0;0;0;POINT (13.3451102 52.5390663)
6;2021;7;19;6;2;2;2;0;1;1;0;0;0;0;0;POINT (13.22707605 52.42411737)
1;2021;6;12;3;3;0;1;0;1;0;0;0;0;0;0;POINT (13.39872314 52.53257804)
1;2021;6;2;5;3;9;1;2;0;0;0;1;0;0;0;POINT (13.41557535 52.52709936)
1;2021;6;6;1;3;6;2;0;0;1;1;0;0;0;0;POINT (13.3961544 52.53830822)
4;2021;5;16;3;3;2;6;0;0;1;0;0;0;1;0;POINT (13.26740725 52.52045072)
2;2021;6;8;3;3;0;2;0;1;1;0;0;0;0;1;POINT (13.39780494 52.49528904)
8;2021;7;11;1;3;2;6;0;0;1;0;0;0;0;0;POINT (13.4695131 52.42860031)
10;2021;7;13;3;3;5;3;0;1;1;0;0;0;0;0;POINT (13.61390469 52.51647112)
4;2021;6;8;3;3;6;4;0;0;1;1;0;0;0;0;POINT (13.31761878 52.47392725)
7;2021;5;11;6;3;2;6;0;0;1;0;1;0;0;0;POINT (13.40422316 52.42739882)
7;2021;6;14;4;3;6;4;0;0;0;1;1;0;0;0;POINT (13.35260341 52.48973214)
3;2021;6;15;3;3;5;2;0;0;1;0;0;0;1;0;POINT (13.47946982 52.64368285)
9;2021;6;18;2;3;0;1;0;1;0;0;0;0;0;0;POINT (13.51754941 52.44438367)
2;2021;6;3;6;3;0;1;1;0;0;0;1;0;0;0;POINT (13.40110898 52.49313366)
1;2021;6;16;2;3;5;2;0;1;1;0;0;0;0;0;POINT (13.36421254 52.55794966)
7;2021;6;22;3;3;5;2;2;1;1;0;0;0;0;0;POINT (13.38968589 52.43935986)
4;2021;6;8;1;3;2;6;0;0;1;0;0;0;0;0;POINT (13.2925879 52.53426405)
4;2021;6;23;7;3;3;6;2;1;1;0;0;0;0;0;POINT (13.31540348 52.5010576)
3;2021;7;0;7;3;1;5;2;0;0;0;1;0;1;0;POINT (13.42973002 52.57180584)
4;2021;6;22;7;3;3;6;2;0;1;0;0;0;1;0;POINT (13.3075621 52.50013413)
1;2021;6;20;3;3;0;2;1;1;0;0;1;0;0;1;POINT (13.41775184 52.50660508)
9;2021;7;21;3;2;0;1;1;1;0;0;0;0;0;0;POINT (13.68233949 52.37063366)
1;2021;7;8;4;3;5;3;0;1;1;0;0;0;0;0;POINT (13.34169931 52.53484119)
2;2021;6;7;4;3;5;2;0;1;0;0;0;0;1;0;POINT (13.37675774 52.49141423)
8;2021;5;11;7;3;6;7;0;0;1;1;0;0;0;0;POINT (13.43672539 52.4571189)
3;2021;6;6;5;3;5;3;0;0;1;0;1;0;0;0;POINT (13.41471371 52.55386983)
12;2021;6;6;3;3;3;6;0;0;1;0;1;0;0;0;POINT (13.33202804 52.56183792)
3;2021;6;15;2;3;5;3;0;1;0;0;0;0;0;0;POINT (13.39821344 52.56455744)
7;2021;6;10;5;3;5;2;0;1;1;0;0;0;0;0;POINT (13.4016414 52.39449122)
6;2021;6;15;1;3;2;6;0;0;1;0;0;0;0;0;POINT (13.27711978 52.46432836)
5;2021;6;18;7;3;6;4;0;0;1;1;0;0;0;0;POINT (13.21079583 52.56746187)
5;2021;5;14;4;3;5;3;0;0;1;0;0;0;1;0;POINT (13.19840733 52.54283785)
1;2021;6;17;3;3;6;4;0;0;1;1;0;0;0;0;POINT (13.39255561 52.56409392)
1;2021;5;20;7;3;5;3;2;1;1;0;0;0;0;0;POINT (13.40022311 52.53944963)
7;2021;6;7;2;3;5;5;0;0;1;0;1;0;0;0;POINT (13.35336721 52.48987586)
3;2021;7;11;1;3;0;3;0;0;1;0;0;0;1;1;POINT (13.42860072 52.58159293)
3;2021;6;13;4;3;2;7;0;1;0;0;0;0;1;0;POINT (13.4078588 52.53679155)
8;2021;7;18;5;3;1;5;0;1;1;0;0;0;0;0;POINT (13.44425897 52.47850446)
6;2021;7;15;5;3;5;7;0;0;1;0;0;0;0;1;POINT (13.25099221 52.45004581)
5;2021;6;13;5;3;0;1;0;0;0;0;1;0;0;0;POINT (13.20263193 52.54046233)
1;2021;6;22;4;3;5;2;2;1;0;0;1;0;0;0;POINT (13.33321436 52.56091056)
2;2021;6;22;7;3;6;4;2;0;0;1;1;0;0;0;POINT (13.43964399 52.52382523)
4;2021;5;11;3;3;5;3;0;0;1;0;0;0;0;0;POINT (13.27390367 52.50968098)
1;2021;7;14;4;3;3;6;0;0;1;0;1;0;0;1;POINT (13.35179809 52.50561475)
4;2021;7;16;2;3;5;3;0;1;1;0;0;0;0;0;POINT (13.25794438 52.51818638)
1;2021;7;11;4;3;0;7;0;1;0;0;0;0;0;0;POINT (13.39225893 52.53682907)
11;2021;6;11;4;3;5;2;0;0;1;0;0;0;0;0;POINT (13.48535792 52.52667922)
7;2021;5;21;7;3;5;3;1;0;1;0;0;0;1;0;POINT (13.34068785 52.49937678)
3;2021;6;8;5;2;0;7;0;0;1;0;0;1;0;0;POINT (13.44063203 52.55069104)
3;2021;6;12;4;3;5;3;0;1;1;0;0;0;0;1;POINT (13.43585459 52.55098665)
1;2021;6;15;2;3;5;3;0;1;0;0;0;0;0;0;POINT (13.40828354 52.52540599)
4;2021;6;17;1;3;5;3;0;1;1;0;0;0;0;0;POINT (13.31869955 52.49809894)
5;2021;5;16;4;3;8;1;0;0;0;0;1;0;0;1;POINT (13.26626049 52.53388831)
7;2021;6;9;3;2;5;3;0;0;1;0;0;0;0;0;POINT (13.40676053 52.39376795)
4;2021;5;21;7;3;0;2;1;0;1;0;0;0;1;0;POINT (13.31507179 52.51463695)
8;2021;6;13;1;3;5;3;0;1;0;0;0;0;1;0;POINT (13.45485983 52.4757569)
4;2021;7;17;1;3;5;2;0;1;1;0;0;0;0;0;POINT (13.32239296 52.48637455)
2;2021;6;16;4;3;6;4;0;0;1;1;0;0;0;0;POINT (13.43396909 52.50186615)
2;2021;7;18;5;3;1;5;0;1;1;0;0;0;0;0;POINT (13.41867295 52.50041824)
11;2021;7;4;4;3;5;2;2;1;1;0;0;0;0;0;POINT (13.48490503 52.53363832)
3;2021;6;8;4;3;2;6;0;0;1;0;1;0;0;0;POINT (13.39417371 52.56495715)
5;2021;6;13;3;3;6;7;0;0;0;1;0;0;1;0;POINT (13.26432747 52.53770938)
4;2021;6;16;1;3;4;1;0;1;0;0;0;0;0;0;POINT (13.32400556 52.53834004)
6;2021;5;14;1;2;5;3;0;0;1;0;1;0;0;0;POINT (13.35511447 52.42769578)
2;2021;6;18;5;3;5;3;0;1;1;0;0;0;0;0;POINT (13.41096869 52.50390498)
9;2021;6;15;4;3;2;3;0;1;1;0;0;0;0;0;POINT (13.55901301 52.4235606)
8;2021;6;13;2;3;6;4;0;0;1;1;0;0;0;0;POINT (13.43027993 52.46927137)
3;2021;6;19;5;3;2;6;0;0;1;0;0;0;0;0;POINT (13.43090195 52.55106105)
3;2021;5;15;5;2;5;2;0;0;1;0;1;0;0;1;POINT (13.45588316 52.53082561)
4;2021;6;13;3;3;2;6;0;1;0;0;0;0;0;0;POINT (13.31366332 52.5048464)
6;2021;7;15;7;3;6;7;0;1;0;1;0;0;0;0;POINT (13.34302627 52.45883156)
7;2021;5;12;2;3;5;3;0;1;1;0;0;0;0;1;POINT (13.34179871 52.49449483)
5;2021;6;16;2;3;2;6;0;0;1;0;0;0;0;0;POINT (13.17972448 52.50304865)
1;2021;7;9;2;3;2;6;0;1;1;0;0;0;0;0;POINT (13.39706805 52.51333938)
9;2021;7;1;6;3;9;1;2;0;1;0;0;0;0;1;POINT (13.52220791 52.46356352)
7;2021;6;12;1;3;2;7;0;1;0;0;0;0;1;0;POINT (13.32831462 52.46709044)
4;2021;6;19;5;3;0;6;0;1;0;0;0;0;0;0;POINT (13.31331464 52.50252407)
3;2021;6;11;2;3;2;6;0;0;1;0;1;0;0;0;POINT (13.40841052 52.60380811)
5;2021;6;19;2;3;5;3;0;1;1;0;0;0;0;0;POINT (13.1230692 52.4719467)
5;2021;6;0;6;2;0;1;2;0;0;0;0;0;1;0;POINT (13.17080238 52.53367348)
8;2021;6;13;5;2;5;3;0;0;1;0;1;0;0;0;POINT (13.42799659 52.47340569)
1;2021;7;22;5;3;2;6;2;0;1;0;1;0;0;0;POINT (13.40276829 52.52969199)
7;2021;6;16;5;3;3;6;0;0;1;0;0;0;1;0;POINT (13.35285481 52.48975693)
9;2021;6;13;1;3;5;3;0;0;1;0;0;0;0;0;POINT (13.51410882 52.44650191)
6;2021;5;9;3;3;5;2;0;1;1;0;0;0;0;0;POINT (13.25993034 52.42926107)
5;2021;6;14;3;3;2;6;0;0;1;0;0;0;0;1;POINT (13.18855351 52.55654181)
6;2021;7;18;2;3;5;3;0;1;1;0;0;0;0;0;POINT (13.25679687 52.42647616)
1;2021;7;10;3;3;2;6;0;0;1;0;0;0;1;1;POINT (13.38934626 52.53171246)
4;2021;6;11;3;3;5;3;0;1;1;0;0;0;0;0;POINT (13.3279276 52.50545454)
3;2021;5;14;6;3;9;1;0;0;1;0;0;0;0;0;POINT (13.48693177 52.65596567)
8;2021;6;16;4;3;5;2;0;1;1;0;0;0;0;0;POINT (13.44283824 52.4650306)
11;2021;6;17;3;3;5;3;0;1;1;0;0;0;0;0;POINT (13.48051288 52.49900866)
4;2021;6;16;2;2;5;2;0;1;0;0;0;0;1;0;POINT (13.31359565 52.5153336)
8;2021;6;21;6;3;5;3;1;1;1;0;0;0;0;0;POINT (13.44539081 52.47918271)
4;2021;6;10;2;3;5;2;0;1;1;0;0;0;0;0;POINT (13.28933521 52.47069661)
12;2021;6;15;3;3;5;7;0;0;1;0;0;0;0;0;POINT (13.31744224 52.56665834)
4;2021;6;17;1;2;5;2;0;1;1;0;0;0;0;0;POINT (13.33050527 52.49540102)
5;2021;6;20;1;3;5;7;0;0;1;0;1;0;0;0;POINT (13.2392779 52.54497654)
8;2021;7;23;7;3;9;1;2;0;1;0;0;0;0;0;POINT (13.4955435 52.43155043)
1;2021;6;21;6;3;5;2;2;0;1;0;1;0;0;0;POINT (13.34537593 52.52987652)
6;2021;7;9;4;3;5;3;0;0;1;0;0;1;0;1;POINT (13.25486388 52.42779722)
3;2021;7;23;3;3;2;6;2;1;1;0;0;0;0;0;POINT (13.42123187 52.55034615)
5;2021;6;13;4;3;6;4;0;0;0;1;0;1;0;0;POINT (13.15577132 52.52162918)
1;2021;5;14;7;3;6;7;0;0;0;1;0;0;1;0;POINT (13.39546486 52.53908465)
9;2021;6;10;5;3;1;5;0;1;1;0;0;0;0;0;POINT (13.49033878 52.46829501)
3;2021;6;14;3;3;0;1;0;1;0;0;0;0;0;0;POINT (13.40727365 52.54622999)
2;2021;6;10;2;3;5;3;0;1;1;0;0;0;0;0;POINT (13.39965947 52.49847516)
1;2021;6;7;1;3;5;2;0;1;1;0;0;0;0;0;POINT (13.37691854 52.51181584)
2;2021;5;13;4;3;3;6;0;1;1;0;0;0;0;1;POINT (13.39361929 52.49751175)
4;2021;6;18;3;3;5;2;0;1;0;0;0;0;1;0;POINT (13.32433116 52.49791742)
2;2021;5;12;1;3;1;5;0;1;1;0;0;0;0;0;POINT (13.45549826 52.51356038)
2;2021;6;21;1;3;5;3;1;1;1;0;0;0;0;0;POINT (13.42493942 52.50206141)
5;2021;7;12;1;3;5;3;0;0;1;0;0;0;0;1;POINT (13.20250293 52.53863513)
6;2021;7;8;5;3;2;6;0;0;1;0;0;0;0;0;POINT (13.29891075 52.42216955)
4;2021;7;11;5;3;3;6;0;0;1;0;0;0;1;1;POINT (13.27438231 52.50803422)
5;2021;6;12;5;3;2;6;0;0;1;0;0;0;0;0;POINT (13.19780692 52.51936601)
10;2021;6;6;4;3;3;2;0;0;1;0;0;0;0;0;POINT (13.57145678 52.5459734)
1;2021;6;14;1;3;5;3;0;1;1;0;0;0;0;0;POINT (13.39707239 52.51438512)
2;2021;5;18;1;3;0;7;0;1;0;0;0;0;0;0;POINT (13.44978583 52.51024888)
5;2021;6;12;5;3;0;2;0;0;1;0;0;0;1;0;POINT (13.20078036 52.53848602)
12;2021;6;9;4;3;5;3;0;0;1;0;0;0;0;1;POINT (13.29445879 52.62953622)
7;2021;7;8;5;2;5;2;0;1;0;0;0;0;1;1;POINT (13.36298742 52.47603396)
5;2021;6;9;3;2;6;4;0;0;1;1;0;0;1;0;POINT (13.17997851 52.53882613)
4;2021;6;2;7;2;0;1;2;0;1;0;0;0;0;0;POINT (13.3370109 52.50392673)
8;2021;5;7;5;3;0;1;0;0;0;0;1;0;0;1;POINT (13.45152352 52.43660352)
7;2021;6;7;4;3;2;2;0;0;1;0;0;0;1;0;POINT (13.38404219 52.4570067)
9;2021;7;15;1;3;0;1;0;1;0;0;0;0;0;0;POINT (13.62497315 52.45304182)
12;2021;5;22;1;2;0;7;2;0;0;0;0;0;1;0;POINT (13.27543926 52.57848364)
3;2021;6;8;2;3;1;5;0;1;0;0;0;1;0;0;POINT (13.40283368 52.56284395)
1;2021;7;13;1;3;5;2;0;1;1;0;0;0;0;0;POINT (13.38014759 52.5328141)
4;2021;7;16;2;2;0;4;0;0;0;1;1;0;0;0;POINT (13.31433931 52.49022433)
12;2021;5;18;5;3;3;2;0;1;1;0;0;0;0;0;POINT (13.32628371 52.56172483)
8;2021;6;15;3;3;2;6;0;0;1;0;1;0;0;0;POINT (13.45775205 52.48538883)
11;2021;7;22;6;3;2;3;2;0;1;0;0;0;0;1;POINT (13.51876948 52.50969862)
1;2021;6;21;1;3;0;4;1;0;0;1;1;0;0;0;POINT (13.39010457 52.50916434)
7;2021;6;7;5;3;5;3;0;1;1;0;0;0;0;0;POINT (13.3662145 52.47172985)
7;2021;6;15;2;3;3;5;0;1;1;0;0;0;0;0;POINT (13.34620182 52.49742441)