bez;ujahr;umonat;ustunde;uwochentag;ukategorie;uart;utyp1;ulichtverh;istrad;istpkw;istfuss;istkrad;istgkfz;istsonstige;ustrzustand;geometry
9;2021;6;16;2;3;2;6;0;0;1;0;0;0;0;0;POINT (13.53794971 52.43489989)
1;2021;6;16;1;2;2;6;0;0;1;0;0;0;0;0;POINT (13.38875078 52.54752799)
3;2021;6;11;6;2;5;3;0;1;1;0;0;0;0;0;POINT (13.44191061 52.55026429)
3;2021;7;12;5;3;5;3;0;0;1;0;0;0;0;0;POINT (13.41227513 52.53115658)
3;2021;6;16;6;3;5;3;0;1;1;0;0;0;0;0;POINT (13.40836979 52.58442591)
7;2021;6;11;1;3;2;6;0;1;1;0;0;0;0;0;POINT (13.38094135 52.47472498)
2;2021;5;18;1;3;5;3;0;1;1;0;0;0;0;0;POINT (13.45867934 52.52054901)
6;2021;6;19;5;3;0;7;0;1;0;0;0;0;0;0;POINT (13.21469364 52.44015683)
12;2021;6;7;5;2;5;3;0;0;0;0;1;0;1;0;POINT (13.36165749 52.57805057)
3;2021;7;16;5;3;5;2;0;1;1;0;0;0;0;0;POINT (13.38271856 52.62973226)
2;2021;6;6;3;3;5;5;0;1;1;0;0;0;0;0;POINT (13.44036889 52.52296144)
1;2021;6;1;5;3;2;6;2;0;1;0;0;0;0;0;POINT (13.4162035 52.52694021)
12;2021;6;12;1;3;5;2;0;0;1;0;0;0;0;0;POINT (13.29793323 52.57818207)
12;2021;5;13;5;3;0;2;0;0;1;0;1;0;0;1;POINT (13.36173457 52.60472573)
10;2021;6;15;3;3;5;3;0;0;1;0;0;0;0;0;POINT (13.55671283 52.55713512)
4;2021;7;22;7;3;6;7;0;0;0;1;0;0;1;0;POINT (13.33850174 52.5033371)
3;2021;5;17;2;3;2;6;0;0;1;0;0;0;1;1;POINT (13.419515 52.55305555)
9;2021;6;22;2;3;4;1;2;1;1;0;0;0;0;0;POINT (13.4540461 52.49404849)
11;2021;7;15;1;3;1;7;0;0;1;0;0;0;0;0;POINT (13.4825701 52.51895588)
8;2021;7;11;2;2;6;4;0;0;1;1;0;0;0;0;POINT (13.43335311 52.46496628)
4;2021;7;14;5;3;0;1;0;1;1;0;0;0;0;1;POINT (13.3075271 52.50659738)
9;2021;6;9;2;3;5;2;0;1;1;0;0;0;0;0;POINT (13.4505648 52.48921815)
11;2021;6;5;5;3;2;6;0;0;1;0;0;0;0;0;POINT (13.52609513 52.48439908)
2;2021;6;9;2;3;6;4;0;0;1;1;0;0;0;0;POINT (13.44781213 52.51324957)
6;2021;6;4;2;3;1;7;2;0;1;0;0;0;1;0;POINT (13.27528799 52.46113381)
3;2021;6;16;1;3;1;5;0;0;1;0;1;0;0;0;POINT (13.39404707 52.61767968)
12;2021;6;18;6;3;6;4;0;0;1;1;0;0;0;0;POINT (13.36242995 52.56724339)
4;2021;7;11;5;3;2;6;0;0;1;0;0;0;0;0;POINT (13.27866264 52.47328404)
4;2021;6;11;6;3;5;3;0;1;1;0;0;0;0;0;POINT (13.2896297 52.48644387)
4;2021;6;6;1;3;5;2;0;1;1;0;0;0;0;0;POINT (13.28043299 52.51849503)
4;2021;5;18;3;3;5;3;0;0;1;0;1;0;0;0;POINT (13.26853018 52.51755211)
1;2021;6;16;3;3;3;6;0;0;1;0;1;0;0;1;POINT (13.37249599 52.5566663)
11;2021;7;16;2;3;5;2;0;1;1;0;0;0;0;0;POINT (13.50486522 52.5633875)
12;2021;7;9;3;3;5;3;0;1;1;0;0;0;0;1;POINT (13.27155508 52.57637954)
8;2021;6;8;3;3;5;2;0;1;1;0;0;0;0;0;POINT (13.42115526 52.48010084)
7;2021;5;14;7;3;5;3;0;1;1;0;0;0;0;0;POINT (13.35390045 52.49988143)
1;2021;6;12;4;3;3;6;0;0;1;0;0;1;0;0;POINT (13.37611219 52.55483146)
3;2021;6;6;3;3;5;7;0;0;1;0;0;0;0;0;POINT (13.42959067 52.54487853)
1;2021;6;17;2;3;0;5;0;1;0;0;0;0;1;0;POINT (13.36493994 52.52607303)
9;2021;6;21;6;3;5;2;1;0;1;0;0;0;0;0;POINT (13.55814914 52.4065912)
8;2021;6;16;2;3;3;2;0;1;1;0;0;0;0;0;POINT (13.42924872 52.48131058)
9;2021;6;12;3;3;0;1;0;1;0;0;0;0;0;0;POINT (13.68584698 52.43990873)
12;2021;6;18;1;3;5;2;0;1;1;0;0;0;0;0;POINT (13.23657117 52.62074922)
6;2021;7;12;6;3;5;2;0;1;1;0;0;0;0;0;POINT (13.26638292 52.45574423)
4;2021;6;16;7;3;5;3;0;0;1;0;1;0;0;0;POINT (13.29654382 52.52934842)
3;2021;7;5;4;3;6;4;0;0;1;1;0;0;0;1;POINT (13.41832518 52.61911485)
4;2021;7;16;4;3;1;5;0;1;1;0;0;0;0;1;POINT (13.32459202 52.49870439)
6;2021;6;7;4;3;5;2;0;1;1;0;0;0;0;0;POINT (13.29026798 52.45805691)
6;2021;5;5;1;2;1;5;0;0;1;0;1;0;0;0;POINT (13.32226993 52.45061434)
11;2021;6;17;4;2;4;1;0;1;0;0;0;0;0;0;POINT (13.51147634 52.4842575)
8;2021;6;18;5;2;6;2;0;0;1;1;0;0;0;0;POINT (13.43780462 52.42179396)
9;2021;6;8;2;3;2;6;0;0;1;0;0;0;0;0;POINT (13.534458 52.43192673)
9;2021;6;8;1;2;4;6;0;0;1;0;0;0;0;0;POINT (13.46080694 52.48415309)
4;2021;6;13;7;3;1;5;0;1;1;0;0;0;0;0;POINT (13.28696903 52.49749997)
12;2021;5;13;4;2;0;1;0;0;0;0;1;0;0;0;POINT (13.30356142 52.58106439)
2;2021;6;16;3;3;5;2;0;0;1;0;1;0;0;0;POINT (13.41627926 52.49101294)
1;2021;5;1;1;3;5;2;2;0;1;0;0;0;0;0;POINT (13.41554899 52.52707728)
2;2021;6;11;1;3;0;2;0;1;0;0;0;0;1;0;POINT (13.42212951 52.49904162)
10;2021;7;15;1;3;0;4;0;0;0;1;0;0;1;0;POINT (13.58903982 52.53752669)
4;2021;7;10;5;3;2;2;0;0;1;0;0;0;0;0;POINT (13.31099605 52.54755042)
8;2021;7;21;5;3;5;3;2;0;1;0;0;0;0;1;POINT (13.47781468 52.41778931)
6;2021;6;13;4;2;1;5;0;1;0;0;0;1;0;0;POINT (13.33471842 52.45070275)
7;2021;6;12;4;3;1;5;0;0;1;0;1;0;0;0;POINT (13.36017119 52.47796563)
10;2021;6;12;1;3;5;7;0;0;1;0;0;0;1;0;POINT (13.54419789 52.52583409)
6;2021;5;17;1;3;6;4;0;1;0;1;0;0;0;0;POINT (13.18673873 52.43218291)
6;2021;6;21;5;3;5;7;0;0;1;0;0;0;0;0;POINT (13.31452727 52.46506928)
2;2021;6;19;6;3;5;2;0;1;1;0;0;0;0;0;POINT (13.41646123 52.5020344)
2;2021;7;16;5;2;6;4;0;1;0;1;0;0;0;0;POINT (13.44202446 52.50092186)
2;2021;6;0;3;2;1;5;2;1;1;0;0;0;0;0;POINT (13.41213698 52.50323215)
1;2021;6;7;5;3;2;6;0;0;0;0;1;1;0;1;POINT (13.35969741 52.55466114)
8;2021;6;8;1;2;2;6;0;0;1;0;0;0;0;0;POINT (13.43500679 52.43917071)
2;2021;5;13;4;3;5;3;0;1;1;0;0;0;0;0;POINT (13.41030067 52.50378271)
4;2021;6;13;4;3;1;5;0;1;1;0;0;0;0;0;POINT (13.29561763 52.49335913)
2;2021;7;1;1;3;5;2;2;1;1;0;0;0;0;1;POINT (13.44672477 52.50262501)
7;2021;5;15;2;3;5;3;0;0;1;0;0;0;1;0;POINT (13.41446565 52.4566275)
5;2021;6;18;2;3;2;6;0;0;1;0;0;0;1;0;POINT (13.18000979 52.50435382)
5;2021;7;13;1;2;5;7;0;0;0;1;1;0;0;0;POINT (13.23109072 52.54150186)
1;2021;7;11;2;3;2;6;0;1;0;0;0;0;1;0;POINT (13.34172815 52.52640121)
9;2021;5;6;5;3;2;7;0;0;1;0;0;0;1;1;POINT (13.50984594 52.45346689)
6;2021;6;9;4;3;0;1;0;0;1;0;0;0;0;0;POINT (13.25611558 52.43256112)
9;2021;6;7;3;3;2;6;0;0;1;0;0;0;0;0;POINT (13.50733268 52.4480221)
11;2021;7;6;6;2;5;3;0;0;1;0;0;0;0;1;POINT (13.47942239 52.52041702)
8;2021;6;10;2;3;5;3;0;1;0;0;0;0;1;1;POINT (13.44018922 52.4815843)
1;2021;6;6;5;3;0;1;0;0;0;0;0;0;1;0;POINT (13.3898511 52.51211928)
8;2021;6;12;2;3;2;2;0;0;1;0;0;0;0;0;POINT (13.45585197 52.47384414)
1;2021;6;9;2;3;3;6;0;0;1;0;0;0;0;0;POINT (13.33008138 52.53322627)
3;2021;6;13;7;2;5;3;0;1;1;1;0;0;0;0;POINT (13.42784899 52.56792799)
4;2021;6;17;7;3;6;7;0;0;0;1;0;0;1;0;POINT (13.28676357 52.53637939)
4;2021;7;12;6;3;0;2;0;0;1;0;1;0;0;0;POINT (13.34072127 52.50452552)
10;2021;6;13;6;3;2;6;0;0;1;0;0;0;1;0;POINT (13.60359155 52.48535114)
7;2021;5;13;3;3;0;6;0;1;1;0;0;0;0;0;POINT (13.35371349 52.40202519)
8;2021;6;0;3;3;1;1;2;0;1;0;0;1;0;0;POINT (13.48573579 52.42250968)
5;2021;7;13;2;3;3;6;0;0;1;0;0;0;1;0;POINT (13.24732152 52.54191527)
4;2021;7;19;3;3;5;7;0;0;1;0;1;0;0;0;POINT (13.32509493 52.48279306)
10;2021;6;17;4;3;5;2;0;0;1;0;0;0;1;0;POINT (13.53836747 52.55430662)
5;2021;5;19;7;2;5;3;1;0;0;0;0;0;1;0;POINT (13.17923269 52.52485188)
9;2021;6;18;4;3;0;7;0;1;0;0;0;0;0;0;POINT (13.52924622 52.45988305)
3;2021;6;8;3;3;5;2;0;1;1;0;0;0;0;0;POINT (13.40175702 52.58733315)
1;2021;6;0;2;2;0;1;2;1;0;0;0;0;0;0;POINT (13.41682029 52.51091247)
8;2021;6;13;7;3;5;2;0;1;0;0;0;0;0;0;POINT (13.43608579 52.47879346)
3;2021;6;20;7;2;5;2;0;1;1;0;0;0;0;0;POINT (13.4302382 52.62089788)
9;2021;6;8;3;3;5;3;0;1;1;0;0;0;0;0;POINT (13.64202345 52.44779074)
3;2021;6;16;3;3;0;1;0;1;0;0;0;0;0;0;POINT (13.45974495 52.52921517)
1;2021;6;14;1;3;1;5;0;0;1;0;0;0;0;0;POINT (13.32233922 52.52565314)
3;2021;7;10;1;2;0;3;0;0;1;0;0;0;1;1;POINT (13.47305254 52.61692805)
1;2021;6;5;6;3;5;2;0;1;1;0;0;0;0;0;POINT (13.37940792 52.52942861)
7;2021;7;8;4;3;1;5;0;0;1;0;0;0;1;1;POINT (13.37728591 52.4760739)
7;2021;7;19;4;2;6;4;0;0;1;1;0;0;0;0;POINT (13.34311789 52.47881585)
5;2021;6;14;5;3;1;5;0;0;1;0;0;0;1;0;POINT (13.20600033 52.53568648)
12;2021;6;10;1;3;5;3;0;1;1;0;0;0;0;0;POINT (13.31791768 52.5708237)
4;2021;6;10;2;3;5;2;0;1;1;0;0;0;0;0;POINT (13.21845453 52.50888128)
12;2021;6;15;5;3;5;3;0;1;1;0;0;0;0;0;POINT (13.31675756 52.60611276)
4;2021;6;15;5;3;5;7;0;0;1;0;1;0;0;0;POINT (13.30244227 52.50673831)
4;2021;5;8;3;3;5;7;0;1;1;0;0;0;0;0;POINT (13.3319066 52.49076955)
8;2021;6;9;3;3;5;3;0;0;1;0;0;0;0;1;POINT (13.43458346 52.47250595)
1;2021;7;14;2;3;5;3;0;1;1;0;0;0;0;0;POINT (13.41509517 52.52668472)
11;2021;7;8;3;3;5;7;0;0;1;0;1;0;0;1;POINT (13.51131791 52.55065757)
10;2021;6;17;3;3;5;2;0;0;1;0;1;0;0;0;POINT (13.56037168 52.4865949)
9;2021;5;22;6;3;1;5;2;1;1;0;0;0;0;0;POINT (13.6122501 52.45449253)
8;2021;6;17;4;3;5;2;0;0;1;0;0;0;0;0;POINT (13.42893576 52.48652935)
2;2021;6;9;4;3;0;7;0;0;1;0;0;0;0;1;POINT (13.43952996 52.52396546)
9;2021;6;17;2;3;2;6;0;0;1;0;0;0;0;0;POINT (13.59341601 52.44957908)
1;2021;6;21;6;2;5;3;2;1;1;0;0;0;0;0;POINT (13.35094696 52.504367)
12;2021;6;15;2;3;5;2;0;1;1;0;0;0;0;0;POINT (13.32973922 52.56315611)
2;2021;6;19;3;2;5;7;0;0;1;0;1;0;0;0;POINT (13.45653339 52.51320307)
5;2021;6;15;6;2;5;3;0;0;1;0;0;0;1;0;POINT (13.19072951 52.53640721)
10;2021;7;17;1;3;0;7;0;0;1;0;0;0;0;0;POINT (13.59500689 52.48729763)
7;2021;6;14;6;3;6;7;0;0;0;1;0;0;1;0;POINT (13.34170319 52.5020498)
3;2021;7;15;4;2;5;3;0;0;1;0;0;0;0;1;POINT (13.35954412 52.58539276)
9;2021;7;16;4;3;2;2;0;1;1;0;0;0;0;1;POINT (13.56269523 52.45662801)
1;2021;6;13;4;3;2;6;0;1;1;0;0;0;0;0;POINT (13.38061663 52.53253105)
3;2021;5;7;1;3;6;4;0;0;1;1;0;0;0;0;POINT (13.49957068 52.63540916)
4;2021;6;13;4;3;1;5;0;1;1;0;0;0;0;0;POINT (13.32475235 52.5030417)
3;2021;6;15;4;3;5;2;0;1;1;0;0;0;0;0;POINT (13.43285988 52.55598564)
11;2021;6;17;2;3;5;2;0;1;1;0;0;0;0;0;POINT (13.48465588 52.51397133)
2;2021;6;9;5;3;1;5;0;1;1;0;0;0;0;0;POINT (13.38298264 52.49203562)
2;2021;6;21;7;2;5;3;1;1;1;0;0;0;0;0;POINT (13.43899753 52.4949957)
8;2021;5;8;4;3;6;4;0;1;0;1;0;0;0;0;POINT (13.43471661 52.44006491)
5;2021;6;17;3;3;6;4;0;0;0;1;0;0;1;0;POINT (13.18827307 52.52777798)
1;2021;5;21;1;3;2;6;2;0;1;0;1;0;0;1;POINT (13.3322618 52.52699296)
2;2021;6;14;1;2;5;3;0;1;1;0;0;0;0;0;POINT (13.458199 52.4996004)
3;2021;7;15;1;3;4;6;0;1;0;0;0;0;0;0;POINT (13.50510552 52.6368984)
1;2021;7;22;5;3;2;6;2;0;1;0;0;0;0;1;POINT (13.41008511 52.52874599)
1;2021;6;8;5;3;5;2;0;1;1;0;0;0;0;0;POINT (13.34369305 52.54630119)
8;2021;6;16;4;2;5;2;0;0;1;0;0;0;0;0;POINT (13.47396971 52.42575277)
4;2021;6;11;1;3;2;6;0;0;1;0;0;0;1;0;POINT (13.27029282 52.52846858)
4;2021;6;11;2;2;5;3;0;1;1;0;0;0;0;0;POINT (13.300193 52.48780835)
3;2021;6;11;5;3;1;5;0;0;1;0;0;0;0;0;POINT (13.44045819 52.55379189)
4;2021;6;8;5;3;5;3;0;1;1;0;0;0;0;0;POINT (13.3357596 52.51347297)
6;2021;7;13;5;3;5;2;0;1;1;0;0;0;0;0;POINT (13.18938656 52.43380555)
3;2021;6;9;2;3;5;2;0;1;0;0;0;0;1;0;POINT (13.4423801 52.5908927)
4;2021;6;13;5;3;0;4;0;0;0;1;1;0;0;0;POINT (13.28002575 52.52005051)
1;2021;6;8;1;3;3;6;0;1;1;0;0;0;0;0;POINT (13.40064432 52.52959972)
7;2021;6;12;3;3;5;2;0;1;1;0;0;0;0;0;POINT (13.40692283 52.3937774)
2;2021;5;17;1;3;6;7;0;1;0;1;0;0;0;0;POINT (13.4011958 52.49540992)
1;2021;6;6;3;3;5;2;0;0;1;0;0;0;1;1;POINT (13.4118064 52.52396714)
12;2021;7;11;2;2;2;6;0;0;1;0;1;0;0;0;POINT (13.30942434 52.55760687)
9;2021;7;11;3;3;6;4;0;0;1;1;0;0;0;1;POINT (13.57266373 52.47078455)
3;2021;6;15;3;3;0;2;0;1;1;0;0;0;0;0;POINT (13.4828742 52.6116236)
8;2021;5;14;6;3;2;6;0;1;1;0;0;0;0;0;POINT (13.43631809 52.48102256)
12;2021;6;14;4;3;5;3;0;0;1;0;0;0;0;0;POINT (13.35255022 52.56442404)
12;2021;6;7;3;2;4;5;0;0;1;0;0;0;0;0;POINT (13.27593598 52.58449295)
7;2021;7;15;6;3;2;6;0;0;1;0;0;0;0;0;POINT (13.3705046 52.46894782)
2;2021;6;4;2;2;3;6;1;1;1;0;0;0;1;0;POINT (13.43607204 52.49210312)
4;2021;6;17;6;3;2;6;0;1;1;0;0;0;0;0;POINT (13.30663747 52.49983956)
7;2021;6;8;3;3;5;3;0;0;1;0;0;0;0;0;POINT (13.38267712 52.46703131)
9;2021;6;17;2;3;5;3;0;1;1;0;0;0;0;0;POINT (13.58054814 52.44305998)
7;2021;6;9;1;3;6;4;0;0;0;1;0;0;1;0;POINT (13.3708286 52.49162796)
2;2021;6;18;7;3;0;1;0;1;0;0;0;0;0;0;POINT (13.46832998 52.50709513)
6;2021;7;12;7;3;1;5;0;0;1;0;0;0;0;0;POINT (13.29363256 52.41959494)
12;2021;6;14;6;3;1;5;0;1;1;0;0;0;0;0;POINT (13.27760909 52.57486228)
1;2021;5;8;3;3;5;3;0;1;1;0;0;0;0;0;POINT (13.37633301 52.51008642)
11;2021;7;15;4;2;4;1;0;0;0;0;1;0;1;1;POINT (13.49133714 52.52654604)
4;2021;7;20;3;3;2;6;0;0;1;0;0;0;0;0;POINT (13.32782557 52.50313341)
10;2021;7;11;4;3;0;1;0;0;1;0;1;0;0;0;POINT (13.56118109 52.50717214)
2;2021;6;15;4;3;5;2;0;0;0;0;1;0;1;0;POINT (13.44732285 52.5132606)
12;2021;5;16;7;3;1;5;0;0;1;0;1;0;0;0;POINT (13.36111598 52.57722781)
3;2021;6;7;5;3;5;2;0;1;1;0;0;0;0;0;POINT (13.42780342 52.56059195)
12;2021;6;12;4;3;6;4;0;0;1;1;0;0;0;0;POINT (13.28076178 52.58667728)
9;2021;6;7;2;3;5;3;0;1;1;0;0;0;0;0;POINT (13.54984713 52.43805834)
3;2021;6;8;1;3;1;7;0;1;1;0;0;0;0;0;POINT (13.42435721 52.55619247)
1;2021;5;21;4;2;5;3;2;1;1;0;0;0;0;0;POINT (13.3594003 52.52323673)
5;2021;6;15;3;3;3;6;0;0;1;0;0;0;1;0;POINT (13.23250705 52.5405082)
2;2021;5;19;7;3;5;2;0;0;1;0;0;0;0;1;POINT (13.45678844 52.50240798)
4;2021;6;10;1;3;3;6;0;1;1;0;0;0;0;0;POINT (13.33102734 52.49489867)
3;2021;7;11;1;3;5;2;0;1;1;0;0;0;0;1;POINT (13.45796726 52.52882994)
2;2021;6;16;4;3;2;7;0;1;1;0;0;0;0;0;POINT (13.38557027 52.4996569)
2;2021;7;18;5;3;5;2;0;0;1;0;1;0;0;0;POINT (13.39574524 52.49836387)
2;2021;7;23;4;3;1;5;2;1;1;0;0;0;0;0;POINT (13.42111762 52.49219208)
3;2021;6;9;5;3;6;4;0;1;0;1;0;0;0;0;POINT (13.45437822 52.54695329)
5;2021;6;21;4;3;6;7;1;1;0;1;0;0;0;0;POINT (13.18728441 52.53676919)
9;2021;6;16;1;3;5;2;0;0;1;0;1;0;0;0;POINT (13.53516474 52.43230337)
11;2021;5;18;1;3;2;6;0;0;0;0;1;0;1;0;POINT (13.51124971 52.50421365)
4;2021;6;19;5;3;1;5;0;0;1;0;1;0;1;0;POINT (13.29667845 52.51938855)
2;2021;6;17;5;3;5;3;0;1;1;0;0;0;0;0;POINT (13.39103059 52.50418892)
6;2021;6;14;2;3;5;2;0;0;1;0;1;0;0;0;POINT (13.26649622 52.43063763)
4;2021;6;14;5;3;5;2;0;0;1;0;1;0;0;0;POINT (13.27538901 52.51277967)
1;2021;5;15;5;3;5;3;0;1;1;0;0;0;0;1;POINT (13.37862737 52.52858078)
2;2021;6;12;3;3;0;7;0;0;1;1;0;0;0;0;POINT (13.39234283 52.48724131)
7;2021;7;17;7;3;5;7;0;0;1;0;0;0;1;0;POINT (13.36294315 52.49751598)
12;2021;5;12;2;2;0;7;0;0;1;0;1;0;0;1;POINT (13.25967202 52.57080281)
1;2021;6;13;2;3;6;4;0;1;0;1;0;0;0;1;POINT (13.41821345 52.51179823)
3;2021;7;16;2;3;3;6;0;1;0;0;0;0;0;0;POINT (13.41970842 52.53178584)
11;2021;7;13;6;3;5;3;0;1;1;0;0;0;0;0;POINT (13.52177245 52.56710947)
9;2021;6;16;1;3;5;2;0;1;1;0;0;0;0;0;POINT (13.55093066 52.42901307)
5;2021;6;7;5;3;6;4;0;0;0;1;0;0;1;0;POINT (13.14613524 52.54571676)
2;2021;6;21;2;3;0;2;1;1;1;0;0;0;0;0;POINT (13.41325331 52.50293352)
4;2021;6;8;2;2;0;1;0;1;0;0;0;0;0;0;POINT (13.30383926 52.50198748)
2;2021;6;0;6;3;4;6;2;0;1;0;0;0;0;0;POINT (13.41787433 52.50167511)
3;2021;6;15;6;3;5;3;0;1;1;0;0;0;0;0;POINT (13.40811643 52.54150689)
4;2021;7;16;5;3;5;2;0;0;1;0;0;0;1;0;POINT (13.32610463 52.53837732)
2;2021;6;15;3;2;5;2;0;0;1;0;1;0;0;0;POINT (13.3969782 52.50532446)
4;2021;6;13;5;3;5;7;0;0;0;0;1;0;1;0;POINT (13.32034457 52.48142668)
9;2021;6;8;1;3;5;3;0;0;1;0;0;0;0;0;POINT (13.50086702 52.44577795)
7;2021;5;16;3;3;0;6;0;0;1;0;0;0;1;0;POINT (13.36062896 52.48637618)
3;2021;6;9;3;3;5;2;0;1;0;0;0;0;1;1;POINT (13.41764675 52.54597309)
1;2021;7;15;1;2;5;3;0;0;1;0;0;0;1;0;POINT (13.33564154 52.54200972)
4;2021;7;20;3;3;2;2;0;0;1;0;1;0;0;0;POINT (13.33575122 52.51364549)
3;2021;6;14;3;3;4;6;0;1;0;0;1;0;0;0;POINT (13.4179143 52.539697)
2;2021;6;20;2;2;0;1;0;1;0;0;0;0;0;0;POINT (13.46084285 52.50878676)
12;2021;6;17;5;3;6;4;0;1;0;1;0;0;0;0;POINT (13.32811893 52.56386986)
2;2021;6;18;1;3;2;6;0;0;1;0;0;0;0;0;POINT (13.44099977 52.52449361)
12;2021;5;21;4;3;5;3;1;0;1;0;0;0;0;1;POINT (13.31429197 52.57668461)
12;2021;6;17;3;3;5;2;0;1;1;0;0;0;0;0;POINT (13.31893916 52.5662353)
7;2021;7;14;7;3;2;6;0;0;1;0;0;0;0;0;POINT (13.34853564 52.45933604)
11;2021;5;18;7;2;5;2;0;1;0;0;0;0;1;0;POINT (13.5084928 52.5485351)
6;2021;6;15;2;3;1;5;0;1;1;0;0;0;0;0;POINT (13.28642325 52.44988329)
7;2021;7;16;2;3;2;6;0;0;1;0;0;0;0;0;POINT (13.4010027 52.41455397)
10;2021;7;14;5;3;0;2;0;0;1;0;1;0;0;0;POINT (13.60780704 52.49121622)
5;2021;6;11;1;3;5;3;0;1;1;0;0;0;0;0;POINT (13.17462455 52.51381813)
2;2021;6;21;5;3;0;3;0;1;1;0;0;0;0;0;POINT (13.40295958 52.49409301)
3;2021;6;19;4;3;5;3;0;1;1;0;0;0;0;0;POINT (13.45599432 52.54826466)
1;2021;6;19;2;3;5;7;0;0;1;0;1;0;0;0;POINT (13.37691163 52.56023787)
1;2021;6;12;2;2;3;6;0;1;1;0;0;0;0;0;POINT (13.38151752 52.53180496)
11;2021;6;15;7;3;1;5;0;0;1;0;0;0;0;0;POINT (13.51985589 52.49477064)
1;2021;6;20;6;3;0;6;1;1;1;0;0;0;0;0;POINT (13.39941972 52.52417164)
1;2021;7;18;6;3;6;7;0;1;0;1;0;0;0;0;POINT (13.35414543 52.55137551)
7;2021;6;9;3;3;1;5;0;0;1;0;0;0;1;0;POINT (13.3405734 52.49747138)
11;2021;6;14;5;3;5;2;0;1;0;0;0;0;1;0;POINT (13.46827447 52.54654499)
2;2021;6;8;3;3;5;2;0;1;1;0;0;0;0;0;POINT (13.39840237 52.50704944)
4;2021;5;14;2;3;5;7;0;1;1;0;0;0;0;1;POINT (13.33797774 52.50186595)
10;2021;6;10;3;3;2;2;0;0;0;0;0;1;1;1;POINT (13.61391376 52.51648078)
10;2021;7;9;1;3;5;3;0;0;1;0;0;0;0;0;POINT (13.55112999 52.51611937)
6;2021;7;18;3;3;5;3;0;1;0;0;0;0;0;0;POINT (13.22773311 52.42098404)
1;2021;6;14;3;3;5;3;0;1;1;0;0;0;0;0;POINT (13.35271235 52.51615818)
3;2021;5;11;6;3;5;3;0;1;1;0;0;0;0;0;POINT (13.49794192 52.62826241)
4;2021;6;9;4;2;6;4;0;0;1;1;0;0;0;0;POINT (13.32458289 52.4979491)
12;2021;6;15;3;3;5;2;0;0;1;0;0;0;1;0;POINT (13.30767134 52.57734081)
2;2021;6;17;2;3;2;2;0;1;1;0;0;0;0;0;POINT (13.45022115 52.52227319)
11;2021;6;14;6;3;5;3;0;1;1;0;0;0;0;0;POINT (13.53071946 52.51018237)
4;2021;6;15;2;3;0;1;0;0;0;0;1;0;0;0;POINT (13.27993636 52.50615989)
10;2021;6;12;3;3;5;3;0;1;1;0;0;0;0;0;POINT (13.59967207 52.54202217)
11;2021;6;8;1;3;0;1;0;1;0;0;0;0;0;0;POINT (13.47369305 52.53615777)
4;2021;6;2;7;3;5;3;2;0;1;0;0;0;0;0;POINT (13.30620338 52.52564671)
10;2021;7;12;6;3;5;2;0;1;1;0;0;0;0;0;POINT (13.56795885 52.57358294)
3;2021;6;17;7;3;2;7;0;0;1;0;1;0;0;0;POINT (13.46456872 52.5501295)
8;2021;6;11;7;3;6;4;0;0;1;1;0;0;0;0;POINT (13.43240743 52.48005422)
8;2021;5;21;3;3;2;6;2;0;1;0;0;0;0;0;POINT (13.42732827 52.47492261)
4;2021;7;14;4;3;0;7;0;1;0;0;0;0;0;1;POINT (13.33832531 52.49942101)
9;2021;7;7;2;2;5;2;0;1;1;0;0;0;0;0;POINT (13.57717329 52.45577167)
10;2021;7;15;4;3;5;3;0;0;1;0;0;0;0;0;POINT (13.61333074 52.50880293)
1;2021;6;9;4;2;0;1;0;1;0;0;0;0;0;0;POINT (13.34431562 52.53778054)
8;2021;5;16;1;3;2;6;0;0;1;0;1;0;0;0;POINT (13.43340135 52.47846248)
12;2021;6;7;5;3;2;6;0;0;1;0;1;0;0;0;POINT (13.32088756 52.60959733)
8;2021;6;13;4;3;1;5;0;1;1;0;0;0;0;1;POINT (13.42532231 52.47997122)
12;2021;6;12;2;3;5;3;0;0;1;0;0;0;0;0;POINT (13.28610906 52.59201023)
1;2021;6;19;1;3;5;2;0;1;1;0;0;0;0;0;POINT (13.35678584 52.52358055)
10;2021;5;12;4;3;2;6;0;0;1;0;0;0;1;0;POINT (13.5168766 52.53531531)
9;2021;6;11;3;2;5;2;0;1;1;0;0;0;0;0;POINT (13.53110319 52.41555878)
4;2021;5;12;1;3;3;6;0;0;1;0;0;0;0;0;POINT (13.27200772 52.51942799)
3;2021;6;17;2;3;0;2;0;1;1;0;0;0;0;1;POINT (13.41252836 52.54524873)
4;2021;7;9;1;3;0;5;0;0;1;0;0;0;1;1;POINT (13.32158739 52.50017843)
8;2021;6;15;4;3;5;3;0;1;1;0;0;0;0;0;POINT (13.46491255 52.47030999)
6;2021;7;17;5;3;3;6;0;0;1;0;0;0;1;0;POINT (13.32107499 52.42967844)
1;2021;7;12;5;3;5;2;0;0;1;0;0;0;0;1;POINT (13.37707053 52.55639513)
3;2021;6;21;4;3;1;5;2;0;1;0;0;0;1;0;POINT (13.44343748 52.53947759)