bez;ujahr;umonat;ustunde;uwochentag;ukategorie;uart;utyp1;ulichtverh;istrad;istpkw;istfuss;istkrad;istgkfz;istsonstige;ustrzustand;geometry
3;2021;6;18;3;3;5;3;0;1;1;0;0;0;0;0;POINT (13.42268721 52.54464137)
12;2021;6;14;1;3;5;2;0;0;1;0;0;0;1;0;POINT (13.30030986 52.56984214)
1;2021;5;8;1;3;6;4;0;0;1;1;0;0;0;0;POINT (13.3791459 52.52539451)
7;2021;6;16;5;3;6;2;1;0;1;1;0;0;0;0;POINT (13.34450763 52.46475238)
6;2021;6;5;5;2;0;3;1;0;1;0;1;0;0;0;POINT (13.33624372 52.43066382)
10;2021;6;14;2;3;5;2;0;1;1;0;0;0;0;0;POINT (13.59195107 52.5458258)
11;2021;6;16;5;3;5;7;0;0;1;0;0;0;1;0;POINT (13.49479795 52.55958043)
1;2021;5;16;5;3;2;6;0;0;1;0;0;0;0;1;POINT (13.38312283 52.55412326)
9;2021;6;14;3;3;2;6;0;0;1;0;0;0;0;0;POINT (13.56203095 52.43738377)
2;2021;7;16;7;3;5;3;0;0;0;0;0;0;1;0;POINT (13.39859325 52.49631172)
9;2021;5;19;2;2;5;3;1;0;1;0;0;0;0;0;POINT (13.55053309 52.42907393)
2;2021;6;9;2;3;0;1;0;1;0;0;0;0;0;0;POINT (13.45599307 52.51338958)
1;2021;7;11;1;3;1;5;0;1;1;0;0;0;0;0;POINT (13.38443759 52.55066982)
8;2021;7;5;2;3;0;7;0;0;0;0;1;0;0;1;POINT (13.45923491 52.47231971)
2;2021;7;9;6;2;0;1;0;0;0;0;1;0;0;1;POINT (13.42831257 52.518929)
3;2021;6;15;2;3;0;2;0;1;1;0;0;0;0;0;POINT (13.43939568 52.55541209)
11;2021;6;10;6;3;2;6;0;0;1;0;0;0;1;0;POINT (13.49227266 52.53407443)
6;2021;6;15;1;3;2;6;0;0;1;0;0;0;0;0;POINT (13.31459669 52.42414311)
7;2021;6;14;2;3;6;4;0;0;1;1;0;0;0;0;POINT (13.34602617 52.49603964)
9;2021;6;18;7;3;5;2;0;1;1;0;0;0;0;0;POINT (13.5139838 52.46258992)
4;2021;6;10;5;3;6;4;0;0;1;1;0;0;0;0;POINT (13.28012574 52.51977159)
7;2021;7;18;6;3;0;6;0;1;0;0;0;0;1;0;POINT (13.39892533 52.38233005)
7;2021;6;16;5;3;2;6;0;0;1;0;1;0;0;0;POINT (13.36612369 52.41074176)
2;2021;5;13;3;3;1;5;0;1;1;0;0;0;0;0;POINT (13.46395075 52.50804244)
6;2021;6;16;3;3;2;6;0;0;1;0;0;0;0;1;POINT (13.31625195 52.43073282)
1;2021;7;6;2;3;2;2;0;0;1;0;0;0;1;0;POINT (13.41588748 52.5270019)
1;2021;7;18;3;3;2;7;0;0;1;0;1;0;0;0;POINT (13.37365548 52.53779886)
9;2021;6;9;3;3;0;3;0;1;0;0;0;1;0;0;POINT (13.57515122 52.45269511)
10;2021;5;6;5;3;5;2;0;1;0;0;0;1;0;0;POINT (13.51940763 52.52582169)
3;2021;6;15;4;3;1;5;0;0;1;0;1;0;0;0;POINT (13.42936482 52.60041572)
4;2021;6;12;3;3;6;4;0;0;1;1;0;0;0;0;POINT (13.2635803 52.51484618)
1;2021;6;19;3;3;2;6;0;0;1;0;0;0;0;0;POINT (13.37158366 52.50477602)
8;2021;6;20;7;3;4;6;1;1;0;0;0;0;1;0;POINT (13.43419101 52.49151384)
2;2021;6;13;2;3;6;7;0;0;1;1;0;0;0;0;POINT (13.40616918 52.49781176)
8;2021;6;12;2;3;0;1;0;1;0;0;0;0;0;0;POINT (13.42621289 52.44472859)
1;2021;6;19;1;3;6;7;0;0;0;1;0;0;1;0;POINT (13.3949293 52.53658858)
4;2021;7;20;7;2;0;7;0;1;0;0;0;0;0;0;POINT (13.30623799 52.52081164)
11;2021;6;19;6;3;2;6;0;0;1;0;0;0;0;0;POINT (13.48227916 52.49841987)
6;2021;7;9;4;3;5;3;0;1;1;0;0;0;0;1;POINT (13.32693155 52.45797898)
1;2021;7;18;4;3;1;5;0;1;1;0;0;0;0;1;POINT (13.40303092 52.53182483)
7;2021;6;1;4;3;1;3;2;1;1;0;0;0;0;0;POINT (13.3632593 52.45593149)
3;2021;5;16;7;2;5;3;0;1;1;0;0;0;0;0;POINT (13.41834426 52.55970618)
6;2021;6;10;5;3;5;2;0;1;1;0;0;0;0;0;POINT (13.26215463 52.43955412)
10;2021;6;5;3;3;8;1;0;0;1;0;0;0;0;0;POINT (13.58946923 52.523204)
11;2021;6;17;2;2;5;3;0;0;1;0;0;0;1;0;POINT (13.49985391 52.49891216)
2;2021;6;8;1;3;4;6;0;1;0;0;0;0;1;0;POINT (13.38403993 52.4937383)
11;2021;5;18;6;3;2;6;0;0;1;0;1;0;1;0;POINT (13.52491572 52.49554963)
4;2021;6;14;4;3;2;6;0;0;1;0;0;0;0;0;POINT (13.33241271 52.47869349)
11;2021;6;15;3;3;2;6;0;0;1;0;0;0;0;0;POINT (13.52507035 52.49531113)
1;2021;6;19;2;3;1;5;0;1;0;0;1;0;0;0;POINT (13.42165832 52.50554007)
3;2021;6;20;6;3;0;1;0;0;0;0;1;0;0;0;POINT (13.42332108 52.63190684)
4;2021;6;14;2;2;4;6;0;0;0;0;0;0;1;0;POINT (13.31808571 52.50612334)
4;2021;6;18;2;3;5;2;0;1;0;0;0;0;1;0;POINT (13.33101344 52.49261578)
1;2021;6;10;1;3;5;2;0;1;1;0;0;0;0;0;POINT (13.3930542 52.51499578)
9;2021;6;12;6;3;8;1;0;0;1;0;0;0;0;0;POINT (13.62714696 52.46345001)
8;2021;7;22;6;3;2;6;2;1;1;0;0;0;0;0;POINT (13.42889504 52.48345796)
4;2021;6;19;7;2;0;7;1;1;0;0;0;0;0;0;POINT (13.29768897 52.52555668)
6;2021;6;11;7;2;0;2;0;0;1;0;1;0;0;0;POINT (13.17794245 52.42142728)
6;2021;7;6;4;3;0;1;0;0;0;0;1;0;0;1;POINT (13.3145129 52.46499554)
2;2021;7;15;2;3;0;1;0;1;0;0;0;0;0;0;POINT (13.45483556 52.51017762)
9;2021;7;9;4;3;3;6;0;0;1;0;0;1;0;0;POINT (13.48621874 52.4648815)
2;2021;6;15;4;3;2;6;0;0;1;0;0;0;0;0;POINT (13.38777323 52.50316004)
4;2021;5;1;1;3;0;6;2;0;1;0;0;0;1;0;POINT (13.33847492 52.50334783)
7;2021;6;12;5;3;5;2;0;1;1;0;0;0;0;0;POINT (13.34528795 52.48687322)
2;2021;6;20;3;3;5;3;0;1;1;0;0;0;0;0;POINT (13.41629921 52.50171649)
2;2021;6;8;2;3;5;3;0;1;1;0;0;0;0;0;POINT (13.41093929 52.49401121)
2;2021;6;6;7;3;0;1;0;0;0;0;1;0;0;0;POINT (13.37662455 52.49153971)
8;2021;5;15;4;3;6;7;0;0;1;1;0;0;0;1;POINT (13.44794738 52.47604107)
7;2021;6;17;3;3;1;5;0;1;1;0;0;0;0;0;POINT (13.34019676 52.46651578)
6;2021;5;17;7;2;5;2;0;1;0;0;1;0;0;0;POINT (13.34324972 52.43967011)
2;2021;6;14;1;3;6;4;0;0;0;1;1;0;0;0;POINT (13.40611596 52.49774404)
4;2021;7;22;1;3;0;1;2;1;0;0;0;0;0;0;POINT (13.30939189 52.49178798)
1;2021;7;17;5;3;5;3;0;1;1;0;0;0;0;0;POINT (13.37201996 52.51118601)
1;2021;7;9;5;3;5;3;0;1;1;0;0;0;0;1;POINT (13.39893117 52.50822643)
3;2021;6;8;4;3;0;1;0;1;0;0;0;0;0;0;POINT (13.45385247 52.53282339)
1;2021;6;19;4;3;5;3;0;1;0;0;0;0;0;0;POINT (13.41109861 52.52594022)
9;2021;6;19;1;3;2;6;0;0;1;0;0;0;1;0;POINT (13.62562083 52.45696119)
7;2021;5;12;1;3;0;3;0;0;1;0;1;0;0;0;POINT (13.34730017 52.4109961)
2;2021;6;16;5;3;6;4;0;0;1;1;0;0;0;0;POINT (13.42112407 52.49220164)
1;2021;6;15;5;3;5;2;0;1;1;0;0;0;0;0;POINT (13.35501474 52.54402758)
8;2021;7;6;5;3;5;3;0;0;1;0;0;0;0;1;POINT (13.42284084 52.47563448)
6;2021;6;13;2;3;5;3;0;0;1;0;0;0;0;0;POINT (13.29078576 52.44819412)
8;2021;5;13;5;2;5;3;0;0;1;0;0;0;0;1;POINT (13.47246344 52.46174716)
6;2021;6;17;3;2;4;6;0;0;1;0;0;0;0;0;POINT (13.31552423 52.46469375)
5;2021;7;20;7;2;5;7;0;0;1;0;0;0;0;0;POINT (13.17656202 52.54914673)
7;2021;5;11;2;3;1;2;0;0;1;0;0;0;1;0;POINT (13.37906392 52.44813057)
12;2021;6;15;2;3;1;5;0;0;1;0;0;0;1;0;POINT (13.32461479 52.60169544)
4;2021;7;18;1;3;6;7;0;0;1;1;0;0;0;0;POINT (13.29606071 52.49680094)
3;2021;7;13;2;3;1;5;0;0;1;0;1;0;0;0;POINT (13.36692305 52.5856597)
1;2021;5;16;5;3;1;7;0;1;1;0;0;0;0;1;POINT (13.37181325 52.54866766)
12;2021;6;14;3;3;5;2;0;1;1;0;0;0;0;0;POINT (13.2995532 52.57917524)
3;2021;7;8;6;3;2;6;0;1;1;0;0;0;0;1;POINT (13.43131537 52.55211899)
1;2021;6;15;1;3;2;6;0;1;1;0;0;0;0;0;POINT (13.39208781 52.53011752)
4;2021;6;22;5;3;5;2;1;1;1;0;0;0;0;0;POINT (13.3327161 52.47869341)
5;2021;6;9;2;3;5;3;0;0;1;0;1;0;0;0;POINT (13.2151508 52.56075015)
4;2021;6;17;2;2;0;7;0;0;1;0;0;0;0;0;POINT (13.27951799 52.53671944)
4;2021;6;16;1;3;5;5;0;1;1;0;0;0;0;0;POINT (13.33361769 52.50695564)
3;2021;6;20;6;2;1;1;0;0;1;0;1;0;0;0;POINT (13.3822839 52.57336552)
2;2021;7;15;6;3;5;3;0;0;1;0;0;0;1;0;POINT (13.40501228 52.50085064)
2;2021;6;11;6;3;0;1;0;1;0;0;0;0;0;0;POINT (13.43048188 52.51135833)
3;2021;5;9;3;3;1;5;0;1;1;0;0;0;0;0;POINT (13.43610328 52.53317449)
1;2021;6;14;3;3;2;6;0;0;1;0;0;1;0;1;POINT (13.39528143 52.55478149)
1;2021;7;18;2;3;5;7;0;0;1;0;1;0;0;0;POINT (13.38607499 52.55848879)
1;2021;7;8;3;3;5;3;0;0;1;0;0;0;1;1;POINT (13.41363238 52.51128743)
8;2021;6;0;3;2;5;3;2;1;0;0;1;0;0;0;POINT (13.44812997 52.47765295)
3;2021;5;11;5;3;5;3;0;0;1;0;0;0;1;0;POINT (13.46264526 52.56005567)
7;2021;6;15;4;3;3;6;0;1;1;0;0;0;0;0;POINT (13.34491869 52.489926)
9;2021;6;7;4;3;5;3;0;0;1;0;0;0;0;1;POINT (13.5532683 52.43399794)
4;2021;6;12;2;3;5;3;0;0;1;0;0;0;0;0;POINT (13.30221778 52.51865588)
4;2021;6;20;7;3;1;5;0;1;1;0;0;0;0;0;POINT (13.31168464 52.46720664)
2;2021;6;13;2;3;0;5;0;0;1;0;0;0;1;0;POINT (13.43061808 52.49590021)
8;2021;6;9;3;3;6;4;0;1;0;1;0;0;0;0;POINT (13.44063232 52.47950234)
7;2021;6;10;1;3;6;4;0;0;1;1;0;0;0;0;POINT (13.40103326 52.41506449)
2;2021;7;10;7;3;6;7;0;0;1;1;0;0;0;0;POINT (13.38088442 52.49435783)
4;2021;6;10;7;3;5;2;0;1;1;0;0;0;0;0;POINT (13.28259106 52.53388594)
5;2021;7;12;4;3;0;3;0;0;1;0;1;0;0;1;POINT (13.19339551 52.55567422)
1;2021;7;10;4;3;1;5;0;1;0;0;0;1;0;0;POINT (13.35319871 52.50814621)
8;2021;6;16;4;3;5;3;0;0;1;0;0;0;0;0;POINT (13.46059817 52.46218934)
4;2021;5;6;1;3;0;1;0;0;0;0;1;0;0;0;POINT (13.29729938 52.52651374)
12;2021;6;14;5;2;5;3;0;0;1;0;0;0;1;0;POINT (13.24027762 52.61862071)
12;2021;6;16;4;3;3;6;0;0;1;0;0;0;1;0;POINT (13.35543897 52.59665769)
5;2021;6;8;2;3;2;2;0;1;1;0;0;0;0;0;POINT (13.12043154 52.46639745)
5;2021;6;18;1;3;2;6;0;0;1;0;1;0;0;0;POINT (13.26704511 52.53678188)
11;2021;6;12;1;3;4;5;0;1;1;0;0;0;0;0;POINT (13.53985354 52.49370034)
2;2021;5;14;4;3;2;6;0;0;1;0;0;0;0;1;POINT (13.38423071 52.50307417)
11;2021;6;9;3;3;5;3;0;1;1;0;0;0;0;0;POINT (13.50200362 52.50701999)
9;2021;5;19;7;3;5;2;0;1;1;0;0;0;0;0;POINT (13.5173245 52.45446449)
8;2021;6;14;1;3;3;2;0;1;0;0;0;0;1;0;POINT (13.4480022 52.47771618)
11;2021;7;19;1;2;6;2;0;0;1;1;0;0;0;0;POINT (13.50697891 52.49685689)
11;2021;7;6;5;2;5;3;0;1;1;0;0;0;0;1;POINT (13.50949526 52.5465367)
9;2021;6;11;5;3;0;7;0;1;0;0;0;0;0;0;POINT (13.58499142 52.44169471)
9;2021;6;12;4;3;0;2;0;1;1;0;0;0;0;0;POINT (13.52608202 52.42359161)
1;2021;6;23;1;3;2;6;2;1;1;0;0;0;0;0;POINT (13.33068187 52.52835867)
8;2021;5;17;1;3;5;7;0;0;1;0;0;0;0;0;POINT (13.43667771 52.45341548)
3;2021;6;21;5;3;2;6;1;1;1;0;0;0;0;0;POINT (13.41528488 52.55029502)
6;2021;6;13;6;2;2;6;0;1;0;0;0;0;0;0;POINT (13.12960682 52.42668725)
3;2021;7;0;6;2;3;6;2;1;1;0;0;0;0;0;POINT (13.40810882 52.5370303)
1;2021;6;16;3;3;5;2;0;0;1;0;1;0;0;0;POINT (13.38147853 52.51513328)
1;2021;6;19;5;2;3;6;0;1;1;0;0;0;0;0;POINT (13.3517825 52.55870727)
12;2021;6;7;1;3;5;3;0;0;1;0;0;0;0;0;POINT (13.31057901 52.56799401)
1;2021;5;7;5;2;5;2;0;1;1;0;0;0;0;1;POINT (13.40955285 52.52890299)
3;2021;6;11;3;3;6;2;0;0;0;1;1;0;0;0;POINT (13.43033558 52.55128335)
9;2021;7;10;7;3;5;3;0;0;1;0;0;0;0;0;POINT (13.59156491 52.43228105)
10;2021;5;6;2;3;0;3;0;0;0;0;1;0;1;1;POINT (13.55057364 52.55993064)
6;2021;6;18;2;3;5;3;0;1;1;0;0;0;0;0;POINT (13.33504063 52.42102395)
6;2021;7;9;2;3;5;3;0;1;1;0;0;0;0;0;POINT (13.3279133 52.42419303)
7;2021;7;14;2;3;0;4;0;1;0;1;0;0;0;0;POINT (13.36061087 52.49445055)
8;2021;5;11;6;3;4;6;0;1;0;0;0;0;1;0;POINT (13.42120833 52.46658412)
5;2021;6;13;4;3;0;6;0;0;1;0;0;0;1;0;POINT (13.20021868 52.5359109)
4;2021;6;19;3;3;6;4;0;1;0;1;0;0;0;0;POINT (13.28346511 52.5063975)
3;2021;4;18;2;3;5;3;0;0;1;0;0;0;0;0;POINT (13.41365974 52.54763939)
5;2021;3;17;1;2;5;3;0;1;1;0;0;0;0;0;POINT (13.18478266 52.54760943)
12;2021;4;16;4;3;0;7;0;0;0;0;0;0;1;0;POINT (13.35679099 52.60518141)
4;2021;5;14;2;3;1;5;0;0;1;0;0;0;0;0;POINT (13.28944525 52.47623163)
3;2021;5;19;2;3;1;5;0;1;1;0;0;0;0;0;POINT (13.41622235 52.53659725)
7;2021;4;11;4;2;6;4;0;0;1;1;0;0;0;0;POINT (13.3775386 52.44261345)
7;2021;5;10;6;3;3;6;0;0;1;0;1;0;0;0;POINT (13.37611694 52.45875966)
11;2021;4;21;7;3;2;6;2;0;1;0;0;0;0;0;POINT (13.47566698 52.50140872)
1;2021;5;6;4;3;0;6;0;0;1;0;1;0;0;1;POINT (13.40229524 52.52983992)
6;2021;4;11;2;3;6;7;0;1;0;1;0;0;0;0;POINT (13.34114052 52.46410383)
3;2021;3;4;2;3;2;6;2;0;1;0;0;0;0;1;POINT (13.45735813 52.52869779)
5;2021;5;17;5;2;5;2;0;0;1;0;0;0;0;0;POINT (13.1663239 52.52395331)
6;2021;4;9;3;3;1;5;0;0;1;0;0;0;1;0;POINT (13.24032273 52.44304976)
8;2021;3;12;1;3;6;4;0;0;1;1;0;0;0;0;POINT (13.4516555 52.48079011)
3;2021;4;17;7;3;1;5;0;0;1;0;0;0;0;0;POINT (13.41460354 52.56715641)
8;2021;3;14;5;3;2;2;0;0;1;0;0;0;0;0;POINT (13.4336371 52.44419849)
5;2021;5;16;1;3;5;2;0;1;1;0;0;0;0;0;POINT (13.20959597 52.54756669)
9;2021;5;16;4;3;2;6;0;0;1;0;0;0;0;1;POINT (13.61900818 52.45561147)
12;2021;5;0;3;3;5;2;2;0;1;0;0;0;0;0;POINT (13.32180944 52.56056233)
2;2021;4;14;4;3;6;4;0;1;0;1;0;0;0;0;POINT (13.47309576 52.51532116)
8;2021;4;11;5;3;4;6;0;1;0;0;0;0;1;0;POINT (13.42398555 52.48653384)
2;2021;4;15;2;3;0;1;0;1;0;0;0;0;0;0;POINT (13.42039386 52.48743985)
7;2021;3;20;3;3;5;3;2;0;1;0;0;0;0;0;POINT (13.37291906 52.43691348)
1;2021;4;11;5;3;0;7;0;1;0;0;0;0;0;0;POINT (13.37405547 52.55653653)
6;2021;5;16;6;3;1;5;0;1;1;0;0;0;0;0;POINT (13.35103584 52.44948809)
3;2021;4;10;2;3;5;2;0;1;1;0;0;0;0;0;POINT (13.48319433 52.55488658)
7;2021;5;5;2;3;0;7;0;1;0;0;0;0;0;0;POINT (13.40016206 52.48372758)
2;2021;5;17;5;3;5;2;0;1;1;0;0;0;0;1;POINT (13.37967633 52.49261261)
5;2021;5;13;4;3;2;6;0;0;1;0;0;0;0;0;POINT (13.18353517 52.54180671)
8;2021;4;8;7;3;0;1;0;0;0;0;1;0;0;1;POINT (13.43989743 52.48961461)
7;2021;3;13;3;3;5;3;0;1;0;0;0;0;1;0;POINT (13.34960482 52.48738581)
10;2021;5;11;2;3;2;6;0;0;1;0;0;0;0;0;POINT (13.59230256 52.54852159)
4;2021;3;18;1;3;0;2;0;1;1;0;0;0;0;0;POINT (13.33459134 52.49508103)
4;2021;4;6;3;3;5;3;0;1;1;0;0;0;0;0;POINT (13.31625689 52.46714062)
1;2021;3;18;4;3;5;7;0;0;1;0;0;0;1;0;POINT (13.42346314 52.52381741)
1;2021;5;12;2;3;2;2;0;1;0;0;0;0;1;0;POINT (13.32997448 52.52378397)
9;2021;4;20;7;3;5;2;1;1;1;0;0;0;0;1;POINT (13.49572252 52.4489696)
6;2021;5;15;1;3;5;3;0;0;1;0;0;0;0;0;POINT (13.25925313 52.43266235)
3;2021;4;10;4;3;2;1;0;0;1;0;0;1;0;1;POINT (13.42430674 52.5395947)
5;2021;5;12;7;3;0;2;0;0;0;0;0;0;1;0;POINT (13.20362505 52.53992137)
5;2021;5;12;5;3;0;2;0;0;1;0;0;0;1;0;POINT (13.20769844 52.55586198)
10;2021;4;7;1;3;5;2;0;1;1;0;0;0;0;0;POINT (13.56380196 52.51876312)
12;2021;4;12;5;2;6;2;0;0;1;1;0;0;0;0;POINT (13.32422691 52.56089852)
12;2021;4;15;3;3;5;7;0;0;1;0;0;0;0;0;POINT (13.32949581 52.56237079)
6;2021;5;14;4;3;5;2;0;1;1;0;0;0;0;1;POINT (13.30958178 52.43125232)
1;2021;4;16;2;3;5;3;0;1;1;0;0;0;0;0;POINT (13.39293291 52.51500182)
6;2021;3;13;2;3;5;3;0;0;1;0;0;0;0;0;POINT (13.23003217 52.43090694)
6;2021;4;13;5;2;6;4;0;0;1;1;0;0;0;0;POINT (13.32381265 52.41863358)
2;2021;3;19;6;3;0;1;2;1;1;0;0;0;0;1;POINT (13.45740002 52.51290392)
12;2021;5;21;3;2;6;4;2;0;1;1;0;0;0;0;POINT (13.34681446 52.56707186)
6;2021;5;13;1;2;0;5;0;0;1;0;0;0;1;0;POINT (13.31544691 52.44887384)
10;2021;4;16;4;3;2;6;0;0;1;0;0;0;0;0;POINT (13.52262913 52.52569401)
6;2021;4;10;2;3;7;7;0;1;0;0;0;0;0;0;POINT (13.33932193 52.45892118)
4;2021;4;6;2;3;5;2;0;0;1;0;0;0;1;0;POINT (13.31279641 52.48047329)
2;2021;5;1;6;3;0;1;2;1;0;0;0;0;0;0;POINT (13.45320272 52.51047603)
2;2021;4;13;3;3;5;3;0;1;0;0;0;0;0;0;POINT (13.39469678 52.49167019)
6;2021;3;9;2;3;2;6;0;0;1;0;0;0;0;0;POINT (13.31671167 52.42582092)
6;2021;4;14;5;3;5;2;0;1;1;0;0;0;0;0;POINT (13.32078468 52.45181449)
8;2021;5;20;5;3;5;2;0;0;1;0;0;0;0;0;POINT (13.48527368 52.43255181)
1;2021;5;17;5;3;5;7;0;0;1;0;0;0;0;1;POINT (13.40987822 52.52432426)
6;2021;3;18;3;3;6;7;0;0;0;1;0;0;1;0;POINT (13.31488632 52.43060043)
2;2021;4;13;6;3;1;5;0;1;1;0;0;0;0;0;POINT (13.45014143 52.50976768)
2;2021;3;12;6;3;2;6;0;0;1;0;0;0;0;1;POINT (13.44631984 52.50279215)
9;2021;5;13;1;2;0;5;0;1;1;0;0;0;0;0;POINT (13.68691518 52.44065785)
3;2021;5;12;5;2;5;2;0;0;1;0;0;0;1;1;POINT (13.44720746 52.58365524)
2;2021;5;7;3;3;5;3;0;0;1;0;0;0;0;0;POINT (13.39953762 52.49831463)
7;2021;4;14;6;3;0;3;0;0;1;0;0;0;1;0;POINT (13.3831879 52.46097647)
7;2021;5;15;6;3;5;3;0;1;0;0;1;0;0;0;POINT (13.37532173 52.45551174)
12;2021;4;15;3;3;6;4;0;0;1;1;0;0;0;0;POINT (13.35915941 52.57422963)
5;2021;3;17;3;3;1;5;0;0;1;0;1;0;0;0;POINT (13.18637223 52.53777194)
2;2021;4;9;1;3;5;3;0;1;0;0;0;0;1;0;POINT (13.39718447 52.50047781)
7;2021;4;16;1;3;2;6;0;0;1;0;0;0;0;0;POINT (13.38769533 52.44793379)
11;2021;5;14;6;3;5;3;0;1;0;0;0;0;1;0;POINT (13.52360189 52.56555825)
8;2021;5;11;6;3;1;5;0;1;1;0;0;0;0;0;POINT (13.42585885 52.47833133)
9;2021;4;22;1;3;2;6;2;1;1;0;0;0;0;0;POINT (13.51946903 52.45413109)
10;2021;5;18;2;3;5;2;0;1;1;0;0;0;0;0;POINT (13.5874744 52.52365691)
4;2021;5;17;6;3;5;7;0;1;1;0;0;0;0;0;POINT (13.29182238 52.50667743)
11;2021;5;7;4;3;6;7;0;1;0;1;0;0;0;0;POINT (13.49319036 52.56812495)
6;2021;4;8;1;3;5;3;0;1;1;0;0;0;0;0;POINT (13.34600163 52.43459557)
8;2021;3;13;3;2;5;7;0;0;1;0;0;0;1;0;POINT (13.47740048 52.42572095)
1;2021;4;11;2;3;5;2;0;0;1;0;0;0;1;0;POINT (13.38434961 52.55589665)
2;2021;5;20;2;3;5;3;0;0;1;0;0;0;1;0;POINT (13.40634959 52.50260082)
7;2021;4;8;2;3;5;2;0;1;1;0;0;0;0;0;POINT (13.37030412 52.46716542)
2;2021;3;16;1;2;5;2;0;1;1;0;0;0;0;0;POINT (13.43193747 52.51512276)
2;2021;4;23;4;2;6;2;2;0;1;1;0;0;0;0;POINT (13.3894543 52.49595052)
12;2021;3;11;4;3;5;2;0;1;1;0;0;0;0;0;POINT (13.33589601 52.56494231)
1;2021;5;6;2;3;5;3;0;1;1;0;0;0;0;0;POINT (13.36911004 52.54621369)
7;2021;5;17;6;3;1;5;0;1;1;0;0;0;0;0;POINT (13.3562091 52.4880637)
9;2021;4;12;2;3;0;7;0;0;1;0;0;0;1;0;POINT (13.59664841 52.44150051)
11;2021;3;19;3;3;0;6;2;0;1;0;1;0;0;0;POINT (13.52513325 52.49521499)
2;2021;4;13;4;3;5;2;0;1;1;0;0;0;0;0;POINT (13.39833301 52.50706829)
3;2021;4;14;1;3;0;1;0;1;0;0;0;0;0;0;POINT (13.42595531 52.5423736)
3;2021;5;1;7;2;1;5;2;1;1;0;0;0;0;0;POINT (13.42743127 52.56055503)
9;2021;5;21;6;2;6;6;1;0;1;1;0;0;0;0;POINT (13.49597168 52.43747817)
4;2021;4;0;7;3;2;6;2;1;0;0;0;0;0;0;POINT (13.31079301 52.5257543)
1;2021;5;1;2;3;0;1;2;0;0;0;0;0;1;0;POINT (13.35786397 52.54467741)
3;2021;5;13;5;3;6;4;0;0;1;1;0;0;0;0;POINT (13.46188983 52.60939496)
3;2021;5;8;4;3;5;2;0;1;1;0;0;0;0;0;POINT (13.39594445 52.56597877)
1;2021;4;23;7;3;0;7;2;0;1;0;0;0;0;1;POINT (13.35633724 52.55540244)
8;2021;3;15;3;3;3;6;0;1;0;0;0;0;1;0;POINT (13.43490879 52.42845958)
4;2021;4;17;2;3;5;3;0;1;0;0;0;0;0;0;POINT (13.32358636 52.49149495)
9;2021;5;18;2;3;2;6;0;0;1;0;0;0;1;0;POINT (13.73027787 52.43020555)
6;2021;3;13;1;2;5;2;0;0;1;0;0;0;0;0;POINT (13.34080368 52.44327937)
1;2021;4;9;3;3;5;2;0;1;1;0;0;0;0;0;POINT (13.37199963 52.53888736)
3;2021;3;18;4;3;5;2;0;1;1;0;0;0;0;0;POINT (13.40252594 52.55430063)
12;2021;5;17;1;3;1;5;0;0;1;0;0;0;0;1;POINT (13.36142135 52.56765041)
4;2021;4;13;7;3;0;1;0;1;0;0;0;0;0;0;POINT (13.28377263 52.49781642)
10;2021;5;7;1;3;5;3;0;1;1;0;0;0;0;0;POINT (13.5645969 52.54286913)
9;2021;4;14;3;3;2;6;0;0;1;0;0;0;1;0;POINT (13.50945919 52.47266448)
5;2021;5;14;6;3;5;2;0;1;0;0;0;0;1;0;POINT (13.19702836 52.53137584)
3;2021;4;10;2;3;5;5;0;0;1;0;1;0;0;0;POINT (13.41090633 52.53061994)
1;2021;4;13;6;3;2;6;0;0;1;0;0;0;0;0;POINT (13.38250349 52.55192975)
5;2021;5;12;5;2;5;2;0;0;1;0;1;0;0;0;POINT (13.15783984 52.54306902)
11;2021;4;9;2;3;0;2;0;0;1;0;0;0;1;0;POINT (13.49323226 52.51442259)
5;2021;4;16;5;2;5;2;0;0;1;0;1;0;0;0;POINT (13.14159926 52.53245201)
1;2021;4;17;2;2;6;2;0;0;1;1;0;0;0;1;POINT (13.39133729 52.55037614)
11;2021;5;14;3;3;0;1;0;1;1;0;0;0;0;0;POINT (13.52184891 52.50073658)
5;2021;4;10;3;2;5;2;0;0;0;0;0;1;1;0;POINT (13.19867703 52.53278942)
1;2021;3;15;2;3;5;2;0;1;1;0;0;0;0;0;POINT (13.36033767 52.53724679)
7;2021;4;18;5;3;2;7;0;0;1;0;1;0;0;0;POINT (13.35665098 52.49023829)
3;2021;3;11;5;2;5;3;0;1;1;0;0;0;0;0;POINT (13.48713242 52.61746729)
1;2021;5;15;3;3;5;3;0;0;1;0;0;0;0;0;POINT (13.34605931 52.54485383)
4;2021;5;15;2;2;5;7;0;1;1;0;0;0;0;0;POINT (13.32437488 52.48743695)
5;2021;4;9;5;3;5;2;0;1;1;0;0;0;0;0;POINT (13.17720198 52.54888451)
11;2021;4;7;2;3;6;7;0;0;1;1;0;0;0;0;POINT (13.47767801 52.53085994)
4;2021;5;9;6;3;5;2;0;0;1;0;1;0;0;0;POINT (13.30240199 52.50673864)