bez;ujahr;umonat;ustunde;uwochentag;ukategorie;uart;utyp1;ulichtverh;istrad;istpkw;istfuss;istkrad;istgkfz;istsonstige;ustrzustand;geometry
8;2021;4;19;2;3;1;5;0;1;1;0;0;0;0;0;POINT (13.4559771 52.48232386)
1;2021;3;10;2;3;0;6;0;1;1;0;0;0;0;0;POINT (13.33249864 52.54556742)
7;2021;4;16;4;3;2;6;0;0;1;0;1;0;0;1;POINT (13.37453042 52.46841153)
2;2021;5;10;5;3;5;2;0;0;1;0;0;0;0;1;POINT (13.46575137 52.49920772)
9;2021;5;22;5;3;5;2;2;0;1;0;1;0;0;0;POINT (13.50021136 52.45990054)
10;2021;3;18;3;3;5;3;0;1;1;0;0;0;0;0;POINT (13.56102023 52.54747538)
8;2021;4;23;2;3;0;1;2;0;0;0;0;0;1;0;POINT (13.45031667 52.4708423)
12;2021;3;8;6;3;5;3;0;1;1;0;0;0;0;1;POINT (13.30029808 52.57006258)
9;2021;5;18;1;3;2;6;0;0;1;0;0;0;0;0;POINT (13.56197181 52.45651395)
12;2021;5;15;4;3;5;3;0;0;1;0;0;0;0;0;POINT (13.29250506 52.58107554)
5;2021;5;6;3;2;5;3;0;0;0;0;1;0;1;0;POINT (13.23467464 52.52930477)
8;2021;4;22;5;3;5;2;2;0;1;0;0;0;1;0;POINT (13.44525039 52.47919061)
9;2021;5;16;7;3;0;1;0;1;0;0;0;0;0;0;POINT (13.51986159 52.46112067)
8;2021;4;17;3;3;5;3;0;1;1;0;0;0;0;0;POINT (13.43787194 52.47314376)
6;2021;3;11;3;3;0;6;0;0;1;0;0;0;1;0;POINT (13.34608176 52.43609567)
3;2021;4;20;5;3;6;6;0;1;0;1;0;0;0;0;POINT (13.39961849 52.56650508)
5;2021;4;18;1;3;1;5;1;0;1;0;0;0;0;0;POINT (13.15396135 52.46277947)
10;2021;5;16;1;3;5;5;0;0;1;0;1;0;0;0;POINT (13.53370741 52.55536837)
5;2021;5;13;6;3;2;6;0;0;1;0;0;0;0;0;POINT (13.19548353 52.52905121)
4;2021;5;14;2;3;5;3;0;1;1;0;0;0;0;0;POINT (13.29277039 52.50673296)
11;2021;5;7;5;3;6;4;0;1;0;1;0;0;0;0;POINT (13.51019905 52.49621196)
1;2021;4;8;2;3;2;6;0;1;1;0;0;0;0;0;POINT (13.38936883 52.51476313)
9;2021;5;15;4;3;5;3;0;1;1;0;0;0;0;0;POINT (13.50917052 52.47342773)
3;2021;4;17;7;3;2;7;0;0;1;0;0;0;0;0;POINT (13.45256693 52.55791037)
5;2021;4;11;4;3;6;4;0;0;1;1;0;0;0;0;POINT (13.18674135 52.5376919)
1;2021;4;15;2;3;0;4;0;1;0;1;0;0;0;0;POINT (13.33581696 52.5157258)
6;2021;5;20;4;2;2;1;0;0;1;0;0;0;0;1;POINT (13.33199518 52.44250956)
7;2021;4;21;2;3;1;5;2;0;0;0;1;0;0;0;POINT (13.36026748 52.48232325)
12;2021;3;13;7;2;9;1;0;0;1;0;0;0;0;0;POINT (13.36031944 52.561917)
11;2021;4;13;5;3;2;6;0;0;1;0;0;0;0;0;POINT (13.51608058 52.56577139)
1;2021;3;15;4;3;1;5;0;1;1;0;0;0;0;0;POINT (13.37580014 52.54261118)
2;2021;5;12;1;3;5;2;0;1;0;0;0;0;1;0;POINT (13.43204078 52.49933259)
1;2021;4;20;1;3;2;7;2;0;1;0;0;0;0;0;POINT (13.40562585 52.51122478)
10;2021;5;18;1;3;5;3;0;0;1;0;0;0;1;0;POINT (13.58900804 52.54127559)
9;2021;4;17;3;3;2;6;0;0;1;0;0;0;0;0;POINT (13.55603926 52.43356737)
6;2021;5;15;7;3;5;3;0;0;1;0;1;0;0;0;POINT (13.13898343 52.41720975)
6;2021;5;18;4;3;0;1;0;1;0;0;0;0;0;0;POINT (13.34300522 52.45044179)
12;2021;4;8;2;3;6;7;0;0;1;1;0;0;0;0;POINT (13.35227919 52.56930991)
9;2021;4;17;4;2;9;1;0;0;0;0;1;0;0;0;POINT (13.50931982 52.47272339)
11;2021;4;15;2;3;5;3;0;0;1;0;1;0;0;0;POINT (13.52180955 52.56708074)
12;2021;4;17;2;2;5;3;0;1;0;0;1;0;0;0;POINT (13.34772349 52.57583415)
12;2021;5;14;5;3;5;3;0;1;1;0;0;0;0;1;POINT (13.29260823 52.57869006)
6;2021;4;0;4;2;1;7;2;0;1;0;0;0;1;0;POINT (13.34645572 52.43124172)
5;2021;3;13;1;2;5;2;0;0;0;0;0;0;1;0;POINT (13.22597069 52.55504204)
8;2021;4;19;6;3;0;7;0;0;1;0;0;0;0;0;POINT (13.42635647 52.42428545)
2;2021;3;8;5;3;5;7;0;0;1;0;1;0;0;1;POINT (13.39607229 52.50706281)
12;2021;5;22;2;3;5;2;2;0;1;0;1;0;0;1;POINT (13.35137312 52.57809901)
1;2021;5;14;2;3;6;4;0;0;1;1;0;0;0;0;POINT (13.3479208 52.50350426)
2;2021;4;18;4;3;5;2;0;1;1;0;0;0;0;0;POINT (13.3950138 52.49762908)
12;2021;4;17;1;3;5;3;0;0;1;0;1;0;0;0;POINT (13.28125756 52.58541274)
4;2021;5;13;1;3;5;3;0;1;0;0;0;0;0;0;POINT (13.26716746 52.49642667)
3;2021;4;8;3;2;5;2;0;1;1;0;0;0;0;0;POINT (13.43804747 52.54619123)
8;2021;5;12;6;2;6;4;0;1;0;1;0;0;0;0;POINT (13.44874252 52.47321813)
1;2021;4;16;7;3;0;7;0;0;0;0;1;0;0;0;POINT (13.36729382 52.52403269)
1;2021;5;13;5;3;5;2;0;1;1;0;0;0;0;0;POINT (13.3905488 52.5630245)
3;2021;4;12;1;3;5;3;0;1;0;0;0;0;1;0;POINT (13.42022521 52.53814972)
1;2021;4;9;6;3;5;3;0;1;1;0;0;0;0;0;POINT (13.38010374 52.53279773)
10;2021;5;15;4;3;9;1;0;0;1;0;0;0;0;1;POINT (13.5724811 52.50550926)
7;2021;4;10;3;3;5;7;0;0;1;0;0;0;0;0;POINT (13.40196058 52.39047407)
1;2021;3;16;2;3;5;2;0;0;1;0;1;0;0;0;POINT (13.36781263 52.52609486)
4;2021;4;10;7;3;5;3;0;0;1;0;0;0;0;0;POINT (13.30934782 52.49207382)
4;2021;3;10;5;3;5;2;0;1;1;0;0;0;0;0;POINT (13.28082185 52.47696018)
2;2021;5;16;3;3;5;3;0;1;1;0;0;0;0;0;POINT (13.42196273 52.4930238)
11;2021;5;15;2;3;6;4;0;1;1;1;0;0;0;0;POINT (13.46949862 52.50236829)
10;2021;4;18;5;3;5;2;0;0;1;0;0;0;0;0;POINT (13.59294865 52.54840913)
1;2021;5;15;5;3;5;3;0;1;0;0;1;0;0;0;POINT (13.41343721 52.50672825)
8;2021;4;12;3;3;4;5;0;1;1;0;0;0;0;0;POINT (13.499183 52.40860486)
9;2021;3;11;2;3;2;6;0;0;1;0;0;0;0;0;POINT (13.55912695 52.44842248)
5;2021;4;12;5;3;8;1;0;0;0;0;1;0;0;0;POINT (13.20342776 52.55551779)
1;2021;4;12;2;3;4;6;0;1;1;0;0;0;0;0;POINT (13.4044399 52.52884895)
2;2021;5;18;6;3;5;7;0;0;1;0;1;0;0;1;POINT (13.39070837 52.50556348)
1;2021;5;15;5;3;1;6;0;0;1;0;1;0;0;0;POINT (13.38628925 52.54931323)
10;2021;3;15;3;3;5;2;0;1;0;0;0;1;0;0;POINT (13.51726149 52.53528918)
9;2021;4;13;1;3;5;2;0;1;0;0;0;1;0;0;POINT (13.45404352 52.48891343)
4;2021;5;15;1;3;5;3;0;1;1;0;0;0;0;0;POINT (13.26912732 52.48508185)
7;2021;5;9;4;3;0;1;0;0;0;0;1;0;0;1;POINT (13.37894017 52.44901224)
6;2021;5;18;3;3;5;3;0;0;1;0;0;0;0;0;POINT (13.34957527 52.44913401)
4;2021;4;2;6;3;2;6;2;1;1;0;0;0;0;0;POINT (13.30015538 52.50492285)
2;2021;3;8;2;3;5;2;0;1;1;0;0;0;0;0;POINT (13.42491378 52.50208727)
5;2021;5;5;1;2;5;2;1;1;1;0;0;0;0;1;POINT (13.27736274 52.5351849)
4;2021;5;7;3;2;5;3;0;1;1;0;0;0;0;0;POINT (13.30073648 52.50683807)
8;2021;4;8;3;2;0;1;0;1;0;0;0;0;0;0;POINT (13.47059148 52.43534392)
7;2021;3;9;3;3;0;2;0;0;0;0;0;0;1;0;POINT (13.36198534 52.49770631)
11;2021;5;16;6;3;6;7;0;1;0;1;0;0;0;0;POINT (13.51498728 52.5673143)
6;2021;4;13;7;3;3;6;0;1;1;0;0;0;0;0;POINT (13.31043464 52.42109875)
3;2021;5;8;1;3;5;7;0;0;1;0;0;0;0;0;POINT (13.36052676 52.58537385)
3;2021;5;12;1;3;0;7;0;0;1;0;0;0;1;0;POINT (13.41284621 52.54675716)
1;2021;5;10;5;3;1;5;0;1;1;0;0;0;0;1;POINT (13.42518009 52.51617866)
7;2021;5;10;4;3;2;6;0;0;1;0;0;0;0;0;POINT (13.34598257 52.4971813)
3;2021;4;13;2;3;5;3;0;0;1;0;0;0;0;0;POINT (13.50733601 52.63572805)
8;2021;4;12;7;3;2;6;0;0;1;0;0;0;1;1;POINT (13.44618562 52.46816492)
3;2021;4;11;5;3;5;3;0;0;1;0;0;0;0;0;POINT (13.46769477 52.55393326)
6;2021;4;13;3;2;5;3;0;0;1;0;0;0;0;0;POINT (13.2037921 52.42764706)
2;2021;5;17;3;3;5;3;0;0;1;0;1;0;0;0;POINT (13.42805701 52.50125419)
1;2021;4;12;2;2;1;5;0;1;1;0;0;0;0;0;POINT (13.40960769 52.52821006)
7;2021;3;19;1;2;5;3;0;1;1;0;0;0;0;0;POINT (13.37314729 52.48787424)
9;2021;4;12;4;3;5;3;0;1;1;0;0;0;0;0;POINT (13.5755225 52.44748242)
6;2021;3;12;4;3;5;2;0;0;1;0;0;0;0;0;POINT (13.29360595 52.44579397)
1;2021;5;19;3;3;0;6;0;0;1;0;1;0;0;1;POINT (13.35130439 52.52435548)
3;2021;5;19;2;3;2;6;0;1;1;0;0;0;0;0;POINT (13.41399048 52.55362871)
4;2021;4;9;4;3;2;6;0;0;1;0;0;0;1;1;POINT (13.27094141 52.51039534)
12;2021;5;15;7;3;2;6;0;0;1;0;0;0;0;0;POINT (13.25973317 52.57091047)
8;2021;4;17;6;3;6;6;0;1;0;1;0;0;0;0;POINT (13.43941182 52.45276072)
10;2021;5;18;4;3;6;4;0;0;0;1;1;0;0;0;POINT (13.62217121 52.53292906)
7;2021;4;18;1;3;5;2;0;1;1;0;0;0;0;0;POINT (13.38025093 52.48188827)
8;2021;3;13;2;3;1;5;0;1;1;0;0;0;0;0;POINT (13.43710469 52.47298514)
1;2021;4;18;3;2;1;5;0;0;1;0;0;0;1;1;POINT (13.36893601 52.55244926)
7;2021;5;14;5;2;0;7;0;0;1;0;0;0;0;0;POINT (13.41545502 52.45146109)
12;2021;4;17;4;3;5;3;0;0;1;0;0;0;0;0;POINT (13.36778735 52.60272708)
8;2021;3;9;1;3;3;6;0;1;1;0;0;0;0;0;POINT (13.42816257 52.49343641)
4;2021;4;19;6;3;5;3;0;1;1;0;0;0;0;0;POINT (13.32305618 52.50566947)
9;2021;3;15;5;2;6;4;0;0;1;1;0;0;0;0;POINT (13.54229453 52.39977463)
9;2021;5;7;1;2;5;2;0;1;1;0;0;0;0;0;POINT (13.53087359 52.415674)
3;2021;5;12;4;3;5;7;0;0;1;0;0;0;0;0;POINT (13.4526474 52.53920809)
2;2021;5;17;3;2;5;3;0;0;1;0;0;0;0;0;POINT (13.39946018 52.49828858)
9;2021;4;14;4;2;6;4;0;0;0;1;1;0;0;0;POINT (13.51130031 52.46423023)
7;2021;4;11;5;3;5;3;0;1;1;0;0;0;0;0;POINT (13.35221893 52.49670323)
7;2021;4;19;2;3;1;5;0;0;1;0;0;0;0;0;POINT (13.38400988 52.47157597)
7;2021;3;9;3;3;2;6;0;1;1;0;0;0;0;0;POINT (13.35411406 52.48816576)
7;2021;4;21;5;2;5;2;2;1;0;0;1;0;0;0;POINT (13.33779171 52.47372792)
9;2021;5;17;7;3;1;5;0;0;1;0;0;0;0;0;POINT (13.48962619 52.4732389)
6;2021;3;17;3;3;1;5;0;1;1;0;0;0;0;0;POINT (13.20511402 52.43406488)
11;2021;4;10;1;3;1;7;0;0;1;0;0;1;0;0;POINT (13.49204146 52.57228405)
3;2021;5;12;1;3;5;3;0;0;1;0;0;0;0;0;POINT (13.43891222 52.56865355)
1;2021;5;7;5;3;6;4;0;0;1;1;0;0;0;1;POINT (13.33138964 52.53097769)
9;2021;5;12;3;2;6;4;0;0;0;1;0;0;1;0;POINT (13.58080779 52.46002567)
1;2021;5;16;4;3;2;6;0;1;1;0;0;0;0;0;POINT (13.34498673 52.5389204)
7;2021;4;12;5;3;5;3;0;1;1;0;0;0;0;0;POINT (13.36343594 52.47863736)
1;2021;4;15;4;2;5;3;0;1;1;0;0;0;0;0;POINT (13.35286552 52.50400097)
10;2021;5;19;2;3;5;3;0;1;1;0;0;0;0;0;POINT (13.56744779 52.57332232)
3;2021;3;18;1;3;0;6;0;0;0;0;1;0;1;0;POINT (13.46025249 52.52932499)
7;2021;4;8;4;3;6;4;0;0;1;1;0;0;0;0;POINT (13.36250968 52.49352374)
12;2021;3;11;4;3;5;2;0;1;1;0;0;0;0;0;POINT (13.35880919 52.59682572)
7;2021;5;15;2;3;5;3;0;0;1;0;0;0;0;0;POINT (13.38792759 52.42073805)
5;2021;4;17;7;2;0;1;0;0;0;0;1;0;0;0;POINT (13.22672296 52.55027372)
4;2021;5;12;1;3;2;6;0;0;1;0;0;0;0;0;POINT (13.27920821 52.50317221)
4;2021;4;16;3;3;5;3;0;1;1;0;0;0;0;0;POINT (13.29387069 52.4963628)
9;2021;3;6;2;3;5;7;0;0;1;0;0;0;1;0;POINT (13.57881812 52.41938226)
3;2021;4;6;5;3;3;6;0;0;1;0;1;0;1;0;POINT (13.45567002 52.62321573)
8;2021;5;14;6;3;5;3;0;0;1;0;1;0;0;0;POINT (13.429927 52.46992699)
2;2021;5;14;6;3;5;2;0;1;1;0;0;0;0;0;POINT (13.42249886 52.49918205)
9;2021;3;18;2;3;2;6;0;0;1;0;0;0;0;0;POINT (13.56222543 52.43710586)
8;2021;4;20;1;3;0;1;2;1;0;0;0;0;0;0;POINT (13.47316505 52.46454543)
7;2021;5;20;1;2;5;2;2;1;0;0;0;0;0;0;POINT (13.32208602 52.47348581)
3;2021;5;6;4;3;5;3;0;0;1;0;0;0;0;0;POINT (13.44477772 52.61533224)
4;2021;5;8;3;3;1;5;0;1;0;0;0;1;0;0;POINT (13.30380275 52.50317426)
2;2021;4;14;5;3;5;3;0;1;1;0;0;0;0;0;POINT (13.43065848 52.51109551)
5;2021;4;13;4;3;5;2;0;1;1;0;0;0;0;1;POINT (13.20068223 52.53872447)
6;2021;4;9;5;3;6;2;0;0;1;1;0;0;0;0;POINT (13.33264288 52.45590006)
3;2021;5;20;2;2;2;6;0;0;0;0;1;0;0;0;POINT (13.49142984 52.63759046)
11;2021;4;16;3;3;5;3;0;1;1;0;0;0;0;0;POINT (13.52455102 52.55968746)
3;2021;3;7;3;3;0;3;0;1;0;0;0;0;0;0;POINT (13.39083032 52.58377227)
6;2021;5;11;2;3;5;3;0;0;1;0;0;0;0;0;POINT (13.33131018 52.42004052)
2;2021;4;19;1;3;5;3;0;1;1;0;0;0;0;0;POINT (13.46342135 52.50817349)
8;2021;5;16;1;3;0;1;0;0;0;0;1;0;0;0;POINT (13.48985837 52.43147192)
1;2021;5;23;1;3;1;5;2;0;1;0;0;0;0;0;POINT (13.34203843 52.54502973)
2;2021;5;20;5;3;2;6;0;1;1;0;0;0;0;1;POINT (13.46024228 52.50893091)
4;2021;5;16;4;3;5;2;0;1;1;0;0;0;0;0;POINT (13.31579729 52.50611231)
1;2021;4;8;1;3;0;6;0;1;1;0;0;0;0;1;POINT (13.41753239 52.5132005)
1;2021;4;17;4;3;5;2;0;0;1;0;0;0;0;0;POINT (13.36572578 52.55683316)
12;2021;5;14;3;3;3;6;0;0;1;0;1;0;0;0;POINT (13.29704053 52.5774424)
12;2021;4;13;2;3;5;2;0;0;1;0;1;0;0;0;POINT (13.33605319 52.61847695)
5;2021;3;15;7;3;5;2;0;0;1;0;0;0;0;0;POINT (13.22720379 52.54945951)
3;2021;4;7;4;2;6;4;1;0;1;1;0;0;0;0;POINT (13.4144856 52.60891033)
10;2021;3;11;4;3;2;6;0;0;1;0;0;0;0;0;POINT (13.57285013 52.55036053)
12;2021;5;9;3;3;5;3;0;0;1;0;0;0;0;0;POINT (13.34591626 52.5743434)
3;2021;5;11;2;3;0;6;0;1;1;0;0;0;0;1;POINT (13.414899 52.53893181)
5;2021;4;7;4;3;0;3;0;0;1;0;1;0;0;1;POINT (13.13361158 52.46161224)
8;2021;5;14;7;3;2;7;0;0;1;0;0;0;0;0;POINT (13.45295499 52.44561625)
2;2021;4;11;1;3;5;3;0;0;1;0;0;0;0;1;POINT (13.39438557 52.50702055)
10;2021;5;9;5;3;0;3;0;1;1;0;0;0;0;0;POINT (13.56561682 52.52920528)
8;2021;4;15;2;3;2;6;0;0;1;0;0;0;0;0;POINT (13.46484703 52.42960278)
9;2021;3;13;2;3;5;2;0;0;1;0;0;0;1;0;POINT (13.48553559 52.46431819)
5;2021;4;4;2;2;9;1;2;0;1;0;0;0;0;0;POINT (13.21724059 52.53784931)
2;2021;5;17;5;3;3;6;0;0;1;0;1;0;0;0;POINT (13.40907684 52.48891801)
11;2021;4;13;3;2;0;7;0;0;1;0;0;0;0;0;POINT (13.52536383 52.48112819)
2;2021;3;18;2;3;5;2;0;1;1;0;0;0;0;0;POINT (13.37207762 52.48500996)
6;2021;4;13;5;2;2;6;0;0;1;0;1;0;0;0;POINT (13.29933565 52.44785187)
1;2021;3;11;6;3;2;6;0;0;1;0;0;0;0;1;POINT (13.38691049 52.55950415)
1;2021;5;10;1;3;2;6;0;0;1;0;0;0;0;0;POINT (13.40999887 52.51614799)
2;2021;5;17;4;3;5;2;0;1;1;0;0;0;0;1;POINT (13.39502834 52.4976281)
12;2021;5;19;3;3;5;7;0;0;1;0;0;1;1;0;POINT (13.29835361 52.57978996)
1;2021;4;18;5;3;5;3;0;0;1;0;0;0;0;0;POINT (13.39211035 52.50779519)
6;2021;5;14;6;3;5;3;0;0;1;0;0;0;0;0;POINT (13.28597377 52.45301643)
4;2021;4;13;3;2;5;5;0;0;1;0;1;0;0;0;POINT (13.31398584 52.50692885)
7;2021;3;12;3;3;1;5;0;0;1;0;0;0;1;0;POINT (13.40902018 52.38708693)
2;2021;4;13;4;3;5;3;0;1;1;0;0;0;0;0;POINT (13.44333771 52.51196561)
3;2021;5;9;6;3;5;2;0;1;1;0;0;0;0;0;POINT (13.41208744 52.54314154)
11;2021;5;18;6;3;5;3;0;0;1;0;0;0;0;1;POINT (13.4854491 52.52667713)
4;2021;4;12;1;3;6;4;0;0;0;1;0;1;0;0;POINT (13.26154339 52.51593923)
5;2021;5;17;2;2;6;2;0;0;1;1;0;0;0;0;POINT (13.19720578 52.52425006)
1;2021;5;23;5;3;0;2;2;1;1;0;0;0;0;0;POINT (13.3392563 52.52585483)
11;2021;5;17;3;3;0;3;0;0;1;0;0;0;1;0;POINT (13.53344612 52.49169072)
1;2021;4;20;3;3;0;1;2;0;0;0;1;0;0;0;POINT (13.38988524 52.53527464)
12;2021;4;18;7;3;2;6;0;0;1;0;0;0;0;1;POINT (13.32207709 52.5605982)
1;2021;3;14;3;3;0;1;0;1;0;0;0;0;0;0;POINT (13.39636016 52.51972246)
2;2021;5;11;2;3;1;5;0;1;0;0;0;1;0;0;POINT (13.44103945 52.49895701)
5;2021;3;11;7;2;6;4;0;0;1;1;0;0;0;0;POINT (13.15985439 52.52186019)
8;2021;4;12;4;3;3;6;0;0;1;0;1;0;0;0;POINT (13.44169584 52.46970088)
3;2021;3;8;4;3;5;2;0;0;1;0;0;0;1;0;POINT (13.47954076 52.64368729)
4;2021;5;8;2;3;3;6;0;0;1;0;1;0;0;0;POINT (13.31179254 52.49755715)
12;2021;4;10;1;3;5;2;0;1;0;0;0;0;1;0;POINT (13.29193313 52.59054982)
1;2021;5;8;1;3;5;2;0;0;0;0;0;0;1;0;POINT (13.34133073 52.50519585)
4;2021;4;19;3;2;5;2;0;1;1;0;0;0;0;0;POINT (13.2843511 52.48672128)
3;2021;5;13;6;3;6;7;0;1;0;1;0;0;0;0;POINT (13.39816443 52.56757065)
3;2021;5;13;4;3;5;3;0;0;1;0;0;0;0;0;POINT (13.41720305 52.54340241)
12;2021;4;11;2;3;6;7;0;1;0;1;0;0;0;0;POINT (13.30825408 52.61564096)
4;2021;4;14;5;3;5;2;0;0;1;0;0;0;0;0;POINT (13.27924671 52.5035184)
6;2021;4;13;3;3;5;3;0;0;1;0;0;0;0;0;POINT (13.25530839 52.44063175)
4;2021;5;13;3;3;2;6;0;0;1;0;1;0;0;0;POINT (13.28092725 52.51836505)
2;2021;4;13;2;3;6;4;0;0;1;1;0;0;0;0;POINT (13.46545637 52.51632005)
1;2021;3;15;2;3;2;7;0;0;1;0;0;0;1;0;POINT (13.35121537 52.52896551)
2;2021;4;16;4;3;5;3;0;1;0;0;0;0;0;0;POINT (13.39837056 52.48889072)
12;2021;3;17;6;3;6;4;0;0;1;1;0;0;0;0;POINT (13.35806053 52.59678691)
11;2021;5;16;3;3;2;6;0;0;1;0;0;0;0;0;POINT (13.50144479 52.48300665)
3;2021;5;15;2;3;6;2;0;0;1;1;0;0;0;0;POINT (13.44125684 52.54956383)
2;2021;4;6;5;3;6;4;0;1;0;1;0;0;0;0;POINT (13.40795446 52.48917882)
6;2021;4;7;2;2;5;3;0;1;1;0;0;0;0;0;POINT (13.28592537 52.4497301)
8;2021;5;7;6;3;5;3;0;0;1;0;0;0;0;1;POINT (13.4778069 52.41778287)
1;2021;4;10;3;3;5;7;0;1;1;0;0;0;0;0;POINT (13.34370646 52.54630824)
1;2021;3;18;1;3;0;7;0;1;0;0;0;0;0;0;POINT (13.40266161 52.52351492)
12;2021;4;10;4;3;5;3;0;0;1;0;0;0;0;1;POINT (13.34766538 52.58284782)
9;2021;5;13;6;2;5;2;0;1;1;0;0;0;0;0;POINT (13.5783087 52.45926031)
7;2021;5;14;5;3;5;3;0;0;1;0;0;0;1;0;POINT (13.38579489 52.39141872)
4;2021;4;17;7;3;1;5;0;1;1;0;0;0;0;1;POINT (13.28517291 52.48395424)
1;2021;4;11;5;3;5;2;0;0;1;0;0;0;0;0;POINT (13.35901932 52.54639136)
7;2021;5;9;4;3;0;6;0;0;1;0;1;0;0;1;POINT (13.38746426 52.48457575)
11;2021;4;17;2;3;5;3;0;0;1;0;1;0;0;0;POINT (13.50906725 52.54215922)
3;2021;3;11;2;3;0;5;0;0;1;0;0;0;0;0;POINT (13.4959227 52.64096485)
7;2021;4;9;5;3;5;3;0;0;1;0;0;0;1;0;POINT (13.37884093 52.43766205)
5;2021;3;17;5;3;6;7;0;0;0;1;0;0;1;0;POINT (13.13440275 52.55052948)
1;2021;5;18;3;3;5;3;0;1;1;0;0;0;0;1;POINT (13.41365536 52.51129546)
9;2021;5;17;2;3;5;3;0;1;1;0;0;0;0;0;POINT (13.58038795 52.41760805)
4;2021;4;11;5;3;0;4;0;0;0;1;0;0;1;0;POINT (13.29527357 52.49774661)
10;2021;4;14;2;2;6;4;0;0;1;1;0;0;0;0;POINT (13.57352891 52.55228384)
12;2021;5;17;5;3;2;6;0;0;1;0;1;0;0;0;POINT (13.28658075 52.57560101)
6;2021;4;13;2;3;5;7;0;0;1;0;1;0;0;0;POINT (13.3394278 52.46037484)
5;2021;3;16;1;3;2;2;0;0;1;0;0;0;0;0;POINT (13.18466963 52.51543212)
7;2021;4;12;4;3;5;2;0;1;1;0;0;0;0;0;POINT (13.3409307 52.49930274)
11;2021;5;18;5;3;1;5;0;1;1;0;0;0;0;0;POINT (13.50171561 52.50666748)
4;2021;3;17;3;3;5;2;0;1;0;0;0;0;1;0;POINT (13.28809637 52.50296879)
1;2021;4;18;5;3;0;5;0;0;1;0;0;0;1;0;POINT (13.37501802 52.54343172)
2;2021;3;16;6;3;6;4;0;0;1;1;0;0;0;0;POINT (13.46997306 52.51240728)
7;2021;5;19;1;3;5;3;0;1;1;0;0;0;0;0;POINT (13.37051781 52.46893873)
1;2021;5;19;4;3;5;7;0;0;1;0;0;0;0;0;POINT (13.38233268 52.52302296)
7;2021;5;21;3;3;1;5;1;1;1;0;0;0;0;0;POINT (13.40140321 52.38455211)
5;2021;4;15;5;3;2;6;0;0;1;0;0;0;0;0;POINT (13.18896737 52.52159615)
11;2021;5;22;6;3;5;7;2;1;1;0;0;0;0;0;POINT (13.49522531 52.50486612)
11;2021;4;13;3;3;5;2;0;1;1;0;0;0;0;0;POINT (13.52761195 52.49093233)
3;2021;3;23;3;3;5;3;2;1;1;0;0;0;0;0;POINT (13.41441569 52.55389239)
6;2021;4;12;6;3;1;5;0;0;1;0;0;0;1;0;POINT (13.35991552 52.4465178)
7;2021;5;17;7;3;5;2;0;1;1;0;0;0;0;0;POINT (13.37193623 52.46989494)
3;2021;5;22;6;3;5;3;2;0;1;0;0;0;1;0;POINT (13.42212774 52.53542746)
8;2021;4;8;2;3;2;2;0;0;1;0;0;0;0;0;POINT (13.50338843 52.41168321)
9;2021;5;6;2;3;0;1;1;0;0;0;1;0;0;0;POINT (13.51098923 52.47190108)
1;2021;5;10;5;3;5;7;0;0;1;0;1;0;0;1;POINT (13.3286483 52.52853893)
1;2021;4;8;3;3;5;2;0;1;0;0;0;1;0;0;POINT (13.4097959 52.52401449)
5;2021;5;10;4;3;3;6;0;1;0;0;0;0;0;0;POINT (13.12986717 52.45283908)
6;2021;4;8;1;3;6;4;0;0;1;1;0;0;0;0;POINT (13.31040751 52.43096323)
2;2021;4;12;4;3;2;6;0;1;1;0;0;0;0;0;POINT (13.4570388 52.5029349)
8;2021;5;19;3;3;1;5;0;1;1;0;0;0;0;1;POINT (13.42655463 52.47664266)
1;2021;4;18;2;3;3;6;0;0;1;0;0;0;0;0;POINT (13.41797529 52.51556726)
2;2021;3;14;1;3;3;6;0;1;1;0;0;0;0;0;POINT (13.39918668 52.50413846)
8;2021;4;15;4;3;1;7;0;0;1;0;0;0;0;0;POINT (13.44368207 52.4856523)
5;2021;3;12;4;2;6;4;0;1;0;1;0;0;0;0;POINT (13.19676825 52.53142126)
1;2021;5;15;1;3;0;4;0;0;0;1;1;0;0;0;POINT (13.37920353 52.5528853)
8;2021;4;10;1;3;5;3;0;0;1;0;0;0;0;1;POINT (13.4617461 52.43080325)
7;2021;5;19;1;3;1;5;0;1;0;0;0;0;1;1;POINT (13.36198201 52.48583918)
1;2021;4;20;3;3;4;6;1;1;0;0;0;0;1;0;POINT (13.40100053 52.53002757)
2;2021;5;16;6;3;5;3;0;0;1;0;0;0;0;0;POINT (13.43536287 52.5216576)
4;2021;4;19;7;3;5;2;0;0;1;0;0;0;0;0;POINT (13.28297035 52.51865001)
4;2021;5;11;5;3;0;1;0;1;0;0;0;0;0;0;POINT (13.28721486 52.49601456)
7;2021;4;15;1;3;1;5;0;0;1;0;1;0;0;0;POINT (13.35790024 52.49444643)
6;2021;4;14;5;3;2;6;0;0;1;0;0;0;0;0;POINT (13.27484591 52.46067377)
1;2021;4;7;2;2;5;3;0;0;1;0;1;0;0;1;POINT (13.32927356 52.53899663)
7;2021;5;11;3;3;2;6;1;0;1;0;0;0;0;0;POINT (13.35499443 52.41328717)