bez;ujahr;umonat;ustunde;uwochentag;ukategorie;uart;utyp1;ulichtverh;istrad;istpkw;istfuss;istkrad;istgkfz;istsonstige;ustrzustand;geometry
6;2021;4;9;3;3;2;6;0;0;1;0;0;0;0;0;POINT (13.34438887 52.43804696)
10;2021;3;14;2;3;2;6;0;0;1;0;0;0;1;0;POINT (13.5636707 52.51728837)
1;2021;4;19;7;3;3;6;1;1;1;0;0;0;0;0;POINT (13.34314045 52.52662925)
9;2021;3;9;5;3;5;2;0;1;1;0;0;0;0;1;POINT (13.50385174 52.46082287)
10;2021;5;15;3;3;3;6;0;0;0;0;1;0;1;0;POINT (13.58393548 52.51514124)
4;2021;5;14;2;3;5;7;0;0;1;0;0;0;0;0;POINT (13.27797911 52.50338944)
11;2021;4;19;4;3;0;1;0;0;0;0;1;0;0;1;POINT (13.49991838 52.53421862)
12;2021;5;18;5;3;5;2;0;0;1;0;0;0;1;0;POINT (13.33063875 52.56257787)
1;2021;4;19;2;3;0;2;0;0;1;0;0;0;1;0;POINT (13.37675775 52.50987801)
6;2021;3;12;2;3;5;7;0;0;1;0;1;0;0;0;POINT (13.32055697 52.4298626)
9;2021;4;14;5;3;5;3;0;1;1;0;0;0;0;0;POINT (13.56461894 52.4386241)
1;2021;5;17;5;3;5;3;0;0;1;0;0;0;0;0;POINT (13.38149975 52.552418)
12;2021;5;7;5;2;5;3;0;1;1;0;0;0;0;0;POINT (13.24003187 52.61875228)
9;2021;3;8;3;3;1;5;0;1;1;0;0;0;0;0;POINT (13.53011603 52.45693587)
1;2021;4;16;1;3;0;7;0;1;0;0;0;0;0;0;POINT (13.36850282 52.55234797)
2;2021;5;15;1;3;1;5;0;1;1;0;0;0;0;0;POINT (13.43976416 52.51922605)
11;2021;5;14;4;3;5;3;0;1;0;0;0;0;1;0;POINT (13.47782433 52.51017754)
2;2021;5;8;3;3;2;6;0;1;1;0;0;0;0;0;POINT (13.45489562 52.50785963)
1;2021;4;8;5;3;0;7;0;0;1;0;0;0;0;0;POINT (13.38529405 52.55033794)
11;2021;4;5;5;3;6;7;2;0;1;1;0;0;0;0;POINT (13.5016837 52.51300965)
4;2021;4;8;3;3;2;7;0;0;1;0;1;0;0;0;POINT (13.29515612 52.47565809)
2;2021;3;17;3;3;5;2;0;1;1;0;0;0;0;0;POINT (13.43209359 52.50941811)
3;2021;5;14;6;2;5;3;0;1;0;0;0;0;0;0;POINT (13.43787274 52.52988216)
1;2021;4;5;7;2;6;2;2;0;0;1;0;0;1;1;POINT (13.38473287 52.52922287)
2;2021;5;6;7;3;9;1;0;0;1;0;0;0;0;0;POINT (13.41861251 52.49922716)
11;2021;5;18;6;2;6;4;0;0;1;1;0;0;0;1;POINT (13.4971204 52.53919271)
10;2021;5;7;2;2;2;6;0;0;1;0;0;0;0;0;POINT (13.60969484 52.53276834)
12;2021;5;15;6;3;0;7;0;1;0;1;0;0;0;0;POINT (13.32596918 52.5874409)
4;2021;4;18;5;2;3;2;0;1;0;0;0;0;0;0;POINT (13.31888895 52.51925737)
6;2021;4;7;2;3;5;3;0;1;1;0;0;0;0;0;POINT (13.303497 52.43229965)
8;2021;5;20;4;2;0;1;2;1;0;0;0;0;0;1;POINT (13.49591083 52.43226405)
7;2021;5;6;5;3;5;2;0;0;1;0;1;0;0;0;POINT (13.37534039 52.45538398)
9;2021;3;17;2;3;0;6;0;1;1;0;0;0;0;0;POINT (13.45448623 52.49405501)
8;2021;4;21;6;3;6;4;2;0;1;1;0;0;0;0;POINT (13.4644828 52.4700889)
1;2021;3;11;7;3;9;1;0;0;0;0;1;0;0;0;POINT (13.34140261 52.50549498)
2;2021;5;11;1;3;6;2;0;0;1;1;0;0;0;0;POINT (13.45203319 52.52776273)
3;2021;5;15;5;3;5;2;0;1;0;0;0;0;1;1;POINT (13.44432109 52.57366447)
1;2021;5;21;3;3;1;5;2;1;1;0;0;0;0;0;POINT (13.4054194 52.53432479)
12;2021;4;16;4;3;6;7;0;0;0;1;0;0;1;0;POINT (13.3029514 52.64523651)
6;2021;5;15;7;3;5;2;0;1;1;0;0;0;0;1;POINT (13.30378325 52.45872763)
8;2021;4;11;2;3;5;3;0;0;1;0;0;0;0;0;POINT (13.43592505 52.4172202)
4;2021;4;11;4;2;5;2;0;0;1;0;1;0;0;0;POINT (13.31440019 52.50954706)
8;2021;3;15;3;3;0;3;0;1;1;0;0;0;0;0;POINT (13.44101657 52.47926868)
1;2021;4;19;7;3;5;2;1;1;1;0;0;0;0;0;POINT (13.38373363 52.55500228)
10;2021;5;15;1;2;0;1;0;1;0;0;0;0;0;0;POINT (13.59914122 52.52831314)
12;2021;5;13;6;2;0;1;0;0;0;0;0;0;1;0;POINT (13.33016413 52.56401803)
5;2021;4;18;1;3;6;2;0;0;1;1;0;0;0;0;POINT (13.16516935 52.53331486)
12;2021;5;12;1;3;5;2;0;0;1;0;1;0;0;0;POINT (13.31241468 52.57694811)
2;2021;5;14;6;3;5;3;0;1;1;0;0;0;0;0;POINT (13.41728093 52.49900702)
2;2021;4;13;3;3;5;3;0;1;1;0;0;0;0;0;POINT (13.40788524 52.50431568)
3;2021;5;10;4;3;6;3;0;0;1;1;0;0;0;0;POINT (13.42784899 52.56792799)
2;2021;4;10;1;3;0;7;0;1;0;0;0;0;0;0;POINT (13.43375869 52.49677259)
9;2021;3;14;3;3;1;5;0;1;1;0;0;0;0;0;POINT (13.66257957 52.41157561)
7;2021;4;15;3;3;0;7;0;1;1;0;0;0;0;0;POINT (13.39157424 52.45752799)
7;2021;5;11;3;3;6;6;0;1;0;1;0;0;0;0;POINT (13.39574086 52.38667295)
8;2021;4;15;2;3;6;4;0;0;1;1;0;0;0;0;POINT (13.46733525 52.42983128)
5;2021;3;17;1;3;6;2;0;0;1;1;0;0;0;0;POINT (13.19749065 52.5242933)
5;2021;4;8;5;2;5;2;0;1;1;0;0;0;0;0;POINT (13.19155943 52.54613821)
2;2021;3;17;5;3;2;6;1;0;1;0;0;0;0;0;POINT (13.43764162 52.50015016)
12;2021;5;8;1;3;5;3;0;0;1;0;0;1;0;0;POINT (13.32856608 52.56242388)
5;2021;5;17;1;3;0;6;0;0;1;0;0;0;1;0;POINT (13.1551364 52.53305464)
2;2021;4;15;3;3;5;2;0;1;1;0;0;0;0;0;POINT (13.40149779 52.50619698)
4;2021;5;0;6;3;0;7;2;0;1;0;0;0;1;0;POINT (13.32756937 52.50380491)
11;2021;4;3;1;3;5;3;2;0;1;0;0;0;0;0;POINT (13.49786613 52.4995672)
9;2021;5;13;5;2;5;2;0;0;1;0;0;0;0;0;POINT (13.51954899 52.42830437)
5;2021;4;12;2;2;0;6;0;0;1;0;0;0;1;0;POINT (13.19828072 52.53301711)
1;2021;4;12;6;3;1;5;0;1;1;0;0;0;0;0;POINT (13.37944051 52.55112444)
1;2021;4;16;2;3;2;2;0;0;1;0;1;0;0;0;POINT (13.41557938 52.52724447)
8;2021;5;18;4;3;0;2;0;1;1;0;0;0;0;1;POINT (13.4528546 52.47531226)
12;2021;4;9;4;3;2;6;0;0;1;0;0;0;0;0;POINT (13.32543546 52.58970283)
11;2021;3;8;1;3;5;2;0;1;1;0;0;0;0;0;POINT (13.47996186 52.52662642)
5;2021;4;14;7;2;5;2;0;0;1;0;0;0;0;0;POINT (13.19847814 52.54284567)
9;2021;3;22;5;3;3;6;2;0;1;0;0;0;0;0;POINT (13.48464785 52.44810111)
8;2021;5;16;2;3;2;6;0;0;1;0;0;0;0;0;POINT (13.43510855 52.42856708)
3;2021;5;13;2;3;0;2;0;1;1;0;0;0;0;0;POINT (13.36748421 52.58636334)
7;2021;4;14;4;3;5;2;0;1;1;0;0;0;0;0;POINT (13.4009311 52.41453729)
9;2021;5;8;5;3;5;3;0;0;1;0;0;0;0;0;POINT (13.58542532 52.42707376)
1;2021;4;14;3;3;5;2;0;1;1;0;0;0;0;0;POINT (13.37923161 52.52945131)
1;2021;3;11;2;3;2;6;0;0;1;0;0;0;0;0;POINT (13.39708151 52.53247678)
2;2021;4;12;5;3;1;5;0;1;1;0;0;0;0;0;POINT (13.42982139 52.50666909)
4;2021;5;15;1;3;5;7;0;1;0;0;0;0;1;0;POINT (13.29160128 52.50667107)
2;2021;3;16;2;2;1;5;0;1;0;0;0;0;1;0;POINT (13.40850181 52.50081295)
2;2021;4;11;1;3;0;1;0;1;0;0;0;0;0;0;POINT (13.45466192 52.51582398)
4;2021;5;8;1;2;1;7;0;0;1;0;0;0;0;0;POINT (13.32860063 52.49521025)
10;2021;5;6;4;2;5;2;0;1;1;0;0;0;0;0;POINT (13.57359192 52.54655353)
1;2021;5;21;3;3;5;3;2;0;1;0;0;0;1;0;POINT (13.32445414 52.53221916)
7;2021;4;18;3;3;1;5;0;1;1;0;0;0;0;0;POINT (13.39321366 52.45996768)
12;2021;4;17;5;3;3;6;0;0;1;0;1;0;0;0;POINT (13.34703374 52.59142494)
5;2021;4;15;4;3;1;7;0;1;1;0;0;0;0;0;POINT (13.20780469 52.53995287)
10;2021;5;14;1;3;5;3;0;1;1;0;0;0;0;0;POINT (13.5720494 52.51328414)
7;2021;5;19;3;3;0;7;0;0;0;0;1;0;0;1;POINT (13.3814614 52.46139182)
9;2021;4;6;3;2;6;4;0;0;0;1;0;0;1;0;POINT (13.59398115 52.45318451)
4;2021;3;1;3;2;6;4;2;0;0;1;0;0;1;0;POINT (13.3281828 52.47894018)
12;2021;5;11;1;3;2;6;0;0;1;0;0;0;0;0;POINT (13.32957774 52.58731686)
3;2021;4;19;1;3;5;2;0;0;1;0;0;0;0;0;POINT (13.42764315 52.56794047)
5;2021;5;9;1;3;5;2;0;0;1;0;0;0;1;0;POINT (13.18347719 52.54152612)
2;2021;5;19;1;3;2;6;0;0;1;0;0;0;0;0;POINT (13.39490303 52.49762595)
10;2021;5;11;5;3;2;1;0;0;1;0;0;0;0;1;POINT (13.6005641 52.5355837)
12;2021;4;9;2;3;2;7;0;0;1;0;0;0;0;0;POINT (13.32378726 52.58737161)
1;2021;5;14;4;3;1;5;0;1;1;0;0;0;0;0;POINT (13.3565772 52.52277529)
1;2021;4;7;1;3;3;6;0;1;0;0;0;0;1;0;POINT (13.38537585 52.53119582)
5;2021;4;13;5;2;5;2;0;1;1;0;0;0;0;0;POINT (13.13324983 52.52632606)
6;2021;5;20;4;3;2;2;0;0;1;0;0;0;0;1;POINT (13.25628249 52.42886546)
5;2021;4;12;3;3;1;5;0;1;1;0;0;0;0;0;POINT (13.27187844 52.53710028)
12;2021;3;15;1;3;2;2;0;0;1;0;1;0;0;0;POINT (13.33060714 52.56255929)
10;2021;4;17;4;3;5;2;0;0;1;0;0;0;0;0;POINT (13.60958067 52.53303437)
2;2021;3;9;4;3;5;2;0;1;1;0;0;0;0;0;POINT (13.41334459 52.49191691)
12;2021;5;13;3;3;6;4;0;0;1;1;0;0;0;0;POINT (13.34756307 52.59636546)
5;2021;5;14;1;3;5;2;0;0;1;0;0;0;1;0;POINT (13.22331723 52.53727292)
10;2021;4;16;3;3;2;6;0;0;1;0;0;0;0;0;POINT (13.55050962 52.54309052)
7;2021;5;10;6;3;1;5;0;1;1;0;0;0;0;0;POINT (13.33039819 52.47428573)
6;2021;4;19;7;3;2;6;1;1;0;0;1;0;0;0;POINT (13.1647402 52.43212258)
6;2021;5;19;4;3;1;5;0;0;1;0;0;0;0;0;POINT (13.33932896 52.4509701)
3;2021;4;12;1;3;2;7;0;0;1;0;0;0;0;0;POINT (13.48358547 52.61891249)
10;2021;3;22;2;2;3;7;2;0;1;0;0;0;1;0;POINT (13.52684063 52.53701452)
7;2021;4;15;3;3;5;2;0;1;1;0;0;0;0;0;POINT (13.34574377 52.50069043)
7;2021;5;12;5;3;5;3;0;1;1;0;0;0;0;1;POINT (13.33618464 52.46743143)
3;2021;5;13;4;3;0;5;0;0;1;0;1;0;0;0;POINT (13.46158076 52.57016807)
11;2021;4;1;7;3;3;6;2;1;1;0;0;0;0;1;POINT (13.48246787 52.53349468)
2;2021;3;14;3;3;5;3;0;0;0;0;1;0;1;0;POINT (13.45272356 52.51242901)
6;2021;4;15;3;3;5;3;0;0;1;0;1;0;0;0;POINT (13.30740005 52.41985087)
4;2021;5;17;3;3;0;1;0;0;0;0;1;0;0;0;POINT (13.30281001 52.50595423)
1;2021;4;19;2;3;1;5;0;0;1;0;0;0;0;0;POINT (13.4004836 52.51883251)
7;2021;3;17;7;3;5;3;0;0;1;0;0;0;0;0;POINT (13.40787068 52.45245744)
12;2021;4;22;4;3;1;5;2;0;1;0;0;1;0;0;POINT (13.34680427 52.5932314)
1;2021;3;16;4;3;2;6;0;0;1;0;0;0;0;0;POINT (13.37601889 52.55468306)
8;2021;5;18;1;3;6;4;0;0;1;1;0;0;0;1;POINT (13.49736641 52.41619378)
4;2021;5;11;1;3;3;6;0;0;1;0;1;0;0;0;POINT (13.31024661 52.51634596)
7;2021;4;17;3;3;5;3;0;1;0;0;0;0;0;0;POINT (13.41622764 52.45941279)
1;2021;5;20;7;3;5;2;0;1;1;0;0;0;0;0;POINT (13.37632216 52.54301614)
4;2021;5;11;4;3;3;2;0;0;1;0;0;0;0;0;POINT (13.29327312 52.53415139)
5;2021;4;11;2;3;2;6;0;0;1;0;0;0;0;0;POINT (13.23981169 52.52629933)
4;2021;4;7;4;3;5;2;0;1;1;0;0;0;0;0;POINT (13.28719257 52.49583258)
9;2021;4;16;3;3;5;7;0;1;1;0;0;0;0;0;POINT (13.52386653 52.45963926)
9;2021;5;13;5;2;1;5;0;1;1;0;0;0;0;0;POINT (13.58992731 52.44622414)
4;2021;4;12;4;3;5;3;0;1;1;0;0;0;0;0;POINT (13.2842205 52.48529266)
11;2021;3;12;2;3;0;7;0;0;1;0;0;0;0;0;POINT (13.47758261 52.5199544)
3;2021;4;15;5;3;5;2;0;1;1;0;0;0;0;0;POINT (13.42698987 52.55221287)
7;2021;3;13;5;3;1;5;0;1;0;0;0;0;1;0;POINT (13.37078546 52.49101727)
2;2021;5;19;2;3;5;2;0;0;1;0;0;0;0;1;POINT (13.3946506 52.50526811)
3;2021;5;7;2;3;2;7;0;1;1;0;0;0;0;1;POINT (13.43467597 52.53185803)
1;2021;4;8;4;3;3;6;0;0;1;0;0;0;0;0;POINT (13.32836159 52.53413014)
8;2021;4;20;5;3;0;6;1;0;1;0;0;0;1;0;POINT (13.4556866 52.4739477)
3;2021;4;16;2;3;2;6;0;0;1;0;0;0;0;0;POINT (13.40858413 52.55340149)
8;2021;3;14;2;3;1;5;0;1;1;0;0;0;0;0;POINT (13.44706529 52.42825093)
5;2021;4;12;5;3;0;2;0;0;1;0;0;0;1;0;POINT (13.20078929 52.53850211)
5;2021;5;21;6;3;5;2;1;1;1;0;0;0;0;0;POINT (13.19555983 52.52922967)
7;2021;3;18;2;2;5;3;0;1;0;0;1;0;0;0;POINT (13.34613789 52.49886831)
6;2021;4;15;1;3;2;6;0;0;1;0;0;0;0;0;POINT (13.24192557 52.4418339)
2;2021;5;23;7;3;1;5;2;1;1;0;0;0;0;0;POINT (13.42954047 52.52190878)
1;2021;5;10;4;3;5;2;0;1;1;0;0;0;0;0;POINT (13.33707297 52.51991881)
2;2021;5;19;3;2;6;4;0;0;1;1;0;0;0;1;POINT (13.43486597 52.50836553)
2;2021;5;14;4;3;5;2;0;1;1;0;0;0;0;0;POINT (13.38377269 52.4943576)
8;2021;4;18;3;3;5;2;0;1;1;0;0;0;0;0;POINT (13.44005158 52.48959502)
4;2021;4;11;5;3;1;5;0;1;0;0;0;0;1;0;POINT (13.30297737 52.509848)
11;2021;4;15;4;2;5;3;0;1;1;0;0;0;0;0;POINT (13.4808901 52.51509726)
8;2021;5;22;2;3;2;2;2;1;1;0;0;0;0;0;POINT (13.45396713 52.47966519)
11;2021;3;14;1;3;5;3;0;0;1;0;0;0;0;0;POINT (13.49895172 52.5075401)
1;2021;4;13;4;3;5;2;0;0;1;0;0;0;1;0;POINT (13.35470698 52.55191692)
12;2021;3;16;4;3;5;2;0;1;0;0;0;0;1;0;POINT (13.36467355 52.5627209)
4;2021;5;17;1;3;0;3;0;1;1;0;0;0;0;0;POINT (13.32623315 52.48637939)
1;2021;4;13;1;2;5;2;0;1;1;0;0;0;0;0;POINT (13.38010142 52.53279687)
1;2021;5;17;1;3;1;5;0;1;1;0;0;0;0;0;POINT (13.36397147 52.54377688)
2;2021;4;13;4;3;3;6;0;0;1;0;0;1;0;0;POINT (13.43156458 52.52332734)
11;2021;5;10;7;3;2;6;0;0;1;0;1;0;0;0;POINT (13.51938762 52.50717607)
9;2021;5;12;5;3;6;7;0;0;1;1;0;0;0;0;POINT (13.57828493 52.4571112)
3;2021;4;15;1;3;4;6;0;1;1;0;0;0;0;0;POINT (13.4709214 52.57271916)
2;2021;4;12;4;3;0;3;0;1;1;0;0;0;0;0;POINT (13.38293378 52.49152841)
2;2021;5;19;3;3;5;2;0;1;1;0;0;0;0;1;POINT (13.46478187 52.49762176)
4;2021;4;19;2;3;5;3;0;0;1;0;1;0;0;0;POINT (13.21842747 52.50888653)
4;2021;3;12;2;2;5;3;0;1;1;0;0;0;0;0;POINT (13.2673214 52.52026401)
2;2021;4;21;4;2;8;1;2;0;1;0;0;0;0;0;POINT (13.37674148 52.49154739)
3;2021;3;12;5;3;5;2;0;1;1;0;0;0;0;1;POINT (13.44713941 52.56483885)
1;2021;5;12;3;3;5;2;0;1;1;0;0;0;0;0;POINT (13.35324426 52.54770064)
4;2021;5;16;3;3;5;2;0;1;0;0;0;0;1;0;POINT (13.28226619 52.5337734)
2;2021;4;18;4;3;5;3;0;0;1;0;0;0;1;0;POINT (13.39963952 52.49844923)
1;2021;4;14;2;3;6;4;0;0;1;1;0;0;0;1;POINT (13.3738368 52.54746785)
1;2021;5;22;5;3;0;1;2;1;0;0;0;0;0;0;POINT (13.38143003 52.51522658)
9;2021;4;13;1;3;5;3;0;0;1;0;0;0;0;0;POINT (13.53119254 52.405138)
9;2021;3;9;2;3;2;6;0;0;1;0;0;0;0;0;POINT (13.50857091 52.46372137)
6;2021;4;12;2;3;5;3;0;0;1;0;0;0;0;0;POINT (13.26531915 52.44194169)
11;2021;5;18;5;2;6;4;0;0;0;1;0;0;1;0;POINT (13.50536805 52.54880586)
9;2021;4;9;3;2;0;7;0;1;0;0;0;0;0;0;POINT (13.66646354 52.44859279)
6;2021;3;5;3;2;0;7;2;1;0;0;0;0;0;0;POINT (13.22965388 52.43249214)
3;2021;4;17;5;3;5;3;0;0;1;0;0;0;1;0;POINT (13.43248936 52.54825636)
12;2021;3;14;6;3;6;4;0;0;1;1;0;0;0;1;POINT (13.36026806 52.59868751)
2;2021;5;14;1;2;3;6;0;0;1;0;1;0;0;0;POINT (13.40904282 52.4928674)
6;2021;5;18;4;3;5;3;0;1;0;0;0;0;0;0;POINT (13.24243892 52.42336712)
5;2021;5;11;3;3;5;3;0;1;0;0;0;0;1;0;POINT (13.16530353 52.55101227)
1;2021;4;11;6;3;3;6;0;0;1;0;1;0;0;0;POINT (13.35771818 52.53610527)
4;2021;5;15;7;3;5;3;0;1;1;0;0;0;0;1;POINT (13.30727971 52.49901967)
12;2021;4;6;2;3;5;7;0;1;1;0;0;0;0;0;POINT (13.33314091 52.57891676)
7;2021;3;13;3;3;6;4;0;0;1;1;0;0;0;0;POINT (13.42062797 52.39319419)
7;2021;4;18;6;3;5;3;0;0;1;0;0;0;1;0;POINT (13.40220239 52.4397065)
12;2021;5;17;6;2;1;5;0;0;1;0;0;0;0;1;POINT (13.34288055 52.56658811)
2;2021;5;23;6;3;1;5;2;1;1;0;0;0;0;0;POINT (13.42592552 52.50357432)
4;2021;4;17;1;3;5;3;0;1;1;0;0;0;0;0;POINT (13.31108889 52.50658725)
2;2021;5;15;2;3;2;6;0;0;1;0;1;0;0;0;POINT (13.45482996 52.51565524)
7;2021;5;15;6;2;1;5;0;1;1;0;0;0;0;0;POINT (13.36068412 52.49598463)
1;2021;5;8;4;3;1;5;0;1;1;0;0;0;0;1;POINT (13.4061122 52.53177459)
3;2021;4;7;1;3;6;4;0;0;1;1;0;0;0;1;POINT (13.43276911 52.59629999)
3;2021;3;14;3;2;0;1;0;1;0;0;0;0;0;0;POINT (13.42518638 52.58074704)
6;2021;4;13;3;3;2;6;0;0;1;0;0;0;1;0;POINT (13.35828441 52.44577698)
9;2021;3;10;1;3;0;3;0;1;1;0;0;0;0;0;POINT (13.62630686 52.46037407)
12;2021;4;15;6;3;1;7;0;0;1;0;1;0;0;0;POINT (13.32008103 52.57269396)
11;2021;3;14;5;3;0;4;0;1;0;1;0;0;0;0;POINT (13.49204619 52.50318267)
4;2021;5;9;1;2;5;2;0;0;1;0;1;0;0;0;POINT (13.32034406 52.47879678)
11;2021;5;15;4;2;6;4;0;0;1;1;1;0;0;0;POINT (13.47152214 52.5355251)
1;2021;5;9;3;3;5;2;0;1;1;0;0;0;0;0;POINT (13.39883461 52.53259954)
7;2021;4;9;4;2;5;3;0;1;1;0;0;0;0;0;POINT (13.34066855 52.49933888)
6;2021;4;17;4;3;5;7;0;0;1;0;0;0;0;0;POINT (13.19145672 52.43374519)
9;2021;4;0;2;3;3;6;2;0;1;0;0;1;0;0;POINT (13.56231013 52.42132684)
4;2021;3;15;3;2;0;3;0;0;1;0;1;0;0;0;POINT (13.24966979 52.51557478)
1;2021;4;19;5;3;1;5;0;1;1;0;0;0;0;0;POINT (13.35752033 52.54531863)
3;2021;5;15;6;3;2;6;0;1;1;0;0;0;0;0;POINT (13.3995139 52.54644554)
2;2021;3;17;2;3;3;6;0;0;0;0;0;0;1;0;POINT (13.39373059 52.49812807)
7;2021;4;13;1;3;1;5;0;1;0;0;0;0;1;0;POINT (13.32627059 52.47739714)
1;2021;5;6;2;3;1;5;0;0;1;0;1;0;0;0;POINT (13.36101348 52.54457461)
10;2021;5;19;5;3;5;3;0;0;1;0;0;0;0;1;POINT (13.57401618 52.54408682)
4;2021;5;19;3;3;8;1;0;0;1;0;0;0;0;1;POINT (13.24574635 52.51556118)
1;2021;5;12;4;3;5;7;0;1;1;0;0;0;0;0;POINT (13.34919714 52.55204519)
8;2021;4;21;5;3;3;6;2;0;1;0;0;0;0;0;POINT (13.43363053 52.45210495)
5;2021;3;10;3;3;5;3;0;0;1;0;0;0;0;0;POINT (13.19671763 52.52735835)
8;2021;4;21;2;3;2;6;2;0;1;0;0;0;0;0;POINT (13.47252723 52.46517389)
6;2021;4;15;2;3;2;6;0;1;1;0;0;0;0;0;POINT (13.32762999 52.42265446)
5;2021;5;9;2;3;6;7;0;1;0;1;0;0;0;0;POINT (13.19339643 52.52397852)
12;2021;3;18;1;3;3;6;0;1;0;0;0;0;0;0;POINT (13.23904233 52.61945134)
4;2021;4;17;3;2;5;2;0;0;1;0;0;0;0;0;POINT (13.33771412 52.50516802)
3;2021;3;17;4;3;5;3;0;0;1;0;0;0;0;0;POINT (13.47014089 52.60809303)
1;2021;5;8;2;3;5;3;0;1;1;0;0;0;0;0;POINT (13.39417829 52.50881487)
12;2021;4;16;6;3;2;2;0;0;1;0;0;0;0;0;POINT (13.3174328 52.5799824)
8;2021;5;16;1;3;5;3;0;0;1;0;0;0;0;0;POINT (13.50804272 52.40372272)
3;2021;4;10;3;3;5;3;0;0;1;0;0;0;0;0;POINT (13.38950147 52.58610485)
8;2021;5;9;6;3;2;6;0;0;1;0;0;0;1;0;POINT (13.41133082 52.48156234)
1;2021;5;18;5;3;5;2;0;1;0;0;0;0;0;1;POINT (13.39759399 52.52875341)
7;2021;4;15;2;3;3;6;0;0;1;0;0;0;0;0;POINT (13.3705761 52.49272746)
2;2021;4;12;5;2;5;2;0;1;0;0;0;0;1;0;POINT (13.37674876 52.49144188)
12;2021;5;15;3;3;5;3;0;0;1;0;0;0;0;0;POINT (13.31642575 52.60601273)
5;2021;4;11;2;3;2;6;0;0;1;0;0;0;0;0;POINT (13.20275445 52.54009666)
11;2021;3;13;2;3;5;3;0;1;1;0;0;0;0;0;POINT (13.48960553 52.5120984)
9;2021;4;12;5;3;1;5;0;1;1;0;0;0;0;0;POINT (13.56923633 52.44334269)
10;2021;3;14;5;3;5;3;0;0;1;0;0;0;0;0;POINT (13.59186941 52.50739389)
1;2021;5;7;2;3;0;2;0;1;1;0;0;0;0;0;POINT (13.37705541 52.50859615)
11;2021;5;15;2;3;6;2;0;0;1;1;0;0;0;0;POINT (13.52808471 52.56776796)
4;2021;4;15;5;3;0;2;0;1;0;0;0;0;1;0;POINT (13.29722772 52.51172437)
4;2021;4;14;2;3;2;6;0;0;1;0;0;0;0;0;POINT (13.30580243 52.50678623)
3;2021;5;10;5;2;6;2;0;0;1;1;0;0;0;0;POINT (13.45275547 52.54857438)
1;2021;4;8;2;3;5;3;0;1;0;0;0;0;1;0;POINT (13.41733264 52.51243275)
8;2021;3;9;2;3;5;2;0;0;1;0;0;0;0;0;POINT (13.43473675 52.4620482)
4;2021;4;16;3;3;3;6;0;0;1;0;0;0;0;1;POINT (13.29314291 52.53454382)
4;2021;5;22;5;3;2;2;2;0;1;0;0;0;0;0;POINT (13.32193078 52.50206878)
2;2021;3;18;3;3;5;2;0;1;1;0;0;0;0;0;POINT (13.37928529 52.49220898)
8;2021;4;18;6;3;5;2;0;1;1;0;0;0;0;0;POINT (13.42453285 52.48646203)
9;2021;3;11;6;2;5;3;0;1;0;0;0;0;1;0;POINT (13.50435965 52.46869743)
9;2021;5;16;1;3;5;7;0;0;1;0;0;0;0;0;POINT (13.46610371 52.4804349)
4;2021;5;15;5;3;2;6;0;0;1;0;0;0;0;1;POINT (13.29710068 52.52675888)
5;2021;5;14;3;3;5;2;0;0;1;0;1;0;0;0;POINT (13.13018323 52.53622559)
1;2021;4;12;5;3;5;7;0;0;1;0;0;0;0;0;POINT (13.35669253 52.53563249)
9;2021;5;9;7;3;0;7;0;0;1;0;0;0;0;1;POINT (13.63653647 52.47512795)
6;2021;4;19;3;2;0;1;1;0;0;0;1;0;0;0;POINT (13.29849983 52.43246677)
1;2021;3;16;3;2;5;3;0;1;1;0;0;0;0;0;POINT (13.3500792 52.52092312)
11;2021;4;5;1;3;5;3;2;1;0;0;0;0;1;1;POINT (13.5402375 52.56525565)
2;2021;5;13;7;3;5;2;0;1;1;0;0;0;0;1;POINT (13.39702863 52.50533589)
2;2021;5;10;6;3;0;3;0;1;0;0;1;0;0;0;POINT (13.42155325 52.50448379)
10;2021;4;6;1;3;5;3;0;0;1;0;0;0;0;0;POINT (13.54876651 52.55784088)
6;2021;5;9;2;3;2;7;0;0;1;0;0;0;0;0;POINT (13.32388946 52.4454117)
4;2021;5;17;6;3;5;2;0;1;1;0;0;0;0;0;POINT (13.31118228 52.50650674)
8;2021;5;17;4;3;6;4;0;0;1;1;0;0;0;0;POINT (13.43317192 52.47703663)
2;2021;4;16;7;3;6;4;0;0;0;1;0;0;1;1;POINT (13.44880044 52.5242643)
12;2021;4;13;4;3;2;2;0;0;1;0;0;0;0;0;POINT (13.34843647 52.59627573)
12;2021;5;22;3;3;0;1;2;0;0;0;1;0;0;1;POINT (13.31656072 52.58696212)
1;2021;4;16;2;2;3;6;0;1;0;0;0;0;0;0;POINT (13.41814273 52.51768477)
3;2021;3;15;1;3;2;6;0;1;1;0;0;0;0;0;POINT (13.43208262 52.59393131)
1;2021;4;16;4;2;5;3;0;1;1;0;0;0;0;0;POINT (13.36300384 52.50978474)
7;2021;3;5;4;2;5;2;1;0;1;0;1;0;0;0;POINT (13.35024548 52.41430368)