bez;ujahr;umonat;ustunde;uwochentag;ukategorie;uart;utyp1;ulichtverh;istrad;istpkw;istfuss;istkrad;istgkfz;istsonstige;ustrzustand;geometry
1;2021;5;8;1;3;1;5;0;1;1;0;0;0;0;0;POINT (13.40159827 52.53323684)
1;2021;4;15;7;3;5;3;0;0;1;0;0;0;1;0;POINT (13.39212441 52.54652411)
4;2021;5;10;1;3;5;2;0;0;1;0;0;1;0;0;POINT (13.28115648 52.48210068)
9;2021;4;11;3;3;5;2;0;1;1;0;0;0;0;0;POINT (13.56935802 52.44470818)
4;2021;5;15;7;3;1;5;0;0;1;0;0;0;1;0;POINT (13.30329369 52.50793606)
6;2021;4;18;6;3;5;3;0;0;1;0;0;0;0;0;POINT (13.20889439 52.42705243)
6;2021;5;12;5;3;2;2;0;0;1;0;0;0;0;0;POINT (13.26495381 52.44172896)
4;2021;4;11;1;3;5;2;0;1;1;0;0;0;0;0;POINT (13.32034405 52.47888462)
1;2021;4;9;6;3;2;6;0;0;1;0;0;0;0;0;POINT (13.37668678 52.55409943)
7;2021;4;16;3;3;0;6;0;0;0;0;1;0;0;1;POINT (13.38125028 52.44109903)
1;2021;5;15;3;2;2;6;0;0;0;0;1;0;1;0;POINT (13.3840665 52.51022771)
4;2021;4;12;3;2;0;5;0;1;1;0;0;0;0;0;POINT (13.31773965 52.4945609)
5;2021;3;14;2;3;5;3;0;1;1;0;0;0;0;0;POINT (13.21357836 52.53858617)
1;2021;4;15;5;3;2;6;0;0;1;0;1;0;0;0;POINT (13.36619239 52.50582854)
6;2021;3;10;5;3;5;3;0;0;1;0;0;0;0;0;POINT (13.27344323 52.45604427)
1;2021;5;0;2;3;5;3;2;1;1;0;0;0;0;1;POINT (13.35611141 52.54325163)
4;2021;5;19;2;3;2;6;1;1;1;0;0;0;0;0;POINT (13.33525481 52.50439892)
8;2021;3;20;1;3;5;2;2;0;1;0;0;0;0;0;POINT (13.43848319 52.45259092)
9;2021;4;11;4;3;5;2;0;1;1;0;0;0;0;0;POINT (13.54129044 52.4353232)
10;2021;3;15;4;3;5;3;0;0;1;0;0;0;1;0;POINT (13.5989784 52.48184768)
1;2021;5;12;1;3;5;2;0;0;1;0;0;0;0;0;POINT (13.37116003 52.51112012)
8;2021;4;14;6;2;6;4;0;0;1;1;0;0;0;0;POINT (13.44381282 52.47978829)
6;2021;5;12;1;3;2;6;0;0;1;0;0;0;0;0;POINT (13.26790041 52.40900657)
5;2021;4;13;4;2;6;4;0;0;0;1;0;0;1;0;POINT (13.20400054 52.56863286)
5;2021;5;13;7;3;2;6;0;1;1;0;0;0;0;0;POINT (13.23141132 52.52775839)
5;2021;5;23;4;3;1;7;2;0;1;0;0;0;0;0;POINT (13.20729249 52.54777778)
9;2021;4;14;2;3;5;2;0;0;1;0;0;0;0;0;POINT (13.5935872 52.44443356)
1;2021;4;15;5;3;0;1;0;1;0;0;0;0;0;0;POINT (13.38986931 52.52572201)
11;2021;4;16;3;3;6;4;0;0;1;1;0;0;0;0;POINT (13.50151461 52.54917061)
1;2021;4;7;2;3;0;7;0;0;1;0;0;0;0;0;POINT (13.31516869 52.52579264)
8;2021;5;13;3;3;6;7;0;1;0;1;0;0;0;0;POINT (13.43003325 52.45462161)
12;2021;4;13;2;3;1;5;0;1;1;0;0;0;0;0;POINT (13.29743225 52.60477309)
7;2021;3;11;1;2;5;2;0;0;1;0;0;0;0;0;POINT (13.40684314 52.39376966)
1;2021;4;0;5;3;8;1;2;0;1;0;0;0;0;0;POINT (13.37539846 52.5207774)
1;2021;3;18;5;2;3;6;0;0;1;0;1;0;0;0;POINT (13.40154269 52.52937496)
10;2021;5;15;3;3;6;2;0;0;1;1;0;0;0;0;POINT (13.56312159 52.54146824)
1;2021;5;14;2;3;5;2;0;0;1;0;0;1;0;0;POINT (13.38134918 52.55213581)
12;2021;4;22;4;3;4;6;2;0;1;0;0;0;0;1;POINT (13.26671065 52.57590821)
2;2021;4;19;1;3;5;7;0;0;1;0;1;0;0;0;POINT (13.39569155 52.50703989)
5;2021;5;10;5;3;2;7;0;0;1;0;1;0;0;0;POINT (13.23651841 52.52706157)
12;2021;4;12;3;3;5;2;0;0;1;0;0;0;1;0;POINT (13.34799395 52.57848243)
4;2021;3;17;1;3;5;2;0;0;1;0;0;0;1;0;POINT (13.31582486 52.48185498)
1;2021;4;20;4;3;3;6;2;0;1;0;0;0;0;0;POINT (13.40482205 52.5135483)
3;2021;4;21;2;3;0;3;2;1;1;0;0;0;0;1;POINT (13.38976021 52.57429667)
8;2021;5;9;5;3;5;3;0;1;1;0;0;0;0;1;POINT (13.42019168 52.47694953)
4;2021;5;23;5;3;5;3;2;0;1;0;0;0;0;0;POINT (13.31958897 52.47172045)
2;2021;3;20;3;2;0;7;1;1;0;0;0;0;0;0;POINT (13.38522478 52.49324994)
9;2021;4;12;1;3;8;7;0;0;1;0;0;0;0;0;POINT (13.48168716 52.44545233)
1;2021;3;16;7;3;5;2;0;1;1;0;0;0;0;0;POINT (13.3989814 52.53263117)
2;2021;5;11;1;3;0;2;0;0;0;0;1;0;0;1;POINT (13.46246345 52.51978876)
7;2021;5;10;4;3;5;2;0;1;1;0;0;0;0;0;POINT (13.33740119 52.47298989)
10;2021;5;17;3;3;3;6;0;0;1;0;0;0;0;0;POINT (13.58960584 52.52817908)
7;2021;4;17;5;3;7;7;0;0;0;0;1;0;0;0;POINT (13.41571689 52.45963385)
8;2021;5;15;7;3;2;6;0;0;1;0;0;0;0;1;POINT (13.42533928 52.47992125)
8;2021;4;17;3;2;5;7;0;0;1;0;0;0;1;0;POINT (13.48209319 52.43012255)
11;2021;3;21;3;2;5;2;2;0;1;0;0;0;0;0;POINT (13.50235503 52.48335526)
12;2021;5;16;6;3;0;3;0;1;1;0;0;0;0;0;POINT (13.29265541 52.57869035)
6;2021;4;9;1;3;2;6;0;0;1;0;0;1;0;0;POINT (13.25979446 52.42947056)
9;2021;4;16;1;3;0;6;0;1;1;0;0;0;1;0;POINT (13.45479374 52.48500478)
1;2021;5;16;1;3;5;2;0;1;1;0;0;0;0;0;POINT (13.38550009 52.50751727)
1;2021;5;12;2;3;6;2;0;0;1;1;0;0;0;0;POINT (13.34080363 52.55499505)
1;2021;5;17;6;3;0;2;0;1;1;0;0;0;0;0;POINT (13.37252234 52.52742445)
3;2021;5;21;3;2;9;1;2;0;1;0;0;0;0;0;POINT (13.44230473 52.59990845)
4;2021;4;16;6;3;6;4;0;0;1;1;0;0;0;0;POINT (13.28046696 52.51833658)
1;2021;3;11;3;2;3;6;0;1;0;0;0;0;0;0;POINT (13.38971285 52.53174677)
12;2021;5;18;4;3;5;3;0;1;1;0;0;0;0;1;POINT (13.28860731 52.63286256)
4;2021;4;13;2;3;2;6;0;0;1;0;0;0;0;0;POINT (13.3263735 52.53770499)
11;2021;3;4;1;3;6;2;2;0;1;1;0;0;0;0;POINT (13.5032088 52.57586768)
5;2021;4;11;5;3;5;3;0;1;1;0;0;0;0;0;POINT (13.12227188 52.45448311)
12;2021;3;14;4;3;5;3;0;0;1;0;0;0;1;0;POINT (13.28533058 52.58775895)
3;2021;5;14;1;3;0;3;0;0;1;0;1;0;0;0;POINT (13.36961227 52.59739566)
8;2021;4;19;1;3;2;2;0;1;1;0;0;0;0;0;POINT (13.44948913 52.4515702)
9;2021;5;16;1;3;0;1;0;1;0;0;0;0;0;0;POINT (13.57530656 52.44752442)
7;2021;4;13;3;3;2;6;0;0;1;0;0;0;0;0;POINT (13.34495989 52.48669197)
4;2021;5;9;7;3;9;1;0;1;0;0;0;0;0;0;POINT (13.26793966 52.48458716)
7;2021;4;21;6;3;5;2;2;1;0;0;0;0;0;0;POINT (13.32949651 52.4682754)
1;2021;5;8;4;3;0;6;0;0;0;0;0;0;1;0;POINT (13.39833382 52.51550303)
9;2021;4;9;2;3;5;2;0;1;1;0;0;0;0;0;POINT (13.57725445 52.45576544)
11;2021;4;20;4;3;5;3;2;0;1;0;0;0;1;0;POINT (13.47522876 52.50155608)
2;2021;4;10;3;3;2;6;0;0;1;0;0;0;1;1;POINT (13.37676682 52.49122037)
2;2021;5;8;5;3;5;3;0;1;1;0;0;0;0;1;POINT (13.43515871 52.50147943)
10;2021;4;15;4;3;2;6;0;0;1;0;0;0;0;0;POINT (13.52651867 52.52550613)
9;2021;3;11;2;3;2;6;0;0;1;0;0;0;1;0;POINT (13.56921324 52.44347567)
2;2021;4;9;7;2;0;1;0;1;0;0;0;0;0;0;POINT (13.42781969 52.5111937)
1;2021;3;6;5;3;3;6;0;1;1;0;0;0;0;1;POINT (13.4049614 52.51465048)
4;2021;5;8;3;3;5;2;0;0;1;0;0;0;0;0;POINT (13.3008635 52.47394458)
10;2021;5;17;2;3;2;6;0;0;1;0;0;0;0;0;POINT (13.55722552 52.53453774)
1;2021;4;22;5;3;5;3;2;0;1;0;0;0;0;0;POINT (13.38884588 52.5169338)
4;2021;4;15;3;3;3;6;0;0;1;0;1;0;0;0;POINT (13.2788569 52.50328403)
7;2021;3;15;1;3;5;3;0;0;1;0;0;0;0;0;POINT (13.41385271 52.39446503)
12;2021;4;12;5;2;5;3;0;0;1;0;0;0;0;0;POINT (13.36781106 52.60273729)
1;2021;4;19;2;3;5;2;1;1;1;0;0;0;0;0;POINT (13.40372787 52.52605861)
4;2021;5;19;7;3;6;7;0;0;1;1;0;0;0;0;POINT (13.3040029 52.49935409)
3;2021;3;16;3;3;5;3;0;1;1;0;0;0;0;0;POINT (13.42696857 52.55221644)
8;2021;4;18;1;3;5;2;0;1;0;0;0;0;1;0;POINT (13.42409798 52.48633376)
3;2021;5;9;1;3;5;2;0;1;0;0;0;0;1;0;POINT (13.42882467 52.57900075)
1;2021;5;17;4;3;5;3;0;0;1;0;0;0;0;0;POINT (13.37545595 52.54031802)
5;2021;5;18;3;3;2;6;0;0;1;0;1;0;0;0;POINT (13.20102675 52.51221251)
8;2021;4;14;5;2;6;4;0;0;1;1;0;0;0;0;POINT (13.45030701 52.4715412)
1;2021;4;6;4;2;5;3;0;0;1;0;0;0;1;0;POINT (13.35937674 52.52330327)
8;2021;4;16;5;3;0;6;0;0;1;0;0;0;1;0;POINT (13.43622167 52.4837227)
1;2021;5;11;2;3;1;7;0;0;1;0;0;1;0;0;POINT (13.3869452 52.51792887)
8;2021;5;16;2;3;5;3;0;0;1;0;0;0;1;0;POINT (13.45207679 52.45274085)
7;2021;4;11;5;3;5;2;0;0;1;0;0;0;0;0;POINT (13.34627229 52.50107391)
8;2021;5;15;5;3;2;2;0;0;1;0;0;0;0;1;POINT (13.46077072 52.46813843)
4;2021;4;21;2;2;6;4;2;0;1;1;0;0;0;0;POINT (13.28516977 52.49425207)
6;2021;3;15;1;3;2;7;0;1;1;0;0;0;0;0;POINT (13.25069417 52.42782055)
4;2021;4;13;5;3;5;3;0;0;1;0;0;0;0;0;POINT (13.26456938 52.51467465)
7;2021;4;11;2;3;5;3;0;0;1;0;0;0;0;0;POINT (13.37822343 52.47746084)
7;2021;5;12;5;3;0;7;0;0;1;0;1;0;0;1;POINT (13.40370059 52.44846914)
7;2021;5;12;5;1;6;2;0;0;0;1;0;1;0;0;POINT (13.38586758 52.46858605)
7;2021;3;15;2;3;5;2;0;1;1;0;0;0;0;0;POINT (13.37866592 52.45085784)
4;2021;4;11;1;3;0;7;0;1;0;0;0;0;0;0;POINT (13.29709299 52.5104021)
2;2021;5;13;1;2;5;3;0;1;1;0;0;0;0;0;POINT (13.45491168 52.51207401)
12;2021;5;13;5;3;0;7;0;0;1;0;1;0;0;0;POINT (13.34030419 52.6067202)
6;2021;5;8;3;3;1;5;0;1;1;0;0;0;0;0;POINT (13.24469281 52.42941474)
1;2021;4;13;6;3;5;2;0;0;1;0;1;0;0;0;POINT (13.34446214 52.53830732)
11;2021;5;20;6;3;0;7;2;0;1;0;0;0;1;0;POINT (13.53538221 52.56133631)
8;2021;4;14;3;3;1;5;0;1;0;0;0;0;1;0;POINT (13.43407678 52.49004862)
2;2021;3;8;3;2;3;6;0;1;1;0;0;0;0;0;POINT (13.39335006 52.49407926)
2;2021;5;18;6;3;2;6;0;1;1;0;0;0;0;0;POINT (13.4226748 52.49918409)
10;2021;4;13;1;3;5;3;0;1;1;0;0;0;0;0;POINT (13.58565555 52.52364433)
4;2021;5;15;1;3;5;2;0;1;1;0;0;0;0;0;POINT (13.28076089 52.47677782)
3;2021;5;17;2;3;5;3;0;0;1;0;0;0;0;0;POINT (13.50307709 52.63658051)
1;2021;5;16;6;3;5;3;0;0;1;0;0;0;0;0;POINT (13.37545722 52.54031809)
5;2021;5;15;4;3;5;2;0;0;1;0;0;0;0;0;POINT (13.15793352 52.53309108)
5;2021;4;21;6;2;6;2;2;0;1;1;0;0;0;1;POINT (13.1989183 52.55395218)
1;2021;3;12;3;3;5;3;0;1;1;0;0;0;0;0;POINT (13.37697388 52.51077478)
8;2021;4;15;2;3;3;6;0;0;1;0;1;0;0;0;POINT (13.43068458 52.46857511)
2;2021;5;16;3;3;3;6;0;1;1;0;0;0;0;0;POINT (13.39300728 52.4974573)
10;2021;4;17;2;3;3;6;0;1;1;0;0;0;0;0;POINT (13.59000788 52.52896688)
8;2021;3;16;1;3;6;2;0;0;1;1;0;0;0;0;POINT (13.46199208 52.42242699)
7;2021;4;19;4;3;1;5;0;0;1;0;0;0;0;0;POINT (13.36022057 52.41269952)
12;2021;3;10;4;3;2;6;0;0;1;0;0;0;0;0;POINT (13.31762056 52.58019994)
5;2021;5;17;1;3;2;6;0;0;1;0;0;0;1;0;POINT (13.24593451 52.52485893)
4;2021;5;18;2;3;2;6;0;0;1;0;0;0;0;0;POINT (13.26429549 52.50876358)
4;2021;4;15;3;3;5;2;0;1;1;0;0;0;0;0;POINT (13.28134779 52.50821492)
1;2021;5;9;7;2;5;3;0;1;1;0;0;0;0;0;POINT (13.40021762 52.50950347)
9;2021;4;17;6;3;0;1;0;0;0;0;1;0;0;1;POINT (13.57803977 52.44731565)
1;2021;5;18;5;2;5;7;0;0;1;0;1;0;0;0;POINT (13.36920456 52.55042333)
11;2021;4;11;2;3;2;7;0;0;1;0;0;0;0;0;POINT (13.50100969 52.54693907)
12;2021;3;16;2;3;5;3;0;0;1;0;0;0;1;1;POINT (13.31728116 52.58817316)
10;2021;4;12;2;3;5;3;0;0;1;0;0;0;0;0;POINT (13.5385137 52.55427592)
12;2021;5;13;5;3;0;3;0;0;1;0;0;0;0;1;POINT (13.30071551 52.57954905)
8;2021;4;18;3;3;5;2;0;1;1;0;0;0;0;0;POINT (13.43469305 52.44032814)
1;2021;3;14;2;3;1;5;0;1;1;0;0;0;0;0;POINT (13.37717137 52.5545669)
4;2021;4;17;5;3;1;5;0;1;1;0;0;0;0;0;POINT (13.30021719 52.49897398)
1;2021;3;13;5;3;3;6;0;1;1;0;0;0;0;0;POINT (13.396311 52.54613947)
9;2021;5;18;1;3;1;5;0;1;1;0;0;0;0;0;POINT (13.53588021 52.45258833)
4;2021;5;16;4;3;5;2;0;1;1;0;0;0;0;0;POINT (13.32942603 52.48173453)
3;2021;5;19;3;3;2;6;0;1;1;0;0;0;0;0;POINT (13.45430209 52.5514317)
11;2021;4;14;4;3;2;6;0;0;1;0;0;0;0;0;POINT (13.45863982 52.5270608)
7;2021;4;15;5;3;0;4;0;0;0;1;0;0;1;0;POINT (13.35060043 52.4077519)
8;2021;4;18;2;3;6;4;0;0;1;1;0;0;0;0;POINT (13.43242704 52.48541088)
8;2021;3;9;3;3;3;6;0;1;1;0;0;0;0;0;POINT (13.43393935 52.48174521)
4;2021;4;20;5;3;5;2;2;0;1;0;0;0;0;0;POINT (13.32365546 52.49378168)
8;2021;5;10;6;3;2;6;0;0;1;0;0;0;0;0;POINT (13.43305671 52.46474608)
8;2021;3;17;2;3;0;1;0;1;0;0;0;0;0;0;POINT (13.47349386 52.4324691)
2;2021;4;7;1;3;1;6;0;1;1;0;0;0;0;0;POINT (13.40468247 52.50449614)
2;2021;5;13;1;3;5;2;0;0;1;0;1;0;0;0;POINT (13.42677942 52.51173744)
7;2021;5;19;6;3;5;3;0;0;1;0;0;0;0;0;POINT (13.38435177 52.48159251)
6;2021;5;12;2;3;5;2;0;1;1;0;0;0;0;0;POINT (13.29860915 52.44122432)
4;2021;5;17;4;3;5;2;0;1;0;0;0;0;1;0;POINT (13.32599623 52.51866557)
12;2021;4;7;5;3;1;7;0;0;1;0;0;1;0;0;POINT (13.32491406 52.56276387)
3;2021;4;14;4;3;5;3;0;1;1;0;0;0;0;0;POINT (13.4787908 52.55571285)
5;2021;5;10;2;2;9;7;0;0;0;0;0;0;1;0;POINT (13.16195464 52.5231228)
7;2021;3;18;1;3;1;5;0;1;1;0;0;0;0;0;POINT (13.32914355 52.46551036)
4;2021;4;8;4;3;0;5;0;0;1;0;1;0;0;0;POINT (13.31424049 52.48125873)
4;2021;3;11;3;3;0;7;0;1;0;0;0;0;0;1;POINT (13.33666301 52.5006324)
12;2021;5;16;2;3;2;6;0;0;1;0;1;0;0;0;POINT (13.34802428 52.6077479)
1;2021;4;12;1;3;1;5;0;1;1;0;0;0;0;0;POINT (13.40079938 52.52893258)
10;2021;5;10;1;3;0;7;0;0;0;0;1;0;1;0;POINT (13.52905137 52.51793068)
3;2021;4;14;3;3;5;3;0;0;1;0;1;0;0;0;POINT (13.41773302 52.58410753)
9;2021;5;14;7;3;0;7;0;1;0;0;0;0;0;0;POINT (13.52038963 52.44245479)
9;2021;5;13;5;3;6;2;0;0;1;1;0;0;0;0;POINT (13.48139808 52.46091322)
8;2021;4;18;6;3;6;4;0;0;1;1;0;0;0;0;POINT (13.50344266 52.40087788)
12;2021;4;22;4;3;8;1;2;0;0;0;1;0;0;0;POINT (13.32546925 52.56975989)
8;2021;5;19;3;3;2;6;0;1;1;0;0;0;0;1;POINT (13.42653112 52.47669659)
1;2021;4;17;2;3;5;3;0;0;1;0;0;0;0;0;POINT (13.34340179 52.54939801)
9;2021;3;5;2;2;5;3;2;1;1;0;0;0;0;0;POINT (13.56227054 52.43734282)
6;2021;4;8;5;3;5;3;0;0;1;0;0;0;0;0;POINT (13.3377125 52.44375803)
3;2021;3;17;5;3;5;2;0;0;1;0;1;0;0;0;POINT (13.42875349 52.58824497)
9;2021;5;19;2;3;9;1;0;0;1;0;0;0;0;1;POINT (13.49227407 52.45803724)
12;2021;5;8;2;3;5;2;0;0;1;0;0;1;0;1;POINT (13.31331741 52.57538388)
8;2021;4;14;3;3;0;4;0;1;0;1;0;0;0;0;POINT (13.43828118 52.48467372)
2;2021;3;18;3;2;5;3;0;1;1;0;0;0;0;0;POINT (13.41212684 52.5031564)
8;2021;5;6;2;3;5;2;0;0;1;0;0;0;1;0;POINT (13.43588394 52.45885093)
1;2021;4;5;1;3;2;6;0;0;1;0;0;0;1;1;POINT (13.34626563 52.54765133)
7;2021;5;16;1;3;2;2;0;0;1;0;1;0;0;0;POINT (13.35988571 52.47538868)
1;2021;5;20;1;3;5;3;0;1;1;0;0;0;0;0;POINT (13.38328572 52.51141625)
11;2021;5;14;5;3;0;6;0;0;1;0;1;0;0;0;POINT (13.47971454 52.52353813)
8;2021;5;18;3;3;5;3;0;1;1;0;0;0;0;0;POINT (13.46081349 52.46816165)
1;2021;4;12;7;3;2;6;0;0;1;0;0;0;0;1;POINT (13.34575842 52.54507541)
1;2021;4;21;5;3;1;5;2;1;1;0;0;0;0;0;POINT (13.40807202 52.52492907)
8;2021;5;11;3;3;6;4;0;1;0;1;0;0;0;0;POINT (13.43521499 52.46047725)
1;2021;4;19;2;3;1;5;1;0;1;0;0;0;0;0;POINT (13.3761124 52.55368758)
8;2021;3;18;7;3;6;6;0;1;0;1;0;0;0;0;POINT (13.42945944 52.46613923)
1;2021;4;8;4;3;5;3;0;1;1;0;0;0;0;0;POINT (13.39028855 52.50859326)
6;2021;3;15;4;3;2;6;0;0;1;0;1;0;0;0;POINT (13.31466322 52.43650577)
9;2021;5;6;3;3;5;2;0;0;1;0;0;0;0;0;POINT (13.47375702 52.47498221)
4;2021;5;17;2;3;2;2;0;0;1;0;0;0;0;0;POINT (13.27342201 52.49998134)
2;2021;4;8;4;3;1;5;0;1;1;0;0;0;0;1;POINT (13.43690437 52.50365156)
1;2021;5;12;6;3;5;3;0;0;1;0;0;0;0;0;POINT (13.39077199 52.51573735)
9;2021;4;7;2;3;0;1;0;1;0;0;0;0;0;0;POINT (13.53481419 52.45182471)
8;2021;5;15;5;3;0;1;0;0;0;0;0;0;1;0;POINT (13.48165878 52.42550259)
9;2021;4;10;1;3;5;3;0;1;0;0;0;0;1;0;POINT (13.54918817 52.43012948)
5;2021;3;14;1;3;5;3;0;0;1;0;0;1;0;0;POINT (13.19947676 52.534764)
8;2021;4;18;2;2;6;7;1;0;0;1;1;0;0;1;POINT (13.50427437 52.41988762)
1;2021;5;19;5;3;5;3;0;0;1;0;0;0;0;1;POINT (13.35003324 52.54508244)
5;2021;4;10;3;3;5;2;0;0;1;0;0;0;0;0;POINT (13.16528697 52.55111946)
9;2021;3;9;2;3;5;3;0;1;1;0;0;0;0;0;POINT (13.57525949 52.45383895)
3;2021;4;8;7;3;6;4;0;0;1;1;0;0;0;0;POINT (13.41355728 52.54965005)
1;2021;3;14;5;3;5;3;0;1;1;0;0;0;0;1;POINT (13.37742846 52.52216094)
12;2021;5;9;1;2;0;1;0;0;1;0;0;0;0;0;POINT (13.33969543 52.58702805)
12;2021;5;16;4;3;2;2;0;0;1;0;0;0;0;0;POINT (13.34660027 52.56696805)
1;2021;5;17;3;2;5;3;0;1;1;0;0;0;0;0;POINT (13.41409431 52.51132261)
5;2021;4;10;5;3;5;3;0;0;1;0;0;0;0;0;POINT (13.21773358 52.56038647)
3;2021;4;15;4;3;5;7;0;1;1;0;0;0;0;0;POINT (13.42245485 52.5598747)
8;2021;4;12;3;3;5;3;0;0;1;0;1;0;0;0;POINT (13.44030083 52.41935731)
11;2021;3;19;3;3;5;2;2;1;1;0;0;0;0;0;POINT (13.46888746 52.53135042)
9;2021;4;18;3;2;2;6;1;0;1;0;0;0;0;0;POINT (13.54860383 52.42763976)
5;2021;5;13;6;3;2;6;0;0;1;0;1;0;0;0;POINT (13.1953416 52.53547317)
4;2021;5;17;6;3;5;3;0;0;1;0;0;0;0;1;POINT (13.27859684 52.47099654)
8;2021;4;8;2;3;2;2;0;0;1;0;0;0;0;0;POINT (13.42413712 52.44162131)
12;2021;5;17;2;3;5;3;0;1;1;0;0;0;0;0;POINT (13.36306544 52.5801896)
11;2021;5;22;5;3;1;1;2;0;1;0;0;0;0;1;POINT (13.53271579 52.51303786)
4;2021;5;17;4;2;2;7;0;0;1;1;0;0;0;0;POINT (13.28556317 52.47935112)
2;2021;4;15;7;3;5;3;0;1;1;0;0;0;0;1;POINT (13.41360374 52.48839787)
7;2021;3;13;3;3;2;6;0;0;1;0;1;0;0;0;POINT (13.34497981 52.49144527)
8;2021;5;9;2;3;1;5;0;0;1;0;0;0;0;0;POINT (13.4351917 52.4264629)
7;2021;3;19;7;3;0;3;0;1;0;0;0;0;1;0;POINT (13.36258167 52.49387887)
1;2021;4;20;3;3;3;5;2;0;1;0;0;0;0;0;POINT (13.37219024 52.55585726)
2;2021;3;12;4;3;0;7;0;1;0;0;0;0;0;0;POINT (13.37669683 52.48901651)
8;2021;5;13;2;3;1;5;0;1;1;0;0;0;0;0;POINT (13.44043804 52.483603)
4;2021;4;15;7;3;5;7;0;1;1;0;0;0;0;0;POINT (13.31918518 52.48652294)
4;2021;5;2;1;3;0;1;2;1;0;0;0;0;0;0;POINT (13.27171948 52.54604054)
11;2021;4;14;3;2;2;7;0;0;1;0;1;0;0;0;POINT (13.48198346 52.5064448)
5;2021;5;15;7;3;5;2;0;1;1;0;0;0;0;0;POINT (13.24414739 52.54404032)
4;2021;4;12;3;3;5;3;0;1;1;0;0;0;0;0;POINT (13.29001692 52.47014986)
3;2021;5;13;5;3;5;3;0;1;0;0;0;0;1;0;POINT (13.3942197 52.56498139)
6;2021;4;16;1;3;5;3;0;1;0;0;1;0;0;0;POINT (13.33608727 52.43349669)
4;2021;4;15;4;3;0;7;0;0;0;0;1;0;0;0;POINT (13.28173211 52.51153121)
8;2021;4;16;3;2;5;3;0;0;1;1;0;0;0;0;POINT (13.45587928 52.47388437)
5;2021;5;15;3;3;2;6;0;0;1;0;0;0;0;0;POINT (13.12671438 52.46814355)
5;2021;4;20;3;3;5;3;1;1;1;0;0;0;0;0;POINT (13.21984976 52.56024279)
5;2021;3;14;2;3;5;2;0;1;1;0;0;0;0;0;POINT (13.17489452 52.51371799)
2;2021;4;6;4;3;5;2;0;0;1;0;0;1;0;0;POINT (13.38885295 52.49937793)
1;2021;3;19;6;2;1;5;1;1;1;0;0;0;0;0;POINT (13.38930957 52.55014751)
2;2021;5;18;3;3;5;3;1;1;1;0;0;0;0;1;POINT (13.44396115 52.50011564)
1;2021;5;12;2;3;5;2;0;1;1;0;0;0;0;0;POINT (13.37725701 52.55363867)
12;2021;4;11;5;3;2;6;0;0;1;0;0;0;0;0;POINT (13.35043197 52.5963787)
9;2021;4;13;2;3;2;2;0;0;1;0;0;0;0;0;POINT (13.593425 52.44249682)
9;2021;5;5;6;3;5;2;0;1;1;0;0;0;0;0;POINT (13.51110061 52.44489888)
3;2021;4;17;2;3;9;1;0;0;1;0;0;0;0;0;POINT (13.43877534 52.55564581)
1;2021;3;3;2;2;6;2;2;0;1;1;0;0;0;1;POINT (13.37680948 52.50950218)
8;2021;4;10;5;3;5;3;0;1;0;0;1;0;0;0;POINT (13.42453002 52.48621115)
12;2021;5;12;5;3;2;4;0;0;1;1;0;0;0;1;POINT (13.3220724 52.56555971)
5;2021;5;15;5;3;5;2;0;1;1;0;0;0;0;0;POINT (13.19697306 52.55384341)
4;2021;3;19;3;3;5;3;0;1;1;0;0;0;0;0;POINT (13.28420991 52.48529773)
7;2021;4;18;5;3;1;5;0;1;1;0;0;0;0;0;POINT (13.35345779 52.49267624)
12;2021;3;10;6;3;5;7;0;0;1;0;0;0;0;1;POINT (13.33291274 52.57785631)
3;2021;5;7;1;3;5;3;0;0;1;0;1;0;0;0;POINT (13.45256417 52.53413696)
9;2021;5;16;5;3;5;3;0;1;1;0;0;0;0;1;POINT (13.52221575 52.42846095)
1;2021;5;17;3;3;1;5;0;1;1;0;0;0;0;0;POINT (13.41057499 52.51015685)
3;2021;4;0;6;3;5;3;2;0;1;0;0;0;0;0;POINT (13.40646191 52.56538069)
1;2021;5;14;7;3;2;6;0;0;1;0;1;0;0;0;POINT (13.38305215 52.54231524)
12;2021;4;18;3;3;5;2;0;1;1;0;0;0;0;0;POINT (13.32430149 52.56493291)
1;2021;3;17;3;3;5;5;0;0;1;0;0;0;0;0;POINT (13.33391226 52.5436357)
2;2021;4;11;5;3;6;4;0;0;0;1;1;0;0;0;POINT (13.40823704 52.49848444)
12;2021;4;17;1;2;5;3;0;0;1;0;0;0;0;0;POINT (13.28698656 52.58619774)
12;2021;5;17;5;3;2;6;0;1;1;0;0;0;0;0;POINT (13.22090473 52.60625133)
9;2021;4;15;2;3;0;1;0;1;0;0;0;0;0;0;POINT (13.62516187 52.45453442)
1;2021;3;7;2;3;3;6;0;0;1;0;0;1;0;0;POINT (13.32964032 52.52287806)
4;2021;4;12;3;3;0;1;0;0;0;0;1;0;0;0;POINT (13.29368868 52.5338981)
9;2021;5;12;5;1;6;7;0;0;1;1;0;0;0;0;POINT (13.62440539 52.45508598)
3;2021;4;11;4;2;5;3;0;0;1;0;0;0;0;0;POINT (13.39814908 52.5848884)