bez;ujahr;umonat;ustunde;uwochentag;ukategorie;uart;utyp1;ulichtverh;istrad;istpkw;istfuss;istkrad;istgkfz;istsonstige;ustrzustand;geometry
1;2021;3;16;3;3;5;2;0;1;1;0;0;0;0;0;POINT (13.34963251 52.5350958)
10;2021;4;9;6;3;1;5;0;0;1;0;0;0;1;0;POINT (13.52704431 52.51599045)
12;2021;3;17;7;3;1;5;0;0;1;0;0;0;1;0;POINT (13.31046329 52.62201617)
11;2021;5;15;1;3;2;6;0;0;1;0;0;0;0;0;POINT (13.47787934 52.51460945)
10;2021;5;14;5;3;5;3;0;0;1;0;0;0;0;0;POINT (13.60231957 52.53594988)
6;2021;5;22;3;3;5;2;2;1;1;0;0;0;0;0;POINT (13.25105894 52.45009093)
2;2021;4;12;6;3;3;6;0;0;1;0;0;0;0;0;POINT (13.43259532 52.52316447)
2;2021;5;18;6;3;2;6;0;0;1;0;0;0;0;0;POINT (13.42102531 52.49917185)
6;2021;4;7;2;3;6;4;1;0;1;1;0;0;0;0;POINT (13.35496216 52.4276175)
8;2021;3;14;3;3;2;7;0;1;1;0;0;0;0;0;POINT (13.42688451 52.47588637)
3;2021;4;13;6;3;0;2;0;1;1;0;0;0;0;0;POINT (13.45415288 52.56225293)
1;2021;4;8;1;3;5;3;0;1;1;0;0;0;0;0;POINT (13.37312066 52.54229992)
7;2021;5;21;7;3;2;6;2;0;1;0;0;0;0;0;POINT (13.34743092 52.45926388)
6;2021;5;17;6;3;1;7;0;0;1;0;0;0;0;0;POINT (13.27398026 52.43560604)
3;2021;4;16;2;1;6;7;0;0;0;1;0;1;0;0;POINT (13.42969685 52.55117578)
10;2021;5;5;2;3;3;6;0;0;1;0;0;0;1;0;POINT (13.5390018 52.53940734)
11;2021;5;10;5;3;0;1;0;0;0;0;1;0;0;1;POINT (13.52162465 52.55396008)
3;2021;5;17;4;3;5;3;0;1;1;0;0;0;0;0;POINT (13.43207547 52.5465299)
2;2021;4;19;3;3;5;7;1;0;1;0;0;0;0;0;POINT (13.40247938 52.49410164)
5;2021;4;8;1;3;5;2;0;1;0;0;0;1;0;0;POINT (13.2080235 52.55817731)
1;2021;4;12;4;3;1;5;0;0;1;0;1;0;0;0;POINT (13.34987659 52.53453117)
1;2021;5;18;3;2;1;5;0;1;1;0;0;0;0;0;POINT (13.37549368 52.5378316)
2;2021;4;15;2;3;2;6;0;0;1;0;0;0;0;0;POINT (13.44479826 52.49958705)
10;2021;3;13;1;3;2;6;0;0;1;0;0;0;0;0;POINT (13.53996666 52.53957988)
4;2021;4;11;5;3;5;3;0;1;0;0;0;0;1;0;POINT (13.28004245 52.50640872)
9;2021;3;15;4;3;6;7;0;0;0;1;1;0;0;0;POINT (13.568053 52.45401518)
9;2021;5;10;1;3;0;2;0;1;1;0;0;0;0;0;POINT (13.53226524 52.46172628)
9;2021;4;15;7;3;4;6;0;0;1;0;0;0;0;0;POINT (13.61549693 52.42969916)
1;2021;5;14;1;3;5;3;0;1;1;0;0;0;0;0;POINT (13.34095487 52.50511149)
9;2021;4;7;3;3;5;2;2;1;1;0;0;0;0;0;POINT (13.54251671 52.41932954)
8;2021;5;12;6;3;5;3;0;1;0;0;0;0;0;0;POINT (13.49727237 52.41851554)
7;2021;4;23;6;3;1;7;2;0;1;0;1;0;0;0;POINT (13.37367591 52.46704807)
1;2021;5;20;4;2;6;7;1;0;1;1;0;0;0;0;POINT (13.3919376 52.56376963)
2;2021;4;15;2;3;5;3;0;0;1;0;1;0;0;0;POINT (13.46318315 52.51152013)
12;2021;4;18;4;3;6;7;1;1;0;1;0;0;0;0;POINT (13.31285293 52.57418767)
5;2021;4;11;3;2;5;3;0;0;1;0;0;1;0;1;POINT (13.12301371 52.47193602)
1;2021;5;15;3;2;1;5;0;1;1;0;0;0;0;0;POINT (13.3381251 52.52329903)
7;2021;4;10;3;3;2;2;0;0;1;0;0;0;0;0;POINT (13.3409795 52.49993485)
6;2021;3;16;2;2;5;3;0;1;0;0;0;0;1;0;POINT (13.22384775 52.43746691)
1;2021;4;18;6;3;5;3;0;0;1;0;0;0;0;0;POINT (13.34845233 52.54177272)
8;2021;3;12;5;3;5;2;0;1;1;0;0;0;0;0;POINT (13.45189599 52.45247774)
9;2021;5;10;3;3;2;6;0;0;1;0;0;0;0;0;POINT (13.62888881 52.42398367)
7;2021;5;20;2;3;2;6;1;0;1;0;0;0;0;0;POINT (13.36178845 52.49774657)
5;2021;4;16;4;2;6;4;0;0;1;1;0;0;0;0;POINT (13.20060059 52.54928941)
4;2021;5;10;6;3;2;6;0;0;1;0;0;0;0;0;POINT (13.28080913 52.51835774)
3;2021;4;19;2;3;5;3;0;1;1;0;0;0;0;0;POINT (13.42871357 52.54778438)
8;2021;3;17;2;3;5;3;1;1;1;0;0;0;0;0;POINT (13.47806673 52.44214398)
6;2021;4;14;4;3;5;2;0;0;1;0;1;0;0;0;POINT (13.34173235 52.45059544)
3;2021;4;11;2;3;0;1;0;0;0;0;0;0;1;0;POINT (13.43274757 52.55737678)
9;2021;5;20;4;3;3;6;0;1;1;0;0;0;0;1;POINT (13.67455332 52.41941197)
4;2021;5;17;5;3;2;7;0;0;1;0;1;0;0;0;POINT (13.30941476 52.49907976)
6;2021;3;21;3;3;0;2;2;0;1;0;1;0;0;0;POINT (13.25652266 52.42912807)
11;2021;4;11;1;3;1;5;0;0;1;0;0;0;0;0;POINT (13.49561457 52.54010744)
6;2021;3;12;6;3;5;2;0;0;1;0;0;0;0;0;POINT (13.28407304 52.4456684)
5;2021;5;18;1;3;1;5;0;0;1;0;0;0;1;0;POINT (13.19766008 52.52318003)
10;2021;5;13;4;3;5;3;0;0;1;0;0;0;0;1;POINT (13.600653 52.47912047)
1;2021;5;19;3;3;3;6;0;0;1;0;0;0;0;0;POINT (13.37746779 52.55657442)
7;2021;4;16;5;3;1;5;0;1;1;0;0;0;0;0;POINT (13.3580213 52.48869163)
4;2021;5;15;1;3;6;4;0;0;1;1;0;0;0;0;POINT (13.31393734 52.49910787)
4;2021;4;14;3;3;5;2;0;1;1;0;0;0;0;0;POINT (13.27797148 52.51835407)
9;2021;3;13;3;3;2;6;0;0;1;0;0;0;0;0;POINT (13.47158731 52.4534529)
4;2021;5;18;6;3;5;3;0;0;1;0;0;0;0;0;POINT (13.26140831 52.51787242)
4;2021;4;10;1;3;0;3;0;1;1;0;0;0;0;0;POINT (13.30513975 52.49558027)
12;2021;5;14;1;3;5;2;0;1;0;0;0;0;1;0;POINT (13.33072369 52.56258855)
6;2021;5;21;6;3;6;7;2;0;0;1;0;0;1;0;POINT (13.32083399 52.45518653)
5;2021;5;14;2;2;2;2;0;0;1;0;1;0;0;0;POINT (13.15797924 52.54305587)
9;2021;5;20;6;2;8;1;1;0;1;0;0;0;0;0;POINT (13.50282889 52.46033533)
4;2021;5;13;3;3;0;3;0;1;1;0;0;0;0;0;POINT (13.28523697 52.51287292)
10;2021;4;17;7;3;5;3;0;0;1;0;0;0;1;1;POINT (13.60116274 52.53684627)
9;2021;4;14;4;3;5;3;0;0;1;0;0;0;0;0;POINT (13.56499302 52.44546814)
5;2021;4;12;2;3;2;6;0;0;1;0;0;0;0;0;POINT (13.23022394 52.54210658)
6;2021;4;11;1;3;2;6;0;0;1;0;0;0;0;0;POINT (13.34482269 52.46189942)
5;2021;5;20;4;3;1;5;2;0;1;0;0;0;0;1;POINT (13.19797555 52.51746333)
4;2021;4;19;2;3;5;3;0;0;1;0;0;0;0;0;POINT (13.31161407 52.468176)
3;2021;3;15;7;3;5;3;0;0;1;0;1;0;0;0;POINT (13.4884568 52.6178155)
11;2021;4;15;4;2;1;7;0;0;1;0;0;0;0;1;POINT (13.50624196 52.53656386)
7;2021;3;22;4;3;6;2;2;0;1;1;0;0;0;0;POINT (13.35436958 52.49918272)
9;2021;5;6;2;3;0;2;0;1;0;0;0;0;1;0;POINT (13.55279852 52.42776357)
8;2021;4;19;7;3;1;5;2;1;1;0;0;0;0;0;POINT (13.43447191 52.41615485)
4;2021;5;20;1;3;0;7;1;0;0;0;1;0;0;1;POINT (13.29941198 52.50684242)
12;2021;4;18;3;3;5;2;0;0;1;0;0;0;1;0;POINT (13.33545168 52.56518191)
9;2021;5;17;7;3;5;2;0;1;1;0;0;0;0;0;POINT (13.55174595 52.42847875)
8;2021;4;14;6;3;5;2;0;0;1;0;0;0;0;0;POINT (13.46019451 52.43189235)
11;2021;4;18;7;3;2;6;0;0;1;0;0;0;0;0;POINT (13.46972648 52.50233033)
7;2021;5;14;7;3;2;7;0;0;1;0;0;0;0;0;POINT (13.40992986 52.43904732)
12;2021;5;13;6;3;5;3;0;0;1;0;0;0;0;1;POINT (13.29153741 52.64195175)
4;2021;4;8;1;3;5;2;0;1;1;0;0;0;0;0;POINT (13.33574032 52.51362566)
1;2021;5;13;1;3;2;6;0;0;1;0;0;0;1;0;POINT (13.36139796 52.54772598)
2;2021;5;11;5;3;5;2;0;1;0;0;0;1;0;1;POINT (13.4089029 52.50416435)
2;2021;5;7;4;3;5;2;0;1;0;0;0;0;1;0;POINT (13.43000598 52.52328828)
3;2021;4;15;1;3;5;3;0;1;1;0;0;0;0;0;POINT (13.42700967 52.55220956)
3;2021;3;14;3;2;5;3;0;1;1;0;0;0;0;0;POINT (13.42699597 52.55221185)
3;2021;5;7;3;3;3;6;0;1;0;0;0;1;0;0;POINT (13.37403638 52.59760866)
1;2021;4;15;2;3;5;3;0;0;1;0;1;0;0;0;POINT (13.39507452 52.50797636)
8;2021;3;16;1;3;2;6;0;1;1;0;0;0;0;0;POINT (13.43566958 52.42466538)
4;2021;4;16;4;3;5;2;0;0;1;0;0;0;0;0;POINT (13.32623697 52.53803842)
12;2021;3;19;4;3;1;5;2;1;1;0;0;0;0;0;POINT (13.32656682 52.56447208)
6;2021;5;12;1;3;5;3;0;1;1;0;0;0;0;0;POINT (13.3108023 52.44294362)
2;2021;4;17;6;3;1;5;0;0;1;0;0;0;0;0;POINT (13.41641584 52.49963969)
8;2021;5;15;1;3;0;1;0;1;0;0;0;0;0;0;POINT (13.43125322 52.46787235)
6;2021;4;15;3;2;0;6;0;0;1;0;1;0;0;0;POINT (13.27281083 52.40963614)
11;2021;5;0;6;3;1;5;2;0;0;0;1;0;1;1;POINT (13.4855398 52.50669378)
12;2021;4;15;7;2;5;2;0;0;1;0;1;0;0;0;POINT (13.31192298 52.56793183)
1;2021;5;18;4;3;2;7;0;0;1;0;0;0;1;0;POINT (13.37584171 52.50924807)
1;2021;4;13;2;3;2;6;0;0;1;0;0;0;0;0;POINT (13.37917429 52.55301316)
1;2021;4;12;6;3;2;6;0;0;1;0;0;0;0;0;POINT (13.33430812 52.54112956)
2;2021;4;16;2;3;5;2;0;1;0;0;0;0;1;1;POINT (13.37653176 52.4877061)
7;2021;5;15;3;3;5;2;0;1;1;0;0;0;0;0;POINT (13.32787422 52.47243284)
8;2021;4;15;4;3;0;6;0;0;0;0;0;0;1;0;POINT (13.43471125 52.46192427)
10;2021;3;7;2;3;2;6;0;0;1;0;0;0;0;0;POINT (13.57187276 52.54676872)
12;2021;4;10;7;3;0;2;0;1;0;0;1;0;0;0;POINT (13.2258623 52.62774037)
10;2021;3;9;5;3;4;5;0;1;1;0;0;0;0;0;POINT (13.53364738 52.5176548)
10;2021;5;16;2;3;0;7;0;0;1;0;0;0;0;0;POINT (13.58944277 52.52785915)
10;2021;5;15;2;3;2;6;0;0;1;0;0;0;0;0;POINT (13.56249886 52.49963453)
8;2021;4;13;5;3;5;7;0;0;1;0;1;0;0;0;POINT (13.4501308 52.48604155)
4;2021;5;15;5;3;2;6;0;0;1;0;0;0;0;0;POINT (13.27350703 52.50897283)
7;2021;4;14;3;3;2;6;0;0;1;0;0;0;0;0;POINT (13.37761086 52.44258528)
7;2021;3;12;2;3;5;7;0;0;1;0;1;0;0;0;POINT (13.35344403 52.50140535)
7;2021;4;5;4;3;5;3;2;1;1;0;0;0;0;1;POINT (13.39635928 52.39674452)
2;2021;4;12;2;3;6;4;0;0;1;1;0;0;0;0;POINT (13.43008312 52.51054257)
9;2021;5;15;1;3;5;3;0;1;0;0;0;0;0;0;POINT (13.69953656 52.4225792)
9;2021;3;19;2;3;2;6;0;0;1;0;0;0;1;0;POINT (13.55832821 52.45551052)
11;2021;4;11;1;2;0;3;0;0;1;0;0;0;1;0;POINT (13.49573853 52.52295978)
3;2021;5;16;1;3;5;2;0;0;1;0;0;0;0;0;POINT (13.43443524 52.54955872)
2;2021;5;20;3;3;5;3;2;0;1;0;0;0;0;0;POINT (13.39071748 52.49217221)
3;2021;5;22;3;3;1;5;2;0;1;0;1;0;0;0;POINT (13.40865899 52.53755126)
2;2021;4;9;5;3;5;2;0;1;1;0;0;0;0;0;POINT (13.42314167 52.48678606)
5;2021;3;16;3;3;5;2;0;1;1;0;0;0;0;0;POINT (13.20707626 52.533318)
4;2021;5;19;7;3;5;2;0;0;1;0;0;0;0;1;POINT (13.28523416 52.47966833)
9;2021;5;13;3;3;2;5;0;0;1;0;0;0;0;0;POINT (13.4786322 52.44278238)
2;2021;4;9;3;2;5;5;0;1;1;0;0;0;0;0;POINT (13.4365248 52.49256278)
1;2021;3;8;3;2;5;3;0;0;1;0;0;0;1;0;POINT (13.38276775 52.55395119)
1;2021;5;13;1;3;0;7;0;1;0;0;0;0;0;0;POINT (13.32768706 52.52428379)
8;2021;4;13;1;3;5;3;0;1;1;0;0;0;0;0;POINT (13.44089828 52.46089442)
12;2021;5;15;1;3;2;6;0;0;1;0;0;0;0;0;POINT (13.3464767 52.59714127)
3;2021;5;11;1;3;5;2;0;0;1;0;0;0;1;0;POINT (13.41103012 52.55398832)
1;2021;5;20;5;3;1;5;1;1;1;0;0;0;0;1;POINT (13.33671709 52.52658276)
3;2021;5;14;4;3;2;6;0;0;1;0;0;0;0;0;POINT (13.44192604 52.55478794)
6;2021;4;14;7;2;5;3;0;0;1;0;0;0;1;0;POINT (13.32632523 52.44751267)
1;2021;4;17;4;3;1;5;0;0;1;0;1;0;0;0;POINT (13.37990685 52.55141525)
7;2021;5;14;3;3;5;3;0;0;0;0;1;0;1;0;POINT (13.3980887 52.46514246)
2;2021;4;19;3;3;4;7;0;1;0;1;0;0;0;0;POINT (13.44057043 52.50178883)
4;2021;3;15;7;3;6;7;0;0;1;1;0;0;0;0;POINT (13.32966593 52.50738336)
8;2021;4;18;4;3;2;6;0;0;1;0;0;0;0;0;POINT (13.46257137 52.42335611)
7;2021;3;14;4;3;5;3;0;0;1;0;0;0;0;0;POINT (13.37054366 52.46892095)
4;2021;5;19;3;3;2;2;0;0;1;0;0;0;0;1;POINT (13.27498112 52.51283957)
5;2021;5;13;1;3;2;3;0;0;1;0;0;0;0;0;POINT (13.24134114 52.53859731)
8;2021;4;16;3;3;5;3;0;1;1;0;0;0;0;0;POINT (13.40642264 52.42748152)
5;2021;5;23;7;3;1;5;2;1;1;0;0;0;0;0;POINT (13.20644804 52.5333834)
9;2021;4;17;7;3;5;2;0;1;1;0;0;0;0;0;POINT (13.58201129 52.44283575)
6;2021;5;19;5;3;5;3;0;0;1;0;1;0;0;0;POINT (13.34506221 52.43707749)
4;2021;4;13;2;3;2;6;0;0;1;0;0;0;0;0;POINT (13.28577216 52.49517955)
2;2021;3;19;2;3;0;2;0;1;0;0;0;0;1;0;POINT (13.38934847 52.49610841)
6;2021;4;17;2;3;0;6;0;1;1;0;0;0;0;0;POINT (13.3296167 52.44567164)
8;2021;5;19;5;3;1;5;0;1;1;0;0;0;0;0;POINT (13.42891544 52.48578224)
12;2021;4;18;4;3;5;3;0;1;1;0;0;0;0;0;POINT (13.2401833 52.61879502)
3;2021;3;9;1;3;2;6;0;0;0;0;1;0;1;0;POINT (13.43326985 52.60643456)
8;2021;4;17;6;3;5;3;0;1;1;0;0;0;0;0;POINT (13.44832706 52.46845666)
2;2021;3;19;5;3;0;3;2;1;0;0;0;0;1;0;POINT (13.42213019 52.49917878)
7;2021;5;16;1;3;5;2;0;1;1;0;0;0;0;0;POINT (13.32839253 52.46496203)
2;2021;5;19;4;3;1;5;0;1;1;0;0;0;0;0;POINT (13.44047416 52.51659426)
3;2021;5;20;3;3;6;4;1;0;1;1;0;0;0;0;POINT (13.4654176 52.55753986)
8;2021;4;15;3;3;5;3;0;1;1;0;0;0;0;0;POINT (13.46648847 52.43346523)
12;2021;4;12;5;3;3;2;0;0;1;0;0;0;1;0;POINT (13.33451481 52.60351323)
3;2021;4;8;2;2;5;2;0;0;1;0;1;0;0;0;POINT (13.36507233 52.59006819)
1;2021;3;12;3;3;5;3;0;1;1;0;0;0;0;0;POINT (13.39088419 52.51584761)
3;2021;4;15;5;3;2;6;0;0;1;0;0;0;0;0;POINT (13.42043629 52.60650283)
4;2021;5;11;6;3;0;2;0;0;1;0;0;0;1;0;POINT (13.27418413 52.51922695)
3;2021;5;9;5;3;1;5;0;1;1;0;0;0;0;0;POINT (13.41644799 52.54485209)
1;2021;4;19;1;3;5;7;0;0;1;0;1;0;0;1;POINT (13.38553165 52.55019612)
5;2021;4;17;4;3;0;7;0;1;0;0;0;0;0;0;POINT (13.26109571 52.54402576)
6;2021;4;19;2;3;0;2;1;1;1;0;0;0;0;1;POINT (13.29370703 52.45804837)
4;2021;4;18;2;2;5;3;0;1;0;0;1;0;0;1;POINT (13.30307195 52.50556871)
4;2021;5;17;4;3;0;1;0;1;0;0;0;0;0;1;POINT (13.33114225 52.50526235)
8;2021;4;6;3;3;5;2;0;1;0;0;0;0;1;0;POINT (13.43408877 52.46313441)
1;2021;3;8;1;3;6;4;0;1;0;1;0;0;0;0;POINT (13.34570815 52.54735878)
2;2021;4;15;5;3;5;2;0;1;1;0;0;0;0;0;POINT (13.45148974 52.52039007)
4;2021;3;9;5;2;5;2;0;1;1;0;0;0;0;1;POINT (13.31402489 52.50621528)
12;2021;5;14;2;3;2;6;0;0;1;0;0;0;0;1;POINT (13.32458876 52.58761154)
5;2021;5;9;1;3;5;2;0;0;1;0;0;0;0;0;POINT (13.19230106 52.53409914)
12;2021;4;17;4;3;6;7;0;0;1;1;0;0;0;1;POINT (13.3634257 52.57151745)
4;2021;4;16;2;3;0;6;0;0;1;0;1;0;0;0;POINT (13.31923356 52.49217204)
7;2021;3;15;2;2;4;6;0;0;1;0;0;0;0;0;POINT (13.36772098 52.44932025)
6;2021;4;14;5;3;6;4;0;0;1;1;0;0;0;0;POINT (13.24399604 52.42570872)
9;2021;4;8;2;3;2;6;0;0;1;0;0;0;1;0;POINT (13.4780892 52.45477834)
10;2021;5;13;6;3;5;2;0;1;1;0;0;0;0;0;POINT (13.59181667 52.54546437)
1;2021;5;12;6;3;1;5;0;1;1;0;0;0;0;1;POINT (13.39646531 52.50894955)
11;2021;3;16;2;3;2;7;0;0;1;0;0;0;0;0;POINT (13.50443764 52.53697127)
9;2021;4;14;1;3;5;3;0;1;1;0;0;0;0;0;POINT (13.57525949 52.45383895)
6;2021;5;15;1;3;5;3;0;1;0;0;0;0;1;0;POINT (13.32071357 52.4570199)
3;2021;5;18;4;3;5;2;0;1;0;0;0;0;0;0;POINT (13.39740726 52.57129612)
11;2021;5;18;3;3;2;6;0;0;1;0;0;0;0;0;POINT (13.48895133 52.54225105)
6;2021;4;10;5;3;5;3;0;0;1;0;0;0;0;0;POINT (13.30306353 52.42905069)
5;2021;3;11;3;2;2;6;0;0;1;0;0;0;0;0;POINT (13.19550099 52.55527308)
7;2021;5;18;2;3;0;2;0;1;1;0;0;0;0;0;POINT (13.3760752 52.40912347)
6;2021;4;8;3;3;2;6;0;0;1;0;0;0;1;0;POINT (13.31850868 52.45180659)
1;2021;3;14;3;3;8;7;0;0;0;0;0;0;1;0;POINT (13.40324343 52.52502007)
7;2021;5;20;1;3;5;3;2;0;1;0;0;0;0;1;POINT (13.34366175 52.49234907)
8;2021;4;11;1;3;5;3;0;0;1;0;0;0;0;0;POINT (13.4720485 52.46163508)
5;2021;5;17;1;3;2;7;2;0;1;0;1;0;0;1;POINT (13.12647929 52.46784643)
8;2021;5;12;2;2;5;3;0;1;1;0;0;0;0;0;POINT (13.44583172 52.41637729)
2;2021;5;16;6;3;3;6;0;1;1;0;0;0;0;0;POINT (13.40849825 52.49849185)
9;2021;5;14;5;3;5;3;0;1;1;0;0;0;0;0;POINT (13.54516918 52.43432524)
8;2021;4;9;1;3;2;6;0;0;1;0;0;0;1;1;POINT (13.41068905 52.41685378)
4;2021;4;10;5;3;5;3;0;1;1;0;0;0;0;0;POINT (13.29035837 52.47922657)
2;2021;4;15;2;3;5;2;0;1;1;0;0;0;0;0;POINT (13.39490081 52.49627574)
1;2021;5;6;3;3;5;2;0;1;1;0;0;0;0;1;POINT (13.32815425 52.53525665)
5;2021;4;15;2;3;2;6;0;0;1;0;0;0;0;0;POINT (13.21895179 52.53709091)
3;2021;3;10;2;3;1;5;0;1;0;0;0;0;1;0;POINT (13.41101131 52.54748781)
5;2021;4;15;4;3;2;6;0;0;1;0;0;0;0;0;POINT (13.26553216 52.53681993)
4;2021;3;16;5;3;2;7;0;0;1;0;0;0;0;0;POINT (13.30084942 52.48938118)
1;2021;5;14;3;3;5;2;0;1;0;0;0;1;0;0;POINT (13.41597982 52.52710278)
10;2021;5;15;3;3;6;4;0;0;1;1;0;0;0;0;POINT (13.57696351 52.54988209)
11;2021;4;18;4;3;5;3;1;1;0;0;0;0;0;0;POINT (13.52871208 52.56976435)
1;2021;5;17;7;3;2;6;0;0;1;0;0;0;0;0;POINT (13.37665262 52.54327181)
5;2021;4;12;2;3;2;6;0;0;1;0;0;0;0;0;POINT (13.1973913 52.53305946)
2;2021;5;7;5;3;6;2;0;0;1;1;0;0;0;0;POINT (13.37236682 52.48504842)
7;2021;4;18;1;3;1;5;1;1;1;0;0;0;0;0;POINT (13.34933534 52.47030186)
4;2021;3;10;1;3;2;6;0;0;1;0;0;0;0;0;POINT (13.33148306 52.49668768)
2;2021;4;18;2;3;0;1;0;1;0;0;0;0;0;1;POINT (13.41889861 52.50073048)
10;2021;4;10;2;3;5;3;0;0;1;0;0;0;0;0;POINT (13.55669583 52.55714057)
1;2021;5;18;5;3;5;7;0;0;1;0;0;0;0;1;POINT (13.35054249 52.53258847)
5;2021;4;10;4;3;2;6;0;0;1;0;0;0;0;0;POINT (13.20024906 52.53705877)
6;2021;3;17;2;3;1;5;0;0;1;0;0;0;0;0;POINT (13.35747272 52.42287708)
7;2021;4;11;6;3;5;2;0;0;0;0;1;0;1;0;POINT (13.39352267 52.44539154)
12;2021;3;14;6;3;2;6;0;1;1;0;0;0;0;1;POINT (13.23977394 52.60646714)
9;2021;5;10;1;3;4;6;0;1;0;0;0;0;0;0;POINT (13.66183191 52.44932094)
2;2021;5;18;4;3;6;7;0;0;0;1;0;0;1;0;POINT (13.44301783 52.51567118)
1;2021;5;10;3;2;5;3;0;0;1;0;1;0;0;0;POINT (13.35217067 52.50551548)
4;2021;4;15;6;3;2;6;0;0;1;0;0;0;0;0;POINT (13.26930615 52.49951948)
2;2021;5;15;7;3;5;3;0;1;1;0;0;0;0;1;POINT (13.43209185 52.50570341)
9;2021;4;16;2;2;4;6;0;0;1;0;1;0;0;0;POINT (13.68616692 52.44766468)
12;2021;3;15;2;3;2;2;0;0;1;0;0;1;0;0;POINT (13.36067763 52.59692277)
12;2021;4;11;6;3;5;3;0;0;1;0;0;0;0;0;POINT (13.36265685 52.6006161)
9;2021;5;11;6;3;5;3;0;1;1;0;0;0;0;0;POINT (13.58520509 52.42781996)
8;2021;4;12;1;3;1;5;0;0;1;0;0;0;0;0;POINT (13.46302565 52.43032862)
7;2021;5;21;1;3;1;7;2;1;1;0;0;0;0;0;POINT (13.34388299 52.49638847)
1;2021;5;18;5;3;2;6;0;0;1;0;0;0;0;1;POINT (13.38182196 52.55592244)
11;2021;5;16;4;3;2;6;0;0;1;0;0;0;0;0;POINT (13.46596519 52.5242205)
2;2021;4;6;1;3;5;3;0;1;0;0;0;0;1;1;POINT (13.45820194 52.49960573)
10;2021;3;9;3;3;0;7;0;1;0;0;0;0;0;0;POINT (13.58145419 52.5146939)
1;2021;4;16;2;2;5;3;0;1;1;0;0;0;0;0;POINT (13.39022156 52.50768169)
1;2021;5;18;3;3;2;1;0;0;1;0;0;0;1;0;POINT (13.39075884 52.54457378)
1;2021;3;19;7;3;0;2;2;0;1;0;0;0;1;1;POINT (13.31440119 52.53027608)
1;2021;4;18;3;3;2;6;0;0;1;0;0;0;0;0;POINT (13.36383675 52.52785921)
4;2021;3;14;4;3;0;3;0;0;1;0;1;0;0;0;POINT (13.30702786 52.49999188)
5;2021;5;17;2;3;3;6;0;0;1;0;0;0;1;0;POINT (13.20594398 52.54190316)
2;2021;4;16;7;3;2;6;0;0;1;0;0;0;0;0;POINT (13.40178106 52.50612069)
1;2021;5;7;1;3;5;3;0;0;1;0;0;0;0;1;POINT (13.42122085 52.50985891)
9;2021;4;9;3;2;1;5;0;1;1;0;0;0;0;0;POINT (13.48860829 52.46449475)
6;2021;5;19;7;2;3;6;0;0;1;0;1;0;0;0;POINT (13.263268 52.45753548)
1;2021;5;18;5;3;5;3;0;1;1;0;0;0;0;0;POINT (13.38008157 52.54054392)
1;2021;4;9;2;3;5;3;0;0;1;0;0;0;0;0;POINT (13.40453678 52.50896769)
1;2021;4;13;5;3;2;6;0;1;0;0;0;0;0;0;POINT (13.34467199 52.53916138)
9;2021;3;6;3;3;5;3;0;0;1;0;0;0;0;0;POINT (13.57278515 52.42779621)
11;2021;4;15;1;2;5;3;0;0;1;0;0;0;0;0;POINT (13.48532739 52.52674534)
2;2021;5;16;2;3;5;7;0;0;1;0;0;0;0;0;POINT (13.386509 52.49007693)
3;2021;5;19;5;3;0;1;0;0;1;0;0;0;0;1;POINT (13.48994006 52.62078769)
7;2021;5;23;2;3;1;5;2;0;1;0;0;0;1;0;POINT (13.33380974 52.46849241)
1;2021;5;10;4;3;5;7;0;0;1;0;0;0;0;0;POINT (13.32730915 52.52439677)
3;2021;4;5;5;2;5;2;1;1;1;0;0;0;0;0;POINT (13.41479583 52.55386237)
3;2021;3;10;3;2;6;2;0;0;1;1;0;0;0;0;POINT (13.41874392 52.60569615)
1;2021;5;11;2;3;5;3;0;1;1;0;0;0;0;0;POINT (13.38884585 52.51693394)
3;2021;3;18;1;3;1;5;1;1;1;0;0;0;0;0;POINT (13.42987427 52.52873663)
9;2021;4;3;3;3;7;7;2;0;0;0;1;0;0;0;POINT (13.61944784 52.42736737)
4;2021;3;16;4;2;8;1;0;0;0;0;1;0;0;0;POINT (13.32689748 52.54046333)
3;2021;5;21;1;3;1;5;2;0;1;0;0;0;0;0;POINT (13.44924441 52.53743116)
4;2021;4;20;1;3;5;3;2;0;1;0;0;0;0;0;POINT (13.32375454 52.49381946)
6;2021;5;8;1;3;1;5;0;1;1;0;0;0;0;0;POINT (13.33603416 52.43346077)
12;2021;4;18;3;3;5;2;0;1;1;0;0;0;0;0;POINT (13.26039256 52.57207145)
2;2021;5;7;6;3;5;2;0;0;1;0;0;0;1;0;POINT (13.45079423 52.52720027)
1;2021;5;22;4;3;5;3;2;0;1;0;0;0;0;0;POINT (13.38884726 52.51692598)
4;2021;4;10;1;3;5;2;0;1;0;0;0;0;1;0;POINT (13.33219909 52.4875417)
8;2021;4;20;4;3;4;6;2;0;1;0;0;0;0;0;POINT (13.43490263 52.44707883)
7;2021;4;15;2;3;5;2;0;0;1;0;0;1;0;0;POINT (13.34099951 52.49996821)
1;2021;5;15;3;3;5;2;0;1;1;0;0;0;0;0;POINT (13.36544188 52.5568148)