bez;ujahr;umonat;ustunde;uwochentag;ukategorie;uart;utyp1;ulichtverh;istrad;istpkw;istfuss;istkrad;istgkfz;istsonstige;ustrzustand;geometry
1;2021;2;16;7;3;2;6;0;0;1;0;0;0;0;0;POINT (13.39124961 52.54452005)
3;2021;3;15;1;3;6;6;0;1;0;1;0;0;0;0;POINT (13.45046104 52.54864154)
2;2021;1;16;4;3;2;6;0;0;1;0;0;0;0;1;POINT (13.42694833 52.51666993)
3;2021;3;20;2;2;5;3;2;0;1;0;0;0;0;0;POINT (13.42211444 52.55011572)
4;2021;1;8;3;3;5;2;0;1;1;0;0;0;0;1;POINT (13.31289022 52.50067582)
9;2021;2;5;5;3;6;2;2;0;1;1;0;0;0;1;POINT (13.47537201 52.45618869)
6;2021;3;16;1;2;6;4;0;0;1;1;0;0;0;0;POINT (13.30564363 52.42786886)
3;2021;1;13;3;3;5;3;0;1;1;0;0;0;0;1;POINT (13.42202599 52.56158253)
10;2021;3;9;3;3;0;3;0;1;1;0;0;0;0;0;POINT (13.56956957 52.49140159)
11;2021;2;21;1;2;0;7;2;0;1;0;0;0;0;0;POINT (13.52082048 52.50294322)
9;2021;1;16;4;3;5;2;1;1;0;0;0;0;1;0;POINT (13.53634914 52.43285105)
2;2021;1;19;4;3;0;1;2;1;0;0;0;0;0;1;POINT (13.45969191 52.50906109)
1;2021;3;15;5;3;1;5;0;1;0;0;0;0;1;0;POINT (13.35345843 52.52905735)
11;2021;2;16;1;3;5;3;0;1;1;0;0;0;0;0;POINT (13.50891146 52.49028319)
1;2021;3;15;2;3;3;6;0;1;1;0;0;0;0;0;POINT (13.39531926 52.51620304)
5;2021;3;18;4;2;6;4;2;0;0;1;0;0;1;1;POINT (13.19816952 52.5328204)
10;2021;2;7;2;3;5;2;0;0;1;0;0;0;1;2;POINT (13.51920567 52.53135707)
2;2021;3;15;2;2;1;5;0;1;1;0;0;0;1;0;POINT (13.39660961 52.50469306)
5;2021;1;17;6;3;5;2;2;0;1;0;0;0;0;1;POINT (13.14159768 52.5324492)
9;2021;2;6;4;2;5;3;2;0;1;0;0;0;1;1;POINT (13.54359971 52.43375286)
9;2021;2;14;4;3;1;5;0;0;1;0;0;0;1;1;POINT (13.51950193 52.46120296)
11;2021;3;20;6;3;5;2;2;0;1;0;0;0;1;0;POINT (13.46760767 52.54678492)
6;2021;2;12;3;3;0;2;0;1;1;0;0;0;0;0;POINT (13.34701685 52.45009372)
8;2021;1;16;5;3;3;6;0;1;1;0;0;0;0;0;POINT (13.43261438 52.4787028)
12;2021;3;13;5;2;6;4;0;0;1;1;0;0;0;0;POINT (13.34284457 52.59916292)
3;2021;1;19;5;2;6;4;2;0;1;1;0;0;0;1;POINT (13.43050764 52.58942609)
5;2021;3;21;6;3;3;6;2;0;1;0;0;0;0;1;POINT (13.20025198 52.53709249)
12;2021;3;8;1;3;5;2;0;0;1;0;0;0;1;0;POINT (13.35079377 52.59639957)
7;2021;2;14;4;3;0;5;0;0;1;0;0;0;0;0;POINT (13.40138861 52.3974656)
4;2021;1;10;5;3;6;7;0;0;1;1;0;0;0;1;POINT (13.3294 52.48707904)
8;2021;1;14;7;3;6;4;0;0;1;1;0;0;0;0;POINT (13.4526549 52.42908394)
12;2021;3;5;2;2;2;7;2;0;1;0;0;0;1;1;POINT (13.34866185 52.5962872)
9;2021;3;17;3;3;5;2;0;1;1;0;0;0;0;0;POINT (13.51460908 52.46891541)
10;2021;2;7;2;3;5;3;0;0;1;0;0;0;0;2;POINT (13.5505797 52.55993767)
4;2021;3;16;2;3;5;3;0;1;1;0;0;0;0;0;POINT (13.30639129 52.48848829)
1;2021;1;7;5;3;6;4;2;0;1;1;0;0;0;0;POINT (13.37414635 52.53059331)
7;2021;2;14;1;3;6;2;0;0;1;1;0;0;0;2;POINT (13.38404744 52.45819999)
3;2021;2;14;4;3;6;4;0;1;1;1;0;0;0;1;POINT (13.41963634 52.53776325)
11;2021;3;10;6;2;5;3;0;0;1;0;0;0;0;0;POINT (13.50785997 52.5030769)
1;2021;2;15;3;3;2;6;0;0;1;0;0;0;0;0;POINT (13.35429679 52.5343803)
4;2021;1;18;6;3;1;5;2;1;1;0;0;0;0;1;POINT (13.30842402 52.50582906)
8;2021;3;17;3;2;5;2;1;0;1;0;0;0;1;0;POINT (13.44754935 52.47610159)
3;2021;3;16;4;3;5;3;0;0;1;0;0;0;0;1;POINT (13.4233909 52.56265246)
6;2021;2;16;5;3;5;3;1;1;1;0;0;0;0;1;POINT (13.29966677 52.42134776)
1;2021;3;21;6;2;5;3;2;1;0;0;0;0;0;1;POINT (13.39578202 52.52901397)
8;2021;2;15;6;3;5;3;0;0;1;0;0;0;0;0;POINT (13.4131081 52.43932943)
8;2021;1;12;1;3;5;7;0;0;1;0;0;1;0;1;POINT (13.47820411 52.43713955)
4;2021;1;7;1;3;1;5;2;1;1;0;0;0;0;1;POINT (13.2960966 52.4970633)
1;2021;1;16;2;2;0;2;1;0;1;0;1;0;0;1;POINT (13.38642052 52.54949653)
4;2021;1;14;4;3;5;2;0;1;0;0;0;0;0;1;POINT (13.25061352 52.50025744)
6;2021;3;16;2;3;5;3;0;0;1;0;0;0;0;0;POINT (13.24263334 52.43376237)
9;2021;1;12;2;3;5;3;0;1;0;0;0;1;0;1;POINT (13.58362989 52.43162894)
7;2021;2;12;1;3;5;2;0;0;1;0;0;0;0;2;POINT (13.34854659 52.45918282)
2;2021;2;8;4;3;0;1;0;0;0;0;1;0;0;1;POINT (13.40557694 52.50508688)
7;2021;1;13;1;3;3;6;0;0;1;0;0;0;0;0;POINT (13.37657618 52.46011664)
10;2021;3;19;4;3;5;3;2;0;1;0;0;0;0;0;POINT (13.6062382 52.52477945)
2;2021;1;17;7;3;1;5;2;1;1;0;0;0;0;1;POINT (13.43468733 52.50936065)
4;2021;3;13;1;3;1;5;0;0;1;0;0;0;0;0;POINT (13.32502479 52.50090808)
8;2021;1;18;2;3;6;2;2;0;1;1;0;0;0;1;POINT (13.42759855 52.42089951)
6;2021;1;16;2;3;2;6;1;0;1;0;0;0;0;0;POINT (13.35450561 52.4292467)
4;2021;2;8;1;3;6;4;0;0;0;1;0;0;1;0;POINT (13.29248212 52.49054627)
1;2021;3;13;2;3;0;7;0;0;1;0;0;0;1;0;POINT (13.38765056 52.52393592)
12;2021;3;15;4;3;6;4;0;0;0;1;0;0;1;1;POINT (13.31316464 52.57125764)
1;2021;1;8;3;3;5;2;0;1;1;0;0;0;0;0;POINT (13.39127535 52.56341686)
1;2021;2;14;5;3;2;6;0;0;1;0;0;0;1;1;POINT (13.3601873 52.53725436)
7;2021;3;16;1;3;2;3;0;1;1;0;0;0;0;0;POINT (13.3605147 52.4104968)
4;2021;1;4;2;3;9;1;2;0;1;0;0;0;0;1;POINT (13.29444841 52.5068446)
4;2021;3;5;4;3;1;5;2;1;0;0;0;0;1;0;POINT (13.30534526 52.47980529)
8;2021;2;15;2;3;2;6;0;0;1;0;0;0;0;1;POINT (13.48364692 52.42561025)
1;2021;1;8;4;2;3;6;0;1;0;0;0;0;1;0;POINT (13.38106565 52.55213783)
1;2021;1;9;4;3;2;6;0;0;1;0;0;1;0;1;POINT (13.37747912 52.55629386)
2;2021;3;11;4;3;5;2;0;1;1;0;0;0;0;0;POINT (13.44068632 52.5172754)
2;2021;2;13;1;3;5;2;0;0;1;0;1;0;0;0;POINT (13.37374597 52.48784318)
7;2021;3;12;3;2;6;4;0;0;1;1;0;0;0;1;POINT (13.40258264 52.42677235)
9;2021;3;9;4;3;5;2;0;0;1;0;0;0;0;0;POINT (13.54125526 52.43535028)
6;2021;2;6;3;2;6;2;2;0;1;1;0;0;0;1;POINT (13.34561727 52.43619737)
12;2021;3;13;1;3;5;7;0;0;1;0;0;0;0;0;POINT (13.25987649 52.57116281)
6;2021;1;17;4;2;5;2;2;0;1;0;0;0;0;1;POINT (13.32256789 52.45640817)
1;2021;2;13;4;3;5;2;0;1;1;0;0;0;0;1;POINT (13.32638284 52.52763939)
2;2021;1;9;4;3;0;1;0;0;0;0;1;0;0;1;POINT (13.45770669 52.50952792)
2;2021;3;17;5;3;5;2;0;1;1;0;0;0;0;0;POINT (13.43142718 52.50598645)
7;2021;2;7;3;3;2;6;0;0;1;0;0;0;0;0;POINT (13.37879454 52.42446555)
4;2021;1;16;5;3;0;7;1;1;0;0;0;0;0;1;POINT (13.29306816 52.53448961)
4;2021;3;13;5;3;5;2;0;1;1;0;0;0;0;0;POINT (13.32332509 52.49152482)
8;2021;1;21;5;3;1;5;2;1;1;0;0;0;0;1;POINT (13.42937976 52.48633692)
3;2021;3;19;5;2;2;5;2;1;1;0;0;0;0;0;POINT (13.41429895 52.55975396)
8;2021;2;18;5;3;0;7;2;0;1;0;0;0;0;0;POINT (13.44360122 52.46425898)
11;2021;1;0;6;3;0;1;2;1;0;0;0;0;0;0;POINT (13.49769035 52.52641215)
5;2021;1;18;1;3;5;2;2;0;1;0;0;0;0;1;POINT (13.18460099 52.54754029)
3;2021;1;10;2;2;6;4;0;1;0;1;0;0;0;0;POINT (13.40591812 52.54090352)
9;2021;2;10;5;3;6;4;0;0;1;1;0;0;0;0;POINT (13.49733361 52.44168688)
7;2021;3;4;7;3;1;1;2;0;1;0;0;0;0;0;POINT (13.34836373 52.48942222)
1;2021;2;13;1;3;2;6;0;0;1;0;0;0;0;2;POINT (13.39489976 52.52879893)
4;2021;2;16;4;3;2;6;0;0;1;0;0;0;0;0;POINT (13.29451276 52.49762729)
5;2021;1;17;1;1;6;4;2;0;1;1;0;0;0;0;POINT (13.17492375 52.52388374)
1;2021;3;12;3;3;5;2;0;0;1;0;0;0;0;0;POINT (13.34500871 52.53915414)
4;2021;1;1;6;3;0;4;2;0;1;1;0;0;0;2;POINT (13.31390107 52.50647234)
12;2021;2;17;5;2;5;3;2;1;1;0;0;0;0;1;POINT (13.22380733 52.6076002)
2;2021;1;11;2;3;5;3;0;1;1;0;0;0;0;1;POINT (13.44041661 52.51585609)
4;2021;1;19;2;3;6;2;2;0;1;1;0;0;0;1;POINT (13.2975276 52.52650725)
4;2021;2;19;1;3;5;2;2;1;1;0;0;0;0;0;POINT (13.30119071 52.51901517)
4;2021;3;10;1;2;3;5;0;1;1;0;0;0;0;0;POINT (13.33719023 52.50113793)
4;2021;3;13;3;3;5;7;0;1;1;0;0;0;0;0;POINT (13.29727479 52.50685405)
1;2021;1;10;2;3;5;3;0;1;1;0;0;0;0;1;POINT (13.33776435 52.52525498)
6;2021;2;13;6;3;0;6;0;1;0;0;0;0;1;0;POINT (13.19989085 52.44085647)
11;2021;3;17;2;3;0;1;0;0;0;0;1;0;0;0;POINT (13.49998285 52.5325209)
1;2021;1;11;2;3;2;6;0;0;1;0;0;0;1;0;POINT (13.37176117 52.50942498)
1;2021;2;10;3;3;6;4;0;0;1;1;0;0;0;2;POINT (13.33320075 52.54471771)
8;2021;2;18;4;3;0;4;1;0;0;1;1;0;0;0;POINT (13.43968321 52.48958486)
7;2021;1;16;1;3;2;6;0;0;1;0;0;0;0;0;POINT (13.40769684 52.38667237)
2;2021;3;12;3;3;5;3;0;1;1;1;0;0;0;0;POINT (13.39771834 52.49527992)
5;2021;3;21;1;2;6;4;2;0;1;1;1;0;0;0;POINT (13.20153008 52.54126028)
6;2021;1;11;1;2;9;1;0;0;1;0;0;0;0;2;POINT (13.31522272 52.44816239)
1;2021;1;7;3;3;5;2;2;1;1;0;0;0;0;1;POINT (13.35496731 52.54400765)
9;2021;2;17;1;3;6;2;1;0;1;1;0;0;0;0;POINT (13.48790947 52.46626834)
4;2021;3;20;1;3;5;3;2;0;1;0;0;0;1;1;POINT (13.26638398 52.51311848)
2;2021;3;12;3;3;5;2;0;1;1;0;0;0;0;0;POINT (13.43197356 52.51514306)
3;2021;2;17;7;3;2;6;2;0;1;0;0;0;0;2;POINT (13.42550763 52.53440774)
11;2021;2;11;6;3;0;7;0;1;1;0;0;0;1;0;POINT (13.5032658 52.52629061)
1;2021;1;12;3;3;6;7;0;0;1;1;0;0;0;1;POINT (13.38312155 52.55437522)
12;2021;2;15;2;3;5;2;0;1;1;0;0;0;0;0;POINT (13.33997263 52.58816868)
5;2021;2;11;6;3;4;6;0;0;1;0;0;0;1;2;POINT (13.16930105 52.53012088)
9;2021;1;22;3;3;7;7;2;0;0;0;1;0;0;0;POINT (13.60284585 52.43458802)
12;2021;3;13;5;3;2;7;0;0;1;0;0;0;0;0;POINT (13.28150656 52.59245145)
1;2021;2;16;1;3;5;2;0;0;1;0;0;0;0;0;POINT (13.38591939 52.53888918)
10;2021;1;12;4;2;2;6;0;0;1;0;1;0;0;0;POINT (13.55053043 52.5430967)
1;2021;3;15;3;3;1;1;0;0;1;0;0;0;1;1;POINT (13.36917478 52.55041226)
1;2021;3;19;4;3;0;1;2;0;0;0;0;0;1;1;POINT (13.40030412 52.52240522)
3;2021;3;9;6;3;5;2;0;1;0;0;0;0;1;0;POINT (13.40379782 52.55148541)
7;2021;2;20;3;3;0;5;2;0;1;0;0;0;0;0;POINT (13.41828323 52.39470824)
12;2021;3;18;1;3;6;2;2;0;1;1;0;0;0;0;POINT (13.29226272 52.59065793)
12;2021;1;19;4;3;6;4;2;0;1;1;0;0;0;1;POINT (13.31403993 52.60527276)
9;2021;2;19;3;3;6;2;2;0;1;1;0;0;0;1;POINT (13.45407167 52.48889351)
3;2021;3;17;5;3;0;4;0;0;1;1;0;0;0;0;POINT (13.42438444 52.60736544)
3;2021;2;17;6;3;5;2;2;1;1;0;0;0;0;2;POINT (13.45828826 52.52561784)
3;2021;2;15;3;2;5;2;0;1;1;0;0;0;0;0;POINT (13.40204006 52.60284478)
12;2021;1;9;2;3;2;6;0;0;1;0;0;0;0;2;POINT (13.34452615 52.58927745)
8;2021;3;8;4;3;0;6;0;0;1;0;1;0;0;0;POINT (13.43540525 52.49112872)
9;2021;2;18;7;3;5;2;2;0;1;0;0;0;1;2;POINT (13.4913144 52.46910555)
11;2021;3;15;6;3;5;2;0;0;1;0;0;0;0;1;POINT (13.51522152 52.5672072)
6;2021;1;18;4;3;2;6;2;0;1;0;0;0;0;1;POINT (13.33358681 52.43002639)
8;2021;1;16;7;3;0;5;2;1;1;0;0;0;0;1;POINT (13.43027357 52.46928301)
8;2021;2;16;7;2;5;2;0;0;1;0;1;0;0;0;POINT (13.42557635 52.47919124)
1;2021;3;16;1;3;2;7;0;0;1;0;0;0;0;0;POINT (13.41161195 52.50475465)
7;2021;1;11;3;3;5;3;0;1;0;0;0;1;0;0;POINT (13.40793314 52.45255021)
4;2021;2;18;3;3;6;4;2;0;1;1;0;0;0;2;POINT (13.31038002 52.47902034)
12;2021;2;12;4;3;5;3;0;0;1;0;0;0;0;0;POINT (13.31034293 52.6247159)
11;2021;1;18;3;3;5;2;2;1;1;0;0;0;0;0;POINT (13.46925351 52.53143091)
8;2021;3;7;3;3;2;6;0;0;1;0;0;0;0;0;POINT (13.4426854 52.46520986)
4;2021;1;14;5;3;5;2;0;1;1;0;0;0;0;0;POINT (13.3308025 52.49088122)
4;2021;1;13;2;3;2;2;0;0;1;0;0;0;0;2;POINT (13.25306653 52.5230456)
1;2021;1;19;2;3;0;6;2;0;1;0;1;0;0;1;POINT (13.34934474 52.51507414)
3;2021;2;15;1;3;5;3;0;0;1;0;0;0;0;0;POINT (13.43325402 52.55296393)
4;2021;3;18;2;2;5;3;2;1;1;0;0;0;0;0;POINT (13.32166869 52.50578607)
3;2021;3;17;3;3;1;5;0;1;0;0;0;1;0;0;POINT (13.47205564 52.54779937)
4;2021;2;17;6;3;6;6;2;0;1;1;0;0;0;2;POINT (13.27593819 52.49404988)
7;2021;2;21;6;2;6;4;2;0;1;1;0;0;0;0;POINT (13.36156 52.41589536)
7;2021;1;18;5;2;6;3;2;0;1;1;0;0;0;1;POINT (13.37603758 52.44319863)
7;2021;2;16;2;3;6;2;2;0;0;1;1;0;0;1;POINT (13.37657526 52.46011274)
9;2021;1;11;2;3;6;4;0;1;1;1;0;0;0;1;POINT (13.48462335 52.46355727)
9;2021;3;17;4;3;2;6;0;0;1;0;0;0;0;0;POINT (13.7106165 52.43285718)
7;2021;3;7;6;3;8;1;0;0;1;0;0;0;0;0;POINT (13.34624245 52.50022891)
9;2021;2;14;3;3;5;3;0;1;1;0;0;0;0;0;POINT (13.55328922 52.46958581)
1;2021;1;23;4;3;9;1;2;0;1;0;0;0;0;1;POINT (13.3818161 52.55246536)
9;2021;3;7;3;3;5;2;0;1;1;0;0;0;0;0;POINT (13.57208033 52.42951352)
1;2021;3;15;5;3;1;5;0;1;0;0;0;1;0;0;POINT (13.40354533 52.52641772)
12;2021;3;6;1;3;2;6;0;0;1;0;0;0;0;0;POINT (13.27726874 52.57574063)
1;2021;2;18;1;3;2;6;2;0;1;0;0;0;0;2;POINT (13.38760134 52.54892314)
6;2021;1;11;1;3;5;7;0;0;1;0;0;0;1;2;POINT (13.33920232 52.45777544)
7;2021;3;14;2;2;5;2;0;0;1;0;0;0;1;0;POINT (13.37748164 52.48143649)
4;2021;1;20;1;3;6;2;2;0;1;1;0;0;0;1;POINT (13.32296976 52.50585024)
7;2021;2;9;3;2;6;7;0;0;1;1;0;0;0;1;POINT (13.40969793 52.3871189)
10;2021;2;13;5;2;6;4;0;0;1;1;0;0;0;1;POINT (13.56064644 52.48970802)
11;2021;3;8;1;3;2;6;0;1;1;0;0;0;0;0;POINT (13.51986608 52.49477329)
4;2021;1;8;3;3;5;2;0;1;1;0;0;0;0;1;POINT (13.32782334 52.50551)
9;2021;2;11;2;3;1;5;0;0;1;0;0;0;0;1;POINT (13.58654559 52.42562866)
7;2021;1;9;4;2;2;2;0;0;1;0;0;0;0;0;POINT (13.39073231 52.4199281)
7;2021;3;16;5;3;0;4;0;1;0;1;0;0;0;0;POINT (13.34679763 52.47870842)
9;2021;2;17;2;3;6;7;1;1;0;1;0;0;0;0;POINT (13.51188382 52.4642251)
8;2021;1;14;6;3;1;5;0;0;1;0;0;0;1;1;POINT (13.42591123 52.4781719)
4;2021;3;17;3;2;6;4;0;0;1;1;0;0;0;0;POINT (13.27236609 52.48691202)
8;2021;3;8;4;3;0;2;0;1;1;0;0;0;0;1;POINT (13.44164758 52.47041588)
8;2021;3;17;7;3;5;2;1;0;1;0;0;0;0;0;POINT (13.44994255 52.44570184)
9;2021;2;11;2;3;5;3;0;0;1;0;0;0;0;1;POINT (13.53310676 52.43375908)
10;2021;3;15;2;3;5;3;0;1;1;0;0;0;0;0;POINT (13.54869552 52.52812991)
7;2021;1;17;4;3;1;5;2;1;1;0;0;0;0;1;POINT (13.34165063 52.50207145)
3;2021;2;16;3;3;5;3;0;0;1;0;0;0;0;1;POINT (13.36842595 52.58970042)
9;2021;3;8;5;3;0;3;0;0;1;0;0;0;0;1;POINT (13.62554104 52.45757975)
11;2021;2;16;3;3;2;6;0;0;1;0;0;0;1;0;POINT (13.4690956 52.50242798)
1;2021;1;20;1;3;6;4;2;1;0;1;0;0;0;0;POINT (13.36166973 52.530968)
3;2021;3;14;5;3;5;2;0;0;1;0;0;0;1;1;POINT (13.45902391 52.55013372)
1;2021;3;17;6;3;5;2;0;1;1;0;0;0;0;1;POINT (13.35983865 52.52345957)
10;2021;3;12;1;3;2;6;0;0;1;0;0;0;0;0;POINT (13.60295133 52.53856073)
6;2021;1;15;4;2;0;2;0;0;1;0;0;0;1;1;POINT (13.27494622 52.4603661)
4;2021;1;14;7;3;6;7;0;0;1;1;0;0;0;0;POINT (13.31510883 52.49089884)
1;2021;2;20;1;3;5;2;2;0;1;0;0;0;0;0;POINT (13.41178694 52.52396652)
3;2021;3;16;1;3;0;1;0;0;0;0;0;0;1;0;POINT (13.46347499 52.62920996)
6;2021;1;17;3;3;6;4;2;0;1;1;0;0;0;0;POINT (13.3393384 52.461601)
12;2021;2;14;2;3;5;3;0;0;1;0;0;0;0;2;POINT (13.30534255 52.58208501)
7;2021;2;17;4;3;4;6;0;1;0;0;0;0;0;0;POINT (13.40035989 52.48370517)
4;2021;1;18;2;3;6;2;2;0;1;1;0;0;0;1;POINT (13.33080562 52.49078137)
3;2021;3;9;3;3;0;1;0;1;0;0;0;0;0;0;POINT (13.41331723 52.54869743)
9;2021;1;3;5;3;2;7;2;0;1;0;0;0;0;0;POINT (13.4798969 52.46131509)
7;2021;1;17;4;3;2;6;2;0;1;0;1;0;0;1;POINT (13.3779797 52.47226102)
1;2021;1;17;3;3;2;6;2;0;1;1;0;0;0;1;POINT (13.40134352 52.54009554)
9;2021;2;14;1;3;0;6;0;0;1;0;1;0;0;0;POINT (13.57420433 52.44435302)
8;2021;3;19;2;3;2;7;2;1;1;0;0;0;0;0;POINT (13.42909228 52.48219181)
7;2021;3;15;3;3;1;5;0;1;1;0;0;0;0;0;POINT (13.38532767 52.45277681)
7;2021;2;17;2;3;2;6;2;0;1;0;0;0;1;1;POINT (13.38753809 52.43982365)
3;2021;3;7;2;2;5;2;0;1;1;0;0;0;0;0;POINT (13.40816272 52.55103059)
11;2021;1;18;6;2;6;4;2;0;1;1;0;0;0;0;POINT (13.52540115 52.48209304)
2;2021;2;8;1;3;5;2;0;1;1;0;0;0;0;0;POINT (13.38622927 52.50132108)
9;2021;3;8;5;3;2;7;0;0;1;0;0;0;0;0;POINT (13.48143281 52.48235261)
5;2021;2;13;6;3;4;1;0;0;1;0;0;0;0;2;POINT (13.15321092 52.54664156)
7;2021;2;12;4;3;5;3;0;1;1;0;0;0;0;0;POINT (13.4014125 52.38661951)
1;2021;1;20;5;3;0;7;2;0;1;0;0;0;0;0;POINT (13.41242433 52.51660588)
1;2021;3;13;4;3;5;2;0;1;1;0;0;0;0;0;POINT (13.4212151 52.50985085)
2;2021;3;20;4;3;2;6;2;1;1;0;0;0;0;1;POINT (13.45612725 52.50142627)
4;2021;3;6;1;3;2;6;0;0;1;0;1;0;0;0;POINT (13.30961707 52.50645668)
12;2021;2;18;5;3;2;6;2;0;1;0;0;0;0;0;POINT (13.34539741 52.56688972)
4;2021;1;13;5;3;5;2;0;1;1;0;0;0;0;1;POINT (13.29896988 52.50684427)
8;2021;3;12;2;3;5;2;0;1;1;0;0;0;0;0;POINT (13.42110297 52.48026771)
10;2021;1;17;7;2;6;4;2;0;1;1;1;0;0;1;POINT (13.56076169 52.57100346)
8;2021;2;5;3;3;1;5;2;0;1;0;0;0;0;1;POINT (13.43490074 52.46138619)
2;2021;3;15;2;3;5;3;0;1;0;0;0;0;0;0;POINT (13.44560598 52.4955691)
11;2021;2;17;1;3;0;1;2;0;0;0;1;0;0;2;POINT (13.47308094 52.52060915)
1;2021;2;11;5;2;6;7;0;0;1;1;0;0;0;0;POINT (13.34675874 52.50376753)
8;2021;1;15;1;3;5;3;0;1;0;0;0;0;1;0;POINT (13.43763267 52.47883503)
5;2021;3;9;4;3;5;2;0;0;1;0;0;0;1;1;POINT (13.19861757 52.55533339)
5;2021;1;11;6;3;8;1;0;0;1;0;0;0;0;2;POINT (13.21827418 52.52027713)
10;2021;3;17;7;3;5;3;1;0;1;0;0;0;0;1;POINT (13.53829056 52.55421293)
4;2021;1;17;1;2;5;3;2;1;1;0;0;0;0;1;POINT (13.30797214 52.5245461)
2;2021;1;7;2;2;5;3;2;0;1;0;0;0;0;1;POINT (13.39443787 52.50696443)
4;2021;2;19;1;2;1;1;2;0;1;0;0;0;0;0;POINT (13.2608685 52.51606264)
7;2021;3;10;2;3;5;2;0;1;0;0;1;0;0;0;POINT (13.40287409 52.39405316)
2;2021;3;15;3;3;6;4;0;1;0;1;0;0;0;0;POINT (13.46705582 52.52023835)
12;2021;1;14;3;3;3;2;0;0;1;0;0;0;1;0;POINT (13.28809794 52.58889062)
8;2021;2;14;1;3;3;2;0;0;1;0;0;0;0;1;POINT (13.4646103 52.47038691)
2;2021;3;16;1;3;0;3;0;0;1;0;1;0;0;0;POINT (13.43189253 52.50566069)
4;2021;1;18;3;3;6;2;2;0;1;1;0;0;0;1;POINT (13.3043325 52.50376865)
2;2021;3;12;5;3;3;6;0;1;0;0;0;1;0;0;POINT (13.46644308 52.50875005)
7;2021;2;12;3;3;5;7;0;0;1;0;0;0;1;1;POINT (13.39274993 52.45297187)
5;2021;2;12;5;3;5;3;0;1;1;0;0;0;0;0;POINT (13.20827786 52.56200495)
5;2021;1;13;1;3;2;6;0;0;1;0;1;0;0;0;POINT (13.26042523 52.53701137)
1;2021;3;18;4;2;6;4;1;0;0;1;1;0;0;0;POINT (13.35159241 52.50520657)
3;2021;3;13;5;2;5;2;0;1;1;0;0;0;0;0;POINT (13.39491627 52.5653385)
11;2021;3;14;1;3;1;5;0;1;1;0;0;0;0;0;POINT (13.47497003 52.52043813)
4;2021;1;11;2;3;5;3;0;0;1;0;0;0;0;1;POINT (13.29612736 52.51692869)
1;2021;1;20;2;3;5;3;2;0;1;0;0;0;0;1;POINT (13.34379774 52.5534275)
9;2021;2;5;1;2;5;3;2;0;1;0;1;0;0;0;POINT (13.5323487 52.46169008)
3;2021;3;22;7;2;5;2;2;0;1;0;0;0;0;1;POINT (13.38018445 52.57499382)
11;2021;1;7;4;2;6;2;2;0;1;1;0;0;0;1;POINT (13.52452603 52.51370453)
9;2021;2;13;7;3;5;7;0;0;1;0;0;0;0;2;POINT (13.46416719 52.48551397)
10;2021;2;21;6;3;1;5;2;0;0;0;0;1;1;0;POINT (13.57714377 52.57219057)
2;2021;1;6;3;3;5;3;2;1;1;0;0;0;0;1;POINT (13.41097559 52.50391409)
7;2021;3;12;3;3;2;6;0;1;0;0;0;0;1;0;POINT (13.37885992 52.44958398)
11;2021;2;5;2;3;5;2;2;0;1;0;0;0;0;1;POINT (13.50331281 52.57582977)
6;2021;1;12;3;3;0;5;0;0;1;0;1;0;0;0;POINT (13.33754929 52.43158818)
2;2021;1;13;4;3;0;1;0;1;0;0;0;0;0;2;POINT (13.41417514 52.49844383)
10;2021;3;12;5;3;5;3;0;0;1;0;0;0;0;0;POINT (13.63284361 52.52987353)
10;2021;2;13;1;3;5;2;0;0;1;0;0;0;0;0;POINT (13.51750984 52.53540929)
3;2021;3;10;1;3;5;3;0;0;1;0;0;0;0;0;POINT (13.46722572 52.59705925)
11;2021;3;13;4;3;5;3;0;1;1;0;0;0;0;0;POINT (13.47707311 52.52426703)
6;2021;2;13;4;3;0;1;0;1;1;0;0;0;0;1;POINT (13.24924135 52.45184463)
7;2021;3;21;2;3;2;6;2;0;1;0;0;0;0;0;POINT (13.37557162 52.40907055)
12;2021;1;15;4;3;2;6;1;0;1;0;0;0;0;1;POINT (13.31616463 52.58669147)
1;2021;2;19;3;3;6;4;2;0;1;1;0;0;0;1;POINT (13.38179564 52.55263241)
12;2021;2;15;1;3;5;3;0;0;1;0;0;0;0;2;POINT (13.36783077 52.60274579)
12;2021;3;10;6;2;2;6;0;0;1;0;0;0;1;0;POINT (13.36318633 52.58037326)
4;2021;2;14;3;3;5;3;0;1;0;0;0;0;0;0;POINT (13.28074429 52.50646761)
8;2021;1;13;7;2;9;7;0;0;1;1;0;0;1;1;POINT (13.4319876 52.46634917)
4;2021;3;21;4;3;6;4;2;0;1;1;0;0;0;1;POINT (13.31447839 52.49014466)
11;2021;3;17;7;3;5;3;0;1;1;0;0;0;0;1;POINT (13.50966221 52.57214734)
9;2021;3;10;1;2;5;3;0;1;1;0;0;0;0;0;POINT (13.45052654 52.49138231)
2;2021;2;14;5;3;6;4;0;1;0;1;0;0;0;0;POINT (13.46721438 52.51267984)
1;2021;1;14;6;3;9;7;0;0;1;0;0;0;0;0;POINT (13.3629383 52.49970112)