bez;ujahr;umonat;ustunde;uwochentag;ukategorie;uart;utyp1;ulichtverh;istrad;istpkw;istfuss;istkrad;istgkfz;istsonstige;ustrzustand;geometry
8;2021;1;14;2;3;5;2;0;1;1;0;0;0;0;1;POINT (13.44988181 52.44555219)
3;2021;1;14;2;3;1;5;0;1;1;0;0;0;0;1;POINT (13.41805169 52.53830235)
5;2021;2;9;4;3;2;6;0;0;1;0;0;0;0;1;POINT (13.1828244 52.5128332)
11;2021;3;15;2;2;5;2;0;1;1;0;0;0;0;0;POINT (13.50812633 52.54853271)
1;2021;1;14;2;3;0;1;0;1;0;0;0;0;0;0;POINT (13.39169744 52.51222713)
4;2021;2;9;2;3;5;2;0;0;1;0;0;0;0;2;POINT (13.31279614 52.48047312)
1;2021;2;20;4;3;5;3;2;1;1;0;0;0;0;0;POINT (13.37975939 52.52261569)
5;2021;1;13;1;2;3;6;0;1;1;0;0;0;0;0;POINT (13.207501 52.55507856)
4;2021;3;14;3;3;1;5;0;0;0;0;1;0;1;0;POINT (13.33879181 52.50516113)
2;2021;2;17;5;3;5;3;2;0;1;0;0;0;0;1;POINT (13.39640523 52.4912485)
9;2021;3;18;1;3;2;6;2;0;1;0;0;0;0;0;POINT (13.55951268 52.45593709)
8;2021;1;17;1;3;6;2;2;0;0;1;0;1;0;1;POINT (13.46437881 52.47021427)
1;2021;1;8;2;3;6;4;0;0;0;1;0;0;1;0;POINT (13.38450834 52.53834055)
7;2021;2;14;7;3;6;2;0;0;1;1;0;0;0;0;POINT (13.361259 52.41260135)
2;2021;3;8;2;3;6;4;0;0;1;1;0;0;0;0;POINT (13.44338258 52.50032485)
7;2021;3;16;3;2;5;3;0;0;1;0;1;0;0;0;POINT (13.37400369 52.42138946)
2;2021;2;11;6;3;5;7;0;0;1;0;0;0;0;0;POINT (13.40043723 52.49432337)
4;2021;2;11;6;3;5;3;0;0;1;0;0;0;0;0;POINT (13.28762364 52.47570342)
8;2021;1;12;3;3;5;3;0;0;1;0;0;0;0;1;POINT (13.43441362 52.47257343)
4;2021;3;17;4;3;2;2;1;0;1;0;0;0;1;0;POINT (13.29441235 52.53440873)
4;2021;2;15;2;3;5;2;0;0;1;0;0;0;0;1;POINT (13.32623697 52.53803842)
2;2021;1;10;3;3;5;3;0;0;1;0;0;0;1;0;POINT (13.38246276 52.50452726)
8;2021;3;19;4;3;6;2;2;0;1;1;0;0;0;1;POINT (13.44884685 52.48504836)
6;2021;2;15;2;3;5;3;0;1;1;0;0;0;0;0;POINT (13.15056063 52.41841925)
12;2021;3;13;3;3;2;2;0;0;1;0;0;0;0;0;POINT (13.23996583 52.61880108)
5;2021;3;10;4;3;3;6;0;0;1;0;0;0;0;1;POINT (13.15877833 52.52091376)
2;2021;2;17;2;3;6;4;2;1;1;1;0;0;0;2;POINT (13.39523845 52.49712077)
5;2021;3;19;2;3;5;2;2;0;1;0;0;0;1;0;POINT (13.18450965 52.54763223)
4;2021;1;14;4;3;2;6;0;0;1;0;0;0;0;0;POINT (13.28513533 52.49488487)
4;2021;2;10;3;3;0;1;0;0;1;0;0;0;0;1;POINT (13.28263871 52.51863133)
6;2021;3;18;7;3;0;7;2;0;1;0;0;0;0;1;POINT (13.34360491 52.41553756)
2;2021;3;14;3;3;6;7;0;0;1;1;0;0;0;0;POINT (13.40071262 52.49427775)
6;2021;2;11;2;3;5;3;0;0;1;0;0;0;0;1;POINT (13.26045236 52.44443575)
3;2021;2;14;5;3;5;3;0;0;1;0;0;0;0;2;POINT (13.43786063 52.59300033)
10;2021;1;14;4;3;2;7;0;0;1;0;0;0;0;0;POINT (13.60419668 52.53893994)
5;2021;1;6;4;2;6;2;1;0;1;1;0;0;0;2;POINT (13.14154369 52.53235254)
4;2021;3;16;4;3;5;3;0;1;1;0;0;0;0;0;POINT (13.32172781 52.49288129)
10;2021;2;16;2;3;2;6;0;0;1;0;0;0;0;0;POINT (13.57211165 52.5461523)
9;2021;3;8;3;3;2;6;0;0;1;0;0;0;0;0;POINT (13.5486023 52.42763882)
1;2021;1;19;4;3;2;6;2;1;1;0;0;0;0;0;POINT (13.40502561 52.5339037)
11;2021;3;6;4;3;0;1;1;1;0;0;0;0;0;1;POINT (13.48666906 52.52664918)
6;2021;2;7;4;3;2;6;0;0;1;0;0;0;0;1;POINT (13.32229121 52.41038573)
12;2021;3;16;2;3;6;7;0;1;0;1;0;0;0;0;POINT (13.32597123 52.5923007)
3;2021;1;16;4;3;3;6;1;1;0;0;0;1;0;1;POINT (13.43878047 52.54794457)
7;2021;2;12;4;3;5;2;0;0;1;0;0;0;0;1;POINT (13.34627041 52.50107232)
5;2021;2;6;1;3;6;7;2;0;1;1;0;0;0;1;POINT (13.22821388 52.53007557)
1;2021;3;8;6;3;1;5;0;1;1;0;0;0;0;0;POINT (13.38343225 52.53397163)
1;2021;2;14;3;2;4;6;0;1;0;0;0;0;0;0;POINT (13.34203037 52.52626933)
3;2021;1;14;7;3;1;5;0;1;1;0;0;0;0;1;POINT (13.44563683 52.53883238)
3;2021;3;16;5;3;0;4;0;0;0;1;0;0;1;0;POINT (13.40928824 52.56642148)
1;2021;2;21;7;3;5;3;2;0;1;0;0;0;0;2;POINT (13.36280782 52.4997229)
9;2021;3;8;6;3;5;2;0;1;1;0;0;0;0;1;POINT (13.62169812 52.45061883)
6;2021;3;13;6;3;3;6;0;1;1;0;0;0;0;0;POINT (13.30005231 52.43992245)
2;2021;2;13;6;3;0;2;0;1;0;0;0;0;1;0;POINT (13.37966859 52.49429834)
12;2021;1;11;5;3;1;7;0;0;1;1;0;0;0;1;POINT (13.37074077 52.5630257)
1;2021;1;14;1;2;5;2;0;1;1;0;0;0;0;1;POINT (13.38715811 52.5597998)
1;2021;2;15;7;3;2;2;0;1;0;0;0;0;1;0;POINT (13.38325952 52.53063536)
5;2021;3;17;2;3;2;6;1;0;1;0;0;0;0;0;POINT (13.27981651 52.53432296)
4;2021;1;18;2;3;3;2;2;0;1;0;0;0;0;1;POINT (13.29385608 52.53476839)
5;2021;2;14;1;3;1;5;0;0;1;0;0;0;0;2;POINT (13.13287979 52.45106783)
8;2021;2;17;5;3;5;3;0;0;1;0;0;0;1;0;POINT (13.43478852 52.43923971)
12;2021;1;9;2;3;5;2;0;0;1;0;0;0;0;1;POINT (13.31543439 52.57783744)
12;2021;3;15;3;3;6;4;0;0;1;1;0;0;0;0;POINT (13.29536507 52.62876091)
7;2021;1;15;5;3;5;7;0;0;1;0;0;0;0;0;POINT (13.3884382 52.45674805)
12;2021;1;13;2;3;5;2;0;1;0;0;0;1;0;1;POINT (13.28539402 52.59482019)
8;2021;1;9;2;3;5;2;0;1;1;0;0;0;0;1;POINT (13.45244174 52.47283818)
5;2021;2;15;7;3;5;2;0;1;1;0;0;0;0;0;POINT (13.18788832 52.54700248)
10;2021;3;16;1;3;5;2;0;1;1;0;0;0;0;1;POINT (13.51895151 52.5314907)
6;2021;3;18;2;3;5;2;2;1;1;0;0;0;0;0;POINT (13.33886604 52.46451464)
5;2021;2;14;7;3;0;7;0;0;1;0;0;0;1;0;POINT (13.15055349 52.52295421)
6;2021;2;15;6;3;5;3;0;1;1;0;0;0;0;0;POINT (13.32997657 52.46443812)
12;2021;1;13;3;2;6;2;0;0;1;1;0;0;0;1;POINT (13.24483566 52.61445463)
7;2021;2;17;2;3;6;2;2;0;1;1;0;0;0;1;POINT (13.36792922 52.41896813)
8;2021;1;8;3;2;0;1;0;1;0;0;0;0;0;1;POINT (13.40591121 52.41559563)
5;2021;3;14;5;3;5;3;0;1;1;0;0;0;0;0;POINT (13.26840173 52.53675635)
4;2021;2;12;7;3;3;6;0;0;1;0;0;0;0;2;POINT (13.27052828 52.51063692)
8;2021;2;17;2;3;0;1;1;0;0;0;1;0;0;0;POINT (13.45165306 52.45253029)
6;2021;1;11;7;3;5;3;0;1;1;0;0;0;0;1;POINT (13.32394951 52.4560999)
11;2021;3;7;3;3;5;3;0;1;1;0;0;0;0;0;POINT (13.51184392 52.54648049)
12;2021;3;16;4;2;6;4;0;0;1;1;0;0;0;1;POINT (13.36492651 52.597145)
11;2021;3;23;5;2;5;3;2;0;1;0;0;0;1;0;POINT (13.49489678 52.54206726)
9;2021;2;14;3;3;0;4;0;0;0;1;0;0;1;1;POINT (13.51748439 52.4616639)
9;2021;3;13;1;3;5;3;0;1;1;0;0;0;0;0;POINT (13.54515056 52.43433854)
10;2021;1;21;4;2;9;7;2;0;1;0;0;0;0;1;POINT (13.53907447 52.55428271)
9;2021;2;13;3;2;0;1;0;0;0;0;1;0;0;1;POINT (13.50524698 52.44479673)
12;2021;1;10;4;3;6;4;0;0;1;1;0;0;0;1;POINT (13.32978083 52.56913584)
1;2021;3;8;6;2;6;7;0;0;1;1;0;0;0;0;POINT (13.3444765 52.50436914)
9;2021;2;20;3;3;8;1;2;0;0;0;1;0;0;0;POINT (13.49750546 52.45809045)
5;2021;1;18;7;3;6;2;2;0;1;1;0;0;0;1;POINT (13.16531327 52.55126224)
1;2021;3;15;5;2;2;6;0;1;0;0;0;0;0;1;POINT (13.38840785 52.53399059)
7;2021;3;12;6;3;5;2;0;0;1;0;0;0;0;1;POINT (13.40623865 52.40437741)
3;2021;1;15;5;3;6;4;0;0;1;1;0;0;0;1;POINT (13.45292168 52.55186233)
1;2021;1;11;7;2;5;2;0;0;1;0;1;0;0;0;POINT (13.41182226 52.52396765)
9;2021;2;6;7;3;1;5;1;0;1;0;0;0;0;0;POINT (13.48500082 52.46704747)
1;2021;3;19;7;3;2;6;2;0;1;0;0;0;1;1;POINT (13.4048491 52.51353234)
8;2021;1;14;2;2;6;2;0;0;0;1;0;0;1;0;POINT (13.426346 52.47754794)
10;2021;2;13;1;3;6;4;0;0;1;1;0;0;0;2;POINT (13.61222667 52.51185988)
2;2021;2;18;4;2;5;2;2;0;1;0;0;0;1;0;POINT (13.40932199 52.50172909)
8;2021;1;7;3;3;2;2;2;0;1;0;0;1;0;1;POINT (13.44812448 52.47765568)
5;2021;3;6;3;3;2;6;0;0;1;0;1;0;0;0;POINT (13.1578742 52.5613587)
1;2021;1;14;6;3;5;2;0;0;1;0;0;0;0;1;POINT (13.39893273 52.53254512)
1;2021;2;10;4;3;5;3;0;1;1;0;0;0;0;0;POINT (13.39422235 52.50789917)
1;2021;1;13;6;3;5;2;0;1;1;0;0;0;0;1;POINT (13.38478693 52.55064062)
4;2021;3;6;4;3;2;6;0;0;1;0;0;0;0;1;POINT (13.29712916 52.53454852)
8;2021;2;17;7;3;4;5;2;0;1;0;0;0;0;2;POINT (13.43513611 52.42686173)
1;2021;3;7;6;3;1;5;0;0;1;0;0;0;0;1;POINT (13.38290655 52.52311373)
3;2021;3;12;1;3;6;4;0;0;1;1;0;0;0;0;POINT (13.39198248 52.58393009)
4;2021;2;12;5;3;5;3;0;0;1;0;0;0;0;0;POINT (13.27390367 52.50968098)
5;2021;1;17;6;2;6;4;2;0;1;1;0;0;0;0;POINT (13.21307875 52.56164255)
6;2021;1;7;1;3;5;3;0;0;1;0;0;0;0;1;POINT (13.31868737 52.45446522)
3;2021;2;10;5;2;5;3;0;1;0;0;0;0;1;0;POINT (13.43074653 52.53450049)
2;2021;3;15;1;3;5;2;0;1;1;0;0;0;0;0;POINT (13.46608437 52.49997034)
5;2021;2;19;2;3;1;5;2;0;1;0;0;0;0;1;POINT (13.22531149 52.53755195)
7;2021;2;9;4;3;6;4;0;1;0;1;0;0;0;0;POINT (13.35611576 52.48597528)
1;2021;1;8;1;3;0;2;0;1;1;0;0;0;0;1;POINT (13.3804334 52.51811757)
3;2021;3;16;3;3;5;2;0;0;1;0;1;0;0;0;POINT (13.42708346 52.58735669)
3;2021;1;15;6;3;5;3;0;0;1;0;0;0;0;1;POINT (13.40269794 52.60065823)
1;2021;1;12;2;3;5;7;0;0;0;0;0;1;1;1;POINT (13.37978713 52.55607929)
10;2021;1;10;2;3;5;3;0;0;1;0;0;0;0;1;POINT (13.57357341 52.55241006)
5;2021;2;20;7;3;8;1;2;0;1;0;0;0;0;0;POINT (13.14168251 52.45543258)
9;2021;3;15;2;3;0;7;0;0;1;0;0;0;0;0;POINT (13.5755264 52.44550589)
7;2021;3;14;3;3;5;3;0;0;1;0;0;0;0;0;POINT (13.37127522 52.43647208)
9;2021;2;8;1;3;2;6;0;0;1;0;0;0;0;1;POINT (13.54219461 52.45777954)
9;2021;3;0;1;3;5;3;2;1;1;0;0;0;0;0;POINT (13.50708375 52.46326252)
3;2021;1;9;2;3;6;4;0;0;1;1;0;0;0;1;POINT (13.44300053 52.55141963)
10;2021;2;15;2;3;2;6;0;0;1;0;0;0;0;1;POINT (13.5668268 52.55598398)
10;2021;1;16;4;3;2;6;1;0;1;0;0;0;0;1;POINT (13.61532747 52.5316394)
4;2021;3;13;5;3;3;6;0;0;1;0;0;0;0;0;POINT (13.29880237 52.51951557)
3;2021;3;8;5;3;5;2;0;1;1;0;0;0;0;1;POINT (13.40863952 52.55394606)
1;2021;2;15;7;3;2;6;0;0;1;0;0;0;0;2;POINT (13.38410022 52.55552524)
9;2021;2;15;2;3;0;6;0;1;0;0;0;1;0;0;POINT (13.54922197 52.4383264)
1;2021;1;11;6;3;5;2;0;1;0;0;0;0;1;1;POINT (13.38067079 52.51662448)
8;2021;3;23;3;2;5;3;2;1;1;0;0;0;0;1;POINT (13.4311478 52.4677897)
4;2021;3;12;5;2;5;3;0;0;1;0;0;0;0;0;POINT (13.3029661 52.50553435)
11;2021;3;11;5;3;6;7;0;0;0;1;0;0;1;1;POINT (13.47166356 52.52723976)
12;2021;2;12;4;3;1;5;0;0;1;0;0;0;0;0;POINT (13.30689775 52.61688582)
4;2021;1;13;7;3;5;3;0;0;1;0;0;0;0;0;POINT (13.33097146 52.49513828)
3;2021;3;15;2;2;6;4;0;0;1;1;0;0;0;0;POINT (13.49253911 52.62331059)
12;2021;1;20;7;3;6;2;2;0;1;1;0;0;0;0;POINT (13.294794 52.57650747)
4;2021;2;19;3;3;6;2;2;0;1;1;0;0;0;1;POINT (13.32274784 52.48643807)
2;2021;3;7;5;3;2;7;0;0;1;0;0;0;0;0;POINT (13.42013981 52.48988853)
3;2021;2;16;3;3;5;3;0;0;1;0;0;0;0;2;POINT (13.42264 52.5415198)
5;2021;2;11;5;3;2;6;0;0;1;0;0;0;0;1;POINT (13.17131856 52.53369407)
3;2021;1;9;1;3;5;2;0;1;1;0;0;0;0;1;POINT (13.47692929 52.56699518)
3;2021;3;9;4;3;1;5;0;1;1;0;0;0;0;0;POINT (13.42364306 52.54347835)
11;2021;3;13;5;3;6;4;0;0;0;1;0;0;1;0;POINT (13.50384388 52.56426721)
11;2021;3;9;1;3;2;6;0;0;1;0;0;0;0;0;POINT (13.50692713 52.56403083)
11;2021;1;10;2;3;2;6;0;0;1;0;0;0;0;1;POINT (13.48583977 52.57730025)
7;2021;1;18;3;3;0;2;2;0;1;0;0;0;1;1;POINT (13.36084241 52.4913215)
5;2021;2;13;1;2;0;2;0;0;1;0;0;0;1;0;POINT (13.18462454 52.51536777)
6;2021;3;12;1;3;5;3;0;0;1;0;0;0;0;0;POINT (13.27029822 52.44235093)
6;2021;1;16;3;3;5;3;1;1;1;0;0;0;0;0;POINT (13.35371856 52.44542493)
12;2021;2;20;6;2;1;1;2;0;1;0;0;1;0;1;POINT (13.35586004 52.57758772)
7;2021;3;15;1;3;6;4;0;0;1;1;0;0;0;0;POINT (13.35338249 52.48106625)
2;2021;1;14;3;3;1;5;0;1;1;0;0;0;0;1;POINT (13.37586754 52.48773779)
12;2021;3;13;3;3;0;7;0;1;0;0;0;0;0;0;POINT (13.21661469 52.61118701)
6;2021;1;12;5;3;5;2;0;1;1;0;0;0;0;2;POINT (13.25997889 52.42818265)
7;2021;1;17;3;3;3;6;2;0;1;0;0;0;0;0;POINT (13.37844468 52.409766)
8;2021;1;6;4;3;5;3;2;1;1;0;0;0;0;2;POINT (13.45397933 52.46920807)
2;2021;2;10;2;2;6;4;0;0;1;1;0;0;0;0;POINT (13.4211901 52.48719314)
1;2021;3;11;1;2;4;6;0;1;0;0;0;1;0;0;POINT (13.4253673 52.50855769)
1;2021;3;15;3;3;6;4;0;0;1;1;0;0;0;0;POINT (13.38607448 52.53882998)
6;2021;2;6;3;3;5;7;2;0;1;0;1;0;0;1;POINT (13.34818067 52.45149479)
5;2021;3;16;2;3;2;6;0;0;1;0;0;1;0;0;POINT (13.2001385 52.53247224)
4;2021;1;17;4;3;6;4;2;1;0;1;0;0;0;1;POINT (13.31092252 52.47945108)
2;2021;2;3;1;3;0;1;2;0;0;0;0;0;1;2;POINT (13.38861745 52.4994603)
12;2021;3;19;5;3;5;2;2;1;1;0;0;0;0;0;POINT (13.31117143 52.5698166)
12;2021;2;14;4;3;6;4;0;0;1;1;0;0;0;0;POINT (13.29984373 52.58325118)
12;2021;1;11;5;3;5;3;0;0;1;0;0;1;0;0;POINT (13.37930854 52.56989083)
7;2021;1;16;2;3;2;6;1;0;1;0;0;0;1;1;POINT (13.39311962 52.45789558)
1;2021;1;18;3;3;1;5;2;1;1;0;0;0;0;1;POINT (13.39331232 52.52680762)
4;2021;2;16;1;3;0;7;0;1;0;0;0;0;0;0;POINT (13.30728287 52.47951424)
4;2021;3;19;2;3;2;6;2;0;1;0;0;0;1;0;POINT (13.32043654 52.4715959)
11;2021;3;18;3;3;0;2;2;0;1;0;1;0;0;0;POINT (13.51317446 52.48935529)
2;2021;2;20;1;2;6;4;2;0;1;1;0;0;0;2;POINT (13.43369945 52.52332087)
8;2021;2;14;7;3;2;6;0;0;1;0;0;0;0;0;POINT (13.44051114 52.48158371)
4;2021;1;15;6;3;2;6;0;0;1;0;0;0;0;0;POINT (13.3384784 52.50334644)
6;2021;2;10;1;3;5;2;0;1;1;0;0;0;0;2;POINT (13.24025442 52.42449855)
7;2021;1;10;4;3;0;2;0;0;0;0;0;0;1;0;POINT (13.36210207 52.49768312)
6;2021;3;14;4;3;5;3;0;1;1;0;0;0;0;0;POINT (13.2679283 52.44546693)
9;2021;3;9;5;2;4;5;0;0;1;0;0;0;0;1;POINT (13.52828885 52.40259718)
3;2021;2;14;3;3;5;3;0;1;1;0;0;0;0;0;POINT (13.44170893 52.55004821)
2;2021;1;13;5;3;2;6;0;0;1;0;0;0;1;0;POINT (13.38877657 52.48982283)
9;2021;3;16;3;2;1;5;0;1;1;0;0;0;0;0;POINT (13.52377616 52.45284235)
11;2021;1;0;4;2;0;7;2;0;1;0;0;0;0;1;POINT (13.52390015 52.51306872)
9;2021;3;5;5;2;5;2;2;0;1;0;0;0;1;1;POINT (13.49127529 52.46907301)
12;2021;2;9;5;3;5;7;0;0;1;0;0;0;0;0;POINT (13.2874061 52.63317639)
9;2021;3;11;7;3;2;6;0;0;1;0;0;0;0;1;POINT (13.52624212 52.42647586)
4;2021;2;14;4;3;3;2;0;0;1;0;0;0;0;0;POINT (13.2833818 52.51851702)
12;2021;1;7;5;3;5;3;2;0;1;0;0;0;0;1;POINT (13.35987979 52.56200021)
8;2021;3;15;2;3;5;2;0;1;0;0;1;0;0;0;POINT (13.51565314 52.42084698)
8;2021;1;17;1;3;2;6;2;0;0;0;0;0;1;1;POINT (13.44119424 52.47222244)
1;2021;2;12;3;3;1;5;0;1;1;0;0;0;0;1;POINT (13.3863397 52.52795179)
3;2021;3;17;5;3;5;3;1;1;1;0;0;0;0;0;POINT (13.42891958 52.57909878)
3;2021;2;11;4;3;2;6;0;0;1;0;0;1;0;2;POINT (13.4411162 52.54941664)
9;2021;2;15;4;3;5;3;0;0;1;0;0;0;1;0;POINT (13.51729212 52.42864564)
1;2021;1;9;2;3;5;3;0;1;1;0;0;0;0;0;POINT (13.39894011 52.50822701)
1;2021;3;15;4;3;5;3;0;0;1;0;0;0;0;0;POINT (13.34603745 52.54487012)
10;2021;3;19;6;3;6;4;2;0;1;1;0;0;0;1;POINT (13.57928735 52.56358904)
7;2021;3;12;1;3;5;2;0;0;1;0;0;0;1;0;POINT (13.37906392 52.44813057)
6;2021;1;18;2;3;6;4;2;0;1;1;0;0;0;1;POINT (13.2985805 52.45766481)
1;2021;1;14;3;3;5;2;0;0;1;0;0;0;0;0;POINT (13.33729518 52.55861569)
4;2021;2;10;1;3;5;2;0;1;1;0;0;0;0;0;POINT (13.28089926 52.47667826)
9;2021;3;19;1;3;5;3;2;1;1;0;0;0;0;1;POINT (13.53900372 52.45098344)
1;2021;3;12;4;3;1;5;0;1;1;0;0;0;0;1;POINT (13.41066179 52.51008123)
12;2021;1;5;3;3;1;5;2;1;1;0;0;0;0;1;POINT (13.32383063 52.56504693)
10;2021;2;13;6;3;5;3;0;0;1;0;0;0;0;1;POINT (13.58623826 52.51675559)
10;2021;2;14;6;2;6;4;0;0;1;1;0;0;0;0;POINT (13.58838783 52.52957056)
12;2021;1;17;3;3;1;5;2;0;1;0;0;1;0;1;POINT (13.29156087 52.59353928)
3;2021;3;15;3;3;6;7;0;0;1;1;0;0;0;0;POINT (13.39721598 52.56225307)
12;2021;2;20;2;3;5;3;2;0;1;0;0;0;0;1;POINT (13.32174163 52.56049311)
12;2021;1;15;3;3;5;2;0;0;1;0;0;0;0;0;POINT (13.36051968 52.59689484)
4;2021;1;15;3;2;0;7;0;0;1;0;1;0;0;1;POINT (13.2784727 52.53688762)
12;2021;3;13;5;3;2;6;0;0;1;0;0;0;1;0;POINT (13.31704441 52.56677878)
9;2021;2;8;2;3;2;6;0;0;1;0;0;0;0;0;POINT (13.4778509 52.44651673)
1;2021;3;19;3;3;5;7;2;1;1;0;0;0;0;0;POINT (13.40686153 52.51826683)
11;2021;3;20;4;2;5;3;2;0;1;0;0;0;1;1;POINT (13.47327343 52.52299119)
3;2021;2;6;4;3;3;6;2;0;1;0;0;0;0;1;POINT (13.45230138 52.53440436)
12;2021;3;15;2;3;6;2;0;0;1;1;0;0;0;0;POINT (13.29172358 52.58265822)
9;2021;1;12;5;3;2;2;0;0;1;0;0;0;0;1;POINT (13.59329745 52.45162865)
2;2021;2;18;2;3;5;2;2;0;1;0;1;0;0;1;POINT (13.46371611 52.51070134)
11;2021;3;18;6;3;5;3;1;0;1;0;0;0;0;0;POINT (13.48842259 52.50223181)
11;2021;2;7;3;3;5;3;0;1;1;0;0;0;0;0;POINT (13.5153728 52.53753165)
4;2021;1;16;5;3;5;3;1;0;1;0;0;0;0;0;POINT (13.30695113 52.50005452)
8;2021;3;8;4;1;5;2;0;1;0;0;0;1;0;0;POINT (13.42115515 52.46677666)
8;2021;3;17;6;3;6;2;1;0;1;1;0;0;0;1;POINT (13.42401022 52.48652625)
3;2021;3;9;1;3;5;3;0;0;1;0;0;1;0;0;POINT (13.4405482 52.63699678)
11;2021;2;14;6;3;6;4;0;0;1;1;0;0;0;0;POINT (13.52018914 52.56625493)
10;2021;1;4;7;3;9;1;2;0;1;0;0;0;0;0;POINT (13.54011855 52.52582621)
9;2021;1;17;2;3;5;2;2;1;0;0;0;0;1;1;POINT (13.45395608 52.48897407)
6;2021;1;14;3;2;6;4;0;0;1;1;0;0;0;0;POINT (13.31520713 52.4473819)
2;2021;2;13;6;2;2;7;0;0;1;0;1;0;0;0;POINT (13.45793999 52.50965458)
1;2021;3;17;2;2;2;7;0;0;1;0;1;0;0;0;POINT (13.39976509 52.53151917)
3;2021;1;13;2;1;6;4;0;0;0;1;0;0;1;0;POINT (13.46645637 52.55082607)
4;2021;2;18;3;3;3;6;2;0;1;0;0;0;0;2;POINT (13.30504857 52.50269252)
1;2021;2;19;4;3;5;2;2;1;1;0;0;0;0;0;POINT (13.36033767 52.53724679)
7;2021;1;10;7;3;5;3;0;0;1;0;0;0;1;1;POINT (13.35430603 52.48352479)
1;2021;3;8;3;2;6;2;0;0;1;1;0;0;0;0;POINT (13.36986082 52.55966213)
1;2021;1;10;7;3;0;1;0;0;0;0;1;0;0;2;POINT (13.34802049 52.55380502)
3;2021;1;12;1;3;5;7;0;1;1;0;0;0;0;2;POINT (13.48369523 52.56194038)
4;2021;1;20;2;3;5;7;2;0;1;0;0;0;0;1;POINT (13.31492469 52.51338665)
2;2021;3;17;3;3;5;2;0;0;1;0;1;0;0;1;POINT (13.40660088 52.49836514)
5;2021;3;8;5;3;5;3;0;0;1;0;0;0;1;1;POINT (13.16102047 52.52545125)
2;2021;3;7;1;3;5;2;0;0;0;0;1;0;1;0;POINT (13.41861702 52.49887086)
3;2021;2;14;6;3;5;3;0;0;1;0;0;0;0;0;POINT (13.44443761 52.57529962)
8;2021;1;19;1;3;5;7;2;1;1;0;0;0;0;1;POINT (13.42105188 52.46735962)
6;2021;1;10;1;3;6;7;0;0;1;1;0;0;0;0;POINT (13.34935771 52.44739123)
12;2021;2;22;3;3;8;1;2;0;1;0;0;0;0;1;POINT (13.35283061 52.60164598)
8;2021;3;15;2;3;2;6;0;0;1;0;0;0;1;0;POINT (13.45377749 52.42953805)
5;2021;2;17;4;2;5;2;2;0;1;0;0;0;0;2;POINT (13.26495342 52.53666009)
9;2021;2;6;4;3;3;6;0;1;1;0;0;0;0;0;POINT (13.50927226 52.47333472)
2;2021;1;18;1;2;1;5;2;1;1;0;0;0;0;0;POINT (13.38703343 52.50650792)
2;2021;3;18;4;3;1;5;2;1;1;0;0;0;0;0;POINT (13.41685571 52.49252947)
3;2021;1;15;5;2;6;4;0;0;1;1;0;0;0;0;POINT (13.48141843 52.62204038)
7;2021;3;19;1;3;6;2;1;0;1;1;0;0;0;1;POINT (13.34599065 52.49696518)
6;2021;2;18;5;3;6;2;2;0;1;1;0;0;0;2;POINT (13.32775832 52.42563022)
6;2021;3;17;1;3;5;3;0;0;1;0;1;0;0;0;POINT (13.31491507 52.43776885)
9;2021;1;21;1;3;5;3;2;1;1;0;0;0;0;1;POINT (13.48903134 52.46735644)
4;2021;1;11;3;3;6;4;0;0;1;1;0;0;0;1;POINT (13.33331229 52.48154594)
1;2021;2;17;1;3;5;2;0;1;1;0;0;0;0;0;POINT (13.39218396 52.5550635)
2;2021;3;18;2;3;6;7;2;1;0;1;0;0;0;0;POINT (13.45885688 52.51155722)
2;2021;3;12;3;3;5;3;0;1;1;0;0;0;0;0;POINT (13.42762475 52.49897414)
11;2021;1;7;4;2;2;7;2;0;1;0;0;0;0;1;POINT (13.53616536 52.57040523)
9;2021;2;16;1;3;6;4;1;1;0;1;0;0;0;1;POINT (13.50964866 52.47299062)
10;2021;2;8;6;3;1;5;0;0;1;0;0;0;0;0;POINT (13.60018946 52.52595865)
7;2021;1;16;2;3;6;4;2;0;0;1;0;0;1;0;POINT (13.34938372 52.49041201)
11;2021;3;9;3;3;2;6;0;0;1;0;0;0;0;0;POINT (13.47940976 52.52336968)
8;2021;2;17;2;2;2;6;2;1;0;0;0;0;1;1;POINT (13.42890084 52.47193816)
11;2021;2;13;5;3;5;3;0;0;1;0;0;0;0;0;POINT (13.53209958 52.48411567)
12;2021;1;6;4;2;4;6;2;0;1;0;0;1;0;1;POINT (13.29278098 52.60831468)
2;2021;1;6;4;2;5;3;2;1;0;0;0;0;1;2;POINT (13.42711531 52.51191648)
1;2021;3;20;3;3;5;2;2;0;1;0;0;0;0;0;POINT (13.38852324 52.547824)
5;2021;2;7;1;3;0;1;0;0;0;0;1;0;0;1;POINT (13.1599687 52.54860807)
2;2021;3;11;3;3;5;2;0;1;1;0;0;0;0;0;POINT (13.40920402 52.50168596)
7;2021;3;15;4;3;5;3;0;0;1;0;1;0;0;0;POINT (13.36674966 52.44963436)
12;2021;2;7;4;2;1;5;0;0;1;0;0;0;0;1;POINT (13.30175404 52.62122787)