bez;ujahr;umonat;ustunde;uwochentag;ukategorie;uart;utyp1;ulichtverh;istrad;istpkw;istfuss;istkrad;istgkfz;istsonstige;ustrzustand;geometry
1;2021;3;20;2;3;5;2;2;1;1;0;0;0;0;0;POINT (13.38146891 52.51515178)
3;2021;1;17;4;3;5;3;2;0;1;0;0;0;0;1;POINT (13.441265 52.54957257)
2;2021;2;8;3;3;5;3;0;1;1;0;0;0;0;1;POINT (13.44440045 52.49979542)
2;2021;2;5;4;3;0;6;0;1;0;0;0;0;1;0;POINT (13.46506593 52.49803515)
8;2021;3;11;5;3;0;2;0;0;1;0;0;0;1;0;POINT (13.45339263 52.42938299)
4;2021;2;14;3;2;5;3;0;0;1;0;1;0;0;0;POINT (13.31533336 52.51472276)
3;2021;1;11;5;3;5;3;0;1;1;0;0;0;0;0;POINT (13.40699058 52.56034119)
11;2021;3;17;5;3;1;5;0;1;1;0;0;0;0;0;POINT (13.52450823 52.48252862)
8;2021;3;20;6;2;5;2;2;0;1;0;0;0;0;1;POINT (13.46449139 52.47027217)
3;2021;3;13;1;3;5;3;0;0;1;0;0;0;0;0;POINT (13.46994343 52.5673284)
12;2021;2;16;6;3;0;7;0;0;1;0;1;0;0;0;POINT (13.33175925 52.56321164)
9;2021;1;7;4;3;5;3;0;1;1;0;0;0;0;1;POINT (13.45406507 52.48901964)
11;2021;1;11;7;3;5;2;0;1;1;0;0;0;0;0;POINT (13.56430568 52.57228028)
12;2021;1;12;2;3;5;3;0;0;1;0;1;0;0;1;POINT (13.30030949 52.58622238)
10;2021;2;10;6;3;6;7;0;0;1;1;0;0;0;0;POINT (13.57756423 52.56500477)
7;2021;3;21;7;3;5;2;2;0;1;0;0;0;0;1;POINT (13.40107379 52.41457355)
8;2021;1;17;2;3;0;3;2;0;1;0;1;0;0;1;POINT (13.46309269 52.46954834)
12;2021;2;11;1;3;8;1;0;0;1;0;0;0;0;2;POINT (13.28516137 52.59543083)
8;2021;2;17;5;3;1;5;0;1;1;0;0;0;0;0;POINT (13.42424165 52.48535419)
10;2021;1;3;7;3;1;5;2;0;1;0;0;1;0;1;POINT (13.56610813 52.51314695)
9;2021;3;15;3;3;5;2;0;1;1;0;0;0;0;0;POINT (13.55800911 52.45571372)
8;2021;1;6;5;3;6;2;2;0;1;1;0;0;0;0;POINT (13.44817013 52.47763295)
8;2021;1;8;2;3;5;3;0;0;1;0;0;0;1;1;POINT (13.43617234 52.44884732)
1;2021;1;18;2;3;1;5;2;1;1;0;0;0;0;1;POINT (13.36083553 52.50028761)
3;2021;2;9;1;3;5;3;0;1;1;0;0;0;0;0;POINT (13.37906475 52.57493122)
4;2021;3;17;1;3;1;5;0;1;1;0;0;0;0;1;POINT (13.30388381 52.50145166)
6;2021;3;9;3;3;5;2;0;1;0;0;0;1;0;0;POINT (13.31487066 52.41752579)
3;2021;2;8;1;3;2;7;0;0;1;0;0;0;0;1;POINT (13.4011068 52.56564785)
12;2021;3;10;1;3;2;6;0;1;0;0;0;0;1;0;POINT (13.36082215 52.60220239)
4;2021;1;16;3;3;5;2;1;1;1;0;0;0;0;1;POINT (13.31165516 52.46825958)
8;2021;2;13;1;3;0;4;0;1;0;1;0;0;0;2;POINT (13.45389551 52.44303233)
12;2021;2;13;6;3;3;5;0;0;1;0;0;1;0;2;POINT (13.3467153 52.56796391)
7;2021;1;15;4;3;6;7;0;1;0;1;0;0;0;0;POINT (13.35562965 52.46099603)
5;2021;3;16;5;3;0;3;0;1;0;0;1;0;0;0;POINT (13.24666181 52.53811452)
12;2021;2;14;2;3;2;4;0;0;1;1;0;0;0;0;POINT (13.32763917 52.56397246)
8;2021;1;16;4;3;0;6;1;0;1;0;0;0;1;0;POINT (13.43161082 52.46639217)
8;2021;3;17;3;2;5;3;0;1;1;0;0;0;0;0;POINT (13.4267181 52.4882841)
1;2021;3;22;4;2;1;5;2;0;1;0;0;0;0;1;POINT (13.38873085 52.55536883)
1;2021;3;15;6;3;5;3;0;1;1;0;0;0;0;0;POINT (13.34278179 52.50457979)
4;2021;2;18;7;3;5;2;2;0;1;0;0;0;0;0;POINT (13.32624142 52.53802894)
12;2021;3;15;2;2;4;3;0;0;1;0;0;0;0;1;POINT (13.3633006 52.59706089)
4;2021;3;14;4;3;2;6;0;0;1;0;0;0;1;1;POINT (13.24904592 52.52395582)
3;2021;2;12;7;3;5;3;0;0;1;0;0;0;0;0;POINT (13.4619773 52.55890561)
1;2021;2;5;7;3;5;3;1;0;0;0;0;0;1;0;POINT (13.41537892 52.52271245)
3;2021;1;10;2;3;5;3;0;1;1;0;0;0;0;1;POINT (13.46264987 52.55975963)
3;2021;3;7;4;3;0;3;0;1;1;0;0;0;0;0;POINT (13.42223007 52.55989603)
8;2021;2;15;2;3;2;6;0;0;1;0;0;0;1;0;POINT (13.47427567 52.42570246)
8;2021;2;19;5;3;2;6;2;0;1;0;0;0;0;1;POINT (13.43849998 52.45212785)
4;2021;1;17;4;3;5;3;2;1;1;0;0;0;0;0;POINT (13.28778178 52.51514474)
4;2021;3;12;5;3;2;6;0;0;1;0;0;0;0;0;POINT (13.32829587 52.49517039)
8;2021;2;11;2;3;6;7;0;0;0;1;0;0;1;0;POINT (13.41831382 52.41453819)
11;2021;3;17;2;3;3;6;0;0;1;0;0;0;0;0;POINT (13.51924126 52.50880305)
2;2021;3;12;4;3;2;7;0;0;1;0;0;0;0;1;POINT (13.40383393 52.49521021)
2;2021;2;12;3;3;5;2;0;0;1;0;0;0;0;1;POINT (13.45504881 52.50783235)
5;2021;3;13;2;3;0;6;0;0;0;0;0;0;1;0;POINT (13.19898931 52.53348818)
2;2021;1;15;5;3;5;2;2;1;1;0;0;0;0;1;POINT (13.42671579 52.51574313)
7;2021;2;17;3;2;6;2;2;0;1;1;0;0;0;1;POINT (13.39256885 52.41268757)
4;2021;3;11;6;3;5;3;0;1;1;0;0;0;0;0;POINT (13.31395105 52.50781032)
1;2021;2;10;4;3;6;4;0;0;1;1;0;0;0;0;POINT (13.37349047 52.5422129)
10;2021;1;10;5;3;5;7;0;0;1;0;0;0;1;1;POINT (13.56416022 52.52544511)
3;2021;3;10;4;3;5;3;0;0;1;0;0;0;0;0;POINT (13.4367612 52.54873903)
5;2021;3;17;1;3;2;6;0;0;1;0;0;0;0;1;POINT (13.2401964 52.54299627)
1;2021;2;15;5;3;2;2;0;0;1;0;0;0;0;1;POINT (13.35313699 52.5022777)
7;2021;1;3;7;3;9;1;2;0;1;0;0;0;0;0;POINT (13.35913536 52.49855177)
7;2021;1;13;1;3;5;2;0;1;1;0;0;0;0;1;POINT (13.39995141 52.43776765)
5;2021;2;15;5;3;5;2;0;1;1;0;0;0;0;0;POINT (13.17803316 52.54867537)
5;2021;3;6;7;3;6;2;0;0;1;1;0;0;0;0;POINT (13.17687503 52.51709869)
9;2021;1;13;2;3;0;7;0;0;0;0;0;1;0;0;POINT (13.50097879 52.46036888)
7;2021;2;19;3;3;6;2;2;0;1;1;0;0;0;2;POINT (13.40087841 52.41452501)
5;2021;2;10;4;3;6;7;0;0;0;1;0;0;1;0;POINT (13.19952919 52.54642032)
4;2021;1;11;2;3;0;4;0;0;1;1;0;0;0;0;POINT (13.30570157 52.50989929)
3;2021;3;6;3;3;0;3;0;0;1;0;0;0;0;0;POINT (13.42734616 52.5524461)
6;2021;1;12;6;3;2;6;0;0;1;0;0;0;0;2;POINT (13.25014975 52.45552029)
8;2021;1;16;2;3;0;2;1;1;1;0;0;0;0;1;POINT (13.43954236 52.47586089)
8;2021;1;7;3;3;6;2;2;0;0;1;0;0;1;1;POINT (13.41672659 52.41829126)
7;2021;2;7;1;3;6;4;0;0;1;1;0;0;0;0;POINT (13.37753693 52.48199386)
1;2021;3;6;2;3;2;6;0;0;1;0;0;0;0;0;POINT (13.35190851 52.50507406)
1;2021;3;15;3;3;1;5;0;1;1;0;0;0;0;0;POINT (13.35030959 52.50293492)
4;2021;2;9;6;3;5;3;0;0;1;0;0;0;1;1;POINT (13.32716053 52.49489186)
6;2021;2;2;6;2;9;1;2;0;1;0;0;0;0;0;POINT (13.3484025 52.45373419)
12;2021;1;16;4;3;2;6;2;0;1;0;1;0;0;1;POINT (13.33022982 52.56270166)
2;2021;2;11;2;3;1;5;0;1;1;0;0;0;0;1;POINT (13.38876132 52.50017305)
3;2021;1;13;3;3;0;2;0;1;1;0;0;0;0;1;POINT (13.45373919 52.53293902)
9;2021;3;8;4;2;5;3;0;0;1;0;0;0;0;0;POINT (13.53137477 52.40509555)
4;2021;3;16;6;2;0;7;0;1;0;0;0;0;0;0;POINT (13.31497439 52.51386107)
11;2021;2;9;4;3;5;2;0;1;1;0;0;0;0;0;POINT (13.49365064 52.54475366)
8;2021;1;19;5;3;2;2;2;1;1;0;0;0;0;0;POINT (13.50365008 52.41174444)
1;2021;3;8;3;3;5;2;0;1;1;0;0;0;0;0;POINT (13.41501698 52.51581521)
3;2021;3;15;4;3;2;6;0;0;1;0;0;0;1;1;POINT (13.50558781 52.63678737)
1;2021;3;10;1;3;5;2;0;1;1;0;0;0;0;0;POINT (13.39800787 52.53501324)
12;2021;2;15;2;3;2;6;0;0;1;0;0;0;0;1;POINT (13.29147988 52.58075276)
2;2021;1;1;7;3;5;2;2;1;1;0;0;0;0;0;POINT (13.42689368 52.49910842)
9;2021;3;10;2;2;6;4;0;0;1;1;0;0;0;0;POINT (13.52581508 52.40648924)
6;2021;1;11;1;3;5;3;0;0;1;0;1;0;0;1;POINT (13.25274746 52.42847458)
2;2021;2;8;3;3;0;1;0;0;0;0;1;0;0;1;POINT (13.43523426 52.499958)
3;2021;3;9;5;3;5;3;0;1;1;0;0;0;0;0;POINT (13.42616567 52.60770652)
8;2021;2;12;3;3;2;6;0;0;1;0;0;0;1;1;POINT (13.42435025 52.48605316)
5;2021;2;8;5;3;5;3;0;0;1;0;0;0;0;1;POINT (13.13053505 52.53635399)
12;2021;1;9;1;3;6;4;0;0;1;1;0;0;0;1;POINT (13.27607553 52.5757597)
10;2021;3;9;4;3;5;3;0;0;1;0;0;0;0;0;POINT (13.62432285 52.48976432)
3;2021;3;14;5;3;0;3;0;0;1;0;0;0;1;0;POINT (13.43277456 52.55032415)
7;2021;3;11;1;3;3;6;0;0;1;0;0;0;0;0;POINT (13.37636961 52.45914619)
4;2021;1;17;1;2;5;3;2;1;1;0;0;0;0;1;POINT (13.33101064 52.49308304)
6;2021;1;14;3;2;6;4;0;1;0;1;0;0;0;0;POINT (13.19892533 52.43430747)
4;2021;2;16;1;3;5;2;0;0;1;0;0;0;0;0;POINT (13.25954228 52.51379712)
12;2021;2;6;2;3;2;6;1;0;1;0;0;0;1;1;POINT (13.3601279 52.59689406)
7;2021;3;16;2;3;2;6;1;1;0;0;0;0;0;0;POINT (13.40050318 52.48368851)
12;2021;1;13;4;3;5;3;0;0;1;0;0;0;0;1;POINT (13.32243252 52.57390007)
8;2021;2;15;3;3;1;5;0;0;1;0;0;0;0;1;POINT (13.44471301 52.47076669)
5;2021;3;7;5;3;5;2;0;1;1;0;0;0;0;0;POINT (13.17926155 52.53056516)
8;2021;2;7;3;3;5;2;0;1;1;0;0;0;0;0;POINT (13.44279053 52.46508455)
2;2021;1;9;2;3;0;6;0;0;0;0;1;0;1;1;POINT (13.40359571 52.49391287)
9;2021;3;13;5;3;5;3;0;1;0;0;0;1;0;1;POINT (13.57516629 52.44447864)
3;2021;3;9;6;3;5;2;0;0;1;0;0;0;0;1;POINT (13.45720106 52.56098969)
9;2021;3;8;1;2;5;2;0;0;1;0;1;0;0;0;POINT (13.48824491 52.46781812)
12;2021;1;7;4;3;1;5;2;0;0;0;0;0;1;1;POINT (13.25956374 52.57061214)
4;2021;1;11;7;3;3;6;0;1;1;0;0;0;0;1;POINT (13.28400885 52.47633273)
10;2021;2;9;1;3;2;6;0;0;1;0;0;0;0;0;POINT (13.56427142 52.51339347)
12;2021;3;11;1;3;2;6;0;0;1;0;0;0;0;0;POINT (13.29047784 52.6558642)
9;2021;1;8;3;3;5;3;0;1;1;0;0;0;0;1;POINT (13.51080798 52.45015936)
6;2021;2;12;2;3;3;6;0;0;1;0;0;0;0;2;POINT (13.31292421 52.4304904)
6;2021;2;17;4;3;5;2;1;1;1;0;0;0;0;0;POINT (13.1932081 52.43380439)
5;2021;1;16;2;2;9;1;2;0;1;0;0;0;0;1;POINT (13.11803918 52.47070286)
6;2021;3;7;3;3;4;2;0;1;1;0;0;0;0;0;POINT (13.33457892 52.46407769)
2;2021;1;9;6;3;2;3;0;1;1;0;0;0;0;2;POINT (13.42213177 52.49893244)
8;2021;1;17;2;3;6;2;2;0;1;1;0;0;0;1;POINT (13.45555013 52.45311058)
3;2021;1;9;2;3;5;3;0;0;1;0;0;0;0;1;POINT (13.42928466 52.53871269)
6;2021;2;17;2;3;0;1;2;1;0;0;0;0;0;0;POINT (13.34052705 52.44360837)
4;2021;3;6;1;2;6;7;1;1;0;1;0;0;0;0;POINT (13.32034392 52.48000776)
11;2021;3;16;3;3;5;2;0;1;1;0;0;0;0;0;POINT (13.52546864 52.48154738)
7;2021;2;10;6;3;3;6;0;0;1;0;0;0;0;0;POINT (13.36217114 52.41223606)
9;2021;2;7;7;3;8;1;1;0;1;0;0;0;0;0;POINT (13.5437805 52.42556508)
8;2021;1;18;6;3;5;3;2;0;1;0;0;0;0;0;POINT (13.44832878 52.42739803)
8;2021;2;15;1;3;5;3;0;1;1;0;0;0;0;0;POINT (13.49116811 52.42474883)
11;2021;3;11;5;3;5;2;0;1;0;0;0;0;1;0;POINT (13.49912503 52.51816836)
6;2021;2;11;4;3;2;6;0;0;1;0;0;0;0;0;POINT (13.30170221 52.43844056)
2;2021;1;14;6;3;0;1;0;0;0;0;1;0;0;1;POINT (13.4637282 52.51068916)
9;2021;3;13;4;3;2;6;0;0;1;0;0;0;0;0;POINT (13.54702114 52.43145573)
4;2021;3;10;4;3;0;4;0;0;1;1;0;0;0;1;POINT (13.28724944 52.51685897)
9;2021;3;9;6;2;5;2;0;0;1;0;0;1;0;0;POINT (13.48126611 52.4608041)
8;2021;2;14;5;3;5;2;0;0;1;0;0;0;0;0;POINT (13.44690784 52.42698055)
1;2021;1;12;5;3;5;2;0;0;1;0;0;0;0;1;POINT (13.3854952 52.51848432)
6;2021;3;15;2;2;6;4;0;0;1;1;0;0;0;0;POINT (13.30654098 52.42863893)
10;2021;1;17;1;3;5;3;2;1;1;0;0;0;0;1;POINT (13.55726936 52.50722313)
7;2021;2;7;3;2;5;2;1;0;1;0;0;0;0;1;POINT (13.37615966 52.409217)
11;2021;3;12;2;3;5;2;0;1;1;0;0;0;0;0;POINT (13.45853716 52.52730404)
2;2021;2;17;1;3;2;6;2;0;1;0;0;0;0;2;POINT (13.38798408 52.50275136)
12;2021;2;17;4;3;5;3;1;0;1;0;0;0;0;1;POINT (13.34693538 52.56926242)
6;2021;2;15;5;3;5;3;0;0;1;0;0;0;0;0;POINT (13.27489258 52.46043319)
7;2021;1;6;2;2;6;2;2;0;1;1;0;0;0;0;POINT (13.38539211 52.46609323)
7;2021;3;16;4;3;5;7;0;0;1;0;1;0;0;1;POINT (13.39960743 52.46440586)
9;2021;1;12;7;3;5;2;0;0;1;0;0;0;0;1;POINT (13.47872895 52.47758122)
12;2021;3;21;6;3;5;2;2;0;1;0;0;0;0;1;POINT (13.33894766 52.60118559)
12;2021;1;17;1;2;6;2;2;0;1;1;0;0;0;1;POINT (13.28247168 52.59099715)
5;2021;1;14;3;3;2;6;0;0;1;0;0;0;0;1;POINT (13.20834999 52.56183662)
3;2021;2;14;7;3;5;2;0;1;0;0;0;0;0;0;POINT (13.40460365 52.54060595)
1;2021;3;17;2;3;6;2;0;0;1;1;0;0;0;0;POINT (13.39875499 52.53258418)
3;2021;3;7;3;3;5;3;0;1;1;0;0;0;0;0;POINT (13.43886951 52.55540821)
9;2021;1;10;3;3;5;2;0;0;1;0;0;0;0;1;POINT (13.48198885 52.48173221)
9;2021;2;14;1;3;2;6;0;0;1;0;0;0;0;2;POINT (13.54111179 52.45817644)
6;2021;2;23;6;3;2;2;2;0;1;0;0;0;0;0;POINT (13.30969744 52.43135086)
2;2021;1;15;3;2;6;4;1;0;1;1;0;0;0;1;POINT (13.383619 52.49393524)
12;2021;3;13;3;2;5;3;0;1;0;0;0;0;1;0;POINT (13.30772205 52.55648073)
3;2021;2;9;1;2;5;3;0;0;1;0;0;0;0;0;POINT (13.4274406 52.55240111)
4;2021;1;22;3;2;9;1;2;0;1;0;0;0;0;0;POINT (13.31513366 52.51478557)
4;2021;1;17;4;3;0;1;2;0;0;0;1;0;0;1;POINT (13.28709709 52.5173696)
4;2021;3;11;4;3;2;6;0;0;1;0;0;0;0;0;POINT (13.26847998 52.5115692)
10;2021;2;13;2;3;0;6;0;0;0;0;0;0;1;0;POINT (13.56537398 52.54458252)
3;2021;3;5;3;3;5;3;2;1;1;0;0;0;0;0;POINT (13.46050641 52.55958984)
7;2021;3;15;4;3;6;4;0;0;1;1;0;0;0;1;POINT (13.38536161 52.46858854)
11;2021;2;17;1;3;5;2;2;0;1;0;1;0;0;0;POINT (13.48465588 52.51397133)
5;2021;3;15;2;3;6;4;0;0;1;1;0;0;0;0;POINT (13.20958367 52.57984219)
11;2021;1;16;5;3;1;5;2;1;1;0;0;0;0;1;POINT (13.46540278 52.5329073)
5;2021;3;8;2;3;5;2;0;0;1;0;0;0;0;0;POINT (13.26480126 52.53684355)
10;2021;1;19;3;3;5;3;2;1;1;0;0;0;0;1;POINT (13.58897617 52.53934242)
8;2021;2;19;1;3;0;1;2;0;1;0;0;0;0;2;POINT (13.43366915 52.48962354)
11;2021;3;14;1;3;2;6;0;0;1;0;0;0;0;0;POINT (13.50004045 52.53062678)
7;2021;1;19;3;3;5;2;2;1;1;0;0;0;0;1;POINT (13.35971421 52.48856903)
7;2021;3;7;3;3;5;3;0;1;1;0;0;0;0;0;POINT (13.39341777 52.38857064)
5;2021;1;19;7;3;2;6;2;0;1;0;0;0;0;1;POINT (13.17201644 52.53372191)
8;2021;1;21;3;3;0;6;2;0;1;0;0;0;0;0;POINT (13.428244 52.45226206)
7;2021;1;16;3;3;5;2;2;1;1;0;0;0;0;1;POINT (13.37797057 52.46642441)
1;2021;2;9;2;3;3;6;0;0;1;0;0;0;0;0;POINT (13.37699284 52.55692206)
5;2021;3;10;2;3;5;3;0;0;1;0;0;0;1;0;POINT (13.16655801 52.53336222)
10;2021;3;16;3;2;5;2;0;1;1;0;0;0;0;0;POINT (13.56488174 52.54454956)
4;2021;2;9;3;3;2;6;0;0;1;0;0;0;1;1;POINT (13.32776079 52.50017128)
1;2021;3;8;2;3;5;3;0;0;1;0;0;0;0;0;POINT (13.38340263 52.54852005)
1;2021;1;12;5;3;5;3;0;1;1;0;0;0;0;1;POINT (13.35202367 52.54625218)
8;2021;2;23;3;3;5;2;2;1;1;0;0;0;0;1;POINT (13.45583674 52.47382243)
7;2021;2;19;4;3;0;3;2;0;1;0;0;0;1;1;POINT (13.40680608 52.39376889)
11;2021;3;7;5;3;1;5;0;1;1;0;0;0;0;0;POINT (13.4762013 52.50680913)
1;2021;2;5;7;3;9;1;2;0;0;0;0;0;1;0;POINT (13.36807606 52.5569925)
9;2021;2;17;3;3;0;1;1;1;0;0;0;0;0;0;POINT (13.63534654 52.38924104)
12;2021;1;16;6;3;5;2;2;0;1;0;0;0;0;1;POINT (13.35109497 52.56746034)
3;2021;3;8;2;3;6;4;0;0;1;1;0;0;0;0;POINT (13.43901626 52.56855523)
4;2021;3;7;5;3;2;6;0;0;1;0;1;0;0;1;POINT (13.33525052 52.49909654)
10;2021;3;11;6;3;6;7;0;0;0;1;0;0;1;0;POINT (13.60334725 52.53795119)
10;2021;2;15;5;3;6;4;0;0;1;1;0;0;0;0;POINT (13.61935262 52.54113819)
5;2021;1;8;5;3;5;3;1;1;1;0;0;0;0;1;POINT (13.1597533 52.56445165)
4;2021;1;14;1;2;2;6;0;0;1;0;0;0;0;1;POINT (13.29939123 52.52337492)
6;2021;1;14;2;2;4;6;0;0;1;0;0;0;1;0;POINT (13.27357321 52.41711411)
2;2021;2;11;6;3;0;3;0;0;1;0;1;0;0;0;POINT (13.46136556 52.50872026)
4;2021;3;16;2;3;6;7;0;0;1;1;0;0;0;0;POINT (13.32682142 52.50022931)
9;2021;1;14;2;3;5;2;0;0;1;0;0;0;0;0;POINT (13.50463509 52.43286941)
8;2021;2;16;2;3;2;2;1;0;1;0;0;0;0;2;POINT (13.46610578 52.4290327)
6;2021;2;12;4;3;5;2;0;0;1;0;1;0;0;0;POINT (13.33462495 52.46416882)
4;2021;1;11;1;3;5;2;0;1;0;0;0;0;1;1;POINT (13.3308049 52.5003102)
11;2021;3;7;3;3;6;2;0;0;1;1;0;0;0;0;POINT (13.50011 52.56158016)
6;2021;1;10;5;3;7;7;0;1;0;0;0;0;0;0;POINT (13.25172606 52.41146243)
3;2021;3;15;1;3;6;4;0;0;1;1;0;0;0;1;POINT (13.45813952 52.61055324)
6;2021;1;17;2;3;5;2;2;0;1;0;0;0;0;1;POINT (13.33249454 52.45829322)
1;2021;1;18;2;3;5;3;2;0;1;0;0;0;0;1;POINT (13.37182353 52.5092602)
8;2021;2;14;1;3;5;3;0;1;1;0;0;0;0;0;POINT (13.41195835 52.41728803)
5;2021;3;15;2;3;2;6;0;1;0;0;0;0;1;0;POINT (13.2098638 52.54805426)
6;2021;3;13;4;3;2;2;0;0;1;0;0;0;0;0;POINT (13.34573842 52.43628057)
12;2021;2;20;4;3;6;4;2;0;0;1;0;0;1;2;POINT (13.29421508 52.58098974)
7;2021;2;14;5;3;1;5;0;1;1;0;0;0;0;0;POINT (13.34602164 52.49615782)
4;2021;1;19;2;2;6;4;2;0;1;1;0;0;0;1;POINT (13.31443203 52.47210109)
4;2021;3;13;4;3;0;2;0;1;1;0;0;0;0;0;POINT (13.30187217 52.48860152)
1;2021;2;14;1;3;2;6;0;0;1;0;0;0;0;0;POINT (13.33403063 52.54099098)
1;2021;2;11;6;3;0;7;0;0;1;0;0;0;1;1;POINT (13.34834231 52.55631369)
2;2021;1;10;4;3;0;1;0;1;0;0;0;0;0;0;POINT (13.41043977 52.49932195)
8;2021;1;15;3;3;5;2;0;0;1;0;1;0;0;1;POINT (13.42773944 52.48116118)
1;2021;3;14;4;3;5;7;0;0;1;0;0;0;1;0;POINT (13.39232694 52.55515652)
4;2021;2;17;2;3;3;6;0;0;1;0;1;0;0;0;POINT (13.32917372 52.47871084)
6;2021;3;15;2;2;5;2;0;0;1;0;1;0;0;0;POINT (13.34834061 52.43791112)
7;2021;3;14;5;3;1;7;0;1;1;0;0;0;0;0;POINT (13.34811285 52.40849669)
1;2021;2;17;2;3;3;6;2;0;1;0;0;0;0;1;POINT (13.39561856 52.53865216)
4;2021;3;12;2;3;5;2;0;0;1;0;0;0;0;0;POINT (13.33108328 52.49537143)
1;2021;1;10;6;3;6;4;0;0;0;1;0;0;1;1;POINT (13.38396439 52.52983874)
8;2021;2;13;4;2;1;7;0;0;1;1;0;0;0;1;POINT (13.49494808 52.42109664)
7;2021;3;11;5;3;5;2;0;0;1;0;0;0;1;0;POINT (13.37164322 52.4235896)
1;2021;2;19;3;3;9;1;2;0;1;0;0;0;0;0;POINT (13.37625512 52.53602814)
8;2021;1;13;5;3;0;7;0;0;1;0;1;0;0;0;POINT (13.42416536 52.48573597)
8;2021;3;17;4;3;5;2;2;0;1;0;0;0;1;1;POINT (13.51031819 52.40467189)
4;2021;1;3;4;3;1;1;2;0;1;0;0;0;1;1;POINT (13.32187704 52.51647433)
6;2021;3;15;1;3;2;2;0;0;1;0;0;0;0;0;POINT (13.32066795 52.45697521)
1;2021;2;9;5;3;5;3;0;1;1;0;0;0;0;1;POINT (13.37410554 52.53057832)
1;2021;2;19;6;3;2;6;2;0;1;0;0;0;0;0;POINT (13.38456549 52.52935764)
11;2021;1;14;6;3;2;6;0;0;1;0;0;0;1;0;POINT (13.50386352 52.55289314)
7;2021;1;7;1;3;5;2;1;0;1;0;1;0;0;2;POINT (13.35025395 52.41431981)
2;2021;1;14;2;3;5;3;0;1;1;0;0;0;0;0;POINT (13.44068485 52.51727064)
8;2021;2;16;5;3;5;2;0;0;1;0;0;0;1;0;POINT (13.45027192 52.4707499)
9;2021;3;15;1;3;6;7;0;0;1;1;0;0;0;0;POINT (13.63448877 52.38701856)
6;2021;1;15;2;2;6;7;0;0;1;1;0;0;0;0;POINT (13.3231648 52.45888596)
1;2021;2;9;4;3;5;2;0;1;1;0;0;0;0;1;POINT (13.38353622 52.55503029)
6;2021;3;10;6;2;0;7;0;1;1;0;0;0;0;0;POINT (13.29635601 52.46462501)
4;2021;2;13;3;3;2;6;0;0;1;0;0;0;1;0;POINT (13.27263657 52.51931954)
6;2021;1;18;7;3;1;1;2;0;1;0;0;0;0;1;POINT (13.33015852 52.4646008)
2;2021;3;15;5;3;5;3;0;1;1;0;0;0;0;1;POINT (13.4403913 52.51585852)
2;2021;3;15;5;3;0;7;0;0;0;0;0;0;1;0;POINT (13.44293461 52.50055632)
2;2021;3;18;6;3;1;5;2;1;1;0;0;0;0;0;POINT (13.41873172 52.50143436)
9;2021;2;8;6;3;0;1;0;1;0;0;0;0;0;0;POINT (13.58054827 52.44337138)
8;2021;1;7;4;2;6;4;2;0;0;1;0;1;0;1;POINT (13.46495474 52.46416314)
2;2021;1;19;6;3;5;3;2;0;1;0;0;0;1;0;POINT (13.39460988 52.50455939)
3;2021;1;9;3;2;0;3;0;0;1;0;0;0;1;1;POINT (13.41346593 52.5476563)
8;2021;2;14;6;3;5;2;0;0;1;0;0;0;0;0;POINT (13.45213038 52.45265206)
4;2021;3;15;2;3;1;5;0;1;1;0;0;0;0;0;POINT (13.30228083 52.50761036)
3;2021;1;10;2;3;4;1;0;0;1;0;0;0;0;2;POINT (13.42562384 52.59485217)
10;2021;2;18;4;3;6;4;2;0;1;1;0;0;0;1;POINT (13.60705861 52.53893574)
3;2021;2;11;4;3;5;3;0;1;1;0;0;0;0;0;POINT (13.45551096 52.54138397)
8;2021;1;16;1;3;3;6;1;0;1;0;0;0;0;0;POINT (13.48994727 52.41999794)
2;2021;3;13;3;3;5;7;0;1;1;0;0;0;0;0;POINT (13.42880402 52.50398633)
9;2021;1;6;5;3;2;6;2;0;1;0;0;0;0;0;POINT (13.56202911 52.43738629)
2;2021;1;17;1;3;5;3;2;0;1;0;0;0;1;1;POINT (13.44926132 52.50807045)
12;2021;1;12;3;3;2;6;0;0;1;0;0;0;0;0;POINT (13.35873088 52.56200506)
7;2021;2;13;7;3;5;3;0;0;1;0;0;0;1;0;POINT (13.3772961 52.45367178)
10;2021;3;11;2;3;2;6;0;0;1;0;1;0;0;0;POINT (13.51797712 52.5355307)
4;2021;3;15;3;3;5;3;0;0;1;0;0;0;0;0;POINT (13.31247992 52.48853803)
10;2021;2;8;5;3;6;6;0;0;1;1;0;0;0;2;POINT (13.54479356 52.52237848)
1;2021;2;17;6;3;6;4;1;0;1;1;0;0;0;0;POINT (13.3918555 52.55775459)
7;2021;1;18;3;3;5;2;2;0;1;0;0;0;0;1;POINT (13.40017836 52.45913681)
5;2021;2;17;2;3;2;6;2;0;1;0;0;0;0;1;POINT (13.19147217 52.53629614)
8;2021;2;20;5;3;2;7;2;0;1;0;0;0;1;2;POINT (13.42896582 52.48269351)
7;2021;1;19;2;3;6;2;2;0;1;1;0;0;0;1;POINT (13.3552103 52.41335311)
3;2021;3;14;5;3;5;2;0;1;1;0;0;0;0;0;POINT (13.45276798 52.54148164)