bez;ujahr;umonat;ustunde;uwochentag;ukategorie;uart;utyp1;ulichtverh;istrad;istpkw;istfuss;istkrad;istgkfz;istsonstige;ustrzustand;geometry
6;2021;3;14;4;2;6;7;0;0;0;1;0;0;1;0;POINT (13.32722354 52.46409958)
9;2021;3;15;7;3;6;4;0;0;1;1;0;0;0;0;POINT (13.51648099 52.46440199)
6;2021;2;12;3;3;6;7;0;0;0;1;0;0;1;0;POINT (13.29535754 52.44276795)
7;2021;1;14;6;3;0;6;0;0;1;0;1;0;0;1;POINT (13.37660606 52.44795259)
7;2021;3;16;3;3;3;6;0;0;1;0;0;0;0;1;POINT (13.37730503 52.48268329)
11;2021;3;15;5;3;5;2;0;0;1;0;0;0;1;0;POINT (13.46817084 52.54536351)
1;2021;3;16;7;2;6;4;0;0;1;1;0;0;0;0;POINT (13.3301534 52.52202816)
8;2021;2;13;4;3;6;2;0;0;1;1;0;0;0;0;POINT (13.45389349 52.48247631)
12;2021;1;22;6;2;0;3;2;0;1;0;0;0;0;0;POINT (13.31916235 52.58761297)
7;2021;3;14;2;3;5;2;0;1;1;0;0;0;0;0;POINT (13.35968001 52.41281298)
8;2021;1;11;1;2;6;2;0;0;1;1;0;0;0;1;POINT (13.45531369 52.47307824)
6;2021;2;6;3;3;2;6;2;0;1;0;0;0;0;1;POINT (13.35480584 52.4289902)
1;2021;3;19;5;3;1;5;2;1;1;0;0;0;0;0;POINT (13.39692959 52.52929411)
4;2021;2;18;1;3;5;2;2;0;1;0;0;0;0;2;POINT (13.30793894 52.48853468)
9;2021;2;8;5;3;1;5;1;1;1;0;0;0;0;1;POINT (13.57386055 52.45823785)
4;2021;1;14;1;3;5;3;0;0;1;0;0;0;0;0;POINT (13.28461389 52.54041658)
10;2021;3;18;4;3;5;3;2;0;1;0;0;0;0;0;POINT (13.61315429 52.50855311)
6;2021;3;10;6;3;0;2;0;0;1;0;1;0;0;1;POINT (13.35490654 52.44894437)
3;2021;2;12;5;3;5;2;0;1;0;0;0;0;1;0;POINT (13.43445577 52.52927801)
3;2021;3;13;1;2;5;3;0;0;1;0;0;0;0;0;POINT (13.43563893 52.55104589)
1;2021;1;17;2;3;6;2;2;0;1;1;0;0;0;1;POINT (13.38730226 52.52602308)
5;2021;1;13;3;3;5;3;0;0;1;0;0;0;0;0;POINT (13.21995128 52.53898811)
6;2021;2;17;1;3;0;1;2;0;0;0;1;0;0;0;POINT (13.30086038 52.4391979)
4;2021;3;22;1;2;5;3;2;0;1;0;0;0;0;0;POINT (13.30222152 52.5079478)
10;2021;1;6;3;3;5;3;2;0;1;0;0;0;1;1;POINT (13.58325571 52.5152786)
5;2021;2;12;1;3;1;7;0;0;1;0;0;0;0;0;POINT (13.13107826 52.52870297)
1;2021;2;19;7;3;5;3;2;0;1;0;0;0;0;0;POINT (13.39005775 52.56478144)
9;2021;1;21;3;3;0;6;2;0;1;0;0;0;1;1;POINT (13.48909423 52.46725519)
11;2021;3;7;3;3;0;1;0;0;0;0;1;0;0;2;POINT (13.45905546 52.52608725)
6;2021;1;18;7;3;4;3;2;0;1;0;1;0;0;2;POINT (13.31472725 52.42424401)
6;2021;2;19;5;3;5;3;2;1;1;0;0;0;0;2;POINT (13.34782349 52.4513178)
10;2021;1;12;4;3;0;3;0;0;1;0;0;0;1;0;POINT (13.55045039 52.53353302)
10;2021;1;7;4;2;6;4;0;0;0;1;0;0;1;1;POINT (13.56333003 52.54152885)
9;2021;2;16;2;3;5;3;0;1;1;0;0;0;0;0;POINT (13.51201345 52.47070838)
4;2021;1;10;1;3;5;3;0;1;1;0;0;0;0;1;POINT (13.31156721 52.47953977)
4;2021;1;14;1;3;5;3;0;0;1;0;0;0;0;0;POINT (13.33108895 52.49540198)
2;2021;1;19;6;2;5;3;2;1;0;0;0;0;1;0;POINT (13.45164233 52.52042879)
4;2021;1;23;1;3;5;3;2;0;1;0;1;0;0;1;POINT (13.32273871 52.48884367)
4;2021;1;18;7;3;5;7;0;0;1;0;0;0;0;1;POINT (13.33068955 52.4985924)
1;2021;1;17;5;3;0;1;2;1;0;0;0;0;0;1;POINT (13.41756095 52.5244582)
7;2021;1;18;1;3;1;7;2;0;1;0;0;0;0;1;POINT (13.38196712 52.47631662)
4;2021;1;8;1;3;6;4;1;0;1;1;0;0;0;1;POINT (13.32350926 52.49150376)
9;2021;1;20;1;3;6;2;2;0;1;1;0;0;0;1;POINT (13.45419066 52.49395562)
7;2021;1;17;6;2;6;2;2;0;1;1;0;0;0;0;POINT (13.34569355 52.4945264)
1;2021;1;17;6;3;5;3;2;0;1;0;0;0;0;0;POINT (13.35220195 52.50631455)
10;2021;1;12;6;3;2;6;0;0;1;0;0;0;0;1;POINT (13.56883249 52.50623202)
9;2021;1;21;6;1;8;1;2;0;1;0;0;0;0;1;POINT (13.71468176 52.43188902)
4;2021;1;10;1;3;0;7;0;0;0;0;0;1;0;1;POINT (13.31722401 52.50407191)
1;2021;1;9;7;3;8;1;0;0;1;0;0;0;0;2;POINT (13.38479208 52.54892002)
1;2021;1;11;1;3;5;7;0;1;1;0;0;0;0;1;POINT (13.33180593 52.5241079)
7;2021;1;12;1;3;5;2;0;0;1;0;1;0;0;1;POINT (13.34896894 52.48937421)
5;2021;1;16;7;3;5;2;2;0;1;0;0;0;0;2;POINT (13.15787177 52.54311606)
12;2021;1;23;6;3;0;7;2;0;0;0;1;0;0;1;POINT (13.3057301 52.57507937)
12;2021;1;13;1;3;2;6;0;0;1;0;0;0;0;1;POINT (13.32249588 52.56065372)
4;2021;1;13;6;3;2;2;0;1;1;0;0;0;0;0;POINT (13.30730887 52.4989215)
1;2021;1;18;1;3;6;2;2;0;1;1;0;0;0;1;POINT (13.33562594 52.52678829)
11;2021;1;12;5;3;0;1;0;1;0;0;0;0;0;1;POINT (13.4998273 52.5479285)
12;2021;1;23;5;3;8;1;2;0;1;0;0;0;0;1;POINT (13.31490159 52.61031719)
5;2021;1;15;6;3;5;2;0;0;1;0;0;0;0;0;POINT (13.26260159 52.5412664)
9;2021;1;10;6;3;0;1;0;1;0;0;0;0;0;1;POINT (13.54898983 52.43823926)
1;2021;1;12;6;3;2;6;0;0;1;0;0;0;0;0;POINT (13.35963144 52.52341529)
12;2021;1;16;7;3;6;4;2;0;0;1;0;0;1;1;POINT (13.35988432 52.56197662)
2;2021;1;19;1;3;5;2;2;1;1;0;0;0;0;1;POINT (13.46113983 52.51717609)
4;2021;1;23;1;3;5;3;2;0;1;0;0;0;1;0;POINT (13.30484777 52.51341871)
9;2021;1;1;7;3;6;4;2;0;1;1;0;0;0;0;POINT (13.56454829 52.43848861)
11;2021;1;7;1;2;6;4;2;0;1;1;0;0;0;1;POINT (13.52388131 52.56546025)
2;2021;1;20;7;3;5;2;2;1;1;0;0;0;0;1;POINT (13.39523971 52.49633648)
1;2021;1;16;6;3;0;7;1;0;1;0;1;0;0;1;POINT (13.35374844 52.55379194)
5;2021;1;0;6;3;9;1;2;0;1;0;0;0;0;1;POINT (13.1794905 52.47924257)
11;2021;1;0;7;3;0;2;2;0;1;0;0;0;0;1;POINT (13.50935847 52.54628256)
4;2021;1;11;7;3;5;2;0;0;1;0;0;0;0;1;POINT (13.2886383 52.51231845)
8;2021;1;4;5;3;9;1;2;0;0;0;0;0;1;1;POINT (13.48715633 52.42554623)
4;2021;1;16;6;3;5;2;1;0;1;0;0;0;0;0;POINT (13.30424153 52.50366853)
12;2021;6;17;3;2;5;2;1;1;1;0;0;0;0;0;POINT (13.31286042 52.6224869)
7;2021;9;5;7;2;9;1;2;0;1;0;0;0;0;0;POINT (13.3331303 52.47790459)
7;2021;11;15;3;3;2;6;0;0;1;0;0;0;0;0;POINT (13.33623919 52.47836863)
4;2021;8;14;7;3;5;2;0;0;1;0;0;0;0;1;POINT (13.29728701 52.51088303)
2;2021;7;7;1;3;5;2;0;0;1;0;0;0;0;0;POINT (13.42790211 52.51891254)
4;2021;10;10;2;3;2;2;0;1;1;0;0;0;0;1;POINT (13.30137783 52.51115215)
12;2021;12;15;3;3;2;6;1;0;1;0;0;0;0;1;POINT (13.34768887 52.57503504)
4;2021;5;7;5;3;2;6;0;0;1;0;0;0;1;0;POINT (13.29348356 52.53688097)
7;2021;1;10;3;3;3;2;0;0;1;0;0;0;0;1;POINT (13.35412109 52.47902882)
1;2021;6;14;1;3;1;5;0;0;1;0;0;0;0;0;POINT (13.37912936 52.50967897)
7;2021;12;16;5;3;6;2;2;0;1;1;0;0;0;1;POINT (13.34857516 52.48187091)
1;2021;8;12;1;3;3;6;0;0;1;0;1;0;0;0;POINT (13.36286917 52.51537736)
12;2021;9;14;7;3;1;5;0;1;1;0;0;0;0;0;POINT (13.30201962 52.64272191)
9;2021;3;21;7;3;5;5;2;1;1;0;0;0;0;1;POINT (13.46253005 52.48838873)
7;2021;6;10;7;3;2;6;0;0;1;0;0;0;0;0;POINT (13.38583315 52.4734186)
9;2021;9;10;2;2;0;1;0;1;0;0;0;0;0;0;POINT (13.48430389 52.47373877)
10;2021;11;17;1;3;2;6;2;0;1;0;0;0;0;0;POINT (13.5734493 52.50534904)
4;2021;8;17;2;3;2;6;0;0;1;0;1;0;0;0;POINT (13.30190364 52.48670834)
7;2021;10;17;6;3;1;5;0;1;1;0;0;0;0;0;POINT (13.38549196 52.46901413)
1;2021;12;16;2;3;5;3;2;0;1;0;0;0;1;1;POINT (13.40904932 52.517094)
6;2021;2;19;1;3;2;6;2;0;1;0;0;0;1;0;POINT (13.19608087 52.42214409)
7;2021;6;17;2;3;5;5;0;0;1;0;1;0;0;0;POINT (13.38786452 52.43830658)
7;2021;5;6;3;3;5;7;0;1;1;0;0;0;0;0;POINT (13.40631217 52.40486749)
1;2021;8;8;4;3;3;6;0;0;1;0;0;0;1;0;POINT (13.40798787 52.5217364)
1;2021;7;8;2;3;0;7;0;1;0;0;0;0;0;0;POINT (13.42356832 52.5199439)
12;2021;10;16;1;3;5;2;0;1;1;0;0;0;0;0;POINT (13.31291842 52.62229421)
3;2021;11;16;1;3;5;3;1;0;1;0;0;0;0;0;POINT (13.42883612 52.55732743)
8;2021;9;15;5;3;2;6;0;0;1;0;0;0;0;0;POINT (13.44718175 52.46314925)
4;2021;4;14;3;3;0;1;0;1;0;0;0;0;0;0;POINT (13.27149815 52.50910347)
7;2021;3;15;1;3;5;7;0;0;1;0;0;0;0;1;POINT (13.3848487 52.45018072)
9;2021;10;7;5;3;3;6;1;0;1;0;1;0;0;0;POINT (13.46179136 52.48888584)
3;2021;12;11;3;3;3;6;0;0;1;0;0;0;1;0;POINT (13.39901236 52.5735048)
9;2021;9;21;3;2;3;6;2;0;1;0;0;0;0;1;POINT (13.51003355 52.42883483)
3;2021;2;21;3;3;6;4;2;0;0;1;0;0;1;2;POINT (13.42412807 52.5283534)
6;2021;6;10;1;3;5;2;0;1;1;0;0;0;0;0;POINT (13.26058598 52.43498)
6;2021;5;1;3;3;0;1;2;0;1;0;0;0;0;0;POINT (13.09655865 52.41322702)
7;2021;8;13;6;3;0;7;0;0;1;0;0;0;0;0;POINT (13.37842867 52.46995282)
12;2021;7;14;4;3;1;5;0;1;1;0;0;0;0;0;POINT (13.3642689 52.56334061)
4;2021;10;16;1;3;2;6;0;0;1;0;0;0;0;0;POINT (13.30416029 52.48481979)
1;2021;11;7;3;3;6;2;2;0;1;1;0;0;0;1;POINT (13.41993451 52.52494619)
12;2021;1;7;5;3;3;6;0;0;1;0;0;1;0;1;POINT (13.32388811 52.60779221)
1;2021;4;10;1;3;2;6;0;0;1;0;0;0;0;0;POINT (13.36878603 52.54132001)
12;2021;6;2;7;3;9;1;2;0;1;0;0;0;0;0;POINT (13.31208333 52.62508876)
4;2021;11;14;5;3;5;3;0;0;1;0;0;0;1;0;POINT (13.30751306 52.51174548)
3;2021;5;8;6;2;5;2;0;0;1;0;0;0;0;0;POINT (13.4119712 52.54110438)
7;2021;8;5;7;3;5;2;0;0;1;0;0;0;0;0;POINT (13.38574086 52.46950089)
11;2021;9;12;4;3;3;6;0;0;1;0;0;0;1;0;POINT (13.47783405 52.51347552)
1;2021;2;16;7;3;5;2;0;1;0;0;0;0;0;0;POINT (13.4249104 52.51954193)
7;2021;7;8;4;3;2;6;0;0;1;0;0;0;1;1;POINT (13.36297283 52.47395803)
9;2021;9;17;5;3;2;3;0;1;0;0;0;0;1;0;POINT (13.46476227 52.48689486)
3;2021;11;13;1;3;5;2;0;1;1;0;0;0;0;1;POINT (13.39927825 52.57036878)
10;2021;8;14;6;2;0;7;0;1;0;0;0;0;0;0;POINT (13.60081637 52.50486553)
7;2021;7;13;7;3;3;6;0;0;1;0;1;0;0;0;POINT (13.38553785 52.47113368)
3;2021;10;14;4;3;2;6;0;0;1;0;0;0;0;1;POINT (13.43574933 52.62039314)
7;2021;12;17;1;3;0;3;2;0;0;0;1;0;1;0;POINT (13.37780491 52.43380165)
2;2021;5;12;1;3;0;6;0;1;0;0;0;0;0;0;POINT (13.45375122 52.51590362)
2;2021;5;16;6;3;2;6;0;0;1;0;0;0;0;0;POINT (13.45980161 52.5151437)
3;2021;2;16;2;3;6;7;2;0;1;1;0;0;0;1;POINT (13.4123304 52.54119629)
1;2021;6;10;5;3;2;6;0;0;1;0;0;0;0;0;POINT (13.41838371 52.5240534)
7;2021;5;8;5;2;0;7;0;0;1;0;0;0;0;0;POINT (13.41532357 52.37987693)
7;2021;8;15;4;3;2;6;0;0;1;0;0;0;1;0;POINT (13.37112233 52.47078169)
8;2021;9;13;6;3;0;7;0;0;0;0;0;0;1;0;POINT (13.43164398 52.46185942)
9;2021;3;10;5;3;5;2;0;1;0;0;0;0;1;1;POINT (13.4597759 52.49339007)
4;2021;7;6;4;2;2;6;0;0;1;0;0;0;0;0;POINT (13.26166366 52.50871113)
4;2021;9;17;4;3;3;6;0;0;1;0;1;0;0;0;POINT (13.29353253 52.5365023)
10;2021;11;13;1;3;6;7;0;1;0;1;0;0;0;0;POINT (13.54018635 52.50989646)
4;2021;8;8;2;3;0;2;0;1;1;0;0;0;0;1;POINT (13.29720875 52.51087776)
6;2021;4;18;4;2;9;1;0;0;0;0;1;0;0;0;POINT (13.19310092 52.41936035)
4;2021;3;15;5;3;5;2;0;0;0;0;0;1;1;0;POINT (13.32298312 52.51243969)
1;2021;10;8;3;3;5;2;0;1;1;0;0;0;0;1;POINT (13.3702054 52.53994813)
7;2021;12;19;4;3;2;6;0;0;1;0;0;0;0;0;POINT (13.37122119 52.47076297)
3;2021;9;21;5;2;5;2;2;0;1;0;0;0;1;0;POINT (13.44498869 52.54552629)
7;2021;2;16;5;3;2;6;0;0;1;0;0;0;0;0;POINT (13.38576861 52.48031959)
6;2021;6;16;6;2;1;7;0;0;1;0;0;0;0;0;POINT (13.27799992 52.44049192)
1;2021;5;8;4;3;3;6;0;0;1;0;1;0;0;0;POINT (13.41085107 52.52329743)
4;2021;5;20;6;3;5;3;0;0;1;0;0;0;1;0;POINT (13.30938603 52.51186514)
7;2021;8;11;4;3;3;6;0;1;0;0;0;1;1;0;POINT (13.35355527 52.48491652)
4;2021;7;16;1;3;8;1;0;0;1;0;0;0;0;0;POINT (13.30218077 52.48656362)
11;2021;7;15;2;3;2;6;0;1;1;0;0;0;0;0;POINT (13.47758338 52.5135)
7;2021;10;13;6;3;1;5;0;0;1;0;0;0;1;0;POINT (13.38932158 52.43512062)
3;2021;11;19;7;3;1;5;2;1;1;0;0;0;0;1;POINT (13.43965417 52.54204871)
3;2021;9;14;5;3;0;2;0;0;1;0;0;0;1;0;POINT (13.46733603 52.55596353)
12;2021;4;0;6;3;8;1;2;0;1;0;0;0;0;0;POINT (13.3058249 52.55397574)
3;2021;4;14;5;3;2;6;0;0;1;0;1;0;0;0;POINT (13.39951188 52.60723973)
4;2021;10;7;4;3;2;6;0;0;1;0;0;0;0;0;POINT (13.29655873 52.49058472)
1;2021;12;19;2;3;3;2;2;1;1;0;0;0;0;0;POINT (13.41638443 52.5220044)
12;2021;5;16;2;3;2;6;0;0;1;0;1;0;0;0;POINT (13.29262594 52.58480023)
9;2021;7;14;6;3;2;7;0;0;1;0;0;0;0;0;POINT (13.47959819 52.47688046)
9;2021;2;20;1;3;5;3;2;1;1;0;0;0;0;0;POINT (13.49310587 52.46781541)
3;2021;6;18;2;3;5;2;0;1;1;0;0;0;0;0;POINT (13.44457808 52.52907426)
2;2021;10;10;4;3;5;2;0;0;1;0;0;0;0;1;POINT (13.38885306 52.49811359)
2;2021;12;19;1;3;2;6;2;0;1;0;0;0;0;1;POINT (13.38810259 52.49373973)
4;2021;1;15;2;3;2;6;0;0;1;0;0;0;1;1;POINT (13.28488172 52.50904822)
7;2021;6;19;6;3;5;2;0;0;1;0;0;0;0;0;POINT (13.39635394 52.42334931)
1;2021;5;20;3;3;2;6;1;0;1;0;0;0;0;0;POINT (13.42002172 52.52555492)
1;2021;5;15;5;3;0;6;0;0;1;0;1;0;0;1;POINT (13.36524435 52.53357882)
4;2021;8;17;4;3;5;3;0;1;1;0;0;0;0;0;POINT (13.27777122 52.50966557)
4;2021;7;20;2;2;0;2;1;1;0;0;0;0;0;0;POINT (13.30938453 52.51186504)
2;2021;10;20;1;3;4;7;2;0;1;0;0;0;0;0;POINT (13.45220365 52.5012545)
3;2021;11;5;2;3;5;3;2;1;1;0;0;0;0;1;POINT (13.43869542 52.53334746)
4;2021;9;17;5;3;2;6;0;0;1;0;0;0;0;0;POINT (13.29895775 52.53434945)
12;2021;4;10;1;3;3;6;0;0;0;0;0;1;1;0;POINT (13.35963117 52.57289466)
4;2021;3;16;2;3;5;2;0;1;1;0;0;0;0;0;POINT (13.30152788 52.5111623)
7;2021;10;8;1;3;2;6;0;0;1;0;0;0;0;0;POINT (13.38553853 52.47116029)
4;2021;12;14;4;3;2;6;1;0;1;0;0;0;1;1;POINT (13.28122703 52.49878471)
3;2021;6;8;2;3;2;6;0;0;1;0;0;0;0;0;POINT (13.42458022 52.54004677)
4;2021;9;20;3;3;3;6;2;0;1;0;0;1;0;1;POINT (13.28082494 52.50232738)
6;2021;2;14;7;2;2;6;0;0;1;0;1;0;0;0;POINT (13.23911015 52.47102545)
4;2021;6;18;6;3;8;1;0;0;1;0;0;0;0;0;POINT (13.31002254 52.48170218)
7;2021;5;18;7;3;2;6;0;0;1;0;0;0;1;1;POINT (13.35569191 52.47774042)
3;2021;8;19;7;3;0;1;0;1;0;0;0;0;0;0;POINT (13.41468474 52.55575777)
3;2021;7;2;3;3;2;6;2;1;0;0;0;0;0;1;POINT (13.41249291 52.54318047)
11;2021;10;12;3;3;5;3;0;0;1;0;0;0;1;0;POINT (13.50492697 52.51074281)
8;2021;11;14;6;3;2;6;0;0;1;0;0;0;0;1;POINT (13.44758153 52.46308734)
4;2021;5;15;1;3;2;6;0;0;1;0;1;0;0;0;POINT (13.28542625 52.49477785)
7;2021;4;10;5;3;6;7;0;0;1;1;0;0;0;0;POINT (13.39591876 52.42410734)
12;2021;1;1;1;3;5;7;2;0;1;0;0;0;0;1;POINT (13.36500662 52.56056534)
4;2021;4;17;4;3;2;6;0;0;1;0;0;0;0;0;POINT (13.30548504 52.48376444)
3;2021;6;9;3;3;6;4;0;1;0;1;0;0;0;0;POINT (13.39838424 52.57170897)
1;2021;12;11;4;3;2;6;0;0;1;0;0;0;0;1;POINT (13.40157234 52.51144542)
7;2021;5;8;3;3;2;2;0;0;1;0;0;0;0;0;POINT (13.36186011 52.41373054)
10;2021;8;15;3;3;2;6;0;0;1;0;0;0;0;0;POINT (13.53694371 52.53273555)
3;2021;9;12;4;3;5;2;0;1;1;0;0;0;0;0;POINT (13.4353659 52.53523727)
7;2021;3;10;1;3;2;6;0;0;1;0;0;1;0;0;POINT (13.38517987 52.44842429)
2;2021;6;9;2;2;5;2;0;1;0;0;0;1;0;0;POINT (13.3892593 52.49750869)
5;2021;9;11;3;3;5;2;0;0;1;0;0;0;0;0;POINT (13.17906168 52.51662957)
1;2021;10;14;7;3;0;2;0;1;1;0;0;0;0;0;POINT (13.41994737 52.5249572)
2;2021;8;22;7;3;8;1;2;0;1;0;0;0;0;0;POINT (13.43656921 52.51749004)
4;2021;7;12;6;3;1;5;0;1;1;0;0;0;0;0;POINT (13.24251411 52.50754321)
7;2021;10;19;4;3;2;6;1;0;1;0;0;0;0;1;POINT (13.34769781 52.47625983)
10;2021;12;18;1;3;5;3;2;1;1;0;0;0;0;0;POINT (13.5637321 52.50783755)
6;2021;5;17;7;3;2;6;0;0;1;0;0;0;1;0;POINT (13.19227713 52.43216362)
3;2021;2;14;2;3;0;2;0;1;0;0;0;0;1;1;POINT (13.41990858 52.53976017)
3;2021;6;14;5;3;2;6;0;0;1;0;0;0;0;0;POINT (13.42884905 52.53749237)
3;2021;5;13;1;2;5;2;0;1;0;0;0;1;0;0;POINT (13.40175954 52.59012808)
1;2021;8;22;6;3;2;6;2;0;1;0;0;0;0;0;POINT (13.36497662 52.50225741)
4;2021;9;10;3;3;3;6;0;0;1;0;0;1;0;0;POINT (13.23723155 52.5072192)
1;2021;3;19;1;2;6;4;2;0;1;1;0;0;0;1;POINT (13.41984191 52.52486687)
12;2021;7;13;1;3;2;6;0;0;1;0;0;0;0;0;POINT (13.31288257 52.62241325)
9;2021;9;12;2;3;6;2;0;0;1;1;0;0;0;0;POINT (13.49737515 52.46486404)
3;2021;11;7;2;2;0;1;0;1;0;0;0;0;0;1;POINT (13.46751364 52.56070876)
2;2021;8;12;4;3;5;2;0;1;1;0;0;0;0;0;POINT (13.38926464 52.49748722)
3;2021;4;16;4;3;3;6;0;0;1;0;0;0;0;0;POINT (13.41371895 52.55841353)
6;2021;3;14;1;3;5;2;0;1;1;0;0;0;0;1;POINT (13.26057679 52.43498193)
7;2021;10;12;3;3;5;3;0;0;1;0;1;0;0;1;POINT (13.38601273 52.44397046)
1;2021;12;16;2;3;5;3;1;0;1;0;0;0;0;1;POINT (13.36549796 52.55798859)
10;2021;9;7;4;3;5;3;0;0;1;0;0;0;0;1;POINT (13.55309359 52.50905064)
11;2021;2;12;7;3;3;6;0;0;1;0;0;0;1;2;POINT (13.49779205 52.51150381)
2;2021;6;13;6;3;2;6;0;0;1;0;0;0;0;0;POINT (13.47390386 52.51385974)
6;2021;5;7;3;3;1;1;0;1;1;0;0;0;0;0;POINT (13.27251295 52.43878689)
2;2021;8;14;1;3;6;4;0;1;0;1;0;0;0;0;POINT (13.47312427 52.51380154)
4;2021;7;16;1;3;3;6;0;0;1;0;0;1;0;0;POINT (13.33263904 52.47788531)
3;2021;7;6;5;2;2;6;0;0;1;0;0;1;0;1;POINT (13.427074 52.63372596)
2;2021;10;18;6;3;5;3;0;0;1;0;0;0;1;0;POINT (13.38913953 52.49803421)
11;2021;11;11;1;3;5;2;0;0;1;0;0;0;1;0;POINT (13.47729134 52.51338297)
2;2021;5;8;1;3;5;2;0;1;1;0;0;0;0;0;POINT (13.38926464 52.49748722)
7;2021;9;11;6;3;3;6;0;0;1;0;0;0;1;0;POINT (13.34763867 52.47608227)
7;2021;4;6;2;3;2;6;0;0;1;0;0;0;0;0;POINT (13.40798451 52.46175272)
7;2021;4;17;5;3;2;6;0;0;1;0;0;0;0;0;POINT (13.3624666 52.49885225)
12;2021;7;15;1;3;5;2;0;1;1;0;0;0;0;0;POINT (13.36500979 52.56054822)
4;2021;10;12;6;3;2;6;0;0;1;0;0;0;0;0;POINT (13.2814024 52.52246121)
4;2021;12;11;2;3;2;6;0;0;1;0;0;0;0;0;POINT (13.29323882 52.53632788)
6;2021;5;16;2;3;2;6;0;0;1;0;0;0;0;0;POINT (13.27637553 52.43979599)
3;2021;8;18;2;3;0;7;0;1;0;0;0;0;0;0;POINT (13.42825039 52.54720625)
7;2021;3;8;3;3;5;2;0;1;1;0;0;0;0;0;POINT (13.38812075 52.43758502)
4;2021;6;23;7;3;8;1;2;0;1;0;0;0;0;0;POINT (13.28542393 52.49477919)
11;2021;9;12;2;3;2;2;0;1;1;0;0;0;0;0;POINT (13.48424296 52.51268837)
2;2021;5;15;1;3;2;2;0;0;1;0;0;0;0;0;POINT (13.38890769 52.49761247)
3;2021;8;12;2;2;5;2;0;0;1;0;1;0;0;0;POINT (13.41406893 52.55056276)
12;2021;7;10;2;3;5;3;0;0;1;0;0;0;0;0;POINT (13.36011558 52.57171017)
4;2021;10;9;4;2;9;1;0;1;0;0;0;0;0;0;POINT (13.22169313 52.50804763)
3;2021;11;17;4;3;5;2;1;1;1;0;0;0;0;0;POINT (13.41410536 52.55074519)
1;2021;1;5;4;3;6;2;2;0;1;1;0;0;0;1;POINT (13.36835955 52.50632981)
7;2021;6;18;7;3;6;7;0;1;0;1;0;0;0;0;POINT (13.38549107 52.46759725)
12;2021;12;14;2;3;2;6;0;0;1;0;0;0;0;2;POINT (13.34766337 52.57463093)
3;2021;5;8;5;3;5;2;0;1;1;0;0;0;0;1;POINT (13.47644925 52.56812514)
3;2021;6;15;3;3;5;3;0;0;1;0;1;0;0;0;POINT (13.39921988 52.57427745)
3;2021;8;17;5;3;2;6;0;1;1;0;0;0;0;0;POINT (13.45240627 52.54869672)
12;2021;9;17;2;3;2;3;0;0;1;0;1;0;1;0;POINT (13.34663278 52.57934788)
1;2021;3;18;5;3;2;7;2;0;1;0;1;0;0;0;POINT (13.40515064 52.52007778)
7;2021;6;11;1;3;2;6;0;0;1;0;0;0;0;0;POINT (13.38564272 52.43990277)
10;2021;9;20;3;3;3;6;2;1;1;0;0;0;0;0;POINT (13.54764348 52.54984405)
1;2021;11;8;1;3;5;3;0;1;1;0;0;0;0;1;POINT (13.36548977 52.55802876)
6;2021;9;13;3;3;5;2;0;1;1;0;0;0;0;0;POINT (13.27138554 52.43824089)
1;2021;7;11;4;3;3;6;0;0;1;0;0;0;1;0;POINT (13.36412083 52.53471881)
3;2021;10;9;4;3;5;3;0;1;1;0;0;0;0;1;POINT (13.47636516 52.56808575)
4;2021;12;12;3;3;2;6;0;0;1;0;0;0;0;1;POINT (13.29568654 52.54046529)
2;2021;5;16;7;2;6;2;0;0;1;1;0;0;0;1;POINT (13.37684725 52.50200772)
4;2021;8;19;2;3;5;2;1;1;1;0;0;0;0;0;POINT (13.28920021 52.51038941)
2;2021;7;18;2;3;5;2;0;1;1;0;0;0;0;0;POINT (13.45145995 52.5094751)
3;2021;10;14;2;3;5;3;0;0;1;0;0;0;0;1;POINT (13.40168158 52.58969999)
9;2021;11;0;5;3;0;7;2;0;1;0;0;0;0;0;POINT (13.45987958 52.45660151)
4;2021;5;14;5;2;3;6;0;0;1;0;0;1;1;0;POINT (13.28297641 52.50611045)
1;2021;1;18;2;2;5;2;2;0;1;0;0;0;0;0;POINT (13.36858051 52.54107134)
2;2021;4;7;7;3;1;7;0;0;1;0;0;0;0;1;POINT (13.47429793 52.51367542)
2;2021;6;10;3;3;2;4;0;1;0;1;0;0;0;0;POINT (13.38670595 52.49041922)
7;2021;12;18;3;3;6;7;2;0;0;1;0;0;1;1;POINT (13.40101459 52.41509766)
4;2021;8;15;6;3;5;2;0;1;0;0;0;0;0;0;POINT (13.30139393 52.51115322)
2;2021;9;17;6;3;2;6;1;1;1;0;0;0;0;1;POINT (13.45167285 52.50992585)
3;2021;3;11;4;2;6;4;0;0;1;1;0;0;0;0;POINT (13.45706967 52.54955468)
1;2021;6;8;1;3;0;3;0;1;1;0;0;0;0;0;POINT (13.36525815 52.55808236)
3;2021;9;14;5;3;5;3;0;1;1;0;0;0;0;0;POINT (13.41478395 52.55509756)