bez;ujahr;umonat;ustunde;uwochentag;ukategorie;uart;utyp1;ulichtverh;istrad;istpkw;istfuss;istkrad;istgkfz;istsonstige;ustrzustand;geometry
7;2021;11;0;4;2;6;2;2;0;1;1;0;0;0;1;POINT (13.34846601 52.48169656)
10;2021;8;10;4;2;5;2;0;1;0;0;0;0;1;0;POINT (13.56373986 52.50799999)
12;2021;7;9;5;2;6;4;0;0;0;1;0;0;1;0;POINT (13.34152097 52.58601041)
11;2021;10;13;5;3;0;7;0;0;0;0;1;0;0;1;POINT (13.48868899 52.5122224)
11;2021;12;12;1;3;3;6;0;0;1;0;0;1;0;0;POINT (13.49369274 52.51169486)
2;2021;1;15;2;3;0;2;0;1;1;0;0;0;0;1;POINT (13.45141118 52.50937184)
10;2021;6;7;1;2;6;2;0;0;1;1;0;0;0;0;POINT (13.5814099 52.50508582)
9;2021;5;18;7;3;5;3;0;1;1;0;0;0;0;1;POINT (13.47946399 52.48451132)
7;2021;6;12;5;3;3;6;0;0;1;0;1;0;0;0;POINT (13.37816154 52.47008231)
6;2021;8;6;6;3;8;1;0;0;0;0;0;0;1;0;POINT (13.31107679 52.45199057)
4;2021;7;13;6;3;3;6;0;0;1;0;1;0;1;0;POINT (13.3065243 52.48050099)
12;2021;10;11;5;3;5;3;0;0;1;0;0;0;0;0;POINT (13.32462024 52.60704077)
1;2021;11;16;1;2;0;7;1;0;0;0;0;0;1;1;POINT (13.36960043 52.52887845)
4;2021;8;8;1;2;0;1;0;1;0;0;0;0;0;1;POINT (13.27952208 52.50977824)
12;2021;4;10;2;3;5;3;0;1;1;0;0;0;0;0;POINT (13.32516318 52.60637917)
7;2021;3;16;5;3;2;6;0;0;1;0;0;0;1;0;POINT (13.38549907 52.46964475)
10;2021;10;18;3;2;6;4;2;1;0;1;0;0;0;0;POINT (13.57373633 52.50533152)
10;2021;12;15;4;3;2;3;0;1;1;0;0;0;0;1;POINT (13.53697481 52.53301934)
1;2021;9;21;1;3;1;5;2;1;1;0;0;0;0;0;POINT (13.34642881 52.51432903)
4;2021;2;11;4;3;3;6;0;0;1;0;0;0;0;2;POINT (13.24393199 52.5076313)
12;2021;6;23;3;2;1;5;2;1;1;0;0;0;0;0;POINT (13.36479748 52.56047544)
1;2021;5;8;3;3;2;6;0;0;1;0;0;0;0;0;POINT (13.36861612 52.5067607)
4;2021;8;9;3;3;2;6;0;0;1;0;0;0;1;0;POINT (13.28205342 52.52121775)
1;2021;7;23;1;3;1;5;2;1;1;0;0;0;0;0;POINT (13.36671282 52.55248375)
6;2021;7;22;5;3;5;2;2;1;0;0;0;0;1;1;POINT (13.27142056 52.43825242)
2;2021;10;14;3;3;3;6;0;0;1;0;0;0;0;0;POINT (13.4281208 52.51893329)
4;2021;11;9;2;3;6;7;0;0;1;1;0;0;0;1;POINT (13.30416631 52.51133467)
2;2021;9;22;4;3;6;6;2;1;0;1;0;0;0;0;POINT (13.46027235 52.51509681)
4;2021;6;15;6;3;6;4;0;0;1;1;0;0;0;0;POINT (13.29550736 52.51095453)
6;2021;4;4;1;3;0;7;2;0;1;0;0;0;0;0;POINT (13.1994313 52.43993112)
4;2021;3;10;3;2;5;7;0;0;1;0;0;0;0;0;POINT (13.30562143 52.51162003)
9;2021;7;20;3;3;5;3;0;0;1;0;0;0;1;0;POINT (13.4576975 52.491693)
4;2021;10;21;1;3;6;2;2;0;1;1;0;0;0;0;POINT (13.29716293 52.51106388)
7;2021;6;14;6;2;5;7;0;1;0;0;0;1;0;0;POINT (13.39134344 52.43153309)
4;2021;12;17;5;3;2;6;2;0;1;0;0;0;0;0;POINT (13.28126911 52.4990728)
7;2021;8;14;4;3;3;6;0;0;0;0;1;0;1;0;POINT (13.38463691 52.45236579)
7;2021;9;17;5;3;5;3;0;0;1;0;0;0;0;1;POINT (13.38601072 52.4439813)
4;2021;2;9;2;3;5;2;0;1;1;0;0;0;0;0;POINT (13.31469086 52.51221254)
7;2021;6;14;3;3;2;6;0;0;1;0;0;0;0;0;POINT (13.38440694 52.45362034)
1;2021;9;21;6;3;2;6;2;0;1;0;0;0;0;0;POINT (13.4185561 52.52372057)
3;2021;8;8;3;3;3;6;0;1;1;0;0;0;0;0;POINT (13.42985568 52.55348789)
2;2021;7;16;5;3;5;3;0;0;1;0;1;0;0;0;POINT (13.46761943 52.51450275)
1;2021;10;15;5;3;2;6;0;0;1;0;0;0;0;1;POINT (13.3672115 52.55194176)
5;2021;12;7;2;3;2;6;0;0;1;0;0;0;0;0;POINT (13.18599216 52.51524717)
2;2021;4;18;5;3;0;1;1;1;0;0;0;0;0;0;POINT (13.45188456 52.51988917)
9;2021;1;17;2;3;6;2;2;0;1;1;0;0;0;1;POINT (13.45915886 52.49292914)
7;2021;6;15;1;3;2;6;0;0;1;0;0;0;1;0;POINT (13.38451829 52.45300489)
7;2021;12;19;1;3;1;5;2;1;1;0;0;0;0;0;POINT (13.35558459 52.48570176)
4;2021;5;11;5;3;2;7;0;0;1;0;0;0;1;0;POINT (13.28261382 52.49747538)
4;2021;8;10;1;3;3;6;0;1;1;0;0;0;0;0;POINT (13.30560687 52.51161906)
1;2021;9;7;2;3;0;6;0;1;0;0;0;0;1;0;POINT (13.39455275 52.51731234)
7;2021;3;15;5;2;6;4;0;0;1;1;0;0;0;0;POINT (13.39990777 52.41646572)
3;2021;7;14;4;3;2;6;0;0;1;0;0;0;1;1;POINT (13.39825735 52.57797537)
4;2021;9;13;1;2;2;6;0;0;1;0;0;0;1;0;POINT (13.28572896 52.53163011)
1;2021;11;9;4;3;3;6;0;1;0;0;0;0;0;0;POINT (13.41800882 52.52372024)
4;2021;8;16;5;3;2;6;0;0;1;0;0;0;0;0;POINT (13.31054885 52.48153591)
4;2021;10;16;5;3;2;6;1;0;1;0;0;0;0;1;POINT (13.2838821 52.49637919)
7;2021;12;17;5;2;6;4;2;0;1;1;0;0;0;1;POINT (13.36176377 52.41361145)
11;2021;1;16;5;3;5;2;2;1;1;0;0;0;0;1;POINT (13.48445721 52.51279847)
1;2021;6;5;4;3;5;3;0;0;1;0;0;0;0;0;POINT (13.36859427 52.50620994)
4;2021;5;15;3;3;2;6;0;0;1;0;0;0;0;0;POINT (13.29922214 52.48866001)
7;2021;8;15;5;3;5;2;0;1;1;0;0;0;0;0;POINT (13.34840312 52.48192914)
7;2021;7;14;4;3;2;6;0;0;1;0;0;0;0;0;POINT (13.34900923 52.47516398)
1;2021;10;15;2;3;0;2;0;1;1;0;0;0;0;1;POINT (13.4114724 52.51849542)
7;2021;11;16;4;3;6;4;0;0;1;1;0;0;0;1;POINT (13.38445447 52.45335697)
4;2021;9;11;5;3;2;6;0;0;1;0;0;0;0;0;POINT (13.28201795 52.5208731)
4;2021;4;16;3;3;2;6;0;0;1;0;0;0;0;0;POINT (13.29477187 52.53913092)
1;2021;3;13;5;3;5;3;0;0;1;0;0;0;0;0;POINT (13.36550062 52.55797552)
12;2021;10;22;2;2;0;1;2;0;0;0;1;0;0;1;POINT (13.32168432 52.56154113)
1;2021;12;18;6;3;0;6;2;0;1;0;1;0;0;1;POINT (13.36817961 52.50554387)
2;2021;9;16;7;3;2;2;0;1;1;0;0;0;0;0;POINT (13.46323845 52.51480148)
11;2021;2;16;6;3;0;7;1;0;1;0;0;0;0;0;POINT (13.52475537 52.50982351)
5;2021;6;17;3;2;5;2;0;0;1;0;1;0;0;0;POINT (13.20594138 52.51122586)
7;2021;5;17;3;3;2;6;0;0;1;0;0;0;0;0;POINT (13.33817223 52.47852357)
4;2021;8;10;3;3;5;2;0;1;1;0;0;0;0;0;POINT (13.28920842 52.51055614)
8;2021;1;20;1;3;5;3;2;0;1;0;0;0;0;1;POINT (13.43141766 52.46208756)
7;2021;6;6;4;3;2;6;0;0;1;0;0;0;0;0;POINT (13.39538029 52.46714396)
7;2021;5;14;1;2;5;3;0;1;0;0;0;0;1;0;POINT (13.38473138 52.4518669)
1;2021;8;18;4;3;2;6;0;0;1;0;1;0;0;0;POINT (13.37057247 52.53997479)
4;2021;7;23;6;3;2;6;2;0;1;0;0;0;0;0;POINT (13.24945009 52.50797513)
4;2021;10;15;6;3;2;6;0;0;1;0;0;0;0;0;POINT (13.25004074 52.50801181)
5;2021;11;16;3;3;8;7;1;0;1;0;0;0;0;0;POINT (13.13365691 52.48379816)
2;2021;9;13;6;3;2;6;0;0;1;0;0;0;0;0;POINT (13.46761694 52.51435022)
1;2021;4;20;2;2;5;3;1;0;1;0;0;0;1;0;POINT (13.41638443 52.5220044)
7;2021;3;11;3;3;2;6;0;0;1;0;0;0;1;0;POINT (13.38504028 52.46140165)
3;2021;10;19;7;2;2;6;2;0;1;0;0;0;0;1;POINT (13.4475551 52.60218326)
8;2021;12;10;5;3;3;6;0;0;1;0;0;1;0;0;POINT (13.44605009 52.46310224)
2;2021;9;5;7;3;2;4;2;0;1;1;0;0;0;0;POINT (13.38805769 52.49327242)
12;2021;2;21;1;3;8;1;2;0;1;0;0;0;0;2;POINT (13.29546883 52.64902042)
6;2021;6;14;4;3;2;6;0;0;1;0;0;0;0;0;POINT (13.3247452 52.45781228)
1;2021;5;20;2;3;3;6;1;0;1;0;0;0;0;1;POINT (13.41853565 52.52370186)
2;2021;8;9;1;3;5;2;0;1;0;0;0;1;0;0;POINT (13.44795141 52.52631441)
9;2021;7;16;1;3;5;2;0;0;1;0;0;0;0;0;POINT (13.45916101 52.49293074)
2;2021;7;0;3;3;5;3;2;1;1;0;0;0;0;1;POINT (13.44753401 52.52626719)
3;2021;10;17;4;3;5;2;0;0;1;0;0;0;0;0;POINT (13.39043545 52.61860349)
10;2021;11;9;1;3;5;2;0;0;1;0;0;0;1;1;POINT (13.59864819 52.50487947)
4;2021;9;16;3;3;2;6;0;0;1;0;0;0;0;0;POINT (13.27398375 52.49959677)
4;2021;4;14;3;3;2;6;0;0;1;0;1;0;1;0;POINT (13.28170922 52.49823411)
7;2021;4;15;2;3;2;6;0;0;1;0;0;0;0;0;POINT (13.39576638 52.4669754)
9;2021;7;4;7;3;0;1;2;1;0;0;0;0;0;0;POINT (13.45954148 52.49295497)
2;2021;10;19;1;3;5;2;2;1;1;0;0;0;0;0;POINT (13.46008124 52.51511584)
6;2021;12;19;6;3;2;6;2;0;1;0;0;0;0;1;POINT (13.26056765 52.43498386)
3;2021;8;8;3;3;5;2;0;1;1;0;0;0;0;0;POINT (13.42033647 52.53989183)
7;2021;9;12;3;3;5;2;0;0;1;0;0;0;1;0;POINT (13.36175265 52.49715699)
1;2021;3;13;2;3;5;2;0;1;1;0;0;0;0;0;POINT (13.36847991 52.54102285)
4;2021;6;17;3;3;3;6;0;0;1;0;0;0;1;0;POINT (13.32288231 52.51286189)
1;2021;9;23;5;3;6;4;2;1;0;1;0;0;0;0;POINT (13.42035887 52.52530621)
12;2021;11;11;6;3;5;2;0;0;1;0;0;0;0;0;POINT (13.35902452 52.57340421)
1;2021;8;13;7;3;5;3;0;0;1;0;0;0;0;1;POINT (13.4091912 52.51675755)
2;2021;7;19;6;3;2;6;0;0;1;0;0;0;0;0;POINT (13.38947199 52.4966529)
7;2021;10;15;4;3;0;7;0;0;0;0;1;0;0;1;POINT (13.35068139 52.47557515)
9;2021;12;16;3;3;5;2;2;1;1;0;0;0;0;0;POINT (13.50670041 52.45876445)
4;2021;5;18;6;3;3;6;0;0;1;0;0;0;0;0;POINT (13.28281751 52.49731695)
7;2021;1;10;5;3;5;2;0;0;1;0;0;0;0;1;POINT (13.36924546 52.42069235)
7;2021;6;16;5;3;2;6;0;1;1;0;0;0;0;0;POINT (13.39049686 52.43303317)
2;2021;5;19;2;3;3;6;0;1;0;0;0;0;0;0;POINT (13.44835189 52.50465741)
10;2021;8;8;4;3;5;2;0;1;1;0;0;0;0;0;POINT (13.59099124 52.5050884)
7;2021;9;9;7;3;3;6;0;0;1;0;0;0;1;0;POINT (13.38551763 52.47030185)
1;2021;3;7;4;3;5;2;0;1;1;0;0;0;0;0;POINT (13.40459074 52.5200224)
1;2021;6;14;2;3;5;3;0;0;0;0;0;0;1;0;POINT (13.41862725 52.52427619)
7;2021;9;22;7;3;5;2;2;1;1;0;0;0;0;0;POINT (13.3857655 52.48019384)
3;2021;11;17;4;3;5;2;2;1;1;0;0;0;0;1;POINT (13.42400095 52.53910218)
4;2021;9;13;3;3;2;6;0;0;1;0;0;0;0;0;POINT (13.28086152 52.50081562)
3;2021;4;8;1;2;6;6;0;1;0;1;0;0;0;0;POINT (13.4128308 52.54619609)
6;2021;10;11;2;2;3;6;0;0;0;0;1;0;1;0;POINT (13.33129865 52.46307981)
12;2021;12;7;3;3;3;6;1;0;1;0;0;1;0;1;POINT (13.25543133 52.61018897)
3;2021;2;18;1;2;5;2;2;0;1;0;0;0;0;0;POINT (13.39044086 52.61859411)
1;2021;6;12;4;3;6;6;0;1;1;1;0;0;0;0;POINT (13.36346368 52.50050685)
4;2021;5;16;1;3;2;6;0;0;1;0;0;0;1;0;POINT (13.31508768 52.47916521)
2;2021;8;2;4;3;3;6;2;1;1;0;0;0;0;0;POINT (13.45414302 52.51548579)
7;2021;7;17;4;3;2;6;0;0;1;0;0;0;0;0;POINT (13.34463277 52.47810984)
7;2021;10;12;2;3;6;2;0;0;0;1;0;1;0;1;POINT (13.37717599 52.43247863)
10;2021;11;6;2;3;5;2;1;1;1;0;0;0;0;0;POINT (13.61342017 52.5048945)
7;2021;9;7;3;3;5;7;0;0;1;0;1;0;0;0;POINT (13.35184102 52.48038263)
3;2021;6;16;5;3;3;6;0;0;1;0;0;0;1;0;POINT (13.39902696 52.57354975)
12;2021;4;13;1;3;5;2;0;0;1;0;1;0;0;0;POINT (13.3292756 52.60232518)
10;2021;3;10;2;3;5;3;0;1;1;0;0;0;0;0;POINT (13.61652196 52.50474706)
2;2021;10;17;1;3;5;2;1;1;1;0;0;0;0;0;POINT (13.46002388 52.51512156)
2;2021;12;10;2;3;1;7;0;0;1;0;0;0;0;0;POINT (13.38608469 52.48907992)
3;2021;9;15;4;3;5;3;0;1;0;0;0;0;1;0;POINT (13.41437344 52.55217249)
4;2021;2;12;4;3;6;7;0;0;1;1;0;0;0;0;POINT (13.29313271 52.51080365)
12;2021;6;8;1;3;2;6;0;0;1;0;0;0;0;0;POINT (13.30554214 52.5693493)
10;2021;5;8;4;3;5;3;0;1;0;0;0;0;1;0;POINT (13.58444201 52.50504998)
1;2021;8;10;2;3;0;2;0;1;0;0;0;1;0;0;POINT (13.36990023 52.54180152)
9;2021;7;9;2;3;5;3;0;0;1;0;0;0;1;0;POINT (13.51226611 52.45489978)
1;2021;10;8;2;3;5;2;0;0;1;0;0;0;1;1;POINT (13.36970977 52.54161257)
2;2021;11;14;4;3;6;7;0;0;1;1;0;0;0;0;POINT (13.47430175 52.513675)
4;2021;1;8;2;3;6;4;0;0;1;1;0;0;0;1;POINT (13.30030029 52.5110801)
12;2021;4;17;2;3;2;6;2;0;1;0;0;0;1;0;POINT (13.31093445 52.55991411)
2;2021;6;9;1;3;5;2;0;1;1;0;0;0;0;0;POINT (13.45726227 52.51539799)
9;2021;5;11;5;3;5;3;0;1;1;0;0;0;0;1;POINT (13.46075573 52.49387719)
9;2021;8;15;1;2;0;7;0;0;0;0;0;0;1;0;POINT (13.45918003 52.49294495)
1;2021;9;6;2;3;6;4;0;1;0;1;0;0;0;0;POINT (13.39727641 52.51759045)
3;2021;2;15;5;3;6;2;0;0;1;1;0;0;0;0;POINT (13.42368429 52.52829076)
6;2021;6;18;3;3;1;5;0;0;1;0;0;0;0;1;POINT (13.22042326 52.42886201)
3;2021;9;9;2;3;2;2;0;1;1;0;0;0;0;0;POINT (13.42965649 52.55423373)
4;2021;11;18;1;3;6;4;2;0;0;1;0;0;1;1;POINT (13.30250924 52.51141548)
4;2021;8;13;2;3;2;6;0;0;1;0;0;0;0;0;POINT (13.29716746 52.51087498)
6;2021;7;16;1;2;7;7;0;0;0;0;1;0;0;0;POINT (13.33260146 52.4639744)
11;2021;10;16;5;3;2;6;0;0;1;0;0;0;0;1;POINT (13.50636006 52.51065242)
6;2021;12;17;1;3;6;4;1;1;0;1;0;0;0;1;POINT (13.30380847 52.4492883)
9;2021;5;16;1;3;2;6;0;0;1;0;0;0;0;0;POINT (13.49340445 52.46782777)
3;2021;1;13;4;3;2;6;0;0;1;0;0;0;0;0;POINT (13.43302685 52.53631544)
4;2021;6;15;2;3;2;6;0;0;1;0;0;0;0;0;POINT (13.28718902 52.49430178)
7;2021;7;19;4;2;2;6;0;0;1;0;1;0;0;0;POINT (13.36558693 52.4727466)
4;2021;10;17;4;3;3;6;0;0;1;0;0;0;0;0;POINT (13.2862344 52.53194268)
4;2021;11;19;3;3;3;6;2;0;1;0;0;1;0;1;POINT (13.26289375 52.49110977)
1;2021;4;14;3;3;0;3;0;1;0;0;0;0;1;0;POINT (13.40511038 52.52028802)
7;2021;3;15;7;3;3;6;0;0;1;0;0;0;0;0;POINT (13.38570972 52.46767602)
10;2021;6;13;2;2;6;4;0;0;1;1;0;0;0;0;POINT (13.54841738 52.55105938)
4;2021;11;7;3;3;5;3;0;0;1;0;1;0;0;0;POINT (13.22852285 52.50674585)
10;2021;12;21;3;3;6;2;2;0;1;1;0;0;0;1;POINT (13.55440433 52.55768865)
6;2021;8;18;1;3;1;5;0;0;1;0;0;0;0;0;POINT (13.26735937 52.43642803)
4;2021;9;16;4;3;2;6;0;0;1;0;0;0;0;0;POINT (13.24938124 52.50797079)
2;2021;2;15;2;3;3;6;0;0;1;0;0;0;0;0;POINT (13.47424345 52.51368137)
2;2021;6;14;6;3;6;4;0;1;0;1;0;0;0;0;POINT (13.38772043 52.49839005)
2;2021;9;10;4;3;5;3;0;0;1;0;0;0;1;0;POINT (13.38877436 52.49813113)
6;2021;11;17;4;3;5;3;2;0;1;0;1;0;0;1;POINT (13.30122531 52.44834709)
3;2021;8;10;2;3;0;2;0;0;1;0;0;0;1;0;POINT (13.44797853 52.54688491)
9;2021;7;18;5;3;5;3;0;0;1;0;0;0;1;0;POINT (13.45775505 52.49165476)
6;2021;10;15;4;3;2;2;0;1;1;0;0;0;0;1;POINT (13.26028199 52.43516965)
6;2021;12;15;2;3;5;7;1;0;1;0;1;0;0;0;POINT (13.30813125 52.45090309)
2;2021;5;7;1;3;2;6;0;0;1;0;0;0;0;0;POINT (13.38626785 52.48874304)
3;2021;1;17;3;3;5;2;2;0;1;0;0;0;0;1;POINT (13.42436622 52.53925992)
3;2021;6;19;6;2;2;2;1;0;1;0;0;0;1;0;POINT (13.44474583 52.545412)
2;2021;5;14;5;3;5;2;0;1;1;0;0;0;0;0;POINT (13.46744374 52.51436734)
9;2021;8;17;5;3;6;7;0;1;0;1;0;0;0;0;POINT (13.46106373 52.48939286)
10;2021;9;15;2;3;2;6;0;0;1;0;0;0;0;0;POINT (13.5484977 52.50956482)
7;2021;3;15;4;3;2;6;0;0;1;0;0;0;0;0;POINT (13.35718028 52.47378815)
2;2021;7;20;5;3;2;6;0;1;0;0;0;0;0;0;POINT (13.44862972 52.5050779)
1;2021;9;8;2;3;2;6;0;0;1;0;0;0;0;0;POINT (13.37423236 52.50942171)
4;2021;11;9;1;3;2;6;0;0;1;0;0;0;0;1;POINT (13.3014589 52.51134761)
2;2021;8;18;4;3;2;2;1;0;1;0;0;0;0;1;POINT (13.46029792 52.51523785)
7;2021;4;17;2;3;3;6;0;0;1;0;1;0;0;0;POINT (13.40138812 52.41383834)
1;2021;3;9;1;3;5;2;0;0;1;0;0;0;1;0;POINT (13.36986084 52.51583152)
4;2021;10;15;1;3;2;6;0;0;1;0;0;0;0;0;POINT (13.29861222 52.51116003)
7;2021;12;12;1;3;0;2;0;0;1;0;0;0;1;1;POINT (13.34836229 52.48174221)
7;2021;1;15;5;3;2;3;0;0;1;0;0;0;0;0;POINT (13.38391116 52.4553123)
2;2021;6;13;4;3;0;5;0;0;1;0;0;0;1;0;POINT (13.38947012 52.49666039)
7;2021;5;18;2;3;2;2;0;1;1;0;0;0;0;1;POINT (13.38600448 52.44401485)
4;2021;8;9;3;3;5;2;0;1;1;0;0;0;0;0;POINT (13.29720875 52.51087776)
3;2021;7;21;4;3;0;1;1;1;0;0;0;0;0;0;POINT (13.41345597 52.54902721)
11;2021;7;14;5;2;0;1;0;0;0;0;1;0;0;0;POINT (13.48151164 52.51296134)
2;2021;10;17;5;3;5;2;0;1;0;0;0;0;1;0;POINT (13.37693265 52.50192091)
3;2021;6;23;6;3;5;2;2;1;1;0;0;0;0;0;POINT (13.41425877 52.54067109)
9;2021;11;21;1;3;5;3;2;1;1;0;0;0;0;0;POINT (13.45784682 52.49175437)
12;2021;9;16;3;3;2;6;0;0;1;0;0;0;0;0;POINT (13.30191463 52.54954395)
12;2021;4;14;7;3;6;4;0;0;1;1;0;0;0;0;POINT (13.35635743 52.57334424)
7;2021;3;18;2;3;0;2;0;1;1;0;0;0;0;0;POINT (13.3782663 52.43476567)
7;2021;10;20;2;2;0;7;2;0;1;0;0;0;1;0;POINT (13.38717596 52.44014913)
3;2021;12;6;5;2;8;1;2;0;1;0;0;0;0;1;POINT (13.40224013 52.58645891)
7;2021;7;10;6;2;5;2;0;0;1;0;0;0;0;0;POINT (13.38551444 52.47009357)
6;2021;3;8;2;3;5;3;0;1;1;0;0;0;0;0;POINT (13.3143365 52.45309204)
7;2021;6;17;1;3;2;6;0;0;1;0;0;0;0;0;POINT (13.40623904 52.46198049)
12;2021;5;15;1;3;2;6;0;0;1;0;0;0;0;0;POINT (13.30840586 52.55671288)
4;2021;8;22;7;3;3;2;2;0;1;0;1;0;0;0;POINT (13.3230023 52.51245565)
4;2021;7;17;3;2;0;6;0;0;1;0;1;0;0;0;POINT (13.28544168 52.49476891)
1;2021;10;18;7;3;5;3;1;0;1;0;0;0;0;0;POINT (13.36846088 52.54103366)
1;2021;11;21;1;3;5;3;2;0;1;0;0;0;0;1;POINT (13.36870178 52.50638623)
3;2021;4;15;5;3;5;3;0;1;1;0;0;0;0;0;POINT (13.41232175 52.5410878)
1;2021;1;9;3;3;2;6;0;0;1;0;1;0;0;1;POINT (13.41976051 52.52479715)
3;2021;4;18;5;2;3;6;0;1;0;0;0;0;0;0;POINT (13.41429194 52.55338197)
11;2021;6;12;1;3;2;6;0;0;1;0;0;0;0;0;POINT (13.47577853 52.51366842)
2;2021;6;14;2;3;2;6;0;0;1;0;0;0;0;0;POINT (13.47374038 52.51387782)
11;2021;8;14;2;3;5;2;0;1;1;0;0;0;0;0;POINT (13.48831766 52.51240851)
7;2021;9;15;6;3;1;5;0;1;1;0;0;0;1;0;POINT (13.34992191 52.48273177)
1;2021;3;9;5;3;5;2;0;0;1;0;0;0;1;0;POINT (13.37051915 52.54000665)
3;2021;7;14;5;3;1;5;0;1;1;0;0;0;0;0;POINT (13.41308074 52.54587181)
6;2021;9;0;4;3;0;7;2;0;0;0;1;0;0;1;POINT (13.26110403 52.43503363)
3;2021;11;23;2;3;5;3;2;1;1;0;0;0;0;1;POINT (13.44259788 52.53130568)
2;2021;8;18;5;3;5;2;0;1;1;0;0;0;0;0;POINT (13.38897208 52.49752088)
3;2021;7;6;6;3;0;1;0;0;1;0;0;0;0;0;POINT (13.44299765 52.63510675)
1;2021;10;11;2;3;5;3;0;0;1;0;0;0;0;1;POINT (13.36549933 52.55798187)
1;2021;12;6;3;3;5;3;1;0;1;0;0;0;0;1;POINT (13.3652578 52.5580842)
10;2021;1;14;5;3;2;6;0;0;1;0;0;0;0;0;POINT (13.5484052 52.5510447)
7;2021;6;11;5;3;5;3;0;1;1;0;0;0;0;0;POINT (13.40690177 52.39237729)
5;2021;5;7;5;2;5;2;0;1;1;0;0;0;0;0;POINT (13.1260475 52.47851538)
2;2021;8;16;3;3;5;2;0;1;1;0;0;0;0;0;POINT (13.46009105 52.51511486)
4;2021;3;16;4;3;2;6;0;0;1;0;1;0;0;0;POINT (13.32294619 52.51247199)
2;2021;7;10;5;3;3;6;0;1;0;0;0;0;1;0;POINT (13.45218153 52.51103204)
10;2021;9;12;4;2;3;6;0;0;1;0;1;0;0;0;POINT (13.61253753 52.50490183)
3;2021;11;12;6;3;1;5;0;1;1;0;0;0;0;0;POINT (13.45612894 52.5494918)
4;2021;8;12;7;3;2;6;0;0;1;0;0;0;0;0;POINT (13.28152915 52.52262927)
3;2021;4;18;1;3;5;7;1;0;1;0;1;0;0;0;POINT (13.42639071 52.53831889)
7;2021;3;14;3;3;3;6;0;0;0;0;1;1;0;0;POINT (13.37997942 52.43724499)
9;2021;10;7;3;3;2;6;0;0;1;0;1;0;0;1;POINT (13.51840876 52.4507109)
2;2021;12;18;6;3;6;4;2;0;1;1;0;0;0;0;POINT (13.4524442 52.51906192)
12;2021;9;15;6;3;2;6;0;0;1;0;1;0;0;0;POINT (13.33000827 52.60171055)
4;2021;2;19;4;3;9;1;2;0;1;0;0;0;0;1;POINT (13.29602059 52.54162672)
10;2021;6;19;5;3;6;4;0;0;1;1;0;0;0;0;POINT (13.54857905 52.5509426)
1;2021;5;11;3;3;2;6;0;0;1;0;0;0;0;0;POINT (13.41186213 52.51891833)
3;2021;8;8;1;3;5;2;0;1;1;0;0;0;0;0;POINT (13.413719 52.55053751)
4;2021;7;14;5;2;0;1;0;0;0;0;0;0;1;0;POINT (13.26316067 52.4913202)
1;2021;7;23;6;2;2;1;2;0;1;0;0;0;0;0;POINT (13.40532143 52.52039426)
10;2021;10;21;7;3;5;3;2;1;1;0;0;0;0;0;POINT (13.61651629 52.50474743)
9;2021;11;22;2;3;2;6;2;0;1;0;0;0;0;1;POINT (13.51175443 52.45507451)
7;2021;5;11;6;2;3;2;0;0;1;0;1;0;0;1;POINT (13.3571418 52.4868518)
1;2021;6;8;3;3;0;6;0;0;1;0;0;0;1;0;POINT (13.36961405 52.54156608)
12;2021;8;12;1;3;2;2;0;0;1;0;0;0;0;0;POINT (13.35888539 52.57327815)
4;2021;9;11;2;3;2;6;0;0;1;0;0;1;0;0;POINT (13.28419315 52.50802866)
4;2021;3;18;6;3;1;1;2;0;1;0;0;0;0;0;POINT (13.27526246 52.50949487)
2;2021;7;7;2;3;5;2;0;1;0;0;0;0;1;0;POINT (13.44795141 52.52631441)
3;2021;9;21;7;2;2;6;2;0;1;0;0;0;1;0;POINT (13.42437635 52.52889489)
6;2021;11;13;6;3;3;6;0;0;1;0;0;0;0;0;POINT (13.28302944 52.44206469)
1;2021;8;22;4;3;5;3;2;0;1;0;0;0;0;1;POINT (13.36525717 52.55808746)
7;2021;4;16;5;3;5;2;0;1;1;0;0;0;0;0;POINT (13.39064211 52.43277363)
4;2021;3;16;2;3;2;6;1;0;1;0;0;0;0;0;POINT (13.28127493 52.49872279)
1;2021;10;8;3;3;0;2;0;1;1;0;0;0;0;1;POINT (13.36877047 52.54105135)
10;2021;12;19;5;3;6;7;2;0;1;1;0;0;0;0;POINT (13.53687548 52.5312994)
1;2021;5;12;2;2;3;6;0;0;1;0;1;0;0;0;POINT (13.36895813 52.540725)
7;2021;9;8;4;3;0;2;0;0;1;0;0;0;1;1;POINT (13.39265786 52.42986686)
1;2021;2;14;3;3;2;2;0;0;1;0;0;0;0;1;POINT (13.36317526 52.53582185)
4;2021;6;9;3;3;2;6;0;0;1;0;0;0;0;0;POINT (13.28311385 52.5188976)
3;2021;5;14;5;3;6;4;0;0;1;1;0;0;0;1;POINT (13.40194498 52.58060413)
2;2021;8;23;3;2;5;2;2;1;1;0;0;0;0;0;POINT (13.45373649 52.51594944)