bez;ujahr;umonat;ustunde;uwochentag;ukategorie;uart;utyp1;ulichtverh;istrad;istpkw;istfuss;istkrad;istgkfz;istsonstige;ustrzustand;geometry
3;2021;4;13;1;2;6;4;0;1;0;1;0;0;0;0;POINT (13.40170824 52.5889365)
10;2021;3;14;5;3;5;2;0;1;1;0;0;0;0;1;POINT (13.55033169 52.5092976)
1;2021;10;2;7;3;0;7;2;0;0;0;0;0;1;0;POINT (13.41659323 52.52246218)
3;2021;12;7;5;2;6;4;1;0;1;1;0;0;0;1;POINT (13.42689962 52.54352638)
7;2021;1;1;6;3;8;1;2;0;1;0;0;0;0;2;POINT (13.33732658 52.46677293)
4;2021;6;7;3;3;2;6;0;0;1;0;0;0;0;0;POINT (13.28091525 52.49918777)
2;2021;5;16;3;3;0;4;0;0;0;1;0;0;1;0;POINT (13.37442508 52.50262866)
1;2021;5;1;7;3;9;1;2;0;0;0;1;0;0;0;POINT (13.36522376 52.55826072)
7;2021;8;8;5;3;0;6;0;0;1;0;0;0;1;0;POINT (13.38413438 52.45523812)
2;2021;7;18;4;3;5;2;0;1;1;0;0;0;0;1;POINT (13.45377552 52.51572367)
9;2021;10;13;1;3;2;6;0;0;0;0;1;0;1;0;POINT (13.45876475 52.49264553)
1;2021;11;9;3;3;6;4;0;1;0;1;0;0;0;1;POINT (13.40214388 52.51873448)
7;2021;9;16;6;3;2;6;0;0;1;0;0;0;0;0;POINT (13.38444642 52.45340137)
7;2021;6;15;6;3;3;6;0;0;1;0;1;0;0;0;POINT (13.38585069 52.47413749)
10;2021;4;15;3;3;2;7;0;0;1;0;0;0;0;0;POINT (13.55450478 52.55780647)
3;2021;3;19;2;3;1;1;1;1;1;0;0;0;0;0;POINT (13.41415195 52.55273676)
1;2021;10;15;2;3;2;2;0;0;1;0;1;0;0;0;POINT (13.36978437 52.51570709)
3;2021;12;9;1;3;6;7;0;1;0;1;0;0;0;0;POINT (13.40289427 52.58077441)
10;2021;9;6;4;3;3;6;0;0;1;0;1;0;0;1;POINT (13.53688945 52.53066751)
7;2021;2;22;1;3;9;1;2;0;1;0;0;0;0;2;POINT (13.35576999 52.47360425)
4;2021;6;14;5;3;3;6;0;0;1;0;0;0;0;0;POINT (13.28241994 52.51013262)
1;2021;5;19;2;3;1;5;0;0;1;0;0;0;0;1;POINT (13.36763951 52.53114827)
1;2021;8;19;6;3;5;2;0;1;1;0;0;0;0;0;POINT (13.4195291 52.5251186)
3;2021;7;14;6;3;2;6;0;0;1;0;0;0;0;0;POINT (13.39035452 52.61874378)
10;2021;10;13;4;2;2;6;0;0;1;0;0;0;0;0;POINT (13.62444851 52.5038752)
7;2021;11;13;6;3;9;1;0;1;0;0;0;0;0;0;POINT (13.39712079 52.42199285)
3;2021;4;18;5;3;0;1;0;1;0;0;0;0;0;0;POINT (13.46132437 52.55054347)
7;2021;1;15;4;3;2;6;0;0;1;0;0;0;0;1;POINT (13.38407735 52.45434721)
2;2021;4;9;3;3;5;2;0;1;1;0;0;0;0;0;POINT (13.45372859 52.51597206)
7;2021;6;13;7;3;2;6;0;0;1;0;0;0;0;0;POINT (13.35494352 52.47845001)
4;2021;12;21;5;3;5;2;2;0;1;0;0;0;0;1;POINT (13.28176101 52.51008943)
4;2021;5;8;2;2;3;6;0;0;1;0;0;1;0;0;POINT (13.29669328 52.49032101)
12;2021;8;18;2;3;5;2;0;1;1;0;0;0;0;0;POINT (13.34765478 52.57449483)
3;2021;9;14;3;3;5;2;0;1;1;0;0;0;0;1;POINT (13.44453002 52.54530935)
2;2021;3;12;4;3;5;2;0;1;0;0;0;0;1;0;POINT (13.45372496 52.51598248)
2;2021;6;17;2;3;5;2;0;1;1;0;0;0;0;0;POINT (13.38863989 52.49816417)
3;2021;9;20;4;3;5;3;2;0;1;0;0;0;0;0;POINT (13.41197309 52.54113044)
12;2021;11;10;2;3;1;5;0;1;1;0;0;0;0;1;POINT (13.36427468 52.56331184)
2;2021;8;1;4;3;0;7;2;0;0;0;0;0;1;0;POINT (13.45197832 52.51165079)
3;2021;7;9;4;3;3;6;0;1;0;0;0;0;1;0;POINT (13.41224868 52.54403738)
1;2021;10;12;6;3;5;3;0;1;1;0;0;0;0;0;POINT (13.41266818 52.51924861)
6;2021;12;12;2;3;2;6;0;0;1;0;0;0;0;0;POINT (13.31026631 52.45169554)
7;2021;1;17;1;3;2;6;2;0;1;0;0;0;0;1;POINT (13.33487171 52.47820856)
6;2021;6;12;5;3;5;2;0;0;1;0;0;1;0;0;POINT (13.27133843 52.43841561)
3;2021;5;14;1;2;2;2;0;0;1;0;1;0;0;0;POINT (13.42779791 52.56194375)
7;2021;6;8;4;2;5;3;0;1;0;0;0;0;1;0;POINT (13.35898642 52.48886804)
4;2021;8;16;6;3;5;2;0;1;1;0;0;0;0;0;POINT (13.28924145 52.51039198)
1;2021;3;19;2;3;1;6;2;1;1;0;0;0;1;0;POINT (13.36513953 52.50244574)
4;2021;7;19;2;3;2;2;0;1;1;0;0;0;0;0;POINT (13.28160576 52.50991347)
3;2021;9;17;3;3;0;7;0;1;0;0;0;0;0;1;POINT (13.41243543 52.54248093)
4;2021;11;18;5;3;2;6;2;0;1;0;0;0;0;0;POINT (13.25873312 52.50855118)
7;2021;8;11;4;3;0;7;0;0;1;0;0;0;0;0;POINT (13.38568117 52.44659164)
1;2021;4;15;5;3;2;6;0;0;1;0;0;0;0;0;POINT (13.36592221 52.5557484)
7;2021;3;16;7;3;2;2;0;0;1;0;0;0;0;0;POINT (13.37768377 52.43354712)
3;2021;10;19;2;1;6;4;1;0;0;1;1;0;0;0;POINT (13.42474751 52.52888193)
7;2021;12;16;5;3;2;6;2;0;1;0;0;0;0;1;POINT (13.36522865 52.47291048)
4;2021;9;19;5;3;5;2;2;1;1;0;0;0;0;0;POINT (13.31247391 52.51187502)
1;2021;2;19;1;3;2;6;2;0;1;0;0;0;0;2;POINT (13.39912141 52.51098813)
4;2021;6;12;5;3;2;6;0;0;1;0;0;0;0;0;POINT (13.28373756 52.49657024)
7;2021;5;16;3;2;6;4;0;0;1;1;0;0;0;0;POINT (13.41468696 52.38055966)
6;2021;8;18;2;3;2;6;0;1;0;0;0;1;0;0;POINT (13.09225121 52.41348064)
7;2021;7;17;5;3;9;1;0;0;1;0;0;0;0;0;POINT (13.35696989 52.47374908)
4;2021;7;14;6;3;2;6;0;0;1;0;0;0;0;0;POINT (13.28450337 52.49572161)
1;2021;10;17;6;3;6;4;0;0;1;1;0;0;0;0;POINT (13.37332187 52.50915428)
11;2021;11;18;4;2;2;6;1;0;1;0;0;0;0;1;POINT (13.50697293 52.51061375)
4;2021;9;21;7;3;3;6;2;0;1;0;0;0;0;0;POINT (13.33731675 52.47858399)
3;2021;4;15;2;3;3;6;0;0;1;0;1;0;0;0;POINT (13.46082282 52.55043258)
6;2021;4;14;5;2;3;4;0;1;0;1;0;0;0;0;POINT (13.17396998 52.42041973)
10;2021;7;9;1;3;5;3;0;0;1;0;0;0;0;0;POINT (13.55958596 52.56365442)
1;2021;10;6;6;3;5;3;2;0;1;0;0;0;0;0;POINT (13.36809596 52.50584514)
7;2021;12;7;2;3;3;6;1;0;1;0;1;1;0;0;POINT (13.37100939 52.47094133)
2;2021;5;17;2;3;6;7;0;0;0;1;0;0;1;0;POINT (13.47079728 52.51403618)
1;2021;5;22;1;3;3;7;1;1;0;0;0;0;1;0;POINT (13.42210603 52.52019045)
4;2021;8;14;7;3;3;6;0;0;1;0;0;0;0;0;POINT (13.26689556 52.50903465)
3;2021;9;13;2;2;7;7;0;0;1;0;0;0;1;0;POINT (13.48693494 52.62461856)
3;2021;3;17;1;2;3;2;1;0;1;0;1;0;0;0;POINT (13.41231563 52.54101101)
7;2021;6;9;1;3;6;4;0;0;1;1;0;0;0;0;POINT (13.40631007 52.40490337)
12;2021;9;13;3;3;5;2;0;1;1;0;0;0;0;0;POINT (13.31548831 52.61799731)
1;2021;5;11;1;3;5;3;0;0;1;0;0;0;0;0;POINT (13.36525615 52.55809275)
7;2021;8;22;2;3;2;6;2;0;1;0;0;0;1;0;POINT (13.3821163 52.43931241)
5;2021;7;19;2;3;0;2;0;0;1;0;0;0;1;0;POINT (13.17909154 52.51664897)
3;2021;10;17;4;2;3;5;0;0;1;0;0;0;0;0;POINT (13.4922943 52.62296377)
7;2021;11;6;1;3;2;6;1;0;1;0;0;0;0;1;POINT (13.38590636 52.47660913)
10;2021;5;18;6;3;3;6;0;0;1;0;0;0;0;0;POINT (13.55803233 52.5625531)
7;2021;5;12;5;2;5;3;0;1;1;0;0;0;0;1;POINT (13.38810386 52.43763258)
2;2021;8;7;5;3;1;1;0;1;1;0;0;0;0;0;POINT (13.46749993 52.51451457)
4;2021;7;7;2;3;5;2;0;1;1;0;0;0;0;0;POINT (13.31096437 52.51177621)
2;2021;7;12;3;3;0;1;0;1;0;0;0;0;0;0;POINT (13.45419077 52.51592891)
1;2021;10;15;5;3;5;3;0;0;1;0;0;0;0;0;POINT (13.36549997 52.5579787)
7;2021;11;8;1;3;5;2;0;1;1;0;0;0;0;1;POINT (13.34856685 52.48186492)
3;2021;9;17;5;2;0;2;0;1;1;0;0;0;0;0;POINT (13.42611723 52.53041375)
6;2021;4;15;1;3;5;2;0;0;1;0;0;0;0;0;POINT (13.27138455 52.43843054)
4;2021;4;14;2;2;2;6;0;0;1;0;0;0;0;0;POINT (13.32424518 52.47794933)
7;2021;10;12;5;3;2;6;0;0;1;0;0;0;0;0;POINT (13.3904606 52.4337292)
3;2021;12;14;5;3;2;6;0;0;1;0;0;0;1;0;POINT (13.43220305 52.58390112)
3;2021;7;9;6;3;0;7;0;1;0;0;0;0;0;0;POINT (13.43961985 52.54201952)
7;2021;2;10;3;3;3;6;0;1;0;0;0;0;1;0;POINT (13.38528595 52.46314167)
1;2021;6;13;7;3;0;6;0;1;0;0;0;0;1;0;POINT (13.34014808 52.51375576)
3;2021;4;13;5;3;2;6;0;0;1;0;1;0;0;0;POINT (13.41365474 52.55782837)
2;2021;8;13;3;3;1;5;0;1;1;0;0;0;0;0;POINT (13.44899768 52.50566662)
7;2021;7;14;2;3;2;2;0;0;1;0;0;0;0;0;POINT (13.34856365 52.48186261)
12;2021;10;22;2;3;2;6;2;0;1;0;0;0;0;0;POINT (13.35930883 52.57330942)
3;2021;11;20;7;3;6;4;2;0;1;1;0;0;0;1;POINT (13.40137077 52.58050742)
7;2021;5;20;7;3;5;2;2;1;1;0;0;0;0;1;POINT (13.3619437 52.41361158)
4;2021;1;18;4;3;3;6;2;0;1;0;0;0;0;0;POINT (13.29380086 52.49224237)
4;2021;4;18;7;3;2;6;0;0;1;0;0;0;0;0;POINT (13.28121525 52.49879995)
7;2021;6;10;3;3;5;2;0;0;1;0;1;0;0;0;POINT (13.38436011 52.45273506)
1;2021;12;0;1;3;5;2;2;0;1;0;0;0;1;0;POINT (13.40905623 52.51709999)
9;2021;5;6;2;3;3;6;0;1;0;0;0;0;1;0;POINT (13.46058015 52.4937432)
6;2021;8;23;5;2;5;3;2;0;1;0;0;0;0;1;POINT (13.27136365 52.43842377)
6;2021;9;12;7;3;3;7;0;0;1;0;1;0;0;0;POINT (13.22455228 52.459811)
4;2021;3;8;3;3;2;6;0;0;1;0;0;1;0;0;POINT (13.28476784 52.51554954)
4;2021;6;17;3;3;2;6;0;0;1;0;0;0;0;1;POINT (13.23112791 52.50683694)
4;2021;9;14;6;3;2;6;0;0;1;0;0;0;0;0;POINT (13.29752152 52.48990066)
1;2021;11;17;3;3;0;7;0;1;0;0;0;0;0;0;POINT (13.40679496 52.52113597)
3;2021;8;14;2;2;5;2;0;1;0;0;0;0;1;0;POINT (13.43518945 52.5350279)
2;2021;7;6;5;3;0;7;0;1;0;0;0;0;0;0;POINT (13.47264887 52.51384948)
5;2021;10;16;2;3;8;1;0;0;1;0;0;0;0;0;POINT (13.12489731 52.47831905)
4;2021;12;0;2;2;6;7;2;0;1;1;0;0;0;0;POINT (13.26815157 52.50911157)
7;2021;1;14;5;3;2;6;0;0;1;0;0;0;0;1;POINT (13.35857324 52.47404722)
6;2021;6;13;3;3;2;6;0;0;1;0;0;0;0;0;POINT (13.31433699 52.4530922)
7;2021;5;18;7;3;5;2;0;1;1;0;0;0;0;0;POINT (13.34830826 52.48176423)
1;2021;6;9;4;3;6;2;0;0;1;1;0;0;0;0;POINT (13.36736733 52.55139221)
5;2021;8;13;4;2;3;6;0;0;1;0;1;0;0;0;POINT (13.18041294 52.51637724)
9;2021;7;12;6;3;3;6;0;0;1;0;1;0;0;0;POINT (13.46177768 52.48889537)
3;2021;10;10;6;3;5;2;0;0;1;0;1;0;0;0;POINT (13.43326821 52.53623803)
7;2021;11;7;3;3;2;6;1;0;1;0;0;0;1;1;POINT (13.3621048 52.47416052)
4;2021;9;15;7;3;2;6;0;0;1;0;0;0;0;0;POINT (13.26600349 52.49334934)
3;2021;4;22;4;3;5;3;2;0;1;0;0;0;0;1;POINT (13.43900179 52.54109443)
12;2021;3;8;5;3;2;6;0;0;1;0;0;0;1;1;POINT (13.34483044 52.58167935)
4;2021;10;16;4;3;2;6;0;0;1;0;0;0;0;1;POINT (13.30331784 52.48546557)
7;2021;12;18;7;3;5;2;2;1;1;0;0;0;0;1;POINT (13.3881263 52.43756938)
1;2021;9;18;1;2;5;2;0;1;1;0;0;0;0;0;POINT (13.36525796 52.55808336)
7;2021;2;18;2;3;5;3;2;0;1;0;0;0;0;1;POINT (13.37780424 52.43380024)
2;2021;6;18;3;2;5;3;0;1;1;0;0;0;0;0;POINT (13.37489397 52.50236276)
2;2021;5;18;7;2;6;4;0;1;0;1;0;0;0;0;POINT (13.43603821 52.51754575)
3;2021;8;19;7;2;0;6;0;1;0;0;0;0;0;0;POINT (13.41470803 52.55560285)
7;2021;7;18;4;3;2;6;0;0;1;0;0;0;0;0;POINT (13.35393124 52.47917616)
1;2021;7;11;1;3;0;4;0;0;0;1;0;0;1;0;POINT (13.40425714 52.51962565)
7;2021;10;22;4;3;6;2;2;0;1;1;0;0;0;0;POINT (13.34859472 52.48188504)
3;2021;11;6;5;3;5;2;2;1;1;0;0;0;0;0;POINT (13.44509524 52.54557471)
7;2021;9;15;5;3;2;6;0;0;1;0;0;0;0;1;POINT (13.35569191 52.47774042)
12;2021;4;14;2;3;1;5;0;1;1;0;0;0;0;0;POINT (13.36469252 52.56104147)
12;2021;4;10;6;3;2;6;0;0;1;0;0;0;0;0;POINT (13.359273 52.57332622)
1;2021;7;16;3;3;0;1;0;0;1;0;0;0;0;0;POINT (13.38789245 52.51023574)
4;2021;10;6;2;3;0;6;2;0;1;0;0;0;0;0;POINT (13.28135028 52.52335903)
7;2021;12;18;7;2;1;5;2;0;1;0;0;0;0;1;POINT (13.40207639 52.41262964)
12;2021;8;13;4;3;0;2;0;1;1;1;0;0;0;0;POINT (13.3644164 52.56372719)
1;2021;9;13;2;3;2;6;0;0;1;0;0;0;0;0;POINT (13.34306653 52.51395557)
2;2021;2;15;5;3;3;6;0;0;1;0;0;0;0;0;POINT (13.44794141 52.52632917)
7;2021;6;17;1;3;2;6;0;0;1;0;0;0;1;0;POINT (13.38448218 52.45320409)
3;2021;9;11;7;3;5;3;0;1;1;0;0;0;0;0;POINT (13.42540722 52.52979472)
9;2021;8;13;1;3;0;2;0;1;0;0;0;1;0;0;POINT (13.45783575 52.49174982)
4;2021;7;15;6;3;5;3;0;0;1;0;0;0;1;0;POINT (13.32672526 52.5128492)
10;2021;10;21;2;3;5;2;2;0;1;0;0;0;0;0;POINT (13.56035141 52.56223359)
4;2021;12;11;7;3;2;6;0;0;1;0;0;0;0;1;POINT (13.24164505 52.50749081)
3;2021;5;17;5;3;0;2;0;0;1;0;0;0;1;1;POINT (13.42438826 52.53925468)
6;2021;1;22;4;2;2;6;2;0;1;0;0;0;0;1;POINT (13.19600239 52.42217919)
1;2021;6;17;2;3;5;3;0;1;0;0;0;0;0;0;POINT (13.40473005 52.51986457)
4;2021;12;11;3;3;2;6;0;0;1;0;1;0;0;1;POINT (13.24161538 52.50748898)
7;2021;6;9;3;3;0;6;0;0;1;0;0;0;1;0;POINT (13.38395122 52.45508274)
1;2021;8;21;7;3;5;3;2;0;1;0;0;0;0;0;POINT (13.36861705 52.50624374)
3;2021;9;10;3;3;0;1;0;0;1;0;0;0;0;0;POINT (13.39816281 52.5710709)
10;2021;3;17;6;3;5;2;1;1;1;0;0;0;0;0;POINT (13.55344813 52.50934436)
11;2021;6;0;2;3;0;2;2;1;0;0;0;0;1;0;POINT (13.4941338 52.51182414)
10;2021;9;11;2;3;0;5;0;0;0;0;1;0;1;1;POINT (13.53724885 52.52792806)
12;2021;11;9;1;3;2;6;0;0;1;0;0;0;0;1;POINT (13.34763953 52.5743324)
9;2021;8;8;1;3;3;6;0;0;1;0;0;0;0;0;POINT (13.47625827 52.47937032)
4;2021;10;14;6;3;2;6;0;0;1;0;0;0;0;0;POINT (13.28297733 52.52865704)
9;2021;12;9;1;3;2;6;0;0;1;0;0;1;0;1;POINT (13.46373911 52.45102311)
10;2021;1;10;5;3;2;6;0;0;1;0;0;0;1;0;POINT (13.56014963 52.56199024)
10;2021;6;14;6;3;0;1;0;0;0;0;1;0;0;1;POINT (13.53861696 52.50996248)
3;2021;5;16;3;3;2;6;0;0;1;0;1;0;0;0;POINT (13.38440289 52.6268782)
6;2021;8;9;5;3;2;6;0;0;1;0;0;0;0;0;POINT (13.33493974 52.46500016)
6;2021;1;4;5;3;2;6;2;0;0;0;0;0;1;1;POINT (13.19986157 52.44002289)
1;2021;6;22;6;3;0;1;2;0;0;0;0;0;1;0;POINT (13.40904581 52.51663677)
4;2021;5;11;5;3;2;6;0;0;1;0;0;0;1;1;POINT (13.30085034 52.4872979)
7;2021;6;13;3;3;5;7;0;1;0;0;0;0;1;0;POINT (13.4067866 52.39470471)
3;2021;8;18;6;3;5;2;0;1;1;0;0;0;0;0;POINT (13.41459975 52.55633651)
7;2021;9;7;2;3;3;6;0;0;1;0;0;0;1;0;POINT (13.39478206 52.46724443)
3;2021;3;10;6;3;2;6;0;0;1;0;0;0;0;0;POINT (13.45778945 52.54971304)
7;2021;6;16;3;3;6;4;0;0;0;1;0;0;1;1;POINT (13.34857302 52.48186937)
12;2021;9;11;4;3;5;3;0;0;1;0;0;0;0;0;POINT (13.31643074 52.61404688)
4;2021;11;18;1;3;2;6;2;0;1;0;0;0;0;0;POINT (13.22696238 52.50699081)
3;2021;8;15;2;2;5;7;0;0;1;0;0;0;1;0;POINT (13.39880458 52.57240403)
4;2021;7;13;5;3;2;6;0;0;1;0;0;0;0;0;POINT (13.29889074 52.54580249)
2;2021;10;8;5;3;0;7;0;1;0;0;0;0;0;1;POINT (13.45251064 52.51851523)
7;2021;12;16;1;3;2;6;2;0;1;0;0;0;0;0;POINT (13.39104501 52.4320533)
12;2021;1;11;2;3;2;6;0;0;1;0;0;0;0;1;POINT (13.36046159 52.57101438)
2;2021;6;17;6;3;3;6;0;0;1;0;0;0;0;0;POINT (13.38931269 52.49729386)
9;2021;5;9;1;3;5;3;0;1;1;0;0;0;0;0;POINT (13.4794532 52.48452337)
2;2021;6;19;4;2;3;6;0;1;0;0;0;0;1;0;POINT (13.45658095 52.51562574)
9;2021;8;11;3;3;5;2;0;1;1;0;0;0;0;0;POINT (13.4592055 52.49296398)
11;2021;7;12;2;3;2;6;0;0;1;0;0;0;0;0;POINT (13.50424715 52.51067161)
3;2021;10;11;6;3;6;4;0;1;0;1;0;0;0;0;POINT (13.4282017 52.53221811)
1;2021;11;1;2;2;0;1;2;0;0;0;0;0;1;0;POINT (13.40488154 52.5199411)
4;2021;9;8;1;3;5;2;0;1;1;0;0;0;0;0;POINT (13.31799815 52.51243158)
9;2021;4;11;3;3;6;4;0;0;1;1;0;0;0;0;POINT (13.48679928 52.47205733)
9;2021;3;10;5;3;3;6;0;0;1;0;0;1;0;0;POINT (13.49536144 52.43503462)
10;2021;10;3;7;2;3;6;2;1;1;0;0;0;0;0;POINT (13.55114624 52.50924548)
7;2021;12;8;4;3;4;6;0;0;1;0;0;0;0;0;POINT (13.36193199 52.41374962)
12;2021;9;6;4;3;5;2;1;1;1;0;0;0;0;1;POINT (13.3646427 52.56131114)
5;2021;2;15;2;3;3;6;0;0;1;0;0;1;0;2;POINT (13.19977045 52.51246761)
1;2021;6;9;5;3;4;6;0;1;0;0;0;0;0;0;POINT (13.38018039 52.50975036)
2;2021;5;14;3;3;5;3;0;1;1;0;0;0;0;0;POINT (13.38585196 52.48602693)
4;2021;8;18;1;3;5;2;0;1;1;0;0;0;0;0;POINT (13.31931106 52.51251826)
1;2021;7;18;4;2;0;1;0;1;0;0;0;0;0;1;POINT (13.4042545 52.51310743)
4;2021;10;16;5;3;2;6;0;0;1;0;0;0;1;0;POINT (13.32787176 52.47781328)
2;2021;11;17;3;3;2;3;2;0;1;0;0;0;0;0;POINT (13.45275949 52.51234702)
3;2021;9;15;5;3;5;2;0;1;1;0;0;0;0;1;POINT (13.40250718 52.59217441)
10;2021;4;16;4;2;5;3;0;1;1;0;0;0;0;0;POINT (13.60628349 52.50495339)
6;2021;4;15;2;3;5;2;0;1;1;0;0;0;0;1;POINT (13.15259252 52.41873762)
7;2021;6;6;3;3;1;5;0;0;1;0;1;0;0;0;POINT (13.40611695 52.40585892)
4;2021;11;17;4;3;2;6;2;0;1;0;0;0;0;1;POINT (13.31652971 52.47882739)
4;2021;5;11;1;3;3;6;0;0;1;0;0;1;0;0;POINT (13.28329378 52.52911368)
10;2021;8;10;7;3;2;6;0;0;1;0;0;0;0;0;POINT (13.59128738 52.50508499)
3;2021;9;14;3;3;3;6;0;0;0;0;1;0;1;0;POINT (13.40331111 52.56937667)
7;2021;2;10;7;3;5;7;0;0;1;0;0;0;0;0;POINT (13.40823972 52.38843483)
10;2021;6;13;4;3;2;6;0;0;1;0;0;0;0;0;POINT (13.59900059 52.50501696)
4;2021;9;13;5;2;3;6;0;0;1;0;1;0;0;0;POINT (13.28160831 52.50523245)
3;2021;10;19;7;3;0;6;2;0;1;0;1;0;0;0;POINT (13.43358734 52.53609203)
3;2021;8;18;6;3;5;2;0;1;1;0;0;0;0;0;POINT (13.4186307 52.53996076)
4;2021;7;15;2;3;2;6;0;0;1;0;0;0;0;0;POINT (13.25762484 52.50847879)
7;2021;10;14;1;2;1;5;0;1;0;0;0;0;1;0;POINT (13.35177042 52.48406667)
2;2021;12;10;3;3;0;7;0;1;0;0;0;0;0;0;POINT (13.46541998 52.51457719)
7;2021;5;8;6;3;6;4;0;0;1;1;0;0;0;0;POINT (13.385635 52.44598692)
8;2021;1;17;1;3;3;6;2;0;1;0;0;0;0;1;POINT (13.44254228 52.46301784)
7;2021;6;12;6;3;2;6;0;0;1;0;0;0;0;1;POINT (13.35906515 52.48926167)
12;2021;5;18;5;3;3;6;0;1;1;0;0;0;0;1;POINT (13.33257128 52.59762041)
4;2021;6;17;4;3;5;2;0;0;1;0;1;0;0;0;POINT (13.29730464 52.51088422)
7;2021;8;19;5;3;1;1;0;0;1;0;0;0;0;0;POINT (13.36393564 52.41422752)
2;2021;9;16;1;3;0;7;0;1;0;0;0;0;0;0;POINT (13.45096667 52.52189925)
2;2021;3;9;5;3;3;6;0;0;1;0;0;1;0;0;POINT (13.38704204 52.49191876)
2;2021;6;18;3;3;2;6;0;0;1;0;0;0;0;1;POINT (13.45388297 52.5168064)
4;2021;9;15;1;3;2;6;0;0;1;0;0;0;0;0;POINT (13.32706268 52.4778169)
3;2021;11;14;4;3;1;5;0;0;1;0;0;0;1;0;POINT (13.40384409 52.56889757)
2;2021;9;12;3;3;5;2;0;1;1;0;0;0;0;0;POINT (13.38924901 52.4975501)
7;2021;4;20;1;3;5;2;1;1;1;0;0;0;0;0;POINT (13.37830805 52.43484948)
12;2021;10;16;2;3;2;6;0;0;1;0;0;0;1;0;POINT (13.32403838 52.60765938)
4;2021;12;18;5;3;2;7;2;0;1;0;0;0;1;1;POINT (13.31131251 52.51199106)
9;2021;2;22;2;1;8;1;2;0;1;0;0;0;0;1;POINT (13.46802652 52.48469146)
3;2021;6;20;2;3;2;2;0;0;1;0;1;0;0;0;POINT (13.41618436 52.5403421)
10;2021;5;12;5;3;2;6;0;0;1;0;0;0;0;0;POINT (13.59888545 52.50487782)
12;2021;8;17;3;3;5;3;0;1;1;0;0;0;0;0;POINT (13.30176325 52.64297452)
5;2021;7;9;6;2;5;3;0;0;1;0;0;0;0;0;POINT (13.191045 52.51423682)
3;2021;10;16;5;3;5;7;0;1;1;0;0;0;0;0;POINT (13.42900767 52.57343634)
9;2021;11;21;4;3;6;7;2;0;1;1;0;0;0;1;POINT (13.4784038 52.48400585)
12;2021;9;15;4;3;2;6;0;0;1;0;0;0;0;0;POINT (13.33263831 52.59755348)
7;2021;4;17;4;3;3;6;0;0;1;0;0;0;0;0;POINT (13.38516513 52.44850798)
12;2021;3;13;2;3;3;6;0;0;1;0;1;0;0;0;POINT (13.32495108 52.60663763)
1;2021;10;22;1;2;3;6;2;1;1;0;0;0;0;0;POINT (13.40800511 52.51577057)
7;2021;12;10;3;3;3;6;0;0;1;0;0;0;1;1;POINT (13.38888826 52.43646749)
7;2021;5;15;1;3;6;4;0;0;1;1;0;0;0;0;POINT (13.38578959 52.47091091)
5;2021;9;15;4;1;5;2;0;0;1;0;1;0;0;0;POINT (13.15838734 52.50202459)
2;2021;2;11;4;3;2;6;0;0;1;0;1;0;0;1;POINT (13.46525795 52.5145927)
7;2021;6;9;7;3;5;2;0;1;0;0;1;0;0;0;POINT (13.38590022 52.47620466)
4;2021;5;11;4;3;2;3;0;0;1;0;0;1;0;0;POINT (13.29072357 52.49375598)
7;2021;8;15;6;3;2;6;0;0;1;0;1;0;0;0;POINT (13.39558814 52.42408883)
11;2021;7;16;4;3;5;2;0;0;1;0;1;0;0;1;POINT (13.49420979 52.51165172)
12;2021;10;15;4;3;5;2;0;0;1;0;1;0;0;0;POINT (13.31254366 52.62354013)
4;2021;11;17;4;3;2;6;1;0;1;0;0;1;0;0;POINT (13.29487141 52.49145759)
2;2021;1;6;7;3;8;1;2;1;0;0;0;0;0;0;POINT (13.44731622 52.50329643)
4;2021;4;13;6;3;2;6;0;0;1;0;0;0;0;0;POINT (13.22732089 52.5069189)
4;2021;6;13;7;3;5;5;0;1;1;0;0;0;0;0;POINT (13.28164774 52.50991619)
4;2021;7;20;6;3;3;6;1;0;1;0;0;1;0;0;POINT (13.28267066 52.52854017)
7;2021;10;7;2;2;2;6;1;0;1;0;0;0;0;1;POINT (13.35764538 52.47401282)
3;2021;11;9;5;3;2;6;0;0;1;0;0;0;0;0;POINT (13.43271208 52.5361755)
7;2021;9;16;5;3;2;7;0;0;1;0;0;0;0;0;POINT (13.38810149 52.43763926)
1;2021;4;20;4;3;5;2;1;1;1;0;0;0;0;1;POINT (13.40855283 52.51622723)
7;2021;3;14;4;3;2;6;0;0;1;0;0;0;0;1;POINT (13.37073656 52.47085474)
7;2021;10;18;2;3;0;5;2;0;1;0;0;0;0;1;POINT (13.34990636 52.48272336)
1;2021;12;16;7;3;5;3;1;0;1;0;0;0;0;1;POINT (13.37201659 52.5051321)
4;2021;9;14;2;3;0;1;0;0;1;0;0;0;0;0;POINT (13.28948738 52.53331565)
7;2021;2;12;1;3;4;1;0;0;1;0;0;0;1;2;POINT (13.37099303 52.42278671)
4;2021;6;16;4;3;2;6;0;0;1;0;0;0;1;0;POINT (13.2906186 52.53309673)