bez;ujahr;umonat;ustunde;uwochentag;ukategorie;uart;utyp1;ulichtverh;istrad;istpkw;istfuss;istkrad;istgkfz;istsonstige;ustrzustand;geometry
1;2021;5;18;3;3;0;2;0;1;1;0;0;0;0;0;POINT (13.41994934 52.52495889)
7;2021;8;17;3;3;5;3;0;0;1;0;1;0;0;0;POINT (13.36203519 52.41374229)
1;2021;7;13;4;3;5;3;0;1;0;0;0;0;1;0;POINT (13.41239386 52.51908037)
2;2021;10;19;4;3;5;3;2;0;1;0;1;0;0;0;POINT (13.42831257 52.518929)
12;2021;11;16;7;3;5;7;2;0;1;0;0;0;0;0;POINT (13.35903137 52.57340237)
3;2021;4;14;4;3;1;5;0;0;1;0;0;0;0;1;POINT (13.41393292 52.55167622)
2;2021;3;10;3;3;5;3;0;0;1;0;0;1;0;0;POINT (13.44780241 52.50245183)
4;2021;6;15;3;3;6;4;0;0;1;1;0;0;0;0;POINT (13.29718326 52.51106526)
7;2021;11;16;5;3;5;2;1;0;1;0;0;0;1;1;POINT (13.39110656 52.43194311)
6;2021;5;14;3;2;2;6;0;0;0;0;1;1;0;0;POINT (13.27055314 52.43793943)
1;2021;8;6;7;3;5;2;0;0;1;0;0;0;0;0;POINT (13.40901544 52.51706461)
3;2021;9;15;3;3;5;3;0;0;1;0;0;0;0;0;POINT (13.40279116 52.59317197)
12;2021;2;14;4;3;2;6;0;0;1;0;0;0;0;0;POINT (13.31534281 52.61298209)
9;2021;6;16;6;3;2;6;0;0;1;0;0;0;0;0;POINT (13.51553888 52.4527076)
7;2021;9;5;7;2;1;6;2;0;1;0;0;0;0;0;POINT (13.38578094 52.48086841)
2;2021;11;0;6;3;6;4;2;0;0;1;0;0;1;1;POINT (13.44862415 52.50506882)
7;2021;8;18;2;3;2;6;0;0;1;0;0;0;0;0;POINT (13.38681357 52.4413304)
12;2021;7;19;1;3;3;6;0;0;1;0;0;0;0;0;POINT (13.33287849 52.59643436)
1;2021;10;15;5;3;5;2;0;0;1;0;0;0;0;1;POINT (13.37057247 52.53997479)
2;2021;11;17;2;3;5;2;2;1;1;0;0;0;0;1;POINT (13.46005519 52.51511844)
3;2021;5;19;1;3;5;3;0;1;1;0;0;0;0;0;POINT (13.43266909 52.53618964)
7;2021;1;15;2;3;2;2;1;0;1;0;0;0;0;1;POINT (13.35506211 52.47818526)
3;2021;6;23;7;3;5;2;2;0;1;0;1;0;0;0;POINT (13.41238118 52.54099572)
3;2021;5;16;5;2;2;6;0;0;0;0;1;0;1;1;POINT (13.43081005 52.53680286)
10;2021;6;16;4;3;2;6;0;0;1;0;1;0;0;0;POINT (13.57545546 52.50518842)
3;2021;8;18;7;2;5;3;0;0;1;0;0;0;0;0;POINT (13.39899157 52.57344078)
7;2021;9;14;5;3;2;3;0;1;1;0;0;0;0;1;POINT (13.38860118 52.43638784)
9;2021;3;13;5;2;2;2;0;0;1;0;0;1;0;0;POINT (13.4980823 52.46452364)
2;2021;7;20;2;3;0;1;0;1;0;0;0;0;0;0;POINT (13.45419186 52.51592553)
9;2021;9;0;3;3;5;2;2;1;0;0;0;0;1;0;POINT (13.45790523 52.49177837)
7;2021;11;9;4;3;2;2;0;0;1;0;0;0;1;0;POINT (13.37645733 52.43094156)
3;2021;8;16;1;3;2;6;0;0;1;0;0;0;1;1;POINT (13.41380945 52.54076003)
5;2021;4;12;1;3;5;3;0;1;1;0;0;0;0;0;POINT (13.12628297 52.478571)
7;2021;3;10;6;3;3;6;0;0;1;0;0;0;0;1;POINT (13.41416709 52.38151593)
1;2021;10;4;7;3;0;7;2;1;0;0;0;0;1;0;POINT (13.34294534 52.51408331)
7;2021;12;21;2;3;3;6;2;1;1;0;0;0;0;1;POINT (13.36173144 52.49710691)
1;2021;9;20;5;3;2;2;2;0;1;0;0;0;0;0;POINT (13.36485473 52.50211651)
8;2021;2;12;3;3;0;7;0;0;0;0;0;0;1;1;POINT (13.45061969 52.46366187)
2;2021;6;9;4;3;0;1;0;1;0;0;0;0;0;0;POINT (13.42864886 52.51816057)
2;2021;5;12;4;1;3;5;0;1;0;0;0;1;1;0;POINT (13.46606641 52.51465848)
7;2021;8;6;3;3;1;5;0;0;1;0;0;0;1;0;POINT (13.39081485 52.43246494)
1;2021;7;17;5;2;6;4;0;0;1;1;0;0;0;0;POINT (13.34305996 52.51395511)
3;2021;7;12;5;3;0;1;0;1;0;0;0;0;0;0;POINT (13.42345838 52.52812226)
7;2021;10;19;2;3;3;6;2;0;1;0;0;0;1;1;POINT (13.38638916 52.44305573)
3;2021;11;20;2;3;3;6;2;0;1;0;0;0;0;1;POINT (13.44789755 52.54706378)
6;2021;9;18;4;2;8;1;0;0;1;0;0;0;0;0;POINT (13.21306931 52.42715711)
4;2021;4;15;6;3;5;2;0;1;0;0;0;0;0;0;POINT (13.24984365 52.50799966)
3;2021;4;15;5;2;5;2;0;0;1;0;0;0;0;0;POINT (13.44489539 52.54548341)
7;2021;10;20;2;3;2;6;2;0;1;0;0;0;0;0;POINT (13.38599291 52.48049173)
4;2021;12;7;5;3;3;6;2;0;1;0;0;0;0;1;POINT (13.28215135 52.49783108)
4;2021;8;13;1;2;0;1;0;0;0;0;1;0;0;0;POINT (13.28272412 52.52823738)
7;2021;2;9;3;3;2;6;0;0;1;0;0;0;0;0;POINT (13.34838482 52.48173303)
1;2021;6;13;2;3;2;7;0;0;1;0;1;0;0;0;POINT (13.4067335 52.51470582)
1;2021;5;9;2;3;2;6;0;0;1;0;0;0;0;0;POINT (13.40153138 52.5114355)
4;2021;8;13;1;3;6;7;0;1;0;1;0;0;0;0;POINT (13.31209963 52.5120425)
2;2021;7;6;3;3;3;6;0;0;1;0;0;0;0;0;POINT (13.38062451 52.49923671)
3;2021;10;17;4;3;3;6;0;1;0;0;0;0;0;0;POINT (13.42533456 52.53896051)
4;2021;11;17;4;3;3;6;2;0;1;0;0;1;0;1;POINT (13.28087877 52.49954267)
4;2021;5;15;7;3;2;6;0;0;1;0;0;0;0;1;POINT (13.25002692 52.50801096)
2;2021;1;12;3;3;3;6;0;0;1;0;0;1;0;0;POINT (13.38846794 52.4938736)
7;2021;4;1;7;3;5;2;2;0;1;0;0;0;0;1;POINT (13.38761144 52.4389981)
10;2021;6;17;3;3;5;2;0;1;1;0;0;0;0;0;POINT (13.62072288 52.50419424)
12;2021;5;11;2;3;2;6;0;0;1;0;0;0;0;0;POINT (13.36482456 52.56155023)
8;2021;8;14;5;3;2;6;0;0;1;0;0;0;0;0;POINT (13.45576256 52.46176499)
7;2021;9;16;5;3;0;1;0;0;1;0;0;0;0;1;POINT (13.38348592 52.46962055)
7;2021;3;12;3;2;6;7;0;0;0;1;0;0;1;0;POINT (13.38590447 52.44539838)
3;2021;7;20;5;2;0;2;0;1;1;0;0;0;0;0;POINT (13.41429792 52.55582286)
3;2021;9;14;3;3;3;6;0;0;1;0;0;1;0;0;POINT (13.4908827 52.62318045)
6;2021;11;8;1;3;5;3;0;0;1;0;0;0;0;0;POINT (13.20231835 52.42307542)
1;2021;8;1;7;3;2;6;2;1;1;0;0;0;0;0;POINT (13.41859718 52.52375814)
1;2021;7;14;6;3;5;2;0;1;1;0;0;0;0;0;POINT (13.3647686 52.50201693)
2;2021;10;19;3;3;5;2;2;1;1;0;0;0;0;0;POINT (13.38039635 52.49926826)
7;2021;12;8;5;3;0;1;1;0;0;0;1;0;0;1;POINT (13.33863494 52.4785543)
7;2021;1;11;2;3;5;2;0;0;1;0;0;0;0;0;POINT (13.40690173 52.39264089)
7;2021;6;16;5;3;2;6;0;0;1;0;0;1;0;0;POINT (13.36497445 52.47302675)
1;2021;5;10;2;3;5;3;0;0;1;0;0;0;1;0;POINT (13.37210078 52.50510688)
12;2021;6;12;5;3;2;6;0;0;1;0;0;0;0;0;POINT (13.34147364 52.5860729)
4;2021;8;14;3;3;2;6;0;0;1;0;0;0;0;0;POINT (13.3006028 52.48748071)
9;2021;7;6;1;2;2;2;0;1;0;0;0;1;0;0;POINT (13.45778571 52.49163438)
1;2021;10;12;5;1;5;2;0;1;0;0;0;1;0;0;POINT (13.36995823 52.5419561)
4;2021;11;7;4;3;3;6;0;0;1;0;0;1;0;0;POINT (13.28499402 52.51061356)
10;2021;12;17;3;2;6;4;2;0;1;1;0;0;0;1;POINT (13.53689003 52.53197917)
12;2021;5;15;7;3;5;3;0;0;1;0;0;0;0;0;POINT (13.34765205 52.5744516)
3;2021;8;16;2;3;5;2;0;1;1;0;0;0;0;0;POINT (13.43970075 52.54169143)
3;2021;9;10;4;3;4;6;0;1;0;0;0;0;1;0;POINT (13.41249553 52.5449713)
1;2021;2;6;2;3;5;2;0;1;0;0;0;0;1;0;POINT (13.41677418 52.52209133)
6;2021;6;17;7;2;1;5;0;0;1;0;1;0;0;0;POINT (13.10182059 52.4138131)
3;2021;9;19;3;3;5;2;2;1;1;0;0;0;0;0;POINT (13.43307235 52.53604088)
2;2021;11;9;2;3;2;2;0;0;1;0;0;0;0;1;POINT (13.45419019 52.51559552)
6;2021;8;16;3;3;4;6;0;0;1;0;0;0;1;0;POINT (13.30888289 52.45118132)
7;2021;7;22;2;3;5;3;2;0;1;0;0;0;0;0;POINT (13.38551458 52.47010245)
1;2021;10;8;6;3;2;6;0;0;1;0;0;0;1;1;POINT (13.41608736 52.52213158)
3;2021;12;16;1;3;5;2;2;1;1;0;0;0;0;0;POINT (13.42399761 52.52824209)
7;2021;5;11;1;3;5;2;0;1;0;0;0;0;1;0;POINT (13.37588873 52.4297301)
4;2021;1;11;4;3;5;3;0;0;1;0;0;0;0;0;POINT (13.29058684 52.4938056)
7;2021;6;6;4;3;2;6;0;0;1;0;0;0;0;0;POINT (13.39538029 52.46714396)
4;2021;5;20;1;3;3;6;2;0;1;0;0;1;0;1;POINT (13.27362675 52.49954795)
12;2021;8;15;5;3;3;6;0;0;1;0;0;0;0;0;POINT (13.30201808 52.54967053)
11;2021;9;5;3;2;3;6;2;0;1;0;1;0;0;0;POINT (13.48790172 52.51245096)
3;2021;3;16;2;3;5;2;0;0;0;0;1;0;1;0;POINT (13.4295279 52.53295488)
12;2021;7;15;5;3;2;1;0;0;1;0;0;0;0;1;POINT (13.32374253 52.60789923)
4;2021;9;10;2;3;0;1;0;0;0;0;1;0;0;1;POINT (13.29040958 52.510466)
9;2021;11;17;3;3;4;6;2;1;0;0;0;0;0;0;POINT (13.50208552 52.46188089)
4;2021;8;16;5;3;2;6;0;0;1;0;0;0;0;0;POINT (13.28116817 52.49886081)
10;2021;4;12;3;3;2;6;0;0;1;0;0;0;0;0;POINT (13.5506928 52.5094333)
6;2021;3;14;3;3;3;6;0;0;1;0;0;0;1;0;POINT (13.19905864 52.43938145)
3;2021;10;18;3;3;5;2;2;1;0;0;0;0;1;0;POINT (13.4333657 52.53619821)
1;2021;12;20;6;3;2;2;2;0;1;0;0;0;0;0;POINT (13.36979314 52.51582761)
7;2021;9;21;5;3;0;6;2;0;1;0;0;0;1;0;POINT (13.38561985 52.44606572)
7;2021;2;9;3;3;2;6;0;0;1;0;0;0;0;1;POINT (13.38737777 52.46989725)
6;2021;6;8;4;3;5;2;0;0;1;0;0;1;0;0;POINT (13.26941275 52.43762649)
2;2021;5;17;7;3;2;6;0;0;1;0;0;0;0;1;POINT (13.44830319 52.51630742)
11;2021;5;15;5;3;5;3;0;1;1;0;0;0;0;1;POINT (13.48409826 52.51270284)
4;2021;8;7;5;3;2;6;0;1;0;0;0;0;0;0;POINT (13.26128174 52.50868732)
12;2021;7;15;2;3;1;5;0;0;1;0;0;0;0;0;POINT (13.3638869 52.5648213)
3;2021;7;17;6;3;0;1;0;1;0;0;0;0;0;0;POINT (13.41464372 52.55603072)
7;2021;10;7;1;3;6;4;0;0;1;1;0;0;0;0;POINT (13.41676802 52.37781775)
7;2021;11;19;1;3;0;6;2;0;1;0;0;0;1;0;POINT (13.3854368 52.46387574)
11;2021;9;16;5;3;5;2;0;0;1;0;1;0;0;0;POINT (13.47704369 52.5134077)
3;2021;4;11;1;3;2;2;0;0;1;0;0;0;0;0;POINT (13.42421394 52.53929287)
4;2021;3;11;2;3;5;3;0;1;1;0;0;0;0;0;POINT (13.30750651 52.51174515)
4;2021;7;14;4;3;6;7;0;0;1;0;0;0;1;0;POINT (13.2972564 52.48991496)
6;2021;10;14;6;3;6;7;0;1;0;1;0;0;0;0;POINT (13.14366982 52.41783854)
6;2021;12;19;6;3;0;6;2;0;1;0;1;0;0;2;POINT (13.30298862 52.44922442)
1;2021;8;19;3;3;2;6;0;1;1;0;0;0;0;0;POINT (13.41236702 52.51906316)
1;2021;3;15;2;3;5;3;0;1;0;0;1;0;0;0;POINT (13.36528315 52.5579551)
9;2021;6;16;1;3;4;6;0;1;0;0;0;0;0;0;POINT (13.46200846 52.49516525)
7;2021;9;14;4;3;5;3;0;0;1;0;0;0;0;0;POINT (13.40629986 52.39756716)
10;2021;5;16;2;3;5;3;0;1;1;0;0;0;0;0;POINT (13.60627606 52.50495344)
1;2021;8;16;2;3;1;5;0;0;1;0;1;0;0;0;POINT (13.41716039 52.52296623)
2;2021;7;9;2;3;2;3;0;1;0;0;0;0;0;0;POINT (13.42764091 52.51891399)
7;2021;10;14;3;3;5;2;0;1;1;0;0;0;0;0;POINT (13.3845895 52.45261618)
7;2021;11;8;1;3;5;2;0;1;1;0;0;0;0;1;POINT (13.38578456 52.48102936)
2;2021;5;14;6;3;0;1;0;0;1;0;1;0;0;0;POINT (13.44927101 52.52371401)
4;2021;1;14;2;3;2;6;0;0;1;0;0;0;1;0;POINT (13.28422365 52.50944497)
12;2021;4;17;7;3;3;6;0;0;1;0;0;1;0;0;POINT (13.30537096 52.57229285)
7;2021;6;11;3;3;2;6;0;0;1;0;0;0;1;0;POINT (13.35873943 52.40840138)
2;2021;5;15;4;3;5;3;0;0;1;0;0;0;0;1;POINT (13.45423284 52.51577096)
2;2021;8;17;5;2;5;2;0;1;0;0;0;0;1;1;POINT (13.46009558 52.51511441)
1;2021;9;19;2;3;2;6;1;0;1;0;0;0;0;0;POINT (13.41678806 52.5221037)
4;2021;3;18;2;3;6;4;2;1;0;1;0;0;0;0;POINT (13.30531876 52.51159989)
6;2021;6;2;7;3;1;5;2;0;1;0;0;0;1;0;POINT (13.21333065 52.42700483)
10;2021;9;13;1;3;0;1;0;1;0;0;0;0;0;0;POINT (13.60981503 52.50479562)
9;2021;11;14;3;3;6;4;0;0;0;1;1;0;0;0;POINT (13.46078691 52.49390335)
1;2021;8;7;2;3;0;2;0;1;0;0;0;0;1;1;POINT (13.41984516 52.52540686)
2;2021;7;13;6;2;5;2;0;0;1;0;0;0;0;0;POINT (13.45423481 52.51569931)
12;2021;10;8;2;3;5;3;0;1;1;0;0;0;0;1;POINT (13.30178657 52.64295191)
2;2021;12;21;3;2;6;2;2;0;1;1;0;0;0;0;POINT (13.46735914 52.51452867)
10;2021;1;4;2;3;5;3;2;0;1;0;0;0;1;2;POINT (13.55830687 52.56291161)
3;2021;6;1;7;3;0;1;2;0;0;0;0;0;1;0;POINT (13.4386214 52.54077026)
7;2021;5;10;3;3;2;6;0;0;1;0;0;0;0;0;POINT (13.34934188 52.47520154)
4;2021;8;16;6;3;0;7;0;0;1;0;0;0;1;0;POINT (13.24435547 52.47550757)
4;2021;7;15;6;3;6;4;0;1;0;1;0;0;0;0;POINT (13.297513 52.51089788)
12;2021;10;7;6;3;9;1;0;0;1;0;0;0;0;0;POINT (13.33233188 52.59853235)
7;2021;11;16;4;3;6;4;0;0;1;1;0;0;0;1;POINT (13.38501819 52.45024897)
5;2021;9;15;6;3;2;6;0;0;1;0;0;0;0;0;POINT (13.18174917 52.51610233)
1;2021;4;13;4;3;5;7;0;0;0;0;1;0;0;0;POINT (13.40465139 52.51317304)
7;2021;3;14;3;3;2;7;0;0;1;0;0;0;0;0;POINT (13.37107945 52.47078981)
3;2021;10;10;5;3;0;6;0;0;1;0;0;0;1;0;POINT (13.42891996 52.54869279)
6;2021;12;17;7;3;5;2;2;1;1;0;0;0;0;1;POINT (13.15509963 52.41900278)
10;2021;9;7;2;3;2;6;0;0;1;0;0;0;1;0;POINT (13.55135659 52.50939248)
11;2021;2;14;6;3;2;6;0;0;1;0;0;0;0;2;POINT (13.48496596 52.51274845)
3;2021;6;17;5;3;2;6;0;0;1;0;0;0;0;0;POINT (13.43512908 52.58658314)
4;2021;5;18;1;2;2;6;0;0;1;0;0;0;0;0;POINT (13.28558502 52.49468594)
6;2021;8;15;6;2;4;6;0;0;1;0;0;0;0;0;POINT (13.09743214 52.41333744)
2;2021;7;17;2;2;8;1;0;1;0;0;0;0;0;0;POINT (13.45419302 52.51592195)
10;2021;7;8;1;3;0;6;0;1;1;0;0;0;0;0;POINT (13.54094269 52.5420696)
3;2021;10;14;2;3;2;6;0;0;1;0;0;0;1;1;POINT (13.43015188 52.58249872)
1;2021;11;15;3;2;6;2;0;0;0;1;0;1;0;0;POINT (13.36800827 52.50571215)
4;2021;9;16;1;3;2;6;0;0;1;0;0;0;0;0;POINT (13.26709419 52.49421147)
2;2021;4;9;2;3;5;2;0;0;1;0;0;0;1;0;POINT (13.47090462 52.5141723)
3;2021;4;20;6;2;5;2;2;0;1;0;0;0;0;0;POINT (13.44463587 52.54535949)
9;2021;7;15;1;3;2;6;0;0;1;0;1;0;0;0;POINT (13.46062598 52.49377817)
1;2021;10;19;2;3;5;2;2;1;1;0;0;0;0;0;POINT (13.38643488 52.51014752)
7;2021;12;17;2;3;5;7;2;0;1;0;0;0;1;0;POINT (13.38880606 52.43602515)
9;2021;8;19;4;2;0;6;0;0;1;0;0;0;0;0;POINT (13.51727452 52.42781936)
4;2021;9;19;3;2;5;7;1;0;1;0;1;0;0;0;POINT (13.30482131 52.51156637)
1;2021;8;1;1;3;5;3;2;0;1;0;0;0;1;1;POINT (13.36807116 52.5058056)
4;2021;4;17;2;3;2;6;0;0;1;0;0;0;0;0;POINT (13.32682689 52.47781795)
1;2021;3;16;3;2;2;2;0;1;1;0;0;0;0;0;POINT (13.41638443 52.5220044)
3;2021;10;7;3;3;5;2;1;1;1;0;0;0;0;1;POINT (13.43333697 52.53621198)
7;2021;12;18;3;3;5;7;2;1;1;0;0;0;0;0;POINT (13.3998665 52.41653768)
12;2021;9;11;4;3;2;2;0;1;1;0;0;0;0;0;POINT (13.36441284 52.56374593)
9;2021;2;10;1;3;2;6;0;0;1;0;0;0;0;1;POINT (13.47946399 52.48451132)
1;2021;6;23;2;2;5;3;2;0;1;0;0;0;0;0;POINT (13.36549774 52.55798965)
3;2021;5;17;2;3;2;6;0;0;1;0;0;0;0;1;POINT (13.39825764 52.57795758)
11;2021;5;16;5;3;2;6;0;0;1;0;1;0;0;1;POINT (13.49359909 52.51170268)
2;2021;8;13;2;2;5;2;0;1;0;0;0;1;0;0;POINT (13.38926464 52.49748722)
3;2021;7;19;7;3;3;6;1;0;1;0;1;0;0;1;POINT (13.42459511 52.54007139)
8;2021;7;17;6;2;3;6;0;0;1;0;1;0;0;0;POINT (13.4499626 52.46358216)
7;2021;10;15;5;3;6;7;0;0;0;1;0;1;0;0;POINT (13.38578959 52.47091105)
3;2021;11;7;4;3;6;4;0;0;0;1;0;0;1;0;POINT (13.40344257 52.56939465)
9;2021;9;12;5;3;3;6;0;0;1;0;0;1;0;0;POINT (13.4615116 52.45402889)
7;2021;4;18;3;2;3;6;0;0;1;0;0;0;0;0;POINT (13.35790957 52.40735224)
12;2021;3;5;1;3;5;2;2;1;1;0;0;0;0;0;POINT (13.36375388 52.56507286)
4;2021;7;9;5;3;5;2;0;1;1;0;0;0;0;0;POINT (13.31461473 52.51201553)
1;2021;10;19;4;3;0;2;0;1;1;0;0;0;0;0;POINT (13.36748994 52.53130006)
9;2021;12;9;3;2;8;1;0;0;0;0;0;1;0;0;POINT (13.51724609 52.42792832)
1;2021;8;14;3;3;4;6;0;1;0;0;0;0;1;0;POINT (13.37844483 52.50963289)
4;2021;9;20;4;3;5;3;2;0;1;0;0;0;1;0;POINT (13.29733671 52.51088638)
3;2021;2;23;5;3;1;5;2;1;1;0;0;0;0;0;POINT (13.42576078 52.52974645)
1;2021;6;16;2;3;3;7;0;1;1;0;0;0;0;0;POINT (13.41289934 52.51967456)
10;2021;9;16;4;3;5;3;0;1;1;0;0;0;0;0;POINT (13.53967385 52.51002362)
9;2021;8;14;5;3;2;7;0;0;1;0;0;0;0;0;POINT (13.49208411 52.46871875)
12;2021;7;17;3;3;5;2;0;1;0;0;0;0;1;0;POINT (13.34678763 52.57914807)
1;2021;10;10;6;3;2;6;0;0;1;0;0;1;0;0;POINT (13.40518136 52.52032375)
2;2021;11;23;2;3;6;4;2;1;0;1;0;0;0;0;POINT (13.44870076 52.50519356)
1;2021;5;6;1;3;5;3;0;0;1;0;1;0;0;1;POINT (13.36525426 52.55810256)
12;2021;1;19;5;3;5;3;2;0;1;0;1;0;0;1;POINT (13.33943047 52.58872396)
6;2021;6;10;7;3;2;6;0;0;1;0;0;0;0;0;POINT (13.22556247 52.46061029)
2;2021;12;20;7;3;5;2;2;0;1;0;0;0;0;2;POINT (13.46017461 52.51525051)
2;2021;8;10;5;3;2;6;0;0;1;0;0;0;0;0;POINT (13.37703297 52.50180879)
2;2021;9;18;2;3;3;6;0;1;0;0;0;0;1;0;POINT (13.46186659 52.51493809)
7;2021;3;7;4;3;0;7;0;0;1;0;0;0;0;0;POINT (13.40664841 52.4620104)
1;2021;6;19;7;3;5;2;0;1;1;0;0;0;0;0;POINT (13.36743985 52.55154931)
10;2021;9;16;4;3;0;2;0;1;0;0;0;0;1;0;POINT (13.61342046 52.50489449)
7;2021;11;8;1;3;5;3;0;0;1;0;1;0;0;0;POINT (13.39394585 52.42698259)
1;2021;8;21;7;2;5;3;2;0;1;0;0;0;0;1;POINT (13.36671813 52.53208332)
1;2021;7;10;4;3;5;2;0;1;1;0;0;0;0;0;POINT (13.36803323 52.50574924)
4;2021;10;9;2;3;6;7;0;1;0;1;0;0;0;1;POINT (13.32318352 52.51255082)
7;2021;12;11;5;3;2;1;0;0;1;0;0;0;0;1;POINT (13.35596193 52.47351786)
3;2021;1;16;4;2;0;7;1;1;0;0;0;0;0;1;POINT (13.40309669 52.59478823)
9;2021;6;14;1;3;5;3;0;1;1;0;0;0;0;0;POINT (13.46348555 52.48774795)
7;2021;5;12;2;3;5;3;0;0;1;0;0;0;0;0;POINT (13.35663987 52.47366254)
2;2021;8;17;3;3;3;6;0;1;0;0;1;0;0;0;POINT (13.45702176 52.51542343)
12;2021;7;8;3;3;5;2;0;1;0;0;0;0;1;1;POINT (13.32391544 52.60776805)
4;2021;10;15;1;3;5;2;0;0;1;0;0;0;0;0;POINT (13.29735383 52.51088753)
3;2021;11;7;1;2;0;1;0;1;0;0;0;0;0;1;POINT (13.41346392 52.54908973)
12;2021;9;17;3;3;5;2;0;1;1;0;0;0;0;0;POINT (13.36441303 52.56374493)
1;2021;4;9;1;3;3;6;0;1;0;0;0;0;1;1;POINT (13.41970598 52.52475044)
3;2021;3;17;2;3;2;6;1;0;1;0;0;0;0;0;POINT (13.41196655 52.54104049)
1;2021;10;14;4;3;5;2;0;0;1;0;0;0;1;0;POINT (13.36971904 52.51582368)
10;2021;12;18;4;3;9;1;2;0;1;0;0;0;0;2;POINT (13.53779005 52.52597584)
1;2021;9;11;6;3;5;2;0;1;0;0;0;0;1;0;POINT (13.40483908 52.52015145)
10;2021;2;17;4;3;1;5;2;0;1;0;0;0;0;0;POINT (13.56269645 52.50822028)
2;2021;6;3;6;3;0;1;2;0;0;0;0;0;1;0;POINT (13.45213803 52.51093307)
10;2021;5;17;3;3;5;3;0;1;1;0;0;0;0;0;POINT (13.61662401 52.50474033)
4;2021;8;12;1;3;5;2;0;1;1;0;0;0;0;0;POINT (13.30748639 52.51174414)
7;2021;7;12;1;3;2;6;0;0;1;0;0;0;0;0;POINT (13.37791564 52.47009272)
7;2021;10;13;7;2;2;6;0;0;1;0;0;0;0;0;POINT (13.37750425 52.43316969)
7;2021;11;17;3;3;2;1;1;0;1;0;0;0;0;1;POINT (13.36512274 52.47295892)
4;2021;9;10;2;3;3;6;0;0;1;0;1;0;0;0;POINT (13.28380968 52.50746264)
1;2021;4;12;2;3;2;6;0;0;1;0;0;0;1;0;POINT (13.36846485 52.50650666)
10;2021;4;13;3;3;5;2;0;0;1;0;0;0;0;0;POINT (13.5581744 52.56275196)
4;2021;6;12;1;3;6;4;0;1;0;1;0;0;0;0;POINT (13.29388922 52.51085172)
4;2021;10;18;7;3;0;1;2;0;0;0;1;0;0;0;POINT (13.22864122 52.50674067)
3;2021;6;15;2;3;5;2;0;1;1;0;0;0;0;0;POINT (13.39898821 52.57343045)
2;2021;8;10;2;3;2;6;0;0;1;0;1;0;0;0;POINT (13.44809096 52.52610829)
9;2021;9;6;3;3;5;3;0;1;1;0;0;0;0;0;POINT (13.47944987 52.4845046)
6;2021;2;11;2;2;2;6;0;0;1;0;0;0;0;0;POINT (13.1969956 52.41648102)
4;2021;6;8;4;3;2;6;0;0;1;0;0;0;0;1;POINT (13.33649249 52.47839438)
7;2021;9;13;3;2;2;6;0;0;0;0;1;0;1;0;POINT (13.35908686 52.48897854)
2;2021;10;10;7;3;5;2;0;0;1;0;0;0;0;0;POINT (13.45422929 52.51568645)
2;2021;8;15;3;3;5;3;0;1;0;0;0;0;0;0;POINT (13.45370173 52.51604902)
1;2021;7;17;7;3;0;1;0;0;0;0;1;0;0;0;POINT (13.37005341 52.53971626)
7;2021;10;15;4;3;6;4;0;0;1;1;0;0;0;1;POINT (13.3855131 52.44662081)
3;2021;12;21;7;2;9;1;2;0;1;0;0;0;0;1;POINT (13.39843348 52.5769232)
10;2021;5;13;1;3;2;6;0;0;1;0;1;0;0;0;POINT (13.561709 52.50867757)
2;2021;1;13;2;3;2;6;0;0;1;0;0;0;1;1;POINT (13.37730832 52.50150103)
7;2021;6;11;4;3;5;2;0;1;0;0;0;0;1;0;POINT (13.37711181 52.43233722)
6;2021;5;10;6;3;2;6;0;0;1;0;0;0;0;0;POINT (13.21465133 52.42752039)
10;2021;6;6;4;2;5;2;0;0;0;0;1;0;1;0;POINT (13.53690265 52.53015604)
2;2021;8;8;4;3;5;2;0;0;1;0;0;0;0;0;POINT (13.45375262 52.51589701)
4;2021;9;14;2;3;2;6;0;0;1;0;0;0;0;0;POINT (13.30653019 52.48017738)
7;2021;3;15;7;3;2;6;0;0;1;0;0;0;0;0;POINT (13.41958744 52.461058)
10;2021;7;20;5;3;5;3;0;1;1;0;0;0;0;0;POINT (13.60629112 52.50495334)
9;2021;9;19;3;3;5;2;2;1;1;0;0;0;0;1;POINT (13.45904954 52.49285035)
5;2021;11;17;5;2;4;6;1;0;1;0;0;0;0;0;POINT (13.16402825 52.5057667)
2;2021;8;10;2;2;3;6;0;1;0;0;0;0;0;0;POINT (13.38900556 52.49484111)
4;2021;4;17;7;3;6;2;0;0;1;1;0;0;0;0;POINT (13.29724781 52.51088039)
4;2021;3;16;3;3;6;2;0;0;1;1;0;0;0;1;POINT (13.29634478 52.51100814)
4;2021;1;1;5;3;9;1;2;0;1;0;0;0;0;0;POINT (13.28949592 52.49381321)
3;2021;1;20;7;3;3;6;2;0;1;0;0;0;0;1;POINT (13.42309463 52.52753402)
7;2021;1;14;6;3;2;6;0;0;1;0;0;0;0;1;POINT (13.35925879 52.47436651)
12;2021;1;14;1;3;5;3;0;0;1;0;0;0;1;1;POINT (13.31286818 52.6224611)